--
-- PostgreSQL database dump
--

-- Dumped from database version 16.2
-- Dumped by pg_dump version 16.2 (Ubuntu 16.2-1.pgdg22.04+1)

SET statement_timeout = 0;
SET lock_timeout = 0;
SET idle_in_transaction_session_timeout = 0;
SET client_encoding = 'UTF8';
SET standard_conforming_strings = on;
SELECT pg_catalog.set_config('search_path', '', false);
SET check_function_bodies = false;
SET xmloption = content;
SET client_min_messages = warning;
SET row_security = off;

--
-- Name: alignment; Type: TABLE; Schema: public; Owner: postgres
--

CREATE TABLE public.alignment (
    id bigint NOT NULL,
    sequence_id bigint,
    replicon_id bigint
);


ALTER TABLE public.alignment OWNER TO postgres;

--
-- Name: alignment2mutation; Type: TABLE; Schema: public; Owner: postgres
--

CREATE TABLE public.alignment2mutation (
    id bigint NOT NULL,
    alignment_id bigint NOT NULL,
    mutation_id bigint
);


ALTER TABLE public.alignment2mutation OWNER TO postgres;

--
-- Name: alignment2mutation_id_seq; Type: SEQUENCE; Schema: public; Owner: postgres
--

ALTER TABLE public.alignment2mutation ALTER COLUMN id ADD GENERATED BY DEFAULT AS IDENTITY (
    SEQUENCE NAME public.alignment2mutation_id_seq
    START WITH 1
    INCREMENT BY 1
    NO MINVALUE
    NO MAXVALUE
    CACHE 1
);


--
-- Name: alignment_id_seq; Type: SEQUENCE; Schema: public; Owner: postgres
--

ALTER TABLE public.alignment ALTER COLUMN id ADD GENERATED BY DEFAULT AS IDENTITY (
    SEQUENCE NAME public.alignment_id_seq
    START WITH 1
    INCREMENT BY 1
    NO MINVALUE
    NO MAXVALUE
    CACHE 1
);


--
-- Name: annotation_type; Type: TABLE; Schema: public; Owner: postgres
--

CREATE TABLE public.annotation_type (
    id bigint NOT NULL,
    seq_ontology character varying(50),
    region character varying(50),
    impact character varying(20)
);


ALTER TABLE public.annotation_type OWNER TO postgres;

--
-- Name: annotation_type_id_seq; Type: SEQUENCE; Schema: public; Owner: postgres
--

ALTER TABLE public.annotation_type ALTER COLUMN id ADD GENERATED BY DEFAULT AS IDENTITY (
    SEQUENCE NAME public.annotation_type_id_seq
    START WITH 1
    INCREMENT BY 1
    NO MINVALUE
    NO MAXVALUE
    CACHE 1
);


--
-- Name: auth_group; Type: TABLE; Schema: public; Owner: postgres
--

CREATE TABLE public.auth_group (
    id integer NOT NULL,
    name character varying(150) NOT NULL
);


ALTER TABLE public.auth_group OWNER TO postgres;

--
-- Name: auth_group_id_seq; Type: SEQUENCE; Schema: public; Owner: postgres
--

ALTER TABLE public.auth_group ALTER COLUMN id ADD GENERATED BY DEFAULT AS IDENTITY (
    SEQUENCE NAME public.auth_group_id_seq
    START WITH 1
    INCREMENT BY 1
    NO MINVALUE
    NO MAXVALUE
    CACHE 1
);


--
-- Name: auth_group_permissions; Type: TABLE; Schema: public; Owner: postgres
--

CREATE TABLE public.auth_group_permissions (
    id bigint NOT NULL,
    group_id integer NOT NULL,
    permission_id integer NOT NULL
);


ALTER TABLE public.auth_group_permissions OWNER TO postgres;

--
-- Name: auth_group_permissions_id_seq; Type: SEQUENCE; Schema: public; Owner: postgres
--

ALTER TABLE public.auth_group_permissions ALTER COLUMN id ADD GENERATED BY DEFAULT AS IDENTITY (
    SEQUENCE NAME public.auth_group_permissions_id_seq
    START WITH 1
    INCREMENT BY 1
    NO MINVALUE
    NO MAXVALUE
    CACHE 1
);


--
-- Name: auth_permission; Type: TABLE; Schema: public; Owner: postgres
--

CREATE TABLE public.auth_permission (
    id integer NOT NULL,
    name character varying(255) NOT NULL,
    content_type_id integer NOT NULL,
    codename character varying(100) NOT NULL
);


ALTER TABLE public.auth_permission OWNER TO postgres;

--
-- Name: auth_permission_id_seq; Type: SEQUENCE; Schema: public; Owner: postgres
--

ALTER TABLE public.auth_permission ALTER COLUMN id ADD GENERATED BY DEFAULT AS IDENTITY (
    SEQUENCE NAME public.auth_permission_id_seq
    START WITH 1
    INCREMENT BY 1
    NO MINVALUE
    NO MAXVALUE
    CACHE 1
);


--
-- Name: auth_user; Type: TABLE; Schema: public; Owner: postgres
--

CREATE TABLE public.auth_user (
    id integer NOT NULL,
    password character varying(128) NOT NULL,
    last_login timestamp with time zone,
    is_superuser boolean NOT NULL,
    username character varying(150) NOT NULL,
    first_name character varying(150) NOT NULL,
    last_name character varying(150) NOT NULL,
    email character varying(254) NOT NULL,
    is_staff boolean NOT NULL,
    is_active boolean NOT NULL,
    date_joined timestamp with time zone NOT NULL
);


ALTER TABLE public.auth_user OWNER TO postgres;

--
-- Name: auth_user_groups; Type: TABLE; Schema: public; Owner: postgres
--

CREATE TABLE public.auth_user_groups (
    id bigint NOT NULL,
    user_id integer NOT NULL,
    group_id integer NOT NULL
);


ALTER TABLE public.auth_user_groups OWNER TO postgres;

--
-- Name: auth_user_groups_id_seq; Type: SEQUENCE; Schema: public; Owner: postgres
--

ALTER TABLE public.auth_user_groups ALTER COLUMN id ADD GENERATED BY DEFAULT AS IDENTITY (
    SEQUENCE NAME public.auth_user_groups_id_seq
    START WITH 1
    INCREMENT BY 1
    NO MINVALUE
    NO MAXVALUE
    CACHE 1
);


--
-- Name: auth_user_id_seq; Type: SEQUENCE; Schema: public; Owner: postgres
--

ALTER TABLE public.auth_user ALTER COLUMN id ADD GENERATED BY DEFAULT AS IDENTITY (
    SEQUENCE NAME public.auth_user_id_seq
    START WITH 1
    INCREMENT BY 1
    NO MINVALUE
    NO MAXVALUE
    CACHE 1
);


--
-- Name: auth_user_user_permissions; Type: TABLE; Schema: public; Owner: postgres
--

CREATE TABLE public.auth_user_user_permissions (
    id bigint NOT NULL,
    user_id integer NOT NULL,
    permission_id integer NOT NULL
);


ALTER TABLE public.auth_user_user_permissions OWNER TO postgres;

--
-- Name: auth_user_user_permissions_id_seq; Type: SEQUENCE; Schema: public; Owner: postgres
--

ALTER TABLE public.auth_user_user_permissions ALTER COLUMN id ADD GENERATED BY DEFAULT AS IDENTITY (
    SEQUENCE NAME public.auth_user_user_permissions_id_seq
    START WITH 1
    INCREMENT BY 1
    NO MINVALUE
    NO MAXVALUE
    CACHE 1
);


--
-- Name: gene; Type: TABLE; Schema: public; Owner: postgres
--

CREATE TABLE public.gene (
    id bigint NOT NULL,
    description character varying(100),
    start bigint,
    "end" bigint,
    strand bigint,
    gene_symbol character varying(50),
    gene_accession character varying(50),
    gene_sequence text,
    cds_sequence text,
    replicon_id bigint,
    cds_accession character varying(50),
    cds_symbol character varying(50)
);


ALTER TABLE public.gene OWNER TO postgres;

--
-- Name: child_element_id_seq; Type: SEQUENCE; Schema: public; Owner: postgres
--

ALTER TABLE public.gene ALTER COLUMN id ADD GENERATED BY DEFAULT AS IDENTITY (
    SEQUENCE NAME public.child_element_id_seq
    START WITH 1
    INCREMENT BY 1
    NO MINVALUE
    NO MAXVALUE
    CACHE 1
);


--
-- Name: django_admin_log; Type: TABLE; Schema: public; Owner: postgres
--

CREATE TABLE public.django_admin_log (
    id integer NOT NULL,
    action_time timestamp with time zone NOT NULL,
    object_id text,
    object_repr character varying(200) NOT NULL,
    action_flag smallint NOT NULL,
    change_message text NOT NULL,
    content_type_id integer,
    user_id integer NOT NULL,
    CONSTRAINT django_admin_log_action_flag_check CHECK ((action_flag >= 0))
);


ALTER TABLE public.django_admin_log OWNER TO postgres;

--
-- Name: django_admin_log_id_seq; Type: SEQUENCE; Schema: public; Owner: postgres
--

ALTER TABLE public.django_admin_log ALTER COLUMN id ADD GENERATED BY DEFAULT AS IDENTITY (
    SEQUENCE NAME public.django_admin_log_id_seq
    START WITH 1
    INCREMENT BY 1
    NO MINVALUE
    NO MAXVALUE
    CACHE 1
);


--
-- Name: django_apscheduler_djangojob; Type: TABLE; Schema: public; Owner: postgres
--

CREATE TABLE public.django_apscheduler_djangojob (
    id character varying(255) NOT NULL,
    next_run_time timestamp with time zone,
    job_state bytea NOT NULL
);


ALTER TABLE public.django_apscheduler_djangojob OWNER TO postgres;

--
-- Name: django_apscheduler_djangojobexecution; Type: TABLE; Schema: public; Owner: postgres
--

CREATE TABLE public.django_apscheduler_djangojobexecution (
    id bigint NOT NULL,
    status character varying(50) NOT NULL,
    run_time timestamp with time zone NOT NULL,
    duration numeric(15,2),
    finished numeric(15,2),
    exception character varying(1000),
    traceback text,
    job_id character varying(255) NOT NULL
);


ALTER TABLE public.django_apscheduler_djangojobexecution OWNER TO postgres;

--
-- Name: django_apscheduler_djangojobexecution_id_seq; Type: SEQUENCE; Schema: public; Owner: postgres
--

ALTER TABLE public.django_apscheduler_djangojobexecution ALTER COLUMN id ADD GENERATED BY DEFAULT AS IDENTITY (
    SEQUENCE NAME public.django_apscheduler_djangojobexecution_id_seq
    START WITH 1
    INCREMENT BY 1
    NO MINVALUE
    NO MAXVALUE
    CACHE 1
);


--
-- Name: django_content_type; Type: TABLE; Schema: public; Owner: postgres
--

CREATE TABLE public.django_content_type (
    id integer NOT NULL,
    app_label character varying(100) NOT NULL,
    model character varying(100) NOT NULL
);


ALTER TABLE public.django_content_type OWNER TO postgres;

--
-- Name: django_content_type_id_seq; Type: SEQUENCE; Schema: public; Owner: postgres
--

ALTER TABLE public.django_content_type ALTER COLUMN id ADD GENERATED BY DEFAULT AS IDENTITY (
    SEQUENCE NAME public.django_content_type_id_seq
    START WITH 1
    INCREMENT BY 1
    NO MINVALUE
    NO MAXVALUE
    CACHE 1
);


--
-- Name: django_migrations; Type: TABLE; Schema: public; Owner: postgres
--

CREATE TABLE public.django_migrations (
    id bigint NOT NULL,
    app character varying(255) NOT NULL,
    name character varying(255) NOT NULL,
    applied timestamp with time zone NOT NULL
);


ALTER TABLE public.django_migrations OWNER TO postgres;

--
-- Name: django_migrations_id_seq; Type: SEQUENCE; Schema: public; Owner: postgres
--

ALTER TABLE public.django_migrations ALTER COLUMN id ADD GENERATED BY DEFAULT AS IDENTITY (
    SEQUENCE NAME public.django_migrations_id_seq
    START WITH 1
    INCREMENT BY 1
    NO MINVALUE
    NO MAXVALUE
    CACHE 1
);


--
-- Name: django_session; Type: TABLE; Schema: public; Owner: postgres
--

CREATE TABLE public.django_session (
    session_key character varying(40) NOT NULL,
    session_data text NOT NULL,
    expire_date timestamp with time zone NOT NULL
);


ALTER TABLE public.django_session OWNER TO postgres;

--
-- Name: file_processing; Type: TABLE; Schema: public; Owner: postgres
--

CREATE TABLE public.file_processing (
    id bigint NOT NULL,
    file_name character varying(255) NOT NULL,
    processing_job_id bigint NOT NULL
);


ALTER TABLE public.file_processing OWNER TO postgres;

--
-- Name: file_processing_id_seq; Type: SEQUENCE; Schema: public; Owner: postgres
--

ALTER TABLE public.file_processing ALTER COLUMN id ADD GENERATED BY DEFAULT AS IDENTITY (
    SEQUENCE NAME public.file_processing_id_seq
    START WITH 1
    INCREMENT BY 1
    NO MINVALUE
    NO MAXVALUE
    CACHE 1
);


--
-- Name: gene_segment; Type: TABLE; Schema: public; Owner: postgres
--

CREATE TABLE public.gene_segment (
    id bigint NOT NULL,
    start bigint NOT NULL,
    "end" bigint NOT NULL,
    strand bigint NOT NULL,
    base double precision NOT NULL,
    segment bigint NOT NULL,
    gene_id bigint
);


ALTER TABLE public.gene_segment OWNER TO postgres;

--
-- Name: gene_part_id_seq; Type: SEQUENCE; Schema: public; Owner: postgres
--

ALTER TABLE public.gene_segment ALTER COLUMN id ADD GENERATED BY DEFAULT AS IDENTITY (
    SEQUENCE NAME public.gene_part_id_seq
    START WITH 1
    INCREMENT BY 1
    NO MINVALUE
    NO MAXVALUE
    CACHE 1
);


--
-- Name: import_log; Type: TABLE; Schema: public; Owner: postgres
--

CREATE TABLE public.import_log (
    id bigint NOT NULL,
    type character varying(3) NOT NULL,
    file_id character varying(255) NOT NULL,
    updated timestamp with time zone NOT NULL,
    success boolean NOT NULL,
    exception_text text,
    stack_trace text
);


ALTER TABLE public.import_log OWNER TO postgres;

--
-- Name: import_log_id_seq; Type: SEQUENCE; Schema: public; Owner: postgres
--

ALTER TABLE public.import_log ALTER COLUMN id ADD GENERATED BY DEFAULT AS IDENTITY (
    SEQUENCE NAME public.import_log_id_seq
    START WITH 1
    INCREMENT BY 1
    NO MINVALUE
    NO MAXVALUE
    CACHE 1
);


--
-- Name: lineage; Type: TABLE; Schema: public; Owner: postgres
--

CREATE TABLE public.lineage (
    id bigint NOT NULL,
    prefixed_alias character varying(50),
    lineage character varying(100) NOT NULL
);


ALTER TABLE public.lineage OWNER TO postgres;

--
-- Name: lineage_alias; Type: TABLE; Schema: public; Owner: postgres
--

CREATE TABLE public.lineage_alias (
    id bigint NOT NULL,
    alias character varying(50) NOT NULL,
    parent_alias character varying(50),
    lineage_id bigint
);


ALTER TABLE public.lineage_alias OWNER TO postgres;

--
-- Name: lineage_alias_id_seq; Type: SEQUENCE; Schema: public; Owner: postgres
--

ALTER TABLE public.lineage_alias ALTER COLUMN id ADD GENERATED BY DEFAULT AS IDENTITY (
    SEQUENCE NAME public.lineage_alias_id_seq
    START WITH 1
    INCREMENT BY 1
    NO MINVALUE
    NO MAXVALUE
    CACHE 1
);


--
-- Name: lineage_id_seq; Type: SEQUENCE; Schema: public; Owner: postgres
--

ALTER TABLE public.lineage ALTER COLUMN id ADD GENERATED BY DEFAULT AS IDENTITY (
    SEQUENCE NAME public.lineage_id_seq
    START WITH 1
    INCREMENT BY 1
    NO MINVALUE
    NO MAXVALUE
    CACHE 1
);


--
-- Name: mutation; Type: TABLE; Schema: public; Owner: postgres
--

CREATE TABLE public.mutation (
    id bigint NOT NULL,
    ref text,
    alt text,
    start bigint,
    "end" bigint,
    parent_id bigint,
    gene_id bigint,
    type character varying(50),
    replicon_id bigint
);


ALTER TABLE public.mutation OWNER TO postgres;

--
-- Name: mutation2annotation; Type: TABLE; Schema: public; Owner: postgres
--

CREATE TABLE public.mutation2annotation (
    id bigint NOT NULL,
    alignment_id bigint NOT NULL,
    annotation_id bigint NOT NULL,
    mutation_id bigint NOT NULL
);


ALTER TABLE public.mutation2annotation OWNER TO postgres;

--
-- Name: mutation2annotation_id_seq; Type: SEQUENCE; Schema: public; Owner: postgres
--

ALTER TABLE public.mutation2annotation ALTER COLUMN id ADD GENERATED BY DEFAULT AS IDENTITY (
    SEQUENCE NAME public.mutation2annotation_id_seq
    START WITH 1
    INCREMENT BY 1
    NO MINVALUE
    NO MAXVALUE
    CACHE 1
);


--
-- Name: mutation_id_seq; Type: SEQUENCE; Schema: public; Owner: postgres
--

ALTER TABLE public.mutation ALTER COLUMN id ADD GENERATED BY DEFAULT AS IDENTITY (
    SEQUENCE NAME public.mutation_id_seq
    START WITH 1
    INCREMENT BY 1
    NO MINVALUE
    NO MAXVALUE
    CACHE 1
);


--
-- Name: processing_job; Type: TABLE; Schema: public; Owner: postgres
--

CREATE TABLE public.processing_job (
    id bigint NOT NULL,
    job_name character varying(255) NOT NULL,
    status character varying(2) NOT NULL,
    entry_time timestamp with time zone NOT NULL
);


ALTER TABLE public.processing_job OWNER TO postgres;

--
-- Name: processing_job_id_seq; Type: SEQUENCE; Schema: public; Owner: postgres
--

ALTER TABLE public.processing_job ALTER COLUMN id ADD GENERATED BY DEFAULT AS IDENTITY (
    SEQUENCE NAME public.processing_job_id_seq
    START WITH 1
    INCREMENT BY 1
    NO MINVALUE
    NO MAXVALUE
    CACHE 1
);


--
-- Name: property; Type: TABLE; Schema: public; Owner: postgres
--

CREATE TABLE public.property (
    id bigint NOT NULL,
    name character varying(50) NOT NULL,
    datatype character varying(50) NOT NULL,
    querytype character varying(50),
    description character varying(400),
    target character varying(50),
    standard character varying(50)
);


ALTER TABLE public.property OWNER TO postgres;

--
-- Name: property_id_seq; Type: SEQUENCE; Schema: public; Owner: postgres
--

ALTER TABLE public.property ALTER COLUMN id ADD GENERATED BY DEFAULT AS IDENTITY (
    SEQUENCE NAME public.property_id_seq
    START WITH 1
    INCREMENT BY 1
    NO MINVALUE
    NO MAXVALUE
    CACHE 1
);


--
-- Name: reference; Type: TABLE; Schema: public; Owner: postgres
--

CREATE TABLE public.reference (
    id bigint NOT NULL,
    accession character varying(50),
    description character varying(400),
    organism character varying(50),
    collection_date date,
    country character varying(50),
    db_xref character varying(50),
    host character varying(50),
    isolate character varying(50),
    mol_type character varying(50),
    name character varying(50),
    translation_id integer NOT NULL
);


ALTER TABLE public.reference OWNER TO postgres;

--
-- Name: reference_id_seq; Type: SEQUENCE; Schema: public; Owner: postgres
--

ALTER TABLE public.reference ALTER COLUMN id ADD GENERATED BY DEFAULT AS IDENTITY (
    SEQUENCE NAME public.reference_id_seq
    START WITH 1
    INCREMENT BY 1
    NO MINVALUE
    NO MAXVALUE
    CACHE 1
);


--
-- Name: replicon; Type: TABLE; Schema: public; Owner: postgres
--

CREATE TABLE public.replicon (
    id bigint NOT NULL,
    length bigint,
    sequence text,
    accession character varying(50),
    description character varying(400),
    type character varying(50),
    segment_number bigint,
    reference_id bigint
);


ALTER TABLE public.replicon OWNER TO postgres;

--
-- Name: replicon_id_seq; Type: SEQUENCE; Schema: public; Owner: postgres
--

ALTER TABLE public.replicon ALTER COLUMN id ADD GENERATED BY DEFAULT AS IDENTITY (
    SEQUENCE NAME public.replicon_id_seq
    START WITH 1
    INCREMENT BY 1
    NO MINVALUE
    NO MAXVALUE
    CACHE 1
);


--
-- Name: sample; Type: TABLE; Schema: public; Owner: postgres
--

CREATE TABLE public.sample (
    id bigint NOT NULL,
    name character varying(100),
    datahash character varying(50),
    sequence_id bigint,
    collection_date date,
    country character varying(50),
    genome_completeness character varying(50),
    host character varying(50),
    lab character varying(50),
    length integer,
    lineage character varying(50),
    sequencing_tech character varying(50),
    zip_code character varying(50),
    init_upload_date timestamp with time zone NOT NULL,
    last_update_date timestamp with time zone
);


ALTER TABLE public.sample OWNER TO postgres;

--
-- Name: sample2property; Type: TABLE; Schema: public; Owner: postgres
--

CREATE TABLE public.sample2property (
    id bigint NOT NULL,
    value_integer bigint,
    value_float double precision,
    value_text text,
    value_varchar character varying(400),
    value_blob bytea,
    value_date date,
    value_zip character varying(100),
    property_id bigint NOT NULL,
    sample_id bigint NOT NULL
);


ALTER TABLE public.sample2property OWNER TO postgres;

--
-- Name: sample2property_id_seq; Type: SEQUENCE; Schema: public; Owner: postgres
--

ALTER TABLE public.sample2property ALTER COLUMN id ADD GENERATED BY DEFAULT AS IDENTITY (
    SEQUENCE NAME public.sample2property_id_seq
    START WITH 1
    INCREMENT BY 1
    NO MINVALUE
    NO MAXVALUE
    CACHE 1
);


--
-- Name: sample_id_seq; Type: SEQUENCE; Schema: public; Owner: postgres
--

ALTER TABLE public.sample ALTER COLUMN id ADD GENERATED BY DEFAULT AS IDENTITY (
    SEQUENCE NAME public.sample_id_seq
    START WITH 1
    INCREMENT BY 1
    NO MINVALUE
    NO MAXVALUE
    CACHE 1
);


--
-- Name: sequence; Type: TABLE; Schema: public; Owner: postgres
--

CREATE TABLE public.sequence (
    id bigint NOT NULL,
    seqhash character varying(200) NOT NULL
);


ALTER TABLE public.sequence OWNER TO postgres;

--
-- Name: sequence_id_seq; Type: SEQUENCE; Schema: public; Owner: postgres
--

ALTER TABLE public.sequence ALTER COLUMN id ADD GENERATED BY DEFAULT AS IDENTITY (
    SEQUENCE NAME public.sequence_id_seq
    START WITH 1
    INCREMENT BY 1
    NO MINVALUE
    NO MAXVALUE
    CACHE 1
);


--
-- Data for Name: alignment; Type: TABLE DATA; Schema: public; Owner: postgres
--

COPY public.alignment (id, sequence_id, replicon_id) FROM stdin;
1	1	1
2	2	1
3	3	1
4	4	1
5	5	1
6	6	1
7	7	1
8	8	1
9	9	1
10	10	1
11	11	1
12	12	1
\.


--
-- Data for Name: alignment2mutation; Type: TABLE DATA; Schema: public; Owner: postgres
--

COPY public.alignment2mutation (id, alignment_id, mutation_id) FROM stdin;
1	1	1
2	1	2
3	1	3
4	1	4
5	1	5
6	1	6
7	1	7
8	1	8
9	1	9
10	1	10
11	1	11
12	1	12
13	1	13
14	1	14
15	1	15
16	1	16
17	1	17
18	1	18
19	1	19
20	1	20
21	1	21
22	1	22
23	1	23
24	1	24
25	1	25
26	1	26
27	1	27
28	1	28
29	1	29
30	1	30
31	1	31
32	1	32
33	1	33
34	1	34
35	1	35
36	1	36
37	1	37
38	1	38
39	1	39
40	1	40
41	1	41
42	1	42
43	1	43
44	1	44
45	1	45
46	1	46
47	1	47
48	1	48
49	1	49
50	1	50
51	1	51
52	1	52
53	1	53
54	1	54
55	1	55
56	1	56
57	1	57
58	1	58
59	1	59
60	1	60
61	1	61
62	1	62
63	1	63
64	1	64
65	1	65
66	1	66
67	1	67
68	1	68
69	1	69
70	1	70
71	1	71
72	1	72
73	1	73
74	1	74
75	1	75
76	1	76
77	1	77
78	1	78
79	1	79
80	1	80
81	1	81
82	1	82
83	1	83
84	1	84
85	1	85
86	1	86
87	1	87
88	1	88
89	1	89
90	1	90
91	1	91
92	1	92
93	1	93
94	1	94
95	1	95
96	1	96
97	1	97
98	1	98
99	1	99
100	1	100
101	1	101
102	1	102
103	1	103
104	1	104
105	1	105
106	1	106
107	1	107
108	1	108
109	1	109
110	1	110
111	1	111
112	1	112
113	1	113
114	1	114
115	1	115
116	1	116
117	1	117
118	1	118
119	1	119
120	1	120
121	1	121
122	1	122
123	1	123
124	1	124
125	1	125
126	1	126
127	1	127
128	1	128
129	1	129
130	1	130
131	1	131
132	1	132
133	1	133
134	1	134
135	1	135
136	1	136
137	1	137
138	1	138
139	1	139
140	1	140
141	1	141
142	1	142
143	1	143
144	1	144
145	1	145
146	1	146
147	1	147
148	1	148
149	1	149
150	1	150
151	1	151
152	1	152
153	1	153
154	1	154
155	1	155
156	1	156
157	1	157
158	1	158
159	1	159
160	1	160
161	1	161
162	1	162
163	1	163
164	1	164
165	1	165
166	1	166
167	1	167
168	1	168
169	1	169
170	1	170
171	1	171
172	1	172
173	1	173
174	1	174
175	1	175
176	1	176
177	1	177
178	1	178
179	1	179
180	1	180
181	1	181
182	1	182
183	1	183
184	1	184
185	1	185
186	1	186
187	1	187
188	1	188
189	1	189
190	1	190
191	1	191
192	1	192
193	1	193
194	1	194
195	1	195
196	1	196
197	1	197
198	1	198
199	1	199
200	1	200
201	1	201
202	1	202
203	1	203
204	1	204
205	1	205
206	1	206
207	1	207
208	1	208
209	1	209
210	1	210
211	1	211
212	1	212
213	1	213
214	1	214
215	1	215
216	1	216
217	1	217
218	1	218
219	1	219
220	1	220
221	1	221
222	1	222
223	1	223
224	1	224
225	1	225
226	1	226
227	1	227
228	1	228
229	1	229
230	1	230
231	1	231
232	1	232
233	1	233
234	1	234
235	1	235
236	1	236
237	1	237
238	1	238
239	1	239
240	1	240
241	1	241
242	1	242
243	1	243
244	1	244
245	1	245
246	1	246
247	1	247
248	1	248
249	1	249
250	1	250
251	1	251
252	1	252
253	1	253
254	1	254
255	1	255
256	1	256
257	1	257
258	1	258
259	1	259
260	1	260
261	1	261
262	1	262
263	1	263
264	1	264
265	1	265
266	1	266
267	1	267
268	1	268
269	1	269
270	1	270
271	1	271
272	1	272
273	1	273
274	1	274
275	1	275
276	1	276
277	1	277
278	1	278
279	1	279
280	1	280
281	1	281
282	1	282
283	1	283
284	1	284
285	1	285
286	1	286
287	1	287
288	1	288
289	1	289
290	1	290
291	1	291
292	1	292
293	1	293
294	1	294
295	1	295
296	1	296
297	1	297
298	1	298
299	1	299
300	1	300
301	1	301
302	1	302
303	1	303
304	1	304
305	1	305
306	1	306
307	1	307
308	1	308
309	1	309
310	1	310
311	1	311
312	1	312
313	1	313
314	1	314
315	1	315
316	1	316
317	1	317
318	1	318
319	1	319
320	1	320
321	1	321
322	1	322
323	1	323
324	1	324
325	1	325
326	1	326
327	1	327
328	1	328
329	1	329
330	1	330
331	1	331
332	1	332
333	1	333
334	1	334
335	1	335
336	1	336
337	1	337
338	1	338
339	1	339
340	1	340
341	1	341
342	1	342
343	1	343
344	1	344
345	1	345
346	1	346
347	1	347
348	1	348
349	1	349
350	1	350
351	1	351
352	1	352
353	1	353
354	1	354
355	1	355
356	1	356
357	1	357
358	1	358
359	1	359
360	1	360
361	1	361
362	1	362
363	1	363
364	1	364
365	1	365
366	1	366
367	1	367
368	1	368
369	1	369
370	1	370
371	1	371
372	1	372
373	1	373
374	1	374
375	1	375
376	1	376
377	1	377
378	1	378
379	1	379
380	1	380
381	1	381
382	1	382
383	1	383
384	1	384
385	1	385
386	1	386
387	1	387
388	1	388
389	1	389
390	1	390
391	1	391
392	1	392
393	1	393
394	1	394
395	1	395
396	1	396
397	1	397
398	1	398
399	1	399
400	1	400
401	1	401
402	1	402
403	1	403
404	1	404
405	1	405
406	1	406
407	1	407
408	1	408
409	1	409
410	1	410
411	1	411
412	1	412
413	1	413
414	1	414
415	1	415
416	1	416
417	1	417
418	1	418
419	1	419
420	1	420
421	1	421
422	1	422
423	1	423
424	1	424
425	1	425
426	1	426
427	1	427
428	1	428
429	1	429
430	1	430
431	1	431
432	1	432
433	1	433
434	1	434
435	1	435
436	1	436
437	1	437
438	1	438
439	1	439
440	1	440
441	1	441
442	1	442
443	1	443
444	1	444
445	1	445
446	1	446
447	1	447
448	1	448
449	1	449
450	1	450
451	1	451
452	1	452
453	1	453
454	1	454
455	1	455
456	1	456
457	1	457
458	1	458
459	1	459
460	1	460
461	1	461
462	1	462
463	1	463
464	1	464
465	1	465
466	1	466
467	1	467
468	1	468
469	1	469
470	1	470
471	1	471
472	1	472
473	1	473
474	1	474
475	1	475
476	1	476
477	1	477
478	1	478
479	1	479
480	1	480
481	1	481
482	1	482
483	1	483
484	1	484
485	1	485
486	1	486
487	1	487
488	1	488
489	1	489
490	1	490
491	1	491
492	1	492
493	1	493
494	1	494
495	1	495
496	1	496
497	1	497
498	1	498
499	1	499
500	1	500
501	1	501
502	1	502
503	1	503
504	1	504
505	1	505
506	1	506
507	1	507
508	1	508
509	1	509
510	1	510
511	1	511
512	1	512
513	1	513
514	1	514
515	1	515
516	1	516
517	1	517
518	1	518
519	1	519
520	1	520
521	1	521
522	1	522
523	1	523
524	1	524
525	1	525
526	1	526
527	1	527
528	1	528
529	1	529
530	1	530
531	1	531
532	1	532
533	1	533
534	1	534
535	1	535
536	1	536
537	1	537
538	1	538
539	1	539
540	1	540
541	1	541
542	1	542
543	1	543
544	1	544
545	1	545
546	1	546
547	1	547
548	1	548
549	1	549
550	1	550
551	1	551
552	1	552
553	1	553
554	1	554
555	1	555
556	1	556
557	1	557
558	1	558
559	1	559
560	1	560
561	1	561
562	1	562
563	1	563
564	1	564
565	1	565
566	1	566
567	1	567
568	1	568
569	1	569
570	1	570
571	1	571
572	1	572
573	1	573
574	1	574
575	1	575
576	1	576
577	1	577
578	1	578
579	1	579
580	1	580
581	1	581
582	1	582
583	1	583
584	1	584
585	1	585
586	1	586
587	1	587
588	1	588
589	1	589
590	1	590
591	1	591
592	1	592
593	1	593
594	1	594
595	1	595
596	1	596
597	1	597
598	1	598
599	1	599
600	1	600
601	1	601
602	1	602
603	1	603
604	1	604
605	1	605
606	1	606
607	1	607
608	1	608
609	1	609
610	1	610
611	1	611
612	1	612
613	1	613
614	1	614
615	1	615
616	1	616
617	1	617
618	1	618
619	1	619
620	1	620
621	1	621
622	1	622
623	1	623
624	1	624
625	1	625
626	1	626
627	1	627
628	1	628
629	1	629
630	1	630
631	1	631
632	1	632
633	1	633
634	1	634
635	1	635
636	1	636
637	1	637
638	1	638
639	1	639
640	1	640
641	1	641
642	1	642
643	1	643
644	1	644
645	1	645
646	1	646
647	1	647
648	1	648
649	1	649
650	1	650
651	1	651
652	1	652
653	1	653
654	1	654
655	1	655
656	1	656
657	1	657
658	1	658
659	1	659
660	1	660
661	1	661
662	1	662
663	1	663
664	1	664
665	1	665
666	1	666
667	1	667
668	1	668
669	1	669
670	1	670
671	1	671
672	1	672
673	1	673
674	1	674
675	1	675
676	1	676
677	1	677
678	1	678
679	1	679
680	1	680
681	1	681
682	1	682
683	1	683
684	1	684
685	1	685
686	1	686
687	1	687
688	1	688
689	1	689
690	1	690
691	1	691
692	1	692
693	1	693
694	1	694
695	1	695
696	1	696
697	1	697
698	1	698
699	1	699
700	1	700
701	1	701
702	1	702
703	1	703
704	1	704
705	1	705
706	1	706
707	1	707
708	1	708
709	1	709
710	1	710
711	1	711
712	2	3
713	2	5
714	2	15
715	2	20
716	2	36
717	2	96
718	2	97
719	2	98
720	2	99
721	2	100
722	2	101
723	2	102
724	2	103
725	2	104
726	2	105
727	2	106
728	2	107
729	2	108
730	2	109
731	2	110
732	2	111
733	2	112
734	2	113
735	2	114
736	2	115
737	2	116
738	2	117
739	2	118
740	2	119
741	2	120
742	2	121
743	2	122
744	2	123
745	2	124
746	2	125
747	2	126
748	2	127
749	2	128
750	2	129
751	2	130
752	2	131
753	2	132
754	2	133
755	2	134
756	2	135
757	2	136
758	2	137
759	2	138
760	2	139
761	2	140
762	2	141
763	2	142
764	2	143
765	2	144
766	2	145
767	2	146
768	2	147
769	2	148
770	2	149
771	2	150
772	2	151
773	2	152
774	2	153
775	2	154
776	2	155
777	2	156
778	2	157
779	2	158
780	2	159
781	2	160
782	2	161
783	2	162
784	2	163
785	2	164
786	2	165
787	2	166
788	2	167
789	2	168
790	2	169
791	2	170
792	2	171
793	2	172
794	2	173
795	2	174
796	2	175
797	2	176
798	2	177
799	2	178
800	2	179
801	2	180
802	2	183
803	2	184
804	2	185
805	2	334
806	2	335
807	2	336
808	2	337
809	2	338
810	2	339
811	2	340
812	2	341
813	2	342
814	2	343
815	2	534
816	2	537
817	2	550
818	2	574
819	2	575
820	2	576
821	2	577
822	2	578
823	2	579
824	2	580
825	2	581
826	2	582
827	2	583
828	2	584
829	2	585
830	2	586
831	2	587
832	2	588
833	2	589
834	2	590
835	2	591
836	2	592
837	2	593
838	2	594
839	2	595
840	2	596
841	2	597
842	2	598
843	2	599
844	2	600
845	2	601
846	2	602
847	2	603
848	2	712
849	2	714
850	2	715
851	2	716
852	2	717
853	2	718
854	2	719
855	2	720
856	2	721
857	2	722
858	2	723
859	2	724
860	2	725
861	2	726
862	2	727
863	2	728
864	2	729
865	2	730
866	2	731
867	2	732
868	2	733
869	2	734
870	2	735
871	2	736
872	2	737
873	2	738
874	2	739
875	2	740
876	2	741
877	2	742
878	2	743
879	2	744
880	2	745
881	2	746
882	2	747
883	2	748
884	2	749
885	2	750
886	2	751
887	2	752
888	2	754
889	2	755
890	2	756
891	2	757
892	2	758
893	2	759
894	2	760
895	2	761
896	2	762
897	2	763
898	2	764
899	2	765
900	2	766
901	2	767
902	2	768
903	2	769
904	2	770
905	2	771
906	2	772
907	2	773
908	2	774
909	2	775
910	2	776
911	2	777
912	2	778
913	2	779
914	2	780
915	2	781
916	2	782
917	2	783
918	2	784
919	2	785
920	2	786
921	2	787
922	2	788
923	2	789
924	2	790
925	2	791
926	2	792
927	2	793
928	2	794
929	2	795
930	2	796
931	2	797
932	2	799
933	2	800
934	2	801
935	2	802
936	2	804
937	2	805
938	2	806
939	2	807
940	2	808
941	2	809
942	2	810
943	2	811
944	2	812
945	2	813
946	2	814
947	2	815
948	2	816
949	2	817
950	2	818
951	2	819
952	2	820
953	2	821
954	2	822
955	2	823
956	2	824
957	2	825
958	2	826
959	2	827
960	2	828
961	2	829
962	2	830
963	2	831
964	2	832
965	2	833
966	2	834
967	2	835
968	2	836
969	2	837
970	2	838
971	2	839
972	2	840
973	2	841
974	2	842
975	2	843
976	2	844
977	2	845
978	2	846
979	2	847
980	2	848
981	2	849
982	2	850
983	2	851
984	2	852
985	2	853
986	2	854
987	2	855
988	2	856
989	2	857
990	2	858
991	2	859
992	2	860
993	2	861
994	2	862
995	2	863
996	2	864
997	2	865
998	2	866
999	2	867
1000	2	868
1001	2	869
1002	2	870
1003	2	871
1004	2	872
1005	2	873
1006	2	874
1007	2	875
1008	2	876
1009	2	877
1010	2	878
1011	2	879
1012	2	880
1013	2	881
1014	2	882
1015	2	883
1016	2	884
1017	2	885
1018	2	886
1019	2	887
1020	2	888
1021	2	889
1022	2	890
1023	2	891
1024	2	892
1025	2	893
1026	2	894
1027	2	895
1028	2	896
1029	2	897
1030	2	898
1031	2	899
1032	2	900
1033	2	901
1034	2	902
1035	2	903
1036	2	904
1037	2	905
1038	2	906
1039	2	907
1040	2	908
1041	2	909
1042	2	910
1043	2	911
1044	2	912
1045	2	913
1046	2	914
1047	2	915
1048	2	916
1049	2	917
1050	2	918
1051	2	919
1052	2	920
1053	2	921
1054	2	922
1055	2	923
1056	2	924
1057	2	925
1058	2	926
1059	2	927
1060	2	928
1061	2	929
1062	2	930
1063	2	931
1064	2	932
1065	2	933
1066	2	934
1067	2	935
1068	2	936
1069	2	937
1070	2	938
1071	2	939
1072	2	940
1073	2	941
1074	2	942
1075	2	943
1076	2	944
1077	2	945
1078	2	946
1079	2	947
1080	2	948
1081	2	949
1082	2	950
1083	2	951
1084	2	952
1085	2	953
1086	2	954
1087	2	955
1088	2	956
1089	2	957
1090	2	958
1091	2	959
1092	2	960
1093	2	961
1094	2	962
1095	2	963
1096	2	964
1097	2	965
1098	2	966
1099	2	967
1100	2	968
1101	2	969
1102	2	970
1103	2	971
1104	2	972
1105	2	973
1106	2	974
1107	2	975
1108	2	976
1109	2	977
1110	2	978
1111	2	979
1112	2	980
1113	2	981
1114	2	982
1115	2	983
1116	2	984
1117	2	985
1118	2	986
1119	2	987
1120	2	988
1121	2	989
1122	2	990
1123	2	991
1124	2	992
1125	2	993
1126	2	994
1127	2	995
1128	2	996
1129	2	997
1130	2	998
1131	2	999
1132	2	1000
1133	2	1001
1134	2	1002
1135	2	1003
1136	2	1004
1137	2	1005
1138	2	1006
1139	2	1007
1140	2	1008
1141	2	1009
1142	2	1010
1143	2	1011
1144	2	1012
1145	2	1013
1146	2	1014
1147	2	1015
1148	2	1016
1149	2	1017
1150	2	1018
1151	2	1019
1152	2	1020
1153	2	1021
1154	2	1022
1155	2	1023
1156	2	1024
1157	2	1025
1158	2	1026
1159	2	1027
1160	2	1028
1161	2	1029
1162	2	1030
1163	2	1031
1164	2	1032
1165	2	1033
1166	2	1034
1167	2	1035
1168	2	1036
1169	2	1037
1170	2	1038
1171	2	1039
1172	2	1040
1173	2	1041
1174	2	1042
1175	2	1043
1176	2	1044
1177	2	1045
1178	2	1046
1179	2	1047
1180	2	1048
1181	2	1049
1182	2	1050
1183	2	1051
1184	2	1052
1185	2	1053
1186	2	1054
1187	2	1055
1188	2	1056
1189	2	1057
1190	2	1058
1191	2	1059
1192	2	1060
1193	2	1061
1194	2	1062
1195	2	1063
1196	2	1064
1197	2	1065
1198	2	1066
1199	2	1067
1200	2	1068
1201	2	1069
1202	2	1070
1203	2	1071
1204	2	1072
1205	2	1073
1206	2	1074
1207	2	1075
1208	2	1076
1209	2	1077
1210	2	1078
1211	2	1079
1212	2	1080
1213	2	1081
1214	2	1082
1215	2	1083
1216	2	1084
1217	2	1085
1218	2	1086
1219	2	1087
1220	2	1088
1221	2	1089
1222	2	1090
1223	2	1091
1224	2	1092
1225	2	1093
1226	2	1094
1227	2	1095
1228	2	1096
1229	2	1097
1230	2	1098
1231	2	1099
1232	2	1100
1233	2	1101
1234	2	1102
1235	2	1103
1236	2	1104
1237	2	1105
1238	2	1106
1239	2	1107
1240	2	1108
1241	2	1109
1242	2	1110
1243	2	1111
1244	2	1112
1245	2	1113
1246	2	1114
1247	2	1115
1248	2	1116
1249	2	1117
1250	2	1118
1251	2	1119
1252	2	1120
1253	2	1121
1254	2	1122
1255	2	1123
1256	2	1124
1257	2	1125
1258	2	1126
1259	2	1127
1260	2	1128
1261	2	1129
1262	2	1130
1263	2	1131
1264	2	1132
1265	2	1133
1266	2	1134
1267	2	1135
1268	2	1136
1269	2	1137
1270	2	1138
1271	2	1139
1272	2	1140
1273	2	1141
1274	2	1142
1275	2	1143
1276	2	1144
1277	2	1145
1278	2	1146
1279	2	1147
1280	2	1148
1281	2	1149
1282	2	1150
1283	2	1151
1284	2	1152
1285	2	1153
1286	2	1154
1287	2	1155
1288	2	1156
1289	2	1157
1290	2	1158
1291	2	1159
1292	2	1160
1293	2	1161
1294	2	1162
1295	2	1163
1296	2	1164
1297	2	1165
1298	2	1166
1299	2	1167
1300	2	1168
1301	2	1169
1302	2	1170
1303	2	1171
1304	2	1172
1305	2	1173
1306	2	1174
1307	2	1175
1308	2	1176
1309	2	1177
1310	2	1178
1311	2	1179
1312	2	1180
1313	2	1181
1314	2	1182
1315	2	1183
1316	2	1184
1317	2	1185
1318	2	1186
1319	2	1187
1320	2	1188
1321	2	1189
1322	2	1190
1323	2	1191
1324	2	1192
1325	2	1193
1326	2	1194
1327	2	1195
1328	2	1196
1329	2	1197
1330	2	1198
1331	2	1199
1332	2	1200
1333	2	1201
1334	2	1202
1335	2	1203
1336	2	1204
1337	2	1205
1338	2	1206
1339	2	1207
1340	2	1208
1341	2	1209
1342	2	1210
1343	2	1211
1344	2	1212
1345	2	1213
1346	2	1214
1347	2	1215
1348	2	1216
1349	2	1217
1350	2	1218
1351	2	1219
1352	2	1220
1353	2	1221
1354	2	1222
1355	2	1223
1356	2	1224
1357	2	1225
1358	2	1226
1359	2	1227
1360	2	1228
1361	2	1229
1362	2	1230
1363	2	1231
1364	2	1232
1365	2	1233
1366	2	1234
1367	2	1235
1368	2	1236
1369	2	1237
1370	2	1238
1371	2	1239
1372	2	1240
1373	2	1241
1374	2	1242
1375	2	1243
1376	2	1244
1377	2	1245
1378	2	1246
1379	2	1247
1380	2	1248
1381	2	1249
1382	2	1250
1383	2	1251
1384	2	1252
1385	2	1253
1386	2	1254
1387	2	1255
1388	2	1256
1389	2	1257
1390	2	1258
1391	2	1259
1392	2	1260
1393	2	1261
1394	2	1262
1395	2	1263
1396	2	1264
1397	2	1265
1398	2	1266
1399	2	1267
1400	2	1268
1401	2	1269
1402	2	1270
1403	2	1271
1404	2	1272
1405	2	1273
1406	2	1274
1407	2	1275
1408	2	1276
1409	2	1277
1410	2	1278
1411	2	1279
1412	2	1280
1413	2	1281
1414	2	1282
1415	2	1283
1416	2	1284
1417	2	1285
1418	2	1286
1419	2	1287
1420	2	1288
1421	2	1289
1422	2	1290
1423	2	1291
1424	2	1292
1425	2	1293
1426	2	1294
1427	2	1295
1428	2	1296
1429	2	1297
1430	2	1298
1431	2	1299
1432	2	1300
1433	2	1301
1434	2	1302
1435	2	1303
1436	2	1304
1437	2	1305
1438	2	1306
1439	2	1307
1440	2	1308
1441	2	1309
1442	2	1310
1443	2	1311
1444	2	1312
1445	2	1313
1446	2	1314
1447	2	1315
1448	2	1316
1449	2	1317
1450	2	1318
1451	2	1319
1452	2	1320
1453	2	1321
1454	2	1322
1455	2	1323
1456	2	1324
1457	2	1325
1458	2	1326
1459	2	1327
1460	2	1328
1461	2	1329
1462	2	1330
1463	2	1331
1464	2	1332
1465	2	1333
1466	2	1334
1467	2	1335
1468	2	1336
1469	2	1337
1470	2	1338
1471	2	1339
1472	2	1340
1473	2	1341
1474	2	1342
1475	2	1343
1476	2	1344
1477	2	1345
1478	2	1346
1479	2	1347
1480	2	1348
1481	2	1349
1482	2	1350
1483	2	1351
1484	2	1352
1485	2	1353
1486	2	1354
1487	2	1355
1488	2	1356
1489	2	1357
1490	2	1358
1491	2	1359
1492	2	1360
1493	2	1361
1494	2	1362
1495	2	1363
1496	2	1364
1497	2	1365
1498	2	1366
1499	2	1367
1500	2	1368
1501	2	1369
1502	2	1370
1503	2	1371
1504	2	1372
1505	2	1373
1506	2	1374
1507	2	1375
1508	2	1376
1509	2	1377
1510	2	1378
1511	2	1379
1512	2	1380
1513	2	1381
1514	2	1382
1515	2	1383
1516	2	1384
1517	2	1385
1518	2	1386
1519	2	1387
1520	2	1388
1521	2	1389
1522	2	1390
1523	2	1391
1524	2	1392
1525	2	1393
1526	2	1394
1527	2	1395
1528	2	1396
1529	2	1397
1530	2	1398
1531	2	1399
1532	2	1400
1533	2	1401
1534	2	1402
1535	2	1403
1536	2	1404
1537	2	1405
1538	2	1406
1539	2	1407
1540	2	1408
1541	2	1409
1542	2	1410
1543	2	1411
1544	2	1412
1545	2	1413
1546	2	1414
1547	2	1415
1548	2	1416
1549	2	1417
1550	2	1418
1551	2	1419
1552	2	1420
1553	2	1421
1554	2	1422
1555	2	1423
1556	2	1424
1557	2	1425
1558	2	1426
1559	2	1427
1560	2	1428
1561	2	1429
1562	2	1430
1563	2	1431
1564	2	1432
1565	2	1433
1566	2	1434
1567	2	1435
1568	2	1436
1569	2	1437
1570	2	1438
1571	2	1439
1572	2	1440
1573	2	1441
1574	2	1442
1575	2	1443
1576	2	1444
1577	2	1445
1578	2	1446
1579	2	1447
1580	2	1448
1581	2	1449
1582	2	1450
1583	2	1451
1584	2	1452
1585	2	1453
1586	2	1454
1587	2	1455
1588	2	1456
1589	2	1457
1590	2	1458
1591	2	1459
1592	2	1460
1593	2	1461
1594	2	1462
1595	2	1463
1596	2	1464
1597	2	1465
1598	2	1466
1599	2	1467
1600	2	1468
1601	2	1469
1602	2	1470
1603	2	1471
1604	2	1472
1605	2	1473
1606	2	1474
1607	2	1475
1608	2	1476
1609	2	1477
1610	2	1478
1611	2	1479
1612	2	1480
1613	2	1481
1614	2	1482
1615	2	1483
1616	2	1484
1617	2	1485
1618	2	1486
1619	2	1487
1620	2	1488
1621	2	1489
1622	2	1490
1623	2	1491
1624	2	1492
1625	2	1493
1626	2	1494
1627	2	1495
1628	2	1496
1629	2	1497
1630	2	1498
1631	2	1499
1632	2	1500
1633	2	1501
1634	2	1502
1635	2	1503
1636	2	1504
1637	2	1505
1638	2	1506
1639	2	1507
1640	2	1508
1641	2	1509
1642	2	1510
1643	2	1511
1644	2	1512
1645	2	1513
1646	2	1514
1647	2	1515
1648	2	1516
1649	2	1517
1650	2	1518
1651	2	1519
1652	2	1520
1653	2	1521
1654	2	1522
1655	2	1523
1656	2	1524
1657	2	1525
1658	2	1526
1659	2	1527
1660	2	1528
1661	2	1529
1662	2	1530
1663	2	1531
1664	2	1532
1665	2	1533
1666	2	1534
1667	2	1535
1668	2	1536
1669	2	1537
1670	2	1538
1671	2	1539
1672	2	1540
1673	2	1541
1674	2	1542
1675	2	1543
1676	2	1544
1677	2	1545
1678	2	1546
1679	2	1547
1680	2	1548
1681	2	1549
1682	2	1550
1683	2	1551
1684	2	1552
1685	2	1553
1686	2	1554
1687	2	1555
1688	2	1556
1689	2	1557
1690	2	1558
1691	2	1559
1692	2	1560
1693	2	1561
1694	2	1562
1695	2	1563
1696	2	1564
1697	2	1565
1698	2	1566
1699	2	1567
1700	2	1568
1701	2	1569
1702	2	1570
1703	2	1571
1704	2	1572
1705	2	1573
1706	2	1574
1707	2	1575
1708	2	1576
1709	2	1577
1710	2	1578
1711	2	1579
1712	2	1580
1713	2	1581
1714	2	1582
1715	2	1583
1716	2	1584
1717	2	1585
1718	2	1586
1719	2	1587
1720	2	1588
1721	2	1589
1722	2	1590
1723	2	1591
1724	2	1592
1725	2	1593
1726	2	1594
1727	2	1595
1728	2	1596
1729	2	1597
1730	2	1598
1731	2	1599
1732	2	1600
1733	2	1601
1734	2	1602
1735	2	1603
1736	2	1604
1737	2	1605
1738	2	1606
1739	2	1607
1740	2	1608
1741	2	1609
1742	2	1610
1743	2	1611
1744	2	1612
1745	2	1613
1746	2	1614
1747	2	1615
1748	2	1616
1749	2	1617
1750	2	1618
1751	2	1619
1752	2	1620
1753	2	1621
1754	2	1622
1755	2	1623
1756	2	1624
1757	2	1625
1758	2	1626
1759	2	1627
1760	2	1628
1761	2	1629
1762	2	1630
1763	2	1631
1764	2	1632
1765	2	1633
1766	2	1634
1767	2	1635
1768	2	1636
1769	2	1637
1770	2	1638
1771	2	1639
1772	2	1640
1773	2	1641
1774	2	1642
1775	2	1643
1776	2	1644
1777	2	1645
1778	2	1646
1779	2	1647
1780	2	1648
1781	2	1649
1782	2	1650
1783	2	1651
1784	2	1652
1785	2	1653
1786	2	1654
1787	2	1655
1788	2	1656
1789	2	1657
1790	2	1658
1791	2	1659
1792	2	1660
1793	2	1661
1794	2	1662
1795	2	1663
1796	2	1664
1797	2	1665
1798	2	1666
1799	2	1667
1800	2	1668
1801	2	1669
1802	2	1670
1803	2	1671
1804	2	1672
1805	2	1673
1806	2	1674
1807	2	1675
1808	2	1676
1809	2	1677
1810	2	1678
1811	2	1679
1812	2	1680
1813	2	1681
1814	2	1682
1815	2	1683
1816	2	1684
1817	2	1685
1818	2	1686
1819	2	1687
1820	2	1688
1821	2	1689
1822	2	1690
1823	2	1691
1824	2	1692
1825	2	1693
1826	2	1694
1827	2	1695
1828	2	1696
1829	2	1697
1830	2	1698
1831	2	1699
1832	2	1700
1833	2	1701
1834	2	1702
1835	2	1703
1836	2	1704
1837	2	1705
1838	2	1706
1839	2	1707
1840	2	1708
1841	2	1709
1842	2	1710
1843	2	1711
1844	2	1712
1845	2	1713
1846	2	1714
1847	2	1715
1848	2	1716
1849	2	1717
1850	2	1718
1851	2	1719
1852	2	1720
1853	2	1721
1854	2	1722
1855	2	1723
1856	2	1724
1857	2	1725
1858	2	1726
1859	2	1727
1860	2	1728
1861	2	1729
1862	2	1730
1863	2	1731
1864	2	1732
1865	2	1733
1866	2	1734
1867	2	1735
1868	2	1736
1869	2	1737
1870	2	1738
1871	2	1739
1872	2	1740
1873	2	1741
1874	2	1742
1875	2	1743
1876	2	1744
1877	2	1745
1878	2	1746
1879	2	1747
1880	2	1748
1881	2	1749
1882	2	1750
1883	2	1751
1884	2	1752
1885	2	1753
1886	2	1754
1887	2	1755
1888	2	1756
1889	2	1757
1890	2	1758
1891	2	1759
1892	2	1760
1893	2	1761
1894	2	1762
1895	2	1763
1896	2	1764
1897	2	1765
1898	2	1766
1899	2	1767
1900	2	1768
1901	2	1769
1902	2	1770
1903	2	1771
1904	2	1772
1905	2	1773
1906	2	1775
1907	2	1776
1908	2	1777
1909	2	1778
1910	2	1779
1911	2	1780
1912	2	1781
1913	2	1782
1914	2	1783
1915	2	1784
1916	2	1785
1917	2	1786
1918	2	1787
1919	2	1788
1920	2	1789
1921	2	1790
1922	2	1791
1923	2	1792
1924	2	1793
1925	2	1794
1926	2	1795
1927	2	1796
1928	2	1797
1929	2	1798
1930	2	1799
1931	2	1800
1932	2	1801
1933	2	1802
1934	2	1803
1935	2	1804
1936	2	1805
1937	2	1806
1938	2	1807
1939	2	1808
1940	2	1809
1941	2	1810
1942	2	1811
1943	2	1812
1944	2	1813
1945	2	1814
1946	2	1815
1947	2	1816
1948	2	1817
1949	2	1818
1950	2	1819
1951	2	1820
1952	2	1821
1953	2	1822
1954	2	1823
1955	2	1824
1956	2	1825
1957	2	1826
1958	2	1827
1959	2	1828
1960	2	1829
1961	2	1830
1962	2	1831
1963	2	1832
1964	2	1833
1965	2	1834
1966	2	1835
1967	2	1836
1968	2	1837
1969	2	1838
1970	2	1839
1971	2	1840
1972	2	1841
1973	2	1842
1974	2	1843
1975	2	1844
1976	2	1845
1977	2	1846
1978	2	1847
1979	2	1848
1980	2	1849
1981	2	1850
1982	2	1851
1983	2	1852
1984	2	1853
1985	2	1854
1986	2	1855
1987	2	1856
1988	2	1857
1989	2	1858
1990	2	1859
1991	2	1860
1992	2	1861
1993	2	1862
1994	2	1863
1995	2	1864
1996	2	1865
1997	2	1866
1998	2	1867
1999	2	1868
2000	2	1869
2001	2	1870
2002	2	1871
2003	2	1872
2004	2	1873
2005	2	1874
2006	2	1875
2007	2	1876
2008	2	1877
2009	2	1878
2010	2	1879
2011	2	1880
2012	2	1881
2013	2	1882
2014	2	1883
2015	2	1884
2016	2	1885
2017	2	1886
2018	2	1887
2019	2	1888
2020	2	1889
2021	2	1890
2022	2	1891
2023	2	1892
2024	2	1893
2025	2	1894
2026	2	1895
2027	2	1896
2028	2	1897
2029	2	1898
2030	2	1899
2031	2	1900
2032	2	1901
2033	2	1902
2034	2	1903
2035	2	1904
2036	2	1905
2037	2	1906
2038	2	1907
2039	2	1908
2040	2	1909
2041	2	1910
2042	2	1911
2043	2	1912
2044	2	1913
2045	2	1914
2046	2	1915
2047	2	1916
2048	2	1917
2049	2	1918
2050	2	1919
2051	2	1920
2052	2	1921
2053	2	1922
2054	2	1923
2055	2	1924
2056	2	1925
2057	2	1926
2058	2	1927
2059	2	1928
2060	2	1929
2061	2	1930
2062	2	1931
2063	2	1932
2064	2	1933
2065	2	1934
2066	2	1935
2067	2	1936
2068	2	1937
2069	2	1938
2070	2	1939
2071	2	1940
2072	2	1941
2073	2	1942
2074	2	1943
2075	2	1944
2076	2	1945
2077	2	1946
2078	2	1947
2079	2	1948
2080	2	1949
2081	2	1950
2082	2	1951
2083	2	1952
2084	2	1953
2085	2	1954
2086	2	1955
2087	2	1956
2088	2	1957
2089	2	1958
2090	2	1959
2091	2	1960
2092	2	1961
2093	2	1962
2094	2	1963
2095	2	1964
2096	2	1965
2097	2	1966
2098	2	1967
2099	2	1968
2100	2	1969
2101	2	1970
2102	2	1971
2103	2	1972
2104	2	1973
2105	2	1974
2106	2	1975
2107	2	1976
2108	2	1977
2109	2	1978
2110	2	1979
2111	2	1980
2112	2	1981
2113	2	1982
2114	2	1983
2115	2	1984
2116	2	1985
2117	2	1986
2118	2	1987
2119	2	1988
2120	2	1989
2121	2	1990
2122	2	1991
2123	2	1992
2124	2	1993
2125	2	1994
2126	2	1995
2127	2	1996
2128	2	1997
2129	2	1998
2130	2	1999
2131	2	2000
2132	2	2001
2133	2	2002
2134	2	2003
2135	2	2004
2136	2	2005
2137	2	2006
2138	2	2095
2139	2	2106
2140	2	2107
2141	2	2108
2142	2	2109
2143	2	2110
2144	2	2111
2145	2	2112
2146	2	2113
2147	2	2114
2148	2	2115
2149	2	2116
2150	2	2117
2151	2	2118
2152	2	2119
2153	2	2120
2154	2	2121
2155	2	2122
2156	2	2123
2157	2	2124
2158	2	2125
2159	2	2126
2160	2	2127
2161	2	2128
2162	2	2129
2163	2	2130
2164	2	2131
2165	2	2132
2166	2	2133
2167	2	2134
2168	2	2135
2169	2	2136
2170	2	2137
2171	2	2138
2172	2	2139
2173	2	2140
2174	2	2141
2175	2	2142
2176	2	2143
2177	2	2144
2178	2	2145
2179	2	2146
2180	2	2147
2181	2	2148
2182	2	2149
2183	2	2150
2184	2	2151
2185	2	2152
2186	2	2153
2187	2	2154
2188	2	2155
2189	2	2156
2190	2	2157
2191	2	2158
2192	2	2159
2193	2	2160
2194	2	2161
2195	2	2162
2196	2	2163
2197	2	2164
2198	2	2165
2199	2	2166
2200	2	2167
2201	2	2168
2202	2	2169
2203	2	2170
2204	2	2171
2205	2	2172
2206	2	2173
2207	2	2174
2208	2	2175
2209	2	2176
2210	2	2177
2211	2	2178
2212	2	2179
2213	2	2180
2214	2	2181
2215	2	2182
2216	2	2183
2217	2	2184
2218	2	2185
2219	2	2186
2220	2	2187
2221	2	2188
2222	2	2189
2223	2	2190
2224	2	2191
2225	2	2192
2226	2	2193
2227	2	2194
2228	2	2195
2229	2	2196
2230	2	2197
2231	2	2198
2232	2	2199
2233	2	2200
2234	2	2201
2235	2	2202
2236	2	2203
2237	2	2204
2238	2	2205
2239	2	2206
2240	2	2207
2241	2	2208
2242	2	2209
2243	2	2210
2244	2	2211
2245	2	2212
2246	2	2213
2247	2	2214
2248	2	2215
2249	2	2216
2250	2	2217
2251	2	2218
2252	2	2219
2253	2	2220
2254	2	2221
2255	2	2222
2256	2	2223
2257	2	2224
2258	2	2225
2259	2	2226
2260	2	2227
2261	2	2228
2262	2	2229
2263	2	2230
2264	2	2231
2265	2	2232
2266	2	2233
2267	2	2234
2268	2	2235
2269	2	2236
2270	2	2237
2271	2	2238
2272	2	2239
2273	2	2240
2274	2	2241
2275	2	2242
2276	2	2243
2277	2	2244
2278	2	2245
2279	2	2246
2280	2	2247
2281	2	2248
2282	2	2249
2283	2	2250
2284	2	2251
2285	2	2252
2286	2	2253
2287	2	2254
2288	2	2255
2289	2	2256
2290	2	2257
2291	2	2258
2292	2	2259
2293	2	2260
2294	2	2261
2295	2	2262
2296	2	2263
2297	2	2264
2298	2	2265
2299	2	2266
2300	2	2267
2301	2	2268
2302	2	2270
2303	2	2271
2304	2	2273
2305	2	2274
2306	2	2275
2307	2	2276
2308	2	2277
2309	2	2278
2310	2	2279
2311	2	2280
2312	2	2281
2313	2	2282
2314	2	2283
2315	2	2284
2316	2	2285
2317	2	2286
2318	2	2287
2319	2	2288
2320	2	2289
2321	2	2290
2322	2	2291
2323	2	2292
2324	2	2293
2325	2	2294
2326	2	2295
2327	2	2296
2328	2	2297
2329	2	2298
2330	2	2299
2331	2	2300
2332	2	2301
2333	2	2302
2334	2	2303
2335	2	2304
2336	2	2305
2337	2	2306
2338	2	2307
2339	2	2308
2340	2	2309
2341	2	2310
2342	2	2311
2343	2	2312
2344	2	2313
2345	2	2314
2346	2	2315
2347	2	2316
2348	2	2317
2349	2	2318
2350	2	2319
2351	2	2320
2352	2	2321
2353	2	2322
2354	2	2323
2355	2	2324
2356	2	2325
2357	2	2326
2358	2	2327
2359	2	2328
2360	2	2329
2361	2	2330
2362	2	2331
2363	2	2332
2364	2	2333
2365	2	2334
2366	2	2335
2367	2	2336
2368	2	2337
2369	2	2338
2370	2	2339
2371	2	2340
2372	2	2341
2373	2	2342
2374	2	2343
2375	2	2344
2376	2	2345
2377	2	2346
2378	2	2347
2379	2	2348
2380	2	2349
2381	2	2350
2382	2	2351
2383	2	2352
2384	2	2353
2385	2	2354
2386	2	2355
2387	2	2356
2388	2	2357
2389	2	2358
2390	2	2359
2391	2	2360
2392	2	2361
2393	2	2362
2394	2	2363
2395	2	2364
2396	2	2365
2397	2	2366
2398	2	2367
2399	2	2368
2400	2	2369
2401	2	2370
2402	2	2371
2403	2	2372
2404	2	2373
2405	2	2374
2406	2	2375
2407	2	2376
2408	2	2377
2409	2	2378
2410	2	2379
2411	2	2380
2412	2	2381
2413	2	2382
2414	2	2383
2415	2	2384
2416	2	2385
2417	2	2386
2418	2	2387
2419	2	2388
2420	2	2389
2421	2	2390
2422	2	2391
2423	2	2392
2424	2	2393
2425	2	2394
2426	2	2395
2427	2	2396
2428	2	2397
2429	2	2398
2430	2	2399
2431	2	2400
2432	2	2401
2433	2	2402
2434	2	2403
2435	2	2404
2436	2	2405
2437	2	2406
2438	2	2407
2439	2	2408
2440	2	2409
2441	2	2410
2442	2	2411
2443	2	2412
2444	2	2413
2445	2	2414
2446	2	2415
2447	2	2416
2448	2	2417
2449	2	2418
2450	2	2419
2451	2	2420
2452	2	2421
2453	2	2422
2454	2	2423
2455	2	2424
2456	2	2425
2457	2	2426
2458	2	2427
2459	2	2428
2460	2	2429
2461	2	2430
2462	2	2431
2463	2	2432
2464	2	2433
2465	2	2434
2466	2	2435
2467	2	2436
2468	2	2437
2469	2	2438
2470	2	2439
2471	2	2440
2472	2	2441
2473	2	2442
2474	2	2443
2475	2	2444
2476	2	2445
2477	2	2446
2478	2	2447
2479	2	2448
2480	2	2449
2481	2	2450
2482	2	2451
2483	2	2452
2484	2	2453
2485	2	2454
2486	2	2455
2487	2	2456
2488	2	2457
2489	2	2458
2490	2	2459
2491	2	2460
2492	2	2461
2493	2	2462
2494	2	2463
2495	2	2464
2496	2	2465
2497	2	2466
2498	2	2467
2499	2	2468
2500	2	2469
2501	2	2470
2502	2	2471
2503	2	2472
2504	2	2473
2505	2	2474
2506	2	2475
2507	2	2476
2508	2	2477
2509	2	2478
2510	2	2479
2511	2	2480
2512	2	2481
2513	2	2482
2514	2	2483
2515	2	2484
2516	2	2485
2517	2	2486
2518	2	2487
2519	2	2488
2520	2	2489
2521	2	2490
2522	2	2491
2523	2	2492
2524	2	2493
2525	2	2494
2526	2	2495
2527	2	2496
2528	2	2497
2529	2	2498
2530	2	2499
2531	2	2500
2532	2	2501
2533	2	2502
2534	2	2503
2535	2	2504
2536	2	2505
2537	2	2506
2538	2	2507
2539	2	2508
2540	2	2509
2541	2	2510
2542	2	2511
2543	2	2512
2544	2	2513
2545	2	2514
2546	2	2515
2547	2	2516
2548	2	2517
2549	2	2518
2550	2	2519
2551	2	2520
2552	2	2521
2553	2	2522
2554	2	2523
2555	2	2524
2556	2	2525
2557	2	2526
2558	2	2527
2559	2	2528
2560	2	2529
2561	2	2530
2562	2	2531
2563	2	2532
2564	2	2533
2565	2	2534
2566	2	2535
2567	2	2536
2568	2	2537
2569	2	2538
2570	2	2539
2571	2	2540
2572	2	2541
2573	2	2542
2574	2	2543
2575	2	2544
2576	2	2545
2577	2	2546
2578	2	2547
2579	2	2548
2580	2	2549
2581	2	2550
2582	2	2551
2583	2	2552
2584	2	2553
2585	2	2554
2586	2	2555
2587	2	2556
2588	2	2557
2589	2	2558
2590	2	2559
2591	2	2560
2592	2	2561
2593	2	2562
2594	2	2563
2595	2	2564
2596	2	2565
2597	2	2566
2598	2	2567
2599	2	2568
2600	2	2569
2601	2	2570
2602	2	2571
2603	2	2572
2604	2	2573
2605	2	2574
2606	2	2575
2607	2	2576
2608	2	2577
2609	2	2578
2610	2	2579
2611	2	2580
2612	2	2581
2613	2	2582
2614	2	2583
2615	2	2584
2616	2	2585
2617	2	2586
2618	2	2587
2619	2	2588
2620	2	2589
2621	2	2590
2622	2	2591
2623	2	2592
2624	2	2593
2625	2	2594
2626	2	2595
2627	2	2596
2628	2	2597
2629	2	2598
2630	2	2599
2631	2	2600
2632	2	2601
2633	2	2602
2634	2	2603
2635	2	2604
2636	2	2606
2637	2	2607
2638	2	2608
2639	2	2609
2640	2	2610
2641	2	2611
2642	2	2612
2643	2	2613
2644	2	2614
2645	2	2615
2646	2	2616
2647	2	2617
2648	2	2618
2649	2	2619
2650	2	2620
2651	2	2621
2652	2	2622
2653	2	2623
2654	2	2624
2655	2	2625
2656	2	2626
2657	2	2627
2658	2	2628
2659	2	2629
2660	2	2630
2661	2	2631
2662	2	2632
2663	2	2633
2664	2	2634
2665	2	2635
2666	2	2636
2667	2	2637
2668	2	2638
2669	2	2639
2670	2	2640
2671	2	2641
2672	2	2642
2673	2	2643
2674	2	2644
2675	2	2645
2676	2	2646
2677	2	2647
2678	2	2648
2679	2	2649
2680	2	2650
2681	2	2651
2682	2	2652
2683	2	2653
2684	2	2654
2685	2	2655
2686	2	2656
2687	2	2657
2688	2	2658
2689	2	2659
2690	2	2660
2691	2	2661
2692	2	2662
2693	2	2663
2694	2	2664
2695	2	2665
2696	2	2666
2697	2	2667
2698	2	2668
2699	2	2669
2700	2	2670
2701	2	2671
2702	2	2672
2703	2	2673
2704	2	2674
2705	2	2675
2706	2	2676
2707	2	2677
2708	2	2678
2709	2	2679
2710	2	2680
2711	2	2681
2712	2	2682
2713	2	2683
2714	2	2684
2715	2	2685
2716	2	2686
2717	2	2687
2718	2	2688
2719	2	2689
2720	2	2690
2721	2	2691
2722	2	2722
2723	2	2723
2724	2	2724
2725	2	2725
2726	2	2726
2727	2	2727
2728	2	2728
2729	2	2729
2730	2	2730
2731	2	2731
2732	2	2732
2733	2	2733
2734	2	2734
2735	2	2735
2736	2	2736
2737	2	2737
2738	2	2738
2739	2	2739
2740	2	2740
2741	2	2741
2742	2	2742
2743	2	2743
2744	2	2744
2745	2	2745
2746	2	2746
2747	2	2747
2748	2	2748
2749	2	2749
2750	2	2750
2751	2	2751
2752	2	2752
2753	2	2753
2754	3	3
2755	3	5
2756	3	15
2757	3	20
2758	3	32
2759	3	35
2760	3	36
2761	3	534
2762	3	537
2763	3	547
2764	3	549
2765	3	550
2766	3	799
2767	3	806
2768	3	1306
2769	3	1775
2770	3	1776
2771	3	1777
2772	3	1778
2773	3	1779
2774	3	1781
2775	3	1782
2776	3	1784
2777	3	2001
2778	3	2002
2779	3	2004
2780	3	2005
2781	3	2006
2782	3	2095
2783	3	2229
2784	3	2230
2785	3	2231
2786	3	2232
2787	3	2233
2788	3	2234
2789	3	2235
2790	3	2270
2791	3	2274
2792	3	2445
2793	3	2606
2794	3	2607
2795	3	2608
2796	3	2609
2797	3	2610
2798	3	2612
2799	3	2613
2800	3	2688
2801	3	2690
2802	3	2691
2803	3	2747
2804	3	2748
2805	3	2749
2806	3	2753
2807	3	2754
2808	3	2756
2809	3	2757
2810	3	2758
2811	3	2760
2812	3	2761
2813	3	2762
2814	3	2763
2815	3	2764
2816	3	2765
2817	3	2767
2818	3	2768
2819	3	2770
2820	3	2771
2821	3	2773
2822	3	2774
2823	3	2775
2824	3	2777
2825	3	2778
2826	3	2779
2827	3	2780
2828	3	2781
2829	3	2783
2830	3	2785
2831	3	2786
2832	3	2787
2833	3	2788
2834	3	2789
2835	3	2790
2836	3	2791
2837	3	2792
2838	3	2793
2839	3	2795
2840	3	2796
2841	3	2797
2842	3	2798
2843	3	2799
2844	3	2810
2845	3	2811
2846	3	2815
2847	3	2817
2848	3	2818
2849	3	2819
2850	3	2827
2851	3	2828
2852	3	2829
2853	3	2831
2854	3	2832
2855	3	2833
2856	3	2834
2857	3	2835
2858	3	2836
2859	3	2837
2860	3	2841
2861	3	2842
2862	3	2844
2863	3	2845
2864	3	2846
2865	3	2848
2866	3	2850
2867	3	2851
2868	3	2852
2869	3	2853
2870	3	2854
2871	3	2855
2872	3	2856
2873	3	2857
2874	3	2859
2875	3	2860
2876	3	2861
2877	3	2862
2878	3	2863
2879	3	2872
2880	3	2873
2881	3	2877
2882	3	2881
2883	3	2882
2884	3	2883
2885	3	2884
2886	3	2885
2887	4	3
2888	4	5
2889	4	15
2890	4	20
2891	4	35
2892	4	36
2893	4	534
2894	4	537
2895	4	549
2896	4	550
2897	4	752
2898	4	754
2899	4	755
2900	4	797
2901	4	799
2902	4	800
2903	4	801
2904	4	802
2905	4	804
2906	4	806
2907	4	1035
2908	4	1036
2909	4	1037
2910	4	1038
2911	4	1219
2912	4	1306
2913	4	1329
2914	4	1330
2915	4	1331
2916	4	1332
2917	4	1354
2918	4	1355
2919	4	1356
2920	4	1357
2921	4	1358
2922	4	1359
2923	4	1360
2924	4	1361
2925	4	1362
2926	4	1363
2927	4	1364
2928	4	1365
2929	4	1366
2930	4	1367
2931	4	1368
2932	4	1369
2933	4	1370
2934	4	1371
2935	4	1372
2936	4	1373
2937	4	1374
2938	4	1375
2939	4	1376
2940	4	1383
2941	4	1384
2942	4	1385
2943	4	1386
2944	4	1387
2945	4	1388
2946	4	1389
2947	4	1390
2948	4	1391
2949	4	1392
2950	4	1393
2951	4	1394
2952	4	1395
2953	4	1396
2954	4	1397
2955	4	1412
2956	4	1413
2957	4	1414
2958	4	1415
2959	4	1416
2960	4	1417
2961	4	1418
2962	4	1419
2963	4	1420
2964	4	1421
2965	4	1422
2966	4	1423
2967	4	1424
2968	4	1429
2969	4	1430
2970	4	1431
2971	4	1432
2972	4	1434
2973	4	1773
2974	4	1775
2975	4	1776
2976	4	1777
2977	4	1778
2978	4	1779
2979	4	1780
2980	4	1781
2981	4	1782
2982	4	1783
2983	4	1784
2984	4	2001
2985	4	2002
2986	4	2003
2987	4	2004
2988	4	2005
2989	4	2006
2990	4	2095
2991	4	2229
2992	4	2230
2993	4	2231
2994	4	2232
2995	4	2233
2996	4	2234
2997	4	2249
2998	4	2268
2999	4	2270
3000	4	2271
3001	4	2274
3002	4	2353
3003	4	2354
3004	4	2445
3005	4	2455
3006	4	2463
3007	4	2464
3008	4	2465
3009	4	2466
3010	4	2467
3011	4	2468
3012	4	2469
3013	4	2470
3014	4	2472
3015	4	2473
3016	4	2474
3017	4	2475
3018	4	2476
3019	4	2477
3020	4	2482
3021	4	2483
3022	4	2484
3023	4	2485
3024	4	2486
3025	4	2488
3026	4	2489
3027	4	2604
3028	4	2606
3029	4	2607
3030	4	2608
3031	4	2609
3032	4	2610
3033	4	2611
3034	4	2612
3035	4	2613
3036	4	2614
3037	4	2688
3038	4	2689
3039	4	2690
3040	4	2691
3041	4	2747
3042	4	2748
3043	4	2749
3044	4	2750
3045	4	2751
3046	4	2752
3047	4	2753
3048	4	2793
3049	4	2795
3050	4	2796
3051	4	2797
3052	4	2798
3053	4	2799
3054	4	2857
3055	4	2859
3056	4	2860
3057	4	2861
3058	4	2862
3059	4	2863
3060	4	2887
3061	4	2891
3062	4	2893
3063	4	2908
3064	4	2911
3065	4	2972
3066	4	2973
3067	4	2978
3068	4	2984
3069	4	2988
3070	4	3009
3071	4	3011
3072	4	3012
3073	4	3044
3074	4	3045
3075	4	3050
3076	4	3056
3077	4	3060
3078	5	3
3079	5	5
3080	5	15
3081	5	20
3082	5	32
3083	5	35
3084	5	36
3085	5	334
3086	5	335
3087	5	336
3088	5	337
3089	5	338
3090	5	339
3091	5	340
3092	5	341
3093	5	342
3094	5	343
3095	5	345
3096	5	534
3097	5	537
3098	5	547
3099	5	549
3100	5	550
3101	5	650
3102	5	799
3103	5	806
3104	5	1306
3105	5	1775
3106	5	1776
3107	5	1777
3108	5	1778
3109	5	1779
3110	5	1781
3111	5	1782
3112	5	1784
3113	5	2001
3114	5	2002
3115	5	2004
3116	5	2005
3117	5	2006
3118	5	2095
3119	5	2106
3120	5	2107
3121	5	2108
3122	5	2109
3123	5	2110
3124	5	2111
3125	5	2112
3126	5	2113
3127	5	2114
3128	5	2115
3129	5	2116
3130	5	2117
3131	5	2118
3132	5	2119
3133	5	2120
3134	5	2121
3135	5	2122
3136	5	2123
3137	5	2124
3138	5	2125
3139	5	2126
3140	5	2127
3141	5	2128
3142	5	2129
3143	5	2130
3144	5	2131
3145	5	2132
3146	5	2133
3147	5	2134
3148	5	2135
3149	5	2136
3150	5	2137
3151	5	2138
3152	5	2139
3153	5	2140
3154	5	2141
3155	5	2142
3156	5	2143
3157	5	2144
3158	5	2145
3159	5	2146
3160	5	2147
3161	5	2148
3162	5	2149
3163	5	2150
3164	5	2151
3165	5	2152
3166	5	2153
3167	5	2154
3168	5	2155
3169	5	2156
3170	5	2157
3171	5	2158
3172	5	2159
3173	5	2160
3174	5	2161
3175	5	2162
3176	5	2163
3177	5	2164
3178	5	2165
3179	5	2166
3180	5	2167
3181	5	2168
3182	5	2169
3183	5	2170
3184	5	2171
3185	5	2172
3186	5	2173
3187	5	2174
3188	5	2175
3189	5	2176
3190	5	2177
3191	5	2178
3192	5	2179
3193	5	2180
3194	5	2181
3195	5	2182
3196	5	2183
3197	5	2184
3198	5	2185
3199	5	2186
3200	5	2187
3201	5	2188
3202	5	2189
3203	5	2190
3204	5	2191
3205	5	2192
3206	5	2193
3207	5	2194
3208	5	2195
3209	5	2196
3210	5	2197
3211	5	2198
3212	5	2199
3213	5	2200
3214	5	2201
3215	5	2202
3216	5	2203
3217	5	2204
3218	5	2205
3219	5	2206
3220	5	2207
3221	5	2208
3222	5	2209
3223	5	2210
3224	5	2211
3225	5	2212
3226	5	2213
3227	5	2214
3228	5	2215
3229	5	2216
3230	5	2217
3231	5	2218
3232	5	2219
3233	5	2220
3234	5	2221
3235	5	2222
3236	5	2223
3237	5	2224
3238	5	2225
3239	5	2226
3240	5	2227
3241	5	2228
3242	5	2229
3243	5	2230
3244	5	2231
3245	5	2232
3246	5	2233
3247	5	2234
3248	5	2235
3249	5	2270
3250	5	2274
3251	5	2445
3252	5	2606
3253	5	2607
3254	5	2608
3255	5	2609
3256	5	2610
3257	5	2612
3258	5	2613
3259	5	2688
3260	5	2690
3261	5	2691
3262	5	2722
3263	5	2723
3264	5	2724
3265	5	2725
3266	5	2726
3267	5	2727
3268	5	2728
3269	5	2729
3270	5	2730
3271	5	2731
3272	5	2732
3273	5	2733
3274	5	2734
3275	5	2735
3276	5	2736
3277	5	2737
3278	5	2738
3279	5	2739
3280	5	2740
3281	5	2741
3282	5	2742
3283	5	2743
3284	5	2744
3285	5	2745
3286	5	2746
3287	5	2747
3288	5	2748
3289	5	2749
3290	5	2753
3291	5	2757
3292	5	2758
3293	5	2760
3294	5	2761
3295	5	2762
3296	5	2763
3297	5	2764
3298	5	2765
3299	5	2768
3300	5	2770
3301	5	2771
3302	5	2773
3303	5	2775
3304	5	2777
3305	5	2778
3306	5	2779
3307	5	2780
3308	5	2783
3309	5	2785
3310	5	2786
3311	5	2787
3312	5	2788
3313	5	2789
3314	5	2790
3315	5	2791
3316	5	2792
3317	5	2793
3318	5	2795
3319	5	2796
3320	5	2797
3321	5	2798
3322	5	2799
3323	5	2811
3324	5	2815
3325	5	2817
3326	5	2818
3327	5	2819
3328	5	2828
3329	5	2829
3330	5	2832
3331	5	2833
3332	5	2834
3333	5	2835
3334	5	2836
3335	5	2837
3336	5	2842
3337	5	2844
3338	5	2845
3339	5	2848
3340	5	2850
3341	5	2851
3342	5	2852
3343	5	2853
3344	5	2854
3345	5	2855
3346	5	2856
3347	5	2857
3348	5	2859
3349	5	2860
3350	5	2861
3351	5	2862
3352	5	2863
3353	5	2873
3354	5	2877
3355	5	2882
3356	5	2883
3357	5	2884
3358	5	2885
3359	5	2887
3360	5	2972
3361	5	3044
3362	5	3090
3363	5	3091
3364	5	3092
3365	5	3093
3366	5	3094
3367	5	3095
3368	5	3096
3369	5	3097
3370	5	3098
3371	5	3099
3372	5	3100
3373	5	3101
3374	5	3102
3375	5	3103
3376	5	3104
3377	5	3105
3378	5	3106
3379	5	3107
3380	5	3108
3381	5	3109
3382	5	3110
3383	5	3111
3384	5	3112
3385	5	3113
3386	5	3114
3387	5	3115
3388	5	3116
3389	5	3117
3390	5	3118
3391	5	3119
3392	5	3120
3393	5	3121
3394	5	3122
3395	5	3123
3396	5	3124
3397	5	3125
3398	5	3126
3399	5	3127
3400	5	3128
3401	5	3129
3402	5	3130
3403	5	3131
3404	5	3132
3405	5	3133
3406	5	3134
3407	5	3135
3408	5	3136
3409	5	3137
3410	5	3138
3411	5	3139
3412	5	3140
3413	5	3141
3414	5	3142
3415	5	3143
3416	5	3144
3417	5	3145
3418	5	3146
3419	5	3147
3420	5	3148
3421	5	3149
3422	5	3150
3423	5	3151
3424	5	3152
3425	5	3153
3426	5	3154
3427	5	3155
3428	5	3156
3429	5	3157
3430	5	3158
3431	5	3159
3432	5	3160
3433	5	3161
3434	5	3162
3435	5	3163
3436	5	3164
3437	5	3165
3438	5	3166
3439	5	3167
3440	5	3168
3441	5	3169
3442	5	3170
3443	5	3171
3444	5	3172
3445	5	3173
3446	5	3174
3447	5	3175
3448	5	3176
3449	5	3177
3450	5	3178
3451	5	3179
3452	5	3180
3453	5	3181
3454	5	3182
3455	5	3183
3456	5	3184
3457	5	3185
3458	5	3186
3459	5	3187
3460	5	3188
3461	5	3189
3462	5	3190
3463	5	3191
3464	5	3192
3465	5	3193
3466	5	3194
3467	5	3195
3468	5	3196
3469	5	3197
3470	5	3198
3471	5	3199
3472	5	3200
3473	5	3201
3474	5	3202
3475	5	3203
3476	5	3204
3477	5	3205
3478	5	3206
3479	5	3207
3480	5	3208
3481	5	3209
3482	5	3210
3483	5	3211
3484	5	3212
3485	5	3213
3486	5	3214
3487	5	3215
3488	5	3216
3489	5	3217
3490	5	3218
3491	5	3219
3492	5	3220
3493	5	3221
3494	5	3222
3495	5	3223
3496	5	3224
3497	5	3225
3498	5	3226
3499	5	3227
3500	5	3228
3501	5	3229
3502	5	3230
3503	5	3231
3504	5	3232
3505	5	3233
3506	5	3234
3507	5	3235
3508	5	3236
3509	5	3237
3510	5	3238
3511	5	3239
3512	5	3240
3513	5	3241
3514	5	3242
3515	5	3243
3516	5	3244
3517	5	3245
3518	5	3246
3519	5	3247
3520	5	3248
3521	5	3249
3522	5	3250
3523	5	3251
3524	5	3252
3525	5	3253
3526	5	3254
3527	5	3255
3528	5	3256
3529	5	3257
3530	5	3258
3531	5	3259
3532	5	3260
3533	5	3261
3534	5	3262
3535	5	3263
3536	5	3264
3537	5	3265
3538	5	3266
3539	5	3267
3540	5	3268
3541	5	3269
3542	5	3270
3543	5	3271
3544	5	3272
3545	5	3273
3546	5	3274
3547	5	3275
3548	5	3276
3549	5	3277
3550	5	3278
3551	5	3279
3552	5	3280
3553	5	3281
3554	5	3282
3555	5	3283
3556	5	3284
3557	5	3285
3558	5	3286
3559	5	3287
3560	5	3288
3561	5	3289
3562	5	3290
3563	5	3291
3564	5	3292
3565	5	3293
3566	5	3294
3567	5	3295
3568	5	3296
3569	5	3297
3570	5	3298
3571	5	3299
3572	5	3300
3573	5	3301
3574	5	3302
3575	5	3303
3576	5	3304
3577	5	3305
3578	5	3306
3579	5	3307
3580	5	3308
3581	5	3309
3582	5	3310
3583	5	3311
3584	5	3312
3585	5	3313
3586	5	3314
3587	5	3315
3588	5	3316
3589	5	3317
3590	5	3318
3591	5	3319
3592	5	3320
3593	5	3324
3594	5	3325
3595	5	3326
3596	5	3327
3597	5	3328
3598	5	3329
3599	5	3330
3600	5	3331
3601	5	3332
3602	5	3333
3603	5	3334
3604	5	3335
3605	5	3336
3606	5	3337
3607	5	3338
3608	5	3339
3609	5	3340
3610	5	3341
3611	5	3342
3612	5	3343
3613	5	3344
3614	5	3345
3615	5	3346
3616	5	3347
3617	5	3348
3618	5	3349
3619	5	3350
3620	5	3351
3621	5	3352
3622	5	3353
3623	5	3354
3624	5	3355
3625	5	3356
3626	5	3357
3627	5	3358
3628	5	3359
3629	5	3360
3630	5	3361
3631	5	3363
3632	5	3364
3633	5	3402
3634	5	3412
3635	5	3502
3636	5	3503
3637	5	3504
3638	5	3505
3639	5	3506
3640	5	3507
3641	5	3508
3642	5	3509
3643	5	3510
3644	5	3511
3645	5	3512
3646	5	3513
3647	5	3514
3648	5	3515
3649	5	3516
3650	5	3517
3651	5	3518
3652	5	3519
3653	5	3520
3654	5	3521
3655	5	3522
3656	5	3523
3657	5	3524
3658	5	3525
3659	5	3526
3660	5	3527
3661	5	3528
3662	5	3529
3663	5	3530
3664	5	3531
3665	5	3532
3666	5	3533
3667	5	3534
3668	5	3535
3669	5	3536
3670	5	3537
3671	5	3538
3672	5	3539
3673	5	3540
3674	5	3541
3675	5	3542
3676	5	3543
3677	5	3544
3678	5	3545
3679	5	3546
3680	5	3547
3681	5	3548
3682	5	3549
3683	5	3550
3684	5	3551
3685	5	3562
3686	5	3563
3687	5	3564
3688	5	3565
3689	5	3571
3690	5	3572
3691	5	3573
3692	5	3574
3693	5	3575
3694	5	3576
3695	5	3577
3696	5	3579
3697	5	3587
3698	5	3588
3699	5	3589
3700	5	3590
3701	5	3591
3702	5	3592
3703	5	3593
3704	5	3594
3705	5	3595
3706	5	3596
3707	5	3597
3708	5	3598
3709	5	3599
3710	5	3600
3711	5	3601
3712	5	3602
3713	5	3603
3714	5	3604
3715	5	3605
3716	5	3606
3717	5	3607
3718	5	3608
3719	5	3609
3720	5	3610
3721	5	3611
3722	5	3612
3723	5	3613
3724	5	3614
3725	5	3615
3726	5	3616
3727	5	3617
3728	5	3618
3729	5	3619
3730	5	3620
3731	5	3621
3732	5	3622
3733	5	3623
3734	5	3624
3735	5	3637
3736	5	3638
3737	5	3639
3738	5	3640
3739	5	3641
3740	5	3651
3741	5	3653
3742	5	3654
3743	5	3655
3744	5	3656
3745	5	3657
3746	5	3658
3747	5	3659
3748	5	3660
3749	5	3661
3750	5	3662
3751	5	3663
3752	5	3664
3753	5	3665
3754	5	3666
3755	5	3667
3756	5	3668
3757	5	3669
3758	5	3670
3759	5	3671
3760	5	3672
3761	5	3673
3762	5	3674
3763	5	3675
3764	5	3676
3765	5	3677
3766	5	3678
3767	5	3679
3768	5	3680
3769	5	3681
3770	5	3682
3771	5	3683
3772	5	3701
3773	5	3702
3774	5	3703
3775	5	3704
3776	5	3705
3777	5	3706
3778	5	3707
3779	5	3708
3780	5	3709
3781	5	3710
3782	5	3711
3783	5	3712
3784	5	3713
3785	5	3714
3786	5	3715
3787	5	3716
3788	5	3717
3789	5	3718
3790	5	3719
3791	5	3720
3792	5	3721
3793	5	3722
3794	5	3723
3795	5	3724
3796	5	3725
3797	5	3726
3798	5	3727
3799	5	3728
3800	5	3729
3801	5	3730
3802	5	3731
3803	5	3732
3804	5	3733
3805	5	3734
3806	5	3735
3807	5	3736
3808	5	3737
3809	5	3738
3810	5	3739
3811	5	3740
3812	5	3741
3813	5	3742
3814	5	3743
3815	5	3744
3816	5	3745
3817	5	3746
3818	5	3747
3819	5	3748
3820	5	3749
3821	5	3750
3822	5	3751
3823	5	3752
3824	5	3753
3825	5	3754
3826	5	3755
3827	5	3756
3828	5	3757
3829	5	3758
3830	5	3759
3831	5	3760
3832	5	3761
3833	5	3762
3834	5	3763
3835	5	3764
3836	5	3765
3837	5	3766
3838	5	3767
3839	5	3768
3840	5	3769
3841	5	3770
3842	5	3771
3843	5	3772
3844	5	3773
3845	5	3774
3846	5	3775
3847	5	3776
3848	5	3777
3849	5	3778
3850	5	3780
3851	5	3781
3852	5	3782
3853	5	3783
3854	5	3784
3855	5	3785
3856	5	3786
3857	5	3787
3858	5	3788
3859	5	3789
3860	5	3790
3861	5	3791
3862	5	3792
3863	5	3793
3864	5	3794
3865	5	3795
3866	5	3827
3867	5	3840
3868	5	3841
3869	5	3842
3870	5	3843
3871	5	3844
3872	5	3845
3873	5	3846
3874	5	3847
3875	5	3848
3876	5	3849
3877	5	3850
3878	5	3851
3879	5	3852
3880	5	3853
3881	5	3854
3882	5	3855
3883	5	3860
3884	5	3863
3885	5	3864
3886	5	3868
3887	5	3869
3888	5	3870
3889	5	3871
3890	5	3872
3891	5	3873
3892	5	3874
3893	5	3875
3894	5	3876
3895	5	3877
3896	5	3878
3897	5	3879
3898	5	3885
3899	5	3890
3900	5	3891
3901	5	3892
3902	5	3893
3903	5	3894
3904	5	3895
3905	5	3896
3906	5	3897
3907	5	3898
3908	5	3899
3909	6	5
3910	6	15
3911	6	20
3912	6	32
3913	6	34
3914	6	35
3915	6	36
3916	6	534
3917	6	537
3918	6	547
3919	6	548
3920	6	549
3921	6	550
3922	6	799
3923	6	806
3924	6	1036
3925	6	1306
3926	6	1775
3927	6	1776
3928	6	1777
3929	6	1778
3930	6	1779
3931	6	1781
3932	6	1782
3933	6	1784
3934	6	2001
3935	6	2002
3936	6	2004
3937	6	2005
3938	6	2095
3939	6	2229
3940	6	2230
3941	6	2231
3942	6	2232
3943	6	2233
3944	6	2234
3945	6	2270
3946	6	2274
3947	6	2445
3948	6	2606
3949	6	2607
3950	6	2608
3951	6	2609
3952	6	2610
3953	6	2612
3954	6	2613
3955	6	2688
3956	6	2690
3957	6	2691
3958	6	2747
3959	6	2748
3960	6	2749
3961	6	2751
3962	6	2753
3963	6	2757
3964	6	2758
3965	6	2760
3966	6	2761
3967	6	2762
3968	6	2763
3969	6	2764
3970	6	2767
3971	6	2768
3972	6	2770
3973	6	2771
3974	6	2773
3975	6	2775
3976	6	2777
3977	6	2778
3978	6	2779
3979	6	2780
3980	6	2783
3981	6	2785
3982	6	2786
3983	6	2787
3984	6	2788
3985	6	2789
3986	6	2790
3987	6	2792
3988	6	2793
3989	6	2795
3990	6	2797
3991	6	2798
3992	6	2799
3993	6	2811
3994	6	2828
3995	6	2832
3996	6	2833
3997	6	2834
3998	6	2835
3999	6	2836
4000	6	2842
4001	6	2844
4002	6	2845
4003	6	2848
4004	6	2850
4005	6	2851
4006	6	2852
4007	6	2853
4008	6	2854
4009	6	2855
4010	6	2856
4011	6	2857
4012	6	2859
4013	6	2861
4014	6	2862
4015	6	2863
4016	6	2873
4017	6	2882
4018	6	2883
4019	6	2884
4020	6	2885
4021	6	2972
4022	6	3044
4023	6	3909
4024	6	3910
4025	6	3912
4026	6	3917
4027	6	3918
4028	6	3919
4029	6	3920
4030	6	3921
4031	6	3922
4032	6	3923
4033	6	3924
4034	6	3925
4035	6	3926
4036	6	3927
4037	6	3928
4038	6	3929
4039	6	3930
4040	6	3931
4041	6	3932
4042	6	3933
4043	6	3934
4044	6	3935
4045	6	3936
4046	6	3937
4047	6	3938
4048	6	3939
4049	6	3940
4050	6	3941
4051	6	3942
4052	6	3943
4053	6	3944
4054	6	3945
4055	6	3946
4056	6	3947
4057	6	3948
4058	6	3949
4059	6	3950
4060	6	3951
4061	6	3952
4062	6	3953
4063	6	3954
4064	6	3955
4065	6	3956
4066	6	3957
4067	6	3958
4068	6	3959
4069	6	3960
4070	6	3961
4071	6	3962
4072	6	3963
4073	6	3964
4074	6	3965
4075	6	3966
4076	6	3967
4077	6	3968
4078	6	3969
4079	6	3970
4080	6	3971
4081	6	3972
4082	6	3973
4083	6	3974
4084	6	3975
4085	6	3976
4086	6	3977
4087	6	3978
4088	6	3979
4089	6	3980
4090	6	3981
4091	6	3982
4092	6	3983
4093	6	3984
4094	6	3985
4095	6	3986
4096	6	3987
4097	6	3988
4098	6	3989
4099	6	3990
4100	6	3991
4101	6	3992
4102	6	3993
4103	6	3994
4104	6	3995
4105	6	3996
4106	6	3997
4107	6	3998
4108	6	3999
4109	6	4000
4110	6	4001
4111	6	4002
4112	6	4003
4113	6	4004
4114	6	4005
4115	6	4006
4116	6	4007
4117	6	4008
4118	6	4009
4119	6	4010
4120	6	4011
4121	6	4012
4122	6	4013
4123	6	4014
4124	6	4015
4125	6	4016
4126	6	4017
4127	6	4018
4128	6	4019
4129	6	4020
4130	6	4021
4131	6	4022
4132	6	4023
4133	6	4024
4134	6	4025
4135	6	4026
4136	6	4027
4137	6	4028
4138	6	4029
4139	6	4030
4140	6	4031
4141	6	4032
4142	6	4033
4143	6	4034
4144	6	4035
4145	6	4036
4146	6	4037
4147	6	4038
4148	6	4039
4149	6	4040
4150	6	4041
4151	6	4042
4152	6	4043
4153	6	4044
4154	6	4045
4155	6	4046
4156	6	4047
4157	6	4048
4158	6	4049
4159	6	4050
4160	6	4051
4161	6	4052
4162	6	4053
4163	6	4054
4164	6	4058
4165	6	4064
4166	6	4065
4167	6	4068
4168	6	4069
4169	6	4070
4170	6	4071
4171	6	4072
4172	6	4073
4173	6	4074
4174	6	4075
4175	6	4076
4176	6	4077
4177	6	4078
4178	6	4079
4179	6	4080
4180	6	4081
4181	6	4082
4182	6	4083
4183	6	4084
4184	6	4085
4185	6	4086
4186	6	4087
4187	6	4088
4188	6	4089
4189	6	4090
4190	6	4091
4191	6	4092
4192	6	4093
4193	6	4094
4194	6	4095
4195	6	4096
4196	6	4097
4197	6	4098
4198	6	4099
4199	6	4100
4200	6	4101
4201	6	4102
4202	6	4103
4203	6	4104
4204	6	4105
4205	6	4106
4206	6	4107
4207	6	4108
4208	6	4109
4209	6	4110
4210	6	4111
4211	6	4112
4212	6	4113
4213	6	4114
4214	6	4116
4215	6	4118
4216	6	4120
4217	6	4122
4218	6	4127
4219	6	4131
4220	6	4144
4221	6	4157
4222	6	4159
4223	6	4162
4224	6	4165
4225	6	4166
4226	6	4167
4227	6	4168
4228	6	4169
4229	6	4170
4230	6	4171
4231	6	4172
4232	6	4173
4233	6	4174
4234	6	4175
4235	6	4176
4236	6	4177
4237	6	4178
4238	6	4179
4239	6	4180
4240	6	4181
4241	6	4182
4242	6	4183
4243	6	4184
4244	6	4185
4245	6	4186
4246	6	4187
4247	6	4188
4248	6	4189
4249	6	4190
4250	6	4191
4251	6	4192
4252	6	4193
4253	6	4194
4254	6	4195
4255	6	4196
4256	6	4197
4257	6	4198
4258	6	4199
4259	6	4200
4260	6	4201
4261	6	4202
4262	6	4203
4263	6	4204
4264	6	4205
4265	6	4206
4266	6	4207
4267	6	4208
4268	6	4209
4269	6	4210
4270	6	4211
4271	6	4212
4272	6	4213
4273	6	4214
4274	6	4215
4275	6	4216
4276	6	4217
4277	6	4218
4278	6	4219
4279	6	4220
4280	6	4221
4281	6	4222
4282	6	4223
4283	6	4224
4284	6	4225
4285	6	4226
4286	6	4227
4287	6	4228
4288	6	4229
4289	6	4230
4290	6	4231
4291	6	4232
4292	6	4233
4293	6	4234
4294	6	4235
4295	6	4236
4296	6	4237
4297	6	4238
4298	6	4239
4299	6	4240
4300	6	4241
4301	6	4242
4302	6	4243
4303	6	4244
4304	6	4245
4305	6	4246
4306	6	4247
4307	6	4248
4308	6	4249
4309	6	4250
4310	6	4251
4311	6	4252
4312	6	4253
4313	6	4254
4314	6	4255
4315	6	4256
4316	6	4257
4317	6	4258
4318	6	4259
4319	6	4260
4320	6	4261
4321	6	4262
4322	6	4263
4323	6	4264
4324	6	4265
4325	6	4266
4326	6	4267
4327	6	4268
4328	6	4269
4329	6	4270
4330	6	4271
4331	6	4272
4332	6	4273
4333	6	4274
4334	6	4275
4335	6	4276
4336	6	4277
4337	6	4278
4338	6	4279
4339	6	4280
4340	6	4281
4341	6	4282
4342	6	4283
4343	6	4284
4344	6	4285
4345	6	4286
4346	6	4287
4347	6	4288
4348	6	4289
4349	6	4290
4350	6	4291
4351	6	4292
4352	6	4293
4353	6	4294
4354	6	4295
4355	6	4296
4356	6	4297
4357	6	4298
4358	6	4299
4359	6	4300
4360	6	4301
4361	6	4302
4362	6	4303
4363	6	4304
4364	6	4305
4365	6	4306
4366	6	4307
4367	6	4308
4368	6	4309
4369	6	4310
4370	6	4311
4371	6	4312
4372	6	4313
4373	6	4314
4374	6	4315
4375	6	4316
4376	6	4317
4377	6	4318
4378	6	4319
4379	6	4320
4380	6	4321
4381	6	4322
4382	6	4323
4383	6	4324
4384	6	4325
4385	6	4326
4386	6	4327
4387	6	4328
4388	6	4329
4389	6	4330
4390	6	4331
4391	6	4332
4392	6	4333
4393	6	4334
4394	6	4335
4395	6	4336
4396	6	4337
4397	6	4338
4398	6	4339
4399	6	4340
4400	6	4341
4401	6	4342
4402	6	4343
4403	6	4344
4404	6	4345
4405	6	4346
4406	6	4347
4407	6	4348
4408	6	4349
4409	6	4350
4410	6	4351
4411	6	4352
4412	6	4353
4413	6	4354
4414	6	4355
4415	6	4356
4416	6	4357
4417	6	4358
4418	6	4359
4419	6	4360
4420	6	4361
4421	6	4362
4422	6	4363
4423	6	4364
4424	6	4365
4425	6	4366
4426	6	4367
4427	6	4368
4428	6	4369
4429	6	4370
4430	6	4371
4431	6	4372
4432	6	4373
4433	6	4374
4434	6	4375
4435	6	4376
4436	6	4377
4437	6	4378
4438	6	4379
4439	6	4381
4440	6	4384
4441	6	4386
4442	6	4391
4443	6	4392
4444	6	4393
4445	6	4394
4446	6	4395
4447	6	4396
4448	6	4400
4449	6	4401
4450	6	4402
4451	6	4403
4452	6	4404
4453	6	4405
4454	6	4406
4455	6	4407
4456	6	4408
4457	6	4409
4458	6	4410
4459	6	4411
4460	6	4412
4461	6	4413
4462	6	4414
4463	6	4415
4464	6	4416
4465	6	4417
4466	6	4418
4467	6	4419
4468	6	4420
4469	6	4421
4470	6	4422
4471	6	4423
4472	6	4424
4473	6	4425
4474	6	4426
4475	6	4427
4476	6	4428
4477	6	4429
4478	6	4430
4479	6	4431
4480	6	4432
4481	6	4433
4482	6	4434
4483	6	4435
4484	6	4436
4485	6	4437
4486	6	4438
4487	6	4439
4488	6	4440
4489	6	4441
4490	6	4442
4491	6	4443
4492	6	4444
4493	6	4445
4494	6	4448
4495	6	4452
4496	6	4453
4497	6	4454
4498	6	4455
4499	6	4456
4500	6	4457
4501	6	4458
4502	6	4459
4503	6	4460
4504	6	4461
4505	6	4462
4506	6	4463
4507	6	4464
4508	6	4465
4509	6	4466
4510	6	4467
4511	6	4468
4512	6	4469
4513	6	4471
4514	6	4478
4515	6	4491
4516	6	4505
4517	6	4508
4518	6	4509
4519	6	4510
4520	6	4511
4521	6	4512
4522	6	4513
4523	6	4514
4524	6	4515
4525	6	4516
4526	6	4517
4527	6	4518
4528	6	4519
4529	6	4520
4530	6	4521
4531	6	4522
4532	6	4523
4533	6	4524
4534	6	4525
4535	6	4526
4536	6	4527
4537	6	4528
4538	6	4529
4539	6	4530
4540	6	4531
4541	6	4532
4542	6	4533
4543	6	4534
4544	6	4535
4545	6	4536
4546	6	4537
4547	6	4538
4548	6	4539
4549	6	4540
4550	6	4541
4551	6	4542
4552	6	4543
4553	6	4544
4554	6	4545
4555	6	4546
4556	6	4547
4557	6	4548
4558	6	4549
4559	6	4550
4560	6	4551
4561	6	4552
4562	6	4553
4563	6	4554
4564	6	4555
4565	6	4556
4566	6	4557
4567	6	4558
4568	6	4559
4569	6	4560
4570	6	4561
4571	6	4562
4572	6	4563
4573	6	4564
4574	6	4565
4575	6	4566
4576	6	4567
4577	6	4568
4578	6	4569
4579	6	4570
4580	6	4571
4581	6	4572
4582	6	4573
4583	6	4574
4584	6	4575
4585	6	4576
4586	6	4577
4587	6	4578
4588	6	4583
4589	6	4584
4590	6	4585
4591	6	4586
4592	6	4587
4593	6	4588
4594	6	4589
4595	6	4590
4596	6	4591
4597	6	4592
4598	6	4593
4599	7	3
4600	7	5
4601	7	15
4602	7	20
4603	7	35
4604	7	36
4605	7	419
4606	7	494
4607	7	495
4608	7	496
4609	7	497
4610	7	498
4611	7	534
4612	7	537
4613	7	549
4614	7	550
4615	7	677
4616	7	698
4617	7	699
4618	7	752
4619	7	754
4620	7	797
4621	7	799
4622	7	801
4623	7	802
4624	7	804
4625	7	806
4626	7	1035
4627	7	1036
4628	7	1037
4629	7	1209
4630	7	1210
4631	7	1211
4632	7	1306
4633	7	1773
4634	7	1776
4635	7	1777
4636	7	1778
4637	7	1779
4638	7	1780
4639	7	1781
4640	7	1782
4641	7	1783
4642	7	1784
4643	7	2001
4644	7	2002
4645	7	2003
4646	7	2004
4647	7	2005
4648	7	2006
4649	7	2095
4650	7	2229
4651	7	2230
4652	7	2232
4653	7	2233
4654	7	2234
4655	7	2249
4656	7	2268
4657	7	2270
4658	7	2271
4659	7	2274
4660	7	2353
4661	7	2354
4662	7	2412
4663	7	2413
4664	7	2445
4665	7	2604
4666	7	2607
4667	7	2608
4668	7	2609
4669	7	2610
4670	7	2611
4671	7	2612
4672	7	2613
4673	7	2614
4674	7	2688
4675	7	2689
4676	7	2690
4677	7	2691
4678	7	2747
4679	7	2748
4680	7	2749
4681	7	2751
4682	7	2785
4683	7	2786
4684	7	2787
4685	7	2792
4686	7	2793
4687	7	2795
4688	7	2796
4689	7	2797
4690	7	2798
4691	7	2799
4692	7	2851
4693	7	2852
4694	7	2856
4695	7	2857
4696	7	2859
4697	7	2860
4698	7	2861
4699	7	2862
4700	7	2863
4701	7	2972
4702	7	2973
4703	7	2978
4704	7	3044
4705	7	3045
4706	7	3050
4707	7	4599
4708	7	4600
4709	7	4601
4710	7	4602
4711	7	4603
4712	7	4604
4713	7	4605
4714	7	4606
4715	7	4607
4716	7	4608
4717	7	4609
4718	7	4610
4719	7	4611
4720	7	4612
4721	7	4613
4722	7	4614
4723	7	4615
4724	7	4616
4725	7	4617
4726	7	4618
4727	7	4619
4728	7	4620
4729	7	4621
4730	7	4622
4731	7	4623
4732	7	4624
4733	7	4625
4734	7	4626
4735	7	4627
4736	7	4628
4737	7	4629
4738	7	4630
4739	7	4631
4740	7	4632
4741	7	4633
4742	7	4634
4743	7	4635
4744	7	4636
4745	7	4637
4746	7	4638
4747	7	4639
4748	7	4640
4749	7	4641
4750	7	4642
4751	7	4643
4752	7	4644
4753	7	4645
4754	7	4646
4755	7	4647
4756	7	4648
4757	7	4649
4758	7	4650
4759	7	4651
4760	7	4652
4761	7	4653
4762	7	4655
4763	7	4656
4764	7	4659
4765	7	4661
4766	7	4662
4767	7	4663
4768	7	4665
4769	7	4668
4770	7	4669
4771	7	4670
4772	7	4671
4773	7	4672
4774	7	4673
4775	7	4679
4776	7	4680
4777	7	4681
4778	7	4682
4779	7	4683
4780	7	4684
4781	7	4685
4782	7	4686
4783	7	4687
4784	7	4688
4785	7	4689
4786	7	4690
4787	7	4691
4788	7	4692
4789	7	4696
4790	7	4697
4791	7	4698
4792	7	4699
4793	7	4703
4794	7	4705
4795	7	4706
4796	7	4723
4797	7	4726
4798	7	4734
4799	7	4745
4800	7	4751
4801	7	4752
4802	7	4753
4803	7	4754
4804	7	4755
4805	7	4756
4806	7	4757
4807	7	4758
4808	7	4759
4809	7	4760
4810	7	4761
4811	7	4762
4812	7	4763
4813	7	4764
4814	7	4765
4815	7	4766
4816	7	4767
4817	7	4768
4818	7	4769
4819	7	4770
4820	7	4771
4821	7	4772
4822	7	4773
4823	7	4774
4824	7	4775
4825	7	4776
4826	7	4777
4827	7	4778
4828	7	4779
4829	7	4780
4830	7	4781
4831	7	4782
4832	7	4783
4833	7	4784
4834	7	4785
4835	7	4786
4836	7	4787
4837	7	4788
4838	7	4789
4839	7	4790
4840	7	4791
4841	7	4792
4842	7	4793
4843	7	4794
4844	7	4795
4845	7	4796
4846	7	4797
4847	7	4798
4848	7	4799
4849	7	4800
4850	7	4801
4851	7	4802
4852	7	4803
4853	7	4804
4854	7	4805
4855	7	4806
4856	7	4807
4857	7	4808
4858	7	4809
4859	7	4810
4860	7	4811
4861	7	4812
4862	7	4813
4863	7	4814
4864	7	4815
4865	7	4816
4866	7	4817
4867	7	4818
4868	7	4819
4869	7	4820
4870	7	4821
4871	7	4822
4872	7	4823
4873	7	4824
4874	7	4825
4875	7	4826
4876	7	4830
4877	7	4831
4878	7	4832
4879	7	4833
4880	7	4834
4881	7	4835
4882	7	4836
4883	7	4837
4884	7	4838
4885	7	4839
4886	7	4840
4887	7	4841
4888	7	4842
4889	7	4843
4890	7	4844
4891	7	4845
4892	7	4846
4893	7	4847
4894	7	4848
4895	7	4849
4896	7	4850
4897	7	4851
4898	7	4852
4899	7	4853
4900	7	4854
4901	7	4855
4902	7	4856
4903	7	4857
4904	7	4858
4905	7	4859
4906	7	4860
4907	7	4861
4908	7	4862
4909	7	4863
4910	7	4864
4911	7	4865
4912	7	4866
4913	7	4867
4914	7	4868
4915	7	4869
4916	7	4870
4917	7	4871
4918	7	4872
4919	7	4873
4920	7	4874
4921	7	4875
4922	7	4876
4923	7	4877
4924	7	4878
4925	7	4879
4926	7	4880
4927	7	4881
4928	7	4882
4929	7	4883
4930	7	4884
4931	7	4885
4932	7	4886
4933	7	4887
4934	7	4888
4935	7	4889
4936	7	4890
4937	7	4891
4938	7	4892
4939	7	4893
4940	7	4894
4941	7	4895
4942	7	4896
4943	7	4897
4944	7	4898
4945	7	4899
4946	7	4900
4947	7	4901
4948	7	4902
4949	7	4903
4950	7	4904
4951	7	4905
4952	7	4906
4953	7	4908
4954	7	4909
4955	7	4913
4956	7	4914
4957	7	4918
4958	7	4919
4959	7	4920
4960	7	4921
4961	7	4922
4962	7	4923
4963	7	4924
4964	7	4927
4965	7	4930
4966	7	4932
4967	7	4933
4968	7	4949
4969	7	4966
4970	7	4967
4971	7	4968
4972	7	4969
4973	7	4970
4974	7	4971
4975	7	4972
4976	7	4973
4977	7	4974
4978	7	4975
4979	7	4976
4980	7	4977
4981	7	4978
4982	7	4979
4983	7	4980
4984	7	4981
4985	7	4982
4986	7	4983
4987	7	4984
4988	7	4985
4989	7	4986
4990	7	4987
4991	7	4988
4992	7	4989
4993	7	4990
4994	7	4991
4995	7	4995
4996	8	5
4997	8	15
4998	8	20
4999	8	35
5000	8	36
5001	8	180
5002	8	378
5003	8	534
5004	8	537
5005	8	549
5006	8	550
5007	8	602
5008	8	663
5009	8	799
5010	8	1039
5011	8	1040
5012	8	1041
5013	8	1042
5014	8	1467
5015	8	1686
5016	8	1775
5017	8	1778
5018	8	1779
5019	8	1782
5020	8	2001
5021	8	2002
5022	8	2005
5023	8	2006
5024	8	2095
5025	8	2229
5026	8	2230
5027	8	2231
5028	8	2232
5029	8	2233
5030	8	2234
5031	8	2270
5032	8	2355
5033	8	2356
5034	8	2414
5035	8	2500
5036	8	2575
5037	8	2606
5038	8	2609
5039	8	2610
5040	8	2613
5041	8	2688
5042	8	2691
5043	8	2747
5044	8	2748
5045	8	2749
5046	8	2753
5047	8	2758
5048	8	2760
5049	8	2761
5050	8	2762
5051	8	2763
5052	8	2765
5053	8	2767
5054	8	2770
5055	8	2771
5056	8	2778
5057	8	2785
5058	8	2786
5059	8	2787
5060	8	2788
5061	8	2789
5062	8	2792
5063	8	2793
5064	8	2795
5065	8	2797
5066	8	2798
5067	8	2799
5068	8	2815
5069	8	2817
5070	8	2818
5071	8	2819
5072	8	2833
5073	8	2834
5074	8	2835
5075	8	2837
5076	8	2850
5077	8	2851
5078	8	2852
5079	8	2853
5080	8	2854
5081	8	2856
5082	8	2857
5083	8	2859
5084	8	2861
5085	8	2862
5086	8	2863
5087	8	2877
5088	8	2883
5089	8	2884
5090	8	2885
5091	8	2972
5092	8	3044
5093	8	4111
5094	8	4467
5095	8	4629
5096	8	4630
5097	8	4631
5098	8	4632
5099	8	4633
5100	8	4634
5101	8	4635
5102	8	4636
5103	8	4637
5104	8	4638
5105	8	4639
5106	8	4640
5107	8	4641
5108	8	4642
5109	8	4643
5110	8	4644
5111	8	4645
5112	8	4646
5113	8	4647
5114	8	4648
5115	8	4649
5116	8	4650
5117	8	4651
5118	8	4652
5119	8	4653
5120	8	4697
5121	8	4698
5122	8	4699
5123	8	4927
5124	8	4996
5125	8	5022
5126	8	5023
5127	8	5024
5128	8	5025
5129	8	5026
5130	8	5027
5131	8	5028
5132	8	5029
5133	8	5030
5134	8	5031
5135	8	5032
5136	8	5033
5137	8	5034
5138	8	5035
5139	8	5036
5140	8	5037
5141	8	5038
5142	8	5039
5143	8	5040
5144	8	5041
5145	8	5042
5146	8	5043
5147	8	5044
5148	8	5045
5149	8	5046
5150	8	5047
5151	8	5048
5152	8	5049
5153	8	5050
5154	8	5051
5155	8	5052
5156	8	5053
5157	8	5054
5158	8	5055
5159	8	5056
5160	8	5057
5161	8	5058
5162	8	5059
5163	8	5060
5164	8	5061
5165	8	5062
5166	8	5063
5167	8	5064
5168	8	5065
5169	8	5066
5170	8	5067
5171	8	5068
5172	8	5069
5173	8	5070
5174	8	5071
5175	8	5072
5176	8	5073
5177	8	5074
5178	8	5075
5179	8	5076
5180	8	5077
5181	8	5078
5182	8	5079
5183	8	5080
5184	8	5081
5185	8	5082
5186	8	5083
5187	8	5084
5188	8	5085
5189	8	5086
5190	8	5087
5191	8	5088
5192	8	5089
5193	8	5090
5194	8	5091
5195	8	5092
5196	8	5093
5197	8	5094
5198	8	5095
5199	8	5096
5200	8	5097
5201	8	5098
5202	8	5099
5203	8	5100
5204	8	5101
5205	8	5102
5206	8	5103
5207	8	5104
5208	8	5105
5209	8	5106
5210	8	5107
5211	8	5108
5212	8	5109
5213	8	5110
5214	8	5111
5215	8	5112
5216	8	5113
5217	8	5114
5218	8	5115
5219	8	5116
5220	8	5117
5221	8	5118
5222	8	5119
5223	8	5120
5224	8	5121
5225	8	5122
5226	8	5123
5227	8	5124
5228	8	5125
5229	8	5126
5230	8	5127
5231	8	5128
5232	8	5129
5233	8	5130
5234	8	5131
5235	8	5132
5236	8	5133
5237	8	5134
5238	8	5135
5239	8	5136
5240	8	5137
5241	8	5138
5242	8	5139
5243	8	5140
5244	8	5141
5245	8	5142
5246	8	5143
5247	8	5144
5248	8	5145
5249	8	5146
5250	8	5147
5251	8	5148
5252	8	5149
5253	8	5150
5254	8	5151
5255	8	5152
5256	8	5153
5257	8	5154
5258	8	5155
5259	8	5156
5260	8	5157
5261	8	5158
5262	8	5159
5263	8	5160
5264	8	5161
5265	8	5162
5266	8	5163
5267	8	5164
5268	8	5165
5269	8	5166
5270	8	5167
5271	8	5168
5272	8	5169
5273	8	5170
5274	8	5171
5275	8	5172
5276	8	5173
5277	8	5174
5278	8	5175
5279	8	5176
5280	8	5177
5281	8	5178
5282	8	5179
5283	8	5180
5284	8	5181
5285	8	5182
5286	8	5183
5287	8	5184
5288	8	5185
5289	8	5186
5290	8	5187
5291	8	5188
5292	8	5189
5293	8	5190
5294	8	5191
5295	8	5192
5296	8	5193
5297	8	5194
5298	8	5195
5299	8	5196
5300	8	5197
5301	8	5198
5302	8	5199
5303	8	5200
5304	8	5201
5305	8	5202
5306	8	5203
5307	8	5204
5308	8	5205
5309	8	5206
5310	8	5207
5311	8	5208
5312	8	5209
5313	8	5210
5314	8	5211
5315	8	5212
5316	8	5213
5317	8	5217
5318	8	5219
5319	8	5220
5320	8	5221
5321	8	5222
5322	8	5223
5323	8	5224
5324	8	5225
5325	8	5226
5326	8	5227
5327	8	5228
5328	8	5231
5329	8	5232
5330	8	5236
5331	8	5239
5332	8	5240
5333	8	5241
5334	8	5244
5335	8	5245
5336	8	5246
5337	8	5247
5338	8	5248
5339	8	5249
5340	8	5250
5341	8	5251
5342	8	5252
5343	8	5254
5344	8	5255
5345	8	5256
5346	8	5257
5347	8	5258
5348	8	5259
5349	8	5260
5350	8	5261
5351	8	5262
5352	8	5264
5353	8	5265
5354	8	5266
5355	8	5267
5356	8	5268
5357	8	5269
5358	8	5270
5359	8	5271
5360	8	5272
5361	8	5273
5362	8	5274
5363	8	5275
5364	8	5276
5365	8	5277
5366	8	5278
5367	8	5279
5368	8	5280
5369	8	5281
5370	8	5282
5371	8	5283
5372	8	5284
5373	8	5285
5374	8	5286
5375	8	5287
5376	8	5288
5377	8	5289
5378	8	5290
5379	8	5291
5380	8	5292
5381	8	5293
5382	8	5294
5383	8	5295
5384	8	5296
5385	8	5297
5386	8	5298
5387	8	5299
5388	8	5300
5389	8	5301
5390	8	5302
5391	8	5303
5392	8	5304
5393	8	5305
5394	8	5306
5395	8	5307
5396	8	5308
5397	8	5309
5398	8	5310
5399	8	5311
5400	8	5312
5401	8	5313
5402	8	5314
5403	8	5315
5404	8	5316
5405	8	5317
5406	8	5318
5407	8	5319
5408	8	5320
5409	8	5321
5410	8	5322
5411	8	5323
5412	8	5324
5413	8	5325
5414	8	5326
5415	8	5327
5416	8	5328
5417	8	5329
5418	8	5330
5419	8	5331
5420	8	5332
5421	8	5333
5422	8	5334
5423	8	5335
5424	8	5336
5425	8	5337
5426	8	5338
5427	8	5339
5428	8	5340
5429	8	5344
5430	8	5345
5431	8	5346
5432	8	5347
5433	8	5348
5434	8	5349
5435	8	5350
5436	8	5351
5437	8	5352
5438	8	5353
5439	8	5354
5440	8	5355
5441	8	5356
5442	8	5357
5443	8	5358
5444	8	5359
5445	8	5360
5446	8	5361
5447	8	5362
5448	8	5363
5449	8	5364
5450	8	5365
5451	8	5366
5452	8	5367
5453	8	5368
5454	8	5369
5455	8	5370
5456	8	5371
5457	8	5376
5458	8	5377
5459	8	5386
5460	8	5390
5461	8	5397
5462	8	5398
5463	8	5399
5464	8	5402
5465	8	5404
5466	8	5405
5467	8	5406
5468	8	5407
5469	8	5408
5470	8	5409
5471	8	5410
5472	8	5411
5473	8	5412
5474	8	5414
5475	8	5415
5476	8	5416
5477	8	5418
5478	8	5434
5479	8	5435
5480	8	5436
5481	8	5437
5482	8	5438
5483	8	5439
5484	8	5440
5485	8	5441
5486	8	5442
5487	8	5443
5488	8	5444
5489	8	5445
5490	8	5446
5491	8	5447
5492	8	5448
5493	8	5449
5494	8	5450
5495	8	5451
5496	8	5452
5497	8	5453
5498	8	5454
5499	8	5457
5500	8	5458
5501	8	5459
5502	8	5460
5503	8	5461
5504	8	5462
5505	8	5463
5506	8	5464
5507	8	5465
5508	8	5467
5509	8	5471
5510	8	5472
5511	8	5473
5512	8	5475
5513	8	5476
5514	8	5477
5515	8	5478
5516	8	5479
5517	8	5480
5518	8	5482
5519	8	5483
5520	8	5484
5521	8	5485
5522	8	5486
5523	8	5487
5524	8	5488
5525	8	5489
5526	8	5490
5527	8	5491
5528	8	5492
5529	8	5493
5530	8	5494
5531	8	5495
5532	8	5496
5533	8	5497
5534	8	5498
5535	8	5499
5536	8	5500
5537	8	5501
5538	8	5502
5539	8	5503
5540	8	5504
5541	8	5505
5542	8	5506
5543	8	5507
5544	8	5508
5545	8	5509
5546	8	5510
5547	8	5511
5548	8	5512
5549	8	5513
5550	8	5514
5551	8	5515
5552	8	5516
5553	8	5517
5554	8	5518
5555	8	5519
5556	8	5520
5557	8	5521
5558	8	5523
5559	8	5524
5560	8	5525
5561	8	5526
5562	8	5527
5563	8	5528
5564	8	5529
5565	8	5530
5566	8	5534
5567	8	5543
5568	8	5547
5569	8	5554
5570	8	5555
5571	8	5558
5572	8	5560
5573	8	5561
5574	8	5562
5575	8	5563
5576	8	5564
5577	8	5565
5578	8	5566
5579	8	5567
5580	8	5568
5581	8	5569
5582	8	5571
5583	8	5579
5584	8	5580
5585	8	5581
5586	8	5582
5587	8	5583
5588	8	5584
5589	8	5585
5590	8	5586
5591	8	5587
5592	8	5588
5593	8	5589
5594	8	5592
5595	8	5593
5596	8	5594
5597	8	5595
5598	8	5596
5599	8	5597
5600	8	5598
5601	8	5599
5602	8	5600
5603	8	5601
5604	8	5602
5605	8	5603
5606	8	5604
5607	8	5605
5608	8	5606
5609	8	5607
5610	8	5608
5611	8	5609
5612	8	5610
5613	8	5611
5614	8	5612
5615	8	5613
5616	8	5614
5617	8	5615
5618	8	5616
5619	8	5617
5620	8	5618
5621	8	5619
5622	8	5620
5623	8	5621
5624	8	5622
5625	8	5623
5626	8	5624
5627	8	5625
5628	8	5626
5629	8	5627
5630	8	5628
5631	8	5629
5632	8	5630
5633	8	5631
5634	8	5632
5635	8	5633
5636	8	5634
5637	8	5635
5638	8	5636
5639	8	5637
5640	8	5638
5641	8	5639
5642	8	5640
5643	8	5641
5644	8	5642
5645	8	5643
5646	8	5644
5647	8	5645
5648	8	5646
5649	8	5647
5650	8	5648
5651	8	5649
5652	8	5650
5653	8	5651
5654	8	5652
5655	8	5653
5656	8	5654
5657	8	5655
5658	8	5656
5659	8	5657
5660	8	5658
5661	8	5659
5662	8	5660
5663	8	5661
5664	8	5662
5665	8	5663
5666	8	5664
5667	8	5665
5668	8	5666
5669	8	5667
5670	8	5668
5671	8	5669
5672	8	5670
5673	8	5671
5674	8	5672
5675	8	5673
5676	8	5674
5677	8	5675
5678	8	5676
5679	8	5677
5680	8	5678
5681	8	5679
5682	8	5680
5683	8	5681
5684	8	5682
5685	8	5684
5686	8	5685
5687	8	5686
5688	8	5687
5689	8	5688
5690	8	5689
5691	8	5690
5692	8	5691
5693	8	5692
5694	8	5693
5695	8	5694
5696	8	5695
5697	8	5696
5698	8	5697
5699	8	5698
5700	8	5699
5701	8	5700
5702	8	5701
5703	8	5702
5704	8	5703
5705	8	5704
5706	8	5705
5707	8	5706
5708	8	5707
5709	8	5708
5710	8	5709
5711	8	5710
5712	8	5711
5713	8	5712
5714	8	5713
5715	8	5714
5716	8	5715
5717	8	5716
5718	8	5717
5719	8	5718
5720	8	5719
5721	8	5720
5722	8	5721
5723	8	5722
5724	8	5723
5725	8	5724
5726	8	5725
5727	8	5726
5728	8	5727
5729	8	5728
5730	8	5729
5731	8	5730
5732	8	5731
5733	9	2
5734	9	3
5735	9	5
5736	9	6
5737	9	7
5738	9	8
5739	9	11
5740	9	12
5741	9	15
5742	9	17
5743	9	18
5744	9	20
5745	9	21
5746	9	22
5747	9	29
5748	9	31
5749	9	33
5750	9	34
5751	9	35
5752	9	36
5753	9	37
5754	9	38
5755	9	42
5756	9	44
5757	9	344
5758	9	520
5759	9	521
5760	9	522
5761	9	524
5762	9	527
5763	9	528
5764	9	529
5765	9	532
5766	9	534
5767	9	536
5768	9	537
5769	9	538
5770	9	539
5771	9	544
5772	9	546
5773	9	548
5774	9	549
5775	9	550
5776	9	551
5777	9	552
5778	9	555
5779	9	556
5780	9	707
5781	9	708
5782	9	709
5783	9	710
5784	9	711
5785	9	2887
5786	9	5736
5787	9	5737
5788	9	5739
5789	9	5741
5790	9	5744
5791	9	5747
5792	9	5751
5793	9	5752
5794	9	5753
5795	9	5757
5796	9	5758
5797	9	5760
5798	9	5762
5799	9	5764
5800	9	5765
5801	9	5773
5802	9	5774
5803	9	5776
5804	9	5777
5805	9	5778
5806	9	5782
5807	9	5784
5808	9	5785
5809	9	5786
5810	9	5787
5811	9	5791
5812	9	5795
5813	9	5801
5814	9	5809
5815	9	5810
5816	9	5811
5817	9	5817
5818	10	3
5819	10	5
5820	10	15
5821	10	20
5822	10	35
5823	10	36
5824	10	534
5825	10	537
5826	10	549
5827	10	550
5828	10	751
5829	10	752
5830	10	754
5831	10	755
5832	10	797
5833	10	799
5834	10	800
5835	10	801
5836	10	802
5837	10	804
5838	10	806
5839	10	1035
5840	10	1036
5841	10	1037
5842	10	1038
5843	10	1308
5844	10	1309
5845	10	1310
5846	10	1311
5847	10	1312
5848	10	1313
5849	10	1314
5850	10	1315
5851	10	1316
5852	10	1317
5853	10	1318
5854	10	1319
5855	10	1320
5856	10	1321
5857	10	1322
5858	10	1323
5859	10	1324
5860	10	1325
5861	10	1326
5862	10	1327
5863	10	1328
5864	10	1329
5865	10	1330
5866	10	1331
5867	10	1332
5868	10	1333
5869	10	1334
5870	10	1335
5871	10	1336
5872	10	1337
5873	10	1338
5874	10	1339
5875	10	1340
5876	10	1341
5877	10	1342
5878	10	1343
5879	10	1344
5880	10	1345
5881	10	1346
5882	10	1347
5883	10	1348
5884	10	1349
5885	10	1350
5886	10	1351
5887	10	1352
5888	10	1353
5889	10	1354
5890	10	1355
5891	10	1356
5892	10	1357
5893	10	1358
5894	10	1359
5895	10	1360
5896	10	1361
5897	10	1362
5898	10	1363
5899	10	1364
5900	10	1365
5901	10	1366
5902	10	1367
5903	10	1368
5904	10	1369
5905	10	1370
5906	10	1371
5907	10	1372
5908	10	1373
5909	10	1374
5910	10	1375
5911	10	1376
5912	10	1377
5913	10	1378
5914	10	1379
5915	10	1380
5916	10	1381
5917	10	1382
5918	10	1383
5919	10	1384
5920	10	1385
5921	10	1386
5922	10	1387
5923	10	1388
5924	10	1389
5925	10	1390
5926	10	1391
5927	10	1392
5928	10	1393
5929	10	1394
5930	10	1395
5931	10	1396
5932	10	1397
5933	10	1398
5934	10	1399
5935	10	1400
5936	10	1401
5937	10	1402
5938	10	1403
5939	10	1404
5940	10	1405
5941	10	1406
5942	10	1407
5943	10	1408
5944	10	1409
5945	10	1410
5946	10	1411
5947	10	1412
5948	10	1413
5949	10	1414
5950	10	1415
5951	10	1416
5952	10	1417
5953	10	1418
5954	10	1419
5955	10	1420
5956	10	1421
5957	10	1422
5958	10	1423
5959	10	1424
5960	10	1425
5961	10	1426
5962	10	1427
5963	10	1428
5964	10	1429
5965	10	1430
5966	10	1773
5967	10	1775
5968	10	1776
5969	10	1777
5970	10	1778
5971	10	1779
5972	10	1780
5973	10	1781
5974	10	1782
5975	10	1783
5976	10	1784
5977	10	2001
5978	10	2002
5979	10	2003
5980	10	2004
5981	10	2005
5982	10	2006
5983	10	2095
5984	10	2229
5985	10	2230
5986	10	2231
5987	10	2232
5988	10	2233
5989	10	2234
5990	10	2249
5991	10	2268
5992	10	2270
5993	10	2271
5994	10	2274
5995	10	2353
5996	10	2354
5997	10	2447
5998	10	2448
5999	10	2449
6000	10	2450
6001	10	2451
6002	10	2452
6003	10	2453
6004	10	2454
6005	10	2455
6006	10	2456
6007	10	2457
6008	10	2458
6009	10	2459
6010	10	2460
6011	10	2461
6012	10	2462
6013	10	2463
6014	10	2464
6015	10	2465
6016	10	2466
6017	10	2467
6018	10	2468
6019	10	2469
6020	10	2470
6021	10	2471
6022	10	2472
6023	10	2473
6024	10	2474
6025	10	2475
6026	10	2476
6027	10	2477
6028	10	2478
6029	10	2479
6030	10	2480
6031	10	2481
6032	10	2482
6033	10	2483
6034	10	2484
6035	10	2485
6036	10	2486
6037	10	2487
6038	10	2488
6039	10	2604
6040	10	2606
6041	10	2607
6042	10	2608
6043	10	2609
6044	10	2610
6045	10	2611
6046	10	2612
6047	10	2613
6048	10	2614
6049	10	2688
6050	10	2689
6051	10	2690
6052	10	2691
6053	10	2747
6054	10	2748
6055	10	2749
6056	10	2750
6057	10	2751
6058	10	2752
6059	10	2753
6060	10	2792
6061	10	2793
6062	10	2795
6063	10	2796
6064	10	2797
6065	10	2798
6066	10	2799
6067	10	2856
6068	10	2857
6069	10	2859
6070	10	2860
6071	10	2861
6072	10	2862
6073	10	2863
6074	10	2908
6075	10	2972
6076	10	2973
6077	10	2978
6078	10	3044
6079	10	3045
6080	10	3050
6081	10	4165
6082	10	4166
6083	10	4167
6084	10	4168
6085	10	4169
6086	10	4170
6087	10	4171
6088	10	4172
6089	10	4173
6090	10	4174
6091	10	4175
6092	10	4176
6093	10	4177
6094	10	4178
6095	10	4179
6096	10	4180
6097	10	4181
6098	10	4182
6099	10	4183
6100	10	4184
6101	10	4185
6102	10	4186
6103	10	4187
6104	10	4188
6105	10	4189
6106	10	4190
6107	10	4191
6108	10	4192
6109	10	4193
6110	10	4194
6111	10	4195
6112	10	4196
6113	10	4197
6114	10	4198
6115	10	4199
6116	10	4200
6117	10	4201
6118	10	4202
6119	10	4203
6120	10	4204
6121	10	4205
6122	10	4206
6123	10	4207
6124	10	4208
6125	10	4209
6126	10	4210
6127	10	4211
6128	10	4212
6129	10	4213
6130	10	4214
6131	10	4215
6132	10	4216
6133	10	4217
6134	10	4218
6135	10	4219
6136	10	4220
6137	10	4221
6138	10	4222
6139	10	4223
6140	10	4224
6141	10	4225
6142	10	4226
6143	10	4227
6144	10	4228
6145	10	4229
6146	10	4230
6147	10	4231
6148	10	4232
6149	10	4233
6150	10	4234
6151	10	4235
6152	10	4236
6153	10	4237
6154	10	4238
6155	10	4239
6156	10	4240
6157	10	4241
6158	10	4242
6159	10	4243
6160	10	4244
6161	10	4245
6162	10	4246
6163	10	4247
6164	10	4248
6165	10	4249
6166	10	4250
6167	10	4251
6168	10	4252
6169	10	4253
6170	10	4254
6171	10	4255
6172	10	4256
6173	10	4257
6174	10	4258
6175	10	4259
6176	10	4260
6177	10	4261
6178	10	4262
6179	10	4263
6180	10	4264
6181	10	4265
6182	10	4266
6183	10	4267
6184	10	4268
6185	10	4269
6186	10	4270
6187	10	4271
6188	10	4272
6189	10	4273
6190	10	4274
6191	10	4275
6192	10	4276
6193	10	4277
6194	10	4278
6195	10	4279
6196	10	4280
6197	10	4281
6198	10	4282
6199	10	4283
6200	10	4284
6201	10	4285
6202	10	4286
6203	10	4287
6204	10	4288
6205	10	4289
6206	10	4290
6207	10	4291
6208	10	4292
6209	10	4293
6210	10	4294
6211	10	4295
6212	10	4296
6213	10	4297
6214	10	4298
6215	10	4299
6216	10	4300
6217	10	4301
6218	10	4302
6219	10	4303
6220	10	4304
6221	10	4305
6222	10	4306
6223	10	4307
6224	10	4308
6225	10	4309
6226	10	4310
6227	10	4311
6228	10	4508
6229	10	4509
6230	10	4510
6231	10	4511
6232	10	4512
6233	10	4513
6234	10	4514
6235	10	4515
6236	10	4516
6237	10	4517
6238	10	4518
6239	10	4519
6240	10	4520
6241	10	4521
6242	10	4522
6243	10	4523
6244	10	4524
6245	10	4525
6246	10	4526
6247	10	4527
6248	10	4528
6249	10	4529
6250	10	4530
6251	10	4531
6252	10	4532
6253	10	4533
6254	10	4534
6255	10	4535
6256	10	4536
6257	10	4537
6258	10	4538
6259	10	4539
6260	10	4540
6261	10	4541
6262	10	4542
6263	10	4543
6264	10	4544
6265	10	4545
6266	10	4546
6267	10	4547
6268	10	4548
6269	10	4549
6270	10	4550
6271	10	4551
6272	10	4552
6273	10	4553
6274	10	4554
6275	10	4555
6276	10	4556
6277	10	4599
6278	10	4600
6279	10	4601
6280	10	4602
6281	10	4603
6282	10	4604
6283	10	4605
6284	10	4606
6285	10	4607
6286	10	4608
6287	10	4609
6288	10	4610
6289	10	4611
6290	10	4612
6291	10	4613
6292	10	4614
6293	10	4615
6294	10	4616
6295	10	4617
6296	10	4618
6297	10	4619
6298	10	4620
6299	10	4703
6300	10	4839
6301	10	4840
6302	10	4841
6303	10	4842
6304	10	4843
6305	10	4844
6306	10	4845
6307	10	4846
6308	10	4847
6309	10	4848
6310	10	4849
6311	10	4850
6312	10	4851
6313	10	4852
6314	10	4853
6315	10	4854
6316	10	4855
6317	10	4856
6318	10	4857
6319	10	4858
6320	10	4859
6321	10	4860
6322	10	4861
6323	10	4862
6324	10	4863
6325	10	4864
6326	10	4865
6327	10	4866
6328	10	4867
6329	10	4868
6330	10	4869
6331	10	4870
6332	10	4871
6333	10	4872
6334	10	4873
6335	10	4874
6336	10	4875
6337	10	4876
6338	10	4877
6339	10	4878
6340	10	4879
6341	10	4880
6342	10	4881
6343	10	4882
6344	10	4883
6345	10	4884
6346	10	4885
6347	10	4886
6348	10	4887
6349	10	4888
6350	10	4889
6351	10	4890
6352	10	4891
6353	10	4892
6354	10	4893
6355	10	4894
6356	10	4895
6357	10	4896
6358	10	4897
6359	10	4898
6360	10	4899
6361	10	4900
6362	10	4901
6363	10	4902
6364	10	4903
6365	10	4904
6366	10	4905
6367	10	4930
6368	10	4932
6369	10	5222
6370	10	5224
6371	10	5225
6372	10	5461
6373	10	5462
6374	10	5463
6375	10	5464
6376	10	5534
6377	10	5568
6378	10	5844
6379	10	5847
6380	10	5848
6381	10	5849
6382	10	5850
6383	10	5851
6384	10	5852
6385	10	5853
6386	10	5854
6387	10	5855
6388	10	5856
6389	10	5857
6390	10	5858
6391	10	5859
6392	10	5860
6393	10	5861
6394	10	5862
6395	10	5863
6396	10	5864
6397	10	5865
6398	10	5866
6399	10	5867
6400	10	5868
6401	10	5869
6402	10	5870
6403	10	5871
6404	10	5872
6405	10	5873
6406	10	5874
6407	10	5875
6408	10	5876
6409	10	5877
6410	10	5878
6411	10	5879
6412	10	5880
6413	10	5881
6414	10	5882
6415	10	5883
6416	10	5884
6417	10	5885
6418	10	5886
6419	10	5887
6420	10	5888
6421	10	5889
6422	10	5890
6423	10	5891
6424	10	5892
6425	10	5893
6426	10	5894
6427	10	5895
6428	10	5896
6429	10	5897
6430	10	5898
6431	10	5899
6432	10	5900
6433	10	5901
6434	10	5902
6435	10	5903
6436	10	5904
6437	10	5905
6438	10	5906
6439	10	5907
6440	10	5908
6441	10	5909
6442	10	5910
6443	10	5912
6444	10	5913
6445	10	5914
6446	10	5915
6447	10	5916
6448	10	5917
6449	10	5918
6450	10	5919
6451	10	5920
6452	10	5921
6453	10	5922
6454	10	5923
6455	10	5924
6456	10	5925
6457	10	5926
6458	10	5927
6459	10	5928
6460	10	5929
6461	10	5930
6462	10	5931
6463	10	5932
6464	10	5933
6465	10	5934
6466	10	5935
6467	10	5936
6468	10	5937
6469	10	5939
6470	10	5940
6471	10	5941
6472	10	5942
6473	10	5943
6474	10	5944
6475	10	5945
6476	10	5947
6477	10	5948
6478	10	5949
6479	10	5950
6480	10	5951
6481	10	5952
6482	10	5953
6483	10	5954
6484	10	5955
6485	10	5956
6486	10	5957
6487	10	5958
6488	10	5959
6489	10	5960
6490	10	5961
6491	10	5962
6492	10	5963
6493	10	5964
6494	10	5965
6495	10	5966
6496	10	5967
6497	10	5968
6498	10	5969
6499	10	5970
6500	10	5971
6501	10	5972
6502	10	5973
6503	10	5974
6504	10	5975
6505	10	5976
6506	10	5977
6507	10	5978
6508	10	5979
6509	10	5980
6510	10	5981
6511	10	5982
6512	10	5983
6513	10	5984
6514	10	5985
6515	10	5986
6516	10	5987
6517	10	5988
6518	10	5989
6519	10	5990
6520	10	5991
6521	10	5992
6522	10	5993
6523	10	5994
6524	10	5995
6525	10	5996
6526	10	5997
6527	10	5998
6528	10	5999
6529	10	6000
6530	10	6001
6531	10	6002
6532	10	6003
6533	10	6004
6534	10	6005
6535	10	6006
6536	10	6007
6537	10	6008
6538	10	6009
6539	10	6010
6540	10	6011
6541	10	6012
6542	10	6013
6543	10	6014
6544	10	6015
6545	10	6016
6546	10	6017
6547	10	6018
6548	10	6019
6549	10	6020
6550	10	6021
6551	10	6022
6552	10	6023
6553	10	6024
6554	10	6025
6555	10	6026
6556	10	6027
6557	10	6028
6558	10	6029
6559	10	6030
6560	10	6031
6561	10	6032
6562	10	6033
6563	10	6034
6564	10	6035
6565	10	6036
6566	10	6037
6567	10	6038
6568	10	6039
6569	10	6040
6570	10	6041
6571	10	6042
6572	10	6043
6573	10	6044
6574	10	6045
6575	10	6046
6576	10	6047
6577	10	6048
6578	10	6049
6579	10	6050
6580	10	6051
6581	10	6052
6582	10	6053
6583	10	6054
6584	10	6055
6585	10	6056
6586	10	6057
6587	10	6058
6588	10	6059
6589	10	6060
6590	10	6061
6591	10	6062
6592	10	6063
6593	10	6064
6594	10	6065
6595	10	6066
6596	10	6067
6597	10	6068
6598	10	6069
6599	10	6070
6600	10	6071
6601	10	6072
6602	10	6073
6603	10	6074
6604	10	6075
6605	10	6076
6606	10	6077
6607	10	6078
6608	10	6079
6609	10	6080
6610	10	6081
6611	10	6082
6612	10	6083
6613	10	6084
6614	10	6085
6615	10	6086
6616	10	6087
6617	10	6088
6618	10	6089
6619	10	6090
6620	10	6091
6621	10	6092
6622	10	6093
6623	10	6094
6624	10	6095
6625	10	6096
6626	10	6097
6627	10	6098
6628	10	6099
6629	10	6100
6630	10	6101
6631	10	6102
6632	10	6103
6633	10	6104
6634	10	6105
6635	10	6106
6636	10	6107
6637	10	6108
6638	10	6109
6639	10	6110
6640	10	6111
6641	10	6112
6642	10	6113
6643	10	6114
6644	10	6117
6645	10	6131
6646	10	6132
6647	10	6133
6648	10	6134
6649	10	6135
6650	10	6136
6651	10	6137
6652	10	6138
6653	10	6139
6654	10	6140
6655	10	6141
6656	10	6142
6657	10	6143
6658	10	6144
6659	10	6145
6660	10	6146
6661	10	6147
6662	10	6148
6663	10	6149
6664	10	6150
6665	10	6151
6666	10	6152
6667	10	6153
6668	10	6154
6669	10	6155
6670	10	6156
6671	10	6157
6672	10	6158
6673	10	6159
6674	10	6160
6675	10	6161
6676	10	6162
6677	10	6163
6678	10	6164
6679	10	6165
6680	10	6166
6681	10	6167
6682	10	6168
6683	10	6169
6684	10	6170
6685	10	6171
6686	10	6172
6687	10	6173
6688	10	6174
6689	10	6175
6690	10	6176
6691	10	6177
6692	10	6178
6693	10	6179
6694	10	6180
6695	10	6181
6696	10	6182
6697	10	6183
6698	10	6184
6699	10	6185
6700	10	6186
6701	10	6187
6702	10	6188
6703	10	6189
6704	10	6190
6705	10	6191
6706	10	6192
6707	10	6193
6708	10	6194
6709	10	6195
6710	10	6196
6711	10	6197
6712	10	6198
6713	10	6199
6714	10	6200
6715	10	6201
6716	10	6202
6717	10	6203
6718	10	6204
6719	10	6205
6720	10	6206
6721	10	6207
6722	10	6208
6723	10	6209
6724	10	6210
6725	10	6211
6726	10	6212
6727	10	6213
6728	10	6214
6729	10	6215
6730	10	6216
6731	10	6217
6732	10	6218
6733	10	6219
6734	10	6220
6735	10	6221
6736	10	6222
6737	10	6223
6738	10	6224
6739	10	6225
6740	10	6226
6741	10	6227
6742	10	6228
6743	10	6229
6744	10	6230
6745	10	6231
6746	10	6232
6747	10	6233
6748	10	6234
6749	10	6235
6750	10	6236
6751	10	6237
6752	10	6238
6753	10	6239
6754	10	6240
6755	10	6241
6756	10	6242
6757	10	6243
6758	10	6244
6759	10	6245
6760	10	6246
6761	10	6247
6762	10	6248
6763	10	6249
6764	10	6250
6765	10	6251
6766	10	6252
6767	10	6253
6768	10	6254
6769	10	6255
6770	10	6256
6771	10	6257
6772	10	6258
6773	10	6259
6774	10	6260
6775	10	6261
6776	10	6262
6777	10	6263
6778	10	6264
6779	10	6265
6780	10	6266
6781	10	6267
6782	10	6268
6783	10	6269
6784	10	6270
6785	10	6271
6786	10	6272
6787	10	6273
6788	10	6274
6789	10	6275
6790	10	6276
6791	10	6277
6792	10	6417
6793	10	6418
6794	10	6419
6795	10	6420
6796	10	6421
6797	10	6422
6798	10	6423
6799	10	6424
6800	10	6425
6801	10	6426
6802	10	6427
6803	10	6428
6804	10	6429
6805	10	6438
6806	10	6439
6807	10	6440
6808	10	6441
6809	10	6442
6810	10	6443
6811	10	6444
6812	10	6445
6813	10	6446
6814	10	6447
6815	10	6448
6816	10	6449
6817	10	6450
6818	10	6451
6819	10	6452
6820	10	6453
6821	10	6454
6822	10	6455
6823	10	6456
6824	10	6457
6825	10	6458
6826	10	6459
6827	10	6460
6828	10	6461
6829	10	6462
6830	10	6463
6831	10	6464
6832	10	6465
6833	10	6466
6834	10	6467
6835	10	6468
6836	10	6469
6837	10	6470
6838	10	6471
6839	10	6472
6840	10	6473
6841	10	6474
6842	10	6475
6843	10	6476
6844	10	6477
6845	10	6478
6846	10	6479
6847	10	6480
6848	10	6481
6849	10	6482
6850	10	6483
6851	10	6484
6852	10	6485
6853	10	6486
6854	10	6487
6855	10	6488
6856	10	6489
6857	10	6490
6858	10	6491
6859	10	6492
6860	10	6493
6861	10	6494
6862	10	6495
6863	10	6496
6864	10	6497
6865	10	6498
6866	10	6499
6867	10	6500
6868	10	6501
6869	10	6502
6870	10	6503
6871	10	6504
6872	10	6505
6873	10	6506
6874	10	6507
6875	10	6508
6876	10	6509
6877	10	6510
6878	10	6511
6879	10	6512
6880	10	6513
6881	10	6514
6882	10	6515
6883	10	6516
6884	10	6517
6885	10	6518
6886	10	6519
6887	10	6520
6888	10	6521
6889	10	6522
6890	10	6523
6891	10	6524
6892	10	6525
6893	10	6526
6894	10	6527
6895	10	6528
6896	10	6529
6897	10	6530
6898	10	6531
6899	10	6532
6900	10	6533
6901	10	6534
6902	10	6535
6903	10	6536
6904	10	6537
6905	10	6538
6906	10	6539
6907	10	6540
6908	10	6541
6909	10	6542
6910	10	6543
6911	10	6544
6912	10	6545
6913	10	6546
6914	10	6547
6915	10	6548
6916	10	6549
6917	10	6550
6918	10	6551
6919	10	6552
6920	10	6553
6921	10	6554
6922	10	6555
6923	10	6556
6924	10	6557
6925	10	6558
6926	10	6559
6927	10	6560
6928	10	6561
6929	10	6562
6930	10	6563
6931	10	6564
6932	10	6565
6933	10	6566
6934	10	6567
6935	10	6568
6936	10	6569
6937	10	6570
6938	10	6571
6939	10	6572
6940	10	6573
6941	10	6574
6942	10	6575
6943	10	6576
6944	10	6577
6945	10	6578
6946	10	6579
6947	10	6580
6948	10	6581
6949	10	6582
6950	10	6583
6951	10	6584
6952	10	6585
6953	10	6586
6954	10	6587
6955	10	6588
6956	10	6589
6957	10	6590
6958	10	6591
6959	10	6592
6960	10	6593
6961	10	6594
6962	10	6595
6963	10	6596
6964	10	6597
6965	10	6598
6966	10	6599
6967	10	6600
6968	10	6601
6969	10	6602
6970	10	6603
6971	10	6604
6972	10	6605
6973	10	6606
6974	10	6607
6975	10	6608
6976	10	6609
6977	10	6610
6978	10	6611
6979	10	6612
6980	10	6613
6981	10	6614
6982	10	6615
6983	10	6616
6984	10	6617
6985	10	6618
6986	10	6619
6987	10	6620
6988	10	6621
6989	10	6622
6990	10	6623
6991	10	6624
6992	10	6625
6993	10	6626
6994	10	6627
6995	10	6628
6996	10	6629
6997	10	6630
6998	10	6631
6999	10	6632
7000	10	6633
7001	10	6634
7002	10	6635
7003	10	6636
7004	10	6637
7005	10	6638
7006	10	6639
7007	10	6640
7008	10	6641
7009	10	6642
7010	10	6643
7011	10	6644
7012	10	6645
7013	10	6646
7014	10	6647
7015	10	6648
7016	10	6649
7017	10	6650
7018	10	6651
7019	10	6652
7020	10	6653
7021	10	6654
7022	10	6655
7023	10	6656
7024	10	6657
7025	10	6658
7026	10	6659
7027	10	6660
7028	10	6661
7029	10	6662
7030	10	6663
7031	10	6664
7032	10	6665
7033	10	6666
7034	10	6667
7035	10	6668
7036	10	6669
7037	10	6670
7038	10	6671
7039	10	6672
7040	10	6673
7041	10	6674
7042	10	6675
7043	10	6676
7044	10	6677
7045	10	6678
7046	10	6679
7047	10	6680
7048	10	6681
7049	10	6682
7050	10	6683
7051	10	6684
7052	10	6685
7053	10	6686
7054	10	6687
7055	10	6688
7056	10	6689
7057	10	6690
7058	10	6695
7059	10	6696
7060	10	6697
7061	10	6698
7062	10	6699
7063	10	6700
7064	10	6701
7065	10	6702
7066	10	6703
7067	10	6704
7068	10	6705
7069	10	6706
7070	10	6707
7071	10	6708
7072	10	6709
7073	10	6710
7074	10	6711
7075	10	6712
7076	10	6713
7077	10	6714
7078	10	6715
7079	10	6716
7080	10	6717
7081	10	6718
7082	10	6719
7083	10	6720
7084	10	6721
7085	10	6722
7086	10	6723
7087	10	6879
7088	10	6880
7089	10	6881
7090	10	6882
7091	10	6883
7092	10	6884
7093	10	6885
7094	10	6886
7095	10	6887
7096	10	6888
7097	10	6889
7098	10	6890
7099	10	6891
7100	10	6892
7101	10	6893
7102	10	6894
7103	10	6895
7104	10	6896
7105	10	6897
7106	10	6898
7107	10	6899
7108	10	6900
7109	10	6901
7110	10	6902
7111	10	6903
7112	10	6904
7113	10	6905
7114	10	6906
7115	10	6907
7116	10	6908
7117	10	6909
7118	10	6910
7119	10	6911
7120	10	6912
7121	10	6913
7122	10	6914
7123	10	6915
7124	10	6916
7125	10	6985
7126	10	6986
7127	10	6987
7128	10	6988
7129	10	6989
7130	10	6990
7131	10	6991
7132	10	6992
7133	10	6993
7134	10	6994
7135	10	6995
7136	10	6996
7137	10	6997
7138	10	6998
7139	10	6999
7140	10	7000
7141	10	7001
7142	10	7002
7143	10	7003
7144	10	7004
7145	10	7005
7146	10	7006
7147	10	7007
7148	10	7009
7149	10	7010
7150	10	7011
7151	10	7012
7152	10	7013
7153	10	7014
7154	10	7015
7155	10	7016
7156	10	7018
7157	10	7021
7158	10	7022
7159	10	7023
7160	10	7024
7161	10	7025
7162	10	7026
7163	10	7027
7164	10	7028
7165	10	7029
7166	10	7030
7167	10	7031
7168	10	7032
7169	10	7033
7170	10	7034
7171	10	7035
7172	10	7036
7173	10	7037
7174	10	7038
7175	10	7039
7176	10	7040
7177	10	7041
7178	10	7042
7179	10	7043
7180	10	7044
7181	10	7045
7182	10	7046
7183	10	7047
7184	10	7048
7185	10	7049
7186	10	7050
7187	10	7051
7188	10	7052
7189	10	7053
7190	10	7054
7191	10	7055
7192	10	7056
7193	10	7057
7194	10	7058
7195	10	7059
7196	10	7060
7197	10	7061
7198	10	7062
7199	10	7063
7200	10	7064
7201	10	7065
7202	10	7066
7203	10	7067
7204	10	7068
7205	10	7069
7206	10	7070
7207	10	7071
7208	10	7072
7209	10	7073
7210	10	7074
7211	10	7075
7212	10	7078
7213	10	7086
7214	10	7087
7215	10	7088
7216	10	7089
7217	10	7090
7218	10	7091
7219	10	7092
7220	10	7093
7221	10	7094
7222	10	7095
7223	10	7096
7224	10	7097
7225	10	7098
7226	10	7099
7227	10	7100
7228	10	7101
7229	10	7102
7230	10	7103
7231	10	7104
7232	10	7105
7233	10	7106
7234	10	7107
7235	10	7108
7236	10	7109
7237	10	7110
7238	10	7111
7239	10	7112
7240	10	7113
7241	10	7114
7242	10	7115
7243	10	7116
7244	10	7117
7245	10	7118
7246	10	7120
7247	10	7121
7248	10	7122
7249	10	7123
7250	10	7124
7251	10	7125
7252	10	7127
7253	10	7128
7254	10	7129
7255	10	7130
7256	10	7131
7257	10	7132
7258	10	7133
7259	10	7134
7260	10	7193
7261	10	7194
7262	10	7195
7263	10	7196
7264	10	7197
7265	10	7204
7266	10	7205
7267	10	7206
7268	10	7207
7269	10	7208
7270	10	7209
7271	10	7210
7272	10	7211
7273	10	7212
7274	10	7213
7275	10	7214
7276	10	7215
7277	10	7216
7278	10	7217
7279	10	7218
7280	10	7219
7281	10	7220
7282	10	7221
7283	10	7222
7284	10	7223
7285	10	7224
7286	10	7225
7287	10	7226
7288	10	7227
7289	10	7228
7290	10	7229
7291	10	7230
7292	10	7231
7293	10	7232
7294	10	7233
7295	10	7234
7296	10	7235
7297	10	7236
7298	10	7237
7299	10	7238
7300	10	7239
7301	10	7240
7302	10	7241
7303	10	7242
7304	10	7243
7305	10	7244
7306	10	7245
7307	10	7246
7308	10	7247
7309	10	7248
7310	10	7249
7311	10	7250
7312	10	7251
7313	10	7252
7314	10	7253
7315	10	7254
7316	10	7255
7317	10	7256
7318	10	7257
7319	10	7258
7320	10	7259
7321	10	7260
7322	10	7261
7323	10	7262
7324	10	7263
7325	10	7264
7326	10	7266
7327	10	7267
7328	10	7268
7329	10	7269
7330	10	7270
7331	10	7271
7332	10	7272
7333	10	7273
7334	10	7274
7335	10	7275
7336	10	7276
7337	10	7277
7338	10	7278
7339	10	7279
7340	10	7280
7341	10	7281
7342	10	7282
7343	10	7283
7344	10	7284
7345	10	7285
7346	10	7286
7347	10	7287
7348	10	7288
7349	10	7289
7350	10	7290
7351	10	7295
7352	10	7296
7353	10	7297
7354	10	7298
7355	10	7299
7356	10	7300
7357	10	7301
7358	10	7302
7359	10	7303
7360	10	7304
7361	11	3
7362	11	5
7363	11	15
7364	11	20
7365	11	32
7366	11	34
7367	11	35
7368	11	36
7369	11	100
7370	11	101
7371	11	102
7372	11	103
7373	11	104
7374	11	105
7375	11	106
7376	11	107
7377	11	108
7378	11	109
7379	11	110
7380	11	111
7381	11	112
7382	11	113
7383	11	114
7384	11	115
7385	11	116
7386	11	117
7387	11	118
7388	11	119
7389	11	120
7390	11	121
7391	11	122
7392	11	123
7393	11	124
7394	11	125
7395	11	126
7396	11	127
7397	11	128
7398	11	129
7399	11	130
7400	11	131
7401	11	132
7402	11	133
7403	11	134
7404	11	135
7405	11	136
7406	11	137
7407	11	138
7408	11	139
7409	11	140
7410	11	141
7411	11	142
7412	11	143
7413	11	144
7414	11	145
7415	11	146
7416	11	147
7417	11	148
7418	11	149
7419	11	150
7420	11	151
7421	11	152
7422	11	153
7423	11	154
7424	11	155
7425	11	156
7426	11	157
7427	11	158
7428	11	159
7429	11	160
7430	11	161
7431	11	162
7432	11	163
7433	11	164
7434	11	165
7435	11	166
7436	11	167
7437	11	168
7438	11	169
7439	11	170
7440	11	171
7441	11	172
7442	11	173
7443	11	174
7444	11	175
7445	11	176
7446	11	177
7447	11	178
7448	11	179
7449	11	180
7450	11	181
7451	11	182
7452	11	183
7453	11	184
7454	11	185
7455	11	186
7456	11	187
7457	11	188
7458	11	189
7459	11	190
7460	11	191
7461	11	192
7462	11	193
7463	11	194
7464	11	195
7465	11	196
7466	11	197
7467	11	198
7468	11	199
7469	11	200
7470	11	201
7471	11	202
7472	11	203
7473	11	204
7474	11	205
7475	11	206
7476	11	207
7477	11	208
7478	11	209
7479	11	210
7480	11	211
7481	11	212
7482	11	213
7483	11	214
7484	11	215
7485	11	216
7486	11	217
7487	11	218
7488	11	219
7489	11	220
7490	11	221
7491	11	222
7492	11	223
7493	11	224
7494	11	225
7495	11	226
7496	11	227
7497	11	228
7498	11	229
7499	11	230
7500	11	231
7501	11	232
7502	11	233
7503	11	234
7504	11	235
7505	11	236
7506	11	237
7507	11	238
7508	11	239
7509	11	240
7510	11	241
7511	11	242
7512	11	243
7513	11	244
7514	11	245
7515	11	246
7516	11	247
7517	11	248
7518	11	249
7519	11	250
7520	11	251
7521	11	252
7522	11	253
7523	11	254
7524	11	255
7525	11	256
7526	11	257
7527	11	258
7528	11	259
7529	11	260
7530	11	261
7531	11	262
7532	11	263
7533	11	264
7534	11	265
7535	11	266
7536	11	267
7537	11	268
7538	11	269
7539	11	270
7540	11	271
7541	11	272
7542	11	273
7543	11	274
7544	11	275
7545	11	276
7546	11	277
7547	11	278
7548	11	279
7549	11	280
7550	11	281
7551	11	282
7552	11	283
7553	11	284
7554	11	285
7555	11	286
7556	11	287
7557	11	288
7558	11	289
7559	11	290
7560	11	291
7561	11	292
7562	11	293
7563	11	294
7564	11	295
7565	11	296
7566	11	297
7567	11	298
7568	11	299
7569	11	300
7570	11	301
7571	11	302
7572	11	303
7573	11	304
7574	11	305
7575	11	306
7576	11	307
7577	11	308
7578	11	309
7579	11	310
7580	11	311
7581	11	312
7582	11	313
7583	11	314
7584	11	315
7585	11	534
7586	11	537
7587	11	547
7588	11	548
7589	11	549
7590	11	550
7591	11	567
7592	11	575
7593	11	576
7594	11	577
7595	11	578
7596	11	579
7597	11	580
7598	11	581
7599	11	582
7600	11	583
7601	11	584
7602	11	585
7603	11	586
7604	11	587
7605	11	588
7606	11	589
7607	11	590
7608	11	591
7609	11	592
7610	11	593
7611	11	594
7612	11	595
7613	11	596
7614	11	597
7615	11	598
7616	11	599
7617	11	600
7618	11	601
7619	11	602
7620	11	603
7621	11	604
7622	11	605
7623	11	606
7624	11	607
7625	11	608
7626	11	609
7627	11	610
7628	11	611
7629	11	612
7630	11	613
7631	11	614
7632	11	615
7633	11	616
7634	11	617
7635	11	618
7636	11	619
7637	11	620
7638	11	621
7639	11	622
7640	11	623
7641	11	624
7642	11	625
7643	11	626
7644	11	627
7645	11	628
7646	11	629
7647	11	630
7648	11	631
7649	11	632
7650	11	633
7651	11	634
7652	11	635
7653	11	636
7654	11	637
7655	11	638
7656	11	639
7657	11	640
7658	11	641
7659	11	642
7660	11	643
7661	11	644
7662	11	645
7663	11	646
7664	11	647
7665	11	799
7666	11	806
7667	11	1036
7668	11	1306
7669	11	1775
7670	11	1776
7671	11	1777
7672	11	1778
7673	11	1779
7674	11	1781
7675	11	1782
7676	11	1784
7677	11	2001
7678	11	2002
7679	11	2004
7680	11	2005
7681	11	2095
7682	11	2229
7683	11	2230
7684	11	2231
7685	11	2232
7686	11	2233
7687	11	2234
7688	11	2270
7689	11	2274
7690	11	2445
7691	11	2509
7692	11	2519
7693	11	2606
7694	11	2607
7695	11	2608
7696	11	2609
7697	11	2610
7698	11	2612
7699	11	2613
7700	11	2688
7701	11	2690
7702	11	2691
7703	11	2747
7704	11	2748
7705	11	2749
7706	11	2751
7707	11	2753
7708	11	2757
7709	11	2758
7710	11	2760
7711	11	2761
7712	11	2762
7713	11	2763
7714	11	2764
7715	11	2767
7716	11	2768
7717	11	2770
7718	11	2771
7719	11	2773
7720	11	2775
7721	11	2777
7722	11	2778
7723	11	2779
7724	11	2780
7725	11	2783
7726	11	2785
7727	11	2786
7728	11	2787
7729	11	2788
7730	11	2789
7731	11	2790
7732	11	2793
7733	11	2795
7734	11	2797
7735	11	2798
7736	11	2799
7737	11	2811
7738	11	2828
7739	11	2829
7740	11	2832
7741	11	2833
7742	11	2834
7743	11	2835
7744	11	2836
7745	11	2842
7746	11	2844
7747	11	2845
7748	11	2848
7749	11	2850
7750	11	2851
7751	11	2852
7752	11	2853
7753	11	2854
7754	11	2855
7755	11	2857
7756	11	2859
7757	11	2861
7758	11	2862
7759	11	2863
7760	11	2873
7761	11	2882
7762	11	2883
7763	11	2884
7764	11	2885
7765	11	4064
7766	11	4144
7767	11	4381
7768	11	4491
7769	11	4599
7770	11	4600
7771	11	4601
7772	11	4602
7773	11	7367
7774	11	7370
7775	11	7401
7776	11	7402
7777	11	7419
7778	11	7424
7779	11	7427
7780	11	7644
7781	11	7650
7782	11	7651
7783	11	7658
7784	11	7697
7785	11	7700
7786	11	7778
7787	12	3
7788	12	5
7789	12	15
7790	12	20
7791	12	32
7792	12	34
7793	12	35
7794	12	36
7795	12	534
7796	12	537
7797	12	547
7798	12	548
7799	12	549
7800	12	550
7801	12	799
7802	12	806
7803	12	1036
7804	12	1306
7805	12	1775
7806	12	1776
7807	12	1777
7808	12	1779
7809	12	1781
7810	12	1782
7811	12	1784
7812	12	2001
7813	12	2002
7814	12	2004
7815	12	2005
7816	12	2095
7817	12	2229
7818	12	2230
7819	12	2231
7820	12	2232
7821	12	2233
7822	12	2234
7823	12	2270
7824	12	2274
7825	12	2445
7826	12	2509
7827	12	2606
7828	12	2607
7829	12	2608
7830	12	2610
7831	12	2612
7832	12	2613
7833	12	2688
7834	12	2690
7835	12	2691
7836	12	2747
7837	12	2748
7838	12	2749
7839	12	2751
7840	12	2753
7841	12	2757
7842	12	2758
7843	12	2760
7844	12	2761
7845	12	2762
7846	12	2763
7847	12	2764
7848	12	2767
7849	12	2768
7850	12	2770
7851	12	2771
7852	12	2773
7853	12	2775
7854	12	2777
7855	12	2778
7856	12	2779
7857	12	2780
7858	12	2783
7859	12	2785
7860	12	2786
7861	12	2787
7862	12	2788
7863	12	2789
7864	12	2790
7865	12	2793
7866	12	2795
7867	12	2797
7868	12	2798
7869	12	2799
7870	12	2811
7871	12	2828
7872	12	2829
7873	12	2832
7874	12	2833
7875	12	2834
7876	12	2835
7877	12	2836
7878	12	2842
7879	12	2844
7880	12	2845
7881	12	2848
7882	12	2850
7883	12	2851
7884	12	2852
7885	12	2853
7886	12	2854
7887	12	2855
7888	12	2857
7889	12	2859
7890	12	2861
7891	12	2862
7892	12	2863
7893	12	2873
7894	12	2882
7895	12	2883
7896	12	2884
7897	12	2885
7898	12	2972
7899	12	3044
7900	12	3912
7901	12	4064
7902	12	4065
7903	12	4116
7904	12	4144
7905	12	4379
7906	12	4381
7907	12	4384
7908	12	4469
7909	12	4491
7910	12	4599
7911	12	4600
7912	12	4601
7913	12	4602
7914	12	4603
7915	12	4604
7916	12	4605
7917	12	4606
7918	12	4607
7919	12	4608
7920	12	4609
7921	12	4610
7922	12	4611
7923	12	4612
7924	12	4613
7925	12	4614
7926	12	4615
7927	12	4616
7928	12	4617
7929	12	4618
7930	12	4619
7931	12	4620
7932	12	4621
7933	12	4622
7934	12	4623
7935	12	4624
7936	12	4625
7937	12	4626
7938	12	4627
7939	12	4628
7940	12	4629
7941	12	4630
7942	12	4869
7943	12	4870
7944	12	4871
7945	12	4872
7946	12	4873
7947	12	4874
7948	12	4875
7949	12	4876
7950	12	4877
7951	12	4878
7952	12	4879
7953	12	4880
7954	12	4881
7955	12	4882
7956	12	4883
7957	12	4884
7958	12	4885
7959	12	4886
7960	12	4887
7961	12	4888
7962	12	4889
7963	12	4890
7964	12	4891
7965	12	4892
7966	12	4893
7967	12	4894
7968	12	4895
7969	12	4896
7970	12	4897
7971	12	4898
7972	12	4899
7973	12	4900
7974	12	4901
7975	12	4902
7976	12	4903
7977	12	4904
7978	12	4905
7979	12	7401
7980	12	7424
7981	12	7700
7982	12	7821
7983	12	7835
7984	12	7838
7985	12	7873
7986	12	7884
7987	12	7941
7988	12	7971
\.


--
-- Data for Name: annotation_type; Type: TABLE DATA; Schema: public; Owner: postgres
--

COPY public.annotation_type (id, seq_ontology, region, impact) FROM stdin;
1	upstream_gene_variant	\N	MODIFIER
2	intergenic_region	\N	MODIFIER
5	synonymous_variant	\N	LOW
7	missense_variant	\N	MODERATE
39	downstream_gene_variant	\N	MODIFIER
45	disruptive_inframe_deletion	\N	MODERATE
538	conservative_inframe_deletion	\N	MODERATE
2385	frameshift_variant	\N	HIGH
2434	disruptive_inframe_insertion	\N	MODERATE
2941	stop_gained	\N	HIGH
3011	gene_fusion	\N	HIGH
3013	stop_lost	\N	HIGH
3014	splice_region_variant	\N	HIGH
3016	start_lost	\N	HIGH
\.


--
-- Data for Name: auth_group; Type: TABLE DATA; Schema: public; Owner: postgres
--

COPY public.auth_group (id, name) FROM stdin;
\.


--
-- Data for Name: auth_group_permissions; Type: TABLE DATA; Schema: public; Owner: postgres
--

COPY public.auth_group_permissions (id, group_id, permission_id) FROM stdin;
\.


--
-- Data for Name: auth_permission; Type: TABLE DATA; Schema: public; Owner: postgres
--

COPY public.auth_permission (id, name, content_type_id, codename) FROM stdin;
1	Can add log entry	1	add_logentry
2	Can change log entry	1	change_logentry
3	Can delete log entry	1	delete_logentry
4	Can view log entry	1	view_logentry
5	Can add permission	2	add_permission
6	Can change permission	2	change_permission
7	Can delete permission	2	delete_permission
8	Can view permission	2	view_permission
9	Can add group	3	add_group
10	Can change group	3	change_group
11	Can delete group	3	delete_group
12	Can view group	3	view_group
13	Can add user	4	add_user
14	Can change user	4	change_user
15	Can delete user	4	delete_user
16	Can view user	4	view_user
17	Can add content type	5	add_contenttype
18	Can change content type	5	change_contenttype
19	Can delete content type	5	delete_contenttype
20	Can view content type	5	view_contenttype
21	Can add session	6	add_session
22	Can change session	6	change_session
23	Can delete session	6	delete_session
24	Can view session	6	view_session
25	Can add alignment	7	add_alignment
26	Can change alignment	7	change_alignment
27	Can delete alignment	7	delete_alignment
28	Can view alignment	7	view_alignment
29	Can add annotation type	8	add_annotationtype
30	Can change annotation type	8	change_annotationtype
31	Can delete annotation type	8	delete_annotationtype
32	Can view annotation type	8	view_annotationtype
33	Can add property	9	add_property
34	Can change property	9	change_property
35	Can delete property	9	delete_property
36	Can view property	9	view_property
37	Can add sequence	10	add_sequence
38	Can change sequence	10	change_sequence
39	Can delete sequence	10	delete_sequence
40	Can view sequence	10	view_sequence
41	Can add sample	11	add_sample
42	Can change sample	11	change_sample
43	Can delete sample	11	delete_sample
44	Can view sample	11	view_sample
45	Can add reference	12	add_reference
46	Can change reference	12	change_reference
47	Can delete reference	12	delete_reference
48	Can view reference	12	view_reference
49	Can add sample2 property	13	add_sample2property
50	Can change sample2 property	13	change_sample2property
51	Can delete sample2 property	13	delete_sample2property
52	Can view sample2 property	13	view_sample2property
53	Can add alignment2 mutation	14	add_alignment2mutation
54	Can change alignment2 mutation	14	change_alignment2mutation
55	Can delete alignment2 mutation	14	delete_alignment2mutation
56	Can view alignment2 mutation	14	view_alignment2mutation
57	Can add mutation	15	add_mutation
58	Can change mutation	15	change_mutation
59	Can delete mutation	15	delete_mutation
60	Can view mutation	15	view_mutation
61	Can add mutation2 annotation	16	add_mutation2annotation
62	Can change mutation2 annotation	16	change_mutation2annotation
63	Can delete mutation2 annotation	16	delete_mutation2annotation
64	Can view mutation2 annotation	16	view_mutation2annotation
65	Can add entered data	17	add_entereddata
66	Can change entered data	17	change_entereddata
67	Can delete entered data	17	delete_entereddata
68	Can view entered data	17	view_entereddata
69	Can add gene	18	add_gene
70	Can change gene	18	change_gene
71	Can delete gene	18	delete_gene
72	Can view gene	18	view_gene
73	Can add replicon	19	add_replicon
74	Can change replicon	19	change_replicon
75	Can delete replicon	19	delete_replicon
76	Can view replicon	19	view_replicon
77	Can add gene segment	20	add_genesegment
78	Can change gene segment	20	change_genesegment
79	Can delete gene segment	20	delete_genesegment
80	Can view gene segment	20	view_genesegment
81	Can add lineage	21	add_lineage
82	Can change lineage	21	change_lineage
83	Can delete lineage	21	delete_lineage
84	Can view lineage	21	view_lineage
85	Can add lineage alias	22	add_lineagealias
86	Can change lineage alias	22	change_lineagealias
87	Can delete lineage alias	22	delete_lineagealias
88	Can view lineage alias	22	view_lineagealias
89	Can add django job	23	add_djangojob
90	Can change django job	23	change_djangojob
91	Can delete django job	23	delete_djangojob
92	Can view django job	23	view_djangojob
93	Can add django job execution	24	add_djangojobexecution
94	Can change django job execution	24	change_djangojobexecution
95	Can delete django job execution	24	delete_djangojobexecution
96	Can view django job execution	24	view_djangojobexecution
97	Can add import log	25	add_importlog
98	Can change import log	25	change_importlog
99	Can delete import log	25	delete_importlog
100	Can view import log	25	view_importlog
101	Can add file processing	26	add_fileprocessing
102	Can change file processing	26	change_fileprocessing
103	Can delete file processing	26	delete_fileprocessing
104	Can view file processing	26	view_fileprocessing
105	Can add processing job	27	add_processingjob
106	Can change processing job	27	change_processingjob
107	Can delete processing job	27	delete_processingjob
108	Can view processing job	27	view_processingjob
\.


--
-- Data for Name: auth_user; Type: TABLE DATA; Schema: public; Owner: postgres
--

COPY public.auth_user (id, password, last_login, is_superuser, username, first_name, last_name, email, is_staff, is_active, date_joined) FROM stdin;
1	pbkdf2_sha256$600000$Y6Yxdkr7Z7B68IxJ0j6uWY$0jcocQ1xwbqeSo4up8JLPfiwzu4ihZRsB5ztkn95Qb0=	2024-07-12 12:47:34.163957+00	t	note				t	t	2024-02-03 10:12:04.317593+00
\.


--
-- Data for Name: auth_user_groups; Type: TABLE DATA; Schema: public; Owner: postgres
--

COPY public.auth_user_groups (id, user_id, group_id) FROM stdin;
\.


--
-- Data for Name: auth_user_user_permissions; Type: TABLE DATA; Schema: public; Owner: postgres
--

COPY public.auth_user_user_permissions (id, user_id, permission_id) FROM stdin;
\.


--
-- Data for Name: django_admin_log; Type: TABLE DATA; Schema: public; Owner: postgres
--

COPY public.django_admin_log (id, action_time, object_id, object_repr, action_flag, change_message, content_type_id, user_id) FROM stdin;
\.


--
-- Data for Name: django_apscheduler_djangojob; Type: TABLE DATA; Schema: public; Owner: postgres
--

COPY public.django_apscheduler_djangojob (id, next_run_time, job_state) FROM stdin;
data_import	\N	\\x8005954b010000000000007d94288c0776657273696f6e944b018c026964948c0b646174615f696d706f7274948c0466756e63948c40726573745f6170692e6d616e6167656d656e742e636f6d6d616e64732e72756e61707363686564756c65723a7363686564756c65645f646174615f656e747279948c0774726967676572948c2b726573745f6170692e6d616e6167656d656e742e636f6d6d616e64732e72756e61707363686564756c6572948c114d616e75616c4f6e6c79547269676765729493942981948c086578656375746f72948c0764656661756c74948c046172677394298c066b7761726773947d948c046e616d65948c147363686564756c65645f646174615f656e747279948c126d6973666972655f67726163655f74696d65944b018c08636f616c6573636594888c0d6d61785f696e7374616e636573944b018c0d6e6578745f72756e5f74696d65944e752e
delete_old_job_executions	2024-02-05 00:00:00+00	\\x80059553040000000000007d94288c0776657273696f6e944b018c026964948c1964656c6574655f6f6c645f6a6f625f657865637574696f6e73948c0466756e63948c45726573745f6170692e6d616e6167656d656e742e636f6d6d616e64732e72756e61707363686564756c65723a64656c6574655f6f6c645f6a6f625f657865637574696f6e73948c0774726967676572948c1961707363686564756c65722e74726967676572732e63726f6e948c0b43726f6e547269676765729493942981947d942868014b028c0874696d657a6f6e65948c086275696c74696e73948c07676574617474729493948c087a6f6e65696e666f948c085a6f6e65496e666f9493948c095f756e7069636b6c6594869452948c03555443944b01869452948c0a73746172745f64617465944e8c08656e645f64617465944e8c066669656c6473945d94288c2061707363686564756c65722e74726967676572732e63726f6e2e6669656c6473948c09426173654669656c649493942981947d94288c046e616d65948c0479656172948c0a69735f64656661756c7494888c0b65787072657373696f6e73945d948c2561707363686564756c65722e74726967676572732e63726f6e2e65787072657373696f6e73948c0d416c6c45787072657373696f6e9493942981947d948c0473746570944e7362617562681d8c0a4d6f6e74684669656c649493942981947d942868228c056d6f6e74689468248868255d9468292981947d94682c4e7362617562681d8c0f4461794f664d6f6e74684669656c649493942981947d942868228c036461799468248868255d9468292981947d94682c4e7362617562681d8c095765656b4669656c649493942981947d942868228c047765656b9468248868255d9468292981947d94682c4e7362617562681d8c0e4461794f665765656b4669656c649493942981947d942868228c0b6461795f6f665f7765656b9468248968255d9468278c165765656b64617952616e676545787072657373696f6e9493942981947d9428682c4e8c056669727374944b008c046c617374944b007562617562681f2981947d942868228c04686f75729468248968255d9468278c0f52616e676545787072657373696f6e9493942981947d9428682c4e684f4b0068504b007562617562681f2981947d942868228c066d696e7574659468248968255d9468562981947d9428682c4e684f4b0068504b007562617562681f2981947d942868228c067365636f6e649468248868255d9468562981947d9428682c4e684f4b0068504b007562617562658c066a6974746572944e75628c086578656375746f72948c0764656661756c74948c046172677394298c066b7761726773947d94682268038c126d6973666972655f67726163655f74696d65944b018c08636f616c6573636594888c0d6d61785f696e7374616e636573944b018c0d6e6578745f72756e5f74696d65948c086461746574696d65948c086461746574696d65949394430a07e8020500000000000094681886945294752e
\.


--
-- Data for Name: django_apscheduler_djangojobexecution; Type: TABLE DATA; Schema: public; Owner: postgres
--

COPY public.django_apscheduler_djangojobexecution (id, status, run_time, duration, finished, exception, traceback, job_id) FROM stdin;
1	Executed	2024-02-03 10:24:47.923186+00	15.75	1706955903.67	\N	\N	data_import
2	Error!	2024-07-12 12:47:37.13868+00	0.03	1720788457.17	[Errno 2] No such file or directory: '/tmp/wkdir/archive_data/temp/2024-05-24_08-49-34.229.7c8451'	  File "/usr/local/lib/python3.11/site-packages/apscheduler/executors/base.py", line 125, in run_job\n    retval = job.func(*job.args, **job.kwargs)\n             ^^^^^^^^^^^^^^^^^^^^^^^^^^^^^^^^^\n  File "/code/rest_api/management/commands/runapscheduler.py", line 32, in scheduled_data_entry\n    check_for_new_data()\n  File "/code/rest_api/data_entry/sample_entry_job.py", line 54, in check_for_new_data\n    import_archive(new_path)\n  File "/code/rest_api/data_entry/sample_entry_job.py", line 187, in import_archive\n    shutil.rmtree(temp_dir)\n  File "/usr/local/lib/python3.11/shutil.py", line 742, in rmtree\n    onerror(os.lstat, path, sys.exc_info())\n  File "/usr/local/lib/python3.11/shutil.py", line 740, in rmtree\n    orig_st = os.lstat(path, dir_fd=dir_fd)\n              ^^^^^^^^^^^^^^^^^^^^^^^^^^^^^\n	data_import
\.


--
-- Data for Name: django_content_type; Type: TABLE DATA; Schema: public; Owner: postgres
--

COPY public.django_content_type (id, app_label, model) FROM stdin;
1	admin	logentry
2	auth	permission
3	auth	group
4	auth	user
5	contenttypes	contenttype
6	sessions	session
7	rest_api	alignment
8	rest_api	annotationtype
9	rest_api	property
10	rest_api	sequence
11	rest_api	sample
12	rest_api	reference
13	rest_api	sample2property
14	rest_api	alignment2mutation
15	rest_api	mutation
16	rest_api	mutation2annotation
17	rest_api	entereddata
18	rest_api	gene
19	rest_api	replicon
20	rest_api	genesegment
21	rest_api	lineage
22	rest_api	lineagealias
23	django_apscheduler	djangojob
24	django_apscheduler	djangojobexecution
25	rest_api	importlog
26	rest_api	fileprocessing
27	rest_api	processingjob
\.


--
-- Data for Name: django_migrations; Type: TABLE DATA; Schema: public; Owner: postgres
--

COPY public.django_migrations (id, app, name, applied) FROM stdin;
1	contenttypes	0001_initial	2024-02-03 10:11:04.729621+00
2	auth	0001_initial	2024-02-03 10:11:04.827615+00
3	admin	0001_initial	2024-02-03 10:11:04.853821+00
4	admin	0002_logentry_remove_auto_add	2024-02-03 10:11:04.860012+00
5	admin	0003_logentry_add_action_flag_choices	2024-02-03 10:11:04.867606+00
6	contenttypes	0002_remove_content_type_name	2024-02-03 10:11:04.880025+00
7	auth	0002_alter_permission_name_max_length	2024-02-03 10:11:04.886424+00
8	auth	0003_alter_user_email_max_length	2024-02-03 10:11:04.89208+00
9	auth	0004_alter_user_username_opts	2024-02-03 10:11:04.899307+00
10	auth	0005_alter_user_last_login_null	2024-02-03 10:11:04.90584+00
11	auth	0006_require_contenttypes_0002	2024-02-03 10:11:04.907822+00
12	auth	0007_alter_validators_add_error_messages	2024-02-03 10:11:04.914758+00
13	auth	0008_alter_user_username_max_length	2024-02-03 10:11:04.924622+00
14	auth	0009_alter_user_last_name_max_length	2024-02-03 10:11:04.932029+00
15	auth	0010_alter_group_name_max_length	2024-02-03 10:11:04.939183+00
16	auth	0011_update_proxy_permissions	2024-02-03 10:11:04.94509+00
17	auth	0012_alter_user_first_name_max_length	2024-02-03 10:11:04.951722+00
18	django_apscheduler	0001_initial	2024-02-03 10:11:04.988411+00
19	django_apscheduler	0002_auto_20180412_0758	2024-02-03 10:11:04.993068+00
20	django_apscheduler	0003_auto_20200716_1632	2024-02-03 10:11:05.007985+00
21	django_apscheduler	0004_auto_20200717_1043	2024-02-03 10:11:05.05553+00
22	django_apscheduler	0005_migrate_name_to_id	2024-02-03 10:11:05.070472+00
23	django_apscheduler	0006_remove_djangojob_name	2024-02-03 10:11:05.074103+00
24	django_apscheduler	0007_auto_20200717_1404	2024-02-03 10:11:05.093783+00
25	django_apscheduler	0008_remove_djangojobexecution_started	2024-02-03 10:11:05.107497+00
26	django_apscheduler	0009_djangojobexecution_unique_job_executions	2024-02-03 10:11:05.114893+00
27	rest_api	0001_initial	2024-02-03 10:11:05.383551+00
28	rest_api	0002_alter_sample2property_value_varchar_and_more	2024-02-03 10:11:05.400282+00
29	rest_api	0003_sample_properties_alter_element_accession_and_more	2024-02-03 10:11:05.48871+00
30	rest_api	0004_sample_properties_alter_sample2property_value_text	2024-02-03 10:11:05.506452+00
31	rest_api	0005_alter_alignment_id_alter_element_id_and_more	2024-02-03 10:11:05.580712+00
32	rest_api	0006_alignment2mutation_mutation_mutation2annotation_and_more	2024-02-03 10:11:05.833203+00
33	rest_api	0007_entereddata	2024-02-03 10:11:05.843301+00
34	rest_api	0008_alter_entereddata_name	2024-02-03 10:11:05.847995+00
35	rest_api	0009_remove_mutation_aa_profile_and_more	2024-02-03 10:11:05.915646+00
36	rest_api	0010_alter_mutation_unique_together	2024-02-03 10:11:05.923974+00
37	rest_api	0011_alter_mutation_unique_together	2024-02-03 10:11:05.937634+00
38	rest_api	0012_alter_mutation_unique_together	2024-02-03 10:11:05.949741+00
39	rest_api	0013_alter_entereddata_unique_together_and_more	2024-02-03 10:11:05.956802+00
40	rest_api	0014_sample_collection_date_sample_country_and_more	2024-02-03 10:11:06.003881+00
41	rest_api	0015_gene_genepart_sourceelement_remove_element_molecule_and_more	2024-02-03 10:11:06.093912+00
42	rest_api	0016_alter_gene_table	2024-02-03 10:11:06.099001+00
43	rest_api	0017_remove_gene_symbol	2024-02-03 10:11:06.105392+00
44	rest_api	0018_alter_mutation_element	2024-02-03 10:11:06.122157+00
45	rest_api	0019_replicon_rename_genepart_genesegment_and_more	2024-02-03 10:11:06.236681+00
46	rest_api	0020_remove_reference_standard	2024-02-03 10:11:06.240977+00
47	rest_api	0021_remove_alignment_element_remove_mutation_element_and_more	2024-02-03 10:11:06.278763+00
48	rest_api	0022_mutation_type	2024-02-03 10:11:06.286105+00
49	rest_api	0023_mutation_mutation_gene_id_2f1f1c_idx_and_more	2024-02-03 10:11:06.325934+00
50	rest_api	0024_mutation_mutation_label_94967f_idx	2024-02-03 10:11:06.338456+00
51	rest_api	0025_alignment_alignment_gene_id_81f250_idx	2024-02-03 10:11:06.349688+00
52	rest_api	0026_alignment2mutation_alignment2m_alignme_d1c719_idx	2024-02-03 10:11:06.357745+00
53	rest_api	0027_mutation_mutation_type_bf4ac1_idx	2024-02-03 10:11:06.368803+00
54	rest_api	0028_remove_mutation_mutation_label_94967f_idx_and_more	2024-02-03 10:11:06.420709+00
55	rest_api	0029_remove_alignment_alignment_gene_id_81f250_idx_and_more	2024-02-03 10:11:06.45913+00
56	rest_api	0030_delete_mutation2property	2024-02-03 10:11:06.464936+00
57	rest_api	0031_remove_annotationtype_test	2024-02-03 10:11:06.47172+00
58	rest_api	0032_annotationtype_impact	2024-02-03 10:11:06.475636+00
59	rest_api	0033_alter_alignment_id_alter_annotationtype_id_and_more	2024-02-03 10:11:06.539463+00
60	rest_api	0034_mutation_unique_mutation	2024-02-03 10:11:06.551186+00
61	rest_api	0035_mutation_unique_mutation_null_gene	2024-02-03 10:11:06.561221+00
62	rest_api	0036_alter_alignment2mutation_unique_together_and_more	2024-02-03 10:11:06.622636+00
63	rest_api	0037_mutation_unique_mutation_null_alt_and_more	2024-02-03 10:11:06.643323+00
64	rest_api	0038_annotationtype_unique_annotation_null_region	2024-02-03 10:11:06.649823+00
65	rest_api	0039_alter_gene_cds_accession_alter_gene_cds_symbol_and_more	2024-02-03 10:11:07.379758+00
66	rest_api	0040_alter_mutation_alt_alter_mutation_ref	2024-02-03 10:11:07.531128+00
67	rest_api	0041_reference_translation_id	2024-02-03 10:11:07.538303+00
68	rest_api	0042_alter_mutation_ref	2024-02-03 10:11:07.554075+00
69	rest_api	0043_alter_alignment_replicon_and_more	2024-02-03 10:11:07.591174+00
70	rest_api	0044_alter_mutation_gene_alter_mutation_replicon	2024-02-03 10:11:07.60591+00
71	rest_api	0045_alter_alignment_sequence	2024-02-03 10:11:07.61568+00
72	rest_api	0046_alter_alignment2mutation_mutation_and_more	2024-02-03 10:11:07.643097+00
73	rest_api	0047_alter_sample2property_value_float	2024-02-03 10:11:07.663196+00
74	rest_api	0048_lineage_lineagealias_delete_lineages_and_more	2024-02-03 10:11:07.7108+00
75	rest_api	0049_alter_mutation_alt	2024-02-03 10:11:07.729527+00
76	sessions	0001_initial	2024-02-03 10:11:07.750115+00
77	rest_api	0050_alter_sample_sequence	2024-03-17 20:06:18.98844+00
78	rest_api	0051_importlog_delete_entereddata_alter_sample_sequence_and_more	2024-04-02 15:18:22.239889+00
79	rest_api	0052_alter_mutation2annotation_alignment_and_more	2024-04-02 15:18:22.30776+00
80	rest_api	0053_fileprocessing_processingjob_and_more	2024-05-06 14:23:09.501535+00
81	rest_api	0054_alter_processingjob_entry_time_and_more	2024-05-06 14:23:09.531083+00
82	rest_api	0055_alter_gene_gene_accession	2024-07-12 12:38:03.305165+00
83	rest_api	0056_alter_mutation_alt_alter_mutation_ref	2024-07-12 12:38:03.379325+00
84	rest_api	0057_remove_sample_processing_date_and_more	2024-07-12 12:38:03.410271+00
\.


--
-- Data for Name: django_session; Type: TABLE DATA; Schema: public; Owner: postgres
--

COPY public.django_session (session_key, session_data, expire_date) FROM stdin;
w0mlzjgldd4iq51bu0smhpp2y6n0bulj	.eJxVjMsOwiAQRf-FtSEdKIVx6d5vIDM8pGogKe3K-O_apAvd3nPOfQlP21r81tPi5yjOAsTpd2MKj1R3EO9Ub02GVtdlZrkr8qBdXltMz8vh_h0U6uVbu4nMkF3WiOxUGAFsSgxZW9A8BBszISvlRssqqMkgOjTsGJgQQVnx_gDXtzdY:1rWDBw:VFakGGdjtq8gkjBG_Wd1Z5eTlOvkzgR_R4tAkrrKMzI	2024-02-17 10:24:08.637188+00
xty1llns6l01iaiqfr1zxgvuop3ai80s	.eJxVjMsOwiAQRf-FtSEdKIVx6d5vIDM8pGogKe3K-O_apAvd3nPOfQlP21r81tPi5yjOAsTpd2MKj1R3EO9Ub02GVtdlZrkr8qBdXltMz8vh_h0U6uVbu4nMkF3WiOxUGAFsSgxZW9A8BBszISvlRssqqMkgOjTsGJgQQVnx_gDXtzdY:1s3z55:kED6I5KD9PsKzhfdVG4e0VvznX7CDX6DWQKhGAoeS1I	2024-05-20 14:12:39.862065+00
ck9e7jhhcdq2oetp3okvt2azf19mb63z	.eJxVjMsOwiAQRf-FtSEdKIVx6d5vIDM8pGogKe3K-O_apAvd3nPOfQlP21r81tPi5yjOAsTpd2MKj1R3EO9Ub02GVtdlZrkr8qBdXltMz8vh_h0U6uVbu4nMkF3WiOxUGAFsSgxZW9A8BBszISvlRssqqMkgOjTsGJgQQVnx_gDXtzdY:1sSFgU:Fng8Pk7lc9ntQP2j9g8L2YSdIi4gX_j4-J2R72rIp9g	2024-07-26 12:47:34.200128+00
\.


--
-- Data for Name: file_processing; Type: TABLE DATA; Schema: public; Owner: postgres
--

COPY public.file_processing (id, file_name, processing_job_id) FROM stdin;
1	2024-07-12_12-44-32.322.d968e9.zip	1
2	2024-07-12_12-44-32.549.388219.zip	1
\.


--
-- Data for Name: gene; Type: TABLE DATA; Schema: public; Owner: postgres
--

COPY public.gene (id, description, start, "end", strand, gene_symbol, gene_accession, gene_sequence, cds_sequence, replicon_id, cds_accession, cds_symbol) FROM stdin;
5	membrane glycoprotein	26522	27191	1	M	M	ATGGCAGATTCCAACGGTACTATTACCGTTGAAGAGCTTAAAAAGCTCCTTGAACAATGGAACCTAGTAATAGGTTTCCTATTCCTTACATGGATTTGTCTTCTACAATTTGCCTATGCCAACAGGAATAGGTTTTTGTATATAATTAAGTTAATTTTCCTCTGGCTGTTATGGCCAGTAACTTTAGCTTGTTTTGTGCTTGCTGCTGTTTACAGAATAAATTGGATCACCGGTGGAATTGCTATCGCAATGGCTTGTCTTGTAGGCTTGATGTGGCTCAGCTACTTCATTGCTTCTTTCAGACTGTTTGCGCGTACGCGTTCCATGTGGTCATTCAATCCAGAAACTAACATTCTTCTCAACGTGCCACTCCATGGCACTATTCTGACCAGACCGCTTCTAGAAAGTGAACTCGTAATCGGAGCTGTGATCCTTCGTGGACATCTTCGTATTGCTGGACACCATCTAGGACGCTGTGACATCAAGGACCTGCCTAAAGAAATCACTGTTGCTACATCACGAACGCTTTCTTATTACAAATTGGGAGCTTCGCAGCGTGTAGCAGGTGACTCAGGTTTTGCTGCATACAGTCGCTACAGGATTGGCAACTATAAATTAAACACAGACCATTCCAGTAGCAGTGACAATATTGCTTTGCTTGTACAGTAA	MADSNGTITVEELKKLLEQWNLVIGFLFLTWICLLQFAYANRNRFLYIIKLIFLWLLWPVTLACFVLAAVYRINWITGGIAIAMACLVGLMWLSYFIASFRLFARTRSMWSFNPETNILLNVPLHGTILTRPLLESELVIGAVILRGHLRIAGHHLGRCDIKDLPKEITVATSRTLSYYKLGASQRVAGDSGFAAYSRYRIGNYKLNTDHSSSSDNIALLVQ	1	QHD43419.1	M
6	ORF6 protein	27201	27387	1	ORF6	ORF6	ATGTTTCATCTCGTTGACTTTCAGGTTACTATAGCAGAGATATTACTAATTATTATGAGGACTTTTAAAGTTTCCATTTGGAATCTTGATTACATCATAAACCTCATAATTAAAAATTTATCTAAGTCACTAACTGAGAATAAATATTCTCAATTAGATGAAGAGCAACCAATGGAGATTGATTAA	MFHLVDFQVTIAEILLIIMRTFKVSIWNLDYIINLIIKNLSKSLTENKYSQLDEEQPMEID	1	QHD43420.1	ORF6
7	ORF7a protein	27393	27759	1	ORF7a	ORF7a	ATGAAAATTATTCTTTTCTTGGCACTGATAACACTCGCTACTTGTGAGCTTTATCACTACCAAGAGTGTGTTAGAGGTACAACAGTACTTTTAAAAGAACCTTGCTCTTCTGGAACATACGAGGGCAATTCACCATTTCATCCTCTAGCTGATAACAAATTTGCACTGACTTGCTTTAGCACTCAATTTGCTTTTGCTTGTCCTGACGGCGTAAAACACGTCTATCAGTTACGTGCCAGATCAGTTTCACCTAAACTGTTCATCAGACAAGAGGAAGTTCAAGAACTTTACTCTCCAATTTTTCTTATTGTTGCGGCAATAGTGTTTATAACACTTTGCTTCACACTCAAAAGAAAGACAGAATGA	MKIILFLALITLATCELYHYQECVRGTTVLLKEPCSSGTYEGNSPFHPLADNKFALTCFSTQFAFACPDGVKHVYQLRARSVSPKLFIRQEEVQELYSPIFLIVAAIVFITLCFTLKRKTE	1	QHD43421.1	ORF7a
8	ORF8 protein	27893	28259	1	ORF8	ORF8	ATGAAATTTCTTGTTTTCTTAGGAATCATCACAACTGTAGCTGCATTTCACCAAGAATGTAGTTTACAGTCATGTACTCAACATCAACCATATGTAGTTGATGACCCGTGTCCTATTCACTTCTATTCTAAATGGTATATTAGAGTAGGAGCTAGAAAATCAGCACCTTTAATTGAATTGTGCGTGGATGAGGCTGGTTCTAAATCACCCATTCAGTACATCGATATCGGTAATTATACAGTTTCCTGTTTACCTTTTACAATTAATTGCCAGGAACCTAAATTGGGTAGTCTTGTAGTGCGTTGTTCGTTCTATGAAGACTTTTTAGAGTATCATGACGTTCGTGTTGTTTTAGATTTCATCTAA	MKFLVFLGIITTVAAFHQECSLQSCTQHQPYVVDDPCPIHFYSKWYIRVGARKSAPLIELCVDEAGSKSPIQYIDIGNYTVSCLPFTINCQEPKLGSLVVRCSFYEDFLEYHDVRVVLDFI	1	QHD43422.1	ORF8
9	nucleocapsid phosphoprotein	28273	29533	1	N	N	ATGTCTGATAATGGACCCCAAAATCAGCGAAATGCACCCCGCATTACGTTTGGTGGACCCTCAGATTCAACTGGCAGTAACCAGAATGGAGAACGCAGTGGGGCGCGATCAAAACAACGTCGGCCCCAAGGTTTACCCAATAATACTGCGTCTTGGTTCACCGCTCTCACTCAACATGGCAAGGAAGACCTTAAATTCCCTCGAGGACAAGGCGTTCCAATTAACACCAATAGCAGTCCAGATGACCAAATTGGCTACTACCGAAGAGCTACCAGACGAATTCGTGGTGGTGACGGTAAAATGAAAGATCTCAGTCCAAGATGGTATTTCTACTACCTAGGAACTGGGCCAGAAGCTGGACTTCCCTATGGTGCTAACAAAGACGGCATCATATGGGTTGCAACTGAGGGAGCCTTGAATACACCAAAAGATCACATTGGCACCCGCAATCCTGCTAACAATGCTGCAATCGTGCTACAACTTCCTCAAGGAACAACATTGCCAAAAGGCTTCTACGCAGAAGGGAGCAGAGGCGGCAGTCAAGCCTCTTCTCGTTCCTCATCACGTAGTCGCAACAGTTCAAGAAATTCAACTCCAGGCAGCAGTAGGGGAACTTCTCCTGCTAGAATGGCTGGCAATGGCGGTGATGCTGCTCTTGCTTTGCTGCTGCTTGACAGATTGAACCAGCTTGAGAGCAAAATGTCTGGTAAAGGCCAACAACAACAAGGCCAAACTGTCACTAAGAAATCTGCTGCTGAGGCTTCTAAGAAGCCTCGGCAAAAACGTACTGCCACTAAAGCATACAATGTAACACAAGCTTTCGGCAGACGTGGTCCAGAACAAACCCAAGGAAATTTTGGGGACCAGGAACTAATCAGACAAGGAACTGATTACAAACATTGGCCGCAAATTGCACAATTTGCCCCCAGCGCTTCAGCGTTCTTCGGAATGTCGCGCATTGGCATGGAAGTCACACCTTCGGGAACGTGGTTGACCTACACAGGTGCCATCAAATTGGATGACAAAGATCCAAATTTCAAAGATCAAGTCATTTTGCTGAATAAGCATATTGACGCATACAAAACATTCCCACCAACAGAGCCTAAAAAGGACAAAAAGAAGAAGGCTGATGAAACTCAAGCCTTACCGCAGAGACAGAAGAAACAGCAAACTGTGACTCTTCTTCCTGCTGCAGATTTGGATGATTTCTCCAAACAATTGCAACAATCCATGAGCAGTGCTGACTCAACTCAGGCCTAA	MSDNGPQNQRNAPRITFGGPSDSTGSNQNGERSGARSKQRRPQGLPNNTASWFTALTQHGKEDLKFPRGQGVPINTNSSPDDQIGYYRRATRRIRGGDGKMKDLSPRWYFYYLGTGPEAGLPYGANKDGIIWVATEGALNTPKDHIGTRNPANNAAIVLQLPQGTTLPKGFYAEGSRGGSQASSRSSSRSRNSSRNSTPGSSRGTSPARMAGNGGDAALALLLLDRLNQLESKMSGKGQQQQGQTVTKKSAAEASKKPRQKRTATKAYNVTQAFGRRGPEQTQGNFGDQELIRQGTDYKHWPQIAQFAPSASAFFGMSRIGMEVTPSGTWLTYTGAIKLDDKDPNFKDQVILLNKHIDAYKTFPPTEPKKDKKKKADETQALPQRQKKQQTVTLLPAADLDDFSKQLQQSMSSADSTQA	1	QHD43423.2	N
10	ORF10 protein	29557	29674	1	ORF10	ORF10	ATGGGCTATATAAACGTTTTCGCTTTTCCGTTTACGATATATAGTCTACTCTTGTGCAGAATGAATTCTCGTAACTACATAGCACAAGTAGATGTAGTTAACTTTAATCTCACATAG	MGYINVFAFPFTIYSLLLCRMNSRNYIAQVDVVNFNLT	1	QHI42199.1	ORF10
1	ORF1ab polyprotein	265	21555	1	ORF1ab	ORF1ab	ATGGAGAGCCTTGTCCCTGGTTTCAACGAGAAAACACACGTCCAACTCAGTTTGCCTGTTTTACAGGTTCGCGACGTGCTCGTACGTGGCTTTGGAGACTCCGTGGAGGAGGTCTTATCAGAGGCACGTCAACATCTTAAAGATGGCACTTGTGGCTTAGTAGAAGTTGAAAAAGGCGTTTTGCCTCAACTTGAACAGCCCTATGTGTTCATCAAACGTTCGGATGCTCGAACTGCACCTCATGGTCATGTTATGGTTGAGCTGGTAGCAGAACTCGAAGGCATTCAGTACGGTCGTAGTGGTGAGACACTTGGTGTCCTTGTCCCTCATGTGGGCGAAATACCAGTGGCTTACCGCAAGGTTCTTCTTCGTAAGAACGGTAATAAAGGAGCTGGTGGCCATAGTTACGGCGCCGATCTAAAGTCATTTGACTTAGGCGACGAGCTTGGCACTGATCCTTATGAAGATTTTCAAGAAAACTGGAACACTAAACATAGCAGTGGTGTTACCCGTGAACTCATGCGTGAGCTTAACGGAGGGGCATACACTCGCTATGTCGATAACAACTTCTGTGGCCCTGATGGCTACCCTCTTGAGTGCATTAAAGACCTTCTAGCACGTGCTGGTAAAGCTTCATGCACTTTGTCCGAACAACTGGACTTTATTGACACTAAGAGGGGTGTATACTGCTGCCGTGAACATGAGCATGAAATTGCTTGGTACACGGAACGTTCTGAAAAGAGCTATGAATTGCAGACACCTTTTGAAATTAAATTGGCAAAGAAATTTGACACCTTCAATGGGGAATGTCCAAATTTTGTATTTCCCTTAAATTCCATAATCAAGACTATTCAACCAAGGGTTGAAAAGAAAAAGCTTGATGGCTTTATGGGTAGAATTCGATCTGTCTATCCAGTTGCGTCACCAAATGAATGCAACCAAATGTGCCTTTCAACTCTCATGAAGTGTGATCATTGTGGTGAAACTTCATGGCAGACGGGCGATTTTGTTAAAGCCACTTGCGAATTTTGTGGCACTGAGAATTTGACTAAAGAAGGTGCCACTACTTGTGGTTACTTACCCCAAAATGCTGTTGTTAAAATTTATTGTCCAGCATGTCACAATTCAGAAGTAGGACCTGAGCATAGTCTTGCCGAATACCATAATGAATCTGGCTTGAAAACCATTCTTCGTAAGGGTGGTCGCACTATTGCCTTTGGAGGCTGTGTGTTCTCTTATGTTGGTTGCCATAACAAGTGTGCCTATTGGGTTCCACGTGCTAGCGCTAACATAGGTTGTAACCATACAGGTGTTGTTGGAGAAGGTTCCGAAGGTCTTAATGACAACCTTCTTGAAATACTCCAAAAAGAGAAAGTCAACATCAATATTGTTGGTGACTTTAAACTTAATGAAGAGATCGCCATTATTTTGGCATCTTTTTCTGCTTCCACAAGTGCTTTTGTGGAAACTGTGAAAGGTTTGGATTATAAAGCATTCAAACAAATTGTTGAATCCTGTGGTAATTTTAAAGTTACAAAAGGAAAAGCTAAAAAAGGTGCCTGGAATATTGGTGAACAGAAATCAATACTGAGTCCTCTTTATGCATTTGCATCAGAGGCTGCTCGTGTTGTACGATCAATTTTCTCCCGCACTCTTGAAACTGCTCAAAATTCTGTGCGTGTTTTACAGAAGGCCGCTATAACAATACTAGATGGAATTTCACAGTATTCACTGAGACTCATTGATGCTATGATGTTCACATCTGATTTGGCTACTAACAATCTAGTTGTAATGGCCTACATTACAGGTGGTGTTGTTCAGTTGACTTCGCAGTGGCTAACTAACATCTTTGGCACTGTTTATGAAAAACTCAAACCCGTCCTTGATTGGCTTGAAGAGAAGTTTAAGGAAGGTGTAGAGTTTCTTAGAGACGGTTGGGAAATTGTTAAATTTATCTCAACCTGTGCTTGTGAAATTGTCGGTGGACAAATTGTCACCTGTGCAAAGGAAATTAAGGAGAGTGTTCAGACATTCTTTAAGCTTGTAAATAAATTTTTGGCTTTGTGTGCTGACTCTATCATTATTGGTGGAGCTAAACTTAAAGCCTTGAATTTAGGTGAAACATTTGTCACGCACTCAAAGGGATTGTACAGAAAGTGTGTTAAATCCAGAGAAGAAACTGGCCTACTCATGCCTCTAAAAGCCCCAAAAGAAATTATCTTCTTAGAGGGAGAAACACTTCCCACAGAAGTGTTAACAGAGGAAGTTGTCTTGAAAACTGGTGATTTACAACCATTAGAACAACCTACTAGTGAAGCTGTTGAAGCTCCATTGGTTGGTACACCAGTTTGTATTAACGGGCTTATGTTGCTCGAAATCAAAGACACAGAAAAGTACTGTGCCCTTGCACCTAATATGATGGTAACAAACAATACCTTCACACTCAAAGGCGGTGCACCAACAAAGGTTACTTTTGGTGATGACACTGTGATAGAAGTGCAAGGTTACAAGAGTGTGAATATCACTTTTGAACTTGATGAAAGGATTGATAAAGTACTTAATGAGAAGTGCTCTGCCTATACAGTTGAACTCGGTACAGAAGTAAATGAGTTCGCCTGTGTTGTGGCAGATGCTGTCATAAAAACTTTGCAACCAGTATCTGAATTACTTACACCACTGGGCATTGATTTAGATGAGTGGAGTATGGCTACATACTACTTATTTGATGAGTCTGGTGAGTTTAAATTGGCTTCACATATGTATTGTTCTTTCTACCCTCCAGATGAGGATGAAGAAGAAGGTGATTGTGAAGAAGAAGAGTTTGAGCCATCAACTCAATATGAGTATGGTACTGAAGATGATTACCAAGGTAAACCTTTGGAATTTGGTGCCACTTCTGCTGCTCTTCAACCTGAAGAAGAGCAAGAAGAAGATTGGTTAGATGATGATAGTCAACAAACTGTTGGTCAACAAGACGGCAGTGAGGACAATCAGACAACTACTATTCAAACAATTGTTGAGGTTCAACCTCAATTAGAGATGGAACTTACACCAGTTGTTCAGACTATTGAAGTGAATAGTTTTAGTGGTTATTTAAAACTTACTGACAATGTATACATTAAAAATGCAGACATTGTGGAAGAAGCTAAAAAGGTAAAACCAACAGTGGTTGTTAATGCAGCCAATGTTTACCTTAAACATGGAGGAGGTGTTGCAGGAGCCTTAAATAAGGCTACTAACAATGCCATGCAAGTTGAATCTGATGATTACATAGCTACTAATGGACCACTTAAAGTGGGTGGTAGTTGTGTTTTAAGCGGACACAATCTTGCTAAACACTGTCTTCATGTTGTCGGCCCAAATGTTAACAAAGGTGAAGACATTCAACTTCTTAAGAGTGCTTATGAAAATTTTAATCAGCACGAAGTTCTACTTGCACCATTATTATCAGCTGGTATTTTTGGTGCTGACCCTATACATTCTTTAAGAGTTTGTGTAGATACTGTTCGCACAAATGTCTACTTAGCTGTCTTTGATAAAAATCTCTATGACAAACTTGTTTCAAGCTTTTTGGAAATGAAGAGTGAAAAGCAAGTTGAACAAAAGATCGCTGAGATTCCTAAAGAGGAAGTTAAGCCATTTATAACTGAAAGTAAACCTTCAGTTGAACAGAGAAAACAAGATGATAAGAAAATCAAAGCTTGTGTTGAAGAAGTTACAACAACTCTGGAAGAAACTAAGTTCCTCACAGAAAACTTGTTACTTTATATTGACATTAATGGCAATCTTCATCCAGATTCTGCCACTCTTGTTAGTGACATTGACATCACTTTCTTAAAGAAAGATGCTCCATATATAGTGGGTGATGTTGTTCAAGAGGGTGTTTTAACTGCTGTGGTTATACCTACTAAAAAGGCTGGTGGCACTACTGAAATGCTAGCGAAAGCTTTGAGAAAAGTGCCAACAGACAATTATATAACCACTTACCCGGGTCAGGGTTTAAATGGTTACACTGTAGAGGAGGCAAAGACAGTGCTTAAAAAGTGTAAAAGTGCCTTTTACATTCTACCATCTATTATCTCTAATGAGAAGCAAGAAATTCTTGGAACTGTTTCTTGGAATTTGCGAGAAATGCTTGCACATGCAGAAGAAACACGCAAATTAATGCCTGTCTGTGTGGAAACTAAAGCCATAGTTTCAACTATACAGCGTAAATATAAGGGTATTAAAATACAAGAGGGTGTGGTTGATTATGGTGCTAGATTTTACTTTTACACCAGTAAAACAACTGTAGCGTCACTTATCAACACACTTAACGATCTAAATGAAACTCTTGTTACAATGCCACTTGGCTATGTAACACATGGCTTAAATTTGGAAGAAGCTGCTCGGTATATGAGATCTCTCAAAGTGCCAGCTACAGTTTCTGTTTCTTCACCTGATGCTGTTACAGCGTATAATGGTTATCTTACTTCTTCTTCTAAAACACCTGAAGAACATTTTATTGAAACCATCTCACTTGCTGGTTCCTATAAAGATTGGTCCTATTCTGGACAATCTACACAACTAGGTATAGAATTTCTTAAGAGAGGTGATAAAAGTGTATATTACACTAGTAATCCTACCACATTCCACCTAGATGGTGAAGTTATCACCTTTGACAATCTTAAGACACTTCTTTCTTTGAGAGAAGTGAGGACTATTAAGGTGTTTACAACAGTAGACAACATTAACCTCCACACGCAAGTTGTGGACATGTCAATGACATATGGACAACAGTTTGGTCCAACTTATTTGGATGGAGCTGATGTTACTAAAATAAAACCTCATAATTCACATGAAGGTAAAACATTTTATGTTTTACCTAATGATGACACTCTACGTGTTGAGGCTTTTGAGTACTACCACACAACTGATCCTAGTTTTCTGGGTAGGTACATGTCAGCATTAAATCACACTAAAAAGTGGAAATACCCACAAGTTAATGGTTTAACTTCTATTAAATGGGCAGATAACAACTGTTATCTTGCCACTGCATTGTTAACACTCCAACAAATAGAGTTGAAGTTTAATCCACCTGCTCTACAAGATGCTTATTACAGAGCAAGGGCTGGTGAAGCTGCTAACTTTTGTGCACTTATCTTAGCCTACTGTAATAAGACAGTAGGTGAGTTAGGTGATGTTAGAGAAACAATGAGTTACTTGTTTCAACATGCCAATTTAGATTCTTGCAAAAGAGTCTTGAACGTGGTGTGTAAAACTTGTGGACAACAGCAGACAACCCTTAAGGGTGTAGAAGCTGTTATGTACATGGGCACACTTTCTTATGAACAATTTAAGAAAGGTGTTCAGATACCTTGTACGTGTGGTAAACAAGCTACAAAATATCTAGTACAACAGGAGTCACCTTTTGTTATGATGTCAGCACCACCTGCTCAGTATGAACTTAAGCATGGTACATTTACTTGTGCTAGTGAGTACACTGGTAATTACCAGTGTGGTCACTATAAACATATAACTTCTAAAGAAACTTTGTATTGCATAGACGGTGCTTTACTTACAAAGTCCTCAGAATACAAAGGTCCTATTACGGATGTTTTCTACAAAGAAAACAGTTACACAACAACCATAAAACCAGTTACTTATAAATTGGATGGTGTTGTTTGTACAGAAATTGACCCTAAGTTGGACAATTATTATAAGAAAGACAATTCTTATTTCACAGAGCAACCAATTGATCTTGTACCAAACCAACCATATCCAAACGCAAGCTTCGATAATTTTAAGTTTGTATGTGATAATATCAAATTTGCTGATGATTTAAACCAGTTAACTGGTTATAAGAAACCTGCTTCAAGAGAGCTTAAAGTTACATTTTTCCCTGACTTAAATGGTGATGTGGTGGCTATTGATTATAAACACTACACACCCTCTTTTAAGAAAGGAGCTAAATTGTTACATAAACCTATTGTTTGGCATGTTAACAATGCAACTAATAAAGCCACGTATAAACCAAATACCTGGTGTATACGTTGTCTTTGGAGCACAAAACCAGTTGAAACATCAAATTCGTTTGATGTACTGAAGTCAGAGGACGCGCAGGGAATGGATAATCTTGCCTGCGAAGATCTAAAACCAGTCTCTGAAGAAGTAGTGGAAAATCCTACCATACAGAAAGACGTTCTTGAGTGTAATGTGAAAACTACCGAAGTTGTAGGAGACATTATACTTAAACCAGCAAATAATAGTTTAAAAATTACAGAAGAGGTTGGCCACACAGATCTAATGGCTGCTTATGTAGACAATTCTAGTCTTACTATTAAGAAACCTAATGAATTATCTAGAGTATTAGGTTTGAAAACCCTTGCTACTCATGGTTTAGCTGCTGTTAATAGTGTCCCTTGGGATACTATAGCTAATTATGCTAAGCCTTTTCTTAACAAAGTTGTTAGTACAACTACTAACATAGTTACACGGTGTTTAAACCGTGTTTGTACTAATTATATGCCTTATTTCTTTACTTTATTGCTACAATTGTGTACTTTTACTAGAAGTACAAATTCTAGAATTAAAGCATCTATGCCGACTACTATAGCAAAGAATACTGTTAAGAGTGTCGGTAAATTTTGTCTAGAGGCTTCATTTAATTATTTGAAGTCACCTAATTTTTCTAAACTGATAAATATTATAATTTGGTTTTTACTATTAAGTGTTTGCCTAGGTTCTTTAATCTACTCAACCGCTGCTTTAGGTGTTTTAATGTCTAATTTAGGCATGCCTTCTTACTGTACTGGTTACAGAGAAGGCTATTTGAACTCTACTAATGTCACTATTGCAACCTACTGTACTGGTTCTATACCTTGTAGTGTTTGTCTTAGTGGTTTAGATTCTTTAGACACCTATCCTTCTTTAGAAACTATACAAATTACCATTTCATCTTTTAAATGGGATTTAACTGCTTTTGGCTTAGTTGCAGAGTGGTTTTTGGCATATATTCTTTTCACTAGGTTTTTCTATGTACTTGGATTGGCTGCAATCATGCAATTGTTTTTCAGCTATTTTGCAGTACATTTTATTAGTAATTCTTGGCTTATGTGGTTAATAATTAATCTTGTACAAATGGCCCCGATTTCAGCTATGGTTAGAATGTACATCTTCTTTGCATCATTTTATTATGTATGGAAAAGTTATGTGCATGTTGTAGACGGTTGTAATTCATCAACTTGTATGATGTGTTACAAACGTAATAGAGCAACAAGAGTCGAATGTACAACTATTGTTAATGGTGTTAGAAGGTCCTTTTATGTCTATGCTAATGGAGGTAAAGGCTTTTGCAAACTACACAATTGGAATTGTGTTAATTGTGATACATTCTGTGCTGGTAGTACATTTATTAGTGATGAAGTTGCGAGAGACTTGTCACTACAGTTTAAAAGACCAATAAATCCTACTGACCAGTCTTCTTACATCGTTGATAGTGTTACAGTGAAGAATGGTTCCATCCATCTTTACTTTGATAAAGCTGGTCAAAAGACTTATGAAAGACATTCTCTCTCTCATTTTGTTAACTTAGACAACCTGAGAGCTAATAACACTAAAGGTTCATTGCCTATTAATGTTATAGTTTTTGATGGTAAATCAAAATGTGAAGAATCATCTGCAAAATCAGCGTCTGTTTACTACAGTCAGCTTATGTGTCAACCTATACTGTTACTAGATCAGGCATTAGTGTCTGATGTTGGTGATAGTGCGGAAGTTGCAGTTAAAATGTTTGATGCTTACGTTAATACGTTTTCATCAACTTTTAACGTACCAATGGAAAAACTCAAAACACTAGTTGCAACTGCAGAAGCTGAACTTGCAAAGAATGTGTCCTTAGACAATGTCTTATCTACTTTTATTTCAGCAGCTCGGCAAGGGTTTGTTGATTCAGATGTAGAAACTAAAGATGTTGTTGAATGTCTTAAATTGTCACATCAATCTGACATAGAAGTTACTGGCGATAGTTGTAATAACTATATGCTCACCTATAACAAAGTTGAAAACATGACACCCCGTGACCTTGGTGCTTGTATTGACTGTAGTGCGCGTCATATTAATGCGCAGGTAGCAAAAAGTCACAACATTGCTTTGATATGGAACGTTAAAGATTTCATGTCATTGTCTGAACAACTACGAAAACAAATACGTAGTGCTGCTAAAAAGAATAACTTACCTTTTAAGTTGACATGTGCAACTACTAGACAAGTTGTTAATGTTGTAACAACAAAGATAGCACTTAAGGGTGGTAAAATTGTTAATAATTGGTTGAAGCAGTTAATTAAAGTTACACTTGTGTTCCTTTTTGTTGCTGCTATTTTCTATTTAATAACACCTGTTCATGTCATGTCTAAACATACTGACTTTTCAAGTGAAATCATAGGATACAAGGCTATTGATGGTGGTGTCACTCGTGACATAGCATCTACAGATACTTGTTTTGCTAACAAACATGCTGATTTTGACACATGGTTTAGCCAGCGTGGTGGTAGTTATACTAATGACAAAGCTTGCCCATTGATTGCTGCAGTCATAACAAGAGAAGTGGGTTTTGTCGTGCCTGGTTTGCCTGGCACGATATTACGCACAACTAATGGTGACTTTTTGCATTTCTTACCTAGAGTTTTTAGTGCAGTTGGTAACATCTGTTACACACCATCAAAACTTATAGAGTACACTGACTTTGCAACATCAGCTTGTGTTTTGGCTGCTGAATGTACAATTTTTAAAGATGCTTCTGGTAAGCCAGTACCATATTGTTATGATACCAATGTACTAGAAGGTTCTGTTGCTTATGAAAGTTTACGCCCTGACACACGTTATGTGCTCATGGATGGCTCTATTATTCAATTTCCTAACACCTACCTTGAAGGTTCTGTTAGAGTGGTAACAACTTTTGATTCTGAGTACTGTAGGCACGGCACTTGTGAAAGATCAGAAGCTGGTGTTTGTGTATCTACTAGTGGTAGATGGGTACTTAACAATGATTATTACAGATCTTTACCAGGAGTTTTCTGTGGTGTAGATGCTGTAAATTTACTTACTAATATGTTTACACCACTAATTCAACCTATTGGTGCTTTGGACATATCAGCATCTATAGTAGCTGGTGGTATTGTAGCTATCGTAGTAACATGCCTTGCCTACTATTTTATGAGGTTTAGAAGAGCTTTTGGTGAATACAGTCATGTAGTTGCCTTTAATACTTTACTATTCCTTATGTCATTCACTGTACTCTGTTTAACACCAGTTTACTCATTCTTACCTGGTGTTTATTCTGTTATTTACTTGTACTTGACATTTTATCTTACTAATGATGTTTCTTTTTTAGCACATATTCAGTGGATGGTTATGTTCACACCTTTAGTACCTTTCTGGATAACAATTGCTTATATCATTTGTATTTCCACAAAGCATTTCTATTGGTTCTTTAGTAATTACCTAAAGAGACGTGTAGTCTTTAATGGTGTTTCCTTTAGTACTTTTGAAGAAGCTGCGCTGTGCACCTTTTTGTTAAATAAAGAAATGTATCTAAAGTTGCGTAGTGATGTGCTATTACCTCTTACGCAATATAATAGATACTTAGCTCTTTATAATAAGTACAAGTATTTTAGTGGAGCAATGGATACAACTAGCTACAGAGAAGCTGCTTGTTGTCATCTCGCAAAGGCTCTCAATGACTTCAGTAACTCAGGTTCTGATGTTCTTTACCAACCACCACAAACCTCTATCACCTCAGCTGTTTTGCAGAGTGGTTTTAGAAAAATGGCATTCCCATCTGGTAAAGTTGAGGGTTGTATGGTACAAGTAACTTGTGGTACAACTACACTTAACGGTCTTTGGCTTGATGACGTAGTTTACTGTCCAAGACATGTGATCTGCACCTCTGAAGACATGCTTAACCCTAATTATGAAGATTTACTCATTCGTAAGTCTAATCATAATTTCTTGGTACAGGCTGGTAATGTTCAACTCAGGGTTATTGGACATTCTATGCAAAATTGTGTACTTAAGCTTAAGGTTGATACAGCCAATCCTAAGACACCTAAGTATAAGTTTGTTCGCATTCAACCAGGACAGACTTTTTCAGTGTTAGCTTGTTACAATGGTTCACCATCTGGTGTTTACCAATGTGCTATGAGGCCCAATTTCACTATTAAGGGTTCATTCCTTAATGGTTCATGTGGTAGTGTTGGTTTTAACATAGATTATGACTGTGTCTCTTTTTGTTACATGCACCATATGGAATTACCAACTGGAGTTCATGCTGGCACAGACTTAGAAGGTAACTTTTATGGACCTTTTGTTGACAGGCAAACAGCACAAGCAGCTGGTACGGACACAACTATTACAGTTAATGTTTTAGCTTGGTTGTACGCTGCTGTTATAAATGGAGACAGGTGGTTTCTCAATCGATTTACCACAACTCTTAATGACTTTAACCTTGTGGCTATGAAGTACAATTATGAACCTCTAACACAAGACCATGTTGACATACTAGGACCTCTTTCTGCTCAAACTGGAATTGCCGTTTTAGATATGTGTGCTTCATTAAAAGAATTACTGCAAAATGGTATGAATGGACGTACCATATTGGGTAGTGCTTTATTAGAAGATGAATTTACACCTTTTGATGTTGTTAGACAATGCTCAGGTGTTACTTTCCAAAGTGCAGTGAAAAGAACAATCAAGGGTACACACCACTGGTTGTTACTCACAATTTTGACTTCACTTTTAGTTTTAGTCCAGAGTACTCAATGGTCTTTGTTCTTTTTTTTGTATGAAAATGCCTTTTTACCTTTTGCTATGGGTATTATTGCTATGTCTGCTTTTGCAATGATGTTTGTCAAACATAAGCATGCATTTCTCTGTTTGTTTTTGTTACCTTCTCTTGCCACTGTAGCTTATTTTAATATGGTCTATATGCCTGCTAGTTGGGTGATGCGTATTATGACATGGTTGGATATGGTTGATACTAGTTTGTCTGGTTTTAAGCTAAAAGACTGTGTTATGTATGCATCAGCTGTAGTGTTACTAATCCTTATGACAGCAAGAACTGTGTATGATGATGGTGCTAGGAGAGTGTGGACACTTATGAATGTCTTGACACTCGTTTATAAAGTTTATTATGGTAATGCTTTAGATCAAGCCATTTCCATGTGGGCTCTTATAATCTCTGTTACTTCTAACTACTCAGGTGTAGTTACAACTGTCATGTTTTTGGCCAGAGGTATTGTTTTTATGTGTGTTGAGTATTGCCCTATTTTCTTCATAACTGGTAATACACTTCAGTGTATAATGCTAGTTTATTGTTTCTTAGGCTATTTTTGTACTTGTTACTTTGGCCTCTTTTGTTTACTCAACCGCTACTTTAGACTGACTCTTGGTGTTTATGATTACTTAGTTTCTACACAGGAGTTTAGATATATGAATTCACAGGGACTACTCCCACCCAAGAATAGCATAGATGCCTTCAAACTCAACATTAAATTGTTGGGTGTTGGTGGCAAACCTTGTATCAAAGTAGCCACTGTACAGTCTAAAATGTCAGATGTAAAGTGCACATCAGTAGTCTTACTCTCAGTTTTGCAACAACTCAGAGTAGAATCATCATCTAAATTGTGGGCTCAATGTGTCCAGTTACACAATGACATTCTCTTAGCTAAAGATACTACTGAAGCCTTTGAAAAAATGGTTTCACTACTTTCTGTTTTGCTTTCCATGCAGGGTGCTGTAGACATAAACAAGCTTTGTGAAGAAATGCTGGACAACAGGGCAACCTTACAAGCTATAGCCTCAGAGTTTAGTTCCCTTCCATCATATGCAGCTTTTGCTACTGCTCAAGAAGCTTATGAGCAGGCTGTTGCTAATGGTGATTCTGAAGTTGTTCTTAAAAAGTTGAAGAAGTCTTTGAATGTGGCTAAATCTGAATTTGACCGTGATGCAGCCATGCAACGTAAGTTGGAAAAGATGGCTGATCAAGCTATGACCCAAATGTATAAACAGGCTAGATCTGAGGACAAGAGGGCAAAAGTTACTAGTGCTATGCAGACAATGCTTTTCACTATGCTTAGAAAGTTGGATAATGATGCACTCAACAACATTATCAACAATGCAAGAGATGGTTGTGTTCCCTTGAACATAATACCTCTTACAACAGCAGCCAAACTAATGGTTGTCATACCAGACTATAACACATATAAAAATACGTGTGATGGTACAACATTTACTTATGCATCAGCATTGTGGGAAATCCAACAGGTTGTAGATGCAGATAGTAAAATTGTTCAACTTAGTGAAATTAGTATGGACAATTCACCTAATTTAGCATGGCCTCTTATTGTAACAGCTTTAAGGGCCAATTCTGCTGTCAAATTACAGAATAATGAGCTTAGTCCTGTTGCACTACGACAGATGTCTTGTGCTGCCGGTACTACACAAACTGCTTGCACTGATGACAATGCGTTAGCTTACTACAACACAACAAAGGGAGGTAGGTTTGTACTTGCACTGTTATCCGATTTACAGGATTTGAAATGGGCTAGATTCCCTAAGAGTGATGGAACTGGTACTATCTATACAGAACTGGAACCACCTTGTAGGTTTGTTACAGACACACCTAAAGGTCCTAAAGTGAAGTATTTATACTTTATTAAAGGATTAAACAACCTAAATAGAGGTATGGTACTTGGTAGTTTAGCTGCCACAGTACGTCTACAAGCTGGTAATGCAACAGAAGTGCCTGCCAATTCAACTGTATTATCTTTCTGTGCTTTTGCTGTAGATGCTGCTAAAGCTTACAAAGATTATCTAGCTAGTGGGGGACAACCAATCACTAATTGTGTTAAGATGTTGTGTACACACACTGGTACTGGTCAGGCAATAACAGTTACACCGGAAGCCAATATGGATCAAGAATCCTTTGGTGGTGCATCGTGTTGTCTGTACTGCCGTTGCCACATAGATCATCCAAATCCTAAAGGATTTTGTGACTTAAAAGGTAAGTATGTACAAATACCTACAACTTGTGCTAATGACCCTGTGGGTTTTACACTTAAAAACACAGTCTGTACCGTCTGCGGTATGTGGAAAGGTTATGGCTGTAGTTGTGATCAACTCCGCGAACCCATGCTTCAGTCAGCTGATGCACAATCGTTTTTAAACGGGTTTGCGGTGTAAGTGCAGCCCGTCTTACACCGTGCGGCACAGGCACTAGTACTGATGTCGTATACAGGGCTTTTGACATCTACAATGATAAAGTAGCTGGTTTTGCTAAATTCCTAAAAACTAATTGTTGTCGCTTCCAAGAAAAGGACGAAGATGACAATTTAATTGATTCTTACTTTGTAGTTAAGAGACACACTTTCTCTAACTACCAACATGAAGAAACAATTTATAATTTACTTAAGGATTGTCCAGCTGTTGCTAAACATGACTTCTTTAAGTTTAGAATAGACGGTGACATGGTACCACATATATCACGTCAACGTCTTACTAAATACACAATGGCAGACCTCGTCTATGCTTTAAGGCATTTTGATGAAGGTAATTGTGACACATTAAAAGAAATACTTGTCACATACAATTGTTGTGATGATGATTATTTCAATAAAAAGGACTGGTATGATTTTGTAGAAAACCCAGATATATTACGCGTATACGCCAACTTAGGTGAACGTGTACGCCAAGCTTTGTTAAAAACAGTACAATTCTGTGATGCCATGCGAAATGCTGGTATTGTTGGTGTACTGACATTAGATAATCAAGATCTCAATGGTAACTGGTATGATTTCGGTGATTTCATACAAACCACGCCAGGTAGTGGAGTTCCTGTTGTAGATTCTTATTATTCATTGTTAATGCCTATATTAACCTTGACCAGGGCTTTAACTGCAGAGTCACATGTTGACACTGACTTAACAAAGCCTTACATTAAGTGGGATTTGTTAAAATATGACTTCACGGAAGAGAGGTTAAAACTCTTTGACCGTTATTTTAAATATTGGGATCAGACATACCACCCAAATTGTGTTAACTGTTTGGATGACAGATGCATTCTGCATTGTGCAAACTTTAATGTTTTATTCTCTACAGTGTTCCCACCTACAAGTTTTGGACCACTAGTGAGAAAAATATTTGTTGATGGTGTTCCATTTGTAGTTTCAACTGGATACCACTTCAGAGAGCTAGGTGTTGTACATAATCAGGATGTAAACTTACATAGCTCTAGACTTAGTTTTAAGGAATTACTTGTGTATGCTGCTGACCCTGCTATGCACGCTGCTTCTGGTAATCTATTACTAGATAAACGCACTACGTGCTTTTCAGTAGCTGCACTTACTAACAATGTTGCTTTTCAAACTGTCAAACCCGGTAATTTTAACAAAGACTTCTATGACTTTGCTGTGTCTAAGGGTTTCTTTAAGGAAGGAAGTTCTGTTGAATTAAAACACTTCTTCTTTGCTCAGGATGGTAATGCTGCTATCAGCGATTATGACTACTATCGTTATAATCTACCAACAATGTGTGATATCAGACAACTACTATTTGTAGTTGAAGTTGTTGATAAGTACTTTGATTGTTACGATGGTGGCTGTATTAATGCTAACCAAGTCATCGTCAACAACCTAGACAAATCAGCTGGTTTTCCATTTAATAAATGGGGTAAGGCTAGACTTTATTATGATTCAATGAGTTATGAGGATCAAGATGCACTTTTCGCATATACAAAACGTAATGTCATCCCTACTATAACTCAAATGAATCTTAAGTATGCCATTAGTGCAAAGAATAGAGCTCGCACCGTAGCTGGTGTCTCTATCTGTAGTACTATGACCAATAGACAGTTTCATCAAAAATTATTGAAATCAATAGCCGCCACTAGAGGAGCTACTGTAGTAATTGGAACAAGCAAATTCTATGGTGGTTGGCACAACATGTTAAAAACTGTTTATAGTGATGTAGAAAACCCTCACCTTATGGGTTGGGATTATCCTAAATGTGATAGAGCCATGCCTAACATGCTTAGAATTATGGCCTCACTTGTTCTTGCTCGCAAACATACAACGTGTTGTAGCTTGTCACACCGTTTCTATAGATTAGCTAATGAGTGTGCTCAAGTATTGAGTGAAATGGTCATGTGTGGCGGTTCACTATATGTTAAACCAGGTGGAACCTCATCAGGAGATGCCACAACTGCTTATGCTAATAGTGTTTTTAACATTTGTCAAGCTGTCACGGCCAATGTTAATGCACTTTTATCTACTGATGGTAACAAAATTGCCGATAAGTATGTCCGCAATTTACAACACAGACTTTATGAGTGTCTCTATAGAAATAGAGATGTTGACACAGACTTTGTGAATGAGTTTTACGCATATTTGCGTAAACATTTCTCAATGATGATACTCTCTGACGATGCTGTTGTGTGTTTCAATAGCACTTATGCATCTCAAGGTCTAGTGGCTAGCATAAAGAACTTTAAGTCAGTTCTTTATTATCAAAACAATGTTTTTATGTCTGAAGCAAAATGTTGGACTGAGACTGACCTTACTAAAGGACCTCATGAATTTTGCTCTCAACATACAATGCTAGTTAAACAGGGTGATGATTATGTGTACCTTCCTTACCCAGATCCATCAAGAATCCTAGGGGCCGGCTGTTTTGTAGATGATATCGTAAAAACAGATGGTACACTTATGATTGAACGGTTCGTGTCTTTAGCTATAGATGCTTACCCACTTACTAAACATCCTAATCAGGAGTATGCTGATGTCTTTCATTTGTACTTACAATACATAAGAAAGCTACATGATGAGTTAACAGGACACATGTTAGACATGTATTCTGTTATGCTTACTAATGATAACACTTCAAGGTATTGGGAACCTGAGTTTTATGAGGCTATGTACACACCGCATACAGTCTTACAGGCTGTTGGGGCTTGTGTTCTTTGCAATTCACAGACTTCATTAAGATGTGGTGCTTGCATACGTAGACCATTCTTATGTTGTAAATGCTGTTACGACCATGTCATATCAACATCACATAAATTAGTCTTGTCTGTTAATCCGTATGTTTGCAATGCTCCAGGTTGTGATGTCACAGATGTGACTCAACTTTACTTAGGAGGTATGAGCTATTATTGTAAATCACATAAACCACCCATTAGTTTTCCATTGTGTGCTAATGGACAAGTTTTTGGTTTATATAAAAATACATGTGTTGGTAGCGATAATGTTACTGACTTTAATGCAATTGCAACATGTGACTGGACAAATGCTGGTGATTACATTTTAGCTAACACCTGTACTGAAAGACTCAAGCTTTTTGCAGCAGAAACGCTCAAAGCTACTGAGGAGACATTTAAACTGTCTTATGGTATTGCTACTGTACGTGAAGTGCTGTCTGACAGAGAATTACATCTTTCATGGGAAGTTGGTAAACCTAGACCACCACTTAACCGAAATTATGTCTTTACTGGTTATCGTGTAACTAAAAACAGTAAAGTACAAATAGGAGAGTACACCTTTGAAAAAGGTGACTATGGTGATGCTGTTGTTTACCGAGGTACAACAACTTACAAATTAAATGTTGGTGATTATTTTGTGCTGACATCACATACAGTAATGCCATTAAGTGCACCTACACTAGTGCCACAAGAGCACTATGTTAGAATTACTGGCTTATACCCAACACTCAATATCTCAGATGAGTTTTCTAGCAATGTTGCAAATTATCAAAAGGTTGGTATGCAAAAGTATTCTACACTCCAGGGACCACCTGGTACTGGTAAGAGTCATTTTGCTATTGGCCTAGCTCTCTACTACCCTTCTGCTCGCATAGTGTATACAGCTTGCTCTCATGCCGCTGTTGATGCACTATGTGAGAAGGCATTAAAATATTTGCCTATAGATAAATGTAGTAGAATTATACCTGCACGTGCTCGTGTAGAGTGTTTTGATAAATTCAAAGTGAATTCAACATTAGAACAGTATGTCTTTTGTACTGTAAATGCATTGCCTGAGACGACAGCAGATATAGTTGTCTTTGATGAAATTTCAATGGCCACAAATTATGATTTGAGTGTTGTCAATGCCAGATTACGTGCTAAGCACTATGTGTACATTGGCGACCCTGCTCAATTACCTGCACCACGCACATTGCTAACTAAGGGCACACTAGAACCAGAATATTTCAATTCAGTGTGTAGACTTATGAAAACTATAGGTCCAGACATGTTCCTCGGAACTTGTCGGCGTTGTCCTGCTGAAATTGTTGACACTGTGAGTGCTTTGGTTTATGATAATAAGCTTAAAGCACATAAAGACAAATCAGCTCAATGCTTTAAAATGTTTTATAAGGGTGTTATCACGCATGATGTTTCATCTGCAATTAACAGGCCACAAATAGGCGTGGTAAGAGAATTCCTTACACGTAACCCTGCTTGGAGAAAAGCTGTCTTTATTTCACCTTATAATTCACAGAATGCTGTAGCCTCAAAGATTTTGGGACTACCAACTCAAACTGTTGATTCATCACAGGGCTCAGAATATGACTATGTCATATTCACTCAAACCACTGAAACAGCTCACTCTTGTAATGTAAACAGATTTAATGTTGCTATTACCAGAGCAAAAGTAGGCATACTTTGCATAATGTCTGATAGAGACCTTTATGACAAGTTGCAATTTACAAGTCTTGAAATTCCACGTAGGAATGTGGCAACTTTACAAGCTGAAAATGTAACAGGACTCTTTAAAGATTGTAGTAAGGTAATCACTGGGTTACATCCTACACAGGCACCTACACACCTCAGTGTTGACACTAAATTCAAAACTGAAGGTTTATGTGTTGACATACCTGGCATACCTAAGGACATGACCTATAGAAGACTCATCTCTATGATGGGTTTTAAAATGAATTATCAAGTTAATGGTTACCCTAACATGTTTATCACCCGCGAAGAAGCTATAAGACATGTACGTGCATGGATTGGCTTCGATGTCGAGGGGTGTCATGCTACTAGAGAAGCTGTTGGTACCAATTTACCTTTACAGCTAGGTTTTTCTACAGGTGTTAACCTAGTTGCTGTACCTACAGGTTATGTTGATACACCTAATAATACAGATTTTTCCAGAGTTAGTGCTAAACCACCGCCTGGAGATCAATTTAAACACCTCATACCACTTATGTACAAAGGACTTCCTTGGAATGTAGTGCGTATAAAGATTGTACAAATGTTAAGTGACACACTTAAAAATCTCTCTGACAGAGTCGTATTTGTCTTATGGGCACATGGCTTTGAGTTGACATCTATGAAGTATTTTGTGAAAATAGGACCTGAGCGCACCTGTTGTCTATGTGATAGACGTGCCACATGCTTTTCCACTGCTTCAGACACTTATGCCTGTTGGCATCATTCTATTGGATTTGATTACGTCTATAATCCGTTTATGATTGATGTTCAACAATGGGGTTTTACAGGTAACCTACAAAGCAACCATGATCTGTATTGTCAAGTCCATGGTAATGCACATGTAGCTAGTTGTGATGCAATCATGACTAGGTGTCTAGCTGTCCACGAGTGCTTTGTTAAGCGTGTTGACTGGACTATTGAATATCCTATAATTGGTGATGAACTGAAGATTAATGCGGCTTGTAGAAAGGTTCAACACATGGTTGTTAAAGCTGCATTATTAGCAGACAAATTCCCAGTTCTTCACGACATTGGTAACCCTAAAGCTATTAAGTGTGTACCTCAAGCTGATGTAGAATGGAAGTTCTATGATGCACAGCCTTGTAGTGACAAAGCTTATAAAATAGAAGAATTATTCTATTCTTATGCCACACATTCTGACAAATTCACAGATGGTGTATGCCTATTTTGGAATTGCAATGTCGATAGATATCCTGCTAATTCCATTGTTTGTAGATTTGACACTAGAGTGCTATCTAACCTTAACTTGCCTGGTTGTGATGGTGGCAGTTTGTATGTAAATAAACATGCATTCCACACACCAGCTTTTGATAAAAGTGCTTTTGTTAATTTAAAACAATTACCATTTTTCTATTACTCTGACAGTCCATGTGAGTCTCATGGAAAACAAGTAGTGTCAGATATAGATTATGTACCACTAAAGTCTGCTACGTGTATAACACGTTGCAATTTAGGTGGTGCTGTCTGTAGACATCATGCTAATGAGTACAGATTGTATCTCGATGCTTATAACATGATGATCTCAGCTGGCTTTAGCTTGTGGGTTTACAAACAATTTGATACTTATAACCTCTGGAACACTTTTACAAGACTTCAGAGTTTAGAAAATGTGGCTTTTAATGTTGTAAATAAGGGACACTTTGATGGACAACAGGGTGAAGTACCAGTTTCTATCATTAATAACACTGTTTACACAAAAGTTGATGGTGTTGATGTAGAATTGTTTGAAAATAAAACAACATTACCTGTTAATGTAGCATTTGAGCTTTGGGCTAAGCGCAACATTAAACCAGTACCAGAGGTGAAAATACTCAATAATTTGGGTGTGGACATTGCTGCTAATACTGTGATCTGGGACTACAAAAGAGATGCTCCAGCACATATATCTACTATTGGTGTTTGTTCTATGACTGACATAGCCAAGAAACCAACTGAAACGATTTGTGCACCACTCACTGTCTTTTTTGATGGTAGAGTTGATGGTCAAGTAGACTTATTTAGAAATGCCCGTAATGGTGTTCTTATTACAGAAGGTAGTGTTAAAGGTTTACAACCATCTGTAGGTCCCAAACAAGCTAGTCTTAATGGAGTCACATTAATTGGAGAAGCCGTAAAAACACAGTTCAATTATTATAAGAAAGTTGATGGTGTTGTCCAACAATTACCTGAAACTTACTTTACTCAGAGTAGAAATTTACAAGAATTTAAACCCAGGAGTCAAATGGAAATTGATTTCTTAGAATTAGCTATGGATGAATTCATTGAACGGTATAAATTAGAAGGCTATGCCTTCGAACATATCGTTTATGGAGATTTTAGTCATAGTCAGTTAGGTGGTTTACATCTACTGATTGGACTAGCTAAACGTTTTAAGGAATCACCTTTTGAATTAGAAGATTTTATTCCTATGGACAGTACAGTTAAAAACTATTTCATAACAGATGCGCAAACAGGTTCATCTAAGTGTGTGTGTTCTGTTATTGATTTATTACTTGATGATTTTGTTGAAATAATAAAATCCCAAGATTTATCTGTAGTTTCTAAGGTTGTCAAAGTGACTATTGACTATACAGAAATTTCATTTATGCTTTGGTGTAAAGATGGCCATGTAGAAACATTTTACCCAAAATTACAATCTAGTCAAGCGTGGCAACCGGGTGTTGCTATGCCTAATCTTTACAAAATGCAAAGAATGCTATTAGAAAAGTGTGACCTTCAAAATTATGGTGATAGTGCAACATTACCTAAAGGCATAATGATGAATGTCGCAAAATATACTCAACTGTGTCAATATTTAAACACATTAACATTAGCTGTACCCTATAATATGAGAGTTATACATTTTGGTGCTGGTTCTGATAAAGGAGTTGCACCAGGTACAGCTGTTTTAAGACAGTGGTTGCCTACGGGTACGCTGCTTGTCGATTCAGATCTTAATGACTTTGTCTCTGATGCAGATTCAACTTTGATTGGTGATTGTGCAACTGTACATACAGCTAATAAATGGGATCTCATTATTAGTGATATGTACGACCCTAAGACTAAAAATGTTACAAAAGAAAATGACTCTAAAGAGGGTTTTTTCACTTACATTTGTGGGTTTATACAACAAAAGCTAGCTCTTGGAGGTTCCGTGGCTATAAAGATAACAGAACATTCTTGGAATGCTGATCTTTATAAGCTCATGGGACACTTCGCATGGTGGACAGCCTTTGTTACTAATGTGAATGCGTCATCATCTGAAGCATTTTTAATTGGATGTAATTATCTTGGCAAACCACGCGAACAAATAGATGGTTATGTCATGCATGCAAATTACATATTTTGGAGGAATACAAATCCAATTCAGTTGTCTTCCTATTCTTTATTTGACATGAGTAAATTTCCCCTTAAATTAAGGGGTACTGCTGTTATGTCTTTAAAAGAAGGTCAAATCAATGATATGATTTTATCTCTTCTTAGTAAAGGTAGACTTATAATTAGAGAAAACAACAGAGTTGTTATTTCTAGTGATGTTCTTGTTAACAACTAA	MESLVPGFNEKTHVQLSLPVLQVRDVLVRGFGDSVEEVLSEARQHLKDGTCGLVEVEKGVLPQLEQPYVFIKRSDARTAPHGHVMVELVAELEGIQYGRSGETLGVLVPHVGEIPVAYRKVLLRKNGNKGAGGHSYGADLKSFDLGDELGTDPYEDFQENWNTKHSSGVTRELMRELNGGAYTRYVDNNFCGPDGYPLECIKDLLARAGKASCTLSEQLDFIDTKRGVYCCREHEHEIAWYTERSEKSYELQTPFEIKLAKKFDTFNGECPNFVFPLNSIIKTIQPRVEKKKLDGFMGRIRSVYPVASPNECNQMCLSTLMKCDHCGETSWQTGDFVKATCEFCGTENLTKEGATTCGYLPQNAVVKIYCPACHNSEVGPEHSLAEYHNESGLKTILRKGGRTIAFGGCVFSYVGCHNKCAYWVPRASANIGCNHTGVVGEGSEGLNDNLLEILQKEKVNINIVGDFKLNEEIAIILASFSASTSAFVETVKGLDYKAFKQIVESCGNFKVTKGKAKKGAWNIGEQKSILSPLYAFASEAARVVRSIFSRTLETAQNSVRVLQKAAITILDGISQYSLRLIDAMMFTSDLATNNLVVMAYITGGVVQLTSQWLTNIFGTVYEKLKPVLDWLEEKFKEGVEFLRDGWEIVKFISTCACEIVGGQIVTCAKEIKESVQTFFKLVNKFLALCADSIIIGGAKLKALNLGETFVTHSKGLYRKCVKSREETGLLMPLKAPKEIIFLEGETLPTEVLTEEVVLKTGDLQPLEQPTSEAVEAPLVGTPVCINGLMLLEIKDTEKYCALAPNMMVTNNTFTLKGGAPTKVTFGDDTVIEVQGYKSVNITFELDERIDKVLNEKCSAYTVELGTEVNEFACVVADAVIKTLQPVSELLTPLGIDLDEWSMATYYLFDESGEFKLASHMYCSFYPPDEDEEEGDCEEEEFEPSTQYEYGTEDDYQGKPLEFGATSAALQPEEEQEEDWLDDDSQQTVGQQDGSEDNQTTTIQTIVEVQPQLEMELTPVVQTIEVNSFSGYLKLTDNVYIKNADIVEEAKKVKPTVVVNAANVYLKHGGGVAGALNKATNNAMQVESDDYIATNGPLKVGGSCVLSGHNLAKHCLHVVGPNVNKGEDIQLLKSAYENFNQHEVLLAPLLSAGIFGADPIHSLRVCVDTVRTNVYLAVFDKNLYDKLVSSFLEMKSEKQVEQKIAEIPKEEVKPFITESKPSVEQRKQDDKKIKACVEEVTTTLEETKFLTENLLLYIDINGNLHPDSATLVSDIDITFLKKDAPYIVGDVVQEGVLTAVVIPTKKAGGTTEMLAKALRKVPTDNYITTYPGQGLNGYTVEEAKTVLKKCKSAFYILPSIISNEKQEILGTVSWNLREMLAHAEETRKLMPVCVETKAIVSTIQRKYKGIKIQEGVVDYGARFYFYTSKTTVASLINTLNDLNETLVTMPLGYVTHGLNLEEAARYMRSLKVPATVSVSSPDAVTAYNGYLTSSSKTPEEHFIETISLAGSYKDWSYSGQSTQLGIEFLKRGDKSVYYTSNPTTFHLDGEVITFDNLKTLLSLREVRTIKVFTTVDNINLHTQVVDMSMTYGQQFGPTYLDGADVTKIKPHNSHEGKTFYVLPNDDTLRVEAFEYYHTTDPSFLGRYMSALNHTKKWKYPQVNGLTSIKWADNNCYLATALLTLQQIELKFNPPALQDAYYRARAGEAANFCALILAYCNKTVGELGDVRETMSYLFQHANLDSCKRVLNVVCKTCGQQQTTLKGVEAVMYMGTLSYEQFKKGVQIPCTCGKQATKYLVQQESPFVMMSAPPAQYELKHGTFTCASEYTGNYQCGHYKHITSKETLYCIDGALLTKSSEYKGPITDVFYKENSYTTTIKPVTYKLDGVVCTEIDPKLDNYYKKDNSYFTEQPIDLVPNQPYPNASFDNFKFVCDNIKFADDLNQLTGYKKPASRELKVTFFPDLNGDVVAIDYKHYTPSFKKGAKLLHKPIVWHVNNATNKATYKPNTWCIRCLWSTKPVETSNSFDVLKSEDAQGMDNLACEDLKPVSEEVVENPTIQKDVLECNVKTTEVVGDIILKPANNSLKITEEVGHTDLMAAYVDNSSLTIKKPNELSRVLGLKTLATHGLAAVNSVPWDTIANYAKPFLNKVVSTTTNIVTRCLNRVCTNYMPYFFTLLLQLCTFTRSTNSRIKASMPTTIAKNTVKSVGKFCLEASFNYLKSPNFSKLINIIIWFLLLSVCLGSLIYSTAALGVLMSNLGMPSYCTGYREGYLNSTNVTIATYCTGSIPCSVCLSGLDSLDTYPSLETIQITISSFKWDLTAFGLVAEWFLAYILFTRFFYVLGLAAIMQLFFSYFAVHFISNSWLMWLIINLVQMAPISAMVRMYIFFASFYYVWKSYVHVVDGCNSSTCMMCYKRNRATRVECTTIVNGVRRSFYVYANGGKGFCKLHNWNCVNCDTFCAGSTFISDEVARDLSLQFKRPINPTDQSSYIVDSVTVKNGSIHLYFDKAGQKTYERHSLSHFVNLDNLRANNTKGSLPINVIVFDGKSKCEESSAKSASVYYSQLMCQPILLLDQALVSDVGDSAEVAVKMFDAYVNTFSSTFNVPMEKLKTLVATAEAELAKNVSLDNVLSTFISAARQGFVDSDVETKDVVECLKLSHQSDIEVTGDSCNNYMLTYNKVENMTPRDLGACIDCSARHINAQVAKSHNIALIWNVKDFMSLSEQLRKQIRSAAKKNNLPFKLTCATTRQVVNVVTTKIALKGGKIVNNWLKQLIKVTLVFLFVAAIFYLITPVHVMSKHTDFSSEIIGYKAIDGGVTRDIASTDTCFANKHADFDTWFSQRGGSYTNDKACPLIAAVITREVGFVVPGLPGTILRTTNGDFLHFLPRVFSAVGNICYTPSKLIEYTDFATSACVLAAECTIFKDASGKPVPYCYDTNVLEGSVAYESLRPDTRYVLMDGSIIQFPNTYLEGSVRVVTTFDSEYCRHGTCERSEAGVCVSTSGRWVLNNDYYRSLPGVFCGVDAVNLLTNMFTPLIQPIGALDISASIVAGGIVAIVVTCLAYYFMRFRRAFGEYSHVVAFNTLLFLMSFTVLCLTPVYSFLPGVYSVIYLYLTFYLTNDVSFLAHIQWMVMFTPLVPFWITIAYIICISTKHFYWFFSNYLKRRVVFNGVSFSTFEEAALCTFLLNKEMYLKLRSDVLLPLTQYNRYLALYNKYKYFSGAMDTTSYREAACCHLAKALNDFSNSGSDVLYQPPQTSITSAVLQSGFRKMAFPSGKVEGCMVQVTCGTTTLNGLWLDDVVYCPRHVICTSEDMLNPNYEDLLIRKSNHNFLVQAGNVQLRVIGHSMQNCVLKLKVDTANPKTPKYKFVRIQPGQTFSVLACYNGSPSGVYQCAMRPNFTIKGSFLNGSCGSVGFNIDYDCVSFCYMHHMELPTGVHAGTDLEGNFYGPFVDRQTAQAAGTDTTITVNVLAWLYAAVINGDRWFLNRFTTTLNDFNLVAMKYNYEPLTQDHVDILGPLSAQTGIAVLDMCASLKELLQNGMNGRTILGSALLEDEFTPFDVVRQCSGVTFQSAVKRTIKGTHHWLLLTILTSLLVLVQSTQWSLFFFLYENAFLPFAMGIIAMSAFAMMFVKHKHAFLCLFLLPSLATVAYFNMVYMPASWVMRIMTWLDMVDTSLSGFKLKDCVMYASAVVLLILMTARTVYDDGARRVWTLMNVLTLVYKVYYGNALDQAISMWALIISVTSNYSGVVTTVMFLARGIVFMCVEYCPIFFITGNTLQCIMLVYCFLGYFCTCYFGLFCLLNRYFRLTLGVYDYLVSTQEFRYMNSQGLLPPKNSIDAFKLNIKLLGVGGKPCIKVATVQSKMSDVKCTSVVLLSVLQQLRVESSSKLWAQCVQLHNDILLAKDTTEAFEKMVSLLSVLLSMQGAVDINKLCEEMLDNRATLQAIASEFSSLPSYAAFATAQEAYEQAVANGDSEVVLKKLKKSLNVAKSEFDRDAAMQRKLEKMADQAMTQMYKQARSEDKRAKVTSAMQTMLFTMLRKLDNDALNNIINNARDGCVPLNIIPLTTAAKLMVVIPDYNTYKNTCDGTTFTYASALWEIQQVVDADSKIVQLSEISMDNSPNLAWPLIVTALRANSAVKLQNNELSPVALRQMSCAAGTTQTACTDDNALAYYNTTKGGRFVLALLSDLQDLKWARFPKSDGTGTIYTELEPPCRFVTDTPKGPKVKYLYFIKGLNNLNRGMVLGSLAATVRLQAGNATEVPANSTVLSFCAFAVDAAKAYKDYLASGGQPITNCVKMLCTHTGTGQAITVTPEANMDQESFGGASCCLYCRCHIDHPNPKGFCDLKGKYVQIPTTCANDPVGFTLKNTVCTVCGMWKGYGCSCDQLREPMLQSADAQSFLNRVCGVSAARLTPCGTGTSTDVVYRAFDIYNDKVAGFAKFLKTNCCRFQEKDEDDNLIDSYFVVKRHTFSNYQHEETIYNLLKDCPAVAKHDFFKFRIDGDMVPHISRQRLTKYTMADLVYALRHFDEGNCDTLKEILVTYNCCDDDYFNKKDWYDFVENPDILRVYANLGERVRQALLKTVQFCDAMRNAGIVGVLTLDNQDLNGNWYDFGDFIQTTPGSGVPVVDSYYSLLMPILTLTRALTAESHVDTDLTKPYIKWDLLKYDFTEERLKLFDRYFKYWDQTYHPNCVNCLDDRCILHCANFNVLFSTVFPPTSFGPLVRKIFVDGVPFVVSTGYHFRELGVVHNQDVNLHSSRLSFKELLVYAADPAMHAASGNLLLDKRTTCFSVAALTNNVAFQTVKPGNFNKDFYDFAVSKGFFKEGSSVELKHFFFAQDGNAAISDYDYYRYNLPTMCDIRQLLFVVEVVDKYFDCYDGGCINANQVIVNNLDKSAGFPFNKWGKARLYYDSMSYEDQDALFAYTKRNVIPTITQMNLKYAISAKNRARTVAGVSICSTMTNRQFHQKLLKSIAATRGATVVIGTSKFYGGWHNMLKTVYSDVENPHLMGWDYPKCDRAMPNMLRIMASLVLARKHTTCCSLSHRFYRLANECAQVLSEMVMCGGSLYVKPGGTSSGDATTAYANSVFNICQAVTANVNALLSTDGNKIADKYVRNLQHRLYECLYRNRDVDTDFVNEFYAYLRKHFSMMILSDDAVVCFNSTYASQGLVASIKNFKSVLYYQNNVFMSEAKCWTETDLTKGPHEFCSQHTMLVKQGDDYVYLPYPDPSRILGAGCFVDDIVKTDGTLMIERFVSLAIDAYPLTKHPNQEYADVFHLYLQYIRKLHDELTGHMLDMYSVMLTNDNTSRYWEPEFYEAMYTPHTVLQAVGACVLCNSQTSLRCGACIRRPFLCCKCCYDHVISTSHKLVLSVNPYVCNAPGCDVTDVTQLYLGGMSYYCKSHKPPISFPLCANGQVFGLYKNTCVGSDNVTDFNAIATCDWTNAGDYILANTCTERLKLFAAETLKATEETFKLSYGIATVREVLSDRELHLSWEVGKPRPPLNRNYVFTGYRVTKNSKVQIGEYTFEKGDYGDAVVYRGTTTYKLNVGDYFVLTSHTVMPLSAPTLVPQEHYVRITGLYPTLNISDEFSSNVANYQKVGMQKYSTLQGPPGTGKSHFAIGLALYYPSARIVYTACSHAAVDALCEKALKYLPIDKCSRIIPARARVECFDKFKVNSTLEQYVFCTVNALPETTADIVVFDEISMATNYDLSVVNARLRAKHYVYIGDPAQLPAPRTLLTKGTLEPEYFNSVCRLMKTIGPDMFLGTCRRCPAEIVDTVSALVYDNKLKAHKDKSAQCFKMFYKGVITHDVSSAINRPQIGVVREFLTRNPAWRKAVFISPYNSQNAVASKILGLPTQTVDSSQGSEYDYVIFTQTTETAHSCNVNRFNVAITRAKVGILCIMSDRDLYDKLQFTSLEIPRRNVATLQAENVTGLFKDCSKVITGLHPTQAPTHLSVDTKFKTEGLCVDIPGIPKDMTYRRLISMMGFKMNYQVNGYPNMFITREEAIRHVRAWIGFDVEGCHATREAVGTNLPLQLGFSTGVNLVAVPTGYVDTPNNTDFSRVSAKPPPGDQFKHLIPLMYKGLPWNVVRIKIVQMLSDTLKNLSDRVVFVLWAHGFELTSMKYFVKIGPERTCCLCDRRATCFSTASDTYACWHHSIGFDYVYNPFMIDVQQWGFTGNLQSNHDLYCQVHGNAHVASCDAIMTRCLAVHECFVKRVDWTIEYPIIGDELKINAACRKVQHMVVKAALLADKFPVLHDIGNPKAIKCVPQADVEWKFYDAQPCSDKAYKIEELFYSYATHSDKFTDGVCLFWNCNVDRYPANSIVCRFDTRVLSNLNLPGCDGGSLYVNKHAFHTPAFDKSAFVNLKQLPFFYYSDSPCESHGKQVVSDIDYVPLKSATCITRCNLGGAVCRHHANEYRLYLDAYNMMISAGFSLWVYKQFDTYNLWNTFTRLQSLENVAFNVVNKGHFDGQQGEVPVSIINNTVYTKVDGVDVELFENKTTLPVNVAFELWAKRNIKPVPEVKILNNLGVDIAANTVIWDYKRDAPAHISTIGVCSMTDIAKKPTETICAPLTVFFDGRVDGQVDLFRNARNGVLITEGSVKGLQPSVGPKQASLNGVTLIGEAVKTQFNYYKKVDGVVQQLPETYFTQSRNLQEFKPRSQMEIDFLELAMDEFIERYKLEGYAFEHIVYGDFSHSQLGGLHLLIGLAKRFKESPFELEDFIPMDSTVKNYFITDAQTGSSKCVCSVIDLLLDDFVEIIKSQDLSVVSKVVKVTIDYTEISFMLWCKDGHVETFYPKLQSSQAWQPGVAMPNLYKMQRMLLEKCDLQNYGDSATLPKGIMMNVAKYTQLCQYLNTLTLAVPYNMRVIHFGAGSDKGVAPGTAVLRQWLPTGTLLVDSDLNDFVSDADSTLIGDCATVHTANKWDLIISDMYDPKTKNVTKENDSKEGFFTYICGFIQQKLALGGSVAIKITEHSWNADLYKLMGHFAWWTAFVTNVNASSSEAFLIGCNYLGKPREQIDGYVMHANYIFWRNTNPIQLSSYSLFDMSKFPLKLRGTAVMSLKEGQINDMILSLLSKGRLIIRENNRVVISSDVLVNN	1	QHD43415.1	ORF1ab
2	surface glycoprotein	21562	25384	1	S	S	ATGTTTGTTTTTCTTGTTTTATTGCCACTAGTCTCTAGTCAGTGTGTTAATCTTACAACCAGAACTCAATTACCCCCTGCATACACTAATTCTTTCACACGTGGTGTTTATTACCCTGACAAAGTTTTCAGATCCTCAGTTTTACATTCAACTCAGGACTTGTTCTTACCTTTCTTTTCCAATGTTACTTGGTTCCATGCTATACATGTCTCTGGGACCAATGGTACTAAGAGGTTTGATAACCCTGTCCTACCATTTAATGATGGTGTTTATTTTGCTTCCACTGAGAAGTCTAACATAATAAGAGGCTGGATTTTTGGTACTACTTTAGATTCGAAGACCCAGTCCCTACTTATTGTTAATAACGCTACTAATGTTGTTATTAAAGTCTGTGAATTTCAATTTTGTAATGATCCATTTTTGGGTGTTTATTACCACAAAAACAACAAAAGTTGGATGGAAAGTGAGTTCAGAGTTTATTCTAGTGCGAATAATTGCACTTTTGAATATGTCTCTCAGCCTTTTCTTATGGACCTTGAAGGAAAACAGGGTAATTTCAAAAATCTTAGGGAATTTGTGTTTAAGAATATTGATGGTTATTTTAAAATATATTCTAAGCACACGCCTATTAATTTAGTGCGTGATCTCCCTCAGGGTTTTTCGGCTTTAGAACCATTGGTAGATTTGCCAATAGGTATTAACATCACTAGGTTTCAAACTTTACTTGCTTTACATAGAAGTTATTTGACTCCTGGTGATTCTTCTTCAGGTTGGACAGCTGGTGCTGCAGCTTATTATGTGGGTTATCTTCAACCTAGGACTTTTCTATTAAAATATAATGAAAATGGAACCATTACAGATGCTGTAGACTGTGCACTTGACCCTCTCTCAGAAACAAAGTGTACGTTGAAATCCTTCACTGTAGAAAAAGGAATCTATCAAACTTCTAACTTTAGAGTCCAACCAACAGAATCTATTGTTAGATTTCCTAATATTACAAACTTGTGCCCTTTTGGTGAAGTTTTTAACGCCACCAGATTTGCATCTGTTTATGCTTGGAACAGGAAGAGAATCAGCAACTGTGTTGCTGATTATTCTGTCCTATATAATTCCGCATCATTTTCCACTTTTAAGTGTTATGGAGTGTCTCCTACTAAATTAAATGATCTCTGCTTTACTAATGTCTATGCAGATTCATTTGTAATTAGAGGTGATGAAGTCAGACAAATCGCTCCAGGGCAAACTGGAAAGATTGCTGATTATAATTATAAATTACCAGATGATTTTACAGGCTGCGTTATAGCTTGGAATTCTAACAATCTTGATTCTAAGGTTGGTGGTAATTATAATTACCTGTATAGATTGTTTAGGAAGTCTAATCTCAAACCTTTTGAGAGAGATATTTCAACTGAAATCTATCAGGCCGGTAGCACACCTTGTAATGGTGTTGAAGGTTTTAATTGTTACTTTCCTTTACAATCATATGGTTTCCAACCCACTAATGGTGTTGGTTACCAACCATACAGAGTAGTAGTACTTTCTTTTGAACTTCTACATGCACCAGCAACTGTTTGTGGACCTAAAAAGTCTACTAATTTGGTTAAAAACAAATGTGTCAATTTCAACTTCAATGGTTTAACAGGCACAGGTGTTCTTACTGAGTCTAACAAAAAGTTTCTGCCTTTCCAACAATTTGGCAGAGACATTGCTGACACTACTGATGCTGTCCGTGATCCACAGACACTTGAGATTCTTGACATTACACCATGTTCTTTTGGTGGTGTCAGTGTTATAACACCAGGAACAAATACTTCTAACCAGGTTGCTGTTCTTTATCAGGATGTTAACTGCACAGAAGTCCCTGTTGCTATTCATGCAGATCAACTTACTCCTACTTGGCGTGTTTATTCTACAGGTTCTAATGTTTTTCAAACACGTGCAGGCTGTTTAATAGGGGCTGAACATGTCAACAACTCATATGAGTGTGACATACCCATTGGTGCAGGTATATGCGCTAGTTATCAGACTCAGACTAATTCTCCTCGGCGGGCACGTAGTGTAGCTAGTCAATCCATCATTGCCTACACTATGTCACTTGGTGCAGAAAATTCAGTTGCTTACTCTAATAACTCTATTGCCATACCCACAAATTTTACTATTAGTGTTACCACAGAAATTCTACCAGTGTCTATGACCAAGACATCAGTAGATTGTACAATGTACATTTGTGGTGATTCAACTGAATGCAGCAATCTTTTGTTGCAATATGGCAGTTTTTGTACACAATTAAACCGTGCTTTAACTGGAATAGCTGTTGAACAAGACAAAAACACCCAAGAAGTTTTTGCACAAGTCAAACAAATTTACAAAACACCACCAATTAAAGATTTTGGTGGTTTTAATTTTTCACAAATATTACCAGATCCATCAAAACCAAGCAAGAGGTCATTTATTGAAGATCTACTTTTCAACAAAGTGACACTTGCAGATGCTGGCTTCATCAAACAATATGGTGATTGCCTTGGTGATATTGCTGCTAGAGACCTCATTTGTGCACAAAAGTTTAACGGCCTTACTGTTTTGCCACCTTTGCTCACAGATGAAATGATTGCTCAATACACTTCTGCACTGTTAGCGGGTACAATCACTTCTGGTTGGACCTTTGGTGCAGGTGCTGCATTACAAATACCATTTGCTATGCAAATGGCTTATAGGTTTAATGGTATTGGAGTTACACAGAATGTTCTCTATGAGAACCAAAAATTGATTGCCAACCAATTTAATAGTGCTATTGGCAAAATTCAAGACTCACTTTCTTCCACAGCAAGTGCACTTGGAAAACTTCAAGATGTGGTCAACCAAAATGCACAAGCTTTAAACACGCTTGTTAAACAACTTAGCTCCAATTTTGGTGCAATTTCAAGTGTTTTAAATGATATCCTTTCACGTCTTGACAAAGTTGAGGCTGAAGTGCAAATTGATAGGTTGATCACAGGCAGACTTCAAAGTTTGCAGACATATGTGACTCAACAATTAATTAGAGCTGCAGAAATCAGAGCTTCTGCTAATCTTGCTGCTACTAAAATGTCAGAGTGTGTACTTGGACAATCAAAAAGAGTTGATTTTTGTGGAAAGGGCTATCATCTTATGTCCTTCCCTCAGTCAGCACCTCATGGTGTAGTCTTCTTGCATGTGACTTATGTCCCTGCACAAGAAAAGAACTTCACAACTGCTCCTGCCATTTGTCATGATGGAAAAGCACACTTTCCTCGTGAAGGTGTCTTTGTTTCAAATGGCACACACTGGTTTGTAACACAAAGGAATTTTTATGAACCACAAATCATTACTACAGACAACACATTTGTGTCTGGTAACTGTGATGTTGTAATAGGAATTGTCAACAACACAGTTTATGATCCTTTGCAACCTGAATTAGACTCATTCAAGGAGGAGTTAGATAAATATTTTAAGAATCATACATCACCAGATGTTGATTTAGGTGACATCTCTGGCATTAATGCTTCAGTTGTAAACATTCAAAAAGAAATTGACCGCCTCAATGAGGTTGCCAAGAATTTAAATGAATCTCTCATCGATCTCCAAGAACTTGGAAAGTATGAGCAGTATATAAAATGGCCATGGTACATTTGGCTAGGTTTTATAGCTGGCTTGATTGCCATAGTAATGGTGACAATTATGCTTTGCTGTATGACCAGTTGCTGTAGTTGTCTCAAGGGCTGTTGTTCTTGTGGATCCTGCTGCAAATTTGATGAAGACGACTCTGAGCCAGTGCTCAAAGGAGTCAAATTACATTACACATAA	MFVFLVLLPLVSSQCVNLTTRTQLPPAYTNSFTRGVYYPDKVFRSSVLHSTQDLFLPFFSNVTWFHAIHVSGTNGTKRFDNPVLPFNDGVYFASTEKSNIIRGWIFGTTLDSKTQSLLIVNNATNVVIKVCEFQFCNDPFLGVYYHKNNKSWMESEFRVYSSANNCTFEYVSQPFLMDLEGKQGNFKNLREFVFKNIDGYFKIYSKHTPINLVRDLPQGFSALEPLVDLPIGINITRFQTLLALHRSYLTPGDSSSGWTAGAAAYYVGYLQPRTFLLKYNENGTITDAVDCALDPLSETKCTLKSFTVEKGIYQTSNFRVQPTESIVRFPNITNLCPFGEVFNATRFASVYAWNRKRISNCVADYSVLYNSASFSTFKCYGVSPTKLNDLCFTNVYADSFVIRGDEVRQIAPGQTGKIADYNYKLPDDFTGCVIAWNSNNLDSKVGGNYNYLYRLFRKSNLKPFERDISTEIYQAGSTPCNGVEGFNCYFPLQSYGFQPTNGVGYQPYRVVVLSFELLHAPATVCGPKKSTNLVKNKCVNFNFNGLTGTGVLTESNKKFLPFQQFGRDIADTTDAVRDPQTLEILDITPCSFGGVSVITPGTNTSNQVAVLYQDVNCTEVPVAIHADQLTPTWRVYSTGSNVFQTRAGCLIGAEHVNNSYECDIPIGAGICASYQTQTNSPRRARSVASQSIIAYTMSLGAENSVAYSNNSIAIPTNFTISVTTEILPVSMTKTSVDCTMYICGDSTECSNLLLQYGSFCTQLNRALTGIAVEQDKNTQEVFAQVKQIYKTPPIKDFGGFNFSQILPDPSKPSKRSFIEDLLFNKVTLADAGFIKQYGDCLGDIAARDLICAQKFNGLTVLPPLLTDEMIAQYTSALLAGTITSGWTFGAGAALQIPFAMQMAYRFNGIGVTQNVLYENQKLIANQFNSAIGKIQDSLSSTASALGKLQDVVNQNAQALNTLVKQLSSNFGAISSVLNDILSRLDKVEAEVQIDRLITGRLQSLQTYVTQQLIRAAEIRASANLAATKMSECVLGQSKRVDFCGKGYHLMSFPQSAPHGVVFLHVTYVPAQEKNFTTAPAICHDGKAHFPREGVFVSNGTHWFVTQRNFYEPQIITTDNTFVSGNCDVVIGIVNNTVYDPLQPELDSFKEELDKYFKNHTSPDVDLGDISGINASVVNIQKEIDRLNEVAKNLNESLIDLQELGKYEQYIKWPWYIWLGFIAGLIAIVMVTIMLCCMTSCCSCLKGCCSCGSCCKFDEDDSEPVLKGVKLHYT	1	QHD43416.1	S
3	ORF3a protein	25392	26220	1	ORF3a	ORF3a	ATGGATTTGTTTATGAGAATCTTCACAATTGGAACTGTAACTTTGAAGCAAGGTGAAATCAAGGATGCTACTCCTTCAGATTTTGTTCGCGCTACTGCAACGATACCGATACAAGCCTCACTCCCTTTCGGATGGCTTATTGTTGGCGTTGCACTTCTTGCTGTTTTTCAGAGCGCTTCCAAAATCATAACCCTCAAAAAGAGATGGCAACTAGCACTCTCCAAGGGTGTTCACTTTGTTTGCAACTTGCTGTTGTTGTTTGTAACAGTTTACTCACACCTTTTGCTCGTTGCTGCTGGCCTTGAAGCCCCTTTTCTCTATCTTTATGCTTTAGTCTACTTCTTGCAGAGTATAAACTTTGTAAGAATAATAATGAGGCTTTGGCTTTGCTGGAAATGCCGTTCCAAAAACCCATTACTTTATGATGCCAACTATTTTCTTTGCTGGCATACTAATTGTTACGACTATTGTATACCTTACAATAGTGTAACTTCTTCAATTGTCATTACTTCAGGTGATGGCACAACAAGTCCTATTTCTGAACATGACTACCAGATTGGTGGTTATACTGAAAAATGGGAATCTGGAGTAAAAGACTGTGTTGTATTACACAGTTACTTCACTTCAGACTATTACCAGCTGTACTCAACTCAATTGAGTACAGACACTGGTGTTGAACATGTTACCTTCTTCATCTACAATAAAATTGTTGATGAGCCTGAAGAACATGTCCAAATTCACACAATCGACGGTTCATCCGGAGTTGTTAATCCAGTAATGGAACCAATTTATGATGAACCGACGACGACTACTAGCGTGCCTTTGTAA	MDLFMRIFTIGTVTLKQGEIKDATPSDFVRATATIPIQASLPFGWLIVGVALLAVFQSASKIITLKKRWQLALSKGVHFVCNLLLLFVTVYSHLLLVAAGLEAPFLYLYALVYFLQSINFVRIIMRLWLCWKCRSKNPLLYDANYFLCWHTNCYDYCIPYNSVTSSIVITSGDGTTSPISEHDYQIGGYTEKWESGVKDCVVLHSYFTSDYYQLYSTQLSTDTGVEHVTFFIYNKIVDEPEEHVQIHTIDGSSGVVNPVMEPIYDEPTTTTSVPL	1	QHD43417.1	ORF3a
4	envelope protein	26244	26472	1	E	E	ATGTACTCATTCGTTTCGGAAGAGACAGGTACGTTAATAGTTAATAGCGTACTTCTTTTTCTTGCTTTCGTGGTATTCTTGCTAGTTACACTAGCCATCCTTACTGCGCTTCGATTGTGTGCGTACTGCTGCAATATTGTTAACGTGAGTCTTGTAAAACCTTCTTTTTACGTTTACTCTCGTGTTAAAAATCTGAATTCTTCTAGAGTTCCTGATCTTCTGGTCTAA	MYSFVSEETGTLIVNSVLLFLAFVVFLLVTLAILTALRLCAYCCNIVNVSLVKPSFYVYSRVKNLNSSRVPDLLV	1	QHD43418.1	E
\.


--
-- Data for Name: gene_segment; Type: TABLE DATA; Schema: public; Owner: postgres
--

COPY public.gene_segment (id, start, "end", strand, base, segment, gene_id) FROM stdin;
2	265	13468	1	0	1	1
3	13467	21555	1	13204	2	1
4	21562	25384	1	0	1	2
5	25392	26220	1	0	1	3
6	26244	26472	1	0	1	4
7	26522	27191	1	0	1	5
8	27201	27387	1	0	1	6
9	27393	27759	1	0	1	7
10	27893	28259	1	0	1	8
11	28273	29533	1	0	1	9
12	29557	29674	1	0	1	10
\.


--
-- Data for Name: import_log; Type: TABLE DATA; Schema: public; Owner: postgres
--

COPY public.import_log (id, type, file_id, updated, success, exception_text, stack_trace) FROM stdin;
\.


--
-- Data for Name: lineage; Type: TABLE DATA; Schema: public; Owner: postgres
--

COPY public.lineage (id, prefixed_alias, lineage) FROM stdin;
1	B	1.1.1
2	B	1.1.25
3	B	1.258.2
4	B	1.1.277
5	B	1.1.10
6	B	1.1.294
7	B	1.1.33
8	B	1.1.28
10	B	1.1.316
11	B	1.1.217
12	B	1.177.60
13	B	1.177.54
14	B	1.177.53
15	B	1.177.52
16	B	1.177.50
17	B	1.177.15
18	B	1.160.16
19	B	1.1.405
20	B	1.1.315
21	B	1.1.306
22	B	1.1.305
23	B	1.1.297
24	B	1.1.241
25	B	1.1.240
26	B	1.1.232
27	B	1.1.231
28	B	1.1.216
29	B	1.1.200
30	B	1.1.70
31	B	1.1.39
32	B	1.1.317
33	B	1.1.370
34	B	1.466.2
35	B	1.1.482
36	B	1.1.464
37	B	1.617.2
38	B	1.1.318
39	B	1.1.529
40	B	1.621.1
41	B	1.1.529.1.1.1
42	B	1.1.529.1.17.2
43	B	1.1.529.5.3.1
44	B	1.1.529.5.2.1
45	B	1.1.529.2.12.1
46	B	1.1.529.2.38.3
47	B	1.1.529.2.10.1
48	B	1.1.529.5.1.10
49	B	1.1.529.2.75.1
50	B	1.1.529.2.75.3
51	B	1.1.529.2.75.5
52	B	1.1.529.2.3.16
53	B	1.1.529.5.3.1.1.1.1
54	B	1.1.529.2.75.4
55	B	1.1.529.2.3.2
56	B	1.1.529.5.1.21
57	B	1.1.529.5.2.16
58	B	1.1.529.5.2.20
59	B	1.1.529.5.6.2
60	B	1.1.529.2.75.6
61	B	1.1.529.5.2.3
62	B	1.1.529.2.75.2
63	B	1.1.529.2.75.9
64	B	1.1.529.5.3.1.1.1.2
65	B	1.1.529.5.2.31
66	B	1.1.529.5.2.33
67	B	1.1.529.5.2.27
68	B	1.1.529.5.2.26
69	B	1.1.529.2.75.3.4.1.1
70	B	1.1.529.2.75.3.1.1.1
71	B	1.1.529.5.2.24
72	B	1.1.529.5.1.29
73	B	1.1.529.2.3.20
74	B	1.1.529.5.2.21
75	B	1.1.529.5.2.6
76	B	1.1.529.5.3.1.4.1.1
77	B	1.1.529.5.2.18
78	B	1.1.529.4.1.10
79	B	1.1.529.5.2.36
80	B	1.1.529.5.1.26
81	B	1.1.529.2.75.3.1.1.3
82	B	1.1.529.5.3.1.1.1.1.1.1.14
83	B	1.1.529.5.2.7
84	B	1.1.529.5.3.1.1.1.1.1.1.1
85	B	1.1.529.5.2.38
86	B	1.1.529.5.2.25
87	B	1.1.529.4.6.5
88	B	1.1.529.2.3.21
89	B	1.1.529.5.1.23
90	B	1.1.529.5.10.1
91	B	1.1.529.5.2.24.2.1.1
92	B	1.1.529.5.1.22
93	B	1.1.529.5.1.25
94	B	1.1.529.5.3.1.1.1.1.1.1.7
95	B	1.1.529.5.1.15
96	B	1.1.529.5.3.1.1.1.1.1.1.15
97	B	1.1.529.5.3.1.1.1.1.1.1.5
98	B	1.1.529.5.3.1.1.1.1.1.1.8
99	B	1.1.529.5.2.47
100	B	1.1.529.5.3.1.1.1.1.1.1.3
101	B	1.1.529.2.75.5.1.3.1
102	B	1.1.529.5.3.1.1.1.1.1.1.32
103	B	1.1.529.5.3.1.1.1.1.1.1.2
104	B	1.1.529.2.75.3.4.1.1.1.1.1
105	B	1.1.529.5.3.1.1.2.1
106	B	1.1.529.5.2.48
107	B	1.1.529.5.2.49
108	B	1.1.529.5.3.1.1.1.1.1.1.52
109	B	1.1.529.5.1.35
110	B	1.1.529.5.3.1.1.1.1.1.10.1
111	B	1.1.529.5.3.1.1.1.1.1.1.18
112	B	1.1.529.5.3.1.1.1.1.1.1.4
113	B	1.1.529.5.3.1.1.1.1.1.1.13
114	XBB	1.9.2
115	B	1.1.529.5.3.1.1.1.1.1.1.28
116	B	1.1.529.2.75.5.1.3.8
117	XBB	1.5.13
118	XBB	1.5.14
119	XBB	1.5.7
120	B	1.1.529.5.3.1.1.1.1.1.1.46
121	B	1.1.529.2.75.3.1.1.4
122	B	1.1.529.5.1.33
123	B	1.1.529.5.3.1.1.1.1.1.1.22
124	B	1.1.529.5.3.1.1.1.1.1.1.65
125	B	1.1.529.5.3.1.1.1.1.1.1.35
126	XBB	1.5.26
127	B	1.1.529.5.3.1.1.1.1.1.1.71
128	B	1.1.529.5.3.1.1.1.1.1.1.38
129	B	1.1.529.5.3.1.1.1.1.1.1.13.1.1.1
130	B	1.1.529.5.3.1.1.1.1.1.1.43
131	B	1.1.529.5.3.1.1.1.1.1.1.10
132	B	1.1.529.5.3.1.1.1.1.1.2.1
133	B	1.1.529.5.3.1.1.1.1.1.1.72
134	XBB	1.5.15
135	XBB	1.18.1
136	B	1.1.529.5.3.1.1.1.1.1.8.2
137	XBB	1.5.16
138	XBB	1.5.17
139	B	1.1.529.2.75.3.4.1.1.1.1.19
140	B	1.1.529.2.75.3.4.1.1.1.1.17
142	B	1.1.529.5.3.1.1.1.1.1.1.53
143	B	1.1.529.5.3.1.1.1.1.1.1.74
144	XBB	1.11.1
145	B	1.1.529.5.3.1.1.1.1.1.1.39
146	B	1.1.529.2.75.5.1.2.3
147	B	1.1.529.2.75.3.4.1.1.1.1.12
148	XBB	1.5.39
149	XBB	1.16.1
150	B	1.1.529.2.3.20.8.1.1
151	XBB	1.28.1
152	XBB	1.22.1
153	XBB	1.5.47
154	XBB	1.17.1
155	XBB	1.5.46
156	XBB	1.5.21
157	XBB	1.9.3
158	XBB	2.3.10
159	XBB	1.5.24
160	XBB	1.5.38
161	XBB	2.6.1
162	XBB	2.3.3
163	XBB	1.5.70
164	XAY	1.1.1
165	XBB	2.3.6
166	XBB	1.5.73
167	B	1.1.529.2.75.3.4.1.1.1.1.11
168	B	1.1.529.2.75.3.4.1.1.1.1.3
169	XBB	1.5.42
170	XBB	2.3.11
171	XBC	1.6.1
172	XBB	1.5.41
173	XBB	1.5.48
174	XBB	1.19.1
175	XBB	1.16.2
176	XBB	2.3.4
177	XBB	1.5.86
178	XBB	1.34.2
179	XBB	1.5.44
180	XBB	1.5.93
181	XBB	1.18.1.1.1.1
182	XBB	1.16.13
183	XBB	2.3.8
184	XBB	2.3.2
185	XBB	1.5.1
186	XBB	1.9.2.5.1.1
187	XBB	1.42.2
188	XBB	1.5.30
189	XBB	1.9.1.1.5.1
190	XBB	1.5.55
191	XBB	1.5.92
192	XBB	1.5.77
193	XBB	1.5.95
194	XBB	1.5.49
195	XBB	1.22.2
196	XBB	1.9.2.5.1.6
197	XBC	1.6.3
198	XBB	1.5.100
199	XBB	1.5.68
200	XBB	2.3.13
201	XBB	1.5.53
202	XBB	1.41.1
203	XBB	1.5.102
204	XBB	2.3.3.1.2.1
206	XBB	1.9.2.5.1.3
207	B	1.1.529.5.3.1.1.1.1.1.2.2
208	XBB	1.9.2.5.1.4
209	XBB	1.5.3
210	B	1.1.529.2.75.3.4.1.1.1.1.17.1.3.2
212	B	1.1.529.2.86.1
213	B	1.1.529.2.75.3.4.1.1.1.1.31
214	B	1.1.529.2.86.3
215	XBB	1.9.2.5.1.11
216	XBB	2.3.15
217	XBC	1.6.6
218	XBB	2.3.12
219	B	1.1.529.2.75.3.4.1.1.1.1.1.7.1.2
220	XBB	1.41.3
221	XBB	2.3.19
222	XBB	1.5.107
223	XBB	1.5.103
224	XBB	1.9.2.5.1.8
225	XBB	1.9.1.1.5.2
226	XBC	1.3.1
227	XBB	1.19.1.5.1.1
228	XBB	1.9.1.15.1.1
229	B	1.1.529.2.75.3.4.1.1.1.1.1.7.1.5
230	XBB	2.3.3.1.2.1.1.1.1
231	XBB	1.16.32
232	XBB	1.5.102.1.1.8
233	XBB	1.9.2.5.1.6.1.6.1
234	XBB	1.5.4
235	XBB	1.5.70.1.10.1
236	B	1.1.529.2.86.1.1.11.1
237	B	1.1.529.2.86.1.1.4.3
238	B	1.1.529.2.86.1.1.1.5
239	B	1.1.529.2.86.1.1.13.1
240	B	1.177
241	B	1.634
242	B	1.631
243	AY	29
9	B	1.1.7
278	BA	5.2.34
246	BA	2*
244	B	1.617.2*
263	BF	5
254	BA	2.3.13
245	BA	1*
247	BA	1.1*
255	BA	2.9*
253	BA	5*
265	BE	4.1
256	AY	122
266	BA	5.2.3
248	BA	2.12.1*
271	XBB	1.5.57
269	BA	2.3.17
249	BA	4*
259	BA	5
258	BA	2.5
262	BA	2.75.2
270	BA	2.3.20
268	BA	2.76
267	CJ	1
257	AY	45
250	BA	1.1
251	BA	2.9
273	BF	3
252	BA	5.1
260	BJ	1
261	BM	1.1.1
275	XBB	3
285	BA	5.2*
264	BA	5.2
279	BA	2.75.3
274	BA	2.75
277	BQ	1
280	CR	1
283	BQ	1.14
284	BR	2.1
286	EF	1.3
272	BA	2.75*
287	BF	31.1
288	BQ	1.10*
289	CH	1.1.1
205	XBB	1.16.6
290	XBB	1*
291	BQ	1.1.25*
276	BQ	1*
292	FY	1
293	FE	1
281	XBB	1
282	XBB	1.5
211	XBB	1.16.15
141	XBB	1.9.1
295	XBB	1.9*
294	GK	1.3
297	FP	1
296	GM	2
298	FL	1.5.1
299	BQ	1.2.2
300	GK	2.1.1
303	FR	1.1
305	EG	5.1.10
306	JD	1.1
301	XBB	2.3
307	GK	1.1.1
308	FU	1.1.1
309	GK	1.9
310	XBB	1.16.25
302	DV	7.1
311	JG	4
312	XBC	1.7.1
313	FL	23.2.1
316	XBB	2.3.20
317	GK	4
318	GK	1.1
320	HN	5
314	XBB	1.16.19
321	HK	3
319	XBB	1.16
322	JN	1
323	GW	5.1
324	FL	13.4
325	FL	37
326	EG	5.2.4
327	BN	1.2.8
328	HK	3.1
329	XBB	1.16.11
330	JN	1.1.1
304	EG	5.1.1
331	GW	5
333	JD	1*
334	JN	1.4
335	FL	15
336	BA	2.86.1
337	FL	15.1.1
338	JD	1.1.1
332	JN	1.1
339	JN	3.2.1
315	EG	5.1.3
340	BA	2.86.4
341	GK	1
342	XBZ	
343	A	
344	A	1
345	A	11
346	A	12
347	A	15
348	A	16
349	A	17
350	A	18
351	A	19
352	A	2
353	A	2.2
354	A	2.3
355	A	2.4
356	A	2.5
357	A	2.5.1
358	A	2.5.2
359	A	21
360	A	22
361	A	23
362	A	23.1
363	A	24
364	A	25
365	A	26
366	A	27
367	A	28
368	A	3
369	A	4
370	A	5
371	A	6
372	A	7
373	A	9
374	AA	1
375	AA	2
376	AA	3
377	AA	4
378	AA	5
379	AA	6
380	AA	7
381	AA	8
382	AB	1
383	AC	1
384	AD	1
385	AD	2
386	AD	2.1
387	AE	1
388	AE	2
389	AE	3
390	AE	4
391	AE	5
392	AE	6
393	AE	7
394	AE	8
395	AF	1
396	AG	1
397	AH	1
398	AH	2
399	AH	3
400	AJ	1
401	AK	1
402	AK	2
403	AL	1
404	AM	1
405	AM	2
406	AM	3
407	AM	4
408	AN	1
409	AP	1
410	AQ	1
411	AQ	2
412	AS	1
413	AS	2
414	B	1
415	B	
416	B	1.1
417	B	1.636
418	B	1.635
419	B	1.1.307
422	B	1.1.100
423	B	1.1.101
424	B	1.1.107
425	B	1.1.109
426	B	1.1.110
427	B	1.1.111
428	B	1.1.112
429	B	1.1.113
430	B	1.1.114
431	B	1.1.115
432	B	1.1.116
433	B	1.1.117
434	B	1.1.118
435	B	1.1.119
436	B	1.1.12
437	B	1.1.120
438	B	1.1.121
439	B	1.1.122
440	B	1.1.123
441	B	1.1.125
442	B	1.1.127
443	B	1.1.128
444	B	1.1.129
445	B	1.1.13
446	B	1.1.130
447	B	1.1.132
448	B	1.1.133
449	B	1.1.134
450	B	1.1.135
451	B	1.1.136
452	B	1.1.137
453	B	1.1.138
454	B	1.1.139
455	B	1.1.14
456	B	1.1.141
457	B	1.1.142
458	B	1.1.144
459	B	1.1.145
460	B	1.1.147
461	B	1.1.148
462	B	1.1.149
463	B	1.1.15
464	B	1.1.152
465	B	1.1.153
466	B	1.1.154
467	B	1.1.155
468	B	1.1.157
469	B	1.1.158
470	B	1.1.159
471	B	1.1.16
472	B	1.1.160
473	B	1.1.161
474	B	1.1.162
475	B	1.1.163
476	B	1.1.164
477	B	1.1.165
478	B	1.1.166
479	B	1.1.168
480	B	1.1.169
481	B	1.1.17
482	B	1.1.170
483	B	1.1.171
484	B	1.1.172
485	B	1.1.174
486	B	1.1.175
487	B	1.1.176
488	B	1.1.177
489	B	1.1.178
490	B	1.1.180
491	B	1.1.181
492	B	1.1.182
493	B	1.1.184
494	B	1.1.185
495	B	1.1.186
496	B	1.1.187
497	B	1.1.189
498	B	1.1.190
499	B	1.1.191
500	B	1.1.192
501	B	1.1.193
502	B	1.1.194
503	B	1.1.196
504	B	1.1.197
505	B	1.1.198
507	B	1.1.201
508	B	1.1.202
509	B	1.1.203
510	B	1.1.204
511	B	1.1.205
512	B	1.1.207
513	B	1.1.208
514	B	1.1.209
515	B	1.1.210
516	B	1.1.213
517	B	1.1.214
520	B	1.1.218
521	B	1.1.219
522	B	1.1.220
523	B	1.1.221
524	B	1.1.222
525	B	1.1.224
526	B	1.1.225
527	B	1.1.226
528	B	1.1.227
529	B	1.1.228
530	B	1.1.229
531	B	1.1.230
534	B	1.1.234
535	B	1.1.236
536	B	1.1.237
537	B	1.1.239
540	B	1.1.242
541	B	1.1.243
542	B	1.1.244
543	B	1.1.249
545	B	1.1.251
546	B	1.1.253
547	B	1.1.254
548	B	1.1.255
549	B	1.1.256
550	B	1.1.257
551	B	1.1.258
552	B	1.1.26
553	B	1.1.261
554	B	1.1.262
555	B	1.1.263
556	B	1.1.265
557	B	1.1.266
558	B	1.1.267
559	B	1.1.268
560	B	1.1.269
561	B	1.1.27
562	B	1.1.270
563	B	1.1.271
564	B	1.1.272
565	B	1.1.273
566	B	1.1.274
567	B	1.1.275
569	B	1.1.279
571	P	7
572	B	1.1.280
573	B	1.1.282
574	B	1.1.283
575	B	1.1.284
576	B	1.1.285
577	B	1.1.286
578	B	1.1.288
579	B	1.1.289
580	B	1.1.290
581	B	1.1.291
583	B	1.1.296
585	B	1.1.298
586	B	1.1.299
587	B	1.1.3
588	B	1.1.30
589	B	1.1.300
590	B	1.1.301
591	B	1.1.302
592	B	1.1.303
593	B	1.1.304
596	B	1.1.308
597	B	1.1.309
598	B	1.1.31
599	B	1.1.310
600	B	1.1.311
601	B	1.1.312
606	B	1.1.319
607	B	1.1.320
608	B	1.1.322
609	B	1.1.323
610	B	1.1.324
611	B	1.1.325
612	B	1.1.326
613	B	1.1.327
614	B	1.1.328
615	B	1.1.329
617	N	1
618	N	2
619	N	3
620	N	4
621	N	5
622	N	6
623	N	7
624	N	8
625	B	1.1.330
626	B	1.1.331
627	B	1.1.332
628	B	1.1.333
629	B	1.1.334
630	B	1.1.335
631	B	1.1.336
632	B	1.1.337
633	B	1.1.338
634	B	1.1.339
635	B	1.1.34
636	B	1.1.340
637	B	1.1.341
638	B	1.1.342
639	B	1.1.343
640	B	1.1.344
641	B	1.1.345
642	B	1.1.346
643	B	1.1.347
644	B	1.1.348
645	B	1.1.349
646	B	1.1.350
647	B	1.1.351
648	B	1.1.352
649	B	1.1.353
650	B	1.1.354
651	B	1.1.355
652	B	1.1.356
653	B	1.1.357
654	B	1.1.358
655	B	1.1.359
656	B	1.1.360
657	B	1.1.361
658	B	1.1.362
659	B	1.1.363
660	B	1.1.364
661	B	1.1.365
662	B	1.1.366
663	B	1.1.367
664	B	1.1.368
665	B	1.1.369
666	B	1.1.37
668	B	1.1.371
669	B	1.1.372
670	B	1.1.373
671	B	1.1.374
672	B	1.1.375
673	B	1.1.376
674	B	1.1.377
675	B	1.1.378
676	B	1.1.379
677	B	1.1.38
678	B	1.1.380
679	B	1.1.381
680	B	1.1.382
681	B	1.1.383
682	B	1.1.384
683	B	1.1.385
684	B	1.1.386
685	B	1.1.387
686	B	1.1.388
687	B	1.1.389
689	B	1.1.391
690	B	1.1.392
691	B	1.1.393
692	B	1.1.394
693	B	1.1.395
694	B	1.1.396
695	B	1.1.397
696	B	1.1.398
697	B	1.1.399
698	B	1.1.4
699	B	1.1.40
700	B	1.1.400
701	B	1.1.401
702	B	1.1.402
703	B	1.1.403
704	B	1.1.404
706	B	1.1.406
707	B	1.1.407
708	B	1.1.408
709	B	1.1.409
710	B	1.1.41
711	B	1.1.410
712	B	1.1.411
713	B	1.1.412
714	B	1.1.413
715	B	1.1.414
716	B	1.1.415
717	B	1.1.416
718	B	1.1.417
719	B	1.1.418
720	B	1.1.419
721	B	1.1.420
722	B	1.1.421
723	B	1.1.422
724	B	1.1.423
725	B	1.1.424
726	B	1.1.425
727	B	1.1.426
728	B	1.1.427
729	B	1.1.428
730	B	1.1.429
731	B	1.1.43
732	B	1.1.430
733	B	1.1.431
734	B	1.1.432
735	B	1.1.433
736	B	1.1.434
737	B	1.1.435
738	B	1.1.436
739	B	1.1.437
740	B	1.1.438
741	B	1.1.29
742	B	1.1.44
743	B	1.1.440
744	B	1.1.441
745	B	1.1.442
746	B	1.1.444
747	B	1.1.445
748	B	1.1.446
749	B	1.1.447
750	B	1.1.448
751	B	1.1.449
752	B	1.1.45
753	B	1.1.450
754	B	1.1.451
755	B	1.1.452
756	B	1.1.453
757	B	1.1.456
758	B	1.1.458
759	B	1.1.459
760	B	1.1.46
761	B	1.1.461
762	B	1.1.462
763	B	1.1.463
765	AW	1
766	B	1.1.465
767	B	1.1.466
768	B	1.1.467
769	B	1.1.47
770	B	1.1.48
771	B	1.1.480
772	B	1.1.481
774	B	1.1.483
775	B	1.1.484
776	B	1.1.485
777	B	1.1.486
778	B	1.1.487
779	B	1.1.49
780	B	1.1.5
781	B	1.1.50
782	B	1.1.500
783	B	1.1.506
784	B	1.1.507
785	B	1.1.51
786	B	1.1.512
787	B	1.1.513
788	B	1.1.514
789	B	1.1.515
790	B	1.1.516
791	B	1.1.517
792	B	1.1.518
793	B	1.1.519
794	B	1.1.52
795	B	1.1.521
796	B	1.1.53
797	B	1.1.54
798	B	1.1.55
799	B	1.1.56
800	B	1.1.57
801	B	1.1.58
802	B	1.1.59
803	B	1.1.61
804	B	1.1.62
805	B	1.1.63
806	B	1.1.67
808	Q	4
809	Q	3
810	Q	2
812	B	1.1.71
813	B	1.1.72
814	B	1.1.74
815	B	1.1.75
816	B	1.1.77
817	B	1.1.8
818	B	1.1.82
819	B	1.1.83
820	B	1.1.84
821	B	1.1.86
822	B	1.1.87
823	B	1.1.88
824	B	1.1.89
825	B	1.1.90
826	B	1.1.91
827	B	1.1.92
828	B	1.1.93
829	B	1.1.95
830	B	1.1.97
831	B	1.1.98
832	B	1.1.99
833	B	1.103
834	B	1.104
835	B	1.105
836	B	1.106
837	B	1.108
838	B	1.110
839	B	1.110.1
840	B	1.110.2
841	B	1.110.3
842	B	1.111
843	B	1.112
844	B	1.113
845	B	1.115
846	B	1.116
847	B	1.117
848	B	1.177.2
849	B	1.118
850	B	1.119
851	B	1.12
852	B	1.120
853	B	1.124
854	B	1.126
855	B	1.127
856	B	1.128
857	B	1.13
858	B	1.131
859	B	1.134
860	B	1.137
861	B	1.139
862	B	1.14
863	B	1.140
864	B	1.142
865	B	1.143
866	B	1.145
867	B	1.146
868	B	1.147
869	B	1.149
870	B	1.151
871	B	1.153
872	B	1.157
873	B	1.158
874	B	1.159
875	B	1.160
876	B	1.160.10
877	B	1.160.11
878	B	1.160.12
879	B	1.160.13
880	B	1.160.14
881	B	1.160.15
883	B	1.160.17
884	B	1.160.18
885	B	1.160.19
886	B	1.160.20
887	B	1.160.21
888	B	1.160.22
889	B	1.160.23
890	B	1.160.24
891	B	1.160.25
892	B	1.160.26
893	B	1.160.27
894	B	1.160.28
895	B	1.160.29
896	B	1.160.30
897	B	1.160.31
898	B	1.160.32
899	B	1.160.33
900	B	1.160.7
901	B	1.160.8
902	B	1.160.9
903	B	1.161
904	B	1.162
905	B	1.163
906	B	1.164
907	B	1.165
908	B	1.166
909	B	1.167
910	B	1.168
911	B	1.169
912	B	1.170
913	B	1.173
915	B	1.177.88
916	B	1.177.89
917	B	1.177.10
918	B	1.177.11
919	B	1.177.12
920	B	1.177.14
922	B	1.177.16
923	B	1.177.17
924	B	1.177.18
925	B	1.177.19
926	B	1.177.20
927	B	1.177.21
928	B	1.177.23
929	B	1.177.24
930	B	1.177.25
931	B	1.177.26
932	B	1.177.27
933	B	1.177.28
934	B	1.177.29
935	B	1.177.3
936	B	1.177.30
937	B	1.177.31
938	B	1.177.32
939	B	1.177.33
940	B	1.177.34
941	B	1.177.35
942	B	1.177.36
943	B	1.177.37
944	B	1.177.38
945	B	1.177.39
946	B	1.177.4
947	B	1.177.40
948	B	1.177.41
949	B	1.177.42
950	B	1.177.43
951	B	1.177.44
952	B	1.177.45
953	B	1.177.46
954	B	1.177.47
955	B	1.177.48
956	B	1.177.49
957	B	1.177.5
959	B	1.177.51
963	B	1.177.55
964	B	1.177.56
965	B	1.177.57
966	B	1.177.58
967	B	1.177.59
968	B	1.177.6
970	B	1.177.61
971	B	1.177.62
972	B	1.177.63
973	B	1.177.64
974	B	1.177.65
975	B	1.177.66
976	B	1.177.67
977	B	1.177.68
978	B	1.177.69
979	B	1.177.7
980	B	1.177.70
981	B	1.177.71
982	B	1.177.72
983	B	1.177.73
984	B	1.177.74
985	B	1.177.75
986	B	1.177.76
987	B	1.177.77
988	B	1.177.78
989	B	1.177.8
990	B	1.177.80
991	B	1.177.81
992	B	1.177.82
993	B	1.177.83
994	B	1.177.84
995	B	1.177.85
996	B	1.177.86
997	B	1.177.87
998	B	1.177.9
999	B	1.178
1000	B	1.179
1001	B	1.180
1002	B	1.181
1003	B	1.182
1004	B	1.184
1005	B	1.187
1006	B	1.188
1007	B	1.189
1008	B	1.190
1009	B	1.192
1010	B	1.194
1011	B	1.195
1012	B	1.198
1013	B	1.199
1014	B	1.2
1015	B	1.201
1016	B	1.203
1017	B	1.205
1018	B	1.206
1019	B	1.208
1020	B	1.210
1021	B	1.211
1022	B	1.212
1023	B	1.213
1024	B	1.214
1025	B	1.214.1
1026	B	1.214.2
1027	B	1.215
1028	B	1.218
1029	B	1.219
1030	B	1.22
1031	B	1.22.1
1032	B	1.220
1033	B	1.221
1034	B	1.221.1
1035	B	1.221.2
1036	B	1.221.3
1037	B	1.221.4
1038	B	1.222
1039	B	1.223
1040	B	1.224
1041	B	1.225
1042	B	1.227
1043	B	1.229
1044	B	1.23
1045	B	1.231
1046	B	1.232
1047	B	1.233
1048	B	1.234
1049	B	1.235
1050	B	1.236
1051	B	1.237
1052	B	1.238
1053	B	1.239
1054	B	1.240
1055	B	1.240.1
1056	B	1.240.2
1057	B	1.241
1058	B	1.242
1059	B	1.243
1060	B	1.245
1061	B	1.247
1062	B	1.248
1063	B	1.249
1064	B	1.250
1065	B	1.251
1066	B	1.252
1067	B	1.254
1068	B	1.256
1069	B	1.258
1070	B	1.258.10
1071	B	1.258.11
1072	B	1.258.12
1073	B	1.258.14
1074	B	1.258.15
1075	B	1.258.16
1076	B	1.258.17
1077	B	1.258.18
1078	B	1.258.19
1080	B	1.258.20
1081	B	1.258.21
1082	B	1.258.22
1083	B	1.258.23
1084	B	1.258.24
1085	B	1.258.3
1086	B	1.258.4
1087	B	1.258.5
1088	B	1.258.6
1089	B	1.258.7
1090	B	1.258.9
1091	B	1.260
1092	B	1.263
1093	B	1.264
1094	B	1.264.1
1095	B	1.265
1096	B	1.267
1097	B	1.268
1098	B	1.270
1099	B	1.273
1100	B	1.274
1101	B	1.276
1102	B	1.277
1103	B	1.279
1104	B	1.280
1105	B	1.281
1106	B	1.282
1107	B	1.284
1108	B	1.285
1109	B	1.287
1110	B	1.289
1111	B	1.291
1112	B	1.292
1113	B	1.293
1114	B	1.294
1115	B	1.298
1116	B	1.3
1117	B	1.301
1118	B	1.302
1119	B	1.304
1120	B	1.305
1121	B	1.306
1122	B	1.308
1123	B	1.309
1124	B	1.310
1125	B	1.311
1126	B	1.313
1127	B	1.314
1128	B	1.315
1129	B	1.316
1130	B	1.318
1131	B	1.319
1132	B	1.320
1133	B	1.321
1134	B	1.323
1135	B	1.324
1136	B	1.325
1137	B	1.326
1138	B	1.328
1139	B	1.329
1140	B	1.330
1141	B	1.332
1142	B	1.333
1143	B	1.334
1144	B	1.335
1145	B	1.336
1146	B	1.337
1147	B	1.338
1148	B	1.340
1149	B	1.341
1150	B	1.342
1151	B	1.343
1152	B	1.344
1153	B	1.346
1154	B	1.348
1155	B	1.349
1156	B	1.35
1157	B	1.350
1158	B	1.350.1
1159	B	1.351
1160	B	1.351.1
1161	B	1.351.2
1162	B	1.354
1163	B	1.355
1164	B	1.356
1165	B	1.357
1166	B	1.358
1167	B	1.359
1168	B	1.36
1169	B	1.36.27
1170	B	1.36.1
1171	B	1.36.10
1172	B	1.36.12
1173	B	1.36.16
1174	B	1.36.17
1175	B	1.36.18
1176	B	1.36.19
1177	B	1.36.2
1178	B	1.36.20
1179	B	1.36.21
1180	B	1.36.22
1181	B	1.36.23
1182	B	1.36.24
1183	B	1.36.25
1184	B	1.36.26
1185	B	1.36.28
1186	B	1.36.29
1187	B	1.36.31
1188	B	1.36.33
1189	B	1.36.34
1190	B	1.36.35
1191	B	1.36.36
1192	B	1.36.37
1193	B	1.36.38
1194	B	1.36.39
1195	B	1.36.7
1196	B	1.36.8
1197	B	1.36.9
1198	B	1.360
1199	B	1.361
1200	B	1.362
1201	B	1.362.1
1202	B	1.362.2
1203	B	1.363
1204	B	1.366
1205	B	1.367
1206	B	1.369
1207	B	1.369.1
1208	B	1.37
1209	B	1.370
1210	B	1.371
1211	B	1.372
1212	B	1.375
1213	B	1.377
1214	B	1.378
1215	B	1.38
1216	B	1.380
1217	B	1.381
1218	B	1.382
1219	B	1.383
1220	B	1.384
1221	B	1.385
1222	B	1.387
1223	B	1.388
1224	B	1.39
1225	B	1.390
1226	B	1.391
1227	B	1.393
1228	B	1.395
1229	B	1.396
1230	B	1.397
1231	B	1.398
1232	B	1.399
1233	B	1.40
1234	B	1.400
1235	B	1.401
1236	B	1.402
1237	B	1.403
1238	B	1.404
1239	B	1.405
1240	B	1.406
1241	B	1.407
1242	B	1.408
1243	B	1.409
1244	B	1.411
1245	B	1.413
1246	B	1.415
1247	B	1.416
1248	B	1.416.1
1249	B	1.417
1250	B	1.418
1251	B	1.420
1252	B	1.421
1253	B	1.422
1254	B	1.423
1255	B	1.424
1256	B	1.425
1257	B	1.426
1258	B	1.427
1259	B	1.428
1260	B	1.428.1
1261	B	1.428.2
1262	B	1.428.3
1263	B	1.429
1264	B	1.429.1
1265	B	1.431
1266	B	1.432
1267	B	1.433
1268	B	1.434
1269	B	1.435
1270	B	1.436
1271	B	1.437
1272	B	1.438
1273	B	1.438.4
1274	B	1.438.2
1275	B	1.438.1
1276	B	1.439
1277	B	1.44
1278	B	1.441
1279	B	1.442
1280	B	1.443
1281	B	1.444
1282	B	1.445
1283	B	1.446
1284	B	1.448
1285	B	1.450
1286	B	1.451
1287	B	1.452
1288	B	1.453
1289	B	1.456
1290	B	1.458
1291	B	1.459
1292	B	1.460
1293	B	1.462
1294	B	1.463
1295	B	1.465
1296	B	1.466
1297	B	1.466.1
1299	B	1.467
1300	B	1.468
1301	B	1.469
1302	B	1.470
1303	B	1.471
1304	B	1.473
1305	B	1.474
1306	B	1.475
1307	B	1.476
1308	B	1.478
1309	B	1.479
1310	B	1.480
1311	B	1.482
1312	B	1.483
1313	B	1.485
1314	B	1.486
1315	B	1.487
1316	B	1.488
1317	B	1.489
1318	B	1.490
1319	B	1.491
1320	B	1.492
1321	B	1.493
1322	B	1.494
1323	B	1.495
1324	B	1.496
1325	B	1.497
1326	B	1.498
1327	B	1.499
1328	B	1.499.1
1329	B	1.500
1330	B	1.501
1331	B	1.502
1332	B	1.503
1333	B	1.504
1334	B	1.505
1335	B	1.506
1336	B	1.507
1337	B	1.508
1338	B	1.509
1339	B	1.510
1340	B	1.511
1341	B	1.513
1342	B	1.515
1343	B	1.516
1344	B	1.517
1345	B	1.517.1
1346	B	1.518
1347	B	1.520
1348	B	1.521
1349	B	1.523
1350	B	1.524
1351	B	1.525
1352	B	1.527
1353	B	1.528
1354	B	1.529
1355	B	1.530
1356	B	1.531
1357	B	1.532
1358	B	1.533
1359	B	1.534
1360	B	1.535
1361	B	1.536
1362	B	1.537
1363	B	1.538
1364	B	1.539
1365	B	1.540
1366	B	1.541
1367	B	1.542
1368	B	1.543
1369	B	1.544
1370	B	1.545
1371	B	1.546
1372	B	1.547
1373	B	1.548
1374	B	1.549
1375	B	1.550
1376	B	1.551
1377	B	1.552
1378	B	1.554
1379	B	1.555
1380	B	1.556
1381	B	1.557
1382	B	1.558
1383	B	1.559
1384	B	1.560
1385	B	1.561
1386	B	1.562
1387	B	1.563
1388	B	1.564
1389	B	1.564.1
1390	B	1.565
1391	B	1.566
1392	B	1.567
1393	B	1.568
1394	B	1.569
1395	B	1.570
1396	B	1.571
1397	B	1.572
1398	B	1.573
1399	B	1.574
1400	B	1.575
1401	B	1.575.1
1402	B	1.576
1403	B	1.577
1404	B	1.578
1405	B	1.579
1406	B	1.580
1407	B	1.581
1408	B	1.582
1409	B	1.585
1410	B	1.586
1411	B	1.587
1412	B	1.588
1413	B	1.588.1
1414	B	1.589
1415	B	1.590
1416	B	1.591
1417	B	1.592
1418	B	1.593
1419	B	1.594
1420	B	1.595
1421	B	1.595.1
1422	B	1.595.2
1423	B	1.595.3
1424	B	1.595.4
1425	B	1.596
1426	B	1.596.1
1427	B	1.597
1428	B	1.598
1429	B	1.599
1430	B	1.6
1431	B	1.600
1432	B	1.601
1433	B	1.602
1434	B	1.603
1435	B	1.604
1436	B	1.605
1437	B	1.606
1438	B	1.607
1439	B	1.609
1440	B	1.610
1441	B	1.611
1442	B	1.612
1443	B	1.613
1444	B	1.614
1445	B	1.615
1446	B	1.67
1447	B	1.69
1448	B	1.70
1449	B	1.76
1450	B	1.77
1451	B	1.78
1452	B	1.8
1453	B	1.81
1454	B	1.83
1455	B	1.84
1456	B	1.9
1457	B	1.9.1
1458	B	1.9.2
1459	B	1.9.3
1460	B	1.9.4
1461	B	1.9.5
1462	B	1.91
1463	B	1.93
1464	B	1.94
1465	B	1.96
1466	B	1.97
1467	B	10
1468	B	11
1469	B	12
1470	B	13
1471	B	15
1472	B	18
1473	B	19
1474	B	20
1475	B	23
1476	B	27
1477	B	28
1478	B	29
1479	B	3
1480	B	3.1
1481	B	30
1482	B	31
1483	B	32
1484	B	33
1485	B	34
1486	B	35
1487	B	36
1488	B	37
1489	B	38
1490	B	39
1491	B	4
1492	B	4.1
1493	B	4.2
1494	B	4.4
1495	B	4.5
1496	B	4.6
1497	B	4.7
1498	B	4.8
1499	B	40
1500	B	41
1501	B	42
1502	B	43
1503	B	44
1504	B	45
1505	B	46
1506	B	47
1507	B	49
1508	B	5
1509	B	50
1510	B	51
1511	B	52
1512	B	53
1513	B	55
1514	B	56
1515	B	57
1516	B	58
1517	B	6
1518	B	6.1
1519	B	6.2
1520	B	6.3
1521	B	6.4
1522	B	6.5
1523	B	6.6
1524	B	6.8
1525	B	60
1526	B	61
1527	C	1
1528	C	1.1
1529	C	10
1530	C	11
1531	C	12
1532	C	13
1533	C	14
1534	C	16
1535	C	17
1536	C	18
1537	C	19
1538	C	2
1539	C	2.1
1540	C	20
1541	C	21
1542	C	22
1543	C	23
1544	C	25
1545	C	26
1546	C	27
1547	C	28
1548	C	29
1549	C	3
1550	C	30
1551	C	30.1
1552	C	31
1553	C	32
1554	C	33
1555	C	34
1556	C	35
1557	C	36
1558	C	36.1
1559	C	36.2
1560	C	4
1561	C	5
1562	C	6
1563	C	7
1564	C	8
1565	C	9
1566	D	2
1567	D	3
1568	D	4
1569	D	5
1570	G	1
1571	K	1
1572	K	2
1573	K	3
1574	L	1
1575	L	2
1576	L	3
1577	L	4
1578	M	1
1579	M	2
1580	M	3
1581	P	1
1582	P	1.16
1583	P	1.1
1584	P	1.14
1585	P	2
1586	R	1
1587	R	2
1588	S	1
1589	U	1
1590	U	2
1591	U	3
1592	V	1
1593	V	2
1594	W	1
1595	W	2
1596	W	3
1597	W	4
1598	Y	1
1599	Z	1
1600	N	9
1601	P	3
1602	B	1.389
1603	B	1.616
1604	B	1.243.1
1605	B	1.214.3
1606	B	1.214.4
1607	N	10
1608	B	26
1609	B	1.618
1610	B	1.526
1611	B	1.637
1612	AT	1
1613	B	1.619
1614	B	1.620
1615	B	1.438.3
1616	B	1.617.1
1618	AY	9
1619	AY	5
1620	AY	44
1621	AY	2
1622	B	1.617.3
1623	B	1.617
1624	B	1.379
1625	C	37
1626	C	37.1
1627	B	1.621
1628	P	1.2
1629	B	1.622
1630	AU	1
1631	AU	2
1632	AU	3
1633	B	1.1.522
1634	B	1.351.3
1635	XA	
1636	AV	1
1637	B	1.623
1638	B	1.1.523
1639	A	29
1640	P	4
1641	C	36.3
1642	C	36.3.1
1643	AY	1
1644	B	1.1.524
1645	B	1.1.525
1646	P	5
1647	B	1.625
1648	P	1.10
1649	B	1.400.1
1650	B	1.575.2
1651	B	1.626
1652	B	1.1.526
1653	AY	3
1654	AY	3.1
1656	B	1.629
1657	AY	111
1658	AY	70
1660	AY	10
1661	AY	4
1662	AY	75
1663	AY	11
1664	AY	8
1665	AY	6
1666	AY	26
1667	AY	98
1668	AY	112
1669	AY	55
1670	AY	120
1671	AY	58
1672	AY	90
1673	AY	25
1674	AY	127
1675	AY	7
1676	AY	71
1677	AY	75.2
1678	AY	92
1679	AY	14
1680	AY	106
1681	AY	100
1682	AY	76
1683	AY	87
1684	AY	46
1685	AY	66
1686	AY	103
1687	AY	119
1688	AY	128
1689	AY	77
1690	AY	62
1691	AY	94
1692	AY	57
1693	AY	117
1694	AY	17
1695	AY	13
1696	AY	39
1697	AY	59
1698	AY	107
1699	AY	23
1700	AY	37
1701	AY	79
1702	AY	61
1703	AY	95
1704	AY	27
1705	AY	93
1706	AY	35
1707	AY	110
1708	AY	15
1709	AY	86
1710	AY	46.4
1711	AY	24
1712	AY	21
1713	AY	64
1714	AY	102
1715	AY	4.2
1716	AY	98.1
1717	AY	4.9
1718	AY	53
1719	AY	74
1720	AY	28
1721	AY	33
1722	AY	48
1723	AY	16
1724	AY	5.1
1725	AY	22
1727	AY	39.1
1728	AY	121
1729	AY	5.2
1730	AY	114
1731	AY	42
1732	AY	63
1733	AY	126
1734	AY	91
1735	AY	30
1736	AY	85
1737	AY	81
1738	AY	38
1739	AY	20
1740	AY	105
1741	AY	67
1742	AY	25.1
1743	AY	19
1745	AY	120.2
1746	AY	120.2.1
1747	AY	65
1748	AY	47
1749	AY	54
1750	AY	52
1751	AY	83
1752	AY	120.1
1753	AY	7.1
1754	AY	9.2
1755	AY	75.3
1756	AY	91.1
1757	AY	118
1758	AY	43
1759	AY	4.7
1760	AY	50
1761	AY	116
1762	A	30
1763	B	1.630
1764	C	1.2
1765	P	1.3
1766	P	1.4
1767	P	1.5
1768	P	1.6
1769	P	1.7
1770	P	6
1771	B	1.619.1
1772	C	38
1773	B	1.632
1774	B	1.633
1775	B	1.415.1
1776	Q	1
1777	P	1.8
1778	A	2.5.3
1779	AZ	1
1780	AZ	2
1781	AZ	2.1
1782	AZ	3
1783	AZ	4
1784	AZ	5
1785	AZ	6
1786	P	1.9
1787	P	1.10.1
1788	P	1.10.2
1789	AY	7.2
1790	AY	16.1
1791	AY	18
1792	AY	23.2
1793	P	1.11
1794	C	39
1795	AY	25.3
1796	Q	5
1797	B	1.1.528
1798	Q	6
1799	Q	7
1800	Q	8
1801	B	1.243.2
1802	AY	26.1
1803	C	40
1804	B	1.638
1805	AY	29.1
1806	AY	31
1807	AY	32
1808	B	1.351.5
1809	P	1.12
1810	P	1.12.1
1811	AY	4.1
1812	AY	34
1813	AY	34.1
1814	AY	34.2
1815	AY	33.2
1816	AY	36
1817	P	1.13
1818	P	1.15
1819	P	1.17
1820	P	1.17.1
1821	AY	4.2.1
1822	AY	4.2.3
1823	AY	4.2.2
1824	AY	4.3
1825	AY	39.2
1826	AY	39.1.2
1827	AY	39.1.3
1828	AY	39.1.1
1829	P	1.7.1
1830	AY	4.4
1831	AY	40
1832	AY	23.1
1833	AY	41
1834	AY	4.5
1835	AY	42.1
1836	AY	43.8
1837	AY	43.2
1838	AY	43.4
1839	AY	43.9
1840	AY	43.1
1841	AY	43.6
1842	AY	46.1
1843	AY	46.2
1844	AY	46.3
1845	AY	46.5
1846	AY	46.6
1847	AY	49
1848	AY	51
1849	AY	56
1850	AY	60
1851	AY	68
1852	AY	69
1853	AY	72
1854	AY	73
1855	AY	9.2.2
1856	AY	9.2.1
1857	AY	78
1858	AY	80
1859	AY	82
1860	AY	84
1861	AY	88
1862	AY	5.5
1863	AY	98.1.1
1864	AY	99
1865	AY	99.1
1866	AY	99.2
1867	AY	101
1868	AY	102.2
1869	AY	102.1
1870	AY	5.3
1871	AY	5.4
1872	AY	103.2
1873	AY	103.1
1874	AY	104
1875	AY	108
1876	AY	109
1877	AY	112.1
1878	AY	113
1879	AY	116.1
1880	AY	119.2
1881	B	1.639
1882	AY	122.4
1883	AY	122.6
1884	AY	122.2
1885	AY	122.3
1886	AY	122.5
1887	AY	122.1
1888	AY	20.1
1891	XB	
1892	B	1.627
1893	AY	123
1894	AY	123.1
1895	AY	124
1896	AY	124.1
1897	AY	124.1.1
1898	AY	43.3
1899	AY	125
1900	AY	125.1
1901	AY	121.1
1902	AY	34.1.1
1903	XC	
1904	AY	4.6
1905	AY	127.1
1906	AY	119.1
1907	AY	43.5
1908	BA	1
1909	BA	1.17
1910	BA	1.21
1911	BA	1.18
1912	BA	1.15
1913	BA	1.19
1914	BA	1.14
1915	BA	1.13
1916	BA	1.17.2
1917	BA	2
1918	B	1.640.1
1919	B	1.640.2
1920	B	1.637.1
1921	AY	112.2
1922	AY	112.3
1923	AY	4.8
1924	AY	3.2
1925	AY	25.1.2
1926	AY	25.1.1
1927	AY	129
1928	BA	3
1929	B	1.621.2
1930	BB	2
1931	AY	130
1932	AY	3.3
1933	AY	46.6.1
1934	AY	33.1
1935	AY	131
1936	AY	4.10
1937	AY	43.7
1938	AY	132
1939	AY	133
1941	BA	1.1.1
1942	BA	1.1.11
1943	BA	1.1.14
1944	BA	1.1.4
1945	BA	1.1.15
1946	BA	1.1.6
1947	BA	1.1.13
1948	BA	1.1.18
1949	BA	1.1.2
1950	BA	1.1.8
1951	AY	25.2
1952	AY	3.4
1953	AY	4.11
1954	AY	4.2.4
1955	AY	24.1
1956	AY	4.12
1957	AY	4.13
1958	AY	4.14
1959	AY	4.15
1960	AY	4.16
1961	AY	4.17
1962	AY	127.2
1963	AY	5.6
1964	AY	39.3
1965	BA	1.2
1966	BA	1.3
1967	BA	1.4
1968	BA	1.5
1969	BA	1.6
1970	BA	1.7
1971	BA	1.8
1972	BA	1.9
1973	BA	1.10
1974	BA	1.12
1975	BA	1.13.1
1976	BA	1.14.2
1977	BA	1.14.1
1978	BA	1.15.1
1979	BA	1.15.3
1980	XAC	
1981	BA	1.15.2
1982	BA	1.16
1983	BA	1.16.1
1984	BA	1.16.2
1985	BD	1
1986	BA	1.17.1
1987	AY	39.1.4
1988	BC	2
1989	BA	1.1.3
1990	BA	1.1.5
1991	BA	1.1.7
1992	BA	1.1.9
1993	BA	1.1.10
1994	BA	1.1.12
1995	BA	1.1.16
1996	BA	2.1
1997	BA	2.2
1998	BA	2.3
1999	BA	2.3.15
2000	BA	2.3.11
2001	BA	2.3.5
2002	AY	36.1
2003	XD	
2004	XE	
2005	XF	
2006	AY	29.2
2007	XG	
2008	XH	
2009	XJ	
2010	XK	
2011	XL	
2012	BA	2.4
2014	BA	2.6
2015	BA	2.7
2016	BA	2.8
2017	B	1.641
2018	XM	
2020	BA	2.9.1
2021	BA	2.9.2
2022	BA	2.9.3
2023	BA	2.9.4
2024	XN	
2025	BA	2.3.1
2026	BA	2.10
2027	BA	2.10.1
2028	BA	2.10.3
2029	BA	2.10.2
2030	AY	5.7
2031	XP	
2032	XQ	
2033	XR	
2034	XS	
2035	BA	2.3.2
2036	BA	4
2038	BA	2.11
2039	BA	2.12
2040	BA	2.12.2
2041	BA	2.37
2042	BA	2.12.1
2043	AY	127.3
2044	BA	2.13
2045	BA	1.20
2046	BA	1.21.1
2047	AY	134
2048	BA	1.1.17
2049	XT	
2050	AY	4.2.5
2051	BA	2.14
2052	BA	2.15
2053	BA	2.16
2054	BA	2.57
2055	BA	2.67
2056	BA	2.38
2057	BA	2.21
2058	BA	2.17
2059	BA	2.73
2060	BA	2.66
2061	BA	2.68
2062	XU	
2063	BA	2.18
2064	BA	1.22
2065	BA	2.19
2066	BA	2.20
2067	BA	2.22
2068	BA	2.23
2069	BA	2.23.1
2070	BA	2.24
2071	BA	2.25
2072	BA	2.25.1
2073	BA	2.26
2074	BA	2.27
2075	BA	2.28
2076	BA	2.29
2077	BA	2.30
2078	BA	2.31
2079	BA	2.32
2080	BA	2.33
2081	BA	2.3.4
2082	BA	2.34
2083	BA	3.1
2084	BA	2.45
2085	BA	2.40.1
2086	BA	2.64
2087	BA	2.49
2088	BA	2.36
2089	BA	2.50
2090	BA	2.39
2091	BA	2.41
2092	BA	2.53
2093	BA	2.47
2094	BA	2.51
2095	BA	2.65
2096	BA	2.35
2097	BA	2.72
2098	BA	2.9.6
2099	BA	2.52
2100	BA	2.48
2101	BA	2.70
2102	BA	2.55
2103	BA	2.56
2104	BA	2.44
2105	BA	2.46
2106	BA	2.59
2107	BA	2.63
2108	BA	2.62
2109	XAD	
2110	XAH	
2111	BA	5.3
2112	BA	5.2.1
2114	BA	5.5
2115	BF	1
2116	BA	5.3.4
2117	BA	5.3.2
2118	BA	4.1
2119	BA	4.1.1
2120	BG	5
2121	BA	2.40
2122	BA	1.23
2123	XAE	
2124	BA	2.42
2125	BA	2.58
2126	BA	2.54
2127	BA	2.78
2128	BA	2.71
2129	BA	2.2.1
2130	BA	2.9.5
2131	BA	2.9.7
2132	BA	2.3.12
2133	BA	2.3.6
2135	BA	2.3.9
2136	BA	2.3.10
2137	BA	2.3.16
2139	BA	2.3.14
2140	BA	2.3.18
2141	BA	2.3.8
2142	BA	2.13.1
2143	XV	
2145	BE	1
2146	BE	3
2148	BE	2
2149	BA	5.3.1
2150	BF	2
2151	BA	5.1.10
2152	XW	
2153	XY	
2154	BA	2.43
2155	BA	4.1.2
2156	BF	1.1
2157	BF	8
2158	BF	12
2160	BF	23
2161	BF	4
2162	BF	7
2163	XZ	
2164	BA	2.3.7
2165	XAA	
2166	XAB	
2167	BA	1.24
2168	BA	4.4
2169	BA	4.2
2170	BA	4.6
2171	BA	4.5
2172	BA	4.3
2173	BA	4.7
2174	BA	4.1.5
2175	BA	4.1.4
2176	BA	4.1.6
2177	BA	4.1.3
2178	BA	2.60
2179	BA	2.69
2180	BG	1
2181	BG	2
2182	BG	4
2183	BG	3
2184	BA	5.6
2185	BA	5.8
2186	XAZ	
2187	BA	5.9
2188	BC	1
2189	BA	2.61
2190	XAF	
2191	BA	2.56.1
2192	XAG	
2193	BA	5.2.9
2194	BA	5.2.10
2195	BA	5.2.2
2197	BA	2.74
2199	BA	5.6.2
2200	BE	1.1
2201	BA	5.3.3
2202	BF	3.1
2203	BA	5.1.1
2204	BA	5.1.2
2205	BA	5.1.3
2206	BA	5.1.17
2207	BA	5.1.4
2208	BA	5.1.6
2209	BA	5.1.14
2210	BA	5.1.5
2211	BA	5.1.21
2212	BA	5.1.11
2213	BA	5.1.8
2214	BA	5.1.9
2215	BA	5.1.16
2216	BK	1
2217	BT	1
2218	BA	5.1.7
2219	BA	5.1.15
2220	BF	6
2221	BF	10
2222	BF	21
2223	BF	18
2224	BF	20
2225	BF	17
2226	BF	16
2227	BA	5.2.4
2228	BA	5.2.8
2229	BA	5.2.22
2230	BA	5.2.12
2231	BA	5.5.2
2232	XAS	
2233	BA	4.6.1
2234	BA	2.38.4
2235	BA	2.38.1
2236	BA	2.38.2
2237	BA	4.1.8
2238	BA	4.1.7
2239	BA	4.1.9
2240	BA	5.10
2241	BA	5.7
2242	XAV	
2243	BA	2.81
2244	BA	2.80
2246	BA	2.79
2247	BA	2.82
2248	BA	2.77
2249	BA	2.79.1
2250	BA	2.3.19
2251	XAJ	
2252	BA	5.6.1
2253	XAK	
2254	BA	5.2.5
2255	BF	9
2256	BF	11
2257	XAL	
2258	XAM	
2259	XAN	
2260	XAP	
2261	BE	1.3
2262	BF	14
2263	BF	13
2264	BF	22
2265	BF	19
2266	BF	29
2267	BA	5.1.19
2268	BA	5.1.18
2269	BA	5.1.20
2270	BT	2
2271	BE	1.1.1
2272	BA	5.2.13
2273	BA	2.75.1
2274	BG	6
2275	XAQ	
2276	BA	2.38.3
2277	BH	1
2279	BE	1.2
2280	BA	2.76.1
2281	BA	5.5.1
2282	XAR	
2284	BA	2.76.2
2285	BA	5.2.6
2288	BA	5.2.7
2289	BF	15
2290	BA	4.8
2291	BA	2.75.4
2292	BL	1
2293	BA	5.1.12
2294	BA	2.75.5
2295	XAT	
2296	XAU	
2297	XAW	
2298	BF	5.1
2299	BA	5.1.29
2300	BA	5.1.31
2301	BA	5.2.11
2302	BM	1
2304	BN	1
2305	BP	1
2306	BA	5.5.3
2308	BN	2
2309	BN	2.1
2310	BR	1
2311	BM	3
2312	BM	1.1
2313	BL	2
2314	BL	3
2315	BA	2.75.6
2316	BA	2.75.7
2317	BL	4
2318	BM	4.1
2319	BA	5.2.14
2320	BQ	1.1
2321	CF	1
2322	BA	5.2.16
2323	XBA	
2324	BV	1
2325	BA	5.2.18
2326	BL	1.1
2327	BL	1.2
2328	XBB	
2329	BR	2
2331	BA	4.1.10
2332	BA	5.10.1
2333	DF	1
2334	BA	2.83
2335	BA	5.2.19
2336	BA	5.2.20
2337	BA	5.2.21
2338	BW	1
2339	BM	5
2340	BY	1
2341	BF	24
2342	BA	2.31.1
2343	BM	4
2344	BM	4.1.1
2345	BA	2.75.8
2346	BA	5.2.23
2347	BE	1.2.1
2348	BZ	1
2349	BR	3
2350	BA	5.2.24
2351	BF	25
2352	BV	2
2353	BQ	1.2
2354	BQ	1.3
2355	XBC	
2356	BA	5.2.25
2357	BA	5.2.26
2358	CG	1
2359	BA	5.2.27
2360	BA	5.2.28
2361	BA	5.1.22
2362	DH	1
2363	BA	5.1.23
2364	BA	5.1.24
2365	BA	5.1.25
2366	DJ	1
2367	BF	26
2368	BF	27
2369	BF	28
2370	CA	2
2371	BA	2.75.9
2372	CB	1
2373	BL	1.3
2374	BS	1
2375	BS	1.1
2376	BE	4
2377	BA	2.85
2378	BA	5.2.29
2380	BE	4.1.1
2381	BE	1.1.2
2382	CC	1
2383	BA	5.2.30
2384	BA	5.2.31
2385	CD	1
2386	CD	2
2387	BA	5.2.33
2388	CE	1
2389	BA	5.1.26
2390	BA	5.1.27
2391	BA	5.1.28
2393	BQ	1.4
2394	XBC	1
2395	BF	7.1
2396	BA	5.3.5
2397	BQ	1.5
2398	BQ	1.6
2399	BQ	1.7
2400	BQ	1.8
2401	BQ	1.9
2402	BA	5.6.3
2403	BG	7
2404	BA	4.6.2
2405	BE	4.2
2406	BA	4.6.3
2407	CH	1
2408	CH	2
2409	CL	1
2410	CM	1
2411	BR	4
2412	CN	1
2413	XBD	
2414	CH	1.1
2415	BQ	1.10
2416	BQ	1.11
2417	BQ	1.12
2418	BQ	1.13
2420	BQ	1.15
2421	BQ	1.16
2422	XAY	1
2423	XAY	2
2424	BA	2.3.21
2425	CM	2
2426	BQ	2
2427	BQ	1.17
2428	CP	1
2429	CP	1.1
2430	BA	5.2.35
2431	BE	5
2432	CQ	1
2433	BF	7.2
2434	BN	1.1
2436	CR	2
2437	CS	1
2438	BL	2.1
2439	BF	7.3
2440	BF	30
2441	BM	2
2442	BM	2.1
2443	BM	2.2
2444	BM	2.3
2445	BM	6
2446	BA	4.6.4
2447	BA	2.10.4
2448	XBC	2
2449	BN	1.2
2450	BN	1.1.1
2451	BN	1.3
2452	BN	1.3.1
2453	BN	3
2454	BR	1.1
2455	BR	1.2
2456	BA	2.75.10
2457	BM	1.1.2
2458	BQ	1.1.1
2459	BQ	1.18
2460	BQ	1.8.1
2461	BQ	1.8.2
2462	BQ	1.10.1
2463	XBB	2
2465	XBB	1.1
2466	BA	5.2.36
2467	CT	1
2468	BN	3.1
2469	BN	4
2470	BN	5
2471	BN	6
2472	CA	3
2473	CA	4
2474	CA	5
2475	BM	1.1.3
2476	CM	3
2477	BQ	1.19
2478	BU	2
2479	BL	1.4
2480	BQ	1.20
2481	CA	6
2482	BF	11.1
2483	BF	11.3
2484	BF	11.2
2485	BF	11.4
2486	BF	11.5
2487	BF	7.4
2488	BF	7.4.1
2489	BF	7.5
2490	BF	7.5.1
2491	BF	7.6
2492	BF	7.8
2493	BF	7.7
2494	BF	7.9
2495	BF	7.10
2496	BF	7.11
2497	BF	7.12
2498	BE	1.4
2499	BE	1.4.2
2500	BE	1.4.1
2501	BE	1.4.3
2502	BE	1.4.4
2503	CU	1
2504	XBB	1.2
2505	BA	5.6.4
2506	BA	5.2.37
2507	BQ	1.1.2
2508	XBB	4
2509	XBB	3.1
2510	XBB	5
2511	BQ	1.1.3
2512	BQ	1.1.4
2513	BQ	1.1.5
2514	BQ	1.1.6
2515	BQ	1.1.7
2516	BQ	1.1.8
2517	BQ	1.1.9
2518	BQ	1.1.10
2519	BN	1.2.1
2520	BN	1.4
2521	BN	1.5
2522	BN	1.6
2523	CK	1
2524	CK	3
2525	CK	2
2526	CK	2.1
2527	CK	2.1.1
2528	CQ	2
2529	BQ	1.1.11
2530	BQ	1.1.12
2531	BY	1.1
2532	BY	1.1.1
2533	BY	1.2
2534	BY	1.2.1
2535	CM	4
2536	CM	5
2537	XBE	
2538	BU	3
2539	BU	1
2540	BA	5.1.30
2541	CV	1
2542	CA	1
2543	XBB	1.3
2544	BQ	1.1.13
2545	CA	7
2546	BQ	1.1.14
2547	CW	1
2548	BQ	1.1.15
2549	BQ	1.1.16
2550	BQ	1.1.17
2551	BQ	1.1.18
2552	BQ	1.1.19
2553	BF	31
2556	BF	32
2557	BQ	1.21
2558	CY	1
2559	BQ	1.22
2560	BF	7.4.2
2561	CP	1.2
2562	CP	1.3
2563	CP	2
2564	CP	3
2565	CP	4
2566	CP	5
2567	CP	6
2568	CR	1.1
2569	BS	1.2
2570	CM	5.1
2571	BL	5
2572	XAY	
2573	XAY	1.1
2574	BQ	1.1.20
2575	BQ	1.1.21
2576	BQ	1.1.22
2577	ER	1
2578	CZ	1
2579	BQ	1.23
2580	BA	5.2.38
2581	DA	1
2582	BF	7.13
2583	BF	7.13.1
2584	BF	7.13.2
2585	XBF	
2586	CA	3.1
2587	BA	5.2.39
2588	DB	1
2589	BF	33
2590	BA	4.6.5
2591	DC	1
2592	BQ	1.1.23
2593	BQ	1.1.24
2594	DD	1
2595	BE	6
2596	BE	7
2597	BE	8
2598	BA	5.11
2599	DB	2
2600	BQ	1.24
2601	BA	5.2.40
2602	BQ	1.25
2603	BQ	1.25.1
2604	CQ	1.1
2605	CR	1.2
2606	DE	1
2607	DE	2
2608	CM	8
2609	XBB	1.4
2610	XBB	1.4.1
2611	XBB	4.1
2612	BF	34
2614	DG	1
2616	BN	1.7
2617	CM	8.1
2618	CM	7
2619	CM	9
2620	CM	6
2621	CM	6.1
2622	BE	9
2623	BQ	1.26.1
2624	BQ	1.26
2625	XBG	
2626	BA	5.2.41
2627	XBH	
2628	BW	1.1
2629	BN	1.8
2630	CM	2.1
2631	DJ	1.1
2632	DJ	1.3
2633	BA	5.2.42
2634	BA	5.2.43
2635	BN	1.9
2637	CH	1.1.2
2638	BA	5.2.44
2639	DK	1
2640	BQ	1.1.25
2641	BQ	1.1.26
2642	XBJ	
2643	CH	3
2644	BQ	1.1.27
2645	DL	1
2646	BA	5.2.45
2647	BQ	1.1.28
2648	CV	2
2649	DM	1
2650	DJ	1.2
2651	CJ	1.1
2652	CM	5.2
2653	CM	4.1
2654	CN	2
2655	BE	10
2656	XBK	
2657	CH	3.1
2658	CH	1.1.3
2659	CR	1.3
2660	BF	10.1
2661	BN	1.3.2
2662	BN	1.3.3
2663	XBB	3.2
2664	XBB	2.1
2665	XBB	2.2
2666	XBB	1.6
2667	XBB	1.7
2668	DN	1
2669	DN	1.1
2670	BQ	1.1.29
2671	BQ	1.27
2672	BQ	1.1.30
2673	BQ	1.1.31
2674	DP	1
2675	BN	1.3.4
2676	XBB	3.3
2677	BQ	1.13.1
2678	BF	5.2
2679	CK	1.1
2680	BA	5.2.46
2681	BQ	1.28
2682	DT	2
2683	BQ	1.1.32
2684	DR	1
2685	DF	1.1
2686	BA	5.2.47
2687	DQ	1
2688	BF	7.14
2689	BF	7.14.7
2690	BF	7.14.1
2691	BA	5.2.48
2692	DS	1
2693	CM	10
2694	XBC	1.1
2695	XBC	1.1.1
2696	XBC	1.2
2697	XBC	1.2.1
2698	XBB	1.8
2699	BL	6
2700	CH	1.1.4
2701	BF	7.15
2702	CM	11
2703	DT	1
2704	BQ	1.1.34
2705	CM	12
2706	CK	1.2
2707	BA	2.3.22
2708	XBM	
2709	BM	1.1.4
2710	BM	1.1.5
2711	BN	1.4.1
2712	XBB	6
2713	XBB	6.1
2714	XBB	1.9
2716	BA	5.2.49
2717	XAY	3
2718	XAY	1.2
2719	BN	1.5.1
2720	DU	1
2721	CH	1.1.5
2722	BQ	1.1.35
2723	ET	1
2724	DV	1
2725	BQ	1.1.36
2726	XBN	
2727	BA	5.1.32
2728	DW	1
2729	BQ	1.1.37
2730	BQ	1.1.38
2731	BQ	1.11.1
2732	BR	5
2733	BQ	1.1.39
2734	BQ	1.2.1
2735	DV	2
2736	DV	3
2737	DV	3.1
2738	CH	1.1.6
2739	CH	1.1.7
2740	CH	1.1.8
2741	CH	1.1.9
2742	BN	1.10
2743	BN	1.11
2744	BQ	1.1.40
2745	BQ	1.1.41
2746	BQ	1.1.42
2747	BQ	1.1.43
2748	BQ	1.1.44
2749	BQ	1.1.45
2750	BQ	1.1.46
2751	BQ	1.1.47
2752	CM	8.1.2
2753	CM	8.1.1
2754	DS	2
2755	XBB	1.10
2756	DY	1
2757	DY	1.1
2758	BF	7.14.2
2759	BF	7.14.3
2760	DZ	1
2762	XBB	1.5.2
2764	DN	1.1.1
2765	DN	1.1.2
2766	XBP	
2767	BQ	1.1.48
2768	BQ	1.1.49
2769	DZ	2
2770	XBB	7
2772	XBB	1.11
2774	DJ	1.1.1
2775	BN	1.3.5
2777	XBB	2.4
2778	BA	4.1.11
2779	BF	5.3
2780	XBB	1.12
2782	XBB	1.5.5
2783	XBB	1.5.6
2785	XBB	1.5.8
2786	XBB	1.5.9
2787	XBB	1.5.10
2788	XBB	1.13
2789	BQ	1.1.50
2790	BF	5.4
2791	XBB	1.14
2792	BQ	1.1.51
2793	XBF	1
2794	XBF	2
2795	XBF	3
2796	XBC	1.3
2797	XBC	1.4
2798	XAY	2.1
2799	XAY	2.2
2800	BW	1.2
2801	BW	1.1.1
2802	BW	1.1.2
2803	BQ	1.29
2804	BQ	1.15.2
2805	BQ	1.15.1
2806	BQ	1.1.52
2807	EA	1
2808	EA	2
2809	BQ	1.10.2
2810	CL	1.2
2811	CL	1.3
2812	CL	1.1
2813	BA	5.1.33
2814	EQ	1
2815	BA	5.1.34
2816	BA	5.1.35
2817	EB	1
2818	BA	5.1.36
2819	BA	5.1.37
2820	BA	5.1.38
2821	BF	7.17
2822	BF	7.18
2823	BF	35
2824	BF	36
2825	BF	37
2826	BF	38
2827	BF	38.1
2828	BF	38.2
2829	BF	38.3
2830	BF	39
2831	BF	39.1
2832	BF	40
2833	BF	41
2834	BF	41.1
2835	BA	5.2.50
2836	BA	5.2.51
2837	BA	5.2.53
2838	BA	5.2.54
2839	BA	5.2.55
2840	BA	5.2.56
2841	BA	5.2.57
2842	BA	5.2.58
2843	BA	5.2.59
2844	BQ	1.30
2845	EC	1
2846	EC	1.1
2847	BQ	1.31
2848	BQ	1.10.3
2849	BQ	1.1.53
2850	BQ	1.1.54
2851	BQ	1.1.55
2852	BQ	1.1.56
2853	BQ	1.1.57
2854	BQ	1.1.58
2855	BQ	1.1.59
2856	BQ	1.1.60
2857	BQ	1.1.61
2858	BQ	1.1.62
2859	BQ	1.1.63
2860	BQ	1.1.64
2861	BQ	1.1.65
2862	ES	1
2863	BQ	1.1.66
2864	BQ	1.1.67
2865	DT	3
2866	BQ	1.1.68
2867	BQ	1.1.69
2868	BQ	1.1.70
2869	CZ	2
2870	BA	5.2.52
2871	BA	5.2.32
2872	BA	5.2.60
2873	BZ	2
2874	BA	5.2.61
2875	BA	5.2.62
2876	BF	7.21
2877	BF	7.22
2878	BF	7.23
2879	BF	7.24
2880	BF	7.26
2881	BF	7.20
2882	BF	7.16
2883	BF	7.16.1
2884	BF	7.19
2885	BF	7.19.1
2886	ED	1
2887	ED	2
2888	ED	3
2889	EE	1
2890	EE	2
2891	EE	3
2892	EE	4
2893	EE	5
2894	EF	1
2895	EF	2
2896	EF	1.1
2897	EF	1.1.1
2898	EF	1.2
2900	BA	5.2.63
2901	XBQ	
2902	XBB	1.15
2903	EG	1
2905	XBB	2.5
2906	XBF	4
2907	XBK	1
2908	XBR	
2909	XBS	
2910	XBT	
2911	EH	1
2912	XBF	5
2913	XBF	6
2914	XBF	7
2915	XBF	7.1
2916	XBF	8
2917	DY	2
2918	DY	3
2919	DY	4
2920	BF	7.14.4
2921	BF	7.14.5
2922	BF	7.14.6
2923	BF	7.27
2924	CH	1.1.10
2925	CH	1.1.11
2926	CH	1.1.12
2927	FS	1
2928	CH	1.1.13
2929	CH	1.1.14
2930	BN	1.3.7
2931	BN	1.3.6
2932	BN	1.3.8
2933	EJ	1
2934	EJ	2
2935	BN	1.2.2
2936	BN	1.2.3
2937	FR	1
2938	BN	1.2.4
2939	BN	1.5.2
2940	BN	1.4.2
2941	BN	1.4.3
2942	BN	1.4.4
2943	BN	1.4.5
2944	DS	3
2945	XBB	1.5.11
2946	XBB	1.5.12
2948	EK	1
2949	DV	4
2951	EL	1
2952	BA	5.12
2953	DB	3
2954	XBB	2.6
2955	XBB	8
2956	EM	1
2958	EK	2
2961	XBB	1.5.18
2962	XBB	1.5.19
2963	XBB	1.5.20
2965	EN	1
2966	EP	2
2967	EP	1
2968	XBC	1.5
2969	CY	2
2970	CP	7
2971	BQ	1.1.71
2973	ER	1.1
2974	CH	1.1.15
2975	BF	7.4.3
2976	BQ	1.32
2977	XBC	1.6
2978	XBB	1.17
2980	XBB	1.17.2
2981	XBB	1.5.22
2982	XBB	1.5.23
2983	XBB	1.18
2986	XBB	1.5.25
2987	XBU	
2988	XBB	1.19
2990	XBB	1.20
2991	XBV	
2992	DV	1.1
2993	CP	8
2994	CP	8.1
2995	XBW	
2996	XBY	
2998	EU	1
2999	EU	1.1
3000	XBF	8.1
3001	XBB	1.21
3002	XBC	2.1
3003	XBB	1.22
3006	XBB	1.9.5
3007	XBB	1.9.4
3008	XBB	1.23
3009	XBJ	1
3010	XBJ	1.1
3011	XBJ	2
3012	XBJ	3
3013	XBJ	4
3014	XBB	2.7
3015	XBB	1.24
3016	XBB	1.25
3017	XBB	1.26
3018	CH	1.1.16
3019	CH	1.1.17
3020	FK	1
3021	FK	1.1
3022	DV	5
3023	BQ	1.1.73
3024	BQ	1.1.74
3025	CH	1.1.23
3026	CH	1.1.22
3027	XBB	2.9
3028	XBB	1.36
3029	EV	1
3030	EW	1
3031	EW	2
3032	EW	3
3033	EY	1
3034	EZ	1
3035	XBB	1.27
3037	XBB	1.5.27
3038	EK	3
3039	EK	2.1
3040	XBB	1.5.28
3041	BE	11
3042	BE	12
3043	BE	13
3044	FA	1
3045	FA	2
3046	DR	2
3047	FB	1
3048	FB	2
3049	BQ	1.1.72
3050	FC	1
3051	FD	1
3052	FD	1.1
3054	XBB	1.5.29
3056	FF	1
3057	BN	1.3.9
3058	XBB	1.5.31
3059	XBB	1.5.32
3060	XBB	1.5.33
3061	XBB	2.3.1
3063	CH	1.1.18
3064	XBB	1.28
3065	XBB	1.29
3066	XBB	1.5.34
3067	XBB	1.30
3068	XBB	1.5.35
3069	XBB	1.5.36
3070	BL	1.5
3071	BQ	1.26.2
3072	XBF	9
3073	FG	1
3074	FG	2
3075	FG	3
3076	CH	1.1.19
3077	CH	1.1.20
3078	CM	8.1.3
3079	CM	8.1.4
3080	DN	1.1.3
3081	DN	1.1.4
3082	XBB	2.8
3083	XBB	2.7.1
3084	BF	5.5
3085	XBB	1.5.37
3086	FD	2
3088	FH	1
3090	CH	1.1.21
3091	FJ	1
3092	BN	1.3.10
3093	XCA	
3094	EG	2
3095	XBB	1.31
3096	XBB	1.32
3097	FL	1
3099	GJ	1
3101	XBB	1.5.40
3102	FM	1
3103	FM	2
3104	FL	2
3105	FN	1
3106	EG	1.1
3108	CJ	1.2
3109	CJ	1.3
3110	XBF	1.1
3111	XBF	10
3113	BF	42
3114	XBB	2.3.5
3115	XCB	
3116	FQ	1
3117	XBB	1.33
3118	XBL	1
3119	XBL	2
3120	XBL	
3121	XBL	3
3123	XBB	2.3.7
3124	XCC	
3125	EG	3
3126	EG	1.2
3127	EG	1.3
3128	EG	1.4
3129	EG	4
3130	EG	5
3131	FL	3
3132	FL	4
3133	FL	5
3134	FK	1.2
3135	FT	1
3136	XAY	2.3
3137	XAY	1.1.2
3138	XAY	1.1.3
3140	XBB	1.16.3
3141	FU	1
3142	FU	2
3145	FL	2.1
3146	FL	2.2
3147	XBC	1.6.2
3149	XBB	1.5.43
3150	XBB	1.35
3152	XBB	1.5.45
3155	XBB	8.1
3156	XBB	9
3157	XBB	3.4
3161	EU	1.1.1
3162	XBB	1.5.50
3163	XBB	1.5.51
3164	XBB	1.5.52
3165	FV	1
3167	XBB	1.9.6
3169	FW	1
3170	FW	2
3171	XBB	1.5.54
3172	EK	4
3174	FD	3
3176	FL	6
3177	XBB	2.3.9
3180	FY	2
3181	FY	3
3182	FY	4
3183	FZ	1
3184	FZ	1.1
3185	FZ	2
3186	XBB	1.5.56
3187	XBB	1.16.4
3189	FE	1.1
3190	FE	1.2
3191	GA	1
3192	GA	2
3193	GA	3
3194	CH	1.1.24
3195	CH	1.1.25
3196	CH	1.1.26
3197	DV	6
3198	CH	1.1.27
3199	XBB	1.5.58
3200	XBB	1.5.59
3201	XBB	1.5.60
3202	XBB	1.5.61
3203	XBB	1.5.62
3204	XBB	1.5.63
3205	XBB	1.5.65
3206	XBB	1.5.66
3207	XBB	1.5.67
3208	GB	1
3209	XBB	1.16.5
3210	FD	4
3211	FL	7
3213	XBB	1.37
3214	XBB	1.37.1
3215	XBB	1.5.69
3217	EG	5.1
3218	GC	1
3219	GC	2
3220	FL	8
3221	FL	10
3222	FL	11
3223	CH	1.1.28
3224	FL	3.1
3225	FL	3.2
3226	FL	3.3
3227	FL	3.4
3228	XBB	1.24.1
3229	XBB	1.24.2
3230	XBB	1.24.3
3231	XBB	1.38
3232	GD	1
3233	XBB	1.39
3234	XBB	1.40
3235	GE	1
3237	FL	1.1
3238	FL	1.2
3239	FL	1.3
3240	XBB	3.5
3241	BN	1.2.5
3242	FR	2
3243	BN	1.2.6
3244	EJ	3
3245	BN	1.3.11
3246	BQ	1.2.3
3247	BQ	1.3.1
3248	BQ	1.3.2
3249	BQ	1.33
3250	DN	2
3251	DN	3
3252	DN	3.1
3253	XBB	1.32.1
3254	FL	12
3255	FL	9
3256	XBB	1.5.64
3258	FL	4.1
3259	FL	4.2
3260	FL	1.4
3261	FL	13
3262	FL	13.1
3263	FL	14
3264	GF	1
3265	GG	1
3266	FK	1.3
3267	FK	1.4
3268	FK	1.2.1
3269	FY	1.1
3270	FY	3.1
3271	XBB	1.41
3272	EG	5.2
3273	FY	4.1
3274	XBB	1.5.71
3275	XBB	1.16.7
3276	XBB	1.16.8
3278	EG	6
3279	EG	6.1
3280	FP	2
3281	FP	3
3282	FP	4
3283	FP	2.1
3284	XBB	1.16.9
3285	CM	7.1
3286	XBB	2.10
3287	XBB	1.9.7
3288	XBB	1.5.72
3290	FR	1.2
3291	XBB	1.42
3292	XBB	1.43
3293	XBB	1.43.1
3295	GH	1
3296	XBB	2.6.2
3299	FD	2.1
3300	XBB	1.5.74
3301	XBB	1.5.75
3302	XBB	1.5.76
3304	XBB	1.5.78
3305	XBB	1.5.79
3306	XBB	1.5.80
3307	XBB	1.5.81
3308	FL	1.5
3311	XBB	1.34
3312	XBB	1.34.1
3314	XCD	
3315	XBB	8.2
3316	EG	7
3317	GJ	1.1
3318	GJ	2
3319	FL	10.1
3321	XCE	
3322	FE	1.1.1
3323	FE	1.1.2
3324	GL	1
3326	GM	1
3327	XCF	
3328	BQ	1.1.75
3329	XBB	1.5.82
3330	XBB	1.5.83
3331	XBB	1.5.84
3332	GN	1
3333	XBB	1.5.85
3335	DV	7
3336	DV	8
3337	CH	1.1.29
3338	DV	6.2
3339	DV	6.1
3340	GP	1
3341	GP	2
3342	GP	3
3343	FK	1.2.2
3344	FR	1.3
3345	BN	1.3.12
3346	BQ	1.1.76
3347	BQ	1.1.77
3348	BQ	1.1.78
3349	EN	1.1
3350	XBC	1.7
3351	XBC	1.1.2
3352	XBL	3.1
3353	GQ	1
3354	CH	1.1.30
3355	BR	5.1
3356	XBB	1.15.1
3357	XBB	1.44
3358	XBB	1.44.1
3359	XBB	1.45
3360	XBB	1.45.1
3361	EU	1.1.2
3362	XBB	1.46
3363	XBB	1.47
3364	XBB	1.47.1
3365	XBB	2.11
3366	XBB	2.11.1
3367	XCG	
3368	XBB	1.14.1
3369	XBB	2.6.3
3370	XBB	1.48
3371	XBB	1.13.1
3372	XBB	1.38.1
3373	XBB	1.4.2
3374	XBB	2.12
3375	FL	2.3
3376	FY	1.2
3377	FY	1.3
3378	FY	5
3379	FL	2.2.1
3380	XBB	1.16.10
3381	FL	16
3382	GR	1
3383	GB	2
3384	GS	1
3385	XBB	1.5.87
3386	FL	1.6
3387	FL	17
3388	FL	17.1
3389	FL	17.2
3391	XBC	1.6.4
3392	GT	1
3393	FU	2.1
3394	GU	1
3395	GV	1
3396	FL	4.3
3399	GW	1
3400	GW	2
3401	GY	1
3402	GY	2
3403	BN	1.2.7
3404	GJ	1.2
3405	FL	13.2
3406	FL	18
3407	FL	18.1
3408	FL	18.1.1
3409	XBB	1.5.88
3410	GZ	1
3411	HA	1
3412	HA	2
3413	XBB	1.5.89
3414	HB	1
3415	EG	2.1
3416	HC	1
3417	FL	19
3418	FU	3
3419	BQ	1.1.79
3420	FL	20
3421	XBB	1.31.1
3422	FL	1.7
3423	FL	1.1.1
3424	FL	4.4
3425	FL	4.5
3426	FL	4.6
3427	FL	4.1.1
3428	FL	4.7
3429	GY	3
3430	GY	2.1
3431	XBB	1.16.12
3433	FL	21
3434	FL	5.1
3435	EG	1.4.1
3436	GD	2
3437	GD	3
3438	EG	1.5
3439	EG	8
3440	FL	22
3441	FL	23
3442	FY	6
3443	CM	8.1.5
3444	CK	1.1.1
3445	CK	1.3
3446	CK	1.4
3447	CK	1.5
3448	FR	1.4
3449	GQ	1.1
3450	FK	1.3.1
3451	FK	1.3.2
3452	FK	1.5
3453	CJ	1.3.1
3454	CJ	1.3.2
3455	EU	1.1.3
3456	FL	24
3457	XBB	1.16.14
3458	XBB	1.5.90
3459	XBB	1.5.91
3460	FL	25
3461	FL	2.4
3462	XCF	1
3463	XCF	2
3464	FL	26
3465	FL	26.1
3466	GK	2
3467	FU	4
3470	HD	1
3473	GK	1.2
3475	HE	1
3476	FE	1.1.3
3477	FE	1.1.4
3478	HF	1
3479	XBB	1.16.16
3480	HG	1
3482	XBB	2.3.14
3483	XBB	1.49
3484	GJ	3
3485	XBB	1.5.94
3486	EG	1.6
3487	HH	1
3488	HH	1.1
3489	HH	2
3490	CM	7.1.1
3491	XBB	1.42.1
3492	XBB	1.12.1
3493	GY	4
3494	GY	5
3495	GY	6
3496	EG	4.1
3497	EG	4.2
3498	EG	4.3
3499	XBB	1.31.2
3500	GY	7
3502	HJ	1
3503	XBB	1.5.96
3504	FU	3.1
3505	GW	3
3506	GW	4
3507	FL	23.1
3508	FL	27
3509	FD	4.1
3510	GN	2
3511	GN	1.1
3512	GN	3
3513	GN	4
3514	GN	5
3515	EG	5.1.2
3517	EG	5.1.4
3518	EG	5.1.5
3519	HK	1
3520	HK	2
3522	HK	4
3523	HK	5
3524	EG	5.1.6
3525	FT	2
3526	FT	3
3527	FT	3.1
3528	FT	4
3529	GA	4
3530	GA	5
3531	GA	6
3532	GA	6.1
3533	FW	3
3534	HD	1.1
3535	FL	13.3
3536	FL	13.3.1
3537	FL	2.3.1
3538	XBB	1.16.17
3539	FY	2.1
3540	FY	7
3542	HL	1
3543	HL	2
3544	HM	1
3545	FL	28
3546	XBB	1.5.97
3547	EG	1.7
3548	EG	1.8
3549	EG	4.4
3550	FK	1.4.1
3551	FK	1.1.1
3552	FK	1.1.2
3553	HN	1
3554	FL	29
3555	EG	9
3556	EG	9.1
3557	EG	10
3558	EG	10.1
3559	DV	7.2
3560	EG	5.2.1
3561	EG	5.2.2
3562	EG	5.2.3
3563	XBB	1.16.18
3565	XBB	1.16.20
3566	XBB	1.16.21
3567	XBB	1.16.22
3568	XBB	1.5.98
3569	HQ	1
3570	HP	1
3571	HP	1.1
3572	XBB	1.5.99
3573	HR	1
3574	HS	1
3575	HT	1
3576	HT	2
3577	XBB	1.19.2
3579	FL	20.1
3580	FL	21.1
3581	FL	21.2
3582	FT	3.1.1
3583	FL	19.1
3584	FU	5
3585	HU	1
3586	HU	2
3587	FP	2.1.1
3588	FP	2.1.2
3589	HV	1
3590	GK	3
3591	GK	3.1
3592	HW	1
3593	HW	1.1
3595	HY	1
3596	GJ	1.2.1
3597	HZ	1
3598	HZ	2
3599	HZ	3
3600	BN	1.3.13
3601	EG	11
3602	GY	8
3603	FY	4.2
3604	XBB	1.22.3
3605	HU	1.1
3606	GJ	4
3607	XBB	1.5.101
3608	FL	2.5
3609	EG	12
3610	JA	1
3611	JB	1
3612	FW	1.1
3613	JC	1
3614	XBB	1.41.2
3615	GA	4.1
3616	GE	1.1
3617	GE	1.2
3619	JD	1
3620	FL	1.5.2
3621	JB	2
3622	JB	2.1
3623	HK	6
3624	GS	2
3625	GS	3
3626	GS	4
3627	GS	4.1
3628	GE	1.3
3629	JE	1
3630	HG	2
3631	JF	1
3632	JF	2
3633	GK	1.4
3634	XCH	
3635	GK	2.1
3637	XCJ	
3638	GM	3
3639	GM	3.1
3640	HC	2
3641	EG	5.1.7
3643	JD	1.2
3645	XCH	1
3646	JG	1
3647	HK	7
3648	EG	2.2
3649	EG	2.3
3650	EG	2.4
3651	EG	2.5
3652	EG	13
3653	FL	4.8
3654	FL	4.9
3655	FL	4.10
3656	FY	3.2
3657	FY	3.3
3658	JH	1
3659	JH	2
3660	FL	2.6
3661	XCK	
3662	FL	10.2
3663	XCL	
3664	FL	30
3665	GW	1.1
3666	GK	2.2
3667	HF	1.1
3668	HF	1.2
3669	XBB	1.5.104
3670	XBB	1.16.23
3671	JK	1
3672	XBB	1.5.105
3673	HK	8
3674	HK	9
3675	JJ	1
3676	HS	1.1
3677	HK	11
3678	JG	2
3679	XBB	1.16.24
3680	JL	1
3681	BA	2.86
3683	XCM	
3684	FY	4.1.1
3685	FY	4.1.2
3686	EG	6.1.1
3687	GJ	1.2.2
3688	GJ	1.2.3
3689	GJ	1.2.4
3690	GJ	1.2.5
3691	FL	4.11
3692	HK	3.2
3693	HK	3.3
3694	EG	14
3695	GK	3.2
3696	CK	1.1.2
3697	EF	3
3699	GW	5.1.1
3700	DV	7.1.1
3701	DV	7.1.2
3702	EG	5.1.8
3703	GK	2.3
3705	EG	5.1.9
3706	JG	3
3707	XBB	1.5.106
3708	XCN	
3709	FL	31
3710	FL	31.1
3711	FL	20.2
3712	FL	32
3713	FL	32.1
3714	FL	10.3
3715	FL	33
3716	FL	33.1
3717	FL	34
3718	FL	35
3719	JM	1
3720	JM	2
3721	GS	5
3723	EG	4.5
3724	CH	1.1.31
3725	JP	1
3726	CH	1.1.32
3728	JD	1.1.2
3729	XCP	
3731	GA	4.1.1
3732	FR	1.5
3733	EP	1.1
3734	EP	1.1.1
3735	HC	3
3736	FL	36
3737	HC	4
3738	FL	15.1
3740	FL	15.2
3741	FL	15.3
3743	JD	1.1.3
3744	JD	2
3745	GJ	1.2.6
3746	GJ	1.2.7
3747	JE	1.1
3748	GJ	1.2.8
3749	GJ	5
3750	GJ	5.1
3751	BA	2.86.2
3752	BA	2.86.3
3753	JQ	1
3754	JN	2
3755	JN	3
3756	GK	2.4
3757	HK	12
3758	EG	6.1.2
3759	HV	1.1
3760	HV	1.2
3761	HV	1.3
3762	HV	1.4
3763	HK	13
3764	HK	13.1
3765	HK	13.2
3766	HK	1.2
3767	HK	14
3768	HK	15
3769	EG	5.1.11
3770	JR	1
3771	JR	1.1
3772	GA	2.1
3773	GA	2.1.1
3774	GA	4.2
3775	GA	4.3
3776	GA	4.1.2
3777	HK	16
3778	HK	17
3779	HK	18
3780	HK	19
3782	JS	1
3783	JS	2
3784	XCQ	
3785	XBB	2.3.16
3786	XBB	2.3.17
3787	JD	2.1
3788	GW	5.2
3789	GW	5.3
3790	GW	5.3.1
3791	HW	1.2
3792	HW	1.3
3793	XBC	1.6.5
3794	JT	1
3796	GL	2
3797	GL	3
3799	XCR	
3800	GK	5
3801	GK	5.1
3802	GK	6
3803	GK	7
3804	GK	8
3805	GK	8.1
3806	GK	9
3807	GK	10
3808	GK	11
3809	GK	1.5
3810	GK	1.6
3811	GK	1.6.1
3812	GK	1.2.1
3813	GK	1.7
3814	GK	1.8
3815	GK	12
3818	XCS	
3820	FU	1.1
3822	HG	3
3823	HG	1.1
3824	XBB	2.3.18
3825	GS	6
3826	GS	4.1.1
3827	GS	7
3828	GS	7.1
3829	GS	8
3830	GJ	6
3831	GJ	7
3832	JU	1
3833	JV	1
3834	JV	2
3835	JC	2
3836	JC	3
3837	JC	4
3838	JC	5
3839	JC	6
3841	JW	1
3842	FL	30.1
3843	FL	13.2.1
3845	FL	13.4.1
3846	FL	13.5
3848	DV	7.1.3
3849	DV	7.1.4
3850	DV	7.1.5
3851	XCT	
3852	XBC	1.7.2
3854	FL	23.2
3856	XCU	
3857	HH	2.1
3858	HH	3
3859	HH	4
3860	HH	5
3861	HH	6
3862	HH	7
3863	HH	8
3864	HH	8.1
3865	GE	1.4
3866	GE	1.5
3867	GE	1.6
3869	JY	1
3870	JY	1.1
3871	JG	3.1
3872	HK	2.1
3873	HK	3.4
3874	HK	3.5
3875	HK	3.6
3876	HK	3.7
3877	HK	11.1
3878	FL	35.1
3879	GA	7
3880	GA	7.1
3881	GA	7.2
3882	GA	8
3883	GA	8.1
3884	GA	9
3885	GA	10
3886	XCV	
3888	XCW	
3890	JZ	1
3891	FD	5
3892	FD	5.1
3893	HE	2
3894	FE	1.1.5
3895	KA	1
3896	GN	1.2
3897	GN	1.3
3898	XCY	
3899	XCZ	
3900	FY	8
3901	FY	6.2
3902	FY	6.1
3903	FY	9
3904	FY	1.4
3905	FY	1.4.1
3906	FY	5.1
3907	FY	5.1.1
3908	HN	2
3909	HN	2.1
3910	HN	3
3911	HN	3.1
3912	HN	4
3914	HN	6
3915	GA	4.1.3
3916	XDA	
3917	XDB	
3918	XDC	
3919	HK	20
3920	HK	20.1
3921	JN	4
3922	JD	1.2.1
3923	HK	21
3924	XCT	1
3925	HK	22
3926	XBB	1.16.26
3927	JN	5
3928	JN	6
3929	JG	3.2
3930	JG	3.3
3931	GK	1.10
3932	JN	7
3933	JN	8
3934	JN	9
3935	JN	3.1
3936	HR	1.1
3937	XDD	
3938	JN	2.1
3939	JN	10
3941	JN	5.1
3942	JD	1.1.4
3943	HK	3.8
3944	HK	3.2.1
3945	FL	15.4
3946	HK	8.1
3947	XDE	
3948	KB	1
3949	XBB	1.16.27
3950	XDF	
3953	XDG	
3954	HK	3.2.2
3955	HK	3.9
3956	HK	23
3957	HK	23.1
3958	HK	23.1.1
3959	HK	24
3960	HK	24.1
3961	HK	3.10
3962	HK	25
3963	KC	1
3964	KC	1.1
3965	HK	26
3966	HK	26.1
3967	HK	27
3968	HK	27.1
3969	HK	27.1.1
3970	HK	28
3971	HK	29
3972	HK	30
3973	HK	31
3974	EG	5.1.12
3975	EG	5.1.13
3976	EG	5.1.14
3977	EG	5.1.15
3978	EG	5.1.16
3979	EG	5.1.17
3980	EG	5.1.18
3981	EG	5.1.19
3982	KB	2
3983	KB	3
3984	KB	4
3985	BA	2.86.5
3987	DV	7.1.6
3988	DV	7.1.7
3989	JB	1.1
3990	JR	1.1.1
3991	GY	1.1
3992	GY	1.1.1
3993	FY	8.1
3994	EG	10.1.1
3996	XDH	
3998	KD	1
3999	KD	2
4000	KD	3
4001	KD	4
4002	JP	1.1
4004	JN	1.2
4005	HV	1.5
4006	HV	1.6
4007	HV	1.6.1
4008	HV	1.7
4009	JD	1.1.5
4010	JD	1.1.6
4011	FY	5.2
4012	FY	5.3
4013	KE	1
4014	KE	2
4015	KE	3
4016	GY	9
4017	HK	3.11
4018	HK	3.12
4019	HK	3.13
4020	HK	32
4021	HK	33
4022	FY	5.4
4023	FY	5.5
4024	FY	5.5.1
4025	FY	8.1.1
4026	HK	34
4027	HK	34.1
4028	KF	1
4029	KF	2
4030	GA	10.1
4031	HV	2
4032	JD	1.1.7
4033	JD	1.1.8
4034	JD	1.2.2
4035	FY	1.2.1
4036	FY	1.2.2
4037	FY	1.2.3
4038	XBB	1.16.28
4039	JF	3
4040	XBB	1.16.29
4041	XBB	1.16.30
4042	XBB	1.16.31
4043	XDJ	
4044	XBB	1.5.108
4045	XCF	3
4046	XBB	1.5.109
4047	XBB	1.5.110
4048	XDA	1
4049	XBB	2.3.21
4050	XBB	2.3.22
4051	HN	7
4052	XDK	
4053	DV	7.1.8
4054	KG	1
4055	KG	2
4056	DV	7.1.9
4057	GE	1.2.1
4058	JG	3.4
4059	FL	38
4060	HN	4.1
4061	HN	4.1.1
4062	HN	4.2
4063	FL	39
4064	FL	39.1
4065	FL	40
4066	FL	24.1
4067	FL	1.8
4068	JE	1.1.1
4069	KH	1
4070	JF	1.1
4071	JF	1.1.1
4072	JF	1.1.2
4073	JF	4
4074	JN	1.3
4075	GK	1.8.1
4076	GK	1.11
4077	GK	1.11.1
4078	JW	1.1
4079	JC	5.1
4080	GN	1.4
4082	KJ	1
4083	FL	2.7
4084	FL	2.7.1
4085	XDL	
4086	HV	1.8
4087	HV	1.9
4088	HV	1.10
4089	JN	1.5
4090	XDD	1
4091	XDD	1.1
4092	XDD	2
4093	JN	2.2
4094	JN	2.3
4095	JN	2.4
4096	JN	2.5
4097	JN	1.1.2
4098	HN	8
4099	JN	1.1.3
4100	JN	1.6
4101	JN	1.6.1
4102	JN	1.7
4103	JN	1.8
4104	JN	1.8.1
4105	JN	1.9
4106	FW	1.1.1
4107	HK	3.14
4108	XDM	
4109	KK	1
4110	KK	2
4111	KL	1
4112	KL	1.1
4113	HV	1.11
4114	JN	1.10
4115	JN	1.11
4116	XDN	
4117	XDP	
4118	JN	3.2
4120	JN	11
4121	JN	1.12
4122	JN	12
4123	JN	1.11.1
4124	KM	1
4125	BA	2.87.1
4126	XDQ	
4127	GK	1.10.1
4128	XDR	
4129	JN	1.13
4130	JN	1.14
4131	JN	1.15
4132	JN	1.4.1
4133	JN	1.2.1
4134	JN	1.16
4135	JN	1.17
4136	JN	1.4.2
4137	BA	2.87
4138	JN	1.18
4139	JN	1.19
4140	JN	1.20
4141	XDS	
4142	JN	1.9.1
4143	JN	1.21
4144	JN	1.22
4145	JN	1.4.3
4146	XDT	
4147	HK	13.2.1
4148	KN	1
4149	KN	1.1
4150	JN	1.1.4
4151	JN	1.23
4152	KP	1
4153	JN	1.7.1
4154	JN	1.7.2
4155	KQ	1
4156	JN	1.13.1
4157	JN	1.1.5
4158	KR	1
4159	KP	1.1
4160	KP	2
4161	XDK	1
4162	JN	1.25
4163	JN	1.25.1
4164	XDQ	1
4165	JQ	2
4166	JN	13
4167	JN	13.1
4168	JN	1.1.6
4169	JN	1.26
4170	JN	1.27
4171	JN	1.4.4
4172	JN	1.8.2
4173	JN	1.28
4174	JN	1.1.7
4175	JN	1.24
4176	JN	1.29
4177	JN	1.4.5
4178	JN	1.18.1
4179	JN	1.30
4181	JN	1.31
4182	JN	1.16.1
4183	KS	1
4184	JN	1.4.6
4185	JN	1.32
\.


--
-- Data for Name: lineage_alias; Type: TABLE DATA; Schema: public; Owner: postgres
--

COPY public.lineage_alias (id, alias, parent_alias, lineage_id) FROM stdin;
1	A		\N
2	B		\N
3	C	\N	1
4	D	\N	2
5	G	\N	3
6	K	\N	4
7	L	\N	5
8	M	\N	6
9	N	\N	7
10	P	\N	8
11	Q	\N	9
12	R	\N	10
13	S	\N	11
14	U	\N	12
15	V	\N	13
16	W	\N	14
17	Y	\N	15
18	Z	\N	16
19	AA	\N	17
20	AB	\N	18
21	AC	\N	19
22	AD	\N	20
23	AE	\N	21
24	AF	\N	22
25	AG	\N	23
26	AH	\N	24
27	AJ	\N	25
28	AK	\N	26
29	AL	\N	27
30	AM	\N	28
31	AN	\N	29
32	AP	\N	30
33	AQ	\N	31
34	AS	\N	32
35	AT	\N	33
36	AU	\N	34
37	AV	\N	35
38	AW	\N	36
39	AY	\N	37
40	AZ	\N	38
41	BA	\N	39
42	BB	\N	40
43	BC	\N	41
44	BD	\N	42
45	BE	\N	43
46	BF	\N	44
47	BG	\N	45
48	BH	\N	46
49	BJ	\N	47
50	BK	\N	48
51	BL	\N	49
52	BM	\N	50
53	BN	\N	51
54	BP	\N	52
55	BQ	\N	53
56	BR	\N	54
57	BS	\N	55
58	BT	\N	56
59	BU	\N	57
60	BV	\N	58
61	BW	\N	59
62	BY	\N	60
63	BZ	\N	61
64	CA	\N	62
65	CB	\N	63
66	CC	\N	64
67	CD	\N	65
68	CE	\N	66
69	CF	\N	67
70	CG	\N	68
71	CH	\N	69
72	CJ	\N	70
73	CK	\N	71
74	CL	\N	72
75	CM	\N	73
76	CN	\N	74
77	CP	\N	75
78	CQ	\N	76
79	CR	\N	77
80	CS	\N	78
81	CT	\N	79
82	CU	\N	80
83	CV	\N	81
84	CW	\N	82
85	CY	\N	83
86	CZ	\N	84
87	DA	\N	85
88	DB	\N	86
89	DC	\N	87
90	DD	\N	88
91	DE	\N	89
92	DF	\N	90
93	DG	\N	91
94	DH	\N	92
95	DJ	\N	93
96	DK	\N	94
97	DL	\N	95
98	DM	\N	96
99	DN	\N	97
100	DP	\N	98
101	DQ	\N	99
102	DR	\N	100
103	DS	\N	101
104	DT	\N	102
105	DU	\N	103
106	DV	\N	104
107	DW	\N	105
108	DY	\N	106
109	DZ	\N	107
110	EA	\N	108
111	EB	\N	109
112	EC	\N	110
113	ED	\N	111
114	EE	\N	112
115	EF	\N	113
116	EG	\N	114
117	EH	\N	115
118	EJ	\N	116
119	EK	\N	117
120	EL	\N	118
121	EM	\N	119
122	EN	\N	120
123	EP	\N	121
124	EQ	\N	122
125	ER	\N	123
126	ES	\N	124
127	ET	\N	125
128	EU	\N	126
129	EV	\N	127
130	EW	\N	128
131	EY	\N	129
132	EZ	\N	130
133	FA	\N	131
134	FB	\N	132
135	FC	\N	133
136	FD	\N	134
137	FE	\N	135
138	FF	\N	136
139	FG	\N	137
140	FH	\N	138
141	FJ	\N	139
142	FK	\N	140
143	FL	\N	141
144	FM	\N	142
145	FN	\N	143
146	FP	\N	144
147	FQ	\N	145
148	FR	\N	146
149	FS	\N	147
150	FT	\N	148
151	FU	\N	149
152	FV	\N	150
153	FW	\N	151
154	FY	\N	152
155	FZ	\N	153
156	GA	\N	154
157	GB	\N	155
158	GC	\N	156
159	GD	\N	157
160	GE	\N	158
161	GF	\N	159
162	GG	\N	160
163	GH	\N	161
164	GJ	\N	162
165	GK	\N	163
166	GL	\N	164
167	GM	\N	165
168	GN	\N	166
169	GP	\N	167
170	GQ	\N	168
171	GR	\N	169
172	GS	\N	170
173	GT	\N	171
174	GU	\N	172
175	GV	\N	173
176	GW	\N	174
177	GY	\N	175
178	GZ	\N	176
179	HA	\N	177
180	HB	\N	178
181	HC	\N	179
182	HD	\N	180
183	HE	\N	181
184	HF	\N	182
185	HG	\N	183
186	HH	\N	184
187	HJ	\N	185
188	HK	\N	186
189	HL	\N	187
190	HM	\N	188
191	HN	\N	189
192	HP	\N	190
193	HQ	\N	191
194	HR	\N	192
195	HS	\N	193
196	HT	\N	194
197	HU	\N	195
198	HV	\N	196
199	HW	\N	197
200	HY	\N	198
201	HZ	\N	199
202	JA	\N	200
203	JB	\N	201
204	JC	\N	202
205	JD	\N	203
206	JE	\N	204
207	JF	\N	205
208	JG	\N	206
209	JH	\N	207
210	JJ	\N	208
211	JK	\N	209
212	JL	\N	210
213	JM	\N	211
214	JN	\N	212
215	JP	\N	213
216	JQ	\N	214
217	JR	\N	215
218	JS	\N	216
219	JT	\N	217
220	JU	\N	218
221	JV	\N	219
222	JW	\N	220
223	JY	\N	221
224	JZ	\N	222
225	KA	\N	223
226	KB	\N	224
227	KC	\N	225
228	KD	\N	226
229	KE	\N	227
230	KF	\N	228
231	KG	\N	229
232	KH	\N	230
233	KJ	\N	231
234	KK	\N	232
235	KL	\N	233
236	KM	\N	234
237	KN	\N	235
238	KP	\N	236
239	KQ	\N	237
240	KR	\N	238
241	KS	\N	239
242	XA	\N	9
243	XA	\N	240
244	XB	\N	241
245	XB	\N	242
246	XC	\N	243
247	XC	\N	9
248	XD	\N	244
249	XD	\N	245
250	XE	\N	245
251	XE	\N	246
252	XF	\N	244
253	XF	\N	245
254	XG	\N	245
255	XG	\N	246
256	XH	\N	245
257	XH	\N	246
258	XJ	\N	245
259	XJ	\N	246
260	XK	\N	245
261	XK	\N	246
262	XL	\N	245
263	XL	\N	246
264	XM	\N	247
265	XM	\N	246
266	XN	\N	245
267	XN	\N	246
268	XP	\N	247
269	XP	\N	246
270	XQ	\N	247
271	XQ	\N	246
272	XR	\N	247
273	XR	\N	246
274	XS	\N	244
275	XS	\N	247
276	XT	\N	246
277	XT	\N	245
278	XU	\N	245
279	XU	\N	246
280	XV	\N	245
281	XV	\N	246
282	XW	\N	245
283	XW	\N	246
284	XY	\N	245
285	XY	\N	246
286	XZ	\N	246
287	XZ	\N	245
288	XAA	\N	245
289	XAA	\N	246
290	XAB	\N	245
291	XAB	\N	246
292	XAC	\N	246
293	XAC	\N	245
295	XAD	\N	246
296	XAD	\N	245
297	XAE	\N	246
298	XAE	\N	245
299	XAF	\N	245
300	XAF	\N	246
301	XAG	\N	245
302	XAG	\N	246
303	XAH	\N	246
304	XAH	\N	245
305	XAJ	\N	248
306	XAJ	\N	249
307	XAK	\N	246
308	XAK	\N	245
310	XAL	\N	245
311	XAL	\N	246
312	XAM	\N	250
313	XAM	\N	251
314	XAN	\N	246
315	XAN	\N	252
316	XAP	\N	246
317	XAP	\N	245
318	XAQ	\N	245
319	XAQ	\N	246
320	XAR	\N	245
321	XAR	\N	246
322	XAS	\N	253
323	XAS	\N	246
324	XAT	\N	254
325	XAT	\N	245
326	XAU	\N	247
327	XAU	\N	255
328	XAV	\N	246
329	XAV	\N	253
330	XAW	\N	246
331	XAW	\N	256
332	XAY	\N	246
333	XAY	\N	257
337	XAZ	\N	258
338	XAZ	\N	259
340	XBA	\N	246
341	XBA	\N	257
345	XBB	\N	260
346	XBB	\N	261
347	XBC	\N	246
348	XBC	\N	244
351	XBD	\N	262
352	XBD	\N	263
353	XBE	\N	264
354	XBE	\N	265
355	XBF	\N	266
356	XBF	\N	267
357	XBG	\N	268
358	XBG	\N	264
359	XBH	\N	269
360	XBH	\N	262
361	XBJ	\N	270
362	XBJ	\N	264
363	XBK	\N	264
364	XBK	\N	267
365	XBL	\N	271
366	XBL	\N	272
368	XBM	\N	268
369	XBM	\N	273
370	XBN	\N	274
371	XBN	\N	275
372	XBP	\N	272
373	XBP	\N	276
374	XBQ	\N	264
375	XBQ	\N	267
376	XBR	\N	274
377	XBR	\N	277
378	XBS	\N	274
379	XBS	\N	277
380	XBT	\N	278
381	XBT	\N	274
383	XBU	\N	279
384	XBU	\N	277
386	XBV	\N	280
387	XBV	\N	281
388	XBW	\N	282
389	XBW	\N	283
390	XBY	\N	284
391	XBY	XBF	\N
392	XBZ	\N	285
393	XBZ	\N	286
394	XCA	\N	272
395	XCA	\N	276
396	XCB	\N	287
397	XCB	\N	288
398	XCC	\N	289
399	XCC	\N	141
400	XCD	\N	290
401	XCD	\N	291
402	XCE	\N	276
403	XCE	\N	292
404	XCF	XBB*	\N
405	XCF	\N	293
406	XCG	\N	285
407	XCG	\N	281
408	XCH	\N	294
409	XCH	\N	295
411	XCJ	\N	296
412	XCJ	\N	297
414	XCK	\N	298
415	XCK	\N	299
416	XCL	XBB*	\N
417	XCL	\N	300
418	XCM	\N	301
419	XCM	\N	302
420	XCN	\N	303
421	XCN	\N	304
422	XCP	\N	305
423	XCP	\N	306
424	XCQ	\N	301
425	XCQ	\N	282
426	XCR	\N	307
427	XCR	\N	308
428	XCS	\N	309
429	XCS	\N	310
430	XCT	\N	311
431	XCT	\N	302
433	XCU	\N	312
434	XCU	\N	313
435	XCV	\N	314
436	XCV	\N	315
438	XCW	\N	316
439	XCW	\N	211
440	XCY	\N	315
441	XCY	\N	317
442	XCZ	\N	304
443	XCZ	\N	318
444	XDA	\N	319
445	XDA	\N	320
446	XDB	\N	314
447	XDB	XBB	\N
448	XDC	\N	321
449	XDC	\N	319
450	XDD	\N	304
451	XDD	\N	322
453	XDE	\N	323
454	XDE	\N	324
455	XDF	XBB*	\N
456	XDF	\N	315
457	XDG	\N	325
458	XDG	\N	326
459	XDH	\N	327
460	XDH	\N	141
461	XDJ	\N	205
462	XDJ	\N	328
463	XDK	\N	329
464	XDK	\N	330
465	XDL	\N	304
466	XDL	XBB*	\N
467	XDM	XDA	\N
468	XDM	\N	331
470	XDN	\N	332
471	XDN	\N	333
472	XDP	\N	334
473	XDP	\N	335
474	XDQ	\N	336
475	XDQ	\N	337
476	XDR	\N	338
477	XDR	\N	332
478	XDS	\N	315
479	XDS	\N	339
481	XDT	\N	340
482	XDT	\N	341
\.


--
-- Data for Name: mutation; Type: TABLE DATA; Schema: public; Owner: postgres
--

COPY public.mutation (id, ref, alt, start, "end", parent_id, gene_id, type, replicon_id) FROM stdin;
1	ATTAAAGGTTTATACCTTCCCAGGTAACAAA	\N	0	31	\N	\N	nt	1
2	G	T	209	210	\N	\N	nt	1
3	C	T	240	241	\N	\N	nt	1
4	A	G	1740	1741	\N	\N	nt	1
5	C	T	3036	3037	\N	\N	nt	1
6	G	T	4180	4181	\N	\N	nt	1
7	C	T	6401	6402	\N	\N	nt	1
8	C	T	7123	7124	\N	\N	nt	1
9	C	T	7850	7851	\N	\N	nt	1
10	A	N	7965	7966	\N	\N	nt	1
11	C	T	8985	8986	\N	\N	nt	1
12	G	T	9052	9053	\N	\N	nt	1
13	T	N	9627	9628	\N	\N	nt	1
14	T	N	9628	9629	\N	\N	nt	1
15	C	T	10028	10029	\N	\N	nt	1
16	C	T	11198	11199	\N	\N	nt	1
17	A	G	11200	11201	\N	\N	nt	1
18	A	G	11331	11332	\N	\N	nt	1
19	C	T	11746	11747	\N	\N	nt	1
20	C	T	14407	14408	\N	\N	nt	1
21	G	A	15450	15451	\N	\N	nt	1
22	C	T	16465	16466	\N	\N	nt	1
23	A	R	18584	18585	\N	\N	nt	1
24	G	T	18588	18589	\N	\N	nt	1
25	C	S	18590	18591	\N	\N	nt	1
26	G	K	18595	18596	\N	\N	nt	1
27	T	K	18606	18607	\N	\N	nt	1
28	G	K	18633	18634	\N	\N	nt	1
29	C	T	19219	19220	\N	\N	nt	1
30	T	N	20525	20526	\N	\N	nt	1
31	C	G	21617	21618	\N	\N	nt	1
32	G	A	21986	21987	\N	\N	nt	1
33	AGTTCA	\N	22028	22034	\N	\N	nt	1
34	T	G	22916	22917	\N	\N	nt	1
35	C	A	22994	22995	\N	\N	nt	1
36	A	G	23402	23403	\N	\N	nt	1
37	C	G	23603	23604	\N	\N	nt	1
38	G	A	24409	24410	\N	\N	nt	1
39	G	A	24841	24842	\N	\N	nt	1
40	C	T	24864	24865	\N	\N	nt	1
41	A	T	25449	25450	\N	\N	nt	1
42	C	T	25468	25469	\N	\N	nt	1
43	A	M	25767	25768	\N	\N	nt	1
44	T	C	26766	26767	\N	\N	nt	1
45	G	N	27477	27478	\N	\N	nt	1
46	T	N	27478	27479	\N	\N	nt	1
47	A	N	27479	27480	\N	\N	nt	1
48	C	N	27480	27481	\N	\N	nt	1
49	T	N	27481	27482	\N	\N	nt	1
50	T	N	27482	27483	\N	\N	nt	1
51	T	N	27483	27484	\N	\N	nt	1
52	T	N	27484	27485	\N	\N	nt	1
53	A	N	27485	27486	\N	\N	nt	1
54	A	N	27486	27487	\N	\N	nt	1
55	A	N	27487	27488	\N	\N	nt	1
56	A	N	27488	27489	\N	\N	nt	1
57	G	N	27489	27490	\N	\N	nt	1
58	A	N	27490	27491	\N	\N	nt	1
59	A	N	27491	27492	\N	\N	nt	1
60	C	N	27492	27493	\N	\N	nt	1
61	C	N	27493	27494	\N	\N	nt	1
62	T	N	27494	27495	\N	\N	nt	1
63	T	N	27495	27496	\N	\N	nt	1
64	G	N	27496	27497	\N	\N	nt	1
65	C	N	27497	27498	\N	\N	nt	1
66	T	N	27498	27499	\N	\N	nt	1
67	C	N	27499	27500	\N	\N	nt	1
68	T	N	27500	27501	\N	\N	nt	1
69	T	N	27501	27502	\N	\N	nt	1
70	C	N	27502	27503	\N	\N	nt	1
71	T	N	27503	27504	\N	\N	nt	1
72	G	N	27504	27505	\N	\N	nt	1
73	G	N	27505	27506	\N	\N	nt	1
74	A	N	27506	27507	\N	\N	nt	1
75	A	N	27507	27508	\N	\N	nt	1
76	C	N	27508	27509	\N	\N	nt	1
77	A	N	27509	27510	\N	\N	nt	1
78	T	N	27510	27511	\N	\N	nt	1
79	A	N	27511	27512	\N	\N	nt	1
80	C	N	27512	27513	\N	\N	nt	1
81	G	N	27513	27514	\N	\N	nt	1
82	A	N	27514	27515	\N	\N	nt	1
83	G	N	27515	27516	\N	\N	nt	1
84	G	N	27516	27517	\N	\N	nt	1
85	G	N	27517	27518	\N	\N	nt	1
86	C	N	27518	27519	\N	\N	nt	1
87	A	N	27519	27520	\N	\N	nt	1
88	A	N	27520	27521	\N	\N	nt	1
89	T	N	27521	27522	\N	\N	nt	1
90	T	N	27522	27523	\N	\N	nt	1
91	C	N	27523	27524	\N	\N	nt	1
92	A	N	27524	27525	\N	\N	nt	1
93	C	N	27525	27526	\N	\N	nt	1
94	C	N	27526	27527	\N	\N	nt	1
95	A	N	27527	27528	\N	\N	nt	1
96	T	N	27528	27529	\N	\N	nt	1
97	T	N	27529	27530	\N	\N	nt	1
98	T	N	27530	27531	\N	\N	nt	1
99	C	N	27531	27532	\N	\N	nt	1
100	A	N	27532	27533	\N	\N	nt	1
101	T	N	27533	27534	\N	\N	nt	1
102	C	N	27534	27535	\N	\N	nt	1
103	C	N	27535	27536	\N	\N	nt	1
104	T	N	27536	27537	\N	\N	nt	1
105	C	N	27537	27538	\N	\N	nt	1
106	T	N	27538	27539	\N	\N	nt	1
107	A	N	27539	27540	\N	\N	nt	1
108	G	N	27540	27541	\N	\N	nt	1
109	C	N	27541	27542	\N	\N	nt	1
110	T	N	27542	27543	\N	\N	nt	1
111	G	N	27543	27544	\N	\N	nt	1
112	A	N	27544	27545	\N	\N	nt	1
113	T	N	27545	27546	\N	\N	nt	1
114	A	N	27546	27547	\N	\N	nt	1
115	A	N	27547	27548	\N	\N	nt	1
116	C	N	27548	27549	\N	\N	nt	1
117	A	N	27549	27550	\N	\N	nt	1
118	A	N	27550	27551	\N	\N	nt	1
119	A	N	27551	27552	\N	\N	nt	1
120	T	N	27552	27553	\N	\N	nt	1
121	T	N	27553	27554	\N	\N	nt	1
122	T	N	27554	27555	\N	\N	nt	1
123	G	N	27555	27556	\N	\N	nt	1
124	C	N	27556	27557	\N	\N	nt	1
125	A	N	27557	27558	\N	\N	nt	1
126	C	N	27558	27559	\N	\N	nt	1
127	T	N	27559	27560	\N	\N	nt	1
128	G	N	27560	27561	\N	\N	nt	1
129	A	N	27561	27562	\N	\N	nt	1
130	C	N	27562	27563	\N	\N	nt	1
131	T	N	27563	27564	\N	\N	nt	1
132	T	N	27564	27565	\N	\N	nt	1
133	G	N	27565	27566	\N	\N	nt	1
134	C	N	27566	27567	\N	\N	nt	1
135	T	N	27567	27568	\N	\N	nt	1
136	T	N	27568	27569	\N	\N	nt	1
137	T	N	27569	27570	\N	\N	nt	1
138	A	N	27570	27571	\N	\N	nt	1
139	G	N	27571	27572	\N	\N	nt	1
140	C	N	27572	27573	\N	\N	nt	1
141	A	N	27573	27574	\N	\N	nt	1
142	C	N	27574	27575	\N	\N	nt	1
143	T	N	27575	27576	\N	\N	nt	1
144	C	N	27576	27577	\N	\N	nt	1
145	A	N	27577	27578	\N	\N	nt	1
146	A	N	27578	27579	\N	\N	nt	1
147	T	N	27579	27580	\N	\N	nt	1
148	T	N	27580	27581	\N	\N	nt	1
149	T	N	27581	27582	\N	\N	nt	1
150	G	N	27582	27583	\N	\N	nt	1
151	C	N	27583	27584	\N	\N	nt	1
152	T	N	27584	27585	\N	\N	nt	1
153	T	N	27585	27586	\N	\N	nt	1
154	T	N	27586	27587	\N	\N	nt	1
155	T	N	27587	27588	\N	\N	nt	1
156	G	N	27588	27589	\N	\N	nt	1
157	C	N	27589	27590	\N	\N	nt	1
158	T	N	27590	27591	\N	\N	nt	1
159	T	N	27591	27592	\N	\N	nt	1
160	G	N	27592	27593	\N	\N	nt	1
161	T	N	27593	27594	\N	\N	nt	1
162	C	N	27594	27595	\N	\N	nt	1
163	C	N	27595	27596	\N	\N	nt	1
164	T	N	27596	27597	\N	\N	nt	1
165	G	N	27597	27598	\N	\N	nt	1
166	A	N	27598	27599	\N	\N	nt	1
167	C	N	27599	27600	\N	\N	nt	1
168	G	N	27600	27601	\N	\N	nt	1
169	G	N	27601	27602	\N	\N	nt	1
170	C	N	27602	27603	\N	\N	nt	1
171	G	N	27603	27604	\N	\N	nt	1
172	T	N	27604	27605	\N	\N	nt	1
173	A	N	27605	27606	\N	\N	nt	1
174	A	N	27606	27607	\N	\N	nt	1
175	A	N	27607	27608	\N	\N	nt	1
176	A	N	27608	27609	\N	\N	nt	1
177	C	N	27609	27610	\N	\N	nt	1
178	A	N	27610	27611	\N	\N	nt	1
179	C	N	27611	27612	\N	\N	nt	1
180	G	N	27612	27613	\N	\N	nt	1
181	T	N	27613	27614	\N	\N	nt	1
182	C	N	27614	27615	\N	\N	nt	1
183	T	N	27615	27616	\N	\N	nt	1
184	A	N	27616	27617	\N	\N	nt	1
185	T	N	27617	27618	\N	\N	nt	1
186	C	N	27618	27619	\N	\N	nt	1
187	A	N	27619	27620	\N	\N	nt	1
188	G	N	27620	27621	\N	\N	nt	1
189	T	N	27621	27622	\N	\N	nt	1
190	T	N	27622	27623	\N	\N	nt	1
191	A	N	27623	27624	\N	\N	nt	1
192	C	N	27624	27625	\N	\N	nt	1
193	G	N	27625	27626	\N	\N	nt	1
194	T	N	27626	27627	\N	\N	nt	1
195	G	N	27627	27628	\N	\N	nt	1
196	C	N	27628	27629	\N	\N	nt	1
197	C	N	27629	27630	\N	\N	nt	1
198	A	N	27630	27631	\N	\N	nt	1
199	G	N	27631	27632	\N	\N	nt	1
200	A	N	27632	27633	\N	\N	nt	1
201	T	N	27633	27634	\N	\N	nt	1
202	C	N	27634	27635	\N	\N	nt	1
203	A	N	27635	27636	\N	\N	nt	1
204	G	N	27636	27637	\N	\N	nt	1
205	T	N	27637	27638	\N	\N	nt	1
206	T	N	27638	27639	\N	\N	nt	1
207	T	N	27639	27640	\N	\N	nt	1
208	C	N	27640	27641	\N	\N	nt	1
209	A	N	27641	27642	\N	\N	nt	1
210	C	N	27642	27643	\N	\N	nt	1
211	C	N	27643	27644	\N	\N	nt	1
212	T	N	27644	27645	\N	\N	nt	1
213	A	N	27645	27646	\N	\N	nt	1
214	A	N	27646	27647	\N	\N	nt	1
215	A	N	27647	27648	\N	\N	nt	1
216	C	N	27648	27649	\N	\N	nt	1
217	T	N	27649	27650	\N	\N	nt	1
218	G	N	27650	27651	\N	\N	nt	1
219	T	N	27651	27652	\N	\N	nt	1
220	T	N	27652	27653	\N	\N	nt	1
221	C	N	27653	27654	\N	\N	nt	1
222	A	N	27654	27655	\N	\N	nt	1
223	T	N	27655	27656	\N	\N	nt	1
224	C	N	27656	27657	\N	\N	nt	1
225	A	N	27657	27658	\N	\N	nt	1
226	G	N	27658	27659	\N	\N	nt	1
227	A	N	27659	27660	\N	\N	nt	1
228	C	N	27660	27661	\N	\N	nt	1
229	A	N	27661	27662	\N	\N	nt	1
230	A	N	27662	27663	\N	\N	nt	1
231	G	N	27663	27664	\N	\N	nt	1
232	A	N	27664	27665	\N	\N	nt	1
233	G	N	27665	27666	\N	\N	nt	1
234	G	N	27666	27667	\N	\N	nt	1
235	A	N	27667	27668	\N	\N	nt	1
236	A	N	27668	27669	\N	\N	nt	1
237	G	N	27669	27670	\N	\N	nt	1
238	T	N	27670	27671	\N	\N	nt	1
239	T	N	27671	27672	\N	\N	nt	1
240	C	N	27672	27673	\N	\N	nt	1
241	A	N	27673	27674	\N	\N	nt	1
242	A	N	27674	27675	\N	\N	nt	1
243	G	N	27675	27676	\N	\N	nt	1
244	A	N	27676	27677	\N	\N	nt	1
245	A	N	27677	27678	\N	\N	nt	1
246	C	N	27678	27679	\N	\N	nt	1
247	T	N	27679	27680	\N	\N	nt	1
248	T	N	27680	27681	\N	\N	nt	1
249	T	N	27681	27682	\N	\N	nt	1
250	A	N	27682	27683	\N	\N	nt	1
251	C	N	27683	27684	\N	\N	nt	1
252	T	N	27684	27685	\N	\N	nt	1
253	C	N	27685	27686	\N	\N	nt	1
254	T	N	27686	27687	\N	\N	nt	1
255	C	N	27687	27688	\N	\N	nt	1
256	C	N	27688	27689	\N	\N	nt	1
257	A	N	27689	27690	\N	\N	nt	1
258	A	N	27690	27691	\N	\N	nt	1
259	T	N	27691	27692	\N	\N	nt	1
260	T	N	27692	27693	\N	\N	nt	1
261	T	N	27693	27694	\N	\N	nt	1
262	T	N	27694	27695	\N	\N	nt	1
263	T	N	27695	27696	\N	\N	nt	1
264	C	N	27696	27697	\N	\N	nt	1
265	T	N	27697	27698	\N	\N	nt	1
266	T	N	27698	27699	\N	\N	nt	1
267	A	N	27699	27700	\N	\N	nt	1
268	T	N	27700	27701	\N	\N	nt	1
269	T	N	27701	27702	\N	\N	nt	1
270	G	N	27702	27703	\N	\N	nt	1
271	T	N	27703	27704	\N	\N	nt	1
272	T	N	27704	27705	\N	\N	nt	1
273	G	N	27705	27706	\N	\N	nt	1
274	C	N	27706	27707	\N	\N	nt	1
275	G	N	27707	27708	\N	\N	nt	1
276	G	N	27708	27709	\N	\N	nt	1
277	C	N	27709	27710	\N	\N	nt	1
278	A	N	27710	27711	\N	\N	nt	1
279	A	N	27711	27712	\N	\N	nt	1
280	T	N	27712	27713	\N	\N	nt	1
281	A	N	27713	27714	\N	\N	nt	1
282	G	N	27714	27715	\N	\N	nt	1
283	T	N	27715	27716	\N	\N	nt	1
284	G	N	27716	27717	\N	\N	nt	1
285	T	N	27717	27718	\N	\N	nt	1
286	T	N	27718	27719	\N	\N	nt	1
287	T	N	27719	27720	\N	\N	nt	1
288	A	N	27720	27721	\N	\N	nt	1
289	T	N	27721	27722	\N	\N	nt	1
290	A	N	27722	27723	\N	\N	nt	1
291	A	N	27723	27724	\N	\N	nt	1
292	C	N	27724	27725	\N	\N	nt	1
293	A	N	27725	27726	\N	\N	nt	1
294	C	N	27726	27727	\N	\N	nt	1
295	T	N	27727	27728	\N	\N	nt	1
296	T	N	27728	27729	\N	\N	nt	1
297	T	N	27729	27730	\N	\N	nt	1
298	G	N	27730	27731	\N	\N	nt	1
299	C	N	27731	27732	\N	\N	nt	1
300	T	N	27732	27733	\N	\N	nt	1
301	T	N	27733	27734	\N	\N	nt	1
302	C	N	27734	27735	\N	\N	nt	1
303	A	N	27735	27736	\N	\N	nt	1
304	C	N	27736	27737	\N	\N	nt	1
305	A	N	27737	27738	\N	\N	nt	1
306	C	N	27738	27739	\N	\N	nt	1
307	T	N	27739	27740	\N	\N	nt	1
308	C	N	27740	27741	\N	\N	nt	1
309	A	N	27741	27742	\N	\N	nt	1
310	A	N	27742	27743	\N	\N	nt	1
311	A	N	27743	27744	\N	\N	nt	1
312	A	N	27744	27745	\N	\N	nt	1
313	G	N	27745	27746	\N	\N	nt	1
314	A	N	27746	27747	\N	\N	nt	1
315	A	N	27747	27748	\N	\N	nt	1
316	A	N	27748	27749	\N	\N	nt	1
317	G	N	27749	27750	\N	\N	nt	1
318	A	N	27750	27751	\N	\N	nt	1
319	C	N	27751	27752	\N	\N	nt	1
320	A	N	27752	27753	\N	\N	nt	1
321	G	N	27753	27754	\N	\N	nt	1
322	A	N	27754	27755	\N	\N	nt	1
323	T	N	27814	27815	\N	\N	nt	1
324	G	N	27815	27816	\N	\N	nt	1
325	T	N	27816	27817	\N	\N	nt	1
326	T	N	27817	27818	\N	\N	nt	1
327	T	N	27818	27819	\N	\N	nt	1
328	T	N	27819	27820	\N	\N	nt	1
329	A	N	27820	27821	\N	\N	nt	1
330	A	N	27821	27822	\N	\N	nt	1
331	T	N	27822	27823	\N	\N	nt	1
332	T	N	27823	27824	\N	\N	nt	1
333	A	N	27824	27825	\N	\N	nt	1
334	T	N	27825	27826	\N	\N	nt	1
335	G	N	27826	27827	\N	\N	nt	1
336	C	N	27827	27828	\N	\N	nt	1
337	T	N	27828	27829	\N	\N	nt	1
338	T	N	27829	27830	\N	\N	nt	1
339	A	N	27830	27831	\N	\N	nt	1
340	T	N	27831	27832	\N	\N	nt	1
341	T	N	27832	27833	\N	\N	nt	1
342	A	N	27833	27834	\N	\N	nt	1
343	T	N	27834	27835	\N	\N	nt	1
344	C	T	27873	27874	\N	\N	nt	1
345	A	N	28095	28096	\N	\N	nt	1
346	A	N	28144	28145	\N	\N	nt	1
347	T	N	28147	28148	\N	\N	nt	1
348	A	N	28168	28169	\N	\N	nt	1
349	T	N	28183	28184	\N	\N	nt	1
350	C	N	28184	28185	\N	\N	nt	1
351	T	N	28185	28186	\N	\N	nt	1
352	T	N	28186	28187	\N	\N	nt	1
353	G	N	28187	28188	\N	\N	nt	1
354	T	N	28188	28189	\N	\N	nt	1
355	A	N	28189	28190	\N	\N	nt	1
356	G	N	28190	28191	\N	\N	nt	1
357	T	N	28191	28192	\N	\N	nt	1
358	G	N	28192	28193	\N	\N	nt	1
359	C	N	28193	28194	\N	\N	nt	1
360	G	N	28194	28195	\N	\N	nt	1
361	T	N	28195	28196	\N	\N	nt	1
362	T	N	28196	28197	\N	\N	nt	1
363	G	N	28197	28198	\N	\N	nt	1
364	T	N	28198	28199	\N	\N	nt	1
365	T	N	28199	28200	\N	\N	nt	1
366	C	N	28200	28201	\N	\N	nt	1
367	G	N	28201	28202	\N	\N	nt	1
368	T	N	28202	28203	\N	\N	nt	1
369	T	N	28203	28204	\N	\N	nt	1
370	C	N	28204	28205	\N	\N	nt	1
371	T	N	28205	28206	\N	\N	nt	1
372	A	N	28206	28207	\N	\N	nt	1
373	T	N	28207	28208	\N	\N	nt	1
374	G	N	28208	28209	\N	\N	nt	1
375	A	N	28209	28210	\N	\N	nt	1
376	A	N	28210	28211	\N	\N	nt	1
377	G	N	28211	28212	\N	\N	nt	1
378	A	N	28212	28213	\N	\N	nt	1
379	C	N	28213	28214	\N	\N	nt	1
380	T	N	28214	28215	\N	\N	nt	1
381	T	N	28215	28216	\N	\N	nt	1
382	T	N	28216	28217	\N	\N	nt	1
383	T	N	28217	28218	\N	\N	nt	1
384	T	N	28218	28219	\N	\N	nt	1
385	A	N	28219	28220	\N	\N	nt	1
386	G	N	28220	28221	\N	\N	nt	1
387	A	N	28221	28222	\N	\N	nt	1
388	G	N	28222	28223	\N	\N	nt	1
389	T	N	28223	28224	\N	\N	nt	1
390	A	N	28224	28225	\N	\N	nt	1
391	T	N	28225	28226	\N	\N	nt	1
392	C	N	28226	28227	\N	\N	nt	1
393	A	N	28227	28228	\N	\N	nt	1
394	T	N	28228	28229	\N	\N	nt	1
395	G	N	28229	28230	\N	\N	nt	1
396	A	N	28230	28231	\N	\N	nt	1
397	C	N	28231	28232	\N	\N	nt	1
398	G	N	28232	28233	\N	\N	nt	1
399	T	N	28233	28234	\N	\N	nt	1
400	T	N	28234	28235	\N	\N	nt	1
401	C	N	28235	28236	\N	\N	nt	1
402	G	N	28236	28237	\N	\N	nt	1
403	T	N	28237	28238	\N	\N	nt	1
404	G	N	28238	28239	\N	\N	nt	1
405	T	N	28239	28240	\N	\N	nt	1
406	T	N	28240	28241	\N	\N	nt	1
407	G	N	28241	28242	\N	\N	nt	1
408	T	N	28242	28243	\N	\N	nt	1
409	T	N	28243	28244	\N	\N	nt	1
410	T	N	28244	28245	\N	\N	nt	1
411	T	N	28245	28246	\N	\N	nt	1
412	A	N	28246	28247	\N	\N	nt	1
413	G	N	28247	28248	\N	\N	nt	1
414	A	N	28248	28249	\N	\N	nt	1
415	T	N	28249	28250	\N	\N	nt	1
416	T	N	28250	28251	\N	\N	nt	1
417	T	N	28251	28252	\N	\N	nt	1
418	C	N	28252	28253	\N	\N	nt	1
419	A	N	28253	28254	\N	\N	nt	1
420	T	N	28254	28255	\N	\N	nt	1
421	C	N	28255	28256	\N	\N	nt	1
422	T	N	28256	28257	\N	\N	nt	1
423	A	N	28257	28258	\N	\N	nt	1
424	A	N	28258	28259	\N	\N	nt	1
425	A	N	28259	28260	\N	\N	nt	1
426	C	N	28260	28261	\N	\N	nt	1
427	G	N	28261	28262	\N	\N	nt	1
428	A	N	28262	28263	\N	\N	nt	1
429	A	N	28263	28264	\N	\N	nt	1
430	C	N	28264	28265	\N	\N	nt	1
431	A	N	28265	28266	\N	\N	nt	1
432	A	N	28266	28267	\N	\N	nt	1
433	A	N	28267	28268	\N	\N	nt	1
434	C	N	28268	28269	\N	\N	nt	1
435	T	N	28269	28270	\N	\N	nt	1
436	A	N	28270	28271	\N	\N	nt	1
437	A	N	28271	28272	\N	\N	nt	1
438	C	N	28309	28310	\N	\N	nt	1
439	C	N	28310	28311	\N	\N	nt	1
440	C	N	28311	28312	\N	\N	nt	1
441	C	N	28312	28313	\N	\N	nt	1
442	G	N	28313	28314	\N	\N	nt	1
443	C	N	28314	28315	\N	\N	nt	1
444	A	N	28315	28316	\N	\N	nt	1
445	T	N	28316	28317	\N	\N	nt	1
446	T	N	28317	28318	\N	\N	nt	1
447	A	N	28318	28319	\N	\N	nt	1
448	C	N	28319	28320	\N	\N	nt	1
449	G	N	28320	28321	\N	\N	nt	1
450	T	N	28321	28322	\N	\N	nt	1
451	T	N	28322	28323	\N	\N	nt	1
452	T	N	28323	28324	\N	\N	nt	1
453	G	N	28324	28325	\N	\N	nt	1
454	G	N	28325	28326	\N	\N	nt	1
455	T	N	28326	28327	\N	\N	nt	1
456	G	N	28327	28328	\N	\N	nt	1
457	G	N	28328	28329	\N	\N	nt	1
458	A	N	28329	28330	\N	\N	nt	1
459	C	N	28330	28331	\N	\N	nt	1
460	C	N	28331	28332	\N	\N	nt	1
461	C	N	28332	28333	\N	\N	nt	1
462	T	N	28333	28334	\N	\N	nt	1
463	C	N	28334	28335	\N	\N	nt	1
464	A	N	28335	28336	\N	\N	nt	1
465	G	N	28336	28337	\N	\N	nt	1
466	A	N	28337	28338	\N	\N	nt	1
467	T	N	28338	28339	\N	\N	nt	1
468	T	N	28339	28340	\N	\N	nt	1
469	C	N	28340	28341	\N	\N	nt	1
470	A	N	28341	28342	\N	\N	nt	1
471	A	N	28342	28343	\N	\N	nt	1
472	C	N	28343	28344	\N	\N	nt	1
473	T	N	28344	28345	\N	\N	nt	1
474	G	N	28345	28346	\N	\N	nt	1
475	G	N	28346	28347	\N	\N	nt	1
476	C	N	28347	28348	\N	\N	nt	1
477	A	N	28348	28349	\N	\N	nt	1
478	G	N	28349	28350	\N	\N	nt	1
479	T	N	28350	28351	\N	\N	nt	1
480	A	N	28351	28352	\N	\N	nt	1
481	A	N	28352	28353	\N	\N	nt	1
482	C	N	28353	28354	\N	\N	nt	1
483	C	N	28354	28355	\N	\N	nt	1
484	A	N	28355	28356	\N	\N	nt	1
485	G	N	28356	28357	\N	\N	nt	1
486	A	N	28357	28358	\N	\N	nt	1
487	A	N	28358	28359	\N	\N	nt	1
488	T	N	28359	28360	\N	\N	nt	1
489	G	N	28360	28361	\N	\N	nt	1
490	G	N	28361	28362	\N	\N	nt	1
491	A	N	28362	28363	\N	\N	nt	1
492	G	N	28363	28364	\N	\N	nt	1
493	A	N	28364	28365	\N	\N	nt	1
494	A	N	28365	28366	\N	\N	nt	1
495	C	N	28366	28367	\N	\N	nt	1
496	G	N	28367	28368	\N	\N	nt	1
497	C	N	28368	28369	\N	\N	nt	1
498	A	N	28369	28370	\N	\N	nt	1
499	G	N	28370	28371	\N	\N	nt	1
500	T	N	28371	28372	\N	\N	nt	1
501	G	N	28372	28373	\N	\N	nt	1
502	G	N	28373	28374	\N	\N	nt	1
503	G	N	28374	28375	\N	\N	nt	1
504	G	N	28375	28376	\N	\N	nt	1
505	C	N	28376	28377	\N	\N	nt	1
506	G	N	28377	28378	\N	\N	nt	1
507	C	N	28378	28379	\N	\N	nt	1
508	G	N	28379	28380	\N	\N	nt	1
509	A	N	28380	28381	\N	\N	nt	1
510	T	N	28381	28382	\N	\N	nt	1
511	C	N	28382	28383	\N	\N	nt	1
512	A	N	28383	28384	\N	\N	nt	1
513	A	N	28384	28385	\N	\N	nt	1
514	A	N	28385	28386	\N	\N	nt	1
515	A	N	28386	28387	\N	\N	nt	1
516	C	N	28387	28388	\N	\N	nt	1
517	A	N	28388	28389	\N	\N	nt	1
518	A	N	28389	28390	\N	\N	nt	1
519	C	N	28390	28391	\N	\N	nt	1
520	A	G	28460	28461	\N	\N	nt	1
521	G	T	28880	28881	\N	\N	nt	1
522	G	T	28915	28916	\N	\N	nt	1
523	T	C	29205	29206	\N	\N	nt	1
524	G	T	29401	29402	\N	\N	nt	1
525	G	A	29702	29703	\N	\N	nt	1
526	AGAGCCACCACATTTTCACCGAGGCCACGCGGAGTACGATCGAGTGTACAGTGAACAATGCTAGGGAGAGCTGCCTATATGGAAGAGCCCTAATGTGTAAAATTAATTTTAGTAGTGCTATCCCCATGTGATTTTAATAGCTTCTTAGGAGAATGACAAAAAAAAAAAAAAAAAAAAAAAAAAAAAAAAA	\N	29713	29903	\N	\N	nt	1
527	A	S	1305	1306	\N	1	cds	1
528	P	L	2045	2046	\N	1	cds	1
529	P	S	2286	2287	\N	1	cds	1
530	A	V	2528	2529	\N	1	cds	1
531	Q	X	2566	2567	\N	1	cds	1
532	V	L	2929	2930	\N	1	cds	1
533	F	X	3121	3122	\N	1	cds	1
534	T	I	3254	3255	\N	1	cds	1
535	A	V	3644	3645	\N	1	cds	1
536	T	A	3645	3646	\N	1	cds	1
537	P	L	4714	4715	\N	1	cds	1
538	G	S	5062	5063	\N	1	cds	1
539	P	L	5400	5401	\N	1	cds	1
540	V	X	6108	6109	\N	1	cds	1
541	W	X	6110	6111	\N	1	cds	1
542	F	X	6114	6115	\N	1	cds	1
543	V	X	6123	6124	\N	1	cds	1
544	A	V	6318	6319	\N	1	cds	1
545	F	X	6753	6754	\N	1	cds	1
546	T	R	18	19	\N	2	cds	1
547	G	D	141	142	\N	2	cds	1
548	L	R	451	452	\N	2	cds	1
549	T	K	477	478	\N	2	cds	1
550	D	G	613	614	\N	2	cds	1
551	P	R	680	681	\N	2	cds	1
552	D	N	949	950	\N	2	cds	1
553	V	I	1093	1094	\N	2	cds	1
554	I	F	19	20	\N	3	cds	1
555	S	L	25	26	\N	3	cds	1
556	I	T	81	82	\N	5	cds	1
557	V	X	28	29	\N	7	cds	1
558	L	X	29	30	\N	7	cds	1
559	L	X	30	31	\N	7	cds	1
560	K	X	31	32	\N	7	cds	1
561	E	X	32	33	\N	7	cds	1
562	P	X	33	34	\N	7	cds	1
563	C	X	34	35	\N	7	cds	1
564	S	X	35	36	\N	7	cds	1
565	S	X	36	37	\N	7	cds	1
566	G	X	37	38	\N	7	cds	1
567	T	X	38	39	\N	7	cds	1
568	Y	X	39	40	\N	7	cds	1
569	E	X	40	41	\N	7	cds	1
570	G	X	41	42	\N	7	cds	1
571	N	X	42	43	\N	7	cds	1
572	S	X	43	44	\N	7	cds	1
573	P	X	44	45	\N	7	cds	1
574	F	X	45	46	\N	7	cds	1
575	H	X	46	47	\N	7	cds	1
576	P	X	47	48	\N	7	cds	1
577	L	X	48	49	\N	7	cds	1
578	A	X	49	50	\N	7	cds	1
579	D	X	50	51	\N	7	cds	1
580	N	X	51	52	\N	7	cds	1
581	K	X	52	53	\N	7	cds	1
582	F	X	53	54	\N	7	cds	1
583	A	X	54	55	\N	7	cds	1
584	L	X	55	56	\N	7	cds	1
585	T	X	56	57	\N	7	cds	1
586	C	X	57	58	\N	7	cds	1
587	F	X	58	59	\N	7	cds	1
588	S	X	59	60	\N	7	cds	1
589	T	X	60	61	\N	7	cds	1
590	Q	X	61	62	\N	7	cds	1
591	F	X	62	63	\N	7	cds	1
592	A	X	63	64	\N	7	cds	1
593	F	X	64	65	\N	7	cds	1
594	A	X	65	66	\N	7	cds	1
595	C	X	66	67	\N	7	cds	1
596	P	X	67	68	\N	7	cds	1
597	D	X	68	69	\N	7	cds	1
598	G	X	69	70	\N	7	cds	1
599	V	X	70	71	\N	7	cds	1
600	K	X	71	72	\N	7	cds	1
601	H	X	72	73	\N	7	cds	1
602	V	X	73	74	\N	7	cds	1
603	Y	X	74	75	\N	7	cds	1
604	Q	X	75	76	\N	7	cds	1
605	L	X	76	77	\N	7	cds	1
606	R	X	77	78	\N	7	cds	1
607	A	X	78	79	\N	7	cds	1
608	R	X	79	80	\N	7	cds	1
609	S	X	80	81	\N	7	cds	1
610	V	X	81	82	\N	7	cds	1
611	S	X	82	83	\N	7	cds	1
612	P	X	83	84	\N	7	cds	1
613	K	X	84	85	\N	7	cds	1
614	L	X	85	86	\N	7	cds	1
615	F	X	86	87	\N	7	cds	1
616	I	X	87	88	\N	7	cds	1
617	R	X	88	89	\N	7	cds	1
618	Q	X	89	90	\N	7	cds	1
619	E	X	90	91	\N	7	cds	1
620	E	X	91	92	\N	7	cds	1
621	V	X	92	93	\N	7	cds	1
622	Q	X	93	94	\N	7	cds	1
623	E	X	94	95	\N	7	cds	1
624	L	X	95	96	\N	7	cds	1
625	Y	X	96	97	\N	7	cds	1
626	S	X	97	98	\N	7	cds	1
627	P	X	98	99	\N	7	cds	1
628	I	X	99	100	\N	7	cds	1
629	F	X	100	101	\N	7	cds	1
630	L	X	101	102	\N	7	cds	1
631	I	X	102	103	\N	7	cds	1
632	V	X	103	104	\N	7	cds	1
633	A	X	104	105	\N	7	cds	1
634	A	X	105	106	\N	7	cds	1
635	I	X	106	107	\N	7	cds	1
636	V	X	107	108	\N	7	cds	1
637	F	X	108	109	\N	7	cds	1
638	I	X	109	110	\N	7	cds	1
639	T	X	110	111	\N	7	cds	1
640	L	X	111	112	\N	7	cds	1
641	C	X	112	113	\N	7	cds	1
642	F	X	113	114	\N	7	cds	1
643	T	X	114	115	\N	7	cds	1
644	L	X	115	116	\N	7	cds	1
645	K	X	116	117	\N	7	cds	1
646	R	X	117	118	\N	7	cds	1
647	K	X	118	119	\N	7	cds	1
648	T	X	119	120	\N	7	cds	1
649	E	X	120	121	\N	7	cds	1
650	K	X	67	68	\N	8	cds	1
651	L	X	83	84	\N	8	cds	1
652	E	X	91	92	\N	8	cds	1
653	S	X	96	97	\N	8	cds	1
654	L	X	97	98	\N	8	cds	1
655	V	X	98	99	\N	8	cds	1
656	V	X	99	100	\N	8	cds	1
657	R	X	100	101	\N	8	cds	1
658	C	X	101	102	\N	8	cds	1
659	S	X	102	103	\N	8	cds	1
660	F	X	103	104	\N	8	cds	1
661	Y	X	104	105	\N	8	cds	1
662	E	X	105	106	\N	8	cds	1
663	D	X	106	107	\N	8	cds	1
664	F	X	107	108	\N	8	cds	1
665	L	X	108	109	\N	8	cds	1
666	E	X	109	110	\N	8	cds	1
667	Y	X	110	111	\N	8	cds	1
668	H	X	111	112	\N	8	cds	1
669	D	X	112	113	\N	8	cds	1
670	V	X	113	114	\N	8	cds	1
671	R	X	114	115	\N	8	cds	1
672	V	X	115	116	\N	8	cds	1
673	V	X	116	117	\N	8	cds	1
674	L	X	117	118	\N	8	cds	1
675	D	X	118	119	\N	8	cds	1
676	F	X	119	120	\N	8	cds	1
677	I	X	120	121	\N	8	cds	1
678	*	X	121	122	\N	8	cds	1
679	P	X	12	13	\N	9	cds	1
680	R	X	13	14	\N	9	cds	1
681	I	X	14	15	\N	9	cds	1
682	T	X	15	16	\N	9	cds	1
683	F	X	16	17	\N	9	cds	1
684	G	X	17	18	\N	9	cds	1
685	G	X	18	19	\N	9	cds	1
686	P	X	19	20	\N	9	cds	1
687	S	X	20	21	\N	9	cds	1
688	D	X	21	22	\N	9	cds	1
689	S	X	22	23	\N	9	cds	1
690	T	X	23	24	\N	9	cds	1
691	G	X	24	25	\N	9	cds	1
692	S	X	25	26	\N	9	cds	1
693	N	X	26	27	\N	9	cds	1
694	Q	X	27	28	\N	9	cds	1
695	N	X	28	29	\N	9	cds	1
696	G	X	29	30	\N	9	cds	1
697	E	X	30	31	\N	9	cds	1
698	R	X	31	32	\N	9	cds	1
699	S	X	32	33	\N	9	cds	1
700	G	X	33	34	\N	9	cds	1
701	A	X	34	35	\N	9	cds	1
702	R	X	35	36	\N	9	cds	1
703	S	X	36	37	\N	9	cds	1
704	K	X	37	38	\N	9	cds	1
705	Q	X	38	39	\N	9	cds	1
706	R	X	39	40	\N	9	cds	1
707	D	G	62	63	\N	9	cds	1
708	R	M	202	203	\N	9	cds	1
709	G	C	214	215	\N	9	cds	1
710	D	Y	376	377	\N	9	cds	1
711	F	\N	156	157	\N	2	cds	1
712	ATTAAAGGTTTATACCTTCCCAGGTAACAAACCAACCAACTTTCGATC	\N	0	48	\N	\N	nt	1
714	C	T	1593	1594	\N	\N	nt	1
715	T	N	1782	1783	\N	\N	nt	1
716	G	N	1783	1784	\N	\N	nt	1
717	G	N	1784	1785	\N	\N	nt	1
718	T	N	1785	1786	\N	\N	nt	1
719	A	N	1786	1787	\N	\N	nt	1
720	A	N	1787	1788	\N	\N	nt	1
721	T	N	1788	1789	\N	\N	nt	1
722	T	N	1789	1790	\N	\N	nt	1
723	T	N	1790	1791	\N	\N	nt	1
724	T	N	1791	1792	\N	\N	nt	1
725	A	N	1792	1793	\N	\N	nt	1
726	A	N	1793	1794	\N	\N	nt	1
727	A	N	1794	1795	\N	\N	nt	1
728	G	N	1795	1796	\N	\N	nt	1
729	T	N	1796	1797	\N	\N	nt	1
730	T	N	1797	1798	\N	\N	nt	1
731	A	N	1798	1799	\N	\N	nt	1
732	C	N	1799	1800	\N	\N	nt	1
733	A	N	1800	1801	\N	\N	nt	1
734	A	N	1801	1802	\N	\N	nt	1
735	A	N	1802	1803	\N	\N	nt	1
736	A	N	1803	1804	\N	\N	nt	1
737	G	N	1804	1805	\N	\N	nt	1
738	G	N	1805	1806	\N	\N	nt	1
739	A	N	1806	1807	\N	\N	nt	1
740	A	N	1807	1808	\N	\N	nt	1
741	A	N	1808	1809	\N	\N	nt	1
742	A	N	1809	1810	\N	\N	nt	1
743	G	N	1810	1811	\N	\N	nt	1
744	C	N	1811	1812	\N	\N	nt	1
745	T	N	1812	1813	\N	\N	nt	1
746	A	N	1813	1814	\N	\N	nt	1
747	A	N	1814	1815	\N	\N	nt	1
748	A	N	1815	1816	\N	\N	nt	1
749	A	N	1816	1817	\N	\N	nt	1
750	A	G	1896	1897	\N	\N	nt	1
751	C	T	2469	2470	\N	\N	nt	1
752	A	G	2831	2832	\N	\N	nt	1
754	T	G	5385	5386	\N	\N	nt	1
755	GTT	\N	6512	6515	\N	\N	nt	1
756	G	N	6900	6901	\N	\N	nt	1
757	G	N	6901	6902	\N	\N	nt	1
758	C	N	6902	6903	\N	\N	nt	1
759	T	N	6903	6904	\N	\N	nt	1
760	T	N	6904	6905	\N	\N	nt	1
761	C	N	6905	6906	\N	\N	nt	1
762	A	N	6906	6907	\N	\N	nt	1
763	T	N	6907	6908	\N	\N	nt	1
764	T	N	6908	6909	\N	\N	nt	1
765	T	N	6909	6910	\N	\N	nt	1
766	A	N	6910	6911	\N	\N	nt	1
767	A	N	6911	6912	\N	\N	nt	1
768	T	N	6912	6913	\N	\N	nt	1
769	T	N	6913	6914	\N	\N	nt	1
770	A	N	6914	6915	\N	\N	nt	1
771	T	N	6915	6916	\N	\N	nt	1
772	T	N	6916	6917	\N	\N	nt	1
773	T	N	6917	6918	\N	\N	nt	1
774	G	N	6918	6919	\N	\N	nt	1
775	A	N	6919	6920	\N	\N	nt	1
776	A	N	6920	6921	\N	\N	nt	1
777	G	N	6921	6922	\N	\N	nt	1
778	T	N	6922	6923	\N	\N	nt	1
779	A	N	6966	6967	\N	\N	nt	1
780	C	N	6967	6968	\N	\N	nt	1
781	T	N	6968	6969	\N	\N	nt	1
782	T	N	6978	6979	\N	\N	nt	1
783	T	N	6979	6980	\N	\N	nt	1
784	G	N	6980	6981	\N	\N	nt	1
785	A	N	6998	6999	\N	\N	nt	1
786	C	N	6999	7000	\N	\N	nt	1
787	T	N	7000	7001	\N	\N	nt	1
788	C	N	7001	7002	\N	\N	nt	1
789	A	N	7002	7003	\N	\N	nt	1
790	C	N	7005	7006	\N	\N	nt	1
791	G	N	7006	7007	\N	\N	nt	1
792	T	N	7045	7046	\N	\N	nt	1
793	T	N	7051	7052	\N	\N	nt	1
794	G	N	7052	7053	\N	\N	nt	1
795	T	N	7053	7054	\N	\N	nt	1
796	A	N	7054	7055	\N	\N	nt	1
797	G	A	8392	8393	\N	\N	nt	1
799	C	A	10448	10449	\N	\N	nt	1
800	GTTTGTCTG	\N	11282	11291	\N	\N	nt	1
801	A	G	11536	11537	\N	\N	nt	1
802	T	C	13194	13195	\N	\N	nt	1
804	C	T	15239	15240	\N	\N	nt	1
805	C	T	17746	17747	\N	\N	nt	1
806	A	G	18162	18163	\N	\N	nt	1
807	A	N	20231	20232	\N	\N	nt	1
808	C	N	20232	20233	\N	\N	nt	1
809	C	N	20233	20234	\N	\N	nt	1
810	C	N	20234	20235	\N	\N	nt	1
811	A	N	20235	20236	\N	\N	nt	1
812	G	N	20236	20237	\N	\N	nt	1
813	G	N	20237	20238	\N	\N	nt	1
814	A	N	20238	20239	\N	\N	nt	1
815	G	N	20239	20240	\N	\N	nt	1
816	T	N	20240	20241	\N	\N	nt	1
817	C	N	20241	20242	\N	\N	nt	1
818	A	N	20242	20243	\N	\N	nt	1
819	A	N	20243	20244	\N	\N	nt	1
820	A	N	20244	20245	\N	\N	nt	1
821	T	N	20245	20246	\N	\N	nt	1
822	G	N	20246	20247	\N	\N	nt	1
823	G	N	20247	20248	\N	\N	nt	1
824	A	N	20248	20249	\N	\N	nt	1
825	A	N	20249	20250	\N	\N	nt	1
826	A	N	20250	20251	\N	\N	nt	1
827	T	N	20251	20252	\N	\N	nt	1
828	T	N	20252	20253	\N	\N	nt	1
829	G	N	20253	20254	\N	\N	nt	1
830	A	N	20254	20255	\N	\N	nt	1
831	T	N	20255	20256	\N	\N	nt	1
832	T	N	20256	20257	\N	\N	nt	1
833	T	N	20257	20258	\N	\N	nt	1
834	C	N	20258	20259	\N	\N	nt	1
835	T	N	20259	20260	\N	\N	nt	1
836	T	N	20260	20261	\N	\N	nt	1
837	A	N	20261	20262	\N	\N	nt	1
838	G	N	20262	20263	\N	\N	nt	1
839	A	N	20263	20264	\N	\N	nt	1
840	A	N	20264	20265	\N	\N	nt	1
841	T	N	20265	20266	\N	\N	nt	1
842	T	N	20266	20267	\N	\N	nt	1
843	A	N	20267	20268	\N	\N	nt	1
844	G	N	20268	20269	\N	\N	nt	1
845	C	N	20269	20270	\N	\N	nt	1
846	T	N	20270	20271	\N	\N	nt	1
847	A	N	20271	20272	\N	\N	nt	1
848	T	N	20272	20273	\N	\N	nt	1
849	G	N	20273	20274	\N	\N	nt	1
850	G	N	20274	20275	\N	\N	nt	1
851	A	N	20275	20276	\N	\N	nt	1
852	T	N	20276	20277	\N	\N	nt	1
853	G	N	20277	20278	\N	\N	nt	1
854	A	N	20278	20279	\N	\N	nt	1
855	A	N	20279	20280	\N	\N	nt	1
856	T	N	20280	20281	\N	\N	nt	1
857	T	N	20281	20282	\N	\N	nt	1
858	C	N	20282	20283	\N	\N	nt	1
859	A	N	20283	20284	\N	\N	nt	1
860	T	N	20284	20285	\N	\N	nt	1
861	T	N	20285	20286	\N	\N	nt	1
862	G	N	20286	20287	\N	\N	nt	1
863	A	N	20287	20288	\N	\N	nt	1
864	A	N	20288	20289	\N	\N	nt	1
865	C	N	20289	20290	\N	\N	nt	1
866	G	N	20290	20291	\N	\N	nt	1
867	G	N	20291	20292	\N	\N	nt	1
868	T	N	20292	20293	\N	\N	nt	1
869	A	N	20293	20294	\N	\N	nt	1
870	T	N	20294	20295	\N	\N	nt	1
871	A	N	20295	20296	\N	\N	nt	1
872	A	N	20296	20297	\N	\N	nt	1
873	A	N	20297	20298	\N	\N	nt	1
874	T	N	20298	20299	\N	\N	nt	1
875	T	N	20299	20300	\N	\N	nt	1
876	A	N	20300	20301	\N	\N	nt	1
877	G	N	20301	20302	\N	\N	nt	1
878	A	N	20302	20303	\N	\N	nt	1
879	A	N	20303	20304	\N	\N	nt	1
880	T	N	20307	20308	\N	\N	nt	1
881	G	N	20310	20311	\N	\N	nt	1
882	C	N	20311	20312	\N	\N	nt	1
883	C	N	20312	20313	\N	\N	nt	1
884	T	N	20313	20314	\N	\N	nt	1
885	T	N	20314	20315	\N	\N	nt	1
886	C	N	20315	20316	\N	\N	nt	1
887	G	N	20316	20317	\N	\N	nt	1
888	A	N	20317	20318	\N	\N	nt	1
889	A	N	20318	20319	\N	\N	nt	1
890	C	N	20319	20320	\N	\N	nt	1
891	A	N	20320	20321	\N	\N	nt	1
892	T	N	20321	20322	\N	\N	nt	1
893	A	N	20322	20323	\N	\N	nt	1
894	T	N	20323	20324	\N	\N	nt	1
895	C	N	20324	20325	\N	\N	nt	1
896	G	N	20325	20326	\N	\N	nt	1
897	T	N	20326	20327	\N	\N	nt	1
898	T	N	20327	20328	\N	\N	nt	1
899	T	N	20328	20329	\N	\N	nt	1
900	A	N	20329	20330	\N	\N	nt	1
901	T	N	20330	20331	\N	\N	nt	1
902	G	N	20331	20332	\N	\N	nt	1
903	G	N	20332	20333	\N	\N	nt	1
904	A	N	20333	20334	\N	\N	nt	1
905	G	N	20334	20335	\N	\N	nt	1
906	A	N	20335	20336	\N	\N	nt	1
907	T	N	20336	20337	\N	\N	nt	1
908	T	N	20337	20338	\N	\N	nt	1
909	T	N	20338	20339	\N	\N	nt	1
910	T	N	20339	20340	\N	\N	nt	1
911	A	N	20340	20341	\N	\N	nt	1
912	G	N	20341	20342	\N	\N	nt	1
913	T	N	20342	20343	\N	\N	nt	1
914	C	N	20343	20344	\N	\N	nt	1
915	A	N	20344	20345	\N	\N	nt	1
916	T	N	20345	20346	\N	\N	nt	1
917	A	N	20346	20347	\N	\N	nt	1
918	G	N	20347	20348	\N	\N	nt	1
919	T	N	20348	20349	\N	\N	nt	1
920	C	N	20349	20350	\N	\N	nt	1
921	A	N	20350	20351	\N	\N	nt	1
922	G	N	20351	20352	\N	\N	nt	1
923	T	N	20352	20353	\N	\N	nt	1
924	T	N	20353	20354	\N	\N	nt	1
925	A	N	20354	20355	\N	\N	nt	1
926	G	N	20355	20356	\N	\N	nt	1
927	G	N	20356	20357	\N	\N	nt	1
928	T	N	20357	20358	\N	\N	nt	1
929	G	N	20358	20359	\N	\N	nt	1
930	G	N	20359	20360	\N	\N	nt	1
931	T	N	20360	20361	\N	\N	nt	1
932	T	N	20361	20362	\N	\N	nt	1
933	T	N	20362	20363	\N	\N	nt	1
934	A	N	20363	20364	\N	\N	nt	1
935	C	N	20364	20365	\N	\N	nt	1
936	A	N	20365	20366	\N	\N	nt	1
937	T	N	20366	20367	\N	\N	nt	1
938	C	N	20367	20368	\N	\N	nt	1
939	T	N	20368	20369	\N	\N	nt	1
940	A	N	20369	20370	\N	\N	nt	1
941	C	N	20370	20371	\N	\N	nt	1
942	T	N	20371	20372	\N	\N	nt	1
943	G	N	20372	20373	\N	\N	nt	1
944	A	N	20373	20374	\N	\N	nt	1
945	T	N	20374	20375	\N	\N	nt	1
946	T	N	20375	20376	\N	\N	nt	1
947	G	N	20376	20377	\N	\N	nt	1
948	G	N	20377	20378	\N	\N	nt	1
949	A	N	20378	20379	\N	\N	nt	1
950	C	N	20379	20380	\N	\N	nt	1
951	T	N	20380	20381	\N	\N	nt	1
952	A	N	20381	20382	\N	\N	nt	1
953	G	N	20382	20383	\N	\N	nt	1
954	C	N	20383	20384	\N	\N	nt	1
955	T	N	20384	20385	\N	\N	nt	1
956	A	N	20385	20386	\N	\N	nt	1
957	A	N	20386	20387	\N	\N	nt	1
958	A	N	20387	20388	\N	\N	nt	1
959	C	N	20388	20389	\N	\N	nt	1
960	G	N	20389	20390	\N	\N	nt	1
961	T	N	20390	20391	\N	\N	nt	1
962	T	N	20391	20392	\N	\N	nt	1
963	T	N	20392	20393	\N	\N	nt	1
964	T	N	20393	20394	\N	\N	nt	1
965	A	N	20394	20395	\N	\N	nt	1
966	A	N	20395	20396	\N	\N	nt	1
967	G	N	20396	20397	\N	\N	nt	1
968	G	N	20397	20398	\N	\N	nt	1
969	A	N	20398	20399	\N	\N	nt	1
970	A	N	20399	20400	\N	\N	nt	1
971	T	N	20400	20401	\N	\N	nt	1
972	C	N	20401	20402	\N	\N	nt	1
973	A	N	20402	20403	\N	\N	nt	1
974	C	N	20403	20404	\N	\N	nt	1
975	C	N	20404	20405	\N	\N	nt	1
976	T	N	20405	20406	\N	\N	nt	1
977	T	N	20406	20407	\N	\N	nt	1
978	T	N	20407	20408	\N	\N	nt	1
979	T	N	20408	20409	\N	\N	nt	1
980	G	N	20409	20410	\N	\N	nt	1
981	A	N	20410	20411	\N	\N	nt	1
982	A	N	20411	20412	\N	\N	nt	1
983	T	N	20412	20413	\N	\N	nt	1
984	T	N	20413	20414	\N	\N	nt	1
985	A	N	20414	20415	\N	\N	nt	1
986	G	N	20415	20416	\N	\N	nt	1
987	A	N	20416	20417	\N	\N	nt	1
988	A	N	20417	20418	\N	\N	nt	1
989	G	N	20418	20419	\N	\N	nt	1
990	A	N	20419	20420	\N	\N	nt	1
991	T	N	20420	20421	\N	\N	nt	1
992	T	N	20421	20422	\N	\N	nt	1
993	T	N	20422	20423	\N	\N	nt	1
994	T	N	20423	20424	\N	\N	nt	1
995	A	N	20424	20425	\N	\N	nt	1
996	T	N	20425	20426	\N	\N	nt	1
997	T	N	20426	20427	\N	\N	nt	1
998	C	N	20427	20428	\N	\N	nt	1
999	C	N	20428	20429	\N	\N	nt	1
1000	T	N	20429	20430	\N	\N	nt	1
1001	A	N	20430	20431	\N	\N	nt	1
1002	T	N	20431	20432	\N	\N	nt	1
1003	G	N	20432	20433	\N	\N	nt	1
1004	G	N	20433	20434	\N	\N	nt	1
1005	A	N	20434	20435	\N	\N	nt	1
1006	C	N	20435	20436	\N	\N	nt	1
1007	A	N	20436	20437	\N	\N	nt	1
1008	G	N	20437	20438	\N	\N	nt	1
1009	T	N	20438	20439	\N	\N	nt	1
1010	A	N	20439	20440	\N	\N	nt	1
1011	C	N	20440	20441	\N	\N	nt	1
1012	A	N	20441	20442	\N	\N	nt	1
1013	G	N	20442	20443	\N	\N	nt	1
1014	T	N	20443	20444	\N	\N	nt	1
1015	T	N	20444	20445	\N	\N	nt	1
1016	A	N	20445	20446	\N	\N	nt	1
1017	A	N	20446	20447	\N	\N	nt	1
1018	A	N	20447	20448	\N	\N	nt	1
1019	A	N	20448	20449	\N	\N	nt	1
1020	A	N	20449	20450	\N	\N	nt	1
1021	C	N	20450	20451	\N	\N	nt	1
1022	T	N	20451	20452	\N	\N	nt	1
1023	A	N	20452	20453	\N	\N	nt	1
1024	T	N	20453	20454	\N	\N	nt	1
1025	T	N	20454	20455	\N	\N	nt	1
1026	T	N	20455	20456	\N	\N	nt	1
1027	C	N	20456	20457	\N	\N	nt	1
1028	A	N	20457	20458	\N	\N	nt	1
1029	T	N	20458	20459	\N	\N	nt	1
1030	A	N	20459	20460	\N	\N	nt	1
1031	A	N	20460	20461	\N	\N	nt	1
1032	C	N	20461	20462	\N	\N	nt	1
1033	A	N	20462	20463	\N	\N	nt	1
1034	G	N	20463	20464	\N	\N	nt	1
1035	C	T	21761	21762	\N	\N	nt	1
1036	TACATG	\N	21764	21770	\N	\N	nt	1
1037	C	T	21845	21846	\N	\N	nt	1
1038	GTGTTTATT	\N	21986	21995	\N	\N	nt	1
1039	A	N	22023	22024	\N	\N	nt	1
1040	A	N	22024	22025	\N	\N	nt	1
1041	G	N	22025	22026	\N	\N	nt	1
1042	T	N	22026	22027	\N	\N	nt	1
1043	G	N	22027	22028	\N	\N	nt	1
1044	A	N	22028	22029	\N	\N	nt	1
1045	G	N	22029	22030	\N	\N	nt	1
1046	T	N	22030	22031	\N	\N	nt	1
1047	T	N	22031	22032	\N	\N	nt	1
1048	C	N	22032	22033	\N	\N	nt	1
1049	A	N	22033	22034	\N	\N	nt	1
1050	G	N	22034	22035	\N	\N	nt	1
1051	A	N	22035	22036	\N	\N	nt	1
1052	G	N	22036	22037	\N	\N	nt	1
1053	T	N	22037	22038	\N	\N	nt	1
1054	T	N	22038	22039	\N	\N	nt	1
1055	T	N	22039	22040	\N	\N	nt	1
1056	A	N	22040	22041	\N	\N	nt	1
1057	T	N	22041	22042	\N	\N	nt	1
1058	T	N	22042	22043	\N	\N	nt	1
1059	C	N	22043	22044	\N	\N	nt	1
1060	T	N	22044	22045	\N	\N	nt	1
1061	A	N	22045	22046	\N	\N	nt	1
1062	G	N	22046	22047	\N	\N	nt	1
1063	T	N	22047	22048	\N	\N	nt	1
1064	G	N	22048	22049	\N	\N	nt	1
1065	C	N	22049	22050	\N	\N	nt	1
1066	G	N	22050	22051	\N	\N	nt	1
1067	A	N	22051	22052	\N	\N	nt	1
1068	A	N	22052	22053	\N	\N	nt	1
1069	T	N	22053	22054	\N	\N	nt	1
1070	A	N	22054	22055	\N	\N	nt	1
1071	A	N	22055	22056	\N	\N	nt	1
1072	T	N	22056	22057	\N	\N	nt	1
1073	T	N	22057	22058	\N	\N	nt	1
1074	G	N	22058	22059	\N	\N	nt	1
1075	C	N	22059	22060	\N	\N	nt	1
1076	A	N	22060	22061	\N	\N	nt	1
1077	C	N	22061	22062	\N	\N	nt	1
1078	T	N	22062	22063	\N	\N	nt	1
1079	T	N	22063	22064	\N	\N	nt	1
1080	T	N	22064	22065	\N	\N	nt	1
1081	T	N	22065	22066	\N	\N	nt	1
1082	G	N	22066	22067	\N	\N	nt	1
1083	A	N	22067	22068	\N	\N	nt	1
1084	A	N	22068	22069	\N	\N	nt	1
1085	T	N	22069	22070	\N	\N	nt	1
1086	A	N	22070	22071	\N	\N	nt	1
1087	T	N	22071	22072	\N	\N	nt	1
1088	G	N	22072	22073	\N	\N	nt	1
1089	T	N	22073	22074	\N	\N	nt	1
1090	C	N	22074	22075	\N	\N	nt	1
1091	T	N	22075	22076	\N	\N	nt	1
1092	C	N	22076	22077	\N	\N	nt	1
1093	T	N	22077	22078	\N	\N	nt	1
1094	C	N	22078	22079	\N	\N	nt	1
1095	A	N	22079	22080	\N	\N	nt	1
1096	G	N	22080	22081	\N	\N	nt	1
1097	C	N	22081	22082	\N	\N	nt	1
1098	C	N	22082	22083	\N	\N	nt	1
1099	T	N	22083	22084	\N	\N	nt	1
1100	T	N	22084	22085	\N	\N	nt	1
1101	T	N	22085	22086	\N	\N	nt	1
1102	T	N	22086	22087	\N	\N	nt	1
1103	C	N	22087	22088	\N	\N	nt	1
1104	T	N	22088	22089	\N	\N	nt	1
1105	T	N	22089	22090	\N	\N	nt	1
1106	A	N	22090	22091	\N	\N	nt	1
1107	T	N	22091	22092	\N	\N	nt	1
1108	G	N	22092	22093	\N	\N	nt	1
1109	G	N	22093	22094	\N	\N	nt	1
1110	A	N	22094	22095	\N	\N	nt	1
1111	C	N	22095	22096	\N	\N	nt	1
1112	C	N	22096	22097	\N	\N	nt	1
1113	T	N	22097	22098	\N	\N	nt	1
1114	T	N	22098	22099	\N	\N	nt	1
1115	G	N	22099	22100	\N	\N	nt	1
1116	A	N	22100	22101	\N	\N	nt	1
1117	A	N	22101	22102	\N	\N	nt	1
1118	G	N	22102	22103	\N	\N	nt	1
1119	G	N	22103	22104	\N	\N	nt	1
1120	A	N	22104	22105	\N	\N	nt	1
1121	A	N	22105	22106	\N	\N	nt	1
1122	A	N	22106	22107	\N	\N	nt	1
1123	A	N	22107	22108	\N	\N	nt	1
1124	C	N	22108	22109	\N	\N	nt	1
1125	A	N	22109	22110	\N	\N	nt	1
1126	G	N	22110	22111	\N	\N	nt	1
1127	G	N	22111	22112	\N	\N	nt	1
1128	G	N	22112	22113	\N	\N	nt	1
1129	T	N	22113	22114	\N	\N	nt	1
1130	A	N	22114	22115	\N	\N	nt	1
1131	A	N	22115	22116	\N	\N	nt	1
1132	T	N	22116	22117	\N	\N	nt	1
1133	T	N	22117	22118	\N	\N	nt	1
1134	T	N	22118	22119	\N	\N	nt	1
1135	C	N	22119	22120	\N	\N	nt	1
1136	A	N	22120	22121	\N	\N	nt	1
1137	A	N	22121	22122	\N	\N	nt	1
1138	A	N	22122	22123	\N	\N	nt	1
1139	A	N	22123	22124	\N	\N	nt	1
1140	A	N	22124	22125	\N	\N	nt	1
1141	T	N	22125	22126	\N	\N	nt	1
1142	C	N	22126	22127	\N	\N	nt	1
1143	T	N	22127	22128	\N	\N	nt	1
1144	T	N	22128	22129	\N	\N	nt	1
1145	A	N	22129	22130	\N	\N	nt	1
1146	G	N	22130	22131	\N	\N	nt	1
1147	G	N	22131	22132	\N	\N	nt	1
1148	G	N	22132	22133	\N	\N	nt	1
1149	A	N	22133	22134	\N	\N	nt	1
1150	A	N	22134	22135	\N	\N	nt	1
1151	T	N	22135	22136	\N	\N	nt	1
1152	T	N	22136	22137	\N	\N	nt	1
1153	T	N	22137	22138	\N	\N	nt	1
1154	G	N	22138	22139	\N	\N	nt	1
1155	T	N	22139	22140	\N	\N	nt	1
1156	G	N	22140	22141	\N	\N	nt	1
1157	T	N	22141	22142	\N	\N	nt	1
1158	T	N	22142	22143	\N	\N	nt	1
1159	T	N	22143	22144	\N	\N	nt	1
1160	A	N	22144	22145	\N	\N	nt	1
1161	A	N	22145	22146	\N	\N	nt	1
1162	G	N	22146	22147	\N	\N	nt	1
1163	A	N	22147	22148	\N	\N	nt	1
1164	A	N	22148	22149	\N	\N	nt	1
1165	T	N	22149	22150	\N	\N	nt	1
1166	A	N	22150	22151	\N	\N	nt	1
1167	T	N	22151	22152	\N	\N	nt	1
1168	T	N	22152	22153	\N	\N	nt	1
1169	G	N	22153	22154	\N	\N	nt	1
1170	A	N	22154	22155	\N	\N	nt	1
1171	T	N	22155	22156	\N	\N	nt	1
1172	G	N	22156	22157	\N	\N	nt	1
1173	G	N	22157	22158	\N	\N	nt	1
1174	T	N	22158	22159	\N	\N	nt	1
1175	T	N	22159	22160	\N	\N	nt	1
1176	A	N	22160	22161	\N	\N	nt	1
1177	T	N	22161	22162	\N	\N	nt	1
1178	T	N	22162	22163	\N	\N	nt	1
1179	T	N	22163	22164	\N	\N	nt	1
1180	T	N	22164	22165	\N	\N	nt	1
1181	A	N	22165	22166	\N	\N	nt	1
1182	A	N	22166	22167	\N	\N	nt	1
1183	A	N	22167	22168	\N	\N	nt	1
1184	A	N	22168	22169	\N	\N	nt	1
1185	T	N	22169	22170	\N	\N	nt	1
1186	A	N	22170	22171	\N	\N	nt	1
1187	T	N	22171	22172	\N	\N	nt	1
1188	A	N	22172	22173	\N	\N	nt	1
1189	T	N	22173	22174	\N	\N	nt	1
1190	T	N	22174	22175	\N	\N	nt	1
1191	C	N	22175	22176	\N	\N	nt	1
1192	T	N	22176	22177	\N	\N	nt	1
1193	A	N	22177	22178	\N	\N	nt	1
1194	A	N	22178	22179	\N	\N	nt	1
1195	G	N	22179	22180	\N	\N	nt	1
1196	C	N	22180	22181	\N	\N	nt	1
1197	A	N	22181	22182	\N	\N	nt	1
1198	C	N	22182	22183	\N	\N	nt	1
1199	A	N	22183	22184	\N	\N	nt	1
1200	C	N	22184	22185	\N	\N	nt	1
1201	G	N	22185	22186	\N	\N	nt	1
1202	C	N	22186	22187	\N	\N	nt	1
1203	C	N	22187	22188	\N	\N	nt	1
1204	T	N	22188	22189	\N	\N	nt	1
1205	A	N	22189	22190	\N	\N	nt	1
1206	T	N	22190	22191	\N	\N	nt	1
1207	T	N	22191	22192	\N	\N	nt	1
1208	A	N	22192	22193	\N	\N	nt	1
1209	A	N	22193	22194	\N	\N	nt	1
1210	T	N	22194	22195	\N	\N	nt	1
1211	T	N	22195	22196	\N	\N	nt	1
1212	T	N	22196	22197	\N	\N	nt	1
1213	A	N	22197	22198	\N	\N	nt	1
1214	G	N	22198	22199	\N	\N	nt	1
1215	T	N	22199	22200	\N	\N	nt	1
1216	G	N	22200	22201	\N	\N	nt	1
1217	C	N	22201	22202	\N	\N	nt	1
1218	G	N	22202	22203	\N	\N	nt	1
1219	T	N	22203	22204	\N	\N	nt	1
1220	G	N	22204	22205	\N	\N	nt	1
1221	A	N	22205	22206	\N	\N	nt	1
1222	T	N	22206	22207	\N	\N	nt	1
1223	C	N	22207	22208	\N	\N	nt	1
1224	T	N	22208	22209	\N	\N	nt	1
1225	C	N	22209	22210	\N	\N	nt	1
1226	C	N	22210	22211	\N	\N	nt	1
1227	C	N	22211	22212	\N	\N	nt	1
1228	T	N	22212	22213	\N	\N	nt	1
1229	C	N	22213	22214	\N	\N	nt	1
1230	A	N	22214	22215	\N	\N	nt	1
1231	G	N	22215	22216	\N	\N	nt	1
1232	G	N	22216	22217	\N	\N	nt	1
1233	G	N	22217	22218	\N	\N	nt	1
1234	T	N	22218	22219	\N	\N	nt	1
1235	T	N	22219	22220	\N	\N	nt	1
1236	T	N	22220	22221	\N	\N	nt	1
1237	T	N	22221	22222	\N	\N	nt	1
1238	T	N	22222	22223	\N	\N	nt	1
1239	C	N	22223	22224	\N	\N	nt	1
1240	G	N	22224	22225	\N	\N	nt	1
1241	G	N	22225	22226	\N	\N	nt	1
1242	C	N	22226	22227	\N	\N	nt	1
1243	T	N	22227	22228	\N	\N	nt	1
1244	T	N	22228	22229	\N	\N	nt	1
1245	T	N	22229	22230	\N	\N	nt	1
1246	A	N	22230	22231	\N	\N	nt	1
1247	G	N	22231	22232	\N	\N	nt	1
1248	A	N	22232	22233	\N	\N	nt	1
1249	A	N	22233	22234	\N	\N	nt	1
1250	C	N	22234	22235	\N	\N	nt	1
1251	C	N	22235	22236	\N	\N	nt	1
1252	A	N	22236	22237	\N	\N	nt	1
1253	T	N	22237	22238	\N	\N	nt	1
1254	T	N	22238	22239	\N	\N	nt	1
1255	G	N	22239	22240	\N	\N	nt	1
1256	G	N	22240	22241	\N	\N	nt	1
1257	T	N	22241	22242	\N	\N	nt	1
1258	A	N	22242	22243	\N	\N	nt	1
1259	G	N	22243	22244	\N	\N	nt	1
1260	A	N	22244	22245	\N	\N	nt	1
1261	T	N	22245	22246	\N	\N	nt	1
1262	T	N	22246	22247	\N	\N	nt	1
1263	T	N	22247	22248	\N	\N	nt	1
1264	G	N	22248	22249	\N	\N	nt	1
1265	C	N	22249	22250	\N	\N	nt	1
1266	C	N	22250	22251	\N	\N	nt	1
1267	A	N	22251	22252	\N	\N	nt	1
1268	A	N	22252	22253	\N	\N	nt	1
1269	T	N	22253	22254	\N	\N	nt	1
1270	A	N	22254	22255	\N	\N	nt	1
1271	G	N	22255	22256	\N	\N	nt	1
1272	G	N	22256	22257	\N	\N	nt	1
1273	T	N	22257	22258	\N	\N	nt	1
1274	A	N	22258	22259	\N	\N	nt	1
1275	T	N	22259	22260	\N	\N	nt	1
1276	T	N	22260	22261	\N	\N	nt	1
1277	A	N	22261	22262	\N	\N	nt	1
1278	A	N	22262	22263	\N	\N	nt	1
1279	C	N	22263	22264	\N	\N	nt	1
1280	A	N	22264	22265	\N	\N	nt	1
1281	T	N	22265	22266	\N	\N	nt	1
1282	C	N	22266	22267	\N	\N	nt	1
1283	A	N	22267	22268	\N	\N	nt	1
1284	C	N	22268	22269	\N	\N	nt	1
1285	T	N	22269	22270	\N	\N	nt	1
1286	A	N	22270	22271	\N	\N	nt	1
1287	G	N	22271	22272	\N	\N	nt	1
1288	G	N	22272	22273	\N	\N	nt	1
1289	T	N	22273	22274	\N	\N	nt	1
1290	T	N	22274	22275	\N	\N	nt	1
1291	T	N	22275	22276	\N	\N	nt	1
1292	C	N	22276	22277	\N	\N	nt	1
1293	A	N	22277	22278	\N	\N	nt	1
1294	A	N	22278	22279	\N	\N	nt	1
1295	A	N	22279	22280	\N	\N	nt	1
1296	C	N	22280	22281	\N	\N	nt	1
1297	T	N	22281	22282	\N	\N	nt	1
1298	T	N	22282	22283	\N	\N	nt	1
1299	T	N	22283	22284	\N	\N	nt	1
1300	A	N	22284	22285	\N	\N	nt	1
1301	C	N	22285	22286	\N	\N	nt	1
1302	T	N	22286	22287	\N	\N	nt	1
1303	T	N	22287	22288	\N	\N	nt	1
1304	G	N	22288	22289	\N	\N	nt	1
1305	C	N	22289	22290	\N	\N	nt	1
1306	G	A	22577	22578	\N	\N	nt	1
1307	G	A	22598	22599	\N	\N	nt	1
1308	G	N	22626	22627	\N	\N	nt	1
1309	A	N	22627	22628	\N	\N	nt	1
1310	A	N	22628	22629	\N	\N	nt	1
1311	G	N	22629	22630	\N	\N	nt	1
1312	A	N	22630	22631	\N	\N	nt	1
1313	G	N	22631	22632	\N	\N	nt	1
1314	A	N	22632	22633	\N	\N	nt	1
1315	A	N	22633	22634	\N	\N	nt	1
1316	T	N	22634	22635	\N	\N	nt	1
1317	C	N	22635	22636	\N	\N	nt	1
1318	A	N	22636	22637	\N	\N	nt	1
1319	G	N	22637	22638	\N	\N	nt	1
1320	C	N	22638	22639	\N	\N	nt	1
1321	A	N	22639	22640	\N	\N	nt	1
1322	A	N	22640	22641	\N	\N	nt	1
1323	C	N	22641	22642	\N	\N	nt	1
1324	T	N	22642	22643	\N	\N	nt	1
1325	G	N	22643	22644	\N	\N	nt	1
1326	T	N	22644	22645	\N	\N	nt	1
1327	G	N	22645	22646	\N	\N	nt	1
1328	T	N	22646	22647	\N	\N	nt	1
1329	T	N	22647	22648	\N	\N	nt	1
1330	G	N	22648	22649	\N	\N	nt	1
1331	C	N	22649	22650	\N	\N	nt	1
1332	T	N	22650	22651	\N	\N	nt	1
1333	G	N	22651	22652	\N	\N	nt	1
1334	A	N	22652	22653	\N	\N	nt	1
1335	T	N	22653	22654	\N	\N	nt	1
1336	T	N	22654	22655	\N	\N	nt	1
1337	A	N	22655	22656	\N	\N	nt	1
1338	T	N	22656	22657	\N	\N	nt	1
1339	T	N	22657	22658	\N	\N	nt	1
1340	C	N	22658	22659	\N	\N	nt	1
1341	T	N	22659	22660	\N	\N	nt	1
1342	G	N	22660	22661	\N	\N	nt	1
1343	T	N	22661	22662	\N	\N	nt	1
1344	C	N	22662	22663	\N	\N	nt	1
1345	C	N	22663	22664	\N	\N	nt	1
1346	T	N	22664	22665	\N	\N	nt	1
1347	A	N	22665	22666	\N	\N	nt	1
1348	T	N	22666	22667	\N	\N	nt	1
1349	A	N	22667	22668	\N	\N	nt	1
1350	T	N	22668	22669	\N	\N	nt	1
1351	A	N	22669	22670	\N	\N	nt	1
1352	A	N	22670	22671	\N	\N	nt	1
1353	T	N	22671	22672	\N	\N	nt	1
1354	T	N	22672	22673	\N	\N	nt	1
1355	C	N	22673	22674	\N	\N	nt	1
1356	C	N	22674	22675	\N	\N	nt	1
1357	G	N	22675	22676	\N	\N	nt	1
1358	C	N	22676	22677	\N	\N	nt	1
1359	A	N	22677	22678	\N	\N	nt	1
1360	T	N	22678	22679	\N	\N	nt	1
1361	C	N	22679	22680	\N	\N	nt	1
1362	A	N	22680	22681	\N	\N	nt	1
1363	T	N	22681	22682	\N	\N	nt	1
1364	T	N	22682	22683	\N	\N	nt	1
1365	T	N	22683	22684	\N	\N	nt	1
1366	T	N	22684	22685	\N	\N	nt	1
1367	C	N	22685	22686	\N	\N	nt	1
1368	C	N	22686	22687	\N	\N	nt	1
1369	A	N	22687	22688	\N	\N	nt	1
1370	C	N	22688	22689	\N	\N	nt	1
1371	T	N	22689	22690	\N	\N	nt	1
1372	T	N	22690	22691	\N	\N	nt	1
1373	T	N	22691	22692	\N	\N	nt	1
1374	T	N	22692	22693	\N	\N	nt	1
1375	A	N	22693	22694	\N	\N	nt	1
1376	A	N	22694	22695	\N	\N	nt	1
1377	G	N	22695	22696	\N	\N	nt	1
1378	T	N	22696	22697	\N	\N	nt	1
1379	G	N	22697	22698	\N	\N	nt	1
1380	T	N	22698	22699	\N	\N	nt	1
1381	T	N	22699	22700	\N	\N	nt	1
1382	A	N	22700	22701	\N	\N	nt	1
1383	T	N	22701	22702	\N	\N	nt	1
1384	G	N	22702	22703	\N	\N	nt	1
1385	G	N	22703	22704	\N	\N	nt	1
1386	A	N	22704	22705	\N	\N	nt	1
1387	G	N	22705	22706	\N	\N	nt	1
1388	T	N	22706	22707	\N	\N	nt	1
1389	G	N	22707	22708	\N	\N	nt	1
1390	T	N	22708	22709	\N	\N	nt	1
1391	C	N	22709	22710	\N	\N	nt	1
1392	T	N	22710	22711	\N	\N	nt	1
1393	C	N	22711	22712	\N	\N	nt	1
1394	C	N	22712	22713	\N	\N	nt	1
1395	T	N	22713	22714	\N	\N	nt	1
1396	A	N	22714	22715	\N	\N	nt	1
1397	C	N	22715	22716	\N	\N	nt	1
1398	T	N	22716	22717	\N	\N	nt	1
1399	A	N	22717	22718	\N	\N	nt	1
1400	A	N	22718	22719	\N	\N	nt	1
1401	A	N	22719	22720	\N	\N	nt	1
1402	T	N	22720	22721	\N	\N	nt	1
1403	T	N	22721	22722	\N	\N	nt	1
1404	A	N	22722	22723	\N	\N	nt	1
1405	A	N	22723	22724	\N	\N	nt	1
1406	A	N	22724	22725	\N	\N	nt	1
1407	T	N	22725	22726	\N	\N	nt	1
1408	G	N	22726	22727	\N	\N	nt	1
1409	A	N	22727	22728	\N	\N	nt	1
1410	T	N	22728	22729	\N	\N	nt	1
1411	C	N	22729	22730	\N	\N	nt	1
1412	T	N	22730	22731	\N	\N	nt	1
1413	C	N	22731	22732	\N	\N	nt	1
1414	T	N	22732	22733	\N	\N	nt	1
1415	G	N	22733	22734	\N	\N	nt	1
1416	C	N	22734	22735	\N	\N	nt	1
1417	T	N	22735	22736	\N	\N	nt	1
1418	T	N	22736	22737	\N	\N	nt	1
1419	T	N	22737	22738	\N	\N	nt	1
1420	A	N	22738	22739	\N	\N	nt	1
1421	C	N	22739	22740	\N	\N	nt	1
1422	T	N	22740	22741	\N	\N	nt	1
1423	A	N	22741	22742	\N	\N	nt	1
1424	A	N	22742	22743	\N	\N	nt	1
1425	T	N	22743	22744	\N	\N	nt	1
1426	G	N	22744	22745	\N	\N	nt	1
1427	T	N	22745	22746	\N	\N	nt	1
1428	C	N	22746	22747	\N	\N	nt	1
1429	T	N	22747	22748	\N	\N	nt	1
1430	A	N	22748	22749	\N	\N	nt	1
1431	T	N	22749	22750	\N	\N	nt	1
1432	G	N	22750	22751	\N	\N	nt	1
1433	C	N	22751	22752	\N	\N	nt	1
1434	A	N	22752	22753	\N	\N	nt	1
1435	G	N	22753	22754	\N	\N	nt	1
1436	A	N	22754	22755	\N	\N	nt	1
1437	T	N	22755	22756	\N	\N	nt	1
1438	T	N	22756	22757	\N	\N	nt	1
1439	C	N	22757	22758	\N	\N	nt	1
1440	A	N	22758	22759	\N	\N	nt	1
1441	T	N	22759	22760	\N	\N	nt	1
1442	T	N	22760	22761	\N	\N	nt	1
1443	T	N	22761	22762	\N	\N	nt	1
1444	G	N	22762	22763	\N	\N	nt	1
1445	T	N	22763	22764	\N	\N	nt	1
1446	A	N	22764	22765	\N	\N	nt	1
1447	A	N	22765	22766	\N	\N	nt	1
1448	T	N	22766	22767	\N	\N	nt	1
1449	T	N	22767	22768	\N	\N	nt	1
1450	A	N	22768	22769	\N	\N	nt	1
1451	G	N	22769	22770	\N	\N	nt	1
1452	A	N	22770	22771	\N	\N	nt	1
1453	G	N	22771	22772	\N	\N	nt	1
1454	G	N	22772	22773	\N	\N	nt	1
1455	T	N	22773	22774	\N	\N	nt	1
1456	G	N	22774	22775	\N	\N	nt	1
1457	A	N	22775	22776	\N	\N	nt	1
1458	T	N	22776	22777	\N	\N	nt	1
1459	G	N	22777	22778	\N	\N	nt	1
1460	A	N	22778	22779	\N	\N	nt	1
1461	A	N	22779	22780	\N	\N	nt	1
1462	G	N	22780	22781	\N	\N	nt	1
1463	T	N	22781	22782	\N	\N	nt	1
1464	C	N	22782	22783	\N	\N	nt	1
1465	A	N	22783	22784	\N	\N	nt	1
1466	G	N	22784	22785	\N	\N	nt	1
1467	A	N	22785	22786	\N	\N	nt	1
1468	C	N	22786	22787	\N	\N	nt	1
1469	A	N	22787	22788	\N	\N	nt	1
1470	A	N	22788	22789	\N	\N	nt	1
1471	A	N	22789	22790	\N	\N	nt	1
1472	T	N	22790	22791	\N	\N	nt	1
1473	C	N	22791	22792	\N	\N	nt	1
1474	G	N	22792	22793	\N	\N	nt	1
1475	C	N	22793	22794	\N	\N	nt	1
1476	T	N	22794	22795	\N	\N	nt	1
1477	C	N	22795	22796	\N	\N	nt	1
1478	C	N	22796	22797	\N	\N	nt	1
1479	A	N	22797	22798	\N	\N	nt	1
1480	G	N	22798	22799	\N	\N	nt	1
1481	G	N	22799	22800	\N	\N	nt	1
1482	G	N	22800	22801	\N	\N	nt	1
1483	C	N	22801	22802	\N	\N	nt	1
1484	A	N	22802	22803	\N	\N	nt	1
1485	A	N	22803	22804	\N	\N	nt	1
1486	A	N	22804	22805	\N	\N	nt	1
1487	C	N	22805	22806	\N	\N	nt	1
1488	T	N	22806	22807	\N	\N	nt	1
1489	G	N	22807	22808	\N	\N	nt	1
1490	G	N	22808	22809	\N	\N	nt	1
1491	A	N	22809	22810	\N	\N	nt	1
1492	A	N	22810	22811	\N	\N	nt	1
1493	A	N	22811	22812	\N	\N	nt	1
1494	G	N	22812	22813	\N	\N	nt	1
1495	A	N	22813	22814	\N	\N	nt	1
1496	T	N	22814	22815	\N	\N	nt	1
1497	T	N	22815	22816	\N	\N	nt	1
1498	G	N	22816	22817	\N	\N	nt	1
1499	C	N	22817	22818	\N	\N	nt	1
1500	T	N	22818	22819	\N	\N	nt	1
1501	G	N	22819	22820	\N	\N	nt	1
1502	A	N	22820	22821	\N	\N	nt	1
1503	A	N	22863	22864	\N	\N	nt	1
1504	G	N	22864	22865	\N	\N	nt	1
1505	C	N	22865	22866	\N	\N	nt	1
1506	T	N	22866	22867	\N	\N	nt	1
1507	T	N	22867	22868	\N	\N	nt	1
1508	G	N	22868	22869	\N	\N	nt	1
1509	G	N	22869	22870	\N	\N	nt	1
1510	A	N	22870	22871	\N	\N	nt	1
1511	A	N	22871	22872	\N	\N	nt	1
1512	T	N	22872	22873	\N	\N	nt	1
1513	T	N	22873	22874	\N	\N	nt	1
1514	C	N	22874	22875	\N	\N	nt	1
1515	T	N	22875	22876	\N	\N	nt	1
1516	A	N	22876	22877	\N	\N	nt	1
1517	A	N	22877	22878	\N	\N	nt	1
1518	C	N	22878	22879	\N	\N	nt	1
1519	A	N	22879	22880	\N	\N	nt	1
1520	A	N	22880	22881	\N	\N	nt	1
1521	T	N	22881	22882	\N	\N	nt	1
1522	C	N	22882	22883	\N	\N	nt	1
1523	T	N	22883	22884	\N	\N	nt	1
1524	T	N	22884	22885	\N	\N	nt	1
1525	G	N	22885	22886	\N	\N	nt	1
1526	A	N	22886	22887	\N	\N	nt	1
1527	T	N	22887	22888	\N	\N	nt	1
1528	T	N	22888	22889	\N	\N	nt	1
1529	C	N	22889	22890	\N	\N	nt	1
1530	T	N	22890	22891	\N	\N	nt	1
1531	A	N	22891	22892	\N	\N	nt	1
1532	A	N	22892	22893	\N	\N	nt	1
1533	G	N	22893	22894	\N	\N	nt	1
1534	G	N	22894	22895	\N	\N	nt	1
1535	T	N	22895	22896	\N	\N	nt	1
1536	T	N	22896	22897	\N	\N	nt	1
1537	G	N	22897	22898	\N	\N	nt	1
1538	G	N	22898	22899	\N	\N	nt	1
1539	T	N	22899	22900	\N	\N	nt	1
1540	G	N	22900	22901	\N	\N	nt	1
1541	G	N	22901	22902	\N	\N	nt	1
1542	T	N	22902	22903	\N	\N	nt	1
1543	A	N	22903	22904	\N	\N	nt	1
1544	A	N	22904	22905	\N	\N	nt	1
1545	T	N	22905	22906	\N	\N	nt	1
1546	T	N	22906	22907	\N	\N	nt	1
1547	A	N	22907	22908	\N	\N	nt	1
1548	T	N	22908	22909	\N	\N	nt	1
1549	A	N	22909	22910	\N	\N	nt	1
1550	A	N	22910	22911	\N	\N	nt	1
1551	T	N	22911	22912	\N	\N	nt	1
1552	T	N	22912	22913	\N	\N	nt	1
1553	A	N	22913	22914	\N	\N	nt	1
1554	C	N	22914	22915	\N	\N	nt	1
1555	C	N	22915	22916	\N	\N	nt	1
1556	T	N	22916	22917	\N	\N	nt	1
1557	G	N	22917	22918	\N	\N	nt	1
1558	T	N	22918	22919	\N	\N	nt	1
1559	A	N	22919	22920	\N	\N	nt	1
1560	T	N	22920	22921	\N	\N	nt	1
1561	A	N	22921	22922	\N	\N	nt	1
1562	G	N	22922	22923	\N	\N	nt	1
1563	A	N	22923	22924	\N	\N	nt	1
1564	T	N	22924	22925	\N	\N	nt	1
1565	T	N	22925	22926	\N	\N	nt	1
1566	G	N	22926	22927	\N	\N	nt	1
1567	T	N	22927	22928	\N	\N	nt	1
1568	T	N	22928	22929	\N	\N	nt	1
1569	T	N	22929	22930	\N	\N	nt	1
1570	A	N	22930	22931	\N	\N	nt	1
1571	G	N	22931	22932	\N	\N	nt	1
1572	G	N	22932	22933	\N	\N	nt	1
1573	A	N	22933	22934	\N	\N	nt	1
1574	A	N	22934	22935	\N	\N	nt	1
1575	G	N	22935	22936	\N	\N	nt	1
1576	T	N	22936	22937	\N	\N	nt	1
1577	C	N	22937	22938	\N	\N	nt	1
1578	T	N	22938	22939	\N	\N	nt	1
1579	A	N	22939	22940	\N	\N	nt	1
1580	A	N	22940	22941	\N	\N	nt	1
1581	C	N	22942	22943	\N	\N	nt	1
1582	T	N	22943	22944	\N	\N	nt	1
1583	C	N	22944	22945	\N	\N	nt	1
1584	A	N	22945	22946	\N	\N	nt	1
1585	A	N	22946	22947	\N	\N	nt	1
1586	A	N	22947	22948	\N	\N	nt	1
1587	C	N	22948	22949	\N	\N	nt	1
1588	C	N	22949	22950	\N	\N	nt	1
1589	T	N	22950	22951	\N	\N	nt	1
1590	T	N	22951	22952	\N	\N	nt	1
1591	T	N	22952	22953	\N	\N	nt	1
1592	T	N	22953	22954	\N	\N	nt	1
1593	G	N	22954	22955	\N	\N	nt	1
1594	A	N	22955	22956	\N	\N	nt	1
1595	G	N	22956	22957	\N	\N	nt	1
1596	A	N	22957	22958	\N	\N	nt	1
1597	G	N	22958	22959	\N	\N	nt	1
1598	A	N	22959	22960	\N	\N	nt	1
1599	G	N	22960	22961	\N	\N	nt	1
1600	A	N	22961	22962	\N	\N	nt	1
1601	T	N	22962	22963	\N	\N	nt	1
1602	A	N	22963	22964	\N	\N	nt	1
1603	T	N	22964	22965	\N	\N	nt	1
1604	T	N	22965	22966	\N	\N	nt	1
1605	T	N	22966	22967	\N	\N	nt	1
1606	C	N	22967	22968	\N	\N	nt	1
1607	A	N	22968	22969	\N	\N	nt	1
1608	A	N	22969	22970	\N	\N	nt	1
1609	C	N	22970	22971	\N	\N	nt	1
1610	T	N	22971	22972	\N	\N	nt	1
1611	G	N	22972	22973	\N	\N	nt	1
1612	A	N	22973	22974	\N	\N	nt	1
1613	A	N	22974	22975	\N	\N	nt	1
1614	A	N	22975	22976	\N	\N	nt	1
1615	T	N	22976	22977	\N	\N	nt	1
1616	C	N	22977	22978	\N	\N	nt	1
1617	T	N	22978	22979	\N	\N	nt	1
1618	A	N	22979	22980	\N	\N	nt	1
1619	T	N	22980	22981	\N	\N	nt	1
1620	C	N	22981	22982	\N	\N	nt	1
1621	A	N	22982	22983	\N	\N	nt	1
1622	G	N	22983	22984	\N	\N	nt	1
1623	G	N	22984	22985	\N	\N	nt	1
1624	C	N	22985	22986	\N	\N	nt	1
1625	C	N	22986	22987	\N	\N	nt	1
1626	G	N	22987	22988	\N	\N	nt	1
1627	G	N	22988	22989	\N	\N	nt	1
1628	T	N	22989	22990	\N	\N	nt	1
1629	A	N	22990	22991	\N	\N	nt	1
1630	G	N	22991	22992	\N	\N	nt	1
1631	C	N	22992	22993	\N	\N	nt	1
1632	A	N	22993	22994	\N	\N	nt	1
1633	C	N	22994	22995	\N	\N	nt	1
1634	A	N	22995	22996	\N	\N	nt	1
1635	C	N	22996	22997	\N	\N	nt	1
1636	C	N	22997	22998	\N	\N	nt	1
1637	T	N	22998	22999	\N	\N	nt	1
1638	T	N	22999	23000	\N	\N	nt	1
1639	G	N	23000	23001	\N	\N	nt	1
1640	T	N	23001	23002	\N	\N	nt	1
1641	A	N	23002	23003	\N	\N	nt	1
1642	A	N	23003	23004	\N	\N	nt	1
1643	T	N	23004	23005	\N	\N	nt	1
1644	G	N	23005	23006	\N	\N	nt	1
1645	G	N	23006	23007	\N	\N	nt	1
1646	T	N	23007	23008	\N	\N	nt	1
1647	G	N	23008	23009	\N	\N	nt	1
1648	T	N	23009	23010	\N	\N	nt	1
1649	T	N	23010	23011	\N	\N	nt	1
1650	G	N	23011	23012	\N	\N	nt	1
1651	A	N	23012	23013	\N	\N	nt	1
1652	A	N	23013	23014	\N	\N	nt	1
1653	G	N	23014	23015	\N	\N	nt	1
1654	G	N	23015	23016	\N	\N	nt	1
1655	T	N	23016	23017	\N	\N	nt	1
1656	T	N	23017	23018	\N	\N	nt	1
1657	T	N	23018	23019	\N	\N	nt	1
1658	T	N	23019	23020	\N	\N	nt	1
1659	A	N	23020	23021	\N	\N	nt	1
1660	A	N	23021	23022	\N	\N	nt	1
1661	T	N	23022	23023	\N	\N	nt	1
1662	T	N	23023	23024	\N	\N	nt	1
1663	G	N	23024	23025	\N	\N	nt	1
1664	T	N	23025	23026	\N	\N	nt	1
1665	T	N	23026	23027	\N	\N	nt	1
1666	A	N	23027	23028	\N	\N	nt	1
1667	C	N	23028	23029	\N	\N	nt	1
1668	T	N	23029	23030	\N	\N	nt	1
1669	T	N	23030	23031	\N	\N	nt	1
1670	T	N	23031	23032	\N	\N	nt	1
1671	C	N	23032	23033	\N	\N	nt	1
1672	C	N	23033	23034	\N	\N	nt	1
1673	T	N	23034	23035	\N	\N	nt	1
1674	T	N	23035	23036	\N	\N	nt	1
1675	T	N	23036	23037	\N	\N	nt	1
1676	A	N	23037	23038	\N	\N	nt	1
1677	C	N	23038	23039	\N	\N	nt	1
1678	A	N	23039	23040	\N	\N	nt	1
1679	A	N	23040	23041	\N	\N	nt	1
1680	T	N	23041	23042	\N	\N	nt	1
1681	C	N	23042	23043	\N	\N	nt	1
1682	A	N	23043	23044	\N	\N	nt	1
1683	T	N	23044	23045	\N	\N	nt	1
1684	A	N	23045	23046	\N	\N	nt	1
1685	T	N	23046	23047	\N	\N	nt	1
1686	G	N	23047	23048	\N	\N	nt	1
1687	G	N	23048	23049	\N	\N	nt	1
1688	T	N	23049	23050	\N	\N	nt	1
1689	T	N	23050	23051	\N	\N	nt	1
1690	T	N	23051	23052	\N	\N	nt	1
1691	C	N	23052	23053	\N	\N	nt	1
1692	C	N	23053	23054	\N	\N	nt	1
1693	A	N	23054	23055	\N	\N	nt	1
1694	A	N	23055	23056	\N	\N	nt	1
1695	C	N	23056	23057	\N	\N	nt	1
1696	C	N	23057	23058	\N	\N	nt	1
1697	C	N	23058	23059	\N	\N	nt	1
1698	A	N	23059	23060	\N	\N	nt	1
1699	C	N	23060	23061	\N	\N	nt	1
1700	T	N	23061	23062	\N	\N	nt	1
1701	A	N	23062	23063	\N	\N	nt	1
1702	A	N	23063	23064	\N	\N	nt	1
1703	T	N	23064	23065	\N	\N	nt	1
1704	G	N	23065	23066	\N	\N	nt	1
1705	G	N	23066	23067	\N	\N	nt	1
1706	T	N	23067	23068	\N	\N	nt	1
1707	G	N	23068	23069	\N	\N	nt	1
1708	T	N	23069	23070	\N	\N	nt	1
1709	T	N	23070	23071	\N	\N	nt	1
1710	G	N	23071	23072	\N	\N	nt	1
1711	G	N	23072	23073	\N	\N	nt	1
1712	T	N	23073	23074	\N	\N	nt	1
1713	T	N	23074	23075	\N	\N	nt	1
1714	A	N	23075	23076	\N	\N	nt	1
1715	C	N	23076	23077	\N	\N	nt	1
1716	C	N	23077	23078	\N	\N	nt	1
1717	A	N	23078	23079	\N	\N	nt	1
1718	A	N	23079	23080	\N	\N	nt	1
1719	C	N	23080	23081	\N	\N	nt	1
1720	C	N	23081	23082	\N	\N	nt	1
1721	A	N	23082	23083	\N	\N	nt	1
1722	T	N	23083	23084	\N	\N	nt	1
1723	A	N	23084	23085	\N	\N	nt	1
1724	C	N	23085	23086	\N	\N	nt	1
1725	A	N	23086	23087	\N	\N	nt	1
1726	G	N	23087	23088	\N	\N	nt	1
1727	A	N	23088	23089	\N	\N	nt	1
1728	G	N	23089	23090	\N	\N	nt	1
1729	T	N	23090	23091	\N	\N	nt	1
1730	A	N	23091	23092	\N	\N	nt	1
1731	G	N	23092	23093	\N	\N	nt	1
1732	T	N	23093	23094	\N	\N	nt	1
1733	A	N	23094	23095	\N	\N	nt	1
1734	G	N	23095	23096	\N	\N	nt	1
1735	T	N	23096	23097	\N	\N	nt	1
1736	A	N	23097	23098	\N	\N	nt	1
1737	C	N	23098	23099	\N	\N	nt	1
1738	T	N	23099	23100	\N	\N	nt	1
1739	T	N	23100	23101	\N	\N	nt	1
1740	T	N	23101	23102	\N	\N	nt	1
1741	C	N	23102	23103	\N	\N	nt	1
1742	T	N	23103	23104	\N	\N	nt	1
1743	T	N	23104	23105	\N	\N	nt	1
1744	T	N	23105	23106	\N	\N	nt	1
1745	T	N	23106	23107	\N	\N	nt	1
1746	G	N	23107	23108	\N	\N	nt	1
1747	A	N	23108	23109	\N	\N	nt	1
1748	A	N	23109	23110	\N	\N	nt	1
1749	C	N	23110	23111	\N	\N	nt	1
1750	T	N	23111	23112	\N	\N	nt	1
1751	T	N	23112	23113	\N	\N	nt	1
1752	C	N	23113	23114	\N	\N	nt	1
1753	T	N	23114	23115	\N	\N	nt	1
1754	A	N	23115	23116	\N	\N	nt	1
1755	C	N	23116	23117	\N	\N	nt	1
1756	A	N	23117	23118	\N	\N	nt	1
1757	T	N	23118	23119	\N	\N	nt	1
1758	G	N	23119	23120	\N	\N	nt	1
1759	C	N	23120	23121	\N	\N	nt	1
1760	A	N	23121	23122	\N	\N	nt	1
1761	C	N	23122	23123	\N	\N	nt	1
1762	C	N	23123	23124	\N	\N	nt	1
1763	A	N	23124	23125	\N	\N	nt	1
1764	G	N	23125	23126	\N	\N	nt	1
1765	C	N	23126	23127	\N	\N	nt	1
1766	A	N	23127	23128	\N	\N	nt	1
1767	A	N	23128	23129	\N	\N	nt	1
1768	C	N	23129	23130	\N	\N	nt	1
1769	T	N	23130	23131	\N	\N	nt	1
1770	G	N	23131	23132	\N	\N	nt	1
1771	T	N	23132	23133	\N	\N	nt	1
1772	T	N	23133	23134	\N	\N	nt	1
1773	C	A	23201	23202	\N	\N	nt	1
1775	C	T	23524	23525	\N	\N	nt	1
1776	T	G	23598	23599	\N	\N	nt	1
1777	C	A	23603	23604	\N	\N	nt	1
1778	C	A	23853	23854	\N	\N	nt	1
1779	G	T	23947	23948	\N	\N	nt	1
1780	C	A	24129	24130	\N	\N	nt	1
1781	A	T	24423	24424	\N	\N	nt	1
1782	T	A	24468	24469	\N	\N	nt	1
1783	C	T	24502	24503	\N	\N	nt	1
1784	C	T	24999	25000	\N	\N	nt	1
1785	T	N	25076	25077	\N	\N	nt	1
1786	T	N	25077	25078	\N	\N	nt	1
1787	A	N	25078	25079	\N	\N	nt	1
1788	A	N	25079	25080	\N	\N	nt	1
1789	T	N	25080	25081	\N	\N	nt	1
1790	G	N	25081	25082	\N	\N	nt	1
1791	C	N	25082	25083	\N	\N	nt	1
1792	T	N	25083	25084	\N	\N	nt	1
1793	T	N	25084	25085	\N	\N	nt	1
1794	C	N	25085	25086	\N	\N	nt	1
1795	A	N	25086	25087	\N	\N	nt	1
1796	G	N	25087	25088	\N	\N	nt	1
1797	T	N	25088	25089	\N	\N	nt	1
1798	T	N	25089	25090	\N	\N	nt	1
1799	G	N	25090	25091	\N	\N	nt	1
1800	T	N	25091	25092	\N	\N	nt	1
1801	A	N	25092	25093	\N	\N	nt	1
1802	A	N	25093	25094	\N	\N	nt	1
1803	A	N	25094	25095	\N	\N	nt	1
1804	C	N	25095	25096	\N	\N	nt	1
1805	A	N	25096	25097	\N	\N	nt	1
1806	T	N	25097	25098	\N	\N	nt	1
1807	T	N	25098	25099	\N	\N	nt	1
1808	C	N	25099	25100	\N	\N	nt	1
1809	A	N	25100	25101	\N	\N	nt	1
1810	A	N	25101	25102	\N	\N	nt	1
1811	A	N	25102	25103	\N	\N	nt	1
1812	A	N	25103	25104	\N	\N	nt	1
1813	A	N	25104	25105	\N	\N	nt	1
1814	G	N	25105	25106	\N	\N	nt	1
1815	A	N	25106	25107	\N	\N	nt	1
1816	A	N	25107	25108	\N	\N	nt	1
1817	A	N	25108	25109	\N	\N	nt	1
1818	T	N	25109	25110	\N	\N	nt	1
1819	T	N	25110	25111	\N	\N	nt	1
1820	G	N	25111	25112	\N	\N	nt	1
1821	A	N	25112	25113	\N	\N	nt	1
1822	C	N	25113	25114	\N	\N	nt	1
1823	C	N	25114	25115	\N	\N	nt	1
1824	G	N	25115	25116	\N	\N	nt	1
1825	C	N	25116	25117	\N	\N	nt	1
1826	C	N	25117	25118	\N	\N	nt	1
1827	T	N	25118	25119	\N	\N	nt	1
1828	C	N	25119	25120	\N	\N	nt	1
1829	A	N	25120	25121	\N	\N	nt	1
1830	A	N	25121	25122	\N	\N	nt	1
1831	T	N	25122	25123	\N	\N	nt	1
1832	G	N	25123	25124	\N	\N	nt	1
1833	A	N	25124	25125	\N	\N	nt	1
1834	G	N	25125	25126	\N	\N	nt	1
1835	G	N	25126	25127	\N	\N	nt	1
1836	T	N	25127	25128	\N	\N	nt	1
1837	T	N	25128	25129	\N	\N	nt	1
1838	G	N	25129	25130	\N	\N	nt	1
1839	C	N	25130	25131	\N	\N	nt	1
1840	C	N	25131	25132	\N	\N	nt	1
1841	A	N	25132	25133	\N	\N	nt	1
1842	A	N	25133	25134	\N	\N	nt	1
1843	G	N	25134	25135	\N	\N	nt	1
1844	A	N	25135	25136	\N	\N	nt	1
1845	A	N	25136	25137	\N	\N	nt	1
1846	T	N	25137	25138	\N	\N	nt	1
1847	T	N	25138	25139	\N	\N	nt	1
1848	T	N	25139	25140	\N	\N	nt	1
1849	A	N	25140	25141	\N	\N	nt	1
1850	A	N	25141	25142	\N	\N	nt	1
1851	A	N	25142	25143	\N	\N	nt	1
1852	T	N	25143	25144	\N	\N	nt	1
1853	G	N	25144	25145	\N	\N	nt	1
1854	A	N	25145	25146	\N	\N	nt	1
1855	A	N	25146	25147	\N	\N	nt	1
1856	T	N	25147	25148	\N	\N	nt	1
1857	C	N	25148	25149	\N	\N	nt	1
1858	T	N	25149	25150	\N	\N	nt	1
1859	C	N	25150	25151	\N	\N	nt	1
1860	T	N	25151	25152	\N	\N	nt	1
1861	C	N	25152	25153	\N	\N	nt	1
1862	A	N	25153	25154	\N	\N	nt	1
1863	T	N	25154	25155	\N	\N	nt	1
1864	C	N	25155	25156	\N	\N	nt	1
1865	G	N	25156	25157	\N	\N	nt	1
1866	A	N	25157	25158	\N	\N	nt	1
1867	T	N	25158	25159	\N	\N	nt	1
1868	C	N	25159	25160	\N	\N	nt	1
1869	T	N	25160	25161	\N	\N	nt	1
1870	C	N	25161	25162	\N	\N	nt	1
1871	C	N	25162	25163	\N	\N	nt	1
1872	A	N	25163	25164	\N	\N	nt	1
1873	A	N	25164	25165	\N	\N	nt	1
1874	G	N	25165	25166	\N	\N	nt	1
1875	A	N	25166	25167	\N	\N	nt	1
1876	A	N	25167	25168	\N	\N	nt	1
1877	C	N	25168	25169	\N	\N	nt	1
1878	T	N	25169	25170	\N	\N	nt	1
1879	T	N	25170	25171	\N	\N	nt	1
1880	G	N	25171	25172	\N	\N	nt	1
1881	G	N	25172	25173	\N	\N	nt	1
1882	A	N	25173	25174	\N	\N	nt	1
1883	A	N	25174	25175	\N	\N	nt	1
1884	A	N	25175	25176	\N	\N	nt	1
1885	G	N	25176	25177	\N	\N	nt	1
1886	T	N	25177	25178	\N	\N	nt	1
1887	A	N	25178	25179	\N	\N	nt	1
1888	T	N	25179	25180	\N	\N	nt	1
1889	G	N	25180	25181	\N	\N	nt	1
1890	A	N	25181	25182	\N	\N	nt	1
1891	G	N	25182	25183	\N	\N	nt	1
1892	C	N	25183	25184	\N	\N	nt	1
1893	A	N	25184	25185	\N	\N	nt	1
1894	G	N	25185	25186	\N	\N	nt	1
1895	T	N	25186	25187	\N	\N	nt	1
1896	A	N	25187	25188	\N	\N	nt	1
1897	T	N	25188	25189	\N	\N	nt	1
1898	A	N	25189	25190	\N	\N	nt	1
1899	T	N	25190	25191	\N	\N	nt	1
1900	A	N	25191	25192	\N	\N	nt	1
1901	A	N	25192	25193	\N	\N	nt	1
1902	A	N	25193	25194	\N	\N	nt	1
1903	A	N	25194	25195	\N	\N	nt	1
1904	T	N	25195	25196	\N	\N	nt	1
1905	G	N	25196	25197	\N	\N	nt	1
1906	G	N	25197	25198	\N	\N	nt	1
1907	C	N	25198	25199	\N	\N	nt	1
1908	C	N	25199	25200	\N	\N	nt	1
1909	A	N	25200	25201	\N	\N	nt	1
1910	T	N	25201	25202	\N	\N	nt	1
1911	G	N	25202	25203	\N	\N	nt	1
1912	G	N	25203	25204	\N	\N	nt	1
1913	T	N	25204	25205	\N	\N	nt	1
1914	A	N	25205	25206	\N	\N	nt	1
1915	C	N	25206	25207	\N	\N	nt	1
1916	A	N	25207	25208	\N	\N	nt	1
1917	T	N	25208	25209	\N	\N	nt	1
1918	T	N	25209	25210	\N	\N	nt	1
1919	T	N	25210	25211	\N	\N	nt	1
1920	G	N	25211	25212	\N	\N	nt	1
1921	G	N	25212	25213	\N	\N	nt	1
1922	C	N	25213	25214	\N	\N	nt	1
1923	T	N	25214	25215	\N	\N	nt	1
1924	A	N	25215	25216	\N	\N	nt	1
1925	G	N	25216	25217	\N	\N	nt	1
1926	G	N	25217	25218	\N	\N	nt	1
1927	T	N	25218	25219	\N	\N	nt	1
1928	T	N	25219	25220	\N	\N	nt	1
1929	T	N	25220	25221	\N	\N	nt	1
1930	T	N	25221	25222	\N	\N	nt	1
1931	A	N	25222	25223	\N	\N	nt	1
1932	T	N	25223	25224	\N	\N	nt	1
1933	A	N	25224	25225	\N	\N	nt	1
1934	G	N	25225	25226	\N	\N	nt	1
1935	C	N	25226	25227	\N	\N	nt	1
1936	T	N	25227	25228	\N	\N	nt	1
1937	G	N	25228	25229	\N	\N	nt	1
1938	G	N	25229	25230	\N	\N	nt	1
1939	C	N	25230	25231	\N	\N	nt	1
1940	T	N	25231	25232	\N	\N	nt	1
1941	T	N	25232	25233	\N	\N	nt	1
1942	G	N	25233	25234	\N	\N	nt	1
1943	A	N	25234	25235	\N	\N	nt	1
1944	T	N	25235	25236	\N	\N	nt	1
1945	T	N	25236	25237	\N	\N	nt	1
1946	G	N	25237	25238	\N	\N	nt	1
1947	C	N	25238	25239	\N	\N	nt	1
1948	C	N	25239	25240	\N	\N	nt	1
1949	A	N	25240	25241	\N	\N	nt	1
1950	T	N	25241	25242	\N	\N	nt	1
1951	A	N	25242	25243	\N	\N	nt	1
1952	G	N	25243	25244	\N	\N	nt	1
1953	T	N	25244	25245	\N	\N	nt	1
1954	A	N	25245	25246	\N	\N	nt	1
1955	A	N	25246	25247	\N	\N	nt	1
1956	T	N	25247	25248	\N	\N	nt	1
1957	G	N	25248	25249	\N	\N	nt	1
1958	G	N	25249	25250	\N	\N	nt	1
1959	T	N	25250	25251	\N	\N	nt	1
1960	G	N	25251	25252	\N	\N	nt	1
1961	A	N	25252	25253	\N	\N	nt	1
1962	C	N	25253	25254	\N	\N	nt	1
1963	A	N	25254	25255	\N	\N	nt	1
1964	A	N	25255	25256	\N	\N	nt	1
1965	T	N	25256	25257	\N	\N	nt	1
1966	T	N	25257	25258	\N	\N	nt	1
1967	A	N	25258	25259	\N	\N	nt	1
1968	T	N	25259	25260	\N	\N	nt	1
1969	G	N	25260	25261	\N	\N	nt	1
1970	C	N	25261	25262	\N	\N	nt	1
1971	T	N	25262	25263	\N	\N	nt	1
1972	T	N	25263	25264	\N	\N	nt	1
1973	T	N	25264	25265	\N	\N	nt	1
1974	G	N	25265	25266	\N	\N	nt	1
1975	C	N	25266	25267	\N	\N	nt	1
1976	T	N	25267	25268	\N	\N	nt	1
1977	G	N	25268	25269	\N	\N	nt	1
1978	T	N	25269	25270	\N	\N	nt	1
1979	A	N	25270	25271	\N	\N	nt	1
1980	T	N	25271	25272	\N	\N	nt	1
1981	G	N	25272	25273	\N	\N	nt	1
1982	A	N	25273	25274	\N	\N	nt	1
1983	C	N	25274	25275	\N	\N	nt	1
1984	C	N	25275	25276	\N	\N	nt	1
1985	A	N	25276	25277	\N	\N	nt	1
1986	G	N	25277	25278	\N	\N	nt	1
1987	T	N	25278	25279	\N	\N	nt	1
1988	T	N	25279	25280	\N	\N	nt	1
1989	G	N	25280	25281	\N	\N	nt	1
1990	C	N	25281	25282	\N	\N	nt	1
1991	T	N	25282	25283	\N	\N	nt	1
1992	G	N	25283	25284	\N	\N	nt	1
1993	T	N	25284	25285	\N	\N	nt	1
1994	A	N	25285	25286	\N	\N	nt	1
1995	G	N	25286	25287	\N	\N	nt	1
1996	T	N	25287	25288	\N	\N	nt	1
1997	T	N	25288	25289	\N	\N	nt	1
1998	G	N	25289	25290	\N	\N	nt	1
1999	T	N	25290	25291	\N	\N	nt	1
2000	C	N	25291	25292	\N	\N	nt	1
2001	C	T	25583	25584	\N	\N	nt	1
2002	C	T	26269	26270	\N	\N	nt	1
2003	A	G	26529	26530	\N	\N	nt	1
2004	C	G	26576	26577	\N	\N	nt	1
2005	G	A	26708	26709	\N	\N	nt	1
2006	A	C	27258	27259	\N	\N	nt	1
2095	C	T	27806	27807	\N	\N	nt	1
2106	C	N	27835	27836	\N	\N	nt	1
2107	T	N	27836	27837	\N	\N	nt	1
2108	T	N	27837	27838	\N	\N	nt	1
2109	T	N	27838	27839	\N	\N	nt	1
2110	T	N	27839	27840	\N	\N	nt	1
2111	G	N	27840	27841	\N	\N	nt	1
2112	G	N	27841	27842	\N	\N	nt	1
2113	T	N	27842	27843	\N	\N	nt	1
2114	T	N	27843	27844	\N	\N	nt	1
2115	C	N	27844	27845	\N	\N	nt	1
2116	T	N	27845	27846	\N	\N	nt	1
2117	C	N	27846	27847	\N	\N	nt	1
2118	A	N	27847	27848	\N	\N	nt	1
2119	C	N	27848	27849	\N	\N	nt	1
2120	T	N	27849	27850	\N	\N	nt	1
2121	T	N	27850	27851	\N	\N	nt	1
2122	G	N	27851	27852	\N	\N	nt	1
2123	A	N	27852	27853	\N	\N	nt	1
2124	A	N	27853	27854	\N	\N	nt	1
2125	C	N	27854	27855	\N	\N	nt	1
2126	T	N	27855	27856	\N	\N	nt	1
2127	G	N	27856	27857	\N	\N	nt	1
2128	C	N	27857	27858	\N	\N	nt	1
2129	A	N	27858	27859	\N	\N	nt	1
2130	A	N	27859	27860	\N	\N	nt	1
2131	G	N	27860	27861	\N	\N	nt	1
2132	A	N	27861	27862	\N	\N	nt	1
2133	T	N	27862	27863	\N	\N	nt	1
2134	C	N	27863	27864	\N	\N	nt	1
2135	A	N	27864	27865	\N	\N	nt	1
2136	T	N	27865	27866	\N	\N	nt	1
2137	A	N	27866	27867	\N	\N	nt	1
2138	A	N	27867	27868	\N	\N	nt	1
2139	T	N	27868	27869	\N	\N	nt	1
2140	G	N	27869	27870	\N	\N	nt	1
2141	A	N	27870	27871	\N	\N	nt	1
2142	A	N	27871	27872	\N	\N	nt	1
2143	A	N	27872	27873	\N	\N	nt	1
2144	C	N	27873	27874	\N	\N	nt	1
2145	T	N	27874	27875	\N	\N	nt	1
2146	T	N	27875	27876	\N	\N	nt	1
2147	G	N	27876	27877	\N	\N	nt	1
2148	T	N	27877	27878	\N	\N	nt	1
2149	C	N	27878	27879	\N	\N	nt	1
2150	A	N	27879	27880	\N	\N	nt	1
2151	C	N	27880	27881	\N	\N	nt	1
2152	G	N	27881	27882	\N	\N	nt	1
2153	C	N	27882	27883	\N	\N	nt	1
2154	C	N	27883	27884	\N	\N	nt	1
2155	T	N	27884	27885	\N	\N	nt	1
2156	A	N	27885	27886	\N	\N	nt	1
2157	A	N	27886	27887	\N	\N	nt	1
2158	A	N	27887	27888	\N	\N	nt	1
2159	C	N	27888	27889	\N	\N	nt	1
2160	G	N	27889	27890	\N	\N	nt	1
2161	A	N	27890	27891	\N	\N	nt	1
2162	A	N	27891	27892	\N	\N	nt	1
2163	C	N	27892	27893	\N	\N	nt	1
2164	A	N	27893	27894	\N	\N	nt	1
2165	T	N	27894	27895	\N	\N	nt	1
2166	G	N	27895	27896	\N	\N	nt	1
2167	A	N	27896	27897	\N	\N	nt	1
2168	A	N	27897	27898	\N	\N	nt	1
2169	A	N	27898	27899	\N	\N	nt	1
2170	T	N	27899	27900	\N	\N	nt	1
2171	T	N	27900	27901	\N	\N	nt	1
2172	T	N	27901	27902	\N	\N	nt	1
2173	C	N	27902	27903	\N	\N	nt	1
2174	T	N	27903	27904	\N	\N	nt	1
2175	T	N	27904	27905	\N	\N	nt	1
2176	G	N	27905	27906	\N	\N	nt	1
2177	T	N	27906	27907	\N	\N	nt	1
2178	T	N	27907	27908	\N	\N	nt	1
2179	T	N	27908	27909	\N	\N	nt	1
2180	T	N	27909	27910	\N	\N	nt	1
2181	C	N	27910	27911	\N	\N	nt	1
2182	T	N	27911	27912	\N	\N	nt	1
2183	T	N	27912	27913	\N	\N	nt	1
2184	C	N	27963	27964	\N	\N	nt	1
2185	A	N	27964	27965	\N	\N	nt	1
2186	T	N	27965	27966	\N	\N	nt	1
2187	G	N	27966	27967	\N	\N	nt	1
2188	T	N	27967	27968	\N	\N	nt	1
2189	A	N	27968	27969	\N	\N	nt	1
2190	C	N	27969	27970	\N	\N	nt	1
2191	T	N	27970	27971	\N	\N	nt	1
2192	C	N	27971	27972	\N	\N	nt	1
2193	A	N	27972	27973	\N	\N	nt	1
2194	C	N	27977	27978	\N	\N	nt	1
2195	A	N	27978	27979	\N	\N	nt	1
2196	A	N	27979	27980	\N	\N	nt	1
2197	C	N	27980	27981	\N	\N	nt	1
2198	C	N	27981	27982	\N	\N	nt	1
2199	G	N	27989	27990	\N	\N	nt	1
2200	T	N	27991	27992	\N	\N	nt	1
2201	G	N	27992	27993	\N	\N	nt	1
2202	A	N	27993	27994	\N	\N	nt	1
2203	T	N	27994	27995	\N	\N	nt	1
2204	G	N	27995	27996	\N	\N	nt	1
2205	A	N	27996	27997	\N	\N	nt	1
2206	C	N	27997	27998	\N	\N	nt	1
2207	A	N	28036	28037	\N	\N	nt	1
2208	G	N	28037	28038	\N	\N	nt	1
2209	T	N	28038	28039	\N	\N	nt	1
2210	A	N	28039	28040	\N	\N	nt	1
2211	G	N	28040	28041	\N	\N	nt	1
2212	G	N	28041	28042	\N	\N	nt	1
2213	A	N	28042	28043	\N	\N	nt	1
2214	G	N	28043	28044	\N	\N	nt	1
2215	C	N	28044	28045	\N	\N	nt	1
2216	T	N	28045	28046	\N	\N	nt	1
2217	A	N	28046	28047	\N	\N	nt	1
2218	G	N	28047	28048	\N	\N	nt	1
2219	C	N	28053	28054	\N	\N	nt	1
2220	A	N	28054	28055	\N	\N	nt	1
2221	G	N	28055	28056	\N	\N	nt	1
2222	C	N	28056	28057	\N	\N	nt	1
2223	A	N	28057	28058	\N	\N	nt	1
2224	C	N	28058	28059	\N	\N	nt	1
2225	C	N	28059	28060	\N	\N	nt	1
2226	T	N	28060	28061	\N	\N	nt	1
2227	T	N	28061	28062	\N	\N	nt	1
2228	A	N	28063	28064	\N	\N	nt	1
2229	A	T	28270	28271	\N	\N	nt	1
2230	C	T	28310	28311	\N	\N	nt	1
2231	GAGAACGCA	\N	28361	28370	\N	\N	nt	1
2232	G	A	28880	28881	\N	\N	nt	1
2233	G	A	28881	28882	\N	\N	nt	1
2234	G	C	28882	28883	\N	\N	nt	1
2235	CCATGTGATTTTAATAGCTTCTTAGGAGAATGACAAAAAAAAAAAAAAAAAAAAAAAAAAAAAAAAA	\N	29836	29903	\N	\N	nt	1
2236	C	X	505	506	\N	1	cds	1
2237	G	X	506	507	\N	1	cds	1
2238	N	X	507	508	\N	1	cds	1
2239	F	X	508	509	\N	1	cds	1
2240	K	X	509	510	\N	1	cds	1
2241	V	X	510	511	\N	1	cds	1
2242	T	X	511	512	\N	1	cds	1
2243	K	X	512	513	\N	1	cds	1
2244	G	X	513	514	\N	1	cds	1
2245	K	X	514	515	\N	1	cds	1
2246	A	X	515	516	\N	1	cds	1
2247	K	X	516	517	\N	1	cds	1
2248	K	X	517	518	\N	1	cds	1
2249	K	R	855	856	\N	1	cds	1
2250	E	X	2211	2212	\N	1	cds	1
2251	A	X	2212	2213	\N	1	cds	1
2252	S	X	2213	2214	\N	1	cds	1
2253	F	X	2214	2215	\N	1	cds	1
2254	N	X	2215	2216	\N	1	cds	1
2255	Y	X	2216	2217	\N	1	cds	1
2256	L	X	2217	2218	\N	1	cds	1
2257	K	X	2218	2219	\N	1	cds	1
2258	S	X	2219	2220	\N	1	cds	1
2259	L	X	2233	2234	\N	1	cds	1
2260	L	X	2234	2235	\N	1	cds	1
2261	C	X	2238	2239	\N	1	cds	1
2262	Y	X	2244	2245	\N	1	cds	1
2263	S	X	2245	2246	\N	1	cds	1
2264	A	X	2247	2248	\N	1	cds	1
2265	S	X	2260	2261	\N	1	cds	1
2266	C	X	2262	2263	\N	1	cds	1
2267	T	X	2263	2264	\N	1	cds	1
2268	A	T	2709	2710	\N	1	cds	1
2270	P	H	3394	3395	\N	1	cds	1
2271	I	V	3757	3758	\N	1	cds	1
2273	P	L	5827	5828	\N	1	cds	1
2274	I	V	5966	5967	\N	1	cds	1
2275	K	X	6655	6656	\N	1	cds	1
2276	P	X	6656	6657	\N	1	cds	1
2277	R	X	6657	6658	\N	1	cds	1
2278	S	X	6658	6659	\N	1	cds	1
2279	Q	X	6659	6660	\N	1	cds	1
2280	M	X	6660	6661	\N	1	cds	1
2281	E	X	6661	6662	\N	1	cds	1
2282	I	X	6662	6663	\N	1	cds	1
2283	D	X	6663	6664	\N	1	cds	1
2284	F	X	6664	6665	\N	1	cds	1
2285	L	X	6665	6666	\N	1	cds	1
2286	E	X	6666	6667	\N	1	cds	1
2287	L	X	6667	6668	\N	1	cds	1
2288	A	X	6668	6669	\N	1	cds	1
2289	M	X	6669	6670	\N	1	cds	1
2290	D	X	6670	6671	\N	1	cds	1
2291	E	X	6671	6672	\N	1	cds	1
2292	F	X	6672	6673	\N	1	cds	1
2293	I	X	6673	6674	\N	1	cds	1
2294	E	X	6674	6675	\N	1	cds	1
2295	R	X	6675	6676	\N	1	cds	1
2296	Y	X	6676	6677	\N	1	cds	1
2297	K	X	6677	6678	\N	1	cds	1
2298	L	X	6678	6679	\N	1	cds	1
2299	E	X	6679	6680	\N	1	cds	1
2300	Y	X	6681	6682	\N	1	cds	1
2301	A	X	6682	6683	\N	1	cds	1
2302	F	X	6683	6684	\N	1	cds	1
2303	E	X	6684	6685	\N	1	cds	1
2304	H	X	6685	6686	\N	1	cds	1
2305	I	X	6686	6687	\N	1	cds	1
2306	V	X	6687	6688	\N	1	cds	1
2307	Y	X	6688	6689	\N	1	cds	1
2308	G	X	6689	6690	\N	1	cds	1
2309	D	X	6690	6691	\N	1	cds	1
2310	F	X	6691	6692	\N	1	cds	1
2311	S	X	6692	6693	\N	1	cds	1
2312	H	X	6693	6694	\N	1	cds	1
2313	S	X	6694	6695	\N	1	cds	1
2314	Q	X	6695	6696	\N	1	cds	1
2315	L	X	6696	6697	\N	1	cds	1
2316	G	X	6697	6698	\N	1	cds	1
2317	G	X	6698	6699	\N	1	cds	1
2318	L	X	6699	6700	\N	1	cds	1
2319	H	X	6700	6701	\N	1	cds	1
2320	L	X	6701	6702	\N	1	cds	1
2321	L	X	6702	6703	\N	1	cds	1
2322	I	X	6703	6704	\N	1	cds	1
2323	G	X	6704	6705	\N	1	cds	1
2324	L	X	6705	6706	\N	1	cds	1
2325	A	X	6706	6707	\N	1	cds	1
2326	K	X	6707	6708	\N	1	cds	1
2327	R	X	6708	6709	\N	1	cds	1
2328	F	X	6709	6710	\N	1	cds	1
2329	K	X	6710	6711	\N	1	cds	1
2330	E	X	6711	6712	\N	1	cds	1
2331	S	X	6712	6713	\N	1	cds	1
2332	P	X	6713	6714	\N	1	cds	1
2333	F	X	6714	6715	\N	1	cds	1
2334	E	X	6715	6716	\N	1	cds	1
2335	L	X	6716	6717	\N	1	cds	1
2336	E	X	6717	6718	\N	1	cds	1
2337	D	X	6718	6719	\N	1	cds	1
2338	F	X	6719	6720	\N	1	cds	1
2339	I	X	6720	6721	\N	1	cds	1
2340	P	X	6721	6722	\N	1	cds	1
2341	M	X	6722	6723	\N	1	cds	1
2342	D	X	6723	6724	\N	1	cds	1
2343	S	X	6724	6725	\N	1	cds	1
2344	T	X	6725	6726	\N	1	cds	1
2345	V	X	6726	6727	\N	1	cds	1
2346	K	X	6727	6728	\N	1	cds	1
2347	N	X	6728	6729	\N	1	cds	1
2348	Y	X	6729	6730	\N	1	cds	1
2349	F	X	6730	6731	\N	1	cds	1
2350	I	X	6731	6732	\N	1	cds	1
2351	T	X	6732	6733	\N	1	cds	1
2352	D	X	6733	6734	\N	1	cds	1
2353	A	V	66	67	\N	2	cds	1
2354	T	I	94	95	\N	2	cds	1
2355	E	X	153	154	\N	2	cds	1
2356	S	X	154	155	\N	2	cds	1
2357	E	X	155	156	\N	2	cds	1
2358	F	X	156	157	\N	2	cds	1
2359	R	X	157	158	\N	2	cds	1
2360	V	X	158	159	\N	2	cds	1
2361	Y	X	159	160	\N	2	cds	1
2362	S	X	160	161	\N	2	cds	1
2363	S	X	161	162	\N	2	cds	1
2364	A	X	162	163	\N	2	cds	1
2365	N	X	163	164	\N	2	cds	1
2366	N	X	164	165	\N	2	cds	1
2367	C	X	165	166	\N	2	cds	1
2368	T	X	166	167	\N	2	cds	1
2369	F	X	167	168	\N	2	cds	1
2370	E	X	168	169	\N	2	cds	1
2371	Y	X	169	170	\N	2	cds	1
2372	V	X	170	171	\N	2	cds	1
2373	S	X	171	172	\N	2	cds	1
2374	Q	X	172	173	\N	2	cds	1
2375	P	X	173	174	\N	2	cds	1
2376	F	X	174	175	\N	2	cds	1
2377	L	X	175	176	\N	2	cds	1
2378	M	X	176	177	\N	2	cds	1
2379	D	X	177	178	\N	2	cds	1
2380	L	X	178	179	\N	2	cds	1
2381	E	X	179	180	\N	2	cds	1
2382	G	X	180	181	\N	2	cds	1
2383	K	X	181	182	\N	2	cds	1
2384	Q	X	182	183	\N	2	cds	1
2385	G	X	183	184	\N	2	cds	1
2386	N	X	184	185	\N	2	cds	1
2387	F	X	185	186	\N	2	cds	1
2388	K	X	186	187	\N	2	cds	1
2389	N	X	187	188	\N	2	cds	1
2390	L	X	188	189	\N	2	cds	1
2391	R	X	189	190	\N	2	cds	1
2392	E	X	190	191	\N	2	cds	1
2393	F	X	191	192	\N	2	cds	1
2394	V	X	192	193	\N	2	cds	1
2395	F	X	193	194	\N	2	cds	1
2396	K	X	194	195	\N	2	cds	1
2397	N	X	195	196	\N	2	cds	1
2398	I	X	196	197	\N	2	cds	1
2399	D	X	197	198	\N	2	cds	1
2400	G	X	198	199	\N	2	cds	1
2401	Y	X	199	200	\N	2	cds	1
2402	F	X	200	201	\N	2	cds	1
2403	K	X	201	202	\N	2	cds	1
2404	I	X	202	203	\N	2	cds	1
2405	Y	X	203	204	\N	2	cds	1
2406	S	X	204	205	\N	2	cds	1
2407	K	X	205	206	\N	2	cds	1
2408	H	X	206	207	\N	2	cds	1
2409	T	X	207	208	\N	2	cds	1
2410	P	X	208	209	\N	2	cds	1
2411	I	X	209	210	\N	2	cds	1
2412	N	X	210	211	\N	2	cds	1
2413	L	X	211	212	\N	2	cds	1
2414	V	X	212	213	\N	2	cds	1
2415	R	X	213	214	\N	2	cds	1
2416	D	X	214	215	\N	2	cds	1
2417	L	X	215	216	\N	2	cds	1
2418	P	X	216	217	\N	2	cds	1
2419	Q	X	217	218	\N	2	cds	1
2420	G	X	218	219	\N	2	cds	1
2421	F	X	219	220	\N	2	cds	1
2422	S	X	220	221	\N	2	cds	1
2423	A	X	221	222	\N	2	cds	1
2424	L	X	222	223	\N	2	cds	1
2425	E	X	223	224	\N	2	cds	1
2426	P	X	224	225	\N	2	cds	1
2427	L	X	225	226	\N	2	cds	1
2428	V	X	226	227	\N	2	cds	1
2429	D	X	227	228	\N	2	cds	1
2430	L	X	228	229	\N	2	cds	1
2431	P	X	229	230	\N	2	cds	1
2432	I	X	230	231	\N	2	cds	1
2433	G	X	231	232	\N	2	cds	1
2434	I	X	232	233	\N	2	cds	1
2435	N	X	233	234	\N	2	cds	1
2436	I	X	234	235	\N	2	cds	1
2437	T	X	235	236	\N	2	cds	1
2438	R	X	236	237	\N	2	cds	1
2439	F	X	237	238	\N	2	cds	1
2440	Q	X	238	239	\N	2	cds	1
2441	T	X	239	240	\N	2	cds	1
2442	L	X	240	241	\N	2	cds	1
2443	L	X	241	242	\N	2	cds	1
2444	A	X	242	243	\N	2	cds	1
2445	G	D	338	339	\N	2	cds	1
2446	R	K	345	346	\N	2	cds	1
2447	R	X	354	355	\N	2	cds	1
2448	K	X	355	356	\N	2	cds	1
2449	R	X	356	357	\N	2	cds	1
2450	I	X	357	358	\N	2	cds	1
2451	S	X	358	359	\N	2	cds	1
2452	N	X	359	360	\N	2	cds	1
2453	C	X	360	361	\N	2	cds	1
2454	V	X	361	362	\N	2	cds	1
2455	A	X	362	363	\N	2	cds	1
2456	D	X	363	364	\N	2	cds	1
2457	Y	X	364	365	\N	2	cds	1
2458	S	X	365	366	\N	2	cds	1
2459	V	X	366	367	\N	2	cds	1
2460	L	X	367	368	\N	2	cds	1
2461	Y	X	368	369	\N	2	cds	1
2462	N	X	369	370	\N	2	cds	1
2463	S	X	370	371	\N	2	cds	1
2464	A	X	371	372	\N	2	cds	1
2465	S	X	372	373	\N	2	cds	1
2466	F	X	373	374	\N	2	cds	1
2467	S	X	374	375	\N	2	cds	1
2468	T	X	375	376	\N	2	cds	1
2469	F	X	376	377	\N	2	cds	1
2470	K	X	377	378	\N	2	cds	1
2471	C	X	378	379	\N	2	cds	1
2472	Y	X	379	380	\N	2	cds	1
2473	G	X	380	381	\N	2	cds	1
2474	V	X	381	382	\N	2	cds	1
2475	S	X	382	383	\N	2	cds	1
2476	P	X	383	384	\N	2	cds	1
2477	T	X	384	385	\N	2	cds	1
2478	K	X	385	386	\N	2	cds	1
2479	L	X	386	387	\N	2	cds	1
2480	N	X	387	388	\N	2	cds	1
2481	D	X	388	389	\N	2	cds	1
2482	L	X	389	390	\N	2	cds	1
2483	C	X	390	391	\N	2	cds	1
2484	F	X	391	392	\N	2	cds	1
2485	T	X	392	393	\N	2	cds	1
2486	N	X	393	394	\N	2	cds	1
2487	V	X	394	395	\N	2	cds	1
2488	Y	X	395	396	\N	2	cds	1
2489	A	X	396	397	\N	2	cds	1
2490	D	X	397	398	\N	2	cds	1
2491	S	X	398	399	\N	2	cds	1
2492	F	X	399	400	\N	2	cds	1
2493	V	X	400	401	\N	2	cds	1
2494	I	X	401	402	\N	2	cds	1
2495	R	X	402	403	\N	2	cds	1
2496	G	X	403	404	\N	2	cds	1
2497	D	X	404	405	\N	2	cds	1
2498	E	X	405	406	\N	2	cds	1
2499	V	X	406	407	\N	2	cds	1
2500	R	X	407	408	\N	2	cds	1
2501	Q	X	408	409	\N	2	cds	1
2502	I	X	409	410	\N	2	cds	1
2503	A	X	410	411	\N	2	cds	1
2504	P	X	411	412	\N	2	cds	1
2505	G	X	412	413	\N	2	cds	1
2506	Q	X	413	414	\N	2	cds	1
2507	T	X	414	415	\N	2	cds	1
2508	G	X	415	416	\N	2	cds	1
2509	K	X	416	417	\N	2	cds	1
2510	I	X	417	418	\N	2	cds	1
2511	A	X	418	419	\N	2	cds	1
2512	D	X	419	420	\N	2	cds	1
2513	I	X	433	434	\N	2	cds	1
2514	A	X	434	435	\N	2	cds	1
2515	W	X	435	436	\N	2	cds	1
2516	N	X	436	437	\N	2	cds	1
2517	S	X	437	438	\N	2	cds	1
2518	N	X	438	439	\N	2	cds	1
2519	N	X	439	440	\N	2	cds	1
2520	L	X	440	441	\N	2	cds	1
2521	D	X	441	442	\N	2	cds	1
2522	S	X	442	443	\N	2	cds	1
2523	K	X	443	444	\N	2	cds	1
2524	V	X	444	445	\N	2	cds	1
2525	G	X	445	446	\N	2	cds	1
2526	G	X	446	447	\N	2	cds	1
2527	N	X	447	448	\N	2	cds	1
2528	Y	X	448	449	\N	2	cds	1
2529	N	X	449	450	\N	2	cds	1
2530	Y	X	450	451	\N	2	cds	1
2531	L	X	451	452	\N	2	cds	1
2532	Y	X	452	453	\N	2	cds	1
2533	R	X	453	454	\N	2	cds	1
2534	L	X	454	455	\N	2	cds	1
2535	F	X	455	456	\N	2	cds	1
2536	R	X	456	457	\N	2	cds	1
2537	K	X	457	458	\N	2	cds	1
2538	S	X	458	459	\N	2	cds	1
2539	N	X	459	460	\N	2	cds	1
2540	L	X	460	461	\N	2	cds	1
2541	K	X	461	462	\N	2	cds	1
2542	P	X	462	463	\N	2	cds	1
2543	F	X	463	464	\N	2	cds	1
2544	E	X	464	465	\N	2	cds	1
2545	R	X	465	466	\N	2	cds	1
2546	D	X	466	467	\N	2	cds	1
2547	I	X	467	468	\N	2	cds	1
2548	S	X	468	469	\N	2	cds	1
2549	T	X	469	470	\N	2	cds	1
2550	E	X	470	471	\N	2	cds	1
2551	I	X	471	472	\N	2	cds	1
2552	Y	X	472	473	\N	2	cds	1
2553	Q	X	473	474	\N	2	cds	1
2554	A	X	474	475	\N	2	cds	1
2555	G	X	475	476	\N	2	cds	1
2556	S	X	476	477	\N	2	cds	1
2557	T	X	477	478	\N	2	cds	1
2558	P	X	478	479	\N	2	cds	1
2559	C	X	479	480	\N	2	cds	1
2560	N	X	480	481	\N	2	cds	1
2561	G	X	481	482	\N	2	cds	1
2562	V	X	482	483	\N	2	cds	1
2563	E	X	483	484	\N	2	cds	1
2564	G	X	484	485	\N	2	cds	1
2565	F	X	485	486	\N	2	cds	1
2566	N	X	486	487	\N	2	cds	1
2567	C	X	487	488	\N	2	cds	1
2568	Y	X	488	489	\N	2	cds	1
2569	F	X	489	490	\N	2	cds	1
2570	P	X	490	491	\N	2	cds	1
2571	L	X	491	492	\N	2	cds	1
2572	Q	X	492	493	\N	2	cds	1
2573	S	X	493	494	\N	2	cds	1
2574	Y	X	494	495	\N	2	cds	1
2575	G	X	495	496	\N	2	cds	1
2576	F	X	496	497	\N	2	cds	1
2577	Q	X	497	498	\N	2	cds	1
2578	P	X	498	499	\N	2	cds	1
2579	T	X	499	500	\N	2	cds	1
2580	N	X	500	501	\N	2	cds	1
2581	G	X	501	502	\N	2	cds	1
2582	V	X	502	503	\N	2	cds	1
2583	G	X	503	504	\N	2	cds	1
2584	Y	X	504	505	\N	2	cds	1
2585	Q	X	505	506	\N	2	cds	1
2586	P	X	506	507	\N	2	cds	1
2587	Y	X	507	508	\N	2	cds	1
2588	R	X	508	509	\N	2	cds	1
2589	V	X	509	510	\N	2	cds	1
2590	V	X	510	511	\N	2	cds	1
2591	V	X	511	512	\N	2	cds	1
2592	L	X	512	513	\N	2	cds	1
2593	S	X	513	514	\N	2	cds	1
2594	F	X	514	515	\N	2	cds	1
2595	E	X	515	516	\N	2	cds	1
2596	L	X	516	517	\N	2	cds	1
2597	L	X	517	518	\N	2	cds	1
2598	H	X	518	519	\N	2	cds	1
2599	A	X	519	520	\N	2	cds	1
2600	P	X	520	521	\N	2	cds	1
2601	A	X	521	522	\N	2	cds	1
2602	T	X	522	523	\N	2	cds	1
2603	V	X	523	524	\N	2	cds	1
2604	T	K	546	547	\N	2	cds	1
2606	H	Y	654	655	\N	2	cds	1
2607	N	K	678	679	\N	2	cds	1
2608	P	H	680	681	\N	2	cds	1
2609	N	K	763	764	\N	2	cds	1
2610	D	Y	795	796	\N	2	cds	1
2611	N	K	855	856	\N	2	cds	1
2612	Q	H	953	954	\N	2	cds	1
2613	N	K	968	969	\N	2	cds	1
2614	L	F	980	981	\N	2	cds	1
2615	I	X	1171	1172	\N	2	cds	1
2616	N	X	1172	1173	\N	2	cds	1
2617	A	X	1173	1174	\N	2	cds	1
2618	S	X	1174	1175	\N	2	cds	1
2619	V	X	1175	1176	\N	2	cds	1
2620	V	X	1176	1177	\N	2	cds	1
2621	N	X	1177	1178	\N	2	cds	1
2622	I	X	1178	1179	\N	2	cds	1
2623	Q	X	1179	1180	\N	2	cds	1
2624	K	X	1180	1181	\N	2	cds	1
2625	E	X	1181	1182	\N	2	cds	1
2626	I	X	1182	1183	\N	2	cds	1
2627	D	X	1183	1184	\N	2	cds	1
2628	R	X	1184	1185	\N	2	cds	1
2629	L	X	1185	1186	\N	2	cds	1
2630	N	X	1186	1187	\N	2	cds	1
2631	E	X	1187	1188	\N	2	cds	1
2632	V	X	1188	1189	\N	2	cds	1
2633	A	X	1189	1190	\N	2	cds	1
2634	K	X	1190	1191	\N	2	cds	1
2635	N	X	1191	1192	\N	2	cds	1
2636	L	X	1192	1193	\N	2	cds	1
2637	N	X	1193	1194	\N	2	cds	1
2638	E	X	1194	1195	\N	2	cds	1
2639	S	X	1195	1196	\N	2	cds	1
2640	L	X	1196	1197	\N	2	cds	1
2641	I	X	1197	1198	\N	2	cds	1
2642	D	X	1198	1199	\N	2	cds	1
2643	L	X	1199	1200	\N	2	cds	1
2644	Q	X	1200	1201	\N	2	cds	1
2645	E	X	1201	1202	\N	2	cds	1
2646	L	X	1202	1203	\N	2	cds	1
2647	G	X	1203	1204	\N	2	cds	1
2648	K	X	1204	1205	\N	2	cds	1
2649	Y	X	1205	1206	\N	2	cds	1
2650	E	X	1206	1207	\N	2	cds	1
2651	Q	X	1207	1208	\N	2	cds	1
2652	Y	X	1208	1209	\N	2	cds	1
2653	I	X	1209	1210	\N	2	cds	1
2654	K	X	1210	1211	\N	2	cds	1
2655	W	X	1211	1212	\N	2	cds	1
2656	P	X	1212	1213	\N	2	cds	1
2657	W	X	1213	1214	\N	2	cds	1
2658	Y	X	1214	1215	\N	2	cds	1
2659	I	X	1215	1216	\N	2	cds	1
2660	W	X	1216	1217	\N	2	cds	1
2661	L	X	1217	1218	\N	2	cds	1
2662	G	X	1218	1219	\N	2	cds	1
2663	F	X	1219	1220	\N	2	cds	1
2664	I	X	1220	1221	\N	2	cds	1
2665	A	X	1221	1222	\N	2	cds	1
2666	G	X	1222	1223	\N	2	cds	1
2667	L	X	1223	1224	\N	2	cds	1
2668	I	X	1224	1225	\N	2	cds	1
2669	A	X	1225	1226	\N	2	cds	1
2670	I	X	1226	1227	\N	2	cds	1
2671	V	X	1227	1228	\N	2	cds	1
2672	M	X	1228	1229	\N	2	cds	1
2673	V	X	1229	1230	\N	2	cds	1
2674	T	X	1230	1231	\N	2	cds	1
2675	I	X	1231	1232	\N	2	cds	1
2676	M	X	1232	1233	\N	2	cds	1
2677	L	X	1233	1234	\N	2	cds	1
2678	C	X	1234	1235	\N	2	cds	1
2679	C	X	1235	1236	\N	2	cds	1
2680	M	X	1236	1237	\N	2	cds	1
2681	T	X	1237	1238	\N	2	cds	1
2682	S	X	1238	1239	\N	2	cds	1
2683	C	X	1239	1240	\N	2	cds	1
2684	C	X	1240	1241	\N	2	cds	1
2685	S	X	1241	1242	\N	2	cds	1
2686	C	X	1242	1243	\N	2	cds	1
2687	L	X	1243	1244	\N	2	cds	1
2688	T	I	8	9	\N	4	cds	1
2689	D	G	2	3	\N	5	cds	1
2690	Q	E	18	19	\N	5	cds	1
2691	A	T	62	63	\N	5	cds	1
2722	M	X	0	1	\N	8	cds	1
2723	K	X	1	2	\N	8	cds	1
2724	F	X	2	3	\N	8	cds	1
2725	L	X	3	4	\N	8	cds	1
2726	V	X	4	5	\N	8	cds	1
2727	F	X	5	6	\N	8	cds	1
2728	L	X	6	7	\N	8	cds	1
2729	S	X	23	24	\N	8	cds	1
2730	C	X	24	25	\N	8	cds	1
2731	T	X	25	26	\N	8	cds	1
2732	Q	X	26	27	\N	8	cds	1
2733	Q	X	28	29	\N	8	cds	1
2734	P	X	29	30	\N	8	cds	1
2735	V	X	32	33	\N	8	cds	1
2736	D	X	33	34	\N	8	cds	1
2737	D	X	34	35	\N	8	cds	1
2738	R	X	47	48	\N	8	cds	1
2739	V	X	48	49	\N	8	cds	1
2740	G	X	49	50	\N	8	cds	1
2741	A	X	50	51	\N	8	cds	1
2742	R	X	51	52	\N	8	cds	1
2743	S	X	53	54	\N	8	cds	1
2744	A	X	54	55	\N	8	cds	1
2745	P	X	55	56	\N	8	cds	1
2746	L	X	56	57	\N	8	cds	1
2747	P	L	12	13	\N	9	cds	1
2748	R	K	202	203	\N	9	cds	1
2749	G	R	203	204	\N	9	cds	1
2750	LS	\N	3673	3675	\N	1	cds	1
2751	H	\N	68	69	\N	2	cds	1
2752	VY	\N	142	144	\N	2	cds	1
2753	ER	\N	30	32	\N	9	cds	1
2754	ATTAAAGGTTTATACCTTCCCAGGTAACAAACCAACCAACTTTCGATCTCTTGT	\N	0	54	\N	\N	nt	1
2756	C	A	497	498	\N	\N	nt	1
2757	T	G	669	670	\N	\N	nt	1
2758	C	T	2789	2790	\N	\N	nt	1
2760	G	A	4183	4184	\N	\N	nt	1
2761	C	T	4320	4321	\N	\N	nt	1
2762	C	T	9343	9344	\N	\N	nt	1
2763	A	G	9423	9424	\N	\N	nt	1
2764	C	T	9533	9534	\N	\N	nt	1
2765	C	T	9865	9866	\N	\N	nt	1
2767	C	T	10197	10198	\N	\N	nt	1
2768	G	A	10446	10447	\N	\N	nt	1
2770	TCTGGTTTT	\N	11287	11296	\N	\N	nt	1
2771	C	T	12879	12880	\N	\N	nt	1
2773	C	T	15713	15714	\N	\N	nt	1
2774	T	C	15930	15931	\N	\N	nt	1
2775	C	T	17409	17410	\N	\N	nt	1
2777	C	T	19954	19955	\N	\N	nt	1
2778	A	G	20054	20055	\N	\N	nt	1
2779	C	T	21617	21618	\N	\N	nt	1
2780	TACCCCCTG	\N	21632	21641	\N	\N	nt	1
2781	T	C	21764	21765	\N	\N	nt	1
2783	T	G	22199	22200	\N	\N	nt	1
2785	C	T	22673	22674	\N	\N	nt	1
2786	T	C	22678	22679	\N	\N	nt	1
2787	C	T	22685	22686	\N	\N	nt	1
2788	A	G	22687	22688	\N	\N	nt	1
2789	G	A	22774	22775	\N	\N	nt	1
2790	A	C	22785	22786	\N	\N	nt	1
2791	C	T	22791	22792	\N	\N	nt	1
2792	G	T	22812	22813	\N	\N	nt	1
2793	G	A	22991	22992	\N	\N	nt	1
2795	A	C	23012	23013	\N	\N	nt	1
2796	A	G	23039	23040	\N	\N	nt	1
2797	A	G	23054	23055	\N	\N	nt	1
2798	A	T	23062	23063	\N	\N	nt	1
2799	T	C	23074	23075	\N	\N	nt	1
2810	A	G	25947	25948	\N	\N	nt	1
2811	C	T	26059	26060	\N	\N	nt	1
2815	C	T	26857	26858	\N	\N	nt	1
2817	G	C	27381	27382	\N	\N	nt	1
2818	A	T	27382	27383	\N	\N	nt	1
2819	T	C	27383	27384	\N	\N	nt	1
2827	C	T	29420	29421	\N	\N	nt	1
2828	A	C	29509	29510	\N	\N	nt	1
2829	GAGGCCACGCGGAGTACGATCGAGTG	\N	29733	29759	\N	\N	nt	1
2831	T	N	77	78	\N	1	cds	1
2832	S	R	134	135	\N	1	cds	1
2833	T	I	841	842	\N	1	cds	1
2834	G	S	1306	1307	\N	1	cds	1
2835	L	F	3026	3027	\N	1	cds	1
2836	T	I	3089	3090	\N	1	cds	1
2837	L	F	3200	3201	\N	1	cds	1
2841	Y	H	5222	5223	\N	1	cds	1
2842	R	C	5715	5716	\N	1	cds	1
2844	T	I	6563	6564	\N	1	cds	1
2845	T	I	18	19	\N	2	cds	1
2846	I	T	67	68	\N	2	cds	1
2848	V	G	212	213	\N	2	cds	1
2850	S	F	370	371	\N	2	cds	1
2851	S	P	372	373	\N	2	cds	1
2852	S	F	374	375	\N	2	cds	1
2853	T	A	375	376	\N	2	cds	1
2854	D	N	404	405	\N	2	cds	1
2855	R	S	407	408	\N	2	cds	1
2856	K	N	416	417	\N	2	cds	1
2857	S	N	476	477	\N	2	cds	1
2859	E	A	483	484	\N	2	cds	1
2860	Q	R	492	493	\N	2	cds	1
2861	Q	R	497	498	\N	2	cds	1
2862	N	Y	500	501	\N	2	cds	1
2863	Y	H	504	505	\N	2	cds	1
2872	I	V	185	186	\N	3	cds	1
2873	T	I	222	223	\N	3	cds	1
2877	D	L	60	61	\N	6	cds	1
2881	P	L	382	383	\N	9	cds	1
2882	S	R	412	413	\N	9	cds	1
2883	SG	\N	3674	3676	\N	1	cds	1
2884	F	\N	3676	3677	\N	1	cds	1
2885	PP	\N	24	26	\N	2	cds	1
2887	ATTAAAGGTTTATACCTTCCCAGGTAACAA	\N	0	30	\N	\N	nt	1
2891	A	G	3460	3461	\N	\N	nt	1
2893	G	A	5923	5924	\N	\N	nt	1
2908	ATT	\N	22193	22196	\N	\N	nt	1
2911	C	T	22623	22624	\N	\N	nt	1
2972	T	G	22881	22882	\N	\N	nt	1
2973	G	A	22897	22898	\N	\N	nt	1
2978	G	A	23047	23048	\N	\N	nt	1
2984	T	C	23488	23489	\N	\N	nt	1
2988	C	T	23663	23664	\N	\N	nt	1
3009	AATGACAAAAAAAAAAAAAAAAAAAAAAAAAAAAAAAAA	\N	29864	29903	\N	\N	nt	1
3011	K	E	1065	1066	\N	1	cds	1
3012	V	I	1886	1887	\N	1	cds	1
3044	N	K	439	440	\N	2	cds	1
3045	G	S	445	446	\N	2	cds	1
3050	G	S	495	496	\N	2	cds	1
3056	F	L	642	643	\N	2	cds	1
3060	A	V	700	701	\N	2	cds	1
3090	G	N	10146	10147	\N	\N	nt	1
3091	C	N	10147	10148	\N	\N	nt	1
3092	T	N	10148	10149	\N	\N	nt	1
3093	T	N	10149	10150	\N	\N	nt	1
3094	G	N	10150	10151	\N	\N	nt	1
3095	A	N	10151	10152	\N	\N	nt	1
3096	T	N	10152	10153	\N	\N	nt	1
3097	G	N	10153	10154	\N	\N	nt	1
3098	A	N	10154	10155	\N	\N	nt	1
3099	C	N	10155	10156	\N	\N	nt	1
3100	G	N	10156	10157	\N	\N	nt	1
3101	T	N	10157	10158	\N	\N	nt	1
3102	A	N	10158	10159	\N	\N	nt	1
3103	G	N	10159	10160	\N	\N	nt	1
3104	T	N	10160	10161	\N	\N	nt	1
3105	T	N	10161	10162	\N	\N	nt	1
3106	T	N	10162	10163	\N	\N	nt	1
3107	A	N	10163	10164	\N	\N	nt	1
3108	C	N	10164	10165	\N	\N	nt	1
3109	T	N	10165	10166	\N	\N	nt	1
3110	G	N	10166	10167	\N	\N	nt	1
3111	T	N	10167	10168	\N	\N	nt	1
3112	C	N	10168	10169	\N	\N	nt	1
3113	C	N	10169	10170	\N	\N	nt	1
3114	A	N	10170	10171	\N	\N	nt	1
3115	A	N	10171	10172	\N	\N	nt	1
3116	G	N	10172	10173	\N	\N	nt	1
3117	A	N	10173	10174	\N	\N	nt	1
3118	C	N	10174	10175	\N	\N	nt	1
3119	A	N	10175	10176	\N	\N	nt	1
3120	T	N	10176	10177	\N	\N	nt	1
3121	G	N	10177	10178	\N	\N	nt	1
3122	T	N	10178	10179	\N	\N	nt	1
3123	G	N	10179	10180	\N	\N	nt	1
3124	A	N	10180	10181	\N	\N	nt	1
3125	T	N	10181	10182	\N	\N	nt	1
3126	C	N	10182	10183	\N	\N	nt	1
3127	T	N	10183	10184	\N	\N	nt	1
3128	G	N	10184	10185	\N	\N	nt	1
3129	C	N	10185	10186	\N	\N	nt	1
3130	A	N	10186	10187	\N	\N	nt	1
3131	C	N	10187	10188	\N	\N	nt	1
3132	C	N	10188	10189	\N	\N	nt	1
3133	T	N	10189	10190	\N	\N	nt	1
3134	C	N	10190	10191	\N	\N	nt	1
3135	T	N	10191	10192	\N	\N	nt	1
3136	G	N	10192	10193	\N	\N	nt	1
3137	A	N	10193	10194	\N	\N	nt	1
3138	A	N	10194	10195	\N	\N	nt	1
3139	G	N	10195	10196	\N	\N	nt	1
3140	A	N	10196	10197	\N	\N	nt	1
3141	C	N	10197	10198	\N	\N	nt	1
3142	A	N	10198	10199	\N	\N	nt	1
3143	T	N	10199	10200	\N	\N	nt	1
3144	G	N	10200	10201	\N	\N	nt	1
3145	C	N	10201	10202	\N	\N	nt	1
3146	T	N	10202	10203	\N	\N	nt	1
3147	T	N	10203	10204	\N	\N	nt	1
3148	A	N	10204	10205	\N	\N	nt	1
3149	A	N	10205	10206	\N	\N	nt	1
3150	C	N	10206	10207	\N	\N	nt	1
3151	C	N	10207	10208	\N	\N	nt	1
3152	C	N	10208	10209	\N	\N	nt	1
3153	T	N	10209	10210	\N	\N	nt	1
3154	A	N	10210	10211	\N	\N	nt	1
3155	A	N	10211	10212	\N	\N	nt	1
3156	T	N	10212	10213	\N	\N	nt	1
3157	T	N	10213	10214	\N	\N	nt	1
3158	A	N	10214	10215	\N	\N	nt	1
3159	T	N	10215	10216	\N	\N	nt	1
3160	G	N	10216	10217	\N	\N	nt	1
3161	A	N	10217	10218	\N	\N	nt	1
3162	A	N	10218	10219	\N	\N	nt	1
3163	G	N	10219	10220	\N	\N	nt	1
3164	A	N	10220	10221	\N	\N	nt	1
3165	T	N	10221	10222	\N	\N	nt	1
3166	T	N	10222	10223	\N	\N	nt	1
3167	T	N	10223	10224	\N	\N	nt	1
3168	A	N	10224	10225	\N	\N	nt	1
3169	C	N	10225	10226	\N	\N	nt	1
3170	T	N	10226	10227	\N	\N	nt	1
3171	C	N	10227	10228	\N	\N	nt	1
3172	A	N	10228	10229	\N	\N	nt	1
3173	T	N	10229	10230	\N	\N	nt	1
3174	T	N	10230	10231	\N	\N	nt	1
3175	C	N	10231	10232	\N	\N	nt	1
3176	G	N	10232	10233	\N	\N	nt	1
3177	T	N	10233	10234	\N	\N	nt	1
3178	A	N	10234	10235	\N	\N	nt	1
3179	A	N	10235	10236	\N	\N	nt	1
3180	G	N	10236	10237	\N	\N	nt	1
3181	T	N	10237	10238	\N	\N	nt	1
3182	C	N	10238	10239	\N	\N	nt	1
3183	T	N	10239	10240	\N	\N	nt	1
3184	A	N	10240	10241	\N	\N	nt	1
3185	A	N	10241	10242	\N	\N	nt	1
3186	T	N	10242	10243	\N	\N	nt	1
3187	C	N	10243	10244	\N	\N	nt	1
3188	A	N	10244	10245	\N	\N	nt	1
3189	T	N	10245	10246	\N	\N	nt	1
3190	A	N	10246	10247	\N	\N	nt	1
3191	A	N	10247	10248	\N	\N	nt	1
3192	T	N	10248	10249	\N	\N	nt	1
3193	T	N	10249	10250	\N	\N	nt	1
3194	T	N	10250	10251	\N	\N	nt	1
3195	C	N	10251	10252	\N	\N	nt	1
3196	T	N	10252	10253	\N	\N	nt	1
3197	T	N	10253	10254	\N	\N	nt	1
3198	G	N	10254	10255	\N	\N	nt	1
3199	G	N	10255	10256	\N	\N	nt	1
3200	T	N	10256	10257	\N	\N	nt	1
3201	A	N	10257	10258	\N	\N	nt	1
3202	C	N	10258	10259	\N	\N	nt	1
3203	A	N	10259	10260	\N	\N	nt	1
3204	G	N	10260	10261	\N	\N	nt	1
3205	G	N	10261	10262	\N	\N	nt	1
3206	C	N	10262	10263	\N	\N	nt	1
3207	T	N	10263	10264	\N	\N	nt	1
3208	G	N	10264	10265	\N	\N	nt	1
3209	G	N	10265	10266	\N	\N	nt	1
3210	T	N	10266	10267	\N	\N	nt	1
3211	A	N	10267	10268	\N	\N	nt	1
3212	A	N	10268	10269	\N	\N	nt	1
3213	T	N	10269	10270	\N	\N	nt	1
3214	G	N	10270	10271	\N	\N	nt	1
3215	T	N	10271	10272	\N	\N	nt	1
3216	T	N	10272	10273	\N	\N	nt	1
3217	C	N	10273	10274	\N	\N	nt	1
3218	A	N	10274	10275	\N	\N	nt	1
3219	A	N	10275	10276	\N	\N	nt	1
3220	C	N	10276	10277	\N	\N	nt	1
3221	T	N	10277	10278	\N	\N	nt	1
3222	C	N	10278	10279	\N	\N	nt	1
3223	A	N	10279	10280	\N	\N	nt	1
3224	G	N	10280	10281	\N	\N	nt	1
3225	G	N	10281	10282	\N	\N	nt	1
3226	G	N	10282	10283	\N	\N	nt	1
3227	T	N	10283	10284	\N	\N	nt	1
3228	T	N	10284	10285	\N	\N	nt	1
3229	A	N	10285	10286	\N	\N	nt	1
3230	T	N	10286	10287	\N	\N	nt	1
3231	T	N	10287	10288	\N	\N	nt	1
3232	G	N	10288	10289	\N	\N	nt	1
3233	G	N	10289	10290	\N	\N	nt	1
3234	A	N	10290	10291	\N	\N	nt	1
3235	C	N	10291	10292	\N	\N	nt	1
3236	A	N	10292	10293	\N	\N	nt	1
3237	T	N	10293	10294	\N	\N	nt	1
3238	T	N	10294	10295	\N	\N	nt	1
3239	C	N	10295	10296	\N	\N	nt	1
3240	T	N	10296	10297	\N	\N	nt	1
3241	A	N	10297	10298	\N	\N	nt	1
3242	T	N	10298	10299	\N	\N	nt	1
3243	G	N	10299	10300	\N	\N	nt	1
3244	C	N	10300	10301	\N	\N	nt	1
3245	A	N	10301	10302	\N	\N	nt	1
3246	A	N	10302	10303	\N	\N	nt	1
3247	A	N	10303	10304	\N	\N	nt	1
3248	A	N	10304	10305	\N	\N	nt	1
3249	T	N	10305	10306	\N	\N	nt	1
3250	T	N	10306	10307	\N	\N	nt	1
3251	G	N	10307	10308	\N	\N	nt	1
3252	T	N	10308	10309	\N	\N	nt	1
3253	G	N	10309	10310	\N	\N	nt	1
3254	T	N	10310	10311	\N	\N	nt	1
3255	A	N	10311	10312	\N	\N	nt	1
3256	C	N	10312	10313	\N	\N	nt	1
3257	T	N	10313	10314	\N	\N	nt	1
3258	T	N	10314	10315	\N	\N	nt	1
3259	A	N	10315	10316	\N	\N	nt	1
3260	A	N	10316	10317	\N	\N	nt	1
3261	G	N	10317	10318	\N	\N	nt	1
3262	C	N	10318	10319	\N	\N	nt	1
3263	T	N	10319	10320	\N	\N	nt	1
3264	T	N	10320	10321	\N	\N	nt	1
3265	A	N	10321	10322	\N	\N	nt	1
3266	A	N	10322	10323	\N	\N	nt	1
3267	G	N	10323	10324	\N	\N	nt	1
3268	G	N	10324	10325	\N	\N	nt	1
3269	T	N	10325	10326	\N	\N	nt	1
3270	T	N	10326	10327	\N	\N	nt	1
3271	G	N	10327	10328	\N	\N	nt	1
3272	A	N	10328	10329	\N	\N	nt	1
3273	T	N	10329	10330	\N	\N	nt	1
3274	A	N	10330	10331	\N	\N	nt	1
3275	C	N	10331	10332	\N	\N	nt	1
3276	A	N	10332	10333	\N	\N	nt	1
3277	G	N	10333	10334	\N	\N	nt	1
3278	C	N	10334	10335	\N	\N	nt	1
3279	C	N	10335	10336	\N	\N	nt	1
3280	A	N	10336	10337	\N	\N	nt	1
3281	A	N	10337	10338	\N	\N	nt	1
3282	T	N	10338	10339	\N	\N	nt	1
3283	C	N	10339	10340	\N	\N	nt	1
3284	C	N	10340	10341	\N	\N	nt	1
3285	T	N	10341	10342	\N	\N	nt	1
3286	A	N	10342	10343	\N	\N	nt	1
3287	A	N	10343	10344	\N	\N	nt	1
3288	G	N	10344	10345	\N	\N	nt	1
3289	A	N	10345	10346	\N	\N	nt	1
3290	C	N	10346	10347	\N	\N	nt	1
3291	A	N	10347	10348	\N	\N	nt	1
3292	C	N	10348	10349	\N	\N	nt	1
3293	C	N	10349	10350	\N	\N	nt	1
3294	T	N	10350	10351	\N	\N	nt	1
3295	A	N	10351	10352	\N	\N	nt	1
3296	A	N	10352	10353	\N	\N	nt	1
3297	G	N	10353	10354	\N	\N	nt	1
3298	T	N	10354	10355	\N	\N	nt	1
3299	A	N	10355	10356	\N	\N	nt	1
3300	T	N	10356	10357	\N	\N	nt	1
3301	A	N	10357	10358	\N	\N	nt	1
3302	A	N	10358	10359	\N	\N	nt	1
3303	G	N	10359	10360	\N	\N	nt	1
3304	T	N	10360	10361	\N	\N	nt	1
3305	T	N	10361	10362	\N	\N	nt	1
3306	T	N	10362	10363	\N	\N	nt	1
3307	G	N	10363	10364	\N	\N	nt	1
3308	T	N	10364	10365	\N	\N	nt	1
3309	T	N	10365	10366	\N	\N	nt	1
3310	C	N	10366	10367	\N	\N	nt	1
3311	G	N	10367	10368	\N	\N	nt	1
3312	C	N	10368	10369	\N	\N	nt	1
3313	A	N	10369	10370	\N	\N	nt	1
3314	T	N	10370	10371	\N	\N	nt	1
3315	T	N	10371	10372	\N	\N	nt	1
3316	C	N	10372	10373	\N	\N	nt	1
3317	A	N	10373	10374	\N	\N	nt	1
3318	A	N	10374	10375	\N	\N	nt	1
3319	C	N	10375	10376	\N	\N	nt	1
3320	C	N	10376	10377	\N	\N	nt	1
3324	C	T	12438	12439	\N	\N	nt	1
3325	A	N	12603	12604	\N	\N	nt	1
3326	A	N	12604	12605	\N	\N	nt	1
3327	T	N	12605	12606	\N	\N	nt	1
3328	T	N	12606	12607	\N	\N	nt	1
3329	C	N	12615	12616	\N	\N	nt	1
3330	A	N	12616	12617	\N	\N	nt	1
3331	A	N	12617	12618	\N	\N	nt	1
3332	T	N	12618	12619	\N	\N	nt	1
3333	T	N	12619	12620	\N	\N	nt	1
3334	C	N	12620	12621	\N	\N	nt	1
3335	A	N	12621	12622	\N	\N	nt	1
3336	C	N	12622	12623	\N	\N	nt	1
3337	C	N	12623	12624	\N	\N	nt	1
3338	T	N	12624	12625	\N	\N	nt	1
3339	A	N	12625	12626	\N	\N	nt	1
3340	A	N	12626	12627	\N	\N	nt	1
3341	T	N	12627	12628	\N	\N	nt	1
3342	T	N	12628	12629	\N	\N	nt	1
3343	T	N	12629	12630	\N	\N	nt	1
3344	A	N	12630	12631	\N	\N	nt	1
3345	G	N	12631	12632	\N	\N	nt	1
3346	C	N	12632	12633	\N	\N	nt	1
3347	T	N	12647	12648	\N	\N	nt	1
3348	A	N	12648	12649	\N	\N	nt	1
3349	A	N	12649	12650	\N	\N	nt	1
3350	C	N	12650	12651	\N	\N	nt	1
3351	A	N	12651	12652	\N	\N	nt	1
3352	G	N	12652	12653	\N	\N	nt	1
3353	C	N	12653	12654	\N	\N	nt	1
3354	T	N	12654	12655	\N	\N	nt	1
3355	T	N	12655	12656	\N	\N	nt	1
3356	T	N	12656	12657	\N	\N	nt	1
3357	A	N	12657	12658	\N	\N	nt	1
3358	A	N	12658	12659	\N	\N	nt	1
3359	G	N	12659	12660	\N	\N	nt	1
3360	G	N	12661	12662	\N	\N	nt	1
3361	C	N	12662	12663	\N	\N	nt	1
3363	A	N	13565	13566	\N	\N	nt	1
3364	G	N	13566	13567	\N	\N	nt	1
3402	C	T	25623	25624	\N	\N	nt	1
3412	T	C	27431	27432	\N	\N	nt	1
3502	A	N	27913	27914	\N	\N	nt	1
3503	G	N	27914	27915	\N	\N	nt	1
3504	G	N	27915	27916	\N	\N	nt	1
3505	A	N	27916	27917	\N	\N	nt	1
3506	A	N	27917	27918	\N	\N	nt	1
3507	T	N	27918	27919	\N	\N	nt	1
3508	C	N	27919	27920	\N	\N	nt	1
3509	A	N	27920	27921	\N	\N	nt	1
3510	T	N	27921	27922	\N	\N	nt	1
3511	C	N	27922	27923	\N	\N	nt	1
3512	A	N	27923	27924	\N	\N	nt	1
3513	C	N	27924	27925	\N	\N	nt	1
3514	A	N	27925	27926	\N	\N	nt	1
3515	A	N	27926	27927	\N	\N	nt	1
3516	C	N	27927	27928	\N	\N	nt	1
3517	T	N	27928	27929	\N	\N	nt	1
3518	G	N	27929	27930	\N	\N	nt	1
3519	T	N	27930	27931	\N	\N	nt	1
3520	A	N	27931	27932	\N	\N	nt	1
3521	G	N	27932	27933	\N	\N	nt	1
3522	C	N	27933	27934	\N	\N	nt	1
3523	T	N	27934	27935	\N	\N	nt	1
3524	G	N	27935	27936	\N	\N	nt	1
3525	C	N	27936	27937	\N	\N	nt	1
3526	A	N	27937	27938	\N	\N	nt	1
3527	T	N	27938	27939	\N	\N	nt	1
3528	T	N	27939	27940	\N	\N	nt	1
3529	T	N	27940	27941	\N	\N	nt	1
3530	C	N	27941	27942	\N	\N	nt	1
3531	A	N	27942	27943	\N	\N	nt	1
3532	C	N	27943	27944	\N	\N	nt	1
3533	C	N	27944	27945	\N	\N	nt	1
3534	A	N	27945	27946	\N	\N	nt	1
3535	A	N	27946	27947	\N	\N	nt	1
3536	G	N	27947	27948	\N	\N	nt	1
3537	A	N	27948	27949	\N	\N	nt	1
3538	A	N	27949	27950	\N	\N	nt	1
3539	T	N	27950	27951	\N	\N	nt	1
3540	G	N	27951	27952	\N	\N	nt	1
3541	T	N	27952	27953	\N	\N	nt	1
3542	A	N	27953	27954	\N	\N	nt	1
3543	G	N	27954	27955	\N	\N	nt	1
3544	T	N	27955	27956	\N	\N	nt	1
3545	T	N	27956	27957	\N	\N	nt	1
3546	T	N	27957	27958	\N	\N	nt	1
3547	A	N	27958	27959	\N	\N	nt	1
3548	C	N	27959	27960	\N	\N	nt	1
3549	A	N	27960	27961	\N	\N	nt	1
3550	G	N	27961	27962	\N	\N	nt	1
3551	T	N	27962	27963	\N	\N	nt	1
3562	A	N	27973	27974	\N	\N	nt	1
3563	C	N	27974	27975	\N	\N	nt	1
3564	A	N	27975	27976	\N	\N	nt	1
3565	T	N	27976	27977	\N	\N	nt	1
3571	A	N	27982	27983	\N	\N	nt	1
3572	T	N	27983	27984	\N	\N	nt	1
3573	A	N	27984	27985	\N	\N	nt	1
3574	T	N	27985	27986	\N	\N	nt	1
3575	G	N	27986	27987	\N	\N	nt	1
3576	T	N	27987	27988	\N	\N	nt	1
3577	A	N	27988	27989	\N	\N	nt	1
3579	T	N	27990	27991	\N	\N	nt	1
3587	C	N	27998	27999	\N	\N	nt	1
3588	C	N	27999	28000	\N	\N	nt	1
3589	G	N	28000	28001	\N	\N	nt	1
3590	T	N	28001	28002	\N	\N	nt	1
3591	G	N	28002	28003	\N	\N	nt	1
3592	T	N	28003	28004	\N	\N	nt	1
3593	C	N	28004	28005	\N	\N	nt	1
3594	C	N	28005	28006	\N	\N	nt	1
3595	T	N	28006	28007	\N	\N	nt	1
3596	A	N	28007	28008	\N	\N	nt	1
3597	T	N	28008	28009	\N	\N	nt	1
3598	T	N	28009	28010	\N	\N	nt	1
3599	C	N	28010	28011	\N	\N	nt	1
3600	A	N	28011	28012	\N	\N	nt	1
3601	C	N	28012	28013	\N	\N	nt	1
3602	T	N	28013	28014	\N	\N	nt	1
3603	T	N	28014	28015	\N	\N	nt	1
3604	C	N	28015	28016	\N	\N	nt	1
3605	T	N	28016	28017	\N	\N	nt	1
3606	A	N	28017	28018	\N	\N	nt	1
3607	T	N	28018	28019	\N	\N	nt	1
3608	T	N	28019	28020	\N	\N	nt	1
3609	C	N	28020	28021	\N	\N	nt	1
3610	T	N	28021	28022	\N	\N	nt	1
3611	A	N	28022	28023	\N	\N	nt	1
3612	A	N	28023	28024	\N	\N	nt	1
3613	A	N	28024	28025	\N	\N	nt	1
3614	T	N	28025	28026	\N	\N	nt	1
3615	G	N	28026	28027	\N	\N	nt	1
3616	G	N	28027	28028	\N	\N	nt	1
3617	T	N	28028	28029	\N	\N	nt	1
3618	A	N	28029	28030	\N	\N	nt	1
3619	T	N	28030	28031	\N	\N	nt	1
3620	A	N	28031	28032	\N	\N	nt	1
3621	T	N	28032	28033	\N	\N	nt	1
3622	T	N	28033	28034	\N	\N	nt	1
3623	A	N	28034	28035	\N	\N	nt	1
3624	G	N	28035	28036	\N	\N	nt	1
3637	A	N	28048	28049	\N	\N	nt	1
3638	A	N	28049	28050	\N	\N	nt	1
3639	A	N	28050	28051	\N	\N	nt	1
3640	A	N	28051	28052	\N	\N	nt	1
3641	T	N	28052	28053	\N	\N	nt	1
3651	T	N	28062	28063	\N	\N	nt	1
3653	A	N	28064	28065	\N	\N	nt	1
3654	T	N	28065	28066	\N	\N	nt	1
3655	T	N	28066	28067	\N	\N	nt	1
3656	G	N	28067	28068	\N	\N	nt	1
3657	A	N	28068	28069	\N	\N	nt	1
3658	A	N	28069	28070	\N	\N	nt	1
3659	T	N	28070	28071	\N	\N	nt	1
3660	T	N	28071	28072	\N	\N	nt	1
3661	G	N	28072	28073	\N	\N	nt	1
3662	T	N	28073	28074	\N	\N	nt	1
3663	G	N	28074	28075	\N	\N	nt	1
3664	C	N	28075	28076	\N	\N	nt	1
3665	G	N	28076	28077	\N	\N	nt	1
3666	T	N	28077	28078	\N	\N	nt	1
3667	G	N	28078	28079	\N	\N	nt	1
3668	G	N	28079	28080	\N	\N	nt	1
3669	A	N	28080	28081	\N	\N	nt	1
3670	T	N	28081	28082	\N	\N	nt	1
3671	G	N	28082	28083	\N	\N	nt	1
3672	A	N	28083	28084	\N	\N	nt	1
3673	G	N	28084	28085	\N	\N	nt	1
3674	G	N	28085	28086	\N	\N	nt	1
3675	C	N	28086	28087	\N	\N	nt	1
3676	T	N	28087	28088	\N	\N	nt	1
3677	G	N	28088	28089	\N	\N	nt	1
3678	G	N	28089	28090	\N	\N	nt	1
3679	T	N	28090	28091	\N	\N	nt	1
3680	T	N	28091	28092	\N	\N	nt	1
3681	C	N	28092	28093	\N	\N	nt	1
3682	T	N	28093	28094	\N	\N	nt	1
3683	A	N	28094	28095	\N	\N	nt	1
3701	W	X	3293	3294	\N	1	cds	1
3702	L	X	3294	3295	\N	1	cds	1
3703	D	X	3295	3296	\N	1	cds	1
3704	D	X	3296	3297	\N	1	cds	1
3705	V	X	3297	3298	\N	1	cds	1
3706	V	X	3298	3299	\N	1	cds	1
3707	Y	X	3299	3300	\N	1	cds	1
3708	C	X	3300	3301	\N	1	cds	1
3709	P	X	3301	3302	\N	1	cds	1
3710	R	X	3302	3303	\N	1	cds	1
3711	H	X	3303	3304	\N	1	cds	1
3712	V	X	3304	3305	\N	1	cds	1
3713	I	X	3305	3306	\N	1	cds	1
3714	C	X	3306	3307	\N	1	cds	1
3715	T	X	3307	3308	\N	1	cds	1
3716	S	X	3308	3309	\N	1	cds	1
3717	E	X	3309	3310	\N	1	cds	1
3718	D	X	3310	3311	\N	1	cds	1
3719	M	X	3311	3312	\N	1	cds	1
3720	L	X	3312	3313	\N	1	cds	1
3721	N	X	3313	3314	\N	1	cds	1
3722	P	X	3314	3315	\N	1	cds	1
3723	N	X	3315	3316	\N	1	cds	1
3724	Y	X	3316	3317	\N	1	cds	1
3725	E	X	3317	3318	\N	1	cds	1
3726	D	X	3318	3319	\N	1	cds	1
3727	L	X	3319	3320	\N	1	cds	1
3728	L	X	3320	3321	\N	1	cds	1
3729	I	X	3321	3322	\N	1	cds	1
3730	R	X	3322	3323	\N	1	cds	1
3731	K	X	3323	3324	\N	1	cds	1
3732	S	X	3324	3325	\N	1	cds	1
3733	N	X	3325	3326	\N	1	cds	1
3734	H	X	3326	3327	\N	1	cds	1
3735	N	X	3327	3328	\N	1	cds	1
3736	F	X	3328	3329	\N	1	cds	1
3737	L	X	3329	3330	\N	1	cds	1
3738	V	X	3330	3331	\N	1	cds	1
3739	Q	X	3331	3332	\N	1	cds	1
3740	A	X	3332	3333	\N	1	cds	1
3741	G	X	3333	3334	\N	1	cds	1
3742	N	X	3334	3335	\N	1	cds	1
3743	V	X	3335	3336	\N	1	cds	1
3744	Q	X	3336	3337	\N	1	cds	1
3745	L	X	3337	3338	\N	1	cds	1
3746	R	X	3338	3339	\N	1	cds	1
3747	V	X	3339	3340	\N	1	cds	1
3748	I	X	3340	3341	\N	1	cds	1
3749	G	X	3341	3342	\N	1	cds	1
3750	H	X	3342	3343	\N	1	cds	1
3751	S	X	3343	3344	\N	1	cds	1
3752	M	X	3344	3345	\N	1	cds	1
3753	Q	X	3345	3346	\N	1	cds	1
3754	N	X	3346	3347	\N	1	cds	1
3755	C	X	3347	3348	\N	1	cds	1
3756	V	X	3348	3349	\N	1	cds	1
3757	L	X	3349	3350	\N	1	cds	1
3758	K	X	3350	3351	\N	1	cds	1
3759	L	X	3351	3352	\N	1	cds	1
3760	K	X	3352	3353	\N	1	cds	1
3761	V	X	3353	3354	\N	1	cds	1
3762	D	X	3354	3355	\N	1	cds	1
3763	T	X	3355	3356	\N	1	cds	1
3764	A	X	3356	3357	\N	1	cds	1
3765	N	X	3357	3358	\N	1	cds	1
3766	P	X	3358	3359	\N	1	cds	1
3767	K	X	3359	3360	\N	1	cds	1
3768	T	X	3360	3361	\N	1	cds	1
3769	P	X	3361	3362	\N	1	cds	1
3770	K	X	3362	3363	\N	1	cds	1
3771	Y	X	3363	3364	\N	1	cds	1
3772	K	X	3364	3365	\N	1	cds	1
3773	F	X	3365	3366	\N	1	cds	1
3774	V	X	3366	3367	\N	1	cds	1
3775	R	X	3367	3368	\N	1	cds	1
3776	I	X	3368	3369	\N	1	cds	1
3777	Q	X	3369	3370	\N	1	cds	1
3778	P	X	3370	3371	\N	1	cds	1
3780	E	X	4112	4113	\N	1	cds	1
3781	I	X	4113	4114	\N	1	cds	1
3782	D	X	4116	4117	\N	1	cds	1
3783	N	X	4117	4118	\N	1	cds	1
3784	S	X	4118	4119	\N	1	cds	1
3785	P	X	4119	4120	\N	1	cds	1
3786	N	X	4120	4121	\N	1	cds	1
3787	L	X	4121	4122	\N	1	cds	1
3788	A	X	4122	4123	\N	1	cds	1
3789	V	X	4127	4128	\N	1	cds	1
3790	T	X	4128	4129	\N	1	cds	1
3791	A	X	4129	4130	\N	1	cds	1
3792	L	X	4130	4131	\N	1	cds	1
3793	R	X	4131	4132	\N	1	cds	1
3794	A	X	4132	4133	\N	1	cds	1
3795	A	X	4434	4435	\N	1	cds	1
3827	H	Y	77	78	\N	3	cds	1
3840	G	X	7	8	\N	8	cds	1
3841	I	X	8	9	\N	8	cds	1
3842	I	X	9	10	\N	8	cds	1
3843	T	X	10	11	\N	8	cds	1
3844	T	X	11	12	\N	8	cds	1
3845	V	X	12	13	\N	8	cds	1
3846	A	X	13	14	\N	8	cds	1
3847	A	X	14	15	\N	8	cds	1
3848	F	X	15	16	\N	8	cds	1
3849	H	X	16	17	\N	8	cds	1
3850	Q	X	17	18	\N	8	cds	1
3851	E	X	18	19	\N	8	cds	1
3852	C	X	19	20	\N	8	cds	1
3853	S	X	20	21	\N	8	cds	1
3854	L	X	21	22	\N	8	cds	1
3855	Q	X	22	23	\N	8	cds	1
3860	H	X	27	28	\N	8	cds	1
3863	Y	X	30	31	\N	8	cds	1
3864	V	X	31	32	\N	8	cds	1
3868	P	X	35	36	\N	8	cds	1
3869	C	X	36	37	\N	8	cds	1
3870	P	X	37	38	\N	8	cds	1
3871	I	X	38	39	\N	8	cds	1
3872	H	X	39	40	\N	8	cds	1
3873	F	X	40	41	\N	8	cds	1
3874	Y	X	41	42	\N	8	cds	1
3875	S	X	42	43	\N	8	cds	1
3876	K	X	43	44	\N	8	cds	1
3877	W	X	44	45	\N	8	cds	1
3878	Y	X	45	46	\N	8	cds	1
3879	I	X	46	47	\N	8	cds	1
3885	K	X	52	53	\N	8	cds	1
3890	I	X	57	58	\N	8	cds	1
3891	E	X	58	59	\N	8	cds	1
3892	L	X	59	60	\N	8	cds	1
3893	C	X	60	61	\N	8	cds	1
3894	V	X	61	62	\N	8	cds	1
3895	D	X	62	63	\N	8	cds	1
3896	E	X	63	64	\N	8	cds	1
3897	A	X	64	65	\N	8	cds	1
3898	G	X	65	66	\N	8	cds	1
3899	S	X	66	67	\N	8	cds	1
3909	ATTAAAGGTTTATACCTTCCCAGGTAACAAACCAACCAACTTTCGATCTCTTGTAGATCTGTTCTCTAAACGAACTTTAAAATCTGTGTGGCTGTCACTCGGCTGCATGCTTAGTGCACTCACGCAGTATAATTAATAACTAATTACTGTCGTTGACAGGACACGAGTAACTCGTCTATCTTCTGCAGGCTGCTTACGGTTTCGTCCGTGTTGCAGCCGATCATCAGCACATCTAGGTTTCGTCCGGGTGTGACCGAAAGGTAAGATGGAGAGCCTTGTCCCTGGTTTCAACGAGAAAACACACGTCCAACTCAGTTTGCCTGTTTTACA	\N	0	330	\N	\N	nt	1
3910	T	G	456	457	\N	\N	nt	1
3912	C	T	1626	1627	\N	\N	nt	1
3917	C	N	6267	6268	\N	\N	nt	1
3918	A	N	6268	6269	\N	\N	nt	1
3919	C	N	6269	6270	\N	\N	nt	1
3920	G	N	6270	6271	\N	\N	nt	1
3921	T	N	6271	6272	\N	\N	nt	1
3922	A	N	6272	6273	\N	\N	nt	1
3923	T	N	6273	6274	\N	\N	nt	1
3924	A	N	6274	6275	\N	\N	nt	1
3925	A	N	6275	6276	\N	\N	nt	1
3926	A	N	6276	6277	\N	\N	nt	1
3927	C	N	6277	6278	\N	\N	nt	1
3928	C	N	6278	6279	\N	\N	nt	1
3929	A	N	6279	6280	\N	\N	nt	1
3930	A	N	6280	6281	\N	\N	nt	1
3931	A	N	6281	6282	\N	\N	nt	1
3932	T	N	6282	6283	\N	\N	nt	1
3933	A	N	6283	6284	\N	\N	nt	1
3934	C	N	6284	6285	\N	\N	nt	1
3935	C	N	6285	6286	\N	\N	nt	1
3936	T	N	6286	6287	\N	\N	nt	1
3937	G	N	6287	6288	\N	\N	nt	1
3938	G	N	6288	6289	\N	\N	nt	1
3939	T	N	6289	6290	\N	\N	nt	1
3940	G	N	6290	6291	\N	\N	nt	1
3941	T	N	6291	6292	\N	\N	nt	1
3942	A	N	6292	6293	\N	\N	nt	1
3943	T	N	6293	6294	\N	\N	nt	1
3944	A	N	6294	6295	\N	\N	nt	1
3945	C	N	6295	6296	\N	\N	nt	1
3946	G	N	6296	6297	\N	\N	nt	1
3947	T	N	6297	6298	\N	\N	nt	1
3948	T	N	6298	6299	\N	\N	nt	1
3949	G	N	6299	6300	\N	\N	nt	1
3950	T	N	6300	6301	\N	\N	nt	1
3951	C	N	6301	6302	\N	\N	nt	1
3952	T	N	6302	6303	\N	\N	nt	1
3953	T	N	6303	6304	\N	\N	nt	1
3954	T	N	6304	6305	\N	\N	nt	1
3955	G	N	6305	6306	\N	\N	nt	1
3956	G	N	6306	6307	\N	\N	nt	1
3957	A	N	6307	6308	\N	\N	nt	1
3958	G	N	6308	6309	\N	\N	nt	1
3959	C	N	6309	6310	\N	\N	nt	1
3960	A	N	6310	6311	\N	\N	nt	1
3961	C	N	6311	6312	\N	\N	nt	1
3962	A	N	6312	6313	\N	\N	nt	1
3963	A	N	6313	6314	\N	\N	nt	1
3964	A	N	6314	6315	\N	\N	nt	1
3965	A	N	6315	6316	\N	\N	nt	1
3966	C	N	6316	6317	\N	\N	nt	1
3967	C	N	6317	6318	\N	\N	nt	1
3968	A	N	6318	6319	\N	\N	nt	1
3969	G	N	6319	6320	\N	\N	nt	1
3970	T	N	6320	6321	\N	\N	nt	1
3971	T	N	6321	6322	\N	\N	nt	1
3972	G	N	6322	6323	\N	\N	nt	1
3973	A	N	6323	6324	\N	\N	nt	1
3974	A	N	6324	6325	\N	\N	nt	1
3975	A	N	6325	6326	\N	\N	nt	1
3976	C	N	6326	6327	\N	\N	nt	1
3977	A	N	6327	6328	\N	\N	nt	1
3978	T	N	6328	6329	\N	\N	nt	1
3979	C	N	6329	6330	\N	\N	nt	1
3980	A	N	6330	6331	\N	\N	nt	1
3981	A	N	6331	6332	\N	\N	nt	1
3982	A	N	6332	6333	\N	\N	nt	1
3983	T	N	6333	6334	\N	\N	nt	1
3984	T	N	6334	6335	\N	\N	nt	1
3985	C	N	6335	6336	\N	\N	nt	1
3986	G	N	6336	6337	\N	\N	nt	1
3987	T	N	6337	6338	\N	\N	nt	1
3988	T	N	6338	6339	\N	\N	nt	1
3989	T	N	6339	6340	\N	\N	nt	1
3990	G	N	6340	6341	\N	\N	nt	1
3991	A	N	6341	6342	\N	\N	nt	1
3992	T	N	6342	6343	\N	\N	nt	1
3993	G	N	6343	6344	\N	\N	nt	1
3994	T	N	6344	6345	\N	\N	nt	1
3995	A	N	6345	6346	\N	\N	nt	1
3996	C	N	6346	6347	\N	\N	nt	1
3997	T	N	6347	6348	\N	\N	nt	1
3998	G	N	6348	6349	\N	\N	nt	1
3999	A	N	6349	6350	\N	\N	nt	1
4000	A	N	6350	6351	\N	\N	nt	1
4001	G	N	6351	6352	\N	\N	nt	1
4002	T	N	6352	6353	\N	\N	nt	1
4003	C	N	6353	6354	\N	\N	nt	1
4004	A	N	6354	6355	\N	\N	nt	1
4005	G	N	6355	6356	\N	\N	nt	1
4006	A	N	6356	6357	\N	\N	nt	1
4007	G	N	6357	6358	\N	\N	nt	1
4008	G	N	6358	6359	\N	\N	nt	1
4009	A	N	6359	6360	\N	\N	nt	1
4010	C	N	6360	6361	\N	\N	nt	1
4011	G	N	6361	6362	\N	\N	nt	1
4012	C	N	6362	6363	\N	\N	nt	1
4013	G	N	6363	6364	\N	\N	nt	1
4014	C	N	6364	6365	\N	\N	nt	1
4015	A	N	6365	6366	\N	\N	nt	1
4016	G	N	6366	6367	\N	\N	nt	1
4017	G	N	6367	6368	\N	\N	nt	1
4018	G	N	6368	6369	\N	\N	nt	1
4019	A	N	6369	6370	\N	\N	nt	1
4020	A	N	6370	6371	\N	\N	nt	1
4021	T	N	6371	6372	\N	\N	nt	1
4022	G	N	6372	6373	\N	\N	nt	1
4023	G	N	6373	6374	\N	\N	nt	1
4024	A	N	6374	6375	\N	\N	nt	1
4025	T	N	6375	6376	\N	\N	nt	1
4026	A	N	6376	6377	\N	\N	nt	1
4027	A	N	6377	6378	\N	\N	nt	1
4028	T	N	6378	6379	\N	\N	nt	1
4029	C	N	6379	6380	\N	\N	nt	1
4030	T	N	6380	6381	\N	\N	nt	1
4031	T	N	6381	6382	\N	\N	nt	1
4032	G	N	6382	6383	\N	\N	nt	1
4033	C	N	6383	6384	\N	\N	nt	1
4034	C	N	6384	6385	\N	\N	nt	1
4035	T	N	6385	6386	\N	\N	nt	1
4036	G	N	6386	6387	\N	\N	nt	1
4037	C	N	6387	6388	\N	\N	nt	1
4038	G	N	6388	6389	\N	\N	nt	1
4039	A	N	6389	6390	\N	\N	nt	1
4040	A	N	6390	6391	\N	\N	nt	1
4041	G	N	6391	6392	\N	\N	nt	1
4042	A	N	6392	6393	\N	\N	nt	1
4043	T	N	6393	6394	\N	\N	nt	1
4044	C	N	6394	6395	\N	\N	nt	1
4045	T	N	6395	6396	\N	\N	nt	1
4046	A	N	6396	6397	\N	\N	nt	1
4047	A	N	6397	6398	\N	\N	nt	1
4048	A	N	6398	6399	\N	\N	nt	1
4049	A	N	6399	6400	\N	\N	nt	1
4050	C	N	6400	6401	\N	\N	nt	1
4051	C	N	6401	6402	\N	\N	nt	1
4052	A	N	6402	6403	\N	\N	nt	1
4053	T	C	6404	6405	\N	\N	nt	1
4054	T	A	6408	6409	\N	\N	nt	1
4058	A	T	9700	9701	\N	\N	nt	1
4064	G	A	12159	12160	\N	\N	nt	1
4065	G	A	12309	12310	\N	\N	nt	1
4068	C	N	15390	15391	\N	\N	nt	1
4069	T	N	15452	15453	\N	\N	nt	1
4070	A	N	15455	15456	\N	\N	nt	1
4071	C	N	15456	15457	\N	\N	nt	1
4072	T	N	15457	15458	\N	\N	nt	1
4073	A	N	15458	15459	\N	\N	nt	1
4074	T	N	15459	15460	\N	\N	nt	1
4075	A	N	15460	15461	\N	\N	nt	1
4076	T	N	15461	15462	\N	\N	nt	1
4077	G	N	15462	15463	\N	\N	nt	1
4078	T	N	15463	15464	\N	\N	nt	1
4079	T	N	15464	15465	\N	\N	nt	1
4080	A	N	15465	15466	\N	\N	nt	1
4081	A	N	15466	15467	\N	\N	nt	1
4082	A	N	15467	15468	\N	\N	nt	1
4083	C	N	15478	15479	\N	\N	nt	1
4084	T	N	15480	15481	\N	\N	nt	1
4085	C	N	15481	15482	\N	\N	nt	1
4086	A	N	15482	15483	\N	\N	nt	1
4087	T	N	15483	15484	\N	\N	nt	1
4088	C	N	15484	15485	\N	\N	nt	1
4089	A	N	15485	15486	\N	\N	nt	1
4090	G	N	15486	15487	\N	\N	nt	1
4091	G	N	15487	15488	\N	\N	nt	1
4092	A	N	15488	15489	\N	\N	nt	1
4093	G	N	15489	15490	\N	\N	nt	1
4094	A	N	15490	15491	\N	\N	nt	1
4095	T	N	15491	15492	\N	\N	nt	1
4096	G	N	15492	15493	\N	\N	nt	1
4097	C	N	15493	15494	\N	\N	nt	1
4098	C	N	15494	15495	\N	\N	nt	1
4099	A	N	15495	15496	\N	\N	nt	1
4100	C	N	15496	15497	\N	\N	nt	1
4101	A	N	15497	15498	\N	\N	nt	1
4102	A	N	15498	15499	\N	\N	nt	1
4103	C	N	15499	15500	\N	\N	nt	1
4104	T	N	15500	15501	\N	\N	nt	1
4105	G	N	15501	15502	\N	\N	nt	1
4106	C	N	15502	15503	\N	\N	nt	1
4107	T	N	15503	15504	\N	\N	nt	1
4108	T	N	15504	15505	\N	\N	nt	1
4109	A	N	15505	15506	\N	\N	nt	1
4110	T	N	15506	15507	\N	\N	nt	1
4111	G	N	15507	15508	\N	\N	nt	1
4112	C	N	15508	15509	\N	\N	nt	1
4113	T	N	15509	15510	\N	\N	nt	1
4114	T	A	15520	15521	\N	\N	nt	1
4116	C	A	16615	16616	\N	\N	nt	1
4118	A	G	17961	17962	\N	\N	nt	1
4120	G	T	19253	19254	\N	\N	nt	1
4122	T	C	20027	20028	\N	\N	nt	1
4127	C	T	21910	21911	\N	\N	nt	1
4131	G	C	22598	22599	\N	\N	nt	1
4144	T	G	23017	23018	\N	\N	nt	1
4157	T	C	25556	25557	\N	\N	nt	1
4159	C	T	25625	25626	\N	\N	nt	1
4162	G	A	26528	26529	\N	\N	nt	1
4165	T	N	26956	26957	\N	\N	nt	1
4166	C	N	26957	26958	\N	\N	nt	1
4167	G	N	26958	26959	\N	\N	nt	1
4168	T	N	26959	26960	\N	\N	nt	1
4169	G	N	26960	26961	\N	\N	nt	1
4170	G	N	26961	26962	\N	\N	nt	1
4171	A	N	26962	26963	\N	\N	nt	1
4172	C	N	26963	26964	\N	\N	nt	1
4173	A	N	26964	26965	\N	\N	nt	1
4174	T	N	26965	26966	\N	\N	nt	1
4175	C	N	26966	26967	\N	\N	nt	1
4176	T	N	26967	26968	\N	\N	nt	1
4177	T	N	26968	26969	\N	\N	nt	1
4178	C	N	26969	26970	\N	\N	nt	1
4179	G	N	26970	26971	\N	\N	nt	1
4180	T	N	26971	26972	\N	\N	nt	1
4181	A	N	26972	26973	\N	\N	nt	1
4182	T	N	26973	26974	\N	\N	nt	1
4183	T	N	26974	26975	\N	\N	nt	1
4184	G	N	26975	26976	\N	\N	nt	1
4185	C	N	26976	26977	\N	\N	nt	1
4186	T	N	26977	26978	\N	\N	nt	1
4187	G	N	26978	26979	\N	\N	nt	1
4188	G	N	26979	26980	\N	\N	nt	1
4189	A	N	26980	26981	\N	\N	nt	1
4190	C	N	26981	26982	\N	\N	nt	1
4191	A	N	26982	26983	\N	\N	nt	1
4192	C	N	26983	26984	\N	\N	nt	1
4193	C	N	26984	26985	\N	\N	nt	1
4194	A	N	26985	26986	\N	\N	nt	1
4195	T	N	26986	26987	\N	\N	nt	1
4196	C	N	26987	26988	\N	\N	nt	1
4197	T	N	26988	26989	\N	\N	nt	1
4198	A	N	26989	26990	\N	\N	nt	1
4199	G	N	26990	26991	\N	\N	nt	1
4200	G	N	26991	26992	\N	\N	nt	1
4201	A	N	26992	26993	\N	\N	nt	1
4202	C	N	26993	26994	\N	\N	nt	1
4203	G	N	26994	26995	\N	\N	nt	1
4204	C	N	26995	26996	\N	\N	nt	1
4205	T	N	26996	26997	\N	\N	nt	1
4206	G	N	26997	26998	\N	\N	nt	1
4207	T	N	26998	26999	\N	\N	nt	1
4208	G	N	26999	27000	\N	\N	nt	1
4209	A	N	27000	27001	\N	\N	nt	1
4210	C	N	27001	27002	\N	\N	nt	1
4211	A	N	27002	27003	\N	\N	nt	1
4212	T	N	27003	27004	\N	\N	nt	1
4213	C	N	27004	27005	\N	\N	nt	1
4214	A	N	27005	27006	\N	\N	nt	1
4215	A	N	27006	27007	\N	\N	nt	1
4216	G	N	27007	27008	\N	\N	nt	1
4217	G	N	27008	27009	\N	\N	nt	1
4218	A	N	27009	27010	\N	\N	nt	1
4219	C	N	27010	27011	\N	\N	nt	1
4220	C	N	27011	27012	\N	\N	nt	1
4221	T	N	27012	27013	\N	\N	nt	1
4222	G	N	27013	27014	\N	\N	nt	1
4223	C	N	27014	27015	\N	\N	nt	1
4224	C	N	27015	27016	\N	\N	nt	1
4225	T	N	27016	27017	\N	\N	nt	1
4226	A	N	27017	27018	\N	\N	nt	1
4227	A	N	27018	27019	\N	\N	nt	1
4228	A	N	27019	27020	\N	\N	nt	1
4229	G	N	27020	27021	\N	\N	nt	1
4230	A	N	27021	27022	\N	\N	nt	1
4231	A	N	27022	27023	\N	\N	nt	1
4232	A	N	27023	27024	\N	\N	nt	1
4233	T	N	27024	27025	\N	\N	nt	1
4234	C	N	27025	27026	\N	\N	nt	1
4235	A	N	27026	27027	\N	\N	nt	1
4236	C	N	27027	27028	\N	\N	nt	1
4237	T	N	27028	27029	\N	\N	nt	1
4238	G	N	27029	27030	\N	\N	nt	1
4239	T	N	27030	27031	\N	\N	nt	1
4240	T	N	27031	27032	\N	\N	nt	1
4241	G	N	27032	27033	\N	\N	nt	1
4242	C	N	27033	27034	\N	\N	nt	1
4243	T	N	27034	27035	\N	\N	nt	1
4244	A	N	27035	27036	\N	\N	nt	1
4245	C	N	27036	27037	\N	\N	nt	1
4246	A	N	27037	27038	\N	\N	nt	1
4247	T	N	27038	27039	\N	\N	nt	1
4248	C	N	27039	27040	\N	\N	nt	1
4249	A	N	27040	27041	\N	\N	nt	1
4250	C	N	27041	27042	\N	\N	nt	1
4251	G	N	27042	27043	\N	\N	nt	1
4252	A	N	27043	27044	\N	\N	nt	1
4253	A	N	27044	27045	\N	\N	nt	1
4254	C	N	27045	27046	\N	\N	nt	1
4255	G	N	27046	27047	\N	\N	nt	1
4256	C	N	27047	27048	\N	\N	nt	1
4257	T	N	27048	27049	\N	\N	nt	1
4258	T	N	27049	27050	\N	\N	nt	1
4259	T	N	27050	27051	\N	\N	nt	1
4260	C	N	27051	27052	\N	\N	nt	1
4261	T	N	27052	27053	\N	\N	nt	1
4262	T	N	27053	27054	\N	\N	nt	1
4263	A	N	27054	27055	\N	\N	nt	1
4264	T	N	27055	27056	\N	\N	nt	1
4265	T	N	27056	27057	\N	\N	nt	1
4266	A	N	27057	27058	\N	\N	nt	1
4267	C	N	27058	27059	\N	\N	nt	1
4268	A	N	27059	27060	\N	\N	nt	1
4269	A	N	27060	27061	\N	\N	nt	1
4270	A	N	27061	27062	\N	\N	nt	1
4271	T	N	27062	27063	\N	\N	nt	1
4272	T	N	27063	27064	\N	\N	nt	1
4273	G	N	27064	27065	\N	\N	nt	1
4274	G	N	27065	27066	\N	\N	nt	1
4275	G	N	27066	27067	\N	\N	nt	1
4276	A	N	27067	27068	\N	\N	nt	1
4277	G	N	27068	27069	\N	\N	nt	1
4278	C	N	27069	27070	\N	\N	nt	1
4279	T	N	27070	27071	\N	\N	nt	1
4280	T	N	27071	27072	\N	\N	nt	1
4281	C	N	27072	27073	\N	\N	nt	1
4282	G	N	27073	27074	\N	\N	nt	1
4283	C	N	27074	27075	\N	\N	nt	1
4284	A	N	27075	27076	\N	\N	nt	1
4285	G	N	27076	27077	\N	\N	nt	1
4286	C	N	27077	27078	\N	\N	nt	1
4287	G	N	27078	27079	\N	\N	nt	1
4288	T	N	27079	27080	\N	\N	nt	1
4289	G	N	27080	27081	\N	\N	nt	1
4290	T	N	27081	27082	\N	\N	nt	1
4291	A	N	27082	27083	\N	\N	nt	1
4292	G	N	27083	27084	\N	\N	nt	1
4293	C	N	27084	27085	\N	\N	nt	1
4294	A	N	27085	27086	\N	\N	nt	1
4295	G	N	27086	27087	\N	\N	nt	1
4296	G	N	27087	27088	\N	\N	nt	1
4297	T	N	27088	27089	\N	\N	nt	1
4298	G	N	27089	27090	\N	\N	nt	1
4299	A	N	27090	27091	\N	\N	nt	1
4300	C	N	27091	27092	\N	\N	nt	1
4301	T	N	27092	27093	\N	\N	nt	1
4302	C	N	27093	27094	\N	\N	nt	1
4303	A	N	27094	27095	\N	\N	nt	1
4304	G	N	27095	27096	\N	\N	nt	1
4305	G	N	27096	27097	\N	\N	nt	1
4306	T	N	27097	27098	\N	\N	nt	1
4307	T	N	27098	27099	\N	\N	nt	1
4308	T	N	27099	27100	\N	\N	nt	1
4309	T	N	27100	27101	\N	\N	nt	1
4310	G	N	27101	27102	\N	\N	nt	1
4311	C	N	27102	27103	\N	\N	nt	1
4312	T	N	27103	27104	\N	\N	nt	1
4313	G	N	27104	27105	\N	\N	nt	1
4314	C	N	27105	27106	\N	\N	nt	1
4315	A	N	27106	27107	\N	\N	nt	1
4316	T	N	27107	27108	\N	\N	nt	1
4317	A	N	27108	27109	\N	\N	nt	1
4318	C	N	27109	27110	\N	\N	nt	1
4319	A	N	27110	27111	\N	\N	nt	1
4320	G	N	27111	27112	\N	\N	nt	1
4321	T	N	27112	27113	\N	\N	nt	1
4322	C	N	27113	27114	\N	\N	nt	1
4323	G	N	27114	27115	\N	\N	nt	1
4324	C	N	27115	27116	\N	\N	nt	1
4325	T	N	27116	27117	\N	\N	nt	1
4326	A	N	27117	27118	\N	\N	nt	1
4327	C	N	27118	27119	\N	\N	nt	1
4328	A	N	27119	27120	\N	\N	nt	1
4329	G	N	27120	27121	\N	\N	nt	1
4330	G	N	27121	27122	\N	\N	nt	1
4331	A	N	27122	27123	\N	\N	nt	1
4332	T	N	27123	27124	\N	\N	nt	1
4333	T	N	27124	27125	\N	\N	nt	1
4334	G	N	27125	27126	\N	\N	nt	1
4335	G	N	27126	27127	\N	\N	nt	1
4336	C	N	27127	27128	\N	\N	nt	1
4337	A	N	27128	27129	\N	\N	nt	1
4338	A	N	27129	27130	\N	\N	nt	1
4339	C	N	27130	27131	\N	\N	nt	1
4340	T	N	27131	27132	\N	\N	nt	1
4341	A	N	27132	27133	\N	\N	nt	1
4342	T	N	27133	27134	\N	\N	nt	1
4343	A	N	27134	27135	\N	\N	nt	1
4344	A	N	27135	27136	\N	\N	nt	1
4345	A	N	27136	27137	\N	\N	nt	1
4346	T	N	27137	27138	\N	\N	nt	1
4347	T	N	27138	27139	\N	\N	nt	1
4348	A	N	27139	27140	\N	\N	nt	1
4349	A	N	27140	27141	\N	\N	nt	1
4350	A	N	27141	27142	\N	\N	nt	1
4351	C	N	27142	27143	\N	\N	nt	1
4352	A	N	27143	27144	\N	\N	nt	1
4353	C	N	27144	27145	\N	\N	nt	1
4354	A	N	27145	27146	\N	\N	nt	1
4355	G	N	27146	27147	\N	\N	nt	1
4356	A	N	27147	27148	\N	\N	nt	1
4357	C	N	27148	27149	\N	\N	nt	1
4358	C	N	27149	27150	\N	\N	nt	1
4359	A	N	27150	27151	\N	\N	nt	1
4360	T	N	27151	27152	\N	\N	nt	1
4361	T	N	27152	27153	\N	\N	nt	1
4362	C	N	27153	27154	\N	\N	nt	1
4363	C	N	27154	27155	\N	\N	nt	1
4364	A	N	27155	27156	\N	\N	nt	1
4365	G	N	27156	27157	\N	\N	nt	1
4366	T	N	27157	27158	\N	\N	nt	1
4367	A	N	27158	27159	\N	\N	nt	1
4368	G	N	27159	27160	\N	\N	nt	1
4369	C	N	27160	27161	\N	\N	nt	1
4370	A	N	27161	27162	\N	\N	nt	1
4371	G	N	27162	27163	\N	\N	nt	1
4372	T	N	27163	27164	\N	\N	nt	1
4373	G	N	27164	27165	\N	\N	nt	1
4374	A	N	27165	27166	\N	\N	nt	1
4375	C	N	27166	27167	\N	\N	nt	1
4376	A	N	27167	27168	\N	\N	nt	1
4377	A	N	27168	27169	\N	\N	nt	1
4378	T	N	27169	27170	\N	\N	nt	1
4379	C	T	27512	27513	\N	\N	nt	1
4381	C	T	27888	27889	\N	\N	nt	1
4384	A	G	28329	28330	\N	\N	nt	1
4386	C	T	28707	28708	\N	\N	nt	1
4391	T	C	29727	29728	\N	\N	nt	1
4392	TCACCGAGGCCACGCGGAGTACGATCGA	\N	29728	29756	\N	\N	nt	1
4393	G	A	29756	29757	\N	\N	nt	1
4394	T	C	29757	29758	\N	\N	nt	1
4395	G	C	29758	29759	\N	\N	nt	1
4396	GTGCTATCCCCATGTGATTTTAATAGCTTCTTAGGAGAATGACAAAAAAAAAAAAAAAAAAAAAAAAAAAAAAAAA	\N	29827	29903	\N	\N	nt	1
4400	T	X	2001	2002	\N	1	cds	1
4401	Y	X	2002	2003	\N	1	cds	1
4402	K	X	2003	2004	\N	1	cds	1
4403	P	X	2004	2005	\N	1	cds	1
4404	N	X	2005	2006	\N	1	cds	1
4405	T	X	2006	2007	\N	1	cds	1
4406	W	X	2007	2008	\N	1	cds	1
4407	C	X	2008	2009	\N	1	cds	1
4408	I	X	2009	2010	\N	1	cds	1
4409	R	X	2010	2011	\N	1	cds	1
4410	C	X	2011	2012	\N	1	cds	1
4411	L	X	2012	2013	\N	1	cds	1
4412	W	X	2013	2014	\N	1	cds	1
4413	S	X	2014	2015	\N	1	cds	1
4414	T	X	2015	2016	\N	1	cds	1
4415	K	X	2016	2017	\N	1	cds	1
4416	P	X	2017	2018	\N	1	cds	1
4417	V	X	2018	2019	\N	1	cds	1
4418	E	X	2019	2020	\N	1	cds	1
4419	T	X	2020	2021	\N	1	cds	1
4420	S	X	2021	2022	\N	1	cds	1
4421	N	X	2022	2023	\N	1	cds	1
4422	S	X	2023	2024	\N	1	cds	1
4423	F	X	2024	2025	\N	1	cds	1
4424	D	X	2025	2026	\N	1	cds	1
4425	V	X	2026	2027	\N	1	cds	1
4426	L	X	2027	2028	\N	1	cds	1
4427	K	X	2028	2029	\N	1	cds	1
4428	S	X	2029	2030	\N	1	cds	1
4429	E	X	2030	2031	\N	1	cds	1
4430	D	X	2031	2032	\N	1	cds	1
4431	A	X	2032	2033	\N	1	cds	1
4432	Q	X	2033	2034	\N	1	cds	1
4433	G	X	2034	2035	\N	1	cds	1
4434	M	X	2035	2036	\N	1	cds	1
4435	D	X	2036	2037	\N	1	cds	1
4436	N	X	2037	2038	\N	1	cds	1
4437	L	X	2038	2039	\N	1	cds	1
4438	A	X	2039	2040	\N	1	cds	1
4439	C	X	2040	2041	\N	1	cds	1
4440	E	X	2041	2042	\N	1	cds	1
4441	D	X	2042	2043	\N	1	cds	1
4442	L	X	2043	2044	\N	1	cds	1
4443	K	X	2044	2045	\N	1	cds	1
4444	P	X	2045	2046	\N	1	cds	1
4445	V	A	2046	2047	\N	1	cds	1
4448	I	F	3145	3146	\N	1	cds	1
4452	R	X	5042	5043	\N	1	cds	1
4453	L	X	5064	5065	\N	1	cds	1
4454	Y	X	5065	5066	\N	1	cds	1
4455	V	X	5066	5067	\N	1	cds	1
4456	K	X	5067	5068	\N	1	cds	1
4457	T	X	5071	5072	\N	1	cds	1
4458	S	X	5072	5073	\N	1	cds	1
4459	S	X	5073	5074	\N	1	cds	1
4460	G	X	5074	5075	\N	1	cds	1
4461	D	X	5075	5076	\N	1	cds	1
4462	A	X	5076	5077	\N	1	cds	1
4463	T	X	5077	5078	\N	1	cds	1
4464	T	X	5078	5079	\N	1	cds	1
4465	A	X	5079	5080	\N	1	cds	1
4466	Y	X	5080	5081	\N	1	cds	1
4467	A	X	5081	5082	\N	1	cds	1
4468	F	Y	5085	5086	\N	1	cds	1
4469	T	N	5450	5451	\N	1	cds	1
4471	M	V	5899	5900	\N	1	cds	1
4478	R	T	345	346	\N	2	cds	1
4491	F	V	485	486	\N	2	cds	1
4505	D	N	2	3	\N	5	cds	1
4508	R	X	145	146	\N	5	cds	1
4509	G	X	146	147	\N	5	cds	1
4510	H	X	147	148	\N	5	cds	1
4511	L	X	148	149	\N	5	cds	1
4512	R	X	149	150	\N	5	cds	1
4513	I	X	150	151	\N	5	cds	1
4514	A	X	151	152	\N	5	cds	1
4515	G	X	152	153	\N	5	cds	1
4516	H	X	153	154	\N	5	cds	1
4517	H	X	154	155	\N	5	cds	1
4518	L	X	155	156	\N	5	cds	1
4519	G	X	156	157	\N	5	cds	1
4520	R	X	157	158	\N	5	cds	1
4521	C	X	158	159	\N	5	cds	1
4522	D	X	159	160	\N	5	cds	1
4523	I	X	160	161	\N	5	cds	1
4524	K	X	161	162	\N	5	cds	1
4525	D	X	162	163	\N	5	cds	1
4526	L	X	163	164	\N	5	cds	1
4527	P	X	164	165	\N	5	cds	1
4528	K	X	165	166	\N	5	cds	1
4529	E	X	166	167	\N	5	cds	1
4530	I	X	167	168	\N	5	cds	1
4531	T	X	168	169	\N	5	cds	1
4532	V	X	169	170	\N	5	cds	1
4533	A	X	170	171	\N	5	cds	1
4534	T	X	171	172	\N	5	cds	1
4535	S	X	172	173	\N	5	cds	1
4536	R	X	173	174	\N	5	cds	1
4537	T	X	174	175	\N	5	cds	1
4538	L	X	175	176	\N	5	cds	1
4539	S	X	176	177	\N	5	cds	1
4540	Y	X	177	178	\N	5	cds	1
4541	Y	X	178	179	\N	5	cds	1
4542	K	X	179	180	\N	5	cds	1
4543	L	X	180	181	\N	5	cds	1
4544	G	X	181	182	\N	5	cds	1
4545	A	X	182	183	\N	5	cds	1
4546	S	X	183	184	\N	5	cds	1
4547	Q	X	184	185	\N	5	cds	1
4548	R	X	185	186	\N	5	cds	1
4549	V	X	186	187	\N	5	cds	1
4550	A	X	187	188	\N	5	cds	1
4551	G	X	188	189	\N	5	cds	1
4552	D	X	189	190	\N	5	cds	1
4553	S	X	190	191	\N	5	cds	1
4554	G	X	191	192	\N	5	cds	1
4555	F	X	192	193	\N	5	cds	1
4556	A	X	193	194	\N	5	cds	1
4557	A	X	194	195	\N	5	cds	1
4558	Y	X	195	196	\N	5	cds	1
4559	S	X	196	197	\N	5	cds	1
4560	R	X	197	198	\N	5	cds	1
4561	Y	X	198	199	\N	5	cds	1
4562	R	X	199	200	\N	5	cds	1
4563	I	X	200	201	\N	5	cds	1
4564	G	X	201	202	\N	5	cds	1
4565	N	X	202	203	\N	5	cds	1
4566	Y	X	203	204	\N	5	cds	1
4567	K	X	204	205	\N	5	cds	1
4568	L	X	205	206	\N	5	cds	1
4569	N	X	206	207	\N	5	cds	1
4570	T	X	207	208	\N	5	cds	1
4571	D	X	208	209	\N	5	cds	1
4572	H	X	209	210	\N	5	cds	1
4573	S	X	210	211	\N	5	cds	1
4574	S	X	211	212	\N	5	cds	1
4575	S	X	212	213	\N	5	cds	1
4576	S	X	213	214	\N	5	cds	1
4577	D	X	214	215	\N	5	cds	1
4578	N	X	215	216	\N	5	cds	1
4583	ME	\N	0	2	\N	1	cds	1
4584	SL	\N	2	4	\N	1	cds	1
4585	VP	\N	4	6	\N	1	cds	1
4586	GF	\N	6	8	\N	1	cds	1
4587	NE	\N	8	10	\N	1	cds	1
4588	KT	\N	10	12	\N	1	cds	1
4589	HV	\N	12	14	\N	1	cds	1
4590	QL	\N	14	16	\N	1	cds	1
4591	SL	\N	16	18	\N	1	cds	1
4592	PV	\N	18	20	\N	1	cds	1
4593	L	\N	20	21	\N	1	cds	1
4599	A	N	0	1	\N	\N	nt	1
4600	T	N	1	2	\N	\N	nt	1
4601	T	N	2	3	\N	\N	nt	1
4602	A	N	3	4	\N	\N	nt	1
4603	A	N	4	5	\N	\N	nt	1
4604	A	N	5	6	\N	\N	nt	1
4605	G	N	6	7	\N	\N	nt	1
4606	G	N	7	8	\N	\N	nt	1
4607	T	N	8	9	\N	\N	nt	1
4608	T	N	9	10	\N	\N	nt	1
4609	T	N	10	11	\N	\N	nt	1
4610	A	N	11	12	\N	\N	nt	1
4611	T	N	12	13	\N	\N	nt	1
4612	A	N	13	14	\N	\N	nt	1
4613	C	N	14	15	\N	\N	nt	1
4614	C	N	15	16	\N	\N	nt	1
4615	T	N	16	17	\N	\N	nt	1
4616	T	N	17	18	\N	\N	nt	1
4617	C	N	18	19	\N	\N	nt	1
4618	C	N	19	20	\N	\N	nt	1
4619	C	N	20	21	\N	\N	nt	1
4620	A	N	21	22	\N	\N	nt	1
4621	G	N	22	23	\N	\N	nt	1
4622	G	N	23	24	\N	\N	nt	1
4623	T	N	24	25	\N	\N	nt	1
4624	A	N	25	26	\N	\N	nt	1
4625	A	N	26	27	\N	\N	nt	1
4626	C	N	27	28	\N	\N	nt	1
4627	A	N	28	29	\N	\N	nt	1
4628	A	N	29	30	\N	\N	nt	1
4629	A	N	30	31	\N	\N	nt	1
4630	C	N	31	32	\N	\N	nt	1
4631	C	N	32	33	\N	\N	nt	1
4632	A	N	33	34	\N	\N	nt	1
4633	A	N	34	35	\N	\N	nt	1
4634	C	N	35	36	\N	\N	nt	1
4635	C	N	36	37	\N	\N	nt	1
4636	A	N	37	38	\N	\N	nt	1
4637	A	N	38	39	\N	\N	nt	1
4638	C	N	39	40	\N	\N	nt	1
4639	T	N	40	41	\N	\N	nt	1
4640	T	N	41	42	\N	\N	nt	1
4641	T	N	42	43	\N	\N	nt	1
4642	C	N	43	44	\N	\N	nt	1
4643	G	N	44	45	\N	\N	nt	1
4644	A	N	45	46	\N	\N	nt	1
4645	T	N	46	47	\N	\N	nt	1
4646	C	N	47	48	\N	\N	nt	1
4647	T	N	48	49	\N	\N	nt	1
4648	C	N	49	50	\N	\N	nt	1
4649	T	N	50	51	\N	\N	nt	1
4650	T	N	51	52	\N	\N	nt	1
4651	G	N	52	53	\N	\N	nt	1
4652	T	N	53	54	\N	\N	nt	1
4653	A	N	54	55	\N	\N	nt	1
4655	C	Y	1092	1093	\N	\N	nt	1
4656	C	Y	2469	2470	\N	\N	nt	1
4659	A	R	3420	3421	\N	\N	nt	1
4661	G	N	6512	6513	\N	\N	nt	1
4662	T	N	6513	6514	\N	\N	nt	1
4663	T	N	6514	6515	\N	\N	nt	1
4665	C	Y	9222	9223	\N	\N	nt	1
4668	GTTT	\N	11282	11286	\N	\N	nt	1
4669	G	N	11286	11287	\N	\N	nt	1
4670	T	N	11287	11288	\N	\N	nt	1
4671	C	N	11288	11289	\N	\N	nt	1
4672	T	N	11289	11290	\N	\N	nt	1
4673	G	N	11290	11291	\N	\N	nt	1
4679	G	K	20068	20069	\N	\N	nt	1
4680	C	S	21529	21530	\N	\N	nt	1
4681	T	W	21533	21534	\N	\N	nt	1
4682	G	K	21534	21535	\N	\N	nt	1
4683	A	M	21535	21536	\N	\N	nt	1
4684	T	N	21542	21543	\N	\N	nt	1
4685	G	N	21543	21544	\N	\N	nt	1
4686	T	N	21544	21545	\N	\N	nt	1
4687	T	N	21545	21546	\N	\N	nt	1
4688	A	N	21546	21547	\N	\N	nt	1
4689	A	N	21547	21548	\N	\N	nt	1
4690	C	N	21548	21549	\N	\N	nt	1
4691	A	N	21549	21550	\N	\N	nt	1
4692	A	N	21550	21551	\N	\N	nt	1
4696	GTGTTT	\N	21986	21992	\N	\N	nt	1
4697	A	N	21992	21993	\N	\N	nt	1
4698	T	N	21993	21994	\N	\N	nt	1
4699	T	N	21994	21995	\N	\N	nt	1
4703	T	TGAGCCAGAA	22203	22204	\N	\N	nt	1
4705	G	R	22598	22599	\N	\N	nt	1
4706	T	C	22672	22673	\N	\N	nt	1
4723	C	Y	23524	23525	\N	\N	nt	1
4726	T	Y	23688	23689	\N	\N	nt	1
4734	A	M	25380	25381	\N	\N	nt	1
4745	GAGA	\N	28361	28365	\N	\N	nt	1
4751	T	N	28404	28405	\N	\N	nt	1
4752	T	N	28405	28406	\N	\N	nt	1
4753	T	N	28406	28407	\N	\N	nt	1
4754	A	N	28407	28408	\N	\N	nt	1
4755	C	N	28408	28409	\N	\N	nt	1
4756	C	N	28409	28410	\N	\N	nt	1
4757	C	N	28410	28411	\N	\N	nt	1
4758	A	N	28411	28412	\N	\N	nt	1
4759	A	N	28412	28413	\N	\N	nt	1
4760	T	N	28413	28414	\N	\N	nt	1
4761	A	N	28414	28415	\N	\N	nt	1
4762	A	N	28415	28416	\N	\N	nt	1
4763	T	N	28416	28417	\N	\N	nt	1
4764	A	N	28417	28418	\N	\N	nt	1
4765	C	N	28418	28419	\N	\N	nt	1
4766	T	N	28419	28420	\N	\N	nt	1
4767	G	N	28420	28421	\N	\N	nt	1
4768	C	N	28421	28422	\N	\N	nt	1
4769	G	N	28422	28423	\N	\N	nt	1
4770	T	N	28423	28424	\N	\N	nt	1
4771	C	N	28424	28425	\N	\N	nt	1
4772	T	N	28425	28426	\N	\N	nt	1
4773	T	N	28426	28427	\N	\N	nt	1
4774	G	N	28427	28428	\N	\N	nt	1
4775	G	N	28428	28429	\N	\N	nt	1
4776	T	N	28429	28430	\N	\N	nt	1
4777	T	N	28430	28431	\N	\N	nt	1
4778	C	N	28431	28432	\N	\N	nt	1
4779	A	N	28432	28433	\N	\N	nt	1
4780	C	N	28433	28434	\N	\N	nt	1
4781	C	N	28434	28435	\N	\N	nt	1
4782	G	N	28435	28436	\N	\N	nt	1
4783	C	N	28436	28437	\N	\N	nt	1
4784	T	N	28437	28438	\N	\N	nt	1
4785	C	N	28438	28439	\N	\N	nt	1
4786	T	N	28439	28440	\N	\N	nt	1
4787	C	N	28440	28441	\N	\N	nt	1
4788	A	N	28441	28442	\N	\N	nt	1
4789	C	N	28442	28443	\N	\N	nt	1
4790	T	N	28443	28444	\N	\N	nt	1
4791	C	N	28444	28445	\N	\N	nt	1
4792	A	N	28445	28446	\N	\N	nt	1
4793	A	N	28446	28447	\N	\N	nt	1
4794	C	N	28447	28448	\N	\N	nt	1
4795	A	N	28448	28449	\N	\N	nt	1
4796	T	N	28449	28450	\N	\N	nt	1
4797	G	N	28450	28451	\N	\N	nt	1
4798	G	N	28451	28452	\N	\N	nt	1
4799	C	N	28452	28453	\N	\N	nt	1
4800	A	N	28453	28454	\N	\N	nt	1
4801	A	N	28454	28455	\N	\N	nt	1
4802	G	N	28455	28456	\N	\N	nt	1
4803	G	N	28456	28457	\N	\N	nt	1
4804	A	N	28457	28458	\N	\N	nt	1
4805	A	N	28458	28459	\N	\N	nt	1
4806	G	N	28459	28460	\N	\N	nt	1
4807	A	N	28460	28461	\N	\N	nt	1
4808	C	N	28461	28462	\N	\N	nt	1
4809	C	N	28462	28463	\N	\N	nt	1
4810	T	N	28463	28464	\N	\N	nt	1
4811	T	N	28464	28465	\N	\N	nt	1
4812	A	N	28465	28466	\N	\N	nt	1
4813	A	N	28466	28467	\N	\N	nt	1
4814	A	N	28467	28468	\N	\N	nt	1
4815	T	N	28468	28469	\N	\N	nt	1
4816	T	N	28469	28470	\N	\N	nt	1
4817	C	N	28470	28471	\N	\N	nt	1
4818	C	N	28471	28472	\N	\N	nt	1
4819	C	N	28472	28473	\N	\N	nt	1
4820	T	N	28473	28474	\N	\N	nt	1
4821	C	N	28474	28475	\N	\N	nt	1
4822	G	N	28475	28476	\N	\N	nt	1
4823	A	N	28476	28477	\N	\N	nt	1
4824	G	N	28477	28478	\N	\N	nt	1
4825	C	N	28673	28674	\N	\N	nt	1
4826	A	R	28674	28675	\N	\N	nt	1
4830	A	M	29781	29782	\N	\N	nt	1
4831	G	K	29782	29783	\N	\N	nt	1
4832	G	C	29785	29786	\N	\N	nt	1
4833	TATATGGAAGAGCCCTAATGTGTAAAATTAATTTTAG	\N	29788	29825	\N	\N	nt	1
4834	T	C	29828	29829	\N	\N	nt	1
4835	G	A	29829	29830	\N	\N	nt	1
4836	C	T	29830	29831	\N	\N	nt	1
4837	A	G	29832	29833	\N	\N	nt	1
4838	C	T	29834	29835	\N	\N	nt	1
4839	C	N	29836	29837	\N	\N	nt	1
4840	C	N	29837	29838	\N	\N	nt	1
4841	A	N	29838	29839	\N	\N	nt	1
4842	T	N	29839	29840	\N	\N	nt	1
4843	G	N	29840	29841	\N	\N	nt	1
4844	T	N	29841	29842	\N	\N	nt	1
4845	G	N	29842	29843	\N	\N	nt	1
4846	A	N	29843	29844	\N	\N	nt	1
4847	T	N	29844	29845	\N	\N	nt	1
4848	T	N	29845	29846	\N	\N	nt	1
4849	T	N	29846	29847	\N	\N	nt	1
4850	T	N	29847	29848	\N	\N	nt	1
4851	A	N	29848	29849	\N	\N	nt	1
4852	A	N	29849	29850	\N	\N	nt	1
4853	T	N	29850	29851	\N	\N	nt	1
4854	A	N	29851	29852	\N	\N	nt	1
4855	G	N	29852	29853	\N	\N	nt	1
4856	C	N	29853	29854	\N	\N	nt	1
4857	T	N	29854	29855	\N	\N	nt	1
4858	T	N	29855	29856	\N	\N	nt	1
4859	C	N	29856	29857	\N	\N	nt	1
4860	T	N	29857	29858	\N	\N	nt	1
4861	T	N	29858	29859	\N	\N	nt	1
4862	A	N	29859	29860	\N	\N	nt	1
4863	G	N	29860	29861	\N	\N	nt	1
4864	G	N	29861	29862	\N	\N	nt	1
4865	A	N	29862	29863	\N	\N	nt	1
4866	G	N	29863	29864	\N	\N	nt	1
4867	A	N	29864	29865	\N	\N	nt	1
4868	A	N	29865	29866	\N	\N	nt	1
4869	T	N	29866	29867	\N	\N	nt	1
4870	G	N	29867	29868	\N	\N	nt	1
4871	A	N	29868	29869	\N	\N	nt	1
4872	C	N	29869	29870	\N	\N	nt	1
4873	A	N	29870	29871	\N	\N	nt	1
4874	A	N	29871	29872	\N	\N	nt	1
4875	A	N	29872	29873	\N	\N	nt	1
4876	A	N	29873	29874	\N	\N	nt	1
4877	A	N	29874	29875	\N	\N	nt	1
4878	A	N	29875	29876	\N	\N	nt	1
4879	A	N	29876	29877	\N	\N	nt	1
4880	A	N	29877	29878	\N	\N	nt	1
4881	A	N	29878	29879	\N	\N	nt	1
4882	A	N	29879	29880	\N	\N	nt	1
4883	A	N	29880	29881	\N	\N	nt	1
4884	A	N	29881	29882	\N	\N	nt	1
4885	A	N	29882	29883	\N	\N	nt	1
4886	A	N	29883	29884	\N	\N	nt	1
4887	A	N	29884	29885	\N	\N	nt	1
4888	A	N	29885	29886	\N	\N	nt	1
4889	A	N	29886	29887	\N	\N	nt	1
4890	A	N	29887	29888	\N	\N	nt	1
4891	A	N	29888	29889	\N	\N	nt	1
4892	A	N	29889	29890	\N	\N	nt	1
4893	A	N	29890	29891	\N	\N	nt	1
4894	A	N	29891	29892	\N	\N	nt	1
4895	A	N	29892	29893	\N	\N	nt	1
4896	A	N	29893	29894	\N	\N	nt	1
4897	A	N	29894	29895	\N	\N	nt	1
4898	A	N	29895	29896	\N	\N	nt	1
4899	A	N	29896	29897	\N	\N	nt	1
4900	A	N	29897	29898	\N	\N	nt	1
4901	A	N	29898	29899	\N	\N	nt	1
4902	A	N	29899	29900	\N	\N	nt	1
4903	A	N	29900	29901	\N	\N	nt	1
4904	A	N	29901	29902	\N	\N	nt	1
4905	A	N	29902	29903	\N	\N	nt	1
4906	A	NNNNNNNNNNNNNNNNNNNNNNNNNNNNNNNNNNNNNNNNNNNNNNN	29902	29903	\N	\N	nt	1
4908	S	X	2082	2083	\N	1	cds	1
4909	L	X	2083	2084	\N	1	cds	1
4913	S	X	3674	3675	\N	1	cds	1
4914	G	X	3675	3676	\N	1	cds	1
4918	G	X	6601	6602	\N	1	cds	1
4919	S	X	7088	7089	\N	1	cds	1
4920	S	X	7089	7090	\N	1	cds	1
4921	D	X	7090	7091	\N	1	cds	1
4922	V	X	7093	7094	\N	1	cds	1
4923	N	X	7094	7095	\N	1	cds	1
4924	N	X	7095	7096	\N	1	cds	1
4927	Y	X	144	145	\N	2	cds	1
4930	R	REPE	213	214	\N	2	cds	1
4932	R	X	345	346	\N	2	cds	1
4933	S	L	370	371	\N	2	cds	1
4949	H	X	654	655	\N	2	cds	1
4966	L	X	44	45	\N	9	cds	1
4967	P	X	45	46	\N	9	cds	1
4968	N	X	46	47	\N	9	cds	1
4969	N	X	47	48	\N	9	cds	1
4970	T	X	48	49	\N	9	cds	1
4971	A	X	49	50	\N	9	cds	1
4972	S	X	50	51	\N	9	cds	1
4973	W	X	51	52	\N	9	cds	1
4974	F	X	52	53	\N	9	cds	1
4975	T	X	53	54	\N	9	cds	1
4976	A	X	54	55	\N	9	cds	1
4977	L	X	55	56	\N	9	cds	1
4978	T	X	56	57	\N	9	cds	1
4979	Q	X	57	58	\N	9	cds	1
4980	H	X	58	59	\N	9	cds	1
4981	G	X	59	60	\N	9	cds	1
4982	K	X	60	61	\N	9	cds	1
4983	E	X	61	62	\N	9	cds	1
4984	D	X	62	63	\N	9	cds	1
4985	L	X	63	64	\N	9	cds	1
4986	K	X	64	65	\N	9	cds	1
4987	F	X	65	66	\N	9	cds	1
4988	P	X	66	67	\N	9	cds	1
4989	R	X	67	68	\N	9	cds	1
4990	G	X	68	69	\N	9	cds	1
4991	A	X	133	134	\N	9	cds	1
4995	V	\N	142	143	\N	2	cds	1
4996	AT	\N	0	2	\N	\N	nt	1
5022	G	N	55	56	\N	\N	nt	1
5023	A	N	56	57	\N	\N	nt	1
5024	T	N	57	58	\N	\N	nt	1
5025	C	N	58	59	\N	\N	nt	1
5026	T	N	59	60	\N	\N	nt	1
5027	G	N	60	61	\N	\N	nt	1
5028	T	N	61	62	\N	\N	nt	1
5029	T	N	62	63	\N	\N	nt	1
5030	C	N	63	64	\N	\N	nt	1
5031	T	N	64	65	\N	\N	nt	1
5032	C	N	65	66	\N	\N	nt	1
5033	T	N	66	67	\N	\N	nt	1
5034	A	N	67	68	\N	\N	nt	1
5035	A	N	68	69	\N	\N	nt	1
5036	A	N	69	70	\N	\N	nt	1
5037	C	N	70	71	\N	\N	nt	1
5038	G	N	71	72	\N	\N	nt	1
5039	A	N	72	73	\N	\N	nt	1
5040	A	N	73	74	\N	\N	nt	1
5041	C	N	74	75	\N	\N	nt	1
5042	T	N	75	76	\N	\N	nt	1
5043	T	N	76	77	\N	\N	nt	1
5044	T	N	77	78	\N	\N	nt	1
5045	A	N	78	79	\N	\N	nt	1
5046	A	N	79	80	\N	\N	nt	1
5047	A	N	80	81	\N	\N	nt	1
5048	A	N	81	82	\N	\N	nt	1
5049	T	N	82	83	\N	\N	nt	1
5050	C	N	83	84	\N	\N	nt	1
5051	T	N	84	85	\N	\N	nt	1
5052	G	N	85	86	\N	\N	nt	1
5053	T	N	86	87	\N	\N	nt	1
5054	G	N	87	88	\N	\N	nt	1
5055	T	N	88	89	\N	\N	nt	1
5056	G	N	89	90	\N	\N	nt	1
5057	G	N	90	91	\N	\N	nt	1
5058	C	N	91	92	\N	\N	nt	1
5059	T	N	92	93	\N	\N	nt	1
5060	G	N	93	94	\N	\N	nt	1
5061	T	N	94	95	\N	\N	nt	1
5062	C	N	95	96	\N	\N	nt	1
5063	A	N	96	97	\N	\N	nt	1
5064	C	N	97	98	\N	\N	nt	1
5065	T	N	98	99	\N	\N	nt	1
5066	C	N	99	100	\N	\N	nt	1
5067	G	N	100	101	\N	\N	nt	1
5068	G	N	101	102	\N	\N	nt	1
5069	C	N	102	103	\N	\N	nt	1
5070	T	N	103	104	\N	\N	nt	1
5071	G	N	104	105	\N	\N	nt	1
5072	C	N	105	106	\N	\N	nt	1
5073	A	N	106	107	\N	\N	nt	1
5074	T	N	107	108	\N	\N	nt	1
5075	G	N	108	109	\N	\N	nt	1
5076	C	N	109	110	\N	\N	nt	1
5077	T	N	110	111	\N	\N	nt	1
5078	T	N	111	112	\N	\N	nt	1
5079	A	N	112	113	\N	\N	nt	1
5080	G	N	113	114	\N	\N	nt	1
5081	T	N	114	115	\N	\N	nt	1
5082	G	N	115	116	\N	\N	nt	1
5083	C	N	116	117	\N	\N	nt	1
5084	A	N	117	118	\N	\N	nt	1
5085	C	N	118	119	\N	\N	nt	1
5086	T	N	119	120	\N	\N	nt	1
5087	C	N	120	121	\N	\N	nt	1
5088	A	N	121	122	\N	\N	nt	1
5089	C	N	122	123	\N	\N	nt	1
5090	G	N	123	124	\N	\N	nt	1
5091	C	N	124	125	\N	\N	nt	1
5092	A	N	125	126	\N	\N	nt	1
5093	G	N	126	127	\N	\N	nt	1
5094	T	N	127	128	\N	\N	nt	1
5095	A	N	128	129	\N	\N	nt	1
5096	T	N	129	130	\N	\N	nt	1
5097	A	N	130	131	\N	\N	nt	1
5098	A	N	131	132	\N	\N	nt	1
5099	T	N	132	133	\N	\N	nt	1
5100	T	N	133	134	\N	\N	nt	1
5101	A	N	134	135	\N	\N	nt	1
5102	A	N	135	136	\N	\N	nt	1
5103	T	N	136	137	\N	\N	nt	1
5104	A	N	137	138	\N	\N	nt	1
5105	A	N	138	139	\N	\N	nt	1
5106	C	N	139	140	\N	\N	nt	1
5107	T	N	140	141	\N	\N	nt	1
5108	A	N	141	142	\N	\N	nt	1
5109	A	N	142	143	\N	\N	nt	1
5110	T	N	143	144	\N	\N	nt	1
5111	T	N	144	145	\N	\N	nt	1
5112	A	N	145	146	\N	\N	nt	1
5113	C	N	146	147	\N	\N	nt	1
5114	T	N	147	148	\N	\N	nt	1
5115	G	N	148	149	\N	\N	nt	1
5116	T	N	149	150	\N	\N	nt	1
5117	C	N	150	151	\N	\N	nt	1
5118	G	N	151	152	\N	\N	nt	1
5119	T	N	152	153	\N	\N	nt	1
5120	T	N	153	154	\N	\N	nt	1
5121	G	N	154	155	\N	\N	nt	1
5122	A	N	155	156	\N	\N	nt	1
5123	C	N	156	157	\N	\N	nt	1
5124	A	N	157	158	\N	\N	nt	1
5125	G	N	158	159	\N	\N	nt	1
5126	G	N	159	160	\N	\N	nt	1
5127	A	N	160	161	\N	\N	nt	1
5128	C	N	161	162	\N	\N	nt	1
5129	A	N	162	163	\N	\N	nt	1
5130	C	N	163	164	\N	\N	nt	1
5131	G	N	164	165	\N	\N	nt	1
5132	A	N	165	166	\N	\N	nt	1
5133	G	N	166	167	\N	\N	nt	1
5134	T	N	167	168	\N	\N	nt	1
5135	A	N	168	169	\N	\N	nt	1
5136	A	N	169	170	\N	\N	nt	1
5137	C	N	170	171	\N	\N	nt	1
5138	T	N	171	172	\N	\N	nt	1
5139	C	N	172	173	\N	\N	nt	1
5140	G	N	173	174	\N	\N	nt	1
5141	T	N	174	175	\N	\N	nt	1
5142	C	N	175	176	\N	\N	nt	1
5143	T	N	176	177	\N	\N	nt	1
5144	A	N	177	178	\N	\N	nt	1
5145	T	N	178	179	\N	\N	nt	1
5146	C	N	179	180	\N	\N	nt	1
5147	T	N	180	181	\N	\N	nt	1
5148	T	N	181	182	\N	\N	nt	1
5149	C	N	182	183	\N	\N	nt	1
5150	T	N	183	184	\N	\N	nt	1
5151	G	N	184	185	\N	\N	nt	1
5152	C	N	185	186	\N	\N	nt	1
5153	A	N	186	187	\N	\N	nt	1
5154	G	N	187	188	\N	\N	nt	1
5155	G	N	188	189	\N	\N	nt	1
5156	C	N	189	190	\N	\N	nt	1
5157	T	N	190	191	\N	\N	nt	1
5158	G	N	191	192	\N	\N	nt	1
5159	C	N	192	193	\N	\N	nt	1
5160	T	N	193	194	\N	\N	nt	1
5161	T	N	194	195	\N	\N	nt	1
5162	A	N	195	196	\N	\N	nt	1
5163	C	N	196	197	\N	\N	nt	1
5164	G	N	197	198	\N	\N	nt	1
5165	G	N	198	199	\N	\N	nt	1
5166	T	N	199	200	\N	\N	nt	1
5167	T	N	200	201	\N	\N	nt	1
5168	T	N	201	202	\N	\N	nt	1
5169	C	N	202	203	\N	\N	nt	1
5170	G	N	203	204	\N	\N	nt	1
5171	T	N	204	205	\N	\N	nt	1
5172	C	N	205	206	\N	\N	nt	1
5173	C	N	206	207	\N	\N	nt	1
5174	G	N	207	208	\N	\N	nt	1
5175	T	N	208	209	\N	\N	nt	1
5176	G	N	209	210	\N	\N	nt	1
5177	T	N	210	211	\N	\N	nt	1
5178	T	N	211	212	\N	\N	nt	1
5179	G	N	212	213	\N	\N	nt	1
5180	C	N	213	214	\N	\N	nt	1
5181	A	N	214	215	\N	\N	nt	1
5182	G	N	215	216	\N	\N	nt	1
5183	C	N	216	217	\N	\N	nt	1
5184	C	N	217	218	\N	\N	nt	1
5185	G	N	218	219	\N	\N	nt	1
5186	A	N	219	220	\N	\N	nt	1
5187	T	N	220	221	\N	\N	nt	1
5188	C	N	221	222	\N	\N	nt	1
5189	A	N	222	223	\N	\N	nt	1
5190	T	N	223	224	\N	\N	nt	1
5191	C	N	224	225	\N	\N	nt	1
5192	A	N	225	226	\N	\N	nt	1
5193	G	N	226	227	\N	\N	nt	1
5194	C	N	227	228	\N	\N	nt	1
5195	A	N	228	229	\N	\N	nt	1
5196	C	N	229	230	\N	\N	nt	1
5197	A	N	230	231	\N	\N	nt	1
5198	T	Y	231	232	\N	\N	nt	1
5199	C	N	240	241	\N	\N	nt	1
5200	G	D	388	389	\N	\N	nt	1
5201	G	N	406	407	\N	\N	nt	1
5202	G	N	409	410	\N	\N	nt	1
5203	G	N	410	411	\N	\N	nt	1
5204	A	R	412	413	\N	\N	nt	1
5205	G	N	416	417	\N	\N	nt	1
5206	G	N	418	419	\N	\N	nt	1
5207	G	N	419	420	\N	\N	nt	1
5208	C	S	420	421	\N	\N	nt	1
5209	G	D	424	425	\N	\N	nt	1
5210	A	R	426	427	\N	\N	nt	1
5211	G	N	427	428	\N	\N	nt	1
5212	T	B	669	670	\N	\N	nt	1
5213	G	N	1756	1757	\N	\N	nt	1
5217	A	ACACTGTAGAGGAGGCAANNNNNNNNNNNNNNNNNNNNNNNNNNNNNNNNNNNNNNNNNNNNNNNNNNNNNNNNNNNNNNNNNNNNNNNNNNNNNNNNNNNNNNNNNNNNNNNNNNN	4274	4275	\N	\N	nt	1
5219	C	T	5300	5301	\N	\N	nt	1
5220	G	N	6575	6576	\N	\N	nt	1
5221	G	N	6588	6589	\N	\N	nt	1
5222	G	N	8047	8048	\N	\N	nt	1
5223	G	D	8055	8056	\N	\N	nt	1
5224	G	N	8074	8075	\N	\N	nt	1
5225	G	N	8082	8083	\N	\N	nt	1
5226	G	D	8083	8084	\N	\N	nt	1
5227	C	T	8298	8299	\N	\N	nt	1
5228	G	N	8453	8454	\N	\N	nt	1
5231	C	Y	9533	9534	\N	\N	nt	1
5232	TTTTAGCACATATTCAGTGGATGG	\N	9629	9653	\N	\N	nt	1
5236	G	R	10446	10447	\N	\N	nt	1
5239	T	N	11523	11524	\N	\N	nt	1
5240	A	D	11536	11537	\N	\N	nt	1
5241	G	N	12360	12361	\N	\N	nt	1
5244	G	N	14907	14908	\N	\N	nt	1
5245	G	N	14916	14917	\N	\N	nt	1
5246	AAGATGCACTTTTCGCATATACAAAACGT	\N	15010	15039	\N	\N	nt	1
5247	T	N	15041	15042	\N	\N	nt	1
5248	G	N	15042	15043	\N	\N	nt	1
5249	T	N	15043	15044	\N	\N	nt	1
5250	C	N	15044	15045	\N	\N	nt	1
5251	T	Y	15046	15047	\N	\N	nt	1
5252	A	N	15105	15106	\N	\N	nt	1
5254	C	N	15713	15714	\N	\N	nt	1
5255	C	Y	17409	17410	\N	\N	nt	1
5256	A	D	18162	18163	\N	\N	nt	1
5257	G	N	18702	18703	\N	\N	nt	1
5258	G	N	18711	18712	\N	\N	nt	1
5259	G	N	19173	19174	\N	\N	nt	1
5260	G	N	19689	19690	\N	\N	nt	1
5261	G	N	19710	19711	\N	\N	nt	1
5262	C	Y	19954	19955	\N	\N	nt	1
5264	T	TAATGGAGTCACATTAATTGGRGAAKCCGTAAAAANNNNNNNNNNNNNNNNNNNNNNNNNNNNNNNNNNNNNNNNNNNNNNNNNNNNNNNNNNNNNNNNNNNNNNNNNNNNNNNNNNNNNNNNNNNNNNNNNNNN	20105	20106	\N	\N	nt	1
5265	G	D	20547	20548	\N	\N	nt	1
5266	G	N	20556	20557	\N	\N	nt	1
5267	G	N	20559	20560	\N	\N	nt	1
5268	G	D	20567	20568	\N	\N	nt	1
5269	G	D	20568	20569	\N	\N	nt	1
5270	G	N	20571	20572	\N	\N	nt	1
5271	G	D	20577	20578	\N	\N	nt	1
5272	G	D	20579	20580	\N	\N	nt	1
5273	G	N	20586	20587	\N	\N	nt	1
5274	G	N	20595	20596	\N	\N	nt	1
5275	AA	\N	20725	20727	\N	\N	nt	1
5276	C	N	21056	21057	\N	\N	nt	1
5277	CATTTGTGGGTTTATACAACAAAAGCTAGCTCTTGGAGGTTCCGTGGCTATAAAGATAACAGAACATTCTTGGAATGCTGATCTTTATAAGCTCATGGGACACTTCGCATGGTGGACAGCCTTTGTTACTAATGTGAATGCGTCATCATCTGAAGCATTTTTAATTGGATGTAATTATCTTGGCAAACCACGCGAACAAATAGATGGTTATGTCATGCATGCAAATTACATATTTTGGAGGAATACAAATCCAATTCAGTTGTCTTCCTATTCTTTATTTGACATGAGTAAATTTCCCCTTAAATTAAGGGGTACTGCTGTTATGTCTTTAAAAGAAGGTCAAATCAATGATATGATTTTATCTCTTCTTAGTAAAGGTAGACTTATAATTAGAGAAAACAACAGAGTTGTTATTTCTAGTGATGTTCTTGTTAACAACTAAACGAACAATGTTTGTTTTTCTTGTTTTATTGCCACTAGTCTCTAGTCAGTGTGTTAATCTTACAACCAGAACTCAATTACCCCCTGCATACACTAATTCTTTCACACGTGGTGTTTATTACCCTGACAAAGTTTTCAGATCCTCAGTTTTACATTCAACTCAGGACTTGTTCTTACCTTTCTTTTCCAATGTTACTTGGTTCCATGCTATACATGTCTCTGGGACCAATGGTACTAAGAGGTTTGATAACCCTGTCCTACCATTTAATGATGGTGTTTATTTTGCTTCCACTGAGAAGTCTAACATAATAAGAGGCTGGATTTTTGGTACTACTTTAGATTCGAAGACCCAGTCCCTACTTATTGTTAATAACG	\N	21113	21929	\N	\N	nt	1
5278	C	N	21929	21930	\N	\N	nt	1
5279	T	N	21930	21931	\N	\N	nt	1
5280	A	N	21931	21932	\N	\N	nt	1
5281	C	N	21932	21933	\N	\N	nt	1
5282	T	N	21933	21934	\N	\N	nt	1
5283	A	N	21934	21935	\N	\N	nt	1
5284	A	N	21935	21936	\N	\N	nt	1
5285	T	N	21936	21937	\N	\N	nt	1
5286	G	N	21937	21938	\N	\N	nt	1
5287	T	N	21938	21939	\N	\N	nt	1
5288	T	N	21939	21940	\N	\N	nt	1
5289	G	N	21940	21941	\N	\N	nt	1
5290	T	N	21941	21942	\N	\N	nt	1
5291	T	N	21942	21943	\N	\N	nt	1
5292	A	N	21943	21944	\N	\N	nt	1
5293	T	N	21944	21945	\N	\N	nt	1
5294	T	N	21945	21946	\N	\N	nt	1
5295	A	N	21946	21947	\N	\N	nt	1
5296	A	N	21947	21948	\N	\N	nt	1
5297	A	N	21948	21949	\N	\N	nt	1
5298	G	N	21949	21950	\N	\N	nt	1
5299	T	N	21950	21951	\N	\N	nt	1
5300	C	N	21951	21952	\N	\N	nt	1
5301	T	N	21952	21953	\N	\N	nt	1
5302	G	N	21953	21954	\N	\N	nt	1
5303	T	N	21954	21955	\N	\N	nt	1
5304	G	N	21955	21956	\N	\N	nt	1
5305	A	N	21956	21957	\N	\N	nt	1
5306	A	N	21957	21958	\N	\N	nt	1
5307	T	N	21958	21959	\N	\N	nt	1
5308	T	N	21959	21960	\N	\N	nt	1
5309	T	N	21960	21961	\N	\N	nt	1
5310	C	N	21961	21962	\N	\N	nt	1
5311	A	N	21962	21963	\N	\N	nt	1
5312	A	N	21963	21964	\N	\N	nt	1
5313	T	N	21964	21965	\N	\N	nt	1
5314	T	N	21965	21966	\N	\N	nt	1
5315	T	N	21966	21967	\N	\N	nt	1
5316	T	N	21967	21968	\N	\N	nt	1
5317	G	N	21968	21969	\N	\N	nt	1
5318	T	N	21969	21970	\N	\N	nt	1
5319	A	N	21970	21971	\N	\N	nt	1
5320	A	N	21971	21972	\N	\N	nt	1
5321	T	N	21972	21973	\N	\N	nt	1
5322	G	N	21973	21974	\N	\N	nt	1
5323	A	N	21974	21975	\N	\N	nt	1
5324	T	N	21975	21976	\N	\N	nt	1
5325	C	N	21976	21977	\N	\N	nt	1
5326	C	N	21977	21978	\N	\N	nt	1
5327	A	N	21978	21979	\N	\N	nt	1
5328	T	N	21979	21980	\N	\N	nt	1
5329	T	N	21980	21981	\N	\N	nt	1
5330	T	N	21981	21982	\N	\N	nt	1
5331	T	N	21982	21983	\N	\N	nt	1
5332	T	N	21983	21984	\N	\N	nt	1
5333	G	N	21984	21985	\N	\N	nt	1
5334	G	N	21985	21986	\N	\N	nt	1
5335	G	N	21986	21987	\N	\N	nt	1
5336	T	N	21987	21988	\N	\N	nt	1
5337	G	N	21988	21989	\N	\N	nt	1
5338	T	N	21989	21990	\N	\N	nt	1
5339	T	N	21990	21991	\N	\N	nt	1
5340	T	N	21991	21992	\N	\N	nt	1
5344	A	N	21995	21996	\N	\N	nt	1
5345	C	N	21996	21997	\N	\N	nt	1
5346	C	N	21997	21998	\N	\N	nt	1
5347	A	N	21998	21999	\N	\N	nt	1
5348	C	N	21999	22000	\N	\N	nt	1
5349	A	N	22000	22001	\N	\N	nt	1
5350	A	N	22001	22002	\N	\N	nt	1
5351	A	N	22002	22003	\N	\N	nt	1
5352	A	N	22003	22004	\N	\N	nt	1
5353	A	N	22004	22005	\N	\N	nt	1
5354	C	N	22005	22006	\N	\N	nt	1
5355	A	N	22006	22007	\N	\N	nt	1
5356	A	N	22007	22008	\N	\N	nt	1
5357	C	N	22008	22009	\N	\N	nt	1
5358	A	N	22009	22010	\N	\N	nt	1
5359	A	N	22010	22011	\N	\N	nt	1
5360	A	N	22011	22012	\N	\N	nt	1
5361	A	N	22012	22013	\N	\N	nt	1
5362	G	N	22013	22014	\N	\N	nt	1
5363	T	N	22014	22015	\N	\N	nt	1
5364	T	N	22015	22016	\N	\N	nt	1
5365	G	N	22016	22017	\N	\N	nt	1
5366	G	N	22017	22018	\N	\N	nt	1
5367	A	N	22018	22019	\N	\N	nt	1
5368	T	N	22019	22020	\N	\N	nt	1
5369	G	N	22020	22021	\N	\N	nt	1
5370	G	N	22021	22022	\N	\N	nt	1
5371	A	N	22022	22023	\N	\N	nt	1
5376	T	D	22199	22200	\N	\N	nt	1
5377	G	D	22577	22578	\N	\N	nt	1
5386	T	A	22928	22929	\N	\N	nt	1
5390	A	T	23039	23040	\N	\N	nt	1
5397	T	N	23598	23599	\N	\N	nt	1
5398	C	N	23603	23604	\N	\N	nt	1
5399	C	T	23706	23707	\N	\N	nt	1
5402	A	N	24423	24424	\N	\N	nt	1
5404	G	N	24573	24574	\N	\N	nt	1
5405	G	N	24576	24577	\N	\N	nt	1
5406	C	N	24999	25000	\N	\N	nt	1
5407	G	N	25386	25387	\N	\N	nt	1
5408	G	N	25394	25395	\N	\N	nt	1
5409	G	N	25395	25396	\N	\N	nt	1
5410	G	N	25400	25401	\N	\N	nt	1
5411	G	N	25406	25407	\N	\N	nt	1
5412	G	N	25408	25409	\N	\N	nt	1
5414	C	T	25586	25587	\N	\N	nt	1
5415	G	D	25906	25907	\N	\N	nt	1
5416	C	N	26059	26060	\N	\N	nt	1
5418	C	N	26576	26577	\N	\N	nt	1
5434	G	N	29150	29151	\N	\N	nt	1
5435	G	N	29155	29156	\N	\N	nt	1
5436	G	N	29156	29157	\N	\N	nt	1
5437	G	N	29161	29162	\N	\N	nt	1
5438	G	N	29174	29175	\N	\N	nt	1
5439	G	N	29175	29176	\N	\N	nt	1
5440	G	N	29178	29179	\N	\N	nt	1
5441	G	N	29185	29186	\N	\N	nt	1
5442	G	N	29439	29440	\N	\N	nt	1
5443	A	V	29509	29510	\N	\N	nt	1
5444	CACCGAGGCCACGCGGAGTACGATCGAGTGTACAGTGAACAATGCTAGGGAGAGCTGCCTATATGGAAGAGCCCTAATGTGTAAAATTAATTTTAGTAGTGCTATCCCCATGTGATTTTAATAGCTTCTTAGGAGAATGACAAAAAAAAAAAAAAAAAAAAAAAAAAAAAAAAA	\N	29729	29903	\N	\N	nt	1
5445	A	X	41	42	\N	1	cds	1
5446	D	X	47	48	\N	1	cds	1
5447	G	X	48	49	\N	1	cds	1
5448	T	X	49	50	\N	1	cds	1
5449	C	X	50	51	\N	1	cds	1
5450	G	X	51	52	\N	1	cds	1
5451	V	X	53	54	\N	1	cds	1
5452	E	X	54	55	\N	1	cds	1
5453	S	X	134	135	\N	1	cds	1
5454	A	X	497	498	\N	1	cds	1
5457	Y	YTVEEAXXXXXXXXXXXXXXXXXXXXXXXXXXXXXXXXX	1336	1337	\N	1	cds	1
5458	A	V	1678	1679	\N	1	cds	1
5459	S	X	2103	2104	\N	1	cds	1
5460	K	X	2107	2108	\N	1	cds	1
5461	V	X	2594	2595	\N	1	cds	1
5462	V	X	2603	2604	\N	1	cds	1
5463	M	X	2605	2606	\N	1	cds	1
5464	E	X	2606	2607	\N	1	cds	1
5465	R	X	2729	2730	\N	1	cds	1
5467	T	X	3089	3090	\N	1	cds	1
5471	F	X	3752	3753	\N	1	cds	1
5472	I	X	3757	3758	\N	1	cds	1
5473	M	X	4031	4032	\N	1	cds	1
5475	A	X	4881	4882	\N	1	cds	1
5476	V	X	4884	4885	\N	1	cds	1
5477	N	X	4925	4926	\N	1	cds	1
5478	V	X	4926	4927	\N	1	cds	1
5479	I	X	4927	4928	\N	1	cds	1
5480	T	X	4947	4948	\N	1	cds	1
5482	R	X	5715	5716	\N	1	cds	1
5483	I	X	5966	5967	\N	1	cds	1
5484	D	X	6146	6147	\N	1	cds	1
5485	A	X	6149	6150	\N	1	cds	1
5486	D	X	6303	6304	\N	1	cds	1
5487	V	X	6475	6476	\N	1	cds	1
5488	V	X	6482	6483	\N	1	cds	1
5489	T	X	6563	6564	\N	1	cds	1
5490	L	LNGVTLIGEXVKXXXXXXXXXXXXXXXXXXXXXXXXXXXXXXXXX	6613	6614	\N	1	cds	1
5491	D	X	6761	6762	\N	1	cds	1
5492	V	X	6764	6765	\N	1	cds	1
5493	V	X	6765	6766	\N	1	cds	1
5494	K	X	6767	6768	\N	1	cds	1
5495	V	X	6768	6769	\N	1	cds	1
5496	V	X	6769	6770	\N	1	cds	1
5497	V	X	6771	6772	\N	1	cds	1
5498	D	X	6774	6775	\N	1	cds	1
5499	E	X	6777	6778	\N	1	cds	1
5500	D	X	6930	6931	\N	1	cds	1
5501	T	X	123	124	\N	2	cds	1
5502	N	X	124	125	\N	2	cds	1
5503	V	X	125	126	\N	2	cds	1
5504	V	X	126	127	\N	2	cds	1
5505	I	X	127	128	\N	2	cds	1
5506	K	X	128	129	\N	2	cds	1
5507	V	X	129	130	\N	2	cds	1
5508	C	X	130	131	\N	2	cds	1
5509	E	X	131	132	\N	2	cds	1
5510	F	X	132	133	\N	2	cds	1
5511	Q	X	133	134	\N	2	cds	1
5512	F	X	134	135	\N	2	cds	1
5513	C	X	135	136	\N	2	cds	1
5514	N	X	136	137	\N	2	cds	1
5515	D	X	137	138	\N	2	cds	1
5516	P	X	138	139	\N	2	cds	1
5517	F	X	139	140	\N	2	cds	1
5518	L	X	140	141	\N	2	cds	1
5519	G	X	141	142	\N	2	cds	1
5520	V	X	142	143	\N	2	cds	1
5521	Y	X	143	144	\N	2	cds	1
5523	H	X	145	146	\N	2	cds	1
5524	K	X	146	147	\N	2	cds	1
5525	N	X	147	148	\N	2	cds	1
5526	N	X	148	149	\N	2	cds	1
5527	K	X	149	150	\N	2	cds	1
5528	S	X	150	151	\N	2	cds	1
5529	W	X	151	152	\N	2	cds	1
5530	M	X	152	153	\N	2	cds	1
5534	G	X	338	339	\N	2	cds	1
5543	F	Y	455	456	\N	2	cds	1
5547	Q	L	492	493	\N	2	cds	1
5554	N	X	678	679	\N	2	cds	1
5555	P	X	680	681	\N	2	cds	1
5558	Q	X	953	954	\N	2	cds	1
5560	L	X	1003	1004	\N	2	cds	1
5561	Q	X	1004	1005	\N	2	cds	1
5562	D	X	1145	1146	\N	2	cds	1
5563	M	X	0	1	\N	3	cds	1
5564	D	X	1	2	\N	3	cds	1
5565	L	X	2	3	\N	3	cds	1
5566	M	X	4	5	\N	3	cds	1
5567	R	X	5	6	\N	3	cds	1
5568	G	X	171	172	\N	3	cds	1
5569	T	X	222	223	\N	3	cds	1
5571	Q	X	18	19	\N	5	cds	1
5579	R	X	292	293	\N	9	cds	1
5580	G	X	294	295	\N	9	cds	1
5581	D	X	296	297	\N	9	cds	1
5582	W	X	300	301	\N	9	cds	1
5583	A	X	304	305	\N	9	cds	1
5584	Q	X	388	389	\N	9	cds	1
5585	S	X	412	413	\N	9	cds	1
5586	LA	\N	3122	3124	\N	1	cds	1
5587	HI	\N	3124	3126	\N	1	cds	1
5588	QW	\N	3126	3128	\N	1	cds	1
5589	M	\N	3128	3129	\N	1	cds	1
5592	DA	\N	4916	4918	\N	1	cds	1
5593	LF	\N	4918	4920	\N	1	cds	1
5594	AY	\N	4920	4922	\N	1	cds	1
5595	TK	\N	4922	4924	\N	1	cds	1
5596	R	\N	4924	4925	\N	1	cds	1
5597	IC	\N	6950	6952	\N	1	cds	1
5598	GF	\N	6952	6954	\N	1	cds	1
5599	IQ	\N	6954	6956	\N	1	cds	1
5600	QK	\N	6956	6958	\N	1	cds	1
5601	LA	\N	6958	6960	\N	1	cds	1
5602	LG	\N	6960	6962	\N	1	cds	1
5603	GS	\N	6962	6964	\N	1	cds	1
5604	VA	\N	6964	6966	\N	1	cds	1
5605	IK	\N	6966	6968	\N	1	cds	1
5606	IT	\N	6968	6970	\N	1	cds	1
5607	EH	\N	6970	6972	\N	1	cds	1
5608	SW	\N	6972	6974	\N	1	cds	1
5609	NA	\N	6974	6976	\N	1	cds	1
5610	DL	\N	6976	6978	\N	1	cds	1
5611	YK	\N	6978	6980	\N	1	cds	1
5612	LM	\N	6980	6982	\N	1	cds	1
5613	GH	\N	6982	6984	\N	1	cds	1
5614	FA	\N	6984	6986	\N	1	cds	1
5615	WW	\N	6986	6988	\N	1	cds	1
5616	TA	\N	6988	6990	\N	1	cds	1
5617	FV	\N	6990	6992	\N	1	cds	1
5618	TN	\N	6992	6994	\N	1	cds	1
5619	VN	\N	6994	6996	\N	1	cds	1
5620	AS	\N	6996	6998	\N	1	cds	1
5621	SS	\N	6998	7000	\N	1	cds	1
5622	EA	\N	7000	7002	\N	1	cds	1
5623	FL	\N	7002	7004	\N	1	cds	1
5624	IG	\N	7004	7006	\N	1	cds	1
5625	CN	\N	7006	7008	\N	1	cds	1
5626	YL	\N	7008	7010	\N	1	cds	1
5627	GK	\N	7010	7012	\N	1	cds	1
5628	PR	\N	7012	7014	\N	1	cds	1
5629	EQ	\N	7014	7016	\N	1	cds	1
5630	ID	\N	7016	7018	\N	1	cds	1
5631	GY	\N	7018	7020	\N	1	cds	1
5632	VM	\N	7020	7022	\N	1	cds	1
5633	HA	\N	7022	7024	\N	1	cds	1
5634	NY	\N	7024	7026	\N	1	cds	1
5635	IF	\N	7026	7028	\N	1	cds	1
5636	WR	\N	7028	7030	\N	1	cds	1
5637	NT	\N	7030	7032	\N	1	cds	1
5638	NP	\N	7032	7034	\N	1	cds	1
5639	IQ	\N	7034	7036	\N	1	cds	1
5640	LS	\N	7036	7038	\N	1	cds	1
5641	SY	\N	7038	7040	\N	1	cds	1
5642	SL	\N	7040	7042	\N	1	cds	1
5643	FD	\N	7042	7044	\N	1	cds	1
5644	MS	\N	7044	7046	\N	1	cds	1
5645	KF	\N	7046	7048	\N	1	cds	1
5646	PL	\N	7048	7050	\N	1	cds	1
5647	KL	\N	7050	7052	\N	1	cds	1
5648	RG	\N	7052	7054	\N	1	cds	1
5649	TA	\N	7054	7056	\N	1	cds	1
5650	VM	\N	7056	7058	\N	1	cds	1
5651	SL	\N	7058	7060	\N	1	cds	1
5652	KE	\N	7060	7062	\N	1	cds	1
5653	GQ	\N	7062	7064	\N	1	cds	1
5654	IN	\N	7064	7066	\N	1	cds	1
5655	DM	\N	7066	7068	\N	1	cds	1
5656	IL	\N	7068	7070	\N	1	cds	1
5657	SL	\N	7070	7072	\N	1	cds	1
5658	LS	\N	7072	7074	\N	1	cds	1
5659	KG	\N	7074	7076	\N	1	cds	1
5660	RL	\N	7076	7078	\N	1	cds	1
5661	II	\N	7078	7080	\N	1	cds	1
5662	RE	\N	7080	7082	\N	1	cds	1
5663	NN	\N	7082	7084	\N	1	cds	1
5664	RV	\N	7084	7086	\N	1	cds	1
5665	VI	\N	7086	7088	\N	1	cds	1
5666	SS	\N	7088	7090	\N	1	cds	1
5667	DV	\N	7090	7092	\N	1	cds	1
5668	LV	\N	7092	7094	\N	1	cds	1
5669	NN	\N	7094	7096	\N	1	cds	1
5670	*	\N	7096	7097	\N	1	cds	1
5671	MF	\N	0	2	\N	2	cds	1
5672	VF	\N	2	4	\N	2	cds	1
5673	LV	\N	4	6	\N	2	cds	1
5674	LL	\N	6	8	\N	2	cds	1
5675	PL	\N	8	10	\N	2	cds	1
5676	VS	\N	10	12	\N	2	cds	1
5677	SQ	\N	12	14	\N	2	cds	1
5678	CV	\N	14	16	\N	2	cds	1
5679	NL	\N	16	18	\N	2	cds	1
5680	TT	\N	18	20	\N	2	cds	1
5681	RT	\N	20	22	\N	2	cds	1
5682	QL	\N	22	24	\N	2	cds	1
5684	AY	\N	26	28	\N	2	cds	1
5685	TN	\N	28	30	\N	2	cds	1
5686	SF	\N	30	32	\N	2	cds	1
5687	TR	\N	32	34	\N	2	cds	1
5688	GV	\N	34	36	\N	2	cds	1
5689	YY	\N	36	38	\N	2	cds	1
5690	PD	\N	38	40	\N	2	cds	1
5691	KV	\N	40	42	\N	2	cds	1
5692	FR	\N	42	44	\N	2	cds	1
5693	SS	\N	44	46	\N	2	cds	1
5694	VL	\N	46	48	\N	2	cds	1
5695	HS	\N	48	50	\N	2	cds	1
5696	TQ	\N	50	52	\N	2	cds	1
5697	DL	\N	52	54	\N	2	cds	1
5698	FL	\N	54	56	\N	2	cds	1
5699	PF	\N	56	58	\N	2	cds	1
5700	FS	\N	58	60	\N	2	cds	1
5701	NV	\N	60	62	\N	2	cds	1
5702	TW	\N	62	64	\N	2	cds	1
5703	FH	\N	64	66	\N	2	cds	1
5704	AI	\N	66	68	\N	2	cds	1
5705	HV	\N	68	70	\N	2	cds	1
5706	SG	\N	70	72	\N	2	cds	1
5707	TN	\N	72	74	\N	2	cds	1
5708	GT	\N	74	76	\N	2	cds	1
5709	KR	\N	76	78	\N	2	cds	1
5710	FD	\N	78	80	\N	2	cds	1
5711	NP	\N	80	82	\N	2	cds	1
5712	VL	\N	82	84	\N	2	cds	1
5713	PF	\N	84	86	\N	2	cds	1
5714	ND	\N	86	88	\N	2	cds	1
5715	GV	\N	88	90	\N	2	cds	1
5716	YF	\N	90	92	\N	2	cds	1
5717	AS	\N	92	94	\N	2	cds	1
5718	TE	\N	94	96	\N	2	cds	1
5719	KS	\N	96	98	\N	2	cds	1
5720	NI	\N	98	100	\N	2	cds	1
5721	IR	\N	100	102	\N	2	cds	1
5722	GW	\N	102	104	\N	2	cds	1
5723	IF	\N	104	106	\N	2	cds	1
5724	GT	\N	106	108	\N	2	cds	1
5725	TL	\N	108	110	\N	2	cds	1
5726	DS	\N	110	112	\N	2	cds	1
5727	KT	\N	112	114	\N	2	cds	1
5728	QS	\N	114	116	\N	2	cds	1
5729	LL	\N	116	118	\N	2	cds	1
5730	IV	\N	118	120	\N	2	cds	1
5731	NN	\N	120	122	\N	2	cds	1
5736	G	T	525	526	\N	\N	nt	1
5737	G	A	2943	2944	\N	\N	nt	1
5739	C	T	3810	3811	\N	\N	nt	1
5741	A	G	4332	4333	\N	\N	nt	1
5744	T	C	7751	7752	\N	\N	nt	1
5747	A	G	9192	9193	\N	\N	nt	1
5751	G	T	11416	11417	\N	\N	nt	1
5752	T	C	13901	13902	\N	\N	nt	1
5753	G	T	14054	14055	\N	\N	nt	1
5757	C	T	17501	17502	\N	\N	nt	1
5758	A	G	18140	18141	\N	\N	nt	1
5760	C	T	19523	19524	\N	\N	nt	1
5762	T	C	21885	21886	\N	\N	nt	1
5764	G	C	22379	22380	\N	\N	nt	1
5765	G	C	22380	22381	\N	\N	nt	1
5773	T	C	27637	27638	\N	\N	nt	1
5774	C	T	27751	27752	\N	\N	nt	1
5776	GATTTC	\N	28247	28253	\N	\N	nt	1
5777	A	\N	28270	28271	\N	\N	nt	1
5778	C	A	28418	28419	\N	\N	nt	1
5782	C	T	28956	28957	\N	\N	nt	1
5784	G	C	29735	29736	\N	\N	nt	1
5785	G	T	29741	29742	\N	\N	nt	1
5786	TGACAAAAAAAAAAAAAAAAAAAAAAAAAAAAAAAAA	\N	29866	29903	\N	\N	nt	1
5787	E	D	86	87	\N	1	cds	1
5791	V	A	2495	2496	\N	1	cds	1
5795	V	F	3717	3718	\N	1	cds	1
5801	R	T	272	273	\N	2	cds	1
5809	V	A	81	82	\N	7	cds	1
5810	T	I	119	120	\N	7	cds	1
5811	T	N	48	49	\N	9	cds	1
5817	DF	\N	118	120	\N	8	cds	1
5844	A	C	5010	5011	\N	\N	nt	1
5847	T	N	7983	7984	\N	\N	nt	1
5848	C	N	7984	7985	\N	\N	nt	1
5849	A	N	7985	7986	\N	\N	nt	1
5850	G	N	7986	7987	\N	\N	nt	1
5851	G	N	7987	7988	\N	\N	nt	1
5852	C	N	7988	7989	\N	\N	nt	1
5853	A	N	7989	7990	\N	\N	nt	1
5854	T	N	7990	7991	\N	\N	nt	1
5855	T	N	7991	7992	\N	\N	nt	1
5856	A	N	7992	7993	\N	\N	nt	1
5857	G	N	7993	7994	\N	\N	nt	1
5858	T	N	7994	7995	\N	\N	nt	1
5859	G	N	7995	7996	\N	\N	nt	1
5860	T	N	7996	7997	\N	\N	nt	1
5861	C	N	7997	7998	\N	\N	nt	1
5862	T	N	7998	7999	\N	\N	nt	1
5863	G	N	7999	8000	\N	\N	nt	1
5864	A	N	8000	8001	\N	\N	nt	1
5865	T	N	8001	8002	\N	\N	nt	1
5866	G	N	8002	8003	\N	\N	nt	1
5867	T	N	8003	8004	\N	\N	nt	1
5868	T	N	8004	8005	\N	\N	nt	1
5869	G	N	8005	8006	\N	\N	nt	1
5870	G	N	8006	8007	\N	\N	nt	1
5871	T	N	8007	8008	\N	\N	nt	1
5872	G	N	8008	8009	\N	\N	nt	1
5873	A	N	8009	8010	\N	\N	nt	1
5874	T	N	8010	8011	\N	\N	nt	1
5875	A	N	8011	8012	\N	\N	nt	1
5876	G	N	8012	8013	\N	\N	nt	1
5877	T	N	8013	8014	\N	\N	nt	1
5878	G	N	8014	8015	\N	\N	nt	1
5879	C	N	8015	8016	\N	\N	nt	1
5880	G	N	8016	8017	\N	\N	nt	1
5881	G	N	8017	8018	\N	\N	nt	1
5882	A	N	8018	8019	\N	\N	nt	1
5883	A	N	8019	8020	\N	\N	nt	1
5884	G	N	8020	8021	\N	\N	nt	1
5885	T	N	8021	8022	\N	\N	nt	1
5886	T	N	8022	8023	\N	\N	nt	1
5887	G	N	8023	8024	\N	\N	nt	1
5888	C	N	8024	8025	\N	\N	nt	1
5889	A	N	8025	8026	\N	\N	nt	1
5890	G	N	8026	8027	\N	\N	nt	1
5891	T	N	8027	8028	\N	\N	nt	1
5892	T	N	8028	8029	\N	\N	nt	1
5893	A	N	8029	8030	\N	\N	nt	1
5894	A	N	8030	8031	\N	\N	nt	1
5895	A	N	8031	8032	\N	\N	nt	1
5896	A	N	8032	8033	\N	\N	nt	1
5897	T	N	8033	8034	\N	\N	nt	1
5898	G	N	8034	8035	\N	\N	nt	1
5899	T	N	8035	8036	\N	\N	nt	1
5900	T	N	8036	8037	\N	\N	nt	1
5901	T	N	8037	8038	\N	\N	nt	1
5902	G	N	8038	8039	\N	\N	nt	1
5903	A	N	8039	8040	\N	\N	nt	1
5904	T	N	8040	8041	\N	\N	nt	1
5905	G	N	8041	8042	\N	\N	nt	1
5906	C	N	8042	8043	\N	\N	nt	1
5907	T	N	8043	8044	\N	\N	nt	1
5908	T	N	8044	8045	\N	\N	nt	1
5909	A	N	8045	8046	\N	\N	nt	1
5910	C	N	8046	8047	\N	\N	nt	1
5912	T	N	8048	8049	\N	\N	nt	1
5913	T	N	8049	8050	\N	\N	nt	1
5914	A	N	8050	8051	\N	\N	nt	1
5915	A	N	8051	8052	\N	\N	nt	1
5916	T	N	8052	8053	\N	\N	nt	1
5917	A	N	8053	8054	\N	\N	nt	1
5918	C	N	8054	8055	\N	\N	nt	1
5919	G	N	8055	8056	\N	\N	nt	1
5920	T	N	8056	8057	\N	\N	nt	1
5921	T	N	8057	8058	\N	\N	nt	1
5922	T	N	8058	8059	\N	\N	nt	1
5923	T	N	8059	8060	\N	\N	nt	1
5924	C	N	8060	8061	\N	\N	nt	1
5925	A	N	8061	8062	\N	\N	nt	1
5926	T	N	8062	8063	\N	\N	nt	1
5927	C	N	8063	8064	\N	\N	nt	1
5928	A	N	8064	8065	\N	\N	nt	1
5929	A	N	8065	8066	\N	\N	nt	1
5930	C	N	8066	8067	\N	\N	nt	1
5931	T	N	8067	8068	\N	\N	nt	1
5932	T	N	8068	8069	\N	\N	nt	1
5933	T	N	8069	8070	\N	\N	nt	1
5934	T	N	8070	8071	\N	\N	nt	1
5935	A	N	8071	8072	\N	\N	nt	1
5936	A	N	8072	8073	\N	\N	nt	1
5937	C	N	8073	8074	\N	\N	nt	1
5939	T	N	8075	8076	\N	\N	nt	1
5940	A	N	8076	8077	\N	\N	nt	1
5941	C	N	8077	8078	\N	\N	nt	1
5942	C	N	8078	8079	\N	\N	nt	1
5943	A	N	8079	8080	\N	\N	nt	1
5944	A	N	8080	8081	\N	\N	nt	1
5945	T	N	8081	8082	\N	\N	nt	1
5947	G	N	8083	8084	\N	\N	nt	1
5948	A	N	8084	8085	\N	\N	nt	1
5949	A	N	8085	8086	\N	\N	nt	1
5950	A	N	8086	8087	\N	\N	nt	1
5951	A	N	8087	8088	\N	\N	nt	1
5952	A	N	8088	8089	\N	\N	nt	1
5953	C	N	8089	8090	\N	\N	nt	1
5954	T	N	8090	8091	\N	\N	nt	1
5955	C	N	8091	8092	\N	\N	nt	1
5956	A	N	8092	8093	\N	\N	nt	1
5957	A	N	8093	8094	\N	\N	nt	1
5958	A	N	8094	8095	\N	\N	nt	1
5959	A	N	8095	8096	\N	\N	nt	1
5960	C	N	8096	8097	\N	\N	nt	1
5961	A	N	8097	8098	\N	\N	nt	1
5962	C	N	8098	8099	\N	\N	nt	1
5963	T	N	8099	8100	\N	\N	nt	1
5964	A	N	8100	8101	\N	\N	nt	1
5965	G	N	8101	8102	\N	\N	nt	1
5966	T	N	8102	8103	\N	\N	nt	1
5967	T	N	8103	8104	\N	\N	nt	1
5968	G	N	8104	8105	\N	\N	nt	1
5969	C	N	8105	8106	\N	\N	nt	1
5970	A	N	8106	8107	\N	\N	nt	1
5971	A	N	8107	8108	\N	\N	nt	1
5972	C	N	8108	8109	\N	\N	nt	1
5973	T	N	8109	8110	\N	\N	nt	1
5974	G	N	8110	8111	\N	\N	nt	1
5975	C	N	8111	8112	\N	\N	nt	1
5976	A	N	8112	8113	\N	\N	nt	1
5977	G	N	8113	8114	\N	\N	nt	1
5978	A	N	8114	8115	\N	\N	nt	1
5979	A	N	8115	8116	\N	\N	nt	1
5980	G	N	8116	8117	\N	\N	nt	1
5981	C	N	8117	8118	\N	\N	nt	1
5982	T	N	8118	8119	\N	\N	nt	1
5983	G	N	8119	8120	\N	\N	nt	1
5984	A	N	8120	8121	\N	\N	nt	1
5985	A	N	8121	8122	\N	\N	nt	1
5986	C	N	8122	8123	\N	\N	nt	1
5987	T	N	8123	8124	\N	\N	nt	1
5988	T	N	8124	8125	\N	\N	nt	1
5989	G	N	8125	8126	\N	\N	nt	1
5990	C	N	8126	8127	\N	\N	nt	1
5991	A	N	8127	8128	\N	\N	nt	1
5992	A	N	8128	8129	\N	\N	nt	1
5993	A	N	8129	8130	\N	\N	nt	1
5994	G	N	8130	8131	\N	\N	nt	1
5995	A	N	8131	8132	\N	\N	nt	1
5996	A	N	8132	8133	\N	\N	nt	1
5997	T	N	8133	8134	\N	\N	nt	1
5998	G	N	8134	8135	\N	\N	nt	1
5999	T	N	8135	8136	\N	\N	nt	1
6000	G	N	8136	8137	\N	\N	nt	1
6001	T	N	8137	8138	\N	\N	nt	1
6002	C	N	8138	8139	\N	\N	nt	1
6003	C	N	8139	8140	\N	\N	nt	1
6004	T	N	8140	8141	\N	\N	nt	1
6005	T	N	8141	8142	\N	\N	nt	1
6006	A	N	8142	8143	\N	\N	nt	1
6007	G	N	8143	8144	\N	\N	nt	1
6008	A	N	8144	8145	\N	\N	nt	1
6009	C	N	8145	8146	\N	\N	nt	1
6010	A	N	8146	8147	\N	\N	nt	1
6011	A	N	8147	8148	\N	\N	nt	1
6012	T	N	8148	8149	\N	\N	nt	1
6013	G	N	8149	8150	\N	\N	nt	1
6014	T	N	8150	8151	\N	\N	nt	1
6015	C	N	8151	8152	\N	\N	nt	1
6016	T	N	8152	8153	\N	\N	nt	1
6017	T	N	8153	8154	\N	\N	nt	1
6018	A	N	8154	8155	\N	\N	nt	1
6019	T	N	8155	8156	\N	\N	nt	1
6020	C	N	8156	8157	\N	\N	nt	1
6021	T	N	8157	8158	\N	\N	nt	1
6022	A	N	8158	8159	\N	\N	nt	1
6023	C	N	8159	8160	\N	\N	nt	1
6024	T	N	8160	8161	\N	\N	nt	1
6025	T	N	8161	8162	\N	\N	nt	1
6026	T	N	8162	8163	\N	\N	nt	1
6027	T	N	8163	8164	\N	\N	nt	1
6028	A	N	8164	8165	\N	\N	nt	1
6029	T	N	8165	8166	\N	\N	nt	1
6030	T	N	8166	8167	\N	\N	nt	1
6031	T	N	8167	8168	\N	\N	nt	1
6032	C	N	8168	8169	\N	\N	nt	1
6033	A	N	8169	8170	\N	\N	nt	1
6034	G	N	8170	8171	\N	\N	nt	1
6035	C	N	8171	8172	\N	\N	nt	1
6036	A	N	8172	8173	\N	\N	nt	1
6037	G	N	8173	8174	\N	\N	nt	1
6038	C	N	8174	8175	\N	\N	nt	1
6039	T	N	8175	8176	\N	\N	nt	1
6040	C	N	8176	8177	\N	\N	nt	1
6041	G	N	8177	8178	\N	\N	nt	1
6042	G	N	8178	8179	\N	\N	nt	1
6043	C	N	8179	8180	\N	\N	nt	1
6044	A	N	8180	8181	\N	\N	nt	1
6045	A	N	8181	8182	\N	\N	nt	1
6046	G	N	8182	8183	\N	\N	nt	1
6047	G	N	8183	8184	\N	\N	nt	1
6048	G	N	8184	8185	\N	\N	nt	1
6049	T	N	8185	8186	\N	\N	nt	1
6050	T	N	8186	8187	\N	\N	nt	1
6051	T	N	8187	8188	\N	\N	nt	1
6052	G	N	8188	8189	\N	\N	nt	1
6053	T	N	8189	8190	\N	\N	nt	1
6054	T	N	8190	8191	\N	\N	nt	1
6055	G	N	8191	8192	\N	\N	nt	1
6056	A	N	8192	8193	\N	\N	nt	1
6057	T	N	8193	8194	\N	\N	nt	1
6058	T	N	8194	8195	\N	\N	nt	1
6059	C	N	8195	8196	\N	\N	nt	1
6060	A	N	8196	8197	\N	\N	nt	1
6061	G	N	8197	8198	\N	\N	nt	1
6062	A	N	8198	8199	\N	\N	nt	1
6063	T	N	8199	8200	\N	\N	nt	1
6064	G	N	8200	8201	\N	\N	nt	1
6065	T	N	8201	8202	\N	\N	nt	1
6066	A	N	8202	8203	\N	\N	nt	1
6067	G	N	8203	8204	\N	\N	nt	1
6068	A	N	8204	8205	\N	\N	nt	1
6069	A	N	8205	8206	\N	\N	nt	1
6070	A	N	8206	8207	\N	\N	nt	1
6071	C	N	8207	8208	\N	\N	nt	1
6072	T	N	8208	8209	\N	\N	nt	1
6073	A	N	8209	8210	\N	\N	nt	1
6074	A	N	8210	8211	\N	\N	nt	1
6075	A	N	8211	8212	\N	\N	nt	1
6076	G	N	8212	8213	\N	\N	nt	1
6077	A	N	8213	8214	\N	\N	nt	1
6078	T	N	8214	8215	\N	\N	nt	1
6079	G	N	8215	8216	\N	\N	nt	1
6080	T	N	8216	8217	\N	\N	nt	1
6081	T	N	8217	8218	\N	\N	nt	1
6082	G	N	8218	8219	\N	\N	nt	1
6083	T	N	8219	8220	\N	\N	nt	1
6084	T	N	8220	8221	\N	\N	nt	1
6085	G	N	8221	8222	\N	\N	nt	1
6086	A	N	8222	8223	\N	\N	nt	1
6087	A	N	8223	8224	\N	\N	nt	1
6088	T	N	8224	8225	\N	\N	nt	1
6089	G	N	8225	8226	\N	\N	nt	1
6090	T	N	8226	8227	\N	\N	nt	1
6091	C	N	8227	8228	\N	\N	nt	1
6092	T	N	8228	8229	\N	\N	nt	1
6093	T	N	8229	8230	\N	\N	nt	1
6094	A	N	8230	8231	\N	\N	nt	1
6095	A	N	8231	8232	\N	\N	nt	1
6096	A	N	8232	8233	\N	\N	nt	1
6097	T	N	8233	8234	\N	\N	nt	1
6098	T	N	8234	8235	\N	\N	nt	1
6099	G	N	8235	8236	\N	\N	nt	1
6100	T	N	8236	8237	\N	\N	nt	1
6101	C	N	8237	8238	\N	\N	nt	1
6102	A	N	8238	8239	\N	\N	nt	1
6103	C	N	8239	8240	\N	\N	nt	1
6104	A	N	8240	8241	\N	\N	nt	1
6105	T	N	8241	8242	\N	\N	nt	1
6106	C	N	8242	8243	\N	\N	nt	1
6107	A	N	8243	8244	\N	\N	nt	1
6108	A	N	8244	8245	\N	\N	nt	1
6109	T	N	8245	8246	\N	\N	nt	1
6110	C	N	8246	8247	\N	\N	nt	1
6111	T	N	8247	8248	\N	\N	nt	1
6112	G	N	8248	8249	\N	\N	nt	1
6113	A	N	8249	8250	\N	\N	nt	1
6114	C	N	8250	8251	\N	\N	nt	1
6117	C	T	10115	10116	\N	\N	nt	1
6131	C	N	22479	22480	\N	\N	nt	1
6132	A	N	22480	22481	\N	\N	nt	1
6133	C	N	22481	22482	\N	\N	nt	1
6134	T	N	22482	22483	\N	\N	nt	1
6135	G	N	22483	22484	\N	\N	nt	1
6136	T	N	22484	22485	\N	\N	nt	1
6137	A	N	22485	22486	\N	\N	nt	1
6138	G	N	22486	22487	\N	\N	nt	1
6139	A	N	22487	22488	\N	\N	nt	1
6140	A	N	22488	22489	\N	\N	nt	1
6141	A	N	22489	22490	\N	\N	nt	1
6142	A	N	22490	22491	\N	\N	nt	1
6143	A	N	22491	22492	\N	\N	nt	1
6144	G	N	22492	22493	\N	\N	nt	1
6145	G	N	22493	22494	\N	\N	nt	1
6146	A	N	22494	22495	\N	\N	nt	1
6147	A	N	22495	22496	\N	\N	nt	1
6148	T	N	22496	22497	\N	\N	nt	1
6149	C	N	22497	22498	\N	\N	nt	1
6150	T	N	22498	22499	\N	\N	nt	1
6151	A	N	22499	22500	\N	\N	nt	1
6152	T	N	22500	22501	\N	\N	nt	1
6153	C	N	22501	22502	\N	\N	nt	1
6154	A	N	22502	22503	\N	\N	nt	1
6155	A	N	22503	22504	\N	\N	nt	1
6156	A	N	22504	22505	\N	\N	nt	1
6157	C	N	22505	22506	\N	\N	nt	1
6158	T	N	22506	22507	\N	\N	nt	1
6159	T	N	22507	22508	\N	\N	nt	1
6160	C	N	22508	22509	\N	\N	nt	1
6161	T	N	22509	22510	\N	\N	nt	1
6162	A	N	22510	22511	\N	\N	nt	1
6163	A	N	22511	22512	\N	\N	nt	1
6164	C	N	22512	22513	\N	\N	nt	1
6165	T	N	22513	22514	\N	\N	nt	1
6166	T	N	22514	22515	\N	\N	nt	1
6167	T	N	22515	22516	\N	\N	nt	1
6168	A	N	22516	22517	\N	\N	nt	1
6169	G	N	22517	22518	\N	\N	nt	1
6170	A	N	22518	22519	\N	\N	nt	1
6171	G	N	22519	22520	\N	\N	nt	1
6172	T	N	22520	22521	\N	\N	nt	1
6173	C	N	22521	22522	\N	\N	nt	1
6174	C	N	22522	22523	\N	\N	nt	1
6175	A	N	22523	22524	\N	\N	nt	1
6176	A	N	22524	22525	\N	\N	nt	1
6177	C	N	22525	22526	\N	\N	nt	1
6178	C	N	22526	22527	\N	\N	nt	1
6179	A	N	22527	22528	\N	\N	nt	1
6180	A	N	22528	22529	\N	\N	nt	1
6181	C	N	22529	22530	\N	\N	nt	1
6182	A	N	22530	22531	\N	\N	nt	1
6183	G	N	22531	22532	\N	\N	nt	1
6184	A	N	22532	22533	\N	\N	nt	1
6185	A	N	22533	22534	\N	\N	nt	1
6186	T	N	22534	22535	\N	\N	nt	1
6187	C	N	22535	22536	\N	\N	nt	1
6188	T	N	22536	22537	\N	\N	nt	1
6189	A	N	22537	22538	\N	\N	nt	1
6190	T	N	22538	22539	\N	\N	nt	1
6191	T	N	22539	22540	\N	\N	nt	1
6192	G	N	22540	22541	\N	\N	nt	1
6193	T	N	22541	22542	\N	\N	nt	1
6194	T	N	22542	22543	\N	\N	nt	1
6195	A	N	22543	22544	\N	\N	nt	1
6196	G	N	22544	22545	\N	\N	nt	1
6197	A	N	22545	22546	\N	\N	nt	1
6198	T	N	22546	22547	\N	\N	nt	1
6199	T	N	22547	22548	\N	\N	nt	1
6200	T	N	22548	22549	\N	\N	nt	1
6201	C	N	22549	22550	\N	\N	nt	1
6202	C	N	22550	22551	\N	\N	nt	1
6203	T	N	22551	22552	\N	\N	nt	1
6204	A	N	22552	22553	\N	\N	nt	1
6205	A	N	22553	22554	\N	\N	nt	1
6206	T	N	22554	22555	\N	\N	nt	1
6207	A	N	22555	22556	\N	\N	nt	1
6208	T	N	22556	22557	\N	\N	nt	1
6209	T	N	22557	22558	\N	\N	nt	1
6210	A	N	22558	22559	\N	\N	nt	1
6211	C	N	22559	22560	\N	\N	nt	1
6212	A	N	22560	22561	\N	\N	nt	1
6213	A	N	22561	22562	\N	\N	nt	1
6214	A	N	22562	22563	\N	\N	nt	1
6215	C	N	22563	22564	\N	\N	nt	1
6216	T	N	22564	22565	\N	\N	nt	1
6217	T	N	22565	22566	\N	\N	nt	1
6218	G	N	22566	22567	\N	\N	nt	1
6219	T	N	22567	22568	\N	\N	nt	1
6220	G	N	22568	22569	\N	\N	nt	1
6221	C	N	22569	22570	\N	\N	nt	1
6222	C	N	22570	22571	\N	\N	nt	1
6223	C	N	22571	22572	\N	\N	nt	1
6224	T	N	22572	22573	\N	\N	nt	1
6225	T	N	22573	22574	\N	\N	nt	1
6226	T	N	22574	22575	\N	\N	nt	1
6227	T	N	22575	22576	\N	\N	nt	1
6228	G	N	22576	22577	\N	\N	nt	1
6229	G	N	22577	22578	\N	\N	nt	1
6230	T	N	22578	22579	\N	\N	nt	1
6231	G	N	22579	22580	\N	\N	nt	1
6232	A	N	22580	22581	\N	\N	nt	1
6233	A	N	22581	22582	\N	\N	nt	1
6234	G	N	22582	22583	\N	\N	nt	1
6235	T	N	22583	22584	\N	\N	nt	1
6236	T	N	22584	22585	\N	\N	nt	1
6237	T	N	22585	22586	\N	\N	nt	1
6238	T	N	22586	22587	\N	\N	nt	1
6239	T	N	22587	22588	\N	\N	nt	1
6240	A	N	22588	22589	\N	\N	nt	1
6241	A	N	22589	22590	\N	\N	nt	1
6242	C	N	22590	22591	\N	\N	nt	1
6243	G	N	22591	22592	\N	\N	nt	1
6244	C	N	22592	22593	\N	\N	nt	1
6245	C	N	22593	22594	\N	\N	nt	1
6246	A	N	22594	22595	\N	\N	nt	1
6247	C	N	22595	22596	\N	\N	nt	1
6248	C	N	22596	22597	\N	\N	nt	1
6249	A	N	22597	22598	\N	\N	nt	1
6250	G	N	22598	22599	\N	\N	nt	1
6251	A	N	22599	22600	\N	\N	nt	1
6252	T	N	22600	22601	\N	\N	nt	1
6253	T	N	22601	22602	\N	\N	nt	1
6254	T	N	22602	22603	\N	\N	nt	1
6255	G	N	22603	22604	\N	\N	nt	1
6256	C	N	22604	22605	\N	\N	nt	1
6257	A	N	22605	22606	\N	\N	nt	1
6258	T	N	22606	22607	\N	\N	nt	1
6259	C	N	22607	22608	\N	\N	nt	1
6260	T	N	22608	22609	\N	\N	nt	1
6261	G	N	22609	22610	\N	\N	nt	1
6262	T	N	22610	22611	\N	\N	nt	1
6263	T	N	22611	22612	\N	\N	nt	1
6264	T	N	22612	22613	\N	\N	nt	1
6265	A	N	22613	22614	\N	\N	nt	1
6266	T	N	22614	22615	\N	\N	nt	1
6267	G	N	22615	22616	\N	\N	nt	1
6268	C	N	22616	22617	\N	\N	nt	1
6269	T	N	22617	22618	\N	\N	nt	1
6270	T	N	22618	22619	\N	\N	nt	1
6271	G	N	22619	22620	\N	\N	nt	1
6272	G	N	22620	22621	\N	\N	nt	1
6273	A	N	22621	22622	\N	\N	nt	1
6274	A	N	22622	22623	\N	\N	nt	1
6275	C	N	22623	22624	\N	\N	nt	1
6276	A	N	22624	22625	\N	\N	nt	1
6277	G	N	22625	22626	\N	\N	nt	1
6417	G	N	23810	23811	\N	\N	nt	1
6418	C	N	23811	23812	\N	\N	nt	1
6419	A	N	23812	23813	\N	\N	nt	1
6420	A	N	23813	23814	\N	\N	nt	1
6421	T	N	23814	23815	\N	\N	nt	1
6422	C	N	23815	23816	\N	\N	nt	1
6423	T	N	23816	23817	\N	\N	nt	1
6424	T	N	23817	23818	\N	\N	nt	1
6425	T	N	23818	23819	\N	\N	nt	1
6426	T	N	23819	23820	\N	\N	nt	1
6427	G	N	23820	23821	\N	\N	nt	1
6428	A	N	23842	23843	\N	\N	nt	1
6429	C	N	23843	23844	\N	\N	nt	1
6438	A	N	25724	25725	\N	\N	nt	1
6439	G	N	25725	25726	\N	\N	nt	1
6440	T	N	25726	25727	\N	\N	nt	1
6441	C	N	25727	25728	\N	\N	nt	1
6442	T	N	25728	25729	\N	\N	nt	1
6443	A	N	25729	25730	\N	\N	nt	1
6444	C	N	25730	25731	\N	\N	nt	1
6445	T	N	25731	25732	\N	\N	nt	1
6446	T	N	25732	25733	\N	\N	nt	1
6447	C	N	25733	25734	\N	\N	nt	1
6448	T	N	25734	25735	\N	\N	nt	1
6449	T	N	25735	25736	\N	\N	nt	1
6450	G	N	25736	25737	\N	\N	nt	1
6451	C	N	25737	25738	\N	\N	nt	1
6452	A	N	25738	25739	\N	\N	nt	1
6453	G	N	25739	25740	\N	\N	nt	1
6454	A	N	25740	25741	\N	\N	nt	1
6455	G	N	25741	25742	\N	\N	nt	1
6456	T	N	25742	25743	\N	\N	nt	1
6457	A	N	25743	25744	\N	\N	nt	1
6458	T	N	25744	25745	\N	\N	nt	1
6459	A	N	25745	25746	\N	\N	nt	1
6460	A	N	25746	25747	\N	\N	nt	1
6461	A	N	25747	25748	\N	\N	nt	1
6462	C	N	25748	25749	\N	\N	nt	1
6463	T	N	25749	25750	\N	\N	nt	1
6464	T	N	25750	25751	\N	\N	nt	1
6465	T	N	25751	25752	\N	\N	nt	1
6466	G	N	25752	25753	\N	\N	nt	1
6467	T	N	25753	25754	\N	\N	nt	1
6468	A	N	25754	25755	\N	\N	nt	1
6469	A	N	25755	25756	\N	\N	nt	1
6470	G	N	25756	25757	\N	\N	nt	1
6471	A	N	25757	25758	\N	\N	nt	1
6472	A	N	25758	25759	\N	\N	nt	1
6473	T	N	25759	25760	\N	\N	nt	1
6474	A	N	25760	25761	\N	\N	nt	1
6475	A	N	25761	25762	\N	\N	nt	1
6476	T	N	25762	25763	\N	\N	nt	1
6477	A	N	25763	25764	\N	\N	nt	1
6478	A	N	25764	25765	\N	\N	nt	1
6479	T	N	25765	25766	\N	\N	nt	1
6480	G	N	25766	25767	\N	\N	nt	1
6481	A	N	25767	25768	\N	\N	nt	1
6482	G	N	25768	25769	\N	\N	nt	1
6483	G	N	25769	25770	\N	\N	nt	1
6484	C	N	25770	25771	\N	\N	nt	1
6485	T	N	25771	25772	\N	\N	nt	1
6486	T	N	25772	25773	\N	\N	nt	1
6487	T	N	25773	25774	\N	\N	nt	1
6488	G	N	25774	25775	\N	\N	nt	1
6489	G	N	25775	25776	\N	\N	nt	1
6490	C	N	25776	25777	\N	\N	nt	1
6491	T	N	25777	25778	\N	\N	nt	1
6492	T	N	25778	25779	\N	\N	nt	1
6493	T	N	25779	25780	\N	\N	nt	1
6494	G	N	25780	25781	\N	\N	nt	1
6495	C	N	25781	25782	\N	\N	nt	1
6496	T	N	25782	25783	\N	\N	nt	1
6497	G	N	25783	25784	\N	\N	nt	1
6498	G	N	25784	25785	\N	\N	nt	1
6499	A	N	25785	25786	\N	\N	nt	1
6500	A	N	25786	25787	\N	\N	nt	1
6501	A	N	25787	25788	\N	\N	nt	1
6502	T	N	25788	25789	\N	\N	nt	1
6503	G	N	25789	25790	\N	\N	nt	1
6504	C	N	25790	25791	\N	\N	nt	1
6505	C	N	25791	25792	\N	\N	nt	1
6506	G	N	25792	25793	\N	\N	nt	1
6507	T	N	25793	25794	\N	\N	nt	1
6508	T	N	25794	25795	\N	\N	nt	1
6509	C	N	25795	25796	\N	\N	nt	1
6510	C	N	25796	25797	\N	\N	nt	1
6511	A	N	25797	25798	\N	\N	nt	1
6512	A	N	25798	25799	\N	\N	nt	1
6513	A	N	25799	25800	\N	\N	nt	1
6514	A	N	25800	25801	\N	\N	nt	1
6515	A	N	25801	25802	\N	\N	nt	1
6516	C	N	25802	25803	\N	\N	nt	1
6517	C	N	25803	25804	\N	\N	nt	1
6518	C	N	25804	25805	\N	\N	nt	1
6519	A	N	25805	25806	\N	\N	nt	1
6520	T	N	25806	25807	\N	\N	nt	1
6521	T	N	25807	25808	\N	\N	nt	1
6522	A	N	25808	25809	\N	\N	nt	1
6523	C	N	25809	25810	\N	\N	nt	1
6524	T	N	25810	25811	\N	\N	nt	1
6525	T	N	25811	25812	\N	\N	nt	1
6526	T	N	25812	25813	\N	\N	nt	1
6527	A	N	25813	25814	\N	\N	nt	1
6528	T	N	25814	25815	\N	\N	nt	1
6529	G	N	25815	25816	\N	\N	nt	1
6530	A	N	25816	25817	\N	\N	nt	1
6531	T	N	25817	25818	\N	\N	nt	1
6532	G	N	25818	25819	\N	\N	nt	1
6533	C	N	25819	25820	\N	\N	nt	1
6534	C	N	25820	25821	\N	\N	nt	1
6535	A	N	25821	25822	\N	\N	nt	1
6536	A	N	25822	25823	\N	\N	nt	1
6537	C	N	25823	25824	\N	\N	nt	1
6538	T	N	25824	25825	\N	\N	nt	1
6539	A	N	25825	25826	\N	\N	nt	1
6540	T	N	25826	25827	\N	\N	nt	1
6541	T	N	25827	25828	\N	\N	nt	1
6542	T	N	25828	25829	\N	\N	nt	1
6543	T	N	25829	25830	\N	\N	nt	1
6544	C	N	25830	25831	\N	\N	nt	1
6545	T	N	25831	25832	\N	\N	nt	1
6546	T	N	25832	25833	\N	\N	nt	1
6547	T	N	25833	25834	\N	\N	nt	1
6548	G	N	25834	25835	\N	\N	nt	1
6549	C	N	25835	25836	\N	\N	nt	1
6550	T	N	25836	25837	\N	\N	nt	1
6551	G	N	25837	25838	\N	\N	nt	1
6552	G	N	25838	25839	\N	\N	nt	1
6553	C	N	25839	25840	\N	\N	nt	1
6554	A	N	25840	25841	\N	\N	nt	1
6555	T	N	25841	25842	\N	\N	nt	1
6556	A	N	25842	25843	\N	\N	nt	1
6557	C	N	25843	25844	\N	\N	nt	1
6558	T	N	25844	25845	\N	\N	nt	1
6559	A	N	25845	25846	\N	\N	nt	1
6560	A	N	25846	25847	\N	\N	nt	1
6561	T	N	25847	25848	\N	\N	nt	1
6562	T	N	25848	25849	\N	\N	nt	1
6563	G	N	25849	25850	\N	\N	nt	1
6564	T	N	25850	25851	\N	\N	nt	1
6565	T	N	25851	25852	\N	\N	nt	1
6566	A	N	25852	25853	\N	\N	nt	1
6567	C	N	25853	25854	\N	\N	nt	1
6568	G	N	25854	25855	\N	\N	nt	1
6569	A	N	25855	25856	\N	\N	nt	1
6570	C	N	25856	25857	\N	\N	nt	1
6571	T	N	25857	25858	\N	\N	nt	1
6572	A	N	25858	25859	\N	\N	nt	1
6573	T	N	25859	25860	\N	\N	nt	1
6574	T	N	25860	25861	\N	\N	nt	1
6575	G	N	25861	25862	\N	\N	nt	1
6576	T	N	25862	25863	\N	\N	nt	1
6577	A	N	25863	25864	\N	\N	nt	1
6578	T	N	25864	25865	\N	\N	nt	1
6579	A	N	25865	25866	\N	\N	nt	1
6580	C	N	25866	25867	\N	\N	nt	1
6581	C	N	25867	25868	\N	\N	nt	1
6582	T	N	25868	25869	\N	\N	nt	1
6583	T	N	25869	25870	\N	\N	nt	1
6584	A	N	25870	25871	\N	\N	nt	1
6585	C	N	25871	25872	\N	\N	nt	1
6586	A	N	25872	25873	\N	\N	nt	1
6587	A	N	25873	25874	\N	\N	nt	1
6588	T	N	25874	25875	\N	\N	nt	1
6589	A	N	25875	25876	\N	\N	nt	1
6590	G	N	25876	25877	\N	\N	nt	1
6591	T	N	25877	25878	\N	\N	nt	1
6592	G	N	25878	25879	\N	\N	nt	1
6593	T	N	25879	25880	\N	\N	nt	1
6594	A	N	25880	25881	\N	\N	nt	1
6595	A	N	25881	25882	\N	\N	nt	1
6596	C	N	25882	25883	\N	\N	nt	1
6597	T	N	25883	25884	\N	\N	nt	1
6598	T	N	25884	25885	\N	\N	nt	1
6599	C	N	25885	25886	\N	\N	nt	1
6600	T	N	25886	25887	\N	\N	nt	1
6601	T	N	25887	25888	\N	\N	nt	1
6602	C	N	25888	25889	\N	\N	nt	1
6603	A	N	25889	25890	\N	\N	nt	1
6604	A	N	25890	25891	\N	\N	nt	1
6605	T	N	25891	25892	\N	\N	nt	1
6606	T	N	25892	25893	\N	\N	nt	1
6607	G	N	25893	25894	\N	\N	nt	1
6608	T	N	25894	25895	\N	\N	nt	1
6609	C	N	25895	25896	\N	\N	nt	1
6610	A	N	25896	25897	\N	\N	nt	1
6611	T	N	25897	25898	\N	\N	nt	1
6612	T	N	25898	25899	\N	\N	nt	1
6613	A	N	25899	25900	\N	\N	nt	1
6614	C	N	25900	25901	\N	\N	nt	1
6615	T	N	25901	25902	\N	\N	nt	1
6616	T	N	25902	25903	\N	\N	nt	1
6617	C	N	25903	25904	\N	\N	nt	1
6618	A	N	25904	25905	\N	\N	nt	1
6619	G	N	25905	25906	\N	\N	nt	1
6620	G	N	25906	25907	\N	\N	nt	1
6621	T	N	25907	25908	\N	\N	nt	1
6622	G	N	25908	25909	\N	\N	nt	1
6623	A	N	25909	25910	\N	\N	nt	1
6624	T	N	25910	25911	\N	\N	nt	1
6625	G	N	25911	25912	\N	\N	nt	1
6626	G	N	25912	25913	\N	\N	nt	1
6627	C	N	25913	25914	\N	\N	nt	1
6628	A	N	25914	25915	\N	\N	nt	1
6629	C	N	25915	25916	\N	\N	nt	1
6630	A	N	25916	25917	\N	\N	nt	1
6631	A	N	25917	25918	\N	\N	nt	1
6632	C	N	25918	25919	\N	\N	nt	1
6633	A	N	25919	25920	\N	\N	nt	1
6634	A	N	25920	25921	\N	\N	nt	1
6635	G	N	25921	25922	\N	\N	nt	1
6636	T	N	25922	25923	\N	\N	nt	1
6637	C	N	25923	25924	\N	\N	nt	1
6638	C	N	25924	25925	\N	\N	nt	1
6639	T	N	25925	25926	\N	\N	nt	1
6640	A	N	25926	25927	\N	\N	nt	1
6641	T	N	25927	25928	\N	\N	nt	1
6642	T	N	25928	25929	\N	\N	nt	1
6643	T	N	25929	25930	\N	\N	nt	1
6644	C	N	25930	25931	\N	\N	nt	1
6645	T	N	25931	25932	\N	\N	nt	1
6646	G	N	25932	25933	\N	\N	nt	1
6647	A	N	25933	25934	\N	\N	nt	1
6648	A	N	25934	25935	\N	\N	nt	1
6649	C	N	25935	25936	\N	\N	nt	1
6650	A	N	25936	25937	\N	\N	nt	1
6651	T	N	25937	25938	\N	\N	nt	1
6652	G	N	25938	25939	\N	\N	nt	1
6653	A	N	25939	25940	\N	\N	nt	1
6654	C	N	25940	25941	\N	\N	nt	1
6655	T	N	25941	25942	\N	\N	nt	1
6656	A	N	25942	25943	\N	\N	nt	1
6657	C	N	25943	25944	\N	\N	nt	1
6658	C	N	25944	25945	\N	\N	nt	1
6659	A	N	25945	25946	\N	\N	nt	1
6660	G	N	25946	25947	\N	\N	nt	1
6661	A	N	25947	25948	\N	\N	nt	1
6662	T	N	25948	25949	\N	\N	nt	1
6663	T	N	25949	25950	\N	\N	nt	1
6664	G	N	25950	25951	\N	\N	nt	1
6665	G	N	25951	25952	\N	\N	nt	1
6666	T	N	25952	25953	\N	\N	nt	1
6667	G	N	25953	25954	\N	\N	nt	1
6668	G	N	25954	25955	\N	\N	nt	1
6669	T	N	25955	25956	\N	\N	nt	1
6670	T	N	25956	25957	\N	\N	nt	1
6671	A	N	25957	25958	\N	\N	nt	1
6672	T	N	25958	25959	\N	\N	nt	1
6673	A	N	25959	25960	\N	\N	nt	1
6674	C	N	25960	25961	\N	\N	nt	1
6675	T	N	25961	25962	\N	\N	nt	1
6676	G	N	25962	25963	\N	\N	nt	1
6677	A	N	25963	25964	\N	\N	nt	1
6678	G	N	25970	25971	\N	\N	nt	1
6679	G	N	25971	25972	\N	\N	nt	1
6680	A	N	25972	25973	\N	\N	nt	1
6681	A	N	25973	25974	\N	\N	nt	1
6682	T	N	25974	25975	\N	\N	nt	1
6683	A	N	25987	25988	\N	\N	nt	1
6684	C	N	25988	25989	\N	\N	nt	1
6685	T	N	25989	25990	\N	\N	nt	1
6686	G	N	25990	25991	\N	\N	nt	1
6687	T	N	25991	25992	\N	\N	nt	1
6688	G	N	25992	25993	\N	\N	nt	1
6689	T	N	25993	25994	\N	\N	nt	1
6690	T	N	25994	25995	\N	\N	nt	1
6695	A	N	26927	26928	\N	\N	nt	1
6696	G	N	26928	26929	\N	\N	nt	1
6697	T	N	26929	26930	\N	\N	nt	1
6698	G	N	26930	26931	\N	\N	nt	1
6699	A	N	26931	26932	\N	\N	nt	1
6700	A	N	26932	26933	\N	\N	nt	1
6701	C	N	26933	26934	\N	\N	nt	1
6702	T	N	26934	26935	\N	\N	nt	1
6703	C	N	26935	26936	\N	\N	nt	1
6704	G	N	26936	26937	\N	\N	nt	1
6705	T	N	26937	26938	\N	\N	nt	1
6706	A	N	26938	26939	\N	\N	nt	1
6707	A	N	26939	26940	\N	\N	nt	1
6708	T	N	26940	26941	\N	\N	nt	1
6709	C	N	26941	26942	\N	\N	nt	1
6710	G	N	26942	26943	\N	\N	nt	1
6711	G	N	26943	26944	\N	\N	nt	1
6712	A	N	26944	26945	\N	\N	nt	1
6713	G	N	26945	26946	\N	\N	nt	1
6714	C	N	26946	26947	\N	\N	nt	1
6715	T	N	26947	26948	\N	\N	nt	1
6716	G	N	26948	26949	\N	\N	nt	1
6717	T	N	26949	26950	\N	\N	nt	1
6718	G	N	26950	26951	\N	\N	nt	1
6719	A	N	26951	26952	\N	\N	nt	1
6720	T	N	26952	26953	\N	\N	nt	1
6721	C	N	26953	26954	\N	\N	nt	1
6722	C	N	26954	26955	\N	\N	nt	1
6723	T	N	26955	26956	\N	\N	nt	1
6879	A	N	29798	29799	\N	\N	nt	1
6880	G	N	29799	29800	\N	\N	nt	1
6881	C	N	29800	29801	\N	\N	nt	1
6882	C	N	29801	29802	\N	\N	nt	1
6883	C	N	29802	29803	\N	\N	nt	1
6884	T	N	29803	29804	\N	\N	nt	1
6885	A	N	29804	29805	\N	\N	nt	1
6886	A	N	29805	29806	\N	\N	nt	1
6887	T	N	29806	29807	\N	\N	nt	1
6888	G	N	29807	29808	\N	\N	nt	1
6889	T	N	29808	29809	\N	\N	nt	1
6890	G	N	29809	29810	\N	\N	nt	1
6891	T	N	29810	29811	\N	\N	nt	1
6892	A	N	29811	29812	\N	\N	nt	1
6893	A	N	29812	29813	\N	\N	nt	1
6894	A	N	29813	29814	\N	\N	nt	1
6895	A	N	29814	29815	\N	\N	nt	1
6896	T	N	29815	29816	\N	\N	nt	1
6897	T	N	29816	29817	\N	\N	nt	1
6898	A	N	29817	29818	\N	\N	nt	1
6899	A	N	29818	29819	\N	\N	nt	1
6900	T	N	29819	29820	\N	\N	nt	1
6901	T	N	29820	29821	\N	\N	nt	1
6902	T	N	29821	29822	\N	\N	nt	1
6903	T	N	29822	29823	\N	\N	nt	1
6904	A	N	29823	29824	\N	\N	nt	1
6905	G	N	29824	29825	\N	\N	nt	1
6906	T	N	29825	29826	\N	\N	nt	1
6907	A	N	29826	29827	\N	\N	nt	1
6908	G	N	29827	29828	\N	\N	nt	1
6909	T	N	29828	29829	\N	\N	nt	1
6910	G	N	29829	29830	\N	\N	nt	1
6911	C	N	29830	29831	\N	\N	nt	1
6912	T	N	29831	29832	\N	\N	nt	1
6913	A	N	29832	29833	\N	\N	nt	1
6914	T	N	29833	29834	\N	\N	nt	1
6915	C	N	29834	29835	\N	\N	nt	1
6916	C	N	29835	29836	\N	\N	nt	1
6985	Q	H	1581	1582	\N	1	cds	1
6986	D	X	2572	2573	\N	1	cds	1
6987	Q	X	2573	2574	\N	1	cds	1
6988	A	X	2574	2575	\N	1	cds	1
6989	L	X	2575	2576	\N	1	cds	1
6990	V	X	2576	2577	\N	1	cds	1
6991	S	X	2577	2578	\N	1	cds	1
6992	D	X	2578	2579	\N	1	cds	1
6993	V	X	2579	2580	\N	1	cds	1
6994	G	X	2580	2581	\N	1	cds	1
6995	D	X	2581	2582	\N	1	cds	1
6996	S	X	2582	2583	\N	1	cds	1
6997	A	X	2583	2584	\N	1	cds	1
6998	E	X	2584	2585	\N	1	cds	1
6999	V	X	2585	2586	\N	1	cds	1
7000	A	X	2586	2587	\N	1	cds	1
7001	V	X	2587	2588	\N	1	cds	1
7002	K	X	2588	2589	\N	1	cds	1
7003	M	X	2589	2590	\N	1	cds	1
7004	F	X	2590	2591	\N	1	cds	1
7005	D	X	2591	2592	\N	1	cds	1
7006	A	X	2592	2593	\N	1	cds	1
7007	Y	X	2593	2594	\N	1	cds	1
7009	N	X	2595	2596	\N	1	cds	1
7010	T	X	2596	2597	\N	1	cds	1
7011	F	X	2597	2598	\N	1	cds	1
7012	S	X	2598	2599	\N	1	cds	1
7013	S	X	2599	2600	\N	1	cds	1
7014	T	X	2600	2601	\N	1	cds	1
7015	F	X	2601	2602	\N	1	cds	1
7016	N	X	2602	2603	\N	1	cds	1
7018	P	X	2604	2605	\N	1	cds	1
7021	K	X	2607	2608	\N	1	cds	1
7022	L	X	2608	2609	\N	1	cds	1
7023	K	X	2609	2610	\N	1	cds	1
7024	T	X	2610	2611	\N	1	cds	1
7025	L	X	2611	2612	\N	1	cds	1
7026	V	X	2612	2613	\N	1	cds	1
7027	A	X	2613	2614	\N	1	cds	1
7028	T	X	2614	2615	\N	1	cds	1
7029	A	X	2615	2616	\N	1	cds	1
7030	E	X	2616	2617	\N	1	cds	1
7031	A	X	2617	2618	\N	1	cds	1
7032	E	X	2618	2619	\N	1	cds	1
7033	L	X	2619	2620	\N	1	cds	1
7034	A	X	2620	2621	\N	1	cds	1
7035	K	X	2621	2622	\N	1	cds	1
7036	N	X	2622	2623	\N	1	cds	1
7037	V	X	2623	2624	\N	1	cds	1
7038	S	X	2624	2625	\N	1	cds	1
7039	L	X	2625	2626	\N	1	cds	1
7040	D	X	2626	2627	\N	1	cds	1
7041	N	X	2627	2628	\N	1	cds	1
7042	V	X	2628	2629	\N	1	cds	1
7043	L	X	2629	2630	\N	1	cds	1
7044	S	X	2630	2631	\N	1	cds	1
7045	T	X	2631	2632	\N	1	cds	1
7046	F	X	2632	2633	\N	1	cds	1
7047	I	X	2633	2634	\N	1	cds	1
7048	S	X	2634	2635	\N	1	cds	1
7049	A	X	2635	2636	\N	1	cds	1
7050	A	X	2636	2637	\N	1	cds	1
7051	R	X	2637	2638	\N	1	cds	1
7052	Q	X	2638	2639	\N	1	cds	1
7053	G	X	2639	2640	\N	1	cds	1
7054	F	X	2640	2641	\N	1	cds	1
7055	V	X	2641	2642	\N	1	cds	1
7056	D	X	2642	2643	\N	1	cds	1
7057	S	X	2643	2644	\N	1	cds	1
7058	D	X	2644	2645	\N	1	cds	1
7059	V	X	2645	2646	\N	1	cds	1
7060	E	X	2646	2647	\N	1	cds	1
7061	T	X	2647	2648	\N	1	cds	1
7062	K	X	2648	2649	\N	1	cds	1
7063	D	X	2649	2650	\N	1	cds	1
7064	V	X	2650	2651	\N	1	cds	1
7065	V	X	2651	2652	\N	1	cds	1
7066	E	X	2652	2653	\N	1	cds	1
7067	C	X	2653	2654	\N	1	cds	1
7068	L	X	2654	2655	\N	1	cds	1
7069	K	X	2655	2656	\N	1	cds	1
7070	L	X	2656	2657	\N	1	cds	1
7071	S	X	2657	2658	\N	1	cds	1
7072	H	X	2658	2659	\N	1	cds	1
7073	Q	X	2659	2660	\N	1	cds	1
7074	S	X	2660	2661	\N	1	cds	1
7075	D	X	2661	2662	\N	1	cds	1
7078	T	I	3283	3284	\N	1	cds	1
7086	F	X	305	306	\N	2	cds	1
7087	T	X	306	307	\N	2	cds	1
7088	V	X	307	308	\N	2	cds	1
7089	E	X	308	309	\N	2	cds	1
7090	K	X	309	310	\N	2	cds	1
7091	G	X	310	311	\N	2	cds	1
7092	I	X	311	312	\N	2	cds	1
7093	Y	X	312	313	\N	2	cds	1
7094	Q	X	313	314	\N	2	cds	1
7095	T	X	314	315	\N	2	cds	1
7096	S	X	315	316	\N	2	cds	1
7097	N	X	316	317	\N	2	cds	1
7098	F	X	317	318	\N	2	cds	1
7099	R	X	318	319	\N	2	cds	1
7100	V	X	319	320	\N	2	cds	1
7101	Q	X	320	321	\N	2	cds	1
7102	P	X	321	322	\N	2	cds	1
7103	T	X	322	323	\N	2	cds	1
7104	E	X	323	324	\N	2	cds	1
7105	S	X	324	325	\N	2	cds	1
7106	I	X	325	326	\N	2	cds	1
7107	V	X	326	327	\N	2	cds	1
7108	R	X	327	328	\N	2	cds	1
7109	F	X	328	329	\N	2	cds	1
7110	P	X	329	330	\N	2	cds	1
7111	N	X	330	331	\N	2	cds	1
7112	I	X	331	332	\N	2	cds	1
7113	T	X	332	333	\N	2	cds	1
7114	N	X	333	334	\N	2	cds	1
7115	L	X	334	335	\N	2	cds	1
7116	C	X	335	336	\N	2	cds	1
7117	P	X	336	337	\N	2	cds	1
7118	F	X	337	338	\N	2	cds	1
7120	E	X	339	340	\N	2	cds	1
7121	V	X	340	341	\N	2	cds	1
7122	F	X	341	342	\N	2	cds	1
7123	N	X	342	343	\N	2	cds	1
7124	A	X	343	344	\N	2	cds	1
7125	T	X	344	345	\N	2	cds	1
7127	F	X	346	347	\N	2	cds	1
7128	A	X	347	348	\N	2	cds	1
7129	S	X	348	349	\N	2	cds	1
7130	V	X	349	350	\N	2	cds	1
7131	Y	X	350	351	\N	2	cds	1
7132	A	X	351	352	\N	2	cds	1
7133	W	X	352	353	\N	2	cds	1
7134	N	X	353	354	\N	2	cds	1
7193	S	X	749	750	\N	2	cds	1
7194	N	X	750	751	\N	2	cds	1
7195	L	X	751	752	\N	2	cds	1
7196	L	X	752	753	\N	2	cds	1
7197	T	X	760	761	\N	2	cds	1
7204	L	X	110	111	\N	3	cds	1
7205	V	X	111	112	\N	3	cds	1
7206	Y	X	112	113	\N	3	cds	1
7207	F	X	113	114	\N	3	cds	1
7208	L	X	114	115	\N	3	cds	1
7209	Q	X	115	116	\N	3	cds	1
7210	S	X	116	117	\N	3	cds	1
7211	I	X	117	118	\N	3	cds	1
7212	N	X	118	119	\N	3	cds	1
7213	F	X	119	120	\N	3	cds	1
7214	V	X	120	121	\N	3	cds	1
7215	R	X	121	122	\N	3	cds	1
7216	I	X	122	123	\N	3	cds	1
7217	I	X	123	124	\N	3	cds	1
7218	M	X	124	125	\N	3	cds	1
7219	R	X	125	126	\N	3	cds	1
7220	L	X	126	127	\N	3	cds	1
7221	W	X	127	128	\N	3	cds	1
7222	L	X	128	129	\N	3	cds	1
7223	C	X	129	130	\N	3	cds	1
7224	W	X	130	131	\N	3	cds	1
7225	K	X	131	132	\N	3	cds	1
7226	C	X	132	133	\N	3	cds	1
7227	R	X	133	134	\N	3	cds	1
7228	S	X	134	135	\N	3	cds	1
7229	K	X	135	136	\N	3	cds	1
7230	N	X	136	137	\N	3	cds	1
7231	P	X	137	138	\N	3	cds	1
7232	L	X	138	139	\N	3	cds	1
7233	L	X	139	140	\N	3	cds	1
7234	Y	X	140	141	\N	3	cds	1
7235	D	X	141	142	\N	3	cds	1
7236	A	X	142	143	\N	3	cds	1
7237	N	X	143	144	\N	3	cds	1
7238	Y	X	144	145	\N	3	cds	1
7239	F	X	145	146	\N	3	cds	1
7240	L	X	146	147	\N	3	cds	1
7241	C	X	147	148	\N	3	cds	1
7242	W	X	148	149	\N	3	cds	1
7243	H	X	149	150	\N	3	cds	1
7244	T	X	150	151	\N	3	cds	1
7245	N	X	151	152	\N	3	cds	1
7246	C	X	152	153	\N	3	cds	1
7247	Y	X	153	154	\N	3	cds	1
7248	D	X	154	155	\N	3	cds	1
7249	Y	X	155	156	\N	3	cds	1
7250	C	X	156	157	\N	3	cds	1
7251	I	X	157	158	\N	3	cds	1
7252	P	X	158	159	\N	3	cds	1
7253	Y	X	159	160	\N	3	cds	1
7254	N	X	160	161	\N	3	cds	1
7255	S	X	161	162	\N	3	cds	1
7256	V	X	162	163	\N	3	cds	1
7257	T	X	163	164	\N	3	cds	1
7258	S	X	164	165	\N	3	cds	1
7259	S	X	165	166	\N	3	cds	1
7260	I	X	166	167	\N	3	cds	1
7261	V	X	167	168	\N	3	cds	1
7262	I	X	168	169	\N	3	cds	1
7263	T	X	169	170	\N	3	cds	1
7264	S	X	170	171	\N	3	cds	1
7266	D	X	172	173	\N	3	cds	1
7267	G	X	173	174	\N	3	cds	1
7268	T	X	174	175	\N	3	cds	1
7269	T	X	175	176	\N	3	cds	1
7270	S	X	176	177	\N	3	cds	1
7271	P	X	177	178	\N	3	cds	1
7272	I	X	178	179	\N	3	cds	1
7273	S	X	179	180	\N	3	cds	1
7274	E	X	180	181	\N	3	cds	1
7275	H	X	181	182	\N	3	cds	1
7276	D	X	182	183	\N	3	cds	1
7277	Y	X	183	184	\N	3	cds	1
7278	Q	X	184	185	\N	3	cds	1
7279	I	X	185	186	\N	3	cds	1
7280	G	X	186	187	\N	3	cds	1
7281	G	X	187	188	\N	3	cds	1
7282	Y	X	188	189	\N	3	cds	1
7283	T	X	189	190	\N	3	cds	1
7284	E	X	190	191	\N	3	cds	1
7285	W	X	192	193	\N	3	cds	1
7286	E	X	193	194	\N	3	cds	1
7287	S	X	194	195	\N	3	cds	1
7288	D	X	198	199	\N	3	cds	1
7289	C	X	199	200	\N	3	cds	1
7290	V	X	200	201	\N	3	cds	1
7295	S	X	135	136	\N	5	cds	1
7296	E	X	136	137	\N	5	cds	1
7297	L	X	137	138	\N	5	cds	1
7298	V	X	138	139	\N	5	cds	1
7299	I	X	139	140	\N	5	cds	1
7300	G	X	140	141	\N	5	cds	1
7301	A	X	141	142	\N	5	cds	1
7302	V	X	142	143	\N	5	cds	1
7303	I	X	143	144	\N	5	cds	1
7304	L	X	144	145	\N	5	cds	1
7367	C	A	1930	1931	\N	\N	nt	1
7370	T	Y	4164	4165	\N	\N	nt	1
7401	G	K	22812	22813	\N	\N	nt	1
7402	T	K	22881	22882	\N	\N	nt	1
7419	C	A	24502	24503	\N	\N	nt	1
7424	G	R	26528	26529	\N	\N	nt	1
7427	A	M	27507	27508	\N	\N	nt	1
7644	A	G	27748	27749	\N	\N	nt	1
7650	G	K	28680	28681	\N	\N	nt	1
7651	T	Y	28692	28693	\N	\N	nt	1
7658	Q	K	555	556	\N	1	cds	1
7697	L	I	980	981	\N	2	cds	1
7700	D	B	2	3	\N	5	cds	1
7778	E	X	135	136	\N	9	cds	1
7821	A	M	1572	1573	\N	\N	nt	1
7835	A	G	11455	11456	\N	\N	nt	1
7838	C	T	12615	12616	\N	\N	nt	1
7873	C	M	23853	23854	\N	\N	nt	1
7884	C	T	27011	27012	\N	\N	nt	1
7941	I	V	3730	3731	\N	1	cds	1
7971	N	X	763	764	\N	2	cds	1
\.


--
-- Data for Name: mutation2annotation; Type: TABLE DATA; Schema: public; Owner: postgres
--

COPY public.mutation2annotation (id, alignment_id, annotation_id, mutation_id) FROM stdin;
1	1	1	2
2	1	1	3
3	1	1	23
4	1	1	24
5	1	1	25
6	1	1	26
7	1	1	27
8	1	1	28
9	1	1	29
10	1	1	31
13	1	1	32
16	1	1	33
19	1	1	34
25	1	1	35
31	1	1	36
38	1	1	37
45	1	1	38
52	1	1	39
60	1	1	40
68	1	1	41
75	1	1	42
82	1	1	43
89	1	1	44
94	1	1	344
97	1	1	520
98	1	1	521
99	1	1	522
100	1	1	523
101	1	1	524
102	1	2	2
103	1	2	3
104	1	2	344
105	1	2	525
106	1	2	526
107	1	5	4
108	1	5	5
109	1	5	11
110	1	5	18
111	1	5	19
112	1	5	23
113	1	5	25
114	1	5	40
115	1	5	43
116	1	5	523
117	1	7	6
118	1	7	7
119	1	7	8
120	1	7	9
121	1	7	12
122	1	7	15
123	1	7	16
124	1	7	17
125	1	7	20
126	1	7	21
127	1	7	22
128	1	7	24
129	1	7	26
130	1	7	27
131	1	7	28
132	1	7	29
133	1	7	31
134	1	7	32
135	1	7	34
136	1	7	35
137	1	7	36
138	1	7	37
139	1	7	38
140	1	7	39
141	1	7	41
142	1	7	42
143	1	7	44
144	1	7	520
145	1	7	521
146	1	7	522
147	1	7	524
148	1	39	31
149	1	39	32
150	1	39	33
151	1	39	34
152	1	39	35
153	1	39	36
154	1	39	37
155	1	39	38
156	1	39	39
157	1	39	40
158	1	39	41
160	1	39	42
162	1	39	43
164	1	39	44
167	1	39	344
173	1	39	520
180	1	39	521
187	1	39	522
194	1	39	523
201	1	39	524
208	1	39	525
217	1	39	526
226	1	45	33
227	2	1	3
228	2	1	805
229	2	1	806
230	2	1	1035
233	2	1	1036
236	2	1	1037
239	2	1	1038
242	2	1	1306
247	2	1	1307
252	2	1	1773
258	2	1	36
265	2	1	1775
272	2	1	1776
279	2	1	1777
286	2	1	1778
293	2	1	1779
300	2	1	1780
307	2	1	1781
314	2	1	1782
321	2	1	1783
328	2	1	1784
336	2	1	2001
343	2	1	2002
349	2	1	2003
354	2	1	2004
359	2	1	2005
364	2	1	2006
368	2	1	2095
371	2	1	2229
373	2	1	2230
374	2	1	2231
375	2	1	2232
376	2	1	2233
377	2	1	2234
378	2	2	3
379	2	2	2095
380	2	2	2229
381	2	2	2235
382	2	5	714
383	2	5	750
384	2	5	751
385	2	5	5
386	2	5	754
387	2	5	802
388	2	5	804
389	2	5	1784
390	2	5	2001
391	2	5	2006
392	2	5	2233
393	2	7	752
394	2	7	797
395	2	7	15
396	2	7	799
397	2	7	801
398	2	7	20
399	2	7	805
400	2	7	806
401	2	7	1035
402	2	7	1037
403	2	7	1306
404	2	7	1307
405	2	7	1773
406	2	7	36
407	2	7	1775
408	2	7	1776
409	2	7	1777
410	2	7	1778
411	2	7	1779
412	2	7	1780
413	2	7	1781
414	2	7	1782
415	2	7	1783
416	2	7	2002
417	2	7	2003
418	2	7	2004
419	2	7	2005
420	2	7	2230
421	2	7	2232
422	2	7	2234
423	2	39	1035
424	2	39	1036
425	2	39	1037
426	2	39	1038
427	2	39	1306
428	2	39	1307
429	2	39	1773
430	2	39	36
431	2	39	1775
432	2	39	1776
433	2	39	1777
434	2	39	1778
435	2	39	1779
436	2	39	1780
437	2	39	1781
438	2	39	1782
439	2	39	1783
440	2	39	1784
441	2	39	2001
443	2	39	2002
446	2	39	2003
450	2	39	2004
453	2	39	2005
456	2	39	2006
460	2	39	2095
466	2	39	2229
473	2	39	2230
480	2	39	2231
487	2	39	2232
494	2	39	2233
501	2	39	2234
508	2	39	2235
517	2	45	755
518	2	45	800
519	2	45	1036
520	2	45	1038
521	2	45	2231
522	3	1	3
523	3	1	2775
524	3	1	806
525	3	1	2777
526	3	1	2778
527	3	1	2779
530	3	1	2780
533	3	1	2781
536	3	1	32
539	3	1	2783
542	3	1	1306
547	3	1	2785
552	3	1	2786
557	3	1	2787
562	3	1	2788
567	3	1	2789
572	3	1	2790
577	3	1	2791
582	3	1	2792
587	3	1	2793
593	3	1	35
599	3	1	2795
605	3	1	2796
611	3	1	2797
617	3	1	2798
623	3	1	2799
629	3	1	36
636	3	1	1775
643	3	1	1776
650	3	1	1777
657	3	1	1778
664	3	1	1779
671	3	1	1781
678	3	1	1782
685	3	1	1784
693	3	1	2001
700	3	1	2810
707	3	1	2811
714	3	1	2002
720	3	1	2004
725	3	1	2005
730	3	1	2815
735	3	1	2006
739	3	1	2817
743	3	1	2818
747	3	1	2819
751	3	1	2095
754	3	1	2229
756	3	1	2230
757	3	1	2231
758	3	1	2232
759	3	1	2233
760	3	1	2234
761	3	1	2827
762	3	1	2828
763	3	2	3
764	3	2	2095
765	3	2	2229
766	3	2	2829
767	3	2	2235
768	3	5	5
769	3	5	2761
770	3	5	2763
771	3	5	2767
772	3	5	2768
773	3	5	2771
774	3	5	2773
775	3	5	2778
776	3	5	2791
777	3	5	1784
778	3	5	2001
779	3	5	2815
780	3	5	2006
781	3	5	2819
782	3	5	2233
783	3	7	2756
784	3	7	2757
785	3	7	2758
786	3	7	2760
787	3	7	2762
788	3	7	2764
789	3	7	2765
790	3	7	15
791	3	7	799
792	3	7	20
793	3	7	2774
794	3	7	2775
795	3	7	806
796	3	7	2777
797	3	7	2779
798	3	7	2781
799	3	7	32
800	3	7	2783
801	3	7	1306
802	3	7	2785
803	3	7	2786
804	3	7	2787
805	3	7	2788
806	3	7	2789
807	3	7	2790
808	3	7	2792
809	3	7	2793
810	3	7	35
811	3	7	2795
812	3	7	2796
813	3	7	2797
814	3	7	2798
815	3	7	2799
816	3	7	36
817	3	7	1775
818	3	7	1776
819	3	7	1777
820	3	7	1778
821	3	7	1779
822	3	7	1781
823	3	7	1782
824	3	7	2810
825	3	7	2811
826	3	7	2002
827	3	7	2004
828	3	7	2005
829	3	7	2817
830	3	7	2818
831	3	7	2230
832	3	7	2232
833	3	7	2234
834	3	7	2827
835	3	7	2828
836	3	39	2779
837	3	39	2780
838	3	39	2781
839	3	39	32
840	3	39	2783
841	3	39	1306
842	3	39	2785
843	3	39	2786
844	3	39	2787
845	3	39	2788
846	3	39	2789
847	3	39	2790
848	3	39	2791
849	3	39	2792
850	3	39	2793
851	3	39	35
852	3	39	2795
853	3	39	2796
854	3	39	2797
855	3	39	2798
856	3	39	2799
857	3	39	36
858	3	39	1775
859	3	39	1776
860	3	39	1777
861	3	39	1778
862	3	39	1779
863	3	39	1781
864	3	39	1782
865	3	39	1784
866	3	39	2001
868	3	39	2810
870	3	39	2811
872	3	39	2002
875	3	39	2004
878	3	39	2005
881	3	39	2815
884	3	39	2006
888	3	39	2817
892	3	39	2818
896	3	39	2819
900	3	39	2095
906	3	39	2229
913	3	39	2230
920	3	39	2231
927	3	39	2232
934	3	39	2233
941	3	39	2234
948	3	39	2827
955	3	39	2828
962	3	39	2829
971	3	39	2235
980	3	45	2780
981	3	45	2231
982	3	538	2770
983	4	1	3
984	4	1	806
985	4	1	1035
988	4	1	1036
991	4	1	1037
994	4	1	1038
997	4	1	2908
1000	4	1	1306
1005	4	1	2911
1010	4	1	2972
1015	4	1	2973
1021	4	1	2793
1027	4	1	35
1033	4	1	2795
1039	4	1	2796
1045	4	1	2978
1051	4	1	2797
1057	4	1	2798
1063	4	1	2799
1069	4	1	1773
1075	4	1	36
1082	4	1	2984
1089	4	1	1775
1096	4	1	1776
1103	4	1	1777
1110	4	1	2988
1117	4	1	1778
1124	4	1	1779
1131	4	1	1780
1138	4	1	1781
1145	4	1	1782
1152	4	1	1783
1159	4	1	1784
1167	4	1	2001
1174	4	1	2002
1180	4	1	2003
1185	4	1	2004
1190	4	1	2005
1195	4	1	2006
1199	4	1	2095
1202	4	1	2229
1204	4	1	2230
1205	4	1	2231
1206	4	1	2232
1207	4	1	2233
1208	4	1	2234
1209	4	2	3
1210	4	2	2095
1211	4	2	2229
1212	4	2	3009
1213	4	5	5
1214	4	5	754
1215	4	5	802
1216	4	5	804
1217	4	5	2911
1218	4	5	1784
1219	4	5	2001
1220	4	5	2006
1221	4	5	2233
1222	4	7	752
1223	4	7	2891
1224	4	7	2893
1225	4	7	797
1226	4	7	15
1227	4	7	799
1228	4	7	801
1229	4	7	20
1230	4	7	806
1231	4	7	1035
1232	4	7	1037
1233	4	7	1306
1234	4	7	2972
1235	4	7	2973
1236	4	7	2793
1237	4	7	35
1238	4	7	2795
1239	4	7	2796
1240	4	7	2978
1241	4	7	2797
1242	4	7	2798
1243	4	7	2799
1244	4	7	1773
1245	4	7	36
1246	4	7	2984
1247	4	7	1775
1248	4	7	1776
1249	4	7	1777
1250	4	7	2988
1251	4	7	1778
1252	4	7	1779
1253	4	7	1780
1254	4	7	1781
1255	4	7	1782
1256	4	7	1783
1257	4	7	2002
1258	4	7	2003
1259	4	7	2004
1260	4	7	2005
1261	4	7	2230
1262	4	7	2232
1263	4	7	2234
1264	4	39	1035
1265	4	39	1036
1266	4	39	1037
1267	4	39	1038
1268	4	39	2908
1269	4	39	1306
1270	4	39	2911
1271	4	39	2972
1272	4	39	2973
1273	4	39	2793
1274	4	39	35
1275	4	39	2795
1276	4	39	2796
1277	4	39	2978
1278	4	39	2797
1279	4	39	2798
1280	4	39	2799
1281	4	39	1773
1282	4	39	36
1283	4	39	2984
1284	4	39	1775
1285	4	39	1776
1286	4	39	1777
1287	4	39	2988
1288	4	39	1778
1289	4	39	1779
1290	4	39	1780
1291	4	39	1781
1292	4	39	1782
1293	4	39	1783
1294	4	39	1784
1295	4	39	2001
1297	4	39	2002
1300	4	39	2003
1304	4	39	2004
1307	4	39	2005
1310	4	39	2006
1314	4	39	2095
1320	4	39	2229
1327	4	39	2230
1334	4	39	2231
1341	4	39	2232
1348	4	39	2233
1355	4	39	2234
1362	4	39	3009
1371	4	45	755
1372	4	45	800
1373	4	45	1036
1374	4	45	1038
1375	4	45	2908
1376	4	45	2231
1377	5	1	3
1378	5	1	2775
1379	5	1	806
1380	5	1	2777
1381	5	1	2778
1382	5	1	2779
1385	5	1	2780
1388	5	1	32
1391	5	1	2783
1394	5	1	1306
1399	5	1	2785
1404	5	1	2786
1409	5	1	2787
1414	5	1	2788
1419	5	1	2789
1424	5	1	2790
1429	5	1	2791
1434	5	1	2792
1439	5	1	2972
1444	5	1	2793
1450	5	1	35
1456	5	1	2795
1462	5	1	2796
1468	5	1	2797
1474	5	1	2798
1480	5	1	2799
1486	5	1	36
1493	5	1	1775
1500	5	1	1776
1507	5	1	1777
1514	5	1	1778
1521	5	1	1779
1528	5	1	1781
1535	5	1	1782
1542	5	1	1784
1550	5	1	2001
1557	5	1	3402
1564	5	1	2811
1571	5	1	2002
1577	5	1	2004
1582	5	1	2005
1587	5	1	2815
1592	5	1	2006
1596	5	1	2817
1600	5	1	2818
1604	5	1	2819
1608	5	1	3412
1611	5	1	2095
1614	5	1	2229
1616	5	1	2230
1617	5	1	2231
1618	5	1	2232
1619	5	1	2233
1620	5	1	2234
1621	5	1	2828
1622	5	2	3
1623	5	2	2095
1624	5	2	2229
1625	5	2	2829
1626	5	2	2235
1627	5	5	5
1628	5	5	2761
1629	5	5	2763
1630	5	5	2768
1631	5	5	3324
1632	5	5	2771
1633	5	5	2773
1634	5	5	2778
1635	5	5	2791
1636	5	5	1784
1637	5	5	2001
1638	5	5	2815
1639	5	5	2006
1640	5	5	2819
1641	5	5	3412
1642	5	5	2233
1643	5	7	2757
1644	5	7	2758
1645	5	7	2760
1646	5	7	2762
1647	5	7	2764
1648	5	7	2765
1649	5	7	15
1650	5	7	799
1651	5	7	20
1652	5	7	2775
1653	5	7	806
1654	5	7	2777
1655	5	7	2779
1656	5	7	32
1657	5	7	2783
1658	5	7	1306
1659	5	7	2785
1660	5	7	2786
1661	5	7	2787
1662	5	7	2788
1663	5	7	2789
1664	5	7	2790
1665	5	7	2792
1666	5	7	2972
1667	5	7	2793
1668	5	7	35
1669	5	7	2795
1670	5	7	2796
1671	5	7	2797
1672	5	7	2798
1673	5	7	2799
1674	5	7	36
1675	5	7	1775
1676	5	7	1776
1677	5	7	1777
1678	5	7	1778
1679	5	7	1779
1680	5	7	1781
1681	5	7	1782
1682	5	7	3402
1683	5	7	2811
1684	5	7	2002
1685	5	7	2004
1686	5	7	2005
1687	5	7	2817
1688	5	7	2818
1689	5	7	2230
1690	5	7	2232
1691	5	7	2234
1692	5	7	2828
1693	5	39	2779
1694	5	39	2780
1695	5	39	32
1696	5	39	2783
1697	5	39	1306
1698	5	39	2785
1699	5	39	2786
1700	5	39	2787
1701	5	39	2788
1702	5	39	2789
1703	5	39	2790
1704	5	39	2791
1705	5	39	2792
1706	5	39	2972
1707	5	39	2793
1708	5	39	35
1709	5	39	2795
1710	5	39	2796
1711	5	39	2797
1712	5	39	2798
1713	5	39	2799
1714	5	39	36
1715	5	39	1775
1716	5	39	1776
1717	5	39	1777
1718	5	39	1778
1719	5	39	1779
1720	5	39	1781
1721	5	39	1782
1722	5	39	1784
1723	5	39	2001
1725	5	39	3402
1727	5	39	2811
1729	5	39	2002
1732	5	39	2004
1735	5	39	2005
1738	5	39	2815
1741	5	39	2006
1745	5	39	2817
1749	5	39	2818
1753	5	39	2819
1757	5	39	3412
1762	5	39	2095
1768	5	39	2229
1775	5	39	2230
1782	5	39	2231
1789	5	39	2232
1796	5	39	2233
1803	5	39	2234
1810	5	39	2828
1817	5	39	2829
1826	5	39	2235
1835	5	45	2780
1836	5	45	2231
1837	5	538	2770
1838	6	1	4116
1839	6	1	2775
1840	6	1	4118
1841	6	1	806
1842	6	1	4120
1843	6	1	2777
1844	6	1	4122
1845	6	1	2778
1846	6	1	2779
1849	6	1	2780
1852	6	1	1036
1855	6	1	4127
1858	6	1	32
1861	6	1	2783
1864	6	1	1306
1869	6	1	4131
1874	6	1	2785
1879	6	1	2786
1884	6	1	2787
1889	6	1	2788
1894	6	1	2789
1899	6	1	2790
1904	6	1	2792
1909	6	1	2972
1914	6	1	34
1920	6	1	2793
1926	6	1	35
1932	6	1	2795
1938	6	1	4144
1944	6	1	2797
1950	6	1	2798
1956	6	1	2799
1962	6	1	36
1969	6	1	1775
1976	6	1	1776
1983	6	1	1777
1990	6	1	1778
1997	6	1	1779
2004	6	1	1781
2011	6	1	1782
2018	6	1	1784
2026	6	1	4157
2033	6	1	2001
2040	6	1	4159
2047	6	1	2811
2054	6	1	2002
2060	6	1	4162
2065	6	1	2004
2070	6	1	2005
2075	6	1	4379
2078	6	1	2095
2081	6	1	4381
2084	6	1	2229
2086	6	1	2230
2087	6	1	4384
2088	6	1	2231
2089	6	1	4386
2090	6	1	2232
2091	6	1	2233
2092	6	1	2234
2093	6	1	2828
2094	6	2	2095
2095	6	2	4381
2096	6	2	2229
2097	6	2	4391
2098	6	2	4392
2099	6	2	4393
2100	6	2	4394
2101	6	2	4395
2102	6	2	4396
2103	6	5	3910
2104	6	5	3912
2105	6	5	5
2106	6	5	2761
2107	6	5	4054
2108	6	5	2763
2109	6	5	2767
2110	6	5	2768
2111	6	5	4064
2112	6	5	4065
2113	6	5	2771
2114	6	5	2773
2115	6	5	4120
2116	6	5	4122
2117	6	5	2778
2118	6	5	4127
2119	6	5	1784
2120	6	5	4157
2121	6	5	2001
2122	6	5	4159
2123	6	5	4379
2124	6	5	4384
2125	6	5	4386
2126	6	5	2233
2127	6	7	2757
2128	6	7	2758
2129	6	7	2760
2130	6	7	4053
2131	6	7	2762
2132	6	7	2764
2133	6	7	4058
2134	6	7	15
2135	6	7	799
2136	6	7	20
2137	6	7	4114
2138	6	7	4116
2139	6	7	2775
2140	6	7	4118
2141	6	7	806
2142	6	7	2777
2143	6	7	2779
2144	6	7	32
2145	6	7	2783
2146	6	7	1306
2147	6	7	4131
2148	6	7	2785
2149	6	7	2786
2150	6	7	2787
2151	6	7	2788
2152	6	7	2789
2153	6	7	2790
2154	6	7	2792
2155	6	7	2972
2156	6	7	34
2157	6	7	2793
2158	6	7	35
2159	6	7	2795
2160	6	7	4144
2161	6	7	2797
2162	6	7	2798
2163	6	7	2799
2164	6	7	36
2165	6	7	1775
2166	6	7	1776
2167	6	7	1777
2168	6	7	1778
2169	6	7	1779
2170	6	7	1781
2171	6	7	1782
2172	6	7	2811
2173	6	7	2002
2174	6	7	4162
2175	6	7	2004
2176	6	7	2005
2177	6	7	2230
2178	6	7	2232
2179	6	7	2234
2180	6	7	2828
2181	6	39	2779
2182	6	39	2780
2183	6	39	1036
2184	6	39	4127
2185	6	39	32
2186	6	39	2783
2187	6	39	1306
2188	6	39	4131
2189	6	39	2785
2190	6	39	2786
2191	6	39	2787
2192	6	39	2788
2193	6	39	2789
2194	6	39	2790
2195	6	39	2792
2196	6	39	2972
2197	6	39	34
2198	6	39	2793
2199	6	39	35
2200	6	39	2795
2201	6	39	4144
2202	6	39	2797
2203	6	39	2798
2204	6	39	2799
2205	6	39	36
2206	6	39	1775
2207	6	39	1776
2208	6	39	1777
2209	6	39	1778
2210	6	39	1779
2211	6	39	1781
2212	6	39	1782
2213	6	39	1784
2214	6	39	4157
2216	6	39	2001
2218	6	39	4159
2220	6	39	2811
2222	6	39	2002
2225	6	39	4162
2229	6	39	2004
2232	6	39	2005
2235	6	39	4379
2240	6	39	2095
2246	6	39	4381
2252	6	39	2229
2259	6	39	2230
2266	6	39	4384
2273	6	39	2231
2280	6	39	4386
2287	6	39	2232
2294	6	39	2233
2301	6	39	2234
2308	6	39	2828
2315	6	39	4391
2324	6	39	4392
2333	6	39	4393
2342	6	39	4394
2351	6	39	4395
2360	6	39	4396
2369	6	45	2780
2370	6	45	1036
2371	6	45	2231
2372	6	538	2770
2373	7	1	3
2374	7	1	806
2375	7	1	4679
2376	7	1	4680
2380	7	1	4681
2384	7	1	4682
2388	7	1	4683
2392	7	1	1035
2395	7	1	1036
2398	7	1	1037
2401	7	1	4696
2404	7	1	4703
2408	7	1	1306
2413	7	1	4705
2418	7	1	4706
2423	7	1	2785
2428	7	1	2786
2433	7	1	2787
2438	7	1	2792
2443	7	1	2972
2448	7	1	2973
2454	7	1	2793
2460	7	1	35
2466	7	1	2795
2472	7	1	2796
2478	7	1	2978
2484	7	1	2797
2490	7	1	2798
2496	7	1	2799
2502	7	1	1773
2508	7	1	36
2515	7	1	4723
2522	7	1	1776
2529	7	1	1777
2536	7	1	4726
2543	7	1	1778
2550	7	1	1779
2557	7	1	1780
2564	7	1	1781
2571	7	1	1782
2578	7	1	1783
2585	7	1	1784
2593	7	1	4734
2601	7	1	2001
2608	7	1	2002
2614	7	1	2003
2619	7	1	2004
2624	7	1	2005
2629	7	1	2006
2633	7	1	2095
2636	7	1	2229
2638	7	1	2230
2639	7	1	4745
2640	7	1	4826
2641	7	1	2232
2642	7	1	2233
2643	7	1	2234
2644	7	2	3
2645	7	2	2095
2646	7	2	2229
2647	7	2	4830
2648	7	2	4831
2649	7	2	4832
2650	7	2	4833
2651	7	2	4834
2652	7	2	4835
2653	7	2	4836
2654	7	2	4837
2655	7	2	4838
2656	7	2	4906
2657	7	5	4655
2658	7	5	4656
2659	7	5	5
2660	7	5	4659
2661	7	5	754
2662	7	5	4665
2663	7	5	802
2664	7	5	804
2665	7	5	4726
2666	7	5	1784
2667	7	5	4734
2668	7	5	2001
2669	7	5	2006
2670	7	5	4826
2671	7	5	2233
2672	7	7	752
2673	7	7	797
2674	7	7	15
2675	7	7	799
2676	7	7	801
2677	7	7	20
2678	7	7	806
2679	7	7	4679
2680	7	7	4680
2681	7	7	4681
2682	7	7	4682
2683	7	7	4683
2684	7	7	1035
2685	7	7	1037
2686	7	7	1306
2687	7	7	4705
2688	7	7	4706
2689	7	7	2785
2690	7	7	2786
2691	7	7	2787
2692	7	7	2792
2693	7	7	2972
2694	7	7	2973
2695	7	7	2793
2696	7	7	35
2697	7	7	2795
2698	7	7	2796
2699	7	7	2978
2700	7	7	2797
2701	7	7	2798
2702	7	7	2799
2703	7	7	1773
2704	7	7	36
2705	7	7	4723
2706	7	7	1776
2707	7	7	1777
2708	7	7	1778
2709	7	7	1779
2710	7	7	1780
2711	7	7	1781
2712	7	7	1782
2713	7	7	1783
2714	7	7	2002
2715	7	7	2003
2716	7	7	2004
2717	7	7	2005
2718	7	7	2230
2719	7	7	2232
2720	7	7	2234
2721	7	39	1035
2722	7	39	1036
2723	7	39	1037
2724	7	39	4696
2725	7	39	4703
2726	7	39	1306
2727	7	39	4705
2728	7	39	4706
2729	7	39	2785
2730	7	39	2786
2731	7	39	2787
2732	7	39	2792
2733	7	39	2972
2734	7	39	2973
2735	7	39	2793
2736	7	39	35
2737	7	39	2795
2738	7	39	2796
2739	7	39	2978
2740	7	39	2797
2741	7	39	2798
2742	7	39	2799
2743	7	39	1773
2744	7	39	36
2745	7	39	4723
2746	7	39	1776
2747	7	39	1777
2748	7	39	4726
2749	7	39	1778
2750	7	39	1779
2751	7	39	1780
2752	7	39	1781
2753	7	39	1782
2754	7	39	1783
2755	7	39	1784
2756	7	39	4734
2757	7	39	2001
2759	7	39	2002
2762	7	39	2003
2766	7	39	2004
2769	7	39	2005
2772	7	39	2006
2776	7	39	2095
2782	7	39	2229
2789	7	39	2230
2796	7	39	4745
2803	7	39	4826
2810	7	39	2232
2817	7	39	2233
2824	7	39	2234
2831	7	39	4830
2840	7	39	4831
2849	7	39	4832
2858	7	39	4833
2867	7	39	4834
2876	7	39	4835
2885	7	39	4836
2894	7	39	4837
2903	7	39	4838
2912	7	39	4906
2921	7	45	1036
2922	7	45	4696
2923	7	2385	4668
2924	7	2385	4745
2925	7	2434	4703
2926	8	1	5198
2927	8	1	5255
2928	8	1	5256
2930	8	1	5262
2931	8	1	2778
2932	8	1	5264
2933	8	1	5265
2937	8	1	5268
2941	8	1	5269
2945	8	1	5271
2949	8	1	5272
2953	8	1	5275
2955	8	1	5277
2959	8	1	5376
2965	8	1	5377
2975	8	1	2785
2980	8	1	2786
2985	8	1	2787
2990	8	1	2788
2995	8	1	2789
3000	8	1	2792
3005	8	1	2972
3010	8	1	5386
3016	8	1	2793
3022	8	1	35
3028	8	1	2795
3034	8	1	5390
3040	8	1	2797
3046	8	1	2798
3052	8	1	2799
3058	8	1	36
3065	8	1	1775
3072	8	1	5399
3079	8	1	1778
3086	8	1	1779
3093	8	1	1782
3100	8	1	2001
3107	8	1	5414
3114	8	1	5415
3128	8	1	2002
3134	8	1	2005
3139	8	1	2815
3144	8	1	2006
3148	8	1	2817
3152	8	1	2818
3156	8	1	2819
3160	8	1	2095
3163	8	1	2229
3165	8	1	2230
3166	8	1	2231
3167	8	1	2232
3168	8	1	2233
3169	8	1	2234
3170	8	1	5443
3172	8	2	5198
3173	8	2	5277
3174	8	2	2095
3175	8	2	2229
3176	8	2	5444
3177	8	5	5208
3178	8	5	5210
3179	8	5	5212
3180	8	5	5
3181	8	5	2761
3182	8	5	5223
3184	8	5	5227
3185	8	5	2763
3186	8	5	2767
3187	8	5	5236
3188	8	5	2771
3189	8	5	2778
3190	8	5	5268
3191	8	5	5272
3193	8	5	5399
3194	8	5	2001
3195	8	5	5414
3196	8	5	2815
3197	8	5	2006
3198	8	5	2819
3199	8	5	2233
3200	8	7	5200
3202	8	7	5204
3203	8	7	5209
3205	8	7	5212
3206	8	7	2758
3207	8	7	2760
3208	8	7	5219
3209	8	7	5226
3210	8	7	2762
3211	8	7	5231
3212	8	7	2765
3213	8	7	15
3214	8	7	799
3215	8	7	5240
3217	8	7	20
3218	8	7	5251
3219	8	7	5255
3220	8	7	5256
3222	8	7	5262
3223	8	7	5265
3225	8	7	5268
3226	8	7	5269
3228	8	7	5271
3230	8	7	5376
3232	8	7	5377
3234	8	7	2785
3235	8	7	2786
3236	8	7	2787
3237	8	7	2788
3238	8	7	2789
3239	8	7	2792
3240	8	7	2972
3241	8	7	5386
3242	8	7	2793
3243	8	7	35
3244	8	7	2795
3245	8	7	5390
3246	8	7	2797
3247	8	7	2798
3248	8	7	2799
3249	8	7	36
3250	8	7	1775
3251	8	7	1778
3252	8	7	1779
3253	8	7	1782
3254	8	7	5415
3256	8	7	2002
3257	8	7	2005
3258	8	7	2817
3259	8	7	2818
3260	8	7	2230
3261	8	7	2232
3262	8	7	2234
3263	8	7	5443
3265	8	39	5277
3266	8	39	5376
3268	8	39	5377
3270	8	39	2785
3271	8	39	2786
3272	8	39	2787
3273	8	39	2788
3274	8	39	2789
3275	8	39	2792
3276	8	39	2972
3277	8	39	5386
3278	8	39	2793
3279	8	39	35
3280	8	39	2795
3281	8	39	5390
3282	8	39	2797
3283	8	39	2798
3284	8	39	2799
3285	8	39	36
3286	8	39	1775
3287	8	39	5399
3288	8	39	1778
3289	8	39	1779
3290	8	39	1782
3291	8	39	2001
3293	8	39	5414
3295	8	39	5415
3299	8	39	2002
3302	8	39	2005
3305	8	39	2815
3308	8	39	2006
3312	8	39	2817
3316	8	39	2818
3320	8	39	2819
3324	8	39	2095
3330	8	39	2229
3337	8	39	2230
3344	8	39	2231
3351	8	39	2232
3358	8	39	2233
3365	8	39	2234
3372	8	39	5443
3386	8	39	5444
3395	8	45	2231
3396	8	538	5232
3397	8	538	2770
3398	8	2385	5217
3399	8	2385	5246
3400	8	2385	5264
3401	8	2385	5275
3402	8	2385	5277
3404	8	2941	5217
3405	8	2941	5226
3406	8	2941	5264
3407	8	3011	5277
3408	8	3013	5277
3409	8	3014	5277
3410	8	3016	5277
3411	9	1	2
3412	9	1	3
3413	9	1	5757
3414	9	1	5758
3415	9	1	29
3416	9	1	5760
3417	9	1	31
3420	9	1	5762
3423	9	1	33
3426	9	1	5764
3430	9	1	5765
3434	9	1	34
3440	9	1	35
3446	9	1	36
3453	9	1	37
3460	9	1	38
3467	9	1	42
3474	9	1	44
3479	9	1	5773
3482	9	1	5774
3485	9	1	344
3488	9	1	5776
3490	9	1	5777
3492	9	1	5778
3493	9	1	520
3494	9	1	521
3495	9	1	522
3496	9	1	5782
3497	9	1	524
3498	9	2	2
3499	9	2	3
3500	9	2	344
3501	9	2	5777
3502	9	2	5784
3503	9	2	5785
3504	9	2	5786
3505	9	5	5737
3506	9	5	5
3507	9	5	5739
3508	9	5	5741
3509	9	5	11
3510	9	5	5747
3511	9	5	18
3512	9	5	5752
3513	9	5	5753
3514	9	5	5757
3515	9	5	5758
3516	9	5	5760
3517	9	5	5762
3518	9	5	5782
3519	9	7	5736
3520	9	7	6
3521	9	7	7
3522	9	7	8
3523	9	7	5744
3524	9	7	12
3525	9	7	15
3526	9	7	17
3527	9	7	5751
3528	9	7	20
3529	9	7	21
3530	9	7	22
3531	9	7	29
3532	9	7	31
3533	9	7	5764
3534	9	7	5765
3535	9	7	34
3536	9	7	35
3537	9	7	36
3538	9	7	37
3539	9	7	38
3540	9	7	42
3541	9	7	44
3542	9	7	5773
3543	9	7	5774
3544	9	7	5778
3545	9	7	520
3546	9	7	521
3547	9	7	522
3548	9	7	524
3549	9	39	31
3550	9	39	5762
3551	9	39	33
3552	9	39	5764
3553	9	39	5765
3554	9	39	34
3555	9	39	35
3556	9	39	36
3557	9	39	37
3558	9	39	38
3559	9	39	42
3561	9	39	44
3564	9	39	5773
3569	9	39	5774
3574	9	39	344
3580	9	39	5776
3586	9	39	5777
3593	9	39	5778
3600	9	39	520
3607	9	39	521
3614	9	39	522
3621	9	39	5782
3628	9	39	524
3635	9	39	5784
3644	9	39	5785
3653	9	39	5786
3662	9	45	33
3663	9	538	5776
3664	10	1	3
3665	10	1	806
3666	10	1	1035
3669	10	1	1036
3672	10	1	1037
3675	10	1	1038
3678	10	1	2908
3681	10	1	4703
3685	10	1	2792
3690	10	1	2972
3695	10	1	2973
3701	10	1	2793
3707	10	1	35
3713	10	1	2795
3719	10	1	2796
3725	10	1	2978
3731	10	1	2797
3737	10	1	2798
3743	10	1	2799
3749	10	1	1773
3755	10	1	36
3762	10	1	1775
3769	10	1	1776
3776	10	1	1777
3783	10	1	1778
3790	10	1	1779
3797	10	1	1780
3804	10	1	1781
3811	10	1	1782
3818	10	1	1783
3825	10	1	1784
3833	10	1	2001
3840	10	1	2002
3846	10	1	2003
3851	10	1	2004
3856	10	1	2005
3861	10	1	2006
3865	10	1	2095
3868	10	1	2229
3870	10	1	2230
3871	10	1	2231
3872	10	1	2232
3873	10	1	2233
3874	10	1	2234
3875	10	2	3
3876	10	2	2095
3877	10	2	2229
3878	10	5	751
3879	10	5	5
3880	10	5	754
3881	10	5	802
3882	10	5	804
3883	10	5	1784
3884	10	5	2001
3885	10	5	2006
3886	10	5	2233
3887	10	7	752
3888	10	7	5844
3889	10	7	797
3890	10	7	15
3891	10	7	6117
3892	10	7	799
3893	10	7	801
3894	10	7	20
3895	10	7	806
3896	10	7	1035
3897	10	7	1037
3898	10	7	2792
3899	10	7	2972
3900	10	7	2973
3901	10	7	2793
3902	10	7	35
3903	10	7	2795
3904	10	7	2796
3905	10	7	2978
3906	10	7	2797
3907	10	7	2798
3908	10	7	2799
3909	10	7	1773
3910	10	7	36
3911	10	7	1775
3912	10	7	1776
3913	10	7	1777
3914	10	7	1778
3915	10	7	1779
3916	10	7	1780
3917	10	7	1781
3918	10	7	1782
3919	10	7	1783
3920	10	7	2002
3921	10	7	2003
3922	10	7	2004
3923	10	7	2005
3924	10	7	2230
3925	10	7	2232
3926	10	7	2234
3927	10	39	1035
3928	10	39	1036
3929	10	39	1037
3930	10	39	1038
3931	10	39	2908
3932	10	39	4703
3933	10	39	2792
3934	10	39	2972
3935	10	39	2973
3936	10	39	2793
3937	10	39	35
3938	10	39	2795
3939	10	39	2796
3940	10	39	2978
3941	10	39	2797
3942	10	39	2798
3943	10	39	2799
3944	10	39	1773
3945	10	39	36
3946	10	39	1775
3947	10	39	1776
3948	10	39	1777
3949	10	39	1778
3950	10	39	1779
3951	10	39	1780
3952	10	39	1781
3953	10	39	1782
3954	10	39	1783
3955	10	39	1784
3956	10	39	2001
3958	10	39	2002
3961	10	39	2003
3965	10	39	2004
3968	10	39	2005
3971	10	39	2006
3975	10	39	2095
3981	10	39	2229
3988	10	39	2230
3995	10	39	2231
4002	10	39	2232
4009	10	39	2233
4016	10	39	2234
4023	10	45	755
4024	10	45	800
4025	10	45	1036
4026	10	45	1038
4027	10	45	2908
4028	10	45	2231
4029	10	2434	4703
4030	11	1	3
4031	11	1	2775
4032	11	1	806
4033	11	1	2777
4034	11	1	2778
4035	11	1	2779
4038	11	1	2780
4041	11	1	1036
4044	11	1	32
4047	11	1	2783
4050	11	1	1306
4055	11	1	2785
4060	11	1	2786
4065	11	1	2787
4070	11	1	2788
4075	11	1	2789
4080	11	1	2790
4085	11	1	7401
4090	11	1	7402
4095	11	1	34
4101	11	1	2793
4107	11	1	35
4113	11	1	2795
4119	11	1	4144
4125	11	1	2797
4131	11	1	2798
4137	11	1	2799
4143	11	1	36
4150	11	1	1775
4157	11	1	1776
4164	11	1	1777
4171	11	1	1778
4178	11	1	1779
4185	11	1	1781
4192	11	1	1782
4199	11	1	7419
4206	11	1	1784
4214	11	1	2001
4221	11	1	2811
4228	11	1	2002
4234	11	1	7424
4239	11	1	2004
4244	11	1	2005
4249	11	1	7427
4252	11	1	7644
4255	11	1	2095
4258	11	1	4381
4261	11	1	2229
4263	11	1	2230
4264	11	1	2231
4265	11	1	7650
4266	11	1	7651
4267	11	1	2232
4268	11	1	2233
4269	11	1	2234
4270	11	1	2828
4271	11	2	3
4272	11	2	2095
4273	11	2	4381
4274	11	2	2229
4275	11	2	2829
4276	11	5	5
4277	11	5	7370
4278	11	5	2761
4279	11	5	2763
4280	11	5	2767
4281	11	5	2768
4282	11	5	4064
4283	11	5	2771
4284	11	5	2773
4285	11	5	2778
4286	11	5	1784
4287	11	5	2001
4288	11	5	7651
4289	11	5	2233
4290	11	7	2757
4291	11	7	7367
4292	11	7	2758
4293	11	7	2760
4294	11	7	2762
4295	11	7	2764
4296	11	7	15
4297	11	7	799
4298	11	7	20
4299	11	7	2775
4300	11	7	806
4301	11	7	2777
4302	11	7	2779
4303	11	7	32
4304	11	7	2783
4305	11	7	1306
4306	11	7	2785
4307	11	7	2786
4308	11	7	2787
4309	11	7	2788
4310	11	7	2789
4311	11	7	2790
4312	11	7	7401
4313	11	7	7402
4314	11	7	34
4315	11	7	2793
4316	11	7	35
4317	11	7	2795
4318	11	7	4144
4319	11	7	2797
4320	11	7	2798
4321	11	7	2799
4322	11	7	36
4323	11	7	1775
4324	11	7	1776
4325	11	7	1777
4326	11	7	1778
4327	11	7	1779
4328	11	7	1781
4329	11	7	1782
4330	11	7	7419
4331	11	7	2811
4332	11	7	2002
4333	11	7	7424
4334	11	7	2004
4335	11	7	2005
4336	11	7	7427
4337	11	7	7644
4338	11	7	2230
4339	11	7	7650
4340	11	7	2232
4341	11	7	2234
4342	11	7	2828
4343	11	39	2779
4344	11	39	2780
4345	11	39	1036
4346	11	39	32
4347	11	39	2783
4348	11	39	1306
4349	11	39	2785
4350	11	39	2786
4351	11	39	2787
4352	11	39	2788
4353	11	39	2789
4354	11	39	2790
4355	11	39	7401
4356	11	39	7402
4357	11	39	34
4358	11	39	2793
4359	11	39	35
4360	11	39	2795
4361	11	39	4144
4362	11	39	2797
4363	11	39	2798
4364	11	39	2799
4365	11	39	36
4366	11	39	1775
4367	11	39	1776
4368	11	39	1777
4369	11	39	1778
4370	11	39	1779
4371	11	39	1781
4372	11	39	1782
4373	11	39	7419
4374	11	39	1784
4375	11	39	2001
4377	11	39	2811
4379	11	39	2002
4382	11	39	7424
4386	11	39	2004
4389	11	39	2005
4392	11	39	7427
4397	11	39	7644
4402	11	39	2095
4408	11	39	4381
4414	11	39	2229
4421	11	39	2230
4428	11	39	2231
4435	11	39	7650
4442	11	39	7651
4449	11	39	2232
4456	11	39	2233
4463	11	39	2234
4470	11	39	2828
4477	11	39	2829
4486	11	45	2780
4487	11	45	1036
4488	11	45	2231
4489	11	538	2770
4490	12	1	3
4491	12	1	4116
4492	12	1	2775
4493	12	1	806
4494	12	1	2777
4495	12	1	2778
4496	12	1	2779
4499	12	1	2780
4502	12	1	1036
4505	12	1	32
4508	12	1	2783
4511	12	1	1306
4516	12	1	2785
4521	12	1	2786
4526	12	1	2787
4531	12	1	2788
4536	12	1	2789
4541	12	1	2790
4546	12	1	7401
4551	12	1	2972
4556	12	1	34
4562	12	1	2793
4568	12	1	35
4574	12	1	2795
4580	12	1	4144
4586	12	1	2797
4592	12	1	2798
4598	12	1	2799
4604	12	1	36
4611	12	1	1775
4618	12	1	1776
4625	12	1	1777
4632	12	1	7873
4639	12	1	1779
4646	12	1	1781
4653	12	1	1782
4660	12	1	1784
4668	12	1	2001
4675	12	1	2811
4682	12	1	2002
4688	12	1	7424
4693	12	1	2004
4698	12	1	2005
4703	12	1	7884
4708	12	1	4379
4711	12	1	2095
4714	12	1	4381
4717	12	1	2229
4719	12	1	2230
4720	12	1	4384
4721	12	1	2231
4722	12	1	2232
4723	12	1	2233
4724	12	1	2234
4725	12	1	2828
4726	12	2	3
4727	12	2	2095
4728	12	2	4381
4729	12	2	2229
4730	12	2	2829
4731	12	5	7821
4732	12	5	3912
4733	12	5	5
4734	12	5	2761
4735	12	5	2763
4736	12	5	2767
4737	12	5	2768
4738	12	5	4064
4739	12	5	4065
4740	12	5	7838
4741	12	5	2771
4742	12	5	2773
4743	12	5	2778
4744	12	5	1784
4745	12	5	2001
4746	12	5	7884
4747	12	5	4379
4748	12	5	4384
4749	12	5	2233
4750	12	7	2757
4751	12	7	2758
4752	12	7	2760
4753	12	7	2762
4754	12	7	2764
4755	12	7	15
4756	12	7	799
4757	12	7	7835
4758	12	7	20
4759	12	7	4116
4760	12	7	2775
4761	12	7	806
4762	12	7	2777
4763	12	7	2779
4764	12	7	32
4765	12	7	2783
4766	12	7	1306
4767	12	7	2785
4768	12	7	2786
4769	12	7	2787
4770	12	7	2788
4771	12	7	2789
4772	12	7	2790
4773	12	7	7401
4774	12	7	2972
4775	12	7	34
4776	12	7	2793
4777	12	7	35
4778	12	7	2795
4779	12	7	4144
4780	12	7	2797
4781	12	7	2798
4782	12	7	2799
4783	12	7	36
4784	12	7	1775
4785	12	7	1776
4786	12	7	1777
4787	12	7	7873
4788	12	7	1779
4789	12	7	1781
4790	12	7	1782
4791	12	7	2811
4792	12	7	2002
4793	12	7	7424
4794	12	7	2004
4795	12	7	2005
4796	12	7	2230
4797	12	7	2232
4798	12	7	2234
4799	12	7	2828
4800	12	39	2779
4801	12	39	2780
4802	12	39	1036
4803	12	39	32
4804	12	39	2783
4805	12	39	1306
4806	12	39	2785
4807	12	39	2786
4808	12	39	2787
4809	12	39	2788
4810	12	39	2789
4811	12	39	2790
4812	12	39	7401
4813	12	39	2972
4814	12	39	34
4815	12	39	2793
4816	12	39	35
4817	12	39	2795
4818	12	39	4144
4819	12	39	2797
4820	12	39	2798
4821	12	39	2799
4822	12	39	36
4823	12	39	1775
4824	12	39	1776
4825	12	39	1777
4826	12	39	7873
4827	12	39	1779
4828	12	39	1781
4829	12	39	1782
4830	12	39	1784
4831	12	39	2001
4833	12	39	2811
4835	12	39	2002
4838	12	39	7424
4842	12	39	2004
4845	12	39	2005
4848	12	39	7884
4851	12	39	4379
4856	12	39	2095
4862	12	39	4381
4868	12	39	2229
4875	12	39	2230
4882	12	39	4384
4889	12	39	2231
4896	12	39	2232
4903	12	39	2233
4910	12	39	2234
4917	12	39	2828
4924	12	39	2829
4933	12	45	2780
4934	12	45	1036
4935	12	45	2231
4936	12	538	2770
\.


--
-- Data for Name: processing_job; Type: TABLE DATA; Schema: public; Owner: postgres
--

COPY public.processing_job (id, job_name, status, entry_time) FROM stdin;
1	cli_55199e67-4998-41a0-b105-10772fa1c626	Q	2024-07-12 12:44:32.337657+00
6	cli_queue-job	Q	2024-07-12 15:44:32.337+00
2	cli_fail-job	F	2024-07-12 13:44:32.337+00
\.


--
-- Data for Name: property; Type: TABLE DATA; Schema: public; Owner: postgres
--

COPY public.property (id, name, datatype, querytype, description, target, standard) FROM stdin;
1	sequencing_reason	value_varchar	\N	\N	\N	\N
2	sample_type	value_varchar	\N	\N	\N	\N
267	euro	value_float	\N	\N	\N	\N
269	comments	value_text	\N	\N	\N	\N
274	age	value_integer	\N	\N	\N	\N
\.


--
-- Data for Name: reference; Type: TABLE DATA; Schema: public; Owner: postgres
--

COPY public.reference (id, accession, description, organism, collection_date, country, db_xref, host, isolate, mol_type, name, translation_id) FROM stdin;
1	MN908947.3	Severe acute respiratory syndrome coronavirus 2 isolate Wuhan-Hu-1, complete genome	Severe acute respiratory syndrome coronavirus 2	2019-12-01	China	taxon:2697049	Homo sapiens	Wuhan-Hu-1	genomic RNA	\N	1
\.


--
-- Data for Name: replicon; Type: TABLE DATA; Schema: public; Owner: postgres
--

COPY public.replicon (id, length, sequence, accession, description, type, segment_number, reference_id) FROM stdin;
1	29903	ATTAAAGGTTTATACCTTCCCAGGTAACAAACCAACCAACTTTCGATCTCTTGTAGATCTGTTCTCTAAACGAACTTTAAAATCTGTGTGGCTGTCACTCGGCTGCATGCTTAGTGCACTCACGCAGTATAATTAATAACTAATTACTGTCGTTGACAGGACACGAGTAACTCGTCTATCTTCTGCAGGCTGCTTACGGTTTCGTCCGTGTTGCAGCCGATCATCAGCACATCTAGGTTTCGTCCGGGTGTGACCGAAAGGTAAGATGGAGAGCCTTGTCCCTGGTTTCAACGAGAAAACACACGTCCAACTCAGTTTGCCTGTTTTACAGGTTCGCGACGTGCTCGTACGTGGCTTTGGAGACTCCGTGGAGGAGGTCTTATCAGAGGCACGTCAACATCTTAAAGATGGCACTTGTGGCTTAGTAGAAGTTGAAAAAGGCGTTTTGCCTCAACTTGAACAGCCCTATGTGTTCATCAAACGTTCGGATGCTCGAACTGCACCTCATGGTCATGTTATGGTTGAGCTGGTAGCAGAACTCGAAGGCATTCAGTACGGTCGTAGTGGTGAGACACTTGGTGTCCTTGTCCCTCATGTGGGCGAAATACCAGTGGCTTACCGCAAGGTTCTTCTTCGTAAGAACGGTAATAAAGGAGCTGGTGGCCATAGTTACGGCGCCGATCTAAAGTCATTTGACTTAGGCGACGAGCTTGGCACTGATCCTTATGAAGATTTTCAAGAAAACTGGAACACTAAACATAGCAGTGGTGTTACCCGTGAACTCATGCGTGAGCTTAACGGAGGGGCATACACTCGCTATGTCGATAACAACTTCTGTGGCCCTGATGGCTACCCTCTTGAGTGCATTAAAGACCTTCTAGCACGTGCTGGTAAAGCTTCATGCACTTTGTCCGAACAACTGGACTTTATTGACACTAAGAGGGGTGTATACTGCTGCCGTGAACATGAGCATGAAATTGCTTGGTACACGGAACGTTCTGAAAAGAGCTATGAATTGCAGACACCTTTTGAAATTAAATTGGCAAAGAAATTTGACACCTTCAATGGGGAATGTCCAAATTTTGTATTTCCCTTAAATTCCATAATCAAGACTATTCAACCAAGGGTTGAAAAGAAAAAGCTTGATGGCTTTATGGGTAGAATTCGATCTGTCTATCCAGTTGCGTCACCAAATGAATGCAACCAAATGTGCCTTTCAACTCTCATGAAGTGTGATCATTGTGGTGAAACTTCATGGCAGACGGGCGATTTTGTTAAAGCCACTTGCGAATTTTGTGGCACTGAGAATTTGACTAAAGAAGGTGCCACTACTTGTGGTTACTTACCCCAAAATGCTGTTGTTAAAATTTATTGTCCAGCATGTCACAATTCAGAAGTAGGACCTGAGCATAGTCTTGCCGAATACCATAATGAATCTGGCTTGAAAACCATTCTTCGTAAGGGTGGTCGCACTATTGCCTTTGGAGGCTGTGTGTTCTCTTATGTTGGTTGCCATAACAAGTGTGCCTATTGGGTTCCACGTGCTAGCGCTAACATAGGTTGTAACCATACAGGTGTTGTTGGAGAAGGTTCCGAAGGTCTTAATGACAACCTTCTTGAAATACTCCAAAAAGAGAAAGTCAACATCAATATTGTTGGTGACTTTAAACTTAATGAAGAGATCGCCATTATTTTGGCATCTTTTTCTGCTTCCACAAGTGCTTTTGTGGAAACTGTGAAAGGTTTGGATTATAAAGCATTCAAACAAATTGTTGAATCCTGTGGTAATTTTAAAGTTACAAAAGGAAAAGCTAAAAAAGGTGCCTGGAATATTGGTGAACAGAAATCAATACTGAGTCCTCTTTATGCATTTGCATCAGAGGCTGCTCGTGTTGTACGATCAATTTTCTCCCGCACTCTTGAAACTGCTCAAAATTCTGTGCGTGTTTTACAGAAGGCCGCTATAACAATACTAGATGGAATTTCACAGTATTCACTGAGACTCATTGATGCTATGATGTTCACATCTGATTTGGCTACTAACAATCTAGTTGTAATGGCCTACATTACAGGTGGTGTTGTTCAGTTGACTTCGCAGTGGCTAACTAACATCTTTGGCACTGTTTATGAAAAACTCAAACCCGTCCTTGATTGGCTTGAAGAGAAGTTTAAGGAAGGTGTAGAGTTTCTTAGAGACGGTTGGGAAATTGTTAAATTTATCTCAACCTGTGCTTGTGAAATTGTCGGTGGACAAATTGTCACCTGTGCAAAGGAAATTAAGGAGAGTGTTCAGACATTCTTTAAGCTTGTAAATAAATTTTTGGCTTTGTGTGCTGACTCTATCATTATTGGTGGAGCTAAACTTAAAGCCTTGAATTTAGGTGAAACATTTGTCACGCACTCAAAGGGATTGTACAGAAAGTGTGTTAAATCCAGAGAAGAAACTGGCCTACTCATGCCTCTAAAAGCCCCAAAAGAAATTATCTTCTTAGAGGGAGAAACACTTCCCACAGAAGTGTTAACAGAGGAAGTTGTCTTGAAAACTGGTGATTTACAACCATTAGAACAACCTACTAGTGAAGCTGTTGAAGCTCCATTGGTTGGTACACCAGTTTGTATTAACGGGCTTATGTTGCTCGAAATCAAAGACACAGAAAAGTACTGTGCCCTTGCACCTAATATGATGGTAACAAACAATACCTTCACACTCAAAGGCGGTGCACCAACAAAGGTTACTTTTGGTGATGACACTGTGATAGAAGTGCAAGGTTACAAGAGTGTGAATATCACTTTTGAACTTGATGAAAGGATTGATAAAGTACTTAATGAGAAGTGCTCTGCCTATACAGTTGAACTCGGTACAGAAGTAAATGAGTTCGCCTGTGTTGTGGCAGATGCTGTCATAAAAACTTTGCAACCAGTATCTGAATTACTTACACCACTGGGCATTGATTTAGATGAGTGGAGTATGGCTACATACTACTTATTTGATGAGTCTGGTGAGTTTAAATTGGCTTCACATATGTATTGTTCTTTCTACCCTCCAGATGAGGATGAAGAAGAAGGTGATTGTGAAGAAGAAGAGTTTGAGCCATCAACTCAATATGAGTATGGTACTGAAGATGATTACCAAGGTAAACCTTTGGAATTTGGTGCCACTTCTGCTGCTCTTCAACCTGAAGAAGAGCAAGAAGAAGATTGGTTAGATGATGATAGTCAACAAACTGTTGGTCAACAAGACGGCAGTGAGGACAATCAGACAACTACTATTCAAACAATTGTTGAGGTTCAACCTCAATTAGAGATGGAACTTACACCAGTTGTTCAGACTATTGAAGTGAATAGTTTTAGTGGTTATTTAAAACTTACTGACAATGTATACATTAAAAATGCAGACATTGTGGAAGAAGCTAAAAAGGTAAAACCAACAGTGGTTGTTAATGCAGCCAATGTTTACCTTAAACATGGAGGAGGTGTTGCAGGAGCCTTAAATAAGGCTACTAACAATGCCATGCAAGTTGAATCTGATGATTACATAGCTACTAATGGACCACTTAAAGTGGGTGGTAGTTGTGTTTTAAGCGGACACAATCTTGCTAAACACTGTCTTCATGTTGTCGGCCCAAATGTTAACAAAGGTGAAGACATTCAACTTCTTAAGAGTGCTTATGAAAATTTTAATCAGCACGAAGTTCTACTTGCACCATTATTATCAGCTGGTATTTTTGGTGCTGACCCTATACATTCTTTAAGAGTTTGTGTAGATACTGTTCGCACAAATGTCTACTTAGCTGTCTTTGATAAAAATCTCTATGACAAACTTGTTTCAAGCTTTTTGGAAATGAAGAGTGAAAAGCAAGTTGAACAAAAGATCGCTGAGATTCCTAAAGAGGAAGTTAAGCCATTTATAACTGAAAGTAAACCTTCAGTTGAACAGAGAAAACAAGATGATAAGAAAATCAAAGCTTGTGTTGAAGAAGTTACAACAACTCTGGAAGAAACTAAGTTCCTCACAGAAAACTTGTTACTTTATATTGACATTAATGGCAATCTTCATCCAGATTCTGCCACTCTTGTTAGTGACATTGACATCACTTTCTTAAAGAAAGATGCTCCATATATAGTGGGTGATGTTGTTCAAGAGGGTGTTTTAACTGCTGTGGTTATACCTACTAAAAAGGCTGGTGGCACTACTGAAATGCTAGCGAAAGCTTTGAGAAAAGTGCCAACAGACAATTATATAACCACTTACCCGGGTCAGGGTTTAAATGGTTACACTGTAGAGGAGGCAAAGACAGTGCTTAAAAAGTGTAAAAGTGCCTTTTACATTCTACCATCTATTATCTCTAATGAGAAGCAAGAAATTCTTGGAACTGTTTCTTGGAATTTGCGAGAAATGCTTGCACATGCAGAAGAAACACGCAAATTAATGCCTGTCTGTGTGGAAACTAAAGCCATAGTTTCAACTATACAGCGTAAATATAAGGGTATTAAAATACAAGAGGGTGTGGTTGATTATGGTGCTAGATTTTACTTTTACACCAGTAAAACAACTGTAGCGTCACTTATCAACACACTTAACGATCTAAATGAAACTCTTGTTACAATGCCACTTGGCTATGTAACACATGGCTTAAATTTGGAAGAAGCTGCTCGGTATATGAGATCTCTCAAAGTGCCAGCTACAGTTTCTGTTTCTTCACCTGATGCTGTTACAGCGTATAATGGTTATCTTACTTCTTCTTCTAAAACACCTGAAGAACATTTTATTGAAACCATCTCACTTGCTGGTTCCTATAAAGATTGGTCCTATTCTGGACAATCTACACAACTAGGTATAGAATTTCTTAAGAGAGGTGATAAAAGTGTATATTACACTAGTAATCCTACCACATTCCACCTAGATGGTGAAGTTATCACCTTTGACAATCTTAAGACACTTCTTTCTTTGAGAGAAGTGAGGACTATTAAGGTGTTTACAACAGTAGACAACATTAACCTCCACACGCAAGTTGTGGACATGTCAATGACATATGGACAACAGTTTGGTCCAACTTATTTGGATGGAGCTGATGTTACTAAAATAAAACCTCATAATTCACATGAAGGTAAAACATTTTATGTTTTACCTAATGATGACACTCTACGTGTTGAGGCTTTTGAGTACTACCACACAACTGATCCTAGTTTTCTGGGTAGGTACATGTCAGCATTAAATCACACTAAAAAGTGGAAATACCCACAAGTTAATGGTTTAACTTCTATTAAATGGGCAGATAACAACTGTTATCTTGCCACTGCATTGTTAACACTCCAACAAATAGAGTTGAAGTTTAATCCACCTGCTCTACAAGATGCTTATTACAGAGCAAGGGCTGGTGAAGCTGCTAACTTTTGTGCACTTATCTTAGCCTACTGTAATAAGACAGTAGGTGAGTTAGGTGATGTTAGAGAAACAATGAGTTACTTGTTTCAACATGCCAATTTAGATTCTTGCAAAAGAGTCTTGAACGTGGTGTGTAAAACTTGTGGACAACAGCAGACAACCCTTAAGGGTGTAGAAGCTGTTATGTACATGGGCACACTTTCTTATGAACAATTTAAGAAAGGTGTTCAGATACCTTGTACGTGTGGTAAACAAGCTACAAAATATCTAGTACAACAGGAGTCACCTTTTGTTATGATGTCAGCACCACCTGCTCAGTATGAACTTAAGCATGGTACATTTACTTGTGCTAGTGAGTACACTGGTAATTACCAGTGTGGTCACTATAAACATATAACTTCTAAAGAAACTTTGTATTGCATAGACGGTGCTTTACTTACAAAGTCCTCAGAATACAAAGGTCCTATTACGGATGTTTTCTACAAAGAAAACAGTTACACAACAACCATAAAACCAGTTACTTATAAATTGGATGGTGTTGTTTGTACAGAAATTGACCCTAAGTTGGACAATTATTATAAGAAAGACAATTCTTATTTCACAGAGCAACCAATTGATCTTGTACCAAACCAACCATATCCAAACGCAAGCTTCGATAATTTTAAGTTTGTATGTGATAATATCAAATTTGCTGATGATTTAAACCAGTTAACTGGTTATAAGAAACCTGCTTCAAGAGAGCTTAAAGTTACATTTTTCCCTGACTTAAATGGTGATGTGGTGGCTATTGATTATAAACACTACACACCCTCTTTTAAGAAAGGAGCTAAATTGTTACATAAACCTATTGTTTGGCATGTTAACAATGCAACTAATAAAGCCACGTATAAACCAAATACCTGGTGTATACGTTGTCTTTGGAGCACAAAACCAGTTGAAACATCAAATTCGTTTGATGTACTGAAGTCAGAGGACGCGCAGGGAATGGATAATCTTGCCTGCGAAGATCTAAAACCAGTCTCTGAAGAAGTAGTGGAAAATCCTACCATACAGAAAGACGTTCTTGAGTGTAATGTGAAAACTACCGAAGTTGTAGGAGACATTATACTTAAACCAGCAAATAATAGTTTAAAAATTACAGAAGAGGTTGGCCACACAGATCTAATGGCTGCTTATGTAGACAATTCTAGTCTTACTATTAAGAAACCTAATGAATTATCTAGAGTATTAGGTTTGAAAACCCTTGCTACTCATGGTTTAGCTGCTGTTAATAGTGTCCCTTGGGATACTATAGCTAATTATGCTAAGCCTTTTCTTAACAAAGTTGTTAGTACAACTACTAACATAGTTACACGGTGTTTAAACCGTGTTTGTACTAATTATATGCCTTATTTCTTTACTTTATTGCTACAATTGTGTACTTTTACTAGAAGTACAAATTCTAGAATTAAAGCATCTATGCCGACTACTATAGCAAAGAATACTGTTAAGAGTGTCGGTAAATTTTGTCTAGAGGCTTCATTTAATTATTTGAAGTCACCTAATTTTTCTAAACTGATAAATATTATAATTTGGTTTTTACTATTAAGTGTTTGCCTAGGTTCTTTAATCTACTCAACCGCTGCTTTAGGTGTTTTAATGTCTAATTTAGGCATGCCTTCTTACTGTACTGGTTACAGAGAAGGCTATTTGAACTCTACTAATGTCACTATTGCAACCTACTGTACTGGTTCTATACCTTGTAGTGTTTGTCTTAGTGGTTTAGATTCTTTAGACACCTATCCTTCTTTAGAAACTATACAAATTACCATTTCATCTTTTAAATGGGATTTAACTGCTTTTGGCTTAGTTGCAGAGTGGTTTTTGGCATATATTCTTTTCACTAGGTTTTTCTATGTACTTGGATTGGCTGCAATCATGCAATTGTTTTTCAGCTATTTTGCAGTACATTTTATTAGTAATTCTTGGCTTATGTGGTTAATAATTAATCTTGTACAAATGGCCCCGATTTCAGCTATGGTTAGAATGTACATCTTCTTTGCATCATTTTATTATGTATGGAAAAGTTATGTGCATGTTGTAGACGGTTGTAATTCATCAACTTGTATGATGTGTTACAAACGTAATAGAGCAACAAGAGTCGAATGTACAACTATTGTTAATGGTGTTAGAAGGTCCTTTTATGTCTATGCTAATGGAGGTAAAGGCTTTTGCAAACTACACAATTGGAATTGTGTTAATTGTGATACATTCTGTGCTGGTAGTACATTTATTAGTGATGAAGTTGCGAGAGACTTGTCACTACAGTTTAAAAGACCAATAAATCCTACTGACCAGTCTTCTTACATCGTTGATAGTGTTACAGTGAAGAATGGTTCCATCCATCTTTACTTTGATAAAGCTGGTCAAAAGACTTATGAAAGACATTCTCTCTCTCATTTTGTTAACTTAGACAACCTGAGAGCTAATAACACTAAAGGTTCATTGCCTATTAATGTTATAGTTTTTGATGGTAAATCAAAATGTGAAGAATCATCTGCAAAATCAGCGTCTGTTTACTACAGTCAGCTTATGTGTCAACCTATACTGTTACTAGATCAGGCATTAGTGTCTGATGTTGGTGATAGTGCGGAAGTTGCAGTTAAAATGTTTGATGCTTACGTTAATACGTTTTCATCAACTTTTAACGTACCAATGGAAAAACTCAAAACACTAGTTGCAACTGCAGAAGCTGAACTTGCAAAGAATGTGTCCTTAGACAATGTCTTATCTACTTTTATTTCAGCAGCTCGGCAAGGGTTTGTTGATTCAGATGTAGAAACTAAAGATGTTGTTGAATGTCTTAAATTGTCACATCAATCTGACATAGAAGTTACTGGCGATAGTTGTAATAACTATATGCTCACCTATAACAAAGTTGAAAACATGACACCCCGTGACCTTGGTGCTTGTATTGACTGTAGTGCGCGTCATATTAATGCGCAGGTAGCAAAAAGTCACAACATTGCTTTGATATGGAACGTTAAAGATTTCATGTCATTGTCTGAACAACTACGAAAACAAATACGTAGTGCTGCTAAAAAGAATAACTTACCTTTTAAGTTGACATGTGCAACTACTAGACAAGTTGTTAATGTTGTAACAACAAAGATAGCACTTAAGGGTGGTAAAATTGTTAATAATTGGTTGAAGCAGTTAATTAAAGTTACACTTGTGTTCCTTTTTGTTGCTGCTATTTTCTATTTAATAACACCTGTTCATGTCATGTCTAAACATACTGACTTTTCAAGTGAAATCATAGGATACAAGGCTATTGATGGTGGTGTCACTCGTGACATAGCATCTACAGATACTTGTTTTGCTAACAAACATGCTGATTTTGACACATGGTTTAGCCAGCGTGGTGGTAGTTATACTAATGACAAAGCTTGCCCATTGATTGCTGCAGTCATAACAAGAGAAGTGGGTTTTGTCGTGCCTGGTTTGCCTGGCACGATATTACGCACAACTAATGGTGACTTTTTGCATTTCTTACCTAGAGTTTTTAGTGCAGTTGGTAACATCTGTTACACACCATCAAAACTTATAGAGTACACTGACTTTGCAACATCAGCTTGTGTTTTGGCTGCTGAATGTACAATTTTTAAAGATGCTTCTGGTAAGCCAGTACCATATTGTTATGATACCAATGTACTAGAAGGTTCTGTTGCTTATGAAAGTTTACGCCCTGACACACGTTATGTGCTCATGGATGGCTCTATTATTCAATTTCCTAACACCTACCTTGAAGGTTCTGTTAGAGTGGTAACAACTTTTGATTCTGAGTACTGTAGGCACGGCACTTGTGAAAGATCAGAAGCTGGTGTTTGTGTATCTACTAGTGGTAGATGGGTACTTAACAATGATTATTACAGATCTTTACCAGGAGTTTTCTGTGGTGTAGATGCTGTAAATTTACTTACTAATATGTTTACACCACTAATTCAACCTATTGGTGCTTTGGACATATCAGCATCTATAGTAGCTGGTGGTATTGTAGCTATCGTAGTAACATGCCTTGCCTACTATTTTATGAGGTTTAGAAGAGCTTTTGGTGAATACAGTCATGTAGTTGCCTTTAATACTTTACTATTCCTTATGTCATTCACTGTACTCTGTTTAACACCAGTTTACTCATTCTTACCTGGTGTTTATTCTGTTATTTACTTGTACTTGACATTTTATCTTACTAATGATGTTTCTTTTTTAGCACATATTCAGTGGATGGTTATGTTCACACCTTTAGTACCTTTCTGGATAACAATTGCTTATATCATTTGTATTTCCACAAAGCATTTCTATTGGTTCTTTAGTAATTACCTAAAGAGACGTGTAGTCTTTAATGGTGTTTCCTTTAGTACTTTTGAAGAAGCTGCGCTGTGCACCTTTTTGTTAAATAAAGAAATGTATCTAAAGTTGCGTAGTGATGTGCTATTACCTCTTACGCAATATAATAGATACTTAGCTCTTTATAATAAGTACAAGTATTTTAGTGGAGCAATGGATACAACTAGCTACAGAGAAGCTGCTTGTTGTCATCTCGCAAAGGCTCTCAATGACTTCAGTAACTCAGGTTCTGATGTTCTTTACCAACCACCACAAACCTCTATCACCTCAGCTGTTTTGCAGAGTGGTTTTAGAAAAATGGCATTCCCATCTGGTAAAGTTGAGGGTTGTATGGTACAAGTAACTTGTGGTACAACTACACTTAACGGTCTTTGGCTTGATGACGTAGTTTACTGTCCAAGACATGTGATCTGCACCTCTGAAGACATGCTTAACCCTAATTATGAAGATTTACTCATTCGTAAGTCTAATCATAATTTCTTGGTACAGGCTGGTAATGTTCAACTCAGGGTTATTGGACATTCTATGCAAAATTGTGTACTTAAGCTTAAGGTTGATACAGCCAATCCTAAGACACCTAAGTATAAGTTTGTTCGCATTCAACCAGGACAGACTTTTTCAGTGTTAGCTTGTTACAATGGTTCACCATCTGGTGTTTACCAATGTGCTATGAGGCCCAATTTCACTATTAAGGGTTCATTCCTTAATGGTTCATGTGGTAGTGTTGGTTTTAACATAGATTATGACTGTGTCTCTTTTTGTTACATGCACCATATGGAATTACCAACTGGAGTTCATGCTGGCACAGACTTAGAAGGTAACTTTTATGGACCTTTTGTTGACAGGCAAACAGCACAAGCAGCTGGTACGGACACAACTATTACAGTTAATGTTTTAGCTTGGTTGTACGCTGCTGTTATAAATGGAGACAGGTGGTTTCTCAATCGATTTACCACAACTCTTAATGACTTTAACCTTGTGGCTATGAAGTACAATTATGAACCTCTAACACAAGACCATGTTGACATACTAGGACCTCTTTCTGCTCAAACTGGAATTGCCGTTTTAGATATGTGTGCTTCATTAAAAGAATTACTGCAAAATGGTATGAATGGACGTACCATATTGGGTAGTGCTTTATTAGAAGATGAATTTACACCTTTTGATGTTGTTAGACAATGCTCAGGTGTTACTTTCCAAAGTGCAGTGAAAAGAACAATCAAGGGTACACACCACTGGTTGTTACTCACAATTTTGACTTCACTTTTAGTTTTAGTCCAGAGTACTCAATGGTCTTTGTTCTTTTTTTTGTATGAAAATGCCTTTTTACCTTTTGCTATGGGTATTATTGCTATGTCTGCTTTTGCAATGATGTTTGTCAAACATAAGCATGCATTTCTCTGTTTGTTTTTGTTACCTTCTCTTGCCACTGTAGCTTATTTTAATATGGTCTATATGCCTGCTAGTTGGGTGATGCGTATTATGACATGGTTGGATATGGTTGATACTAGTTTGTCTGGTTTTAAGCTAAAAGACTGTGTTATGTATGCATCAGCTGTAGTGTTACTAATCCTTATGACAGCAAGAACTGTGTATGATGATGGTGCTAGGAGAGTGTGGACACTTATGAATGTCTTGACACTCGTTTATAAAGTTTATTATGGTAATGCTTTAGATCAAGCCATTTCCATGTGGGCTCTTATAATCTCTGTTACTTCTAACTACTCAGGTGTAGTTACAACTGTCATGTTTTTGGCCAGAGGTATTGTTTTTATGTGTGTTGAGTATTGCCCTATTTTCTTCATAACTGGTAATACACTTCAGTGTATAATGCTAGTTTATTGTTTCTTAGGCTATTTTTGTACTTGTTACTTTGGCCTCTTTTGTTTACTCAACCGCTACTTTAGACTGACTCTTGGTGTTTATGATTACTTAGTTTCTACACAGGAGTTTAGATATATGAATTCACAGGGACTACTCCCACCCAAGAATAGCATAGATGCCTTCAAACTCAACATTAAATTGTTGGGTGTTGGTGGCAAACCTTGTATCAAAGTAGCCACTGTACAGTCTAAAATGTCAGATGTAAAGTGCACATCAGTAGTCTTACTCTCAGTTTTGCAACAACTCAGAGTAGAATCATCATCTAAATTGTGGGCTCAATGTGTCCAGTTACACAATGACATTCTCTTAGCTAAAGATACTACTGAAGCCTTTGAAAAAATGGTTTCACTACTTTCTGTTTTGCTTTCCATGCAGGGTGCTGTAGACATAAACAAGCTTTGTGAAGAAATGCTGGACAACAGGGCAACCTTACAAGCTATAGCCTCAGAGTTTAGTTCCCTTCCATCATATGCAGCTTTTGCTACTGCTCAAGAAGCTTATGAGCAGGCTGTTGCTAATGGTGATTCTGAAGTTGTTCTTAAAAAGTTGAAGAAGTCTTTGAATGTGGCTAAATCTGAATTTGACCGTGATGCAGCCATGCAACGTAAGTTGGAAAAGATGGCTGATCAAGCTATGACCCAAATGTATAAACAGGCTAGATCTGAGGACAAGAGGGCAAAAGTTACTAGTGCTATGCAGACAATGCTTTTCACTATGCTTAGAAAGTTGGATAATGATGCACTCAACAACATTATCAACAATGCAAGAGATGGTTGTGTTCCCTTGAACATAATACCTCTTACAACAGCAGCCAAACTAATGGTTGTCATACCAGACTATAACACATATAAAAATACGTGTGATGGTACAACATTTACTTATGCATCAGCATTGTGGGAAATCCAACAGGTTGTAGATGCAGATAGTAAAATTGTTCAACTTAGTGAAATTAGTATGGACAATTCACCTAATTTAGCATGGCCTCTTATTGTAACAGCTTTAAGGGCCAATTCTGCTGTCAAATTACAGAATAATGAGCTTAGTCCTGTTGCACTACGACAGATGTCTTGTGCTGCCGGTACTACACAAACTGCTTGCACTGATGACAATGCGTTAGCTTACTACAACACAACAAAGGGAGGTAGGTTTGTACTTGCACTGTTATCCGATTTACAGGATTTGAAATGGGCTAGATTCCCTAAGAGTGATGGAACTGGTACTATCTATACAGAACTGGAACCACCTTGTAGGTTTGTTACAGACACACCTAAAGGTCCTAAAGTGAAGTATTTATACTTTATTAAAGGATTAAACAACCTAAATAGAGGTATGGTACTTGGTAGTTTAGCTGCCACAGTACGTCTACAAGCTGGTAATGCAACAGAAGTGCCTGCCAATTCAACTGTATTATCTTTCTGTGCTTTTGCTGTAGATGCTGCTAAAGCTTACAAAGATTATCTAGCTAGTGGGGGACAACCAATCACTAATTGTGTTAAGATGTTGTGTACACACACTGGTACTGGTCAGGCAATAACAGTTACACCGGAAGCCAATATGGATCAAGAATCCTTTGGTGGTGCATCGTGTTGTCTGTACTGCCGTTGCCACATAGATCATCCAAATCCTAAAGGATTTTGTGACTTAAAAGGTAAGTATGTACAAATACCTACAACTTGTGCTAATGACCCTGTGGGTTTTACACTTAAAAACACAGTCTGTACCGTCTGCGGTATGTGGAAAGGTTATGGCTGTAGTTGTGATCAACTCCGCGAACCCATGCTTCAGTCAGCTGATGCACAATCGTTTTTAAACGGGTTTGCGGTGTAAGTGCAGCCCGTCTTACACCGTGCGGCACAGGCACTAGTACTGATGTCGTATACAGGGCTTTTGACATCTACAATGATAAAGTAGCTGGTTTTGCTAAATTCCTAAAAACTAATTGTTGTCGCTTCCAAGAAAAGGACGAAGATGACAATTTAATTGATTCTTACTTTGTAGTTAAGAGACACACTTTCTCTAACTACCAACATGAAGAAACAATTTATAATTTACTTAAGGATTGTCCAGCTGTTGCTAAACATGACTTCTTTAAGTTTAGAATAGACGGTGACATGGTACCACATATATCACGTCAACGTCTTACTAAATACACAATGGCAGACCTCGTCTATGCTTTAAGGCATTTTGATGAAGGTAATTGTGACACATTAAAAGAAATACTTGTCACATACAATTGTTGTGATGATGATTATTTCAATAAAAAGGACTGGTATGATTTTGTAGAAAACCCAGATATATTACGCGTATACGCCAACTTAGGTGAACGTGTACGCCAAGCTTTGTTAAAAACAGTACAATTCTGTGATGCCATGCGAAATGCTGGTATTGTTGGTGTACTGACATTAGATAATCAAGATCTCAATGGTAACTGGTATGATTTCGGTGATTTCATACAAACCACGCCAGGTAGTGGAGTTCCTGTTGTAGATTCTTATTATTCATTGTTAATGCCTATATTAACCTTGACCAGGGCTTTAACTGCAGAGTCACATGTTGACACTGACTTAACAAAGCCTTACATTAAGTGGGATTTGTTAAAATATGACTTCACGGAAGAGAGGTTAAAACTCTTTGACCGTTATTTTAAATATTGGGATCAGACATACCACCCAAATTGTGTTAACTGTTTGGATGACAGATGCATTCTGCATTGTGCAAACTTTAATGTTTTATTCTCTACAGTGTTCCCACCTACAAGTTTTGGACCACTAGTGAGAAAAATATTTGTTGATGGTGTTCCATTTGTAGTTTCAACTGGATACCACTTCAGAGAGCTAGGTGTTGTACATAATCAGGATGTAAACTTACATAGCTCTAGACTTAGTTTTAAGGAATTACTTGTGTATGCTGCTGACCCTGCTATGCACGCTGCTTCTGGTAATCTATTACTAGATAAACGCACTACGTGCTTTTCAGTAGCTGCACTTACTAACAATGTTGCTTTTCAAACTGTCAAACCCGGTAATTTTAACAAAGACTTCTATGACTTTGCTGTGTCTAAGGGTTTCTTTAAGGAAGGAAGTTCTGTTGAATTAAAACACTTCTTCTTTGCTCAGGATGGTAATGCTGCTATCAGCGATTATGACTACTATCGTTATAATCTACCAACAATGTGTGATATCAGACAACTACTATTTGTAGTTGAAGTTGTTGATAAGTACTTTGATTGTTACGATGGTGGCTGTATTAATGCTAACCAAGTCATCGTCAACAACCTAGACAAATCAGCTGGTTTTCCATTTAATAAATGGGGTAAGGCTAGACTTTATTATGATTCAATGAGTTATGAGGATCAAGATGCACTTTTCGCATATACAAAACGTAATGTCATCCCTACTATAACTCAAATGAATCTTAAGTATGCCATTAGTGCAAAGAATAGAGCTCGCACCGTAGCTGGTGTCTCTATCTGTAGTACTATGACCAATAGACAGTTTCATCAAAAATTATTGAAATCAATAGCCGCCACTAGAGGAGCTACTGTAGTAATTGGAACAAGCAAATTCTATGGTGGTTGGCACAACATGTTAAAAACTGTTTATAGTGATGTAGAAAACCCTCACCTTATGGGTTGGGATTATCCTAAATGTGATAGAGCCATGCCTAACATGCTTAGAATTATGGCCTCACTTGTTCTTGCTCGCAAACATACAACGTGTTGTAGCTTGTCACACCGTTTCTATAGATTAGCTAATGAGTGTGCTCAAGTATTGAGTGAAATGGTCATGTGTGGCGGTTCACTATATGTTAAACCAGGTGGAACCTCATCAGGAGATGCCACAACTGCTTATGCTAATAGTGTTTTTAACATTTGTCAAGCTGTCACGGCCAATGTTAATGCACTTTTATCTACTGATGGTAACAAAATTGCCGATAAGTATGTCCGCAATTTACAACACAGACTTTATGAGTGTCTCTATAGAAATAGAGATGTTGACACAGACTTTGTGAATGAGTTTTACGCATATTTGCGTAAACATTTCTCAATGATGATACTCTCTGACGATGCTGTTGTGTGTTTCAATAGCACTTATGCATCTCAAGGTCTAGTGGCTAGCATAAAGAACTTTAAGTCAGTTCTTTATTATCAAAACAATGTTTTTATGTCTGAAGCAAAATGTTGGACTGAGACTGACCTTACTAAAGGACCTCATGAATTTTGCTCTCAACATACAATGCTAGTTAAACAGGGTGATGATTATGTGTACCTTCCTTACCCAGATCCATCAAGAATCCTAGGGGCCGGCTGTTTTGTAGATGATATCGTAAAAACAGATGGTACACTTATGATTGAACGGTTCGTGTCTTTAGCTATAGATGCTTACCCACTTACTAAACATCCTAATCAGGAGTATGCTGATGTCTTTCATTTGTACTTACAATACATAAGAAAGCTACATGATGAGTTAACAGGACACATGTTAGACATGTATTCTGTTATGCTTACTAATGATAACACTTCAAGGTATTGGGAACCTGAGTTTTATGAGGCTATGTACACACCGCATACAGTCTTACAGGCTGTTGGGGCTTGTGTTCTTTGCAATTCACAGACTTCATTAAGATGTGGTGCTTGCATACGTAGACCATTCTTATGTTGTAAATGCTGTTACGACCATGTCATATCAACATCACATAAATTAGTCTTGTCTGTTAATCCGTATGTTTGCAATGCTCCAGGTTGTGATGTCACAGATGTGACTCAACTTTACTTAGGAGGTATGAGCTATTATTGTAAATCACATAAACCACCCATTAGTTTTCCATTGTGTGCTAATGGACAAGTTTTTGGTTTATATAAAAATACATGTGTTGGTAGCGATAATGTTACTGACTTTAATGCAATTGCAACATGTGACTGGACAAATGCTGGTGATTACATTTTAGCTAACACCTGTACTGAAAGACTCAAGCTTTTTGCAGCAGAAACGCTCAAAGCTACTGAGGAGACATTTAAACTGTCTTATGGTATTGCTACTGTACGTGAAGTGCTGTCTGACAGAGAATTACATCTTTCATGGGAAGTTGGTAAACCTAGACCACCACTTAACCGAAATTATGTCTTTACTGGTTATCGTGTAACTAAAAACAGTAAAGTACAAATAGGAGAGTACACCTTTGAAAAAGGTGACTATGGTGATGCTGTTGTTTACCGAGGTACAACAACTTACAAATTAAATGTTGGTGATTATTTTGTGCTGACATCACATACAGTAATGCCATTAAGTGCACCTACACTAGTGCCACAAGAGCACTATGTTAGAATTACTGGCTTATACCCAACACTCAATATCTCAGATGAGTTTTCTAGCAATGTTGCAAATTATCAAAAGGTTGGTATGCAAAAGTATTCTACACTCCAGGGACCACCTGGTACTGGTAAGAGTCATTTTGCTATTGGCCTAGCTCTCTACTACCCTTCTGCTCGCATAGTGTATACAGCTTGCTCTCATGCCGCTGTTGATGCACTATGTGAGAAGGCATTAAAATATTTGCCTATAGATAAATGTAGTAGAATTATACCTGCACGTGCTCGTGTAGAGTGTTTTGATAAATTCAAAGTGAATTCAACATTAGAACAGTATGTCTTTTGTACTGTAAATGCATTGCCTGAGACGACAGCAGATATAGTTGTCTTTGATGAAATTTCAATGGCCACAAATTATGATTTGAGTGTTGTCAATGCCAGATTACGTGCTAAGCACTATGTGTACATTGGCGACCCTGCTCAATTACCTGCACCACGCACATTGCTAACTAAGGGCACACTAGAACCAGAATATTTCAATTCAGTGTGTAGACTTATGAAAACTATAGGTCCAGACATGTTCCTCGGAACTTGTCGGCGTTGTCCTGCTGAAATTGTTGACACTGTGAGTGCTTTGGTTTATGATAATAAGCTTAAAGCACATAAAGACAAATCAGCTCAATGCTTTAAAATGTTTTATAAGGGTGTTATCACGCATGATGTTTCATCTGCAATTAACAGGCCACAAATAGGCGTGGTAAGAGAATTCCTTACACGTAACCCTGCTTGGAGAAAAGCTGTCTTTATTTCACCTTATAATTCACAGAATGCTGTAGCCTCAAAGATTTTGGGACTACCAACTCAAACTGTTGATTCATCACAGGGCTCAGAATATGACTATGTCATATTCACTCAAACCACTGAAACAGCTCACTCTTGTAATGTAAACAGATTTAATGTTGCTATTACCAGAGCAAAAGTAGGCATACTTTGCATAATGTCTGATAGAGACCTTTATGACAAGTTGCAATTTACAAGTCTTGAAATTCCACGTAGGAATGTGGCAACTTTACAAGCTGAAAATGTAACAGGACTCTTTAAAGATTGTAGTAAGGTAATCACTGGGTTACATCCTACACAGGCACCTACACACCTCAGTGTTGACACTAAATTCAAAACTGAAGGTTTATGTGTTGACATACCTGGCATACCTAAGGACATGACCTATAGAAGACTCATCTCTATGATGGGTTTTAAAATGAATTATCAAGTTAATGGTTACCCTAACATGTTTATCACCCGCGAAGAAGCTATAAGACATGTACGTGCATGGATTGGCTTCGATGTCGAGGGGTGTCATGCTACTAGAGAAGCTGTTGGTACCAATTTACCTTTACAGCTAGGTTTTTCTACAGGTGTTAACCTAGTTGCTGTACCTACAGGTTATGTTGATACACCTAATAATACAGATTTTTCCAGAGTTAGTGCTAAACCACCGCCTGGAGATCAATTTAAACACCTCATACCACTTATGTACAAAGGACTTCCTTGGAATGTAGTGCGTATAAAGATTGTACAAATGTTAAGTGACACACTTAAAAATCTCTCTGACAGAGTCGTATTTGTCTTATGGGCACATGGCTTTGAGTTGACATCTATGAAGTATTTTGTGAAAATAGGACCTGAGCGCACCTGTTGTCTATGTGATAGACGTGCCACATGCTTTTCCACTGCTTCAGACACTTATGCCTGTTGGCATCATTCTATTGGATTTGATTACGTCTATAATCCGTTTATGATTGATGTTCAACAATGGGGTTTTACAGGTAACCTACAAAGCAACCATGATCTGTATTGTCAAGTCCATGGTAATGCACATGTAGCTAGTTGTGATGCAATCATGACTAGGTGTCTAGCTGTCCACGAGTGCTTTGTTAAGCGTGTTGACTGGACTATTGAATATCCTATAATTGGTGATGAACTGAAGATTAATGCGGCTTGTAGAAAGGTTCAACACATGGTTGTTAAAGCTGCATTATTAGCAGACAAATTCCCAGTTCTTCACGACATTGGTAACCCTAAAGCTATTAAGTGTGTACCTCAAGCTGATGTAGAATGGAAGTTCTATGATGCACAGCCTTGTAGTGACAAAGCTTATAAAATAGAAGAATTATTCTATTCTTATGCCACACATTCTGACAAATTCACAGATGGTGTATGCCTATTTTGGAATTGCAATGTCGATAGATATCCTGCTAATTCCATTGTTTGTAGATTTGACACTAGAGTGCTATCTAACCTTAACTTGCCTGGTTGTGATGGTGGCAGTTTGTATGTAAATAAACATGCATTCCACACACCAGCTTTTGATAAAAGTGCTTTTGTTAATTTAAAACAATTACCATTTTTCTATTACTCTGACAGTCCATGTGAGTCTCATGGAAAACAAGTAGTGTCAGATATAGATTATGTACCACTAAAGTCTGCTACGTGTATAACACGTTGCAATTTAGGTGGTGCTGTCTGTAGACATCATGCTAATGAGTACAGATTGTATCTCGATGCTTATAACATGATGATCTCAGCTGGCTTTAGCTTGTGGGTTTACAAACAATTTGATACTTATAACCTCTGGAACACTTTTACAAGACTTCAGAGTTTAGAAAATGTGGCTTTTAATGTTGTAAATAAGGGACACTTTGATGGACAACAGGGTGAAGTACCAGTTTCTATCATTAATAACACTGTTTACACAAAAGTTGATGGTGTTGATGTAGAATTGTTTGAAAATAAAACAACATTACCTGTTAATGTAGCATTTGAGCTTTGGGCTAAGCGCAACATTAAACCAGTACCAGAGGTGAAAATACTCAATAATTTGGGTGTGGACATTGCTGCTAATACTGTGATCTGGGACTACAAAAGAGATGCTCCAGCACATATATCTACTATTGGTGTTTGTTCTATGACTGACATAGCCAAGAAACCAACTGAAACGATTTGTGCACCACTCACTGTCTTTTTTGATGGTAGAGTTGATGGTCAAGTAGACTTATTTAGAAATGCCCGTAATGGTGTTCTTATTACAGAAGGTAGTGTTAAAGGTTTACAACCATCTGTAGGTCCCAAACAAGCTAGTCTTAATGGAGTCACATTAATTGGAGAAGCCGTAAAAACACAGTTCAATTATTATAAGAAAGTTGATGGTGTTGTCCAACAATTACCTGAAACTTACTTTACTCAGAGTAGAAATTTACAAGAATTTAAACCCAGGAGTCAAATGGAAATTGATTTCTTAGAATTAGCTATGGATGAATTCATTGAACGGTATAAATTAGAAGGCTATGCCTTCGAACATATCGTTTATGGAGATTTTAGTCATAGTCAGTTAGGTGGTTTACATCTACTGATTGGACTAGCTAAACGTTTTAAGGAATCACCTTTTGAATTAGAAGATTTTATTCCTATGGACAGTACAGTTAAAAACTATTTCATAACAGATGCGCAAACAGGTTCATCTAAGTGTGTGTGTTCTGTTATTGATTTATTACTTGATGATTTTGTTGAAATAATAAAATCCCAAGATTTATCTGTAGTTTCTAAGGTTGTCAAAGTGACTATTGACTATACAGAAATTTCATTTATGCTTTGGTGTAAAGATGGCCATGTAGAAACATTTTACCCAAAATTACAATCTAGTCAAGCGTGGCAACCGGGTGTTGCTATGCCTAATCTTTACAAAATGCAAAGAATGCTATTAGAAAAGTGTGACCTTCAAAATTATGGTGATAGTGCAACATTACCTAAAGGCATAATGATGAATGTCGCAAAATATACTCAACTGTGTCAATATTTAAACACATTAACATTAGCTGTACCCTATAATATGAGAGTTATACATTTTGGTGCTGGTTCTGATAAAGGAGTTGCACCAGGTACAGCTGTTTTAAGACAGTGGTTGCCTACGGGTACGCTGCTTGTCGATTCAGATCTTAATGACTTTGTCTCTGATGCAGATTCAACTTTGATTGGTGATTGTGCAACTGTACATACAGCTAATAAATGGGATCTCATTATTAGTGATATGTACGACCCTAAGACTAAAAATGTTACAAAAGAAAATGACTCTAAAGAGGGTTTTTTCACTTACATTTGTGGGTTTATACAACAAAAGCTAGCTCTTGGAGGTTCCGTGGCTATAAAGATAACAGAACATTCTTGGAATGCTGATCTTTATAAGCTCATGGGACACTTCGCATGGTGGACAGCCTTTGTTACTAATGTGAATGCGTCATCATCTGAAGCATTTTTAATTGGATGTAATTATCTTGGCAAACCACGCGAACAAATAGATGGTTATGTCATGCATGCAAATTACATATTTTGGAGGAATACAAATCCAATTCAGTTGTCTTCCTATTCTTTATTTGACATGAGTAAATTTCCCCTTAAATTAAGGGGTACTGCTGTTATGTCTTTAAAAGAAGGTCAAATCAATGATATGATTTTATCTCTTCTTAGTAAAGGTAGACTTATAATTAGAGAAAACAACAGAGTTGTTATTTCTAGTGATGTTCTTGTTAACAACTAAACGAACAATGTTTGTTTTTCTTGTTTTATTGCCACTAGTCTCTAGTCAGTGTGTTAATCTTACAACCAGAACTCAATTACCCCCTGCATACACTAATTCTTTCACACGTGGTGTTTATTACCCTGACAAAGTTTTCAGATCCTCAGTTTTACATTCAACTCAGGACTTGTTCTTACCTTTCTTTTCCAATGTTACTTGGTTCCATGCTATACATGTCTCTGGGACCAATGGTACTAAGAGGTTTGATAACCCTGTCCTACCATTTAATGATGGTGTTTATTTTGCTTCCACTGAGAAGTCTAACATAATAAGAGGCTGGATTTTTGGTACTACTTTAGATTCGAAGACCCAGTCCCTACTTATTGTTAATAACGCTACTAATGTTGTTATTAAAGTCTGTGAATTTCAATTTTGTAATGATCCATTTTTGGGTGTTTATTACCACAAAAACAACAAAAGTTGGATGGAAAGTGAGTTCAGAGTTTATTCTAGTGCGAATAATTGCACTTTTGAATATGTCTCTCAGCCTTTTCTTATGGACCTTGAAGGAAAACAGGGTAATTTCAAAAATCTTAGGGAATTTGTGTTTAAGAATATTGATGGTTATTTTAAAATATATTCTAAGCACACGCCTATTAATTTAGTGCGTGATCTCCCTCAGGGTTTTTCGGCTTTAGAACCATTGGTAGATTTGCCAATAGGTATTAACATCACTAGGTTTCAAACTTTACTTGCTTTACATAGAAGTTATTTGACTCCTGGTGATTCTTCTTCAGGTTGGACAGCTGGTGCTGCAGCTTATTATGTGGGTTATCTTCAACCTAGGACTTTTCTATTAAAATATAATGAAAATGGAACCATTACAGATGCTGTAGACTGTGCACTTGACCCTCTCTCAGAAACAAAGTGTACGTTGAAATCCTTCACTGTAGAAAAAGGAATCTATCAAACTTCTAACTTTAGAGTCCAACCAACAGAATCTATTGTTAGATTTCCTAATATTACAAACTTGTGCCCTTTTGGTGAAGTTTTTAACGCCACCAGATTTGCATCTGTTTATGCTTGGAACAGGAAGAGAATCAGCAACTGTGTTGCTGATTATTCTGTCCTATATAATTCCGCATCATTTTCCACTTTTAAGTGTTATGGAGTGTCTCCTACTAAATTAAATGATCTCTGCTTTACTAATGTCTATGCAGATTCATTTGTAATTAGAGGTGATGAAGTCAGACAAATCGCTCCAGGGCAAACTGGAAAGATTGCTGATTATAATTATAAATTACCAGATGATTTTACAGGCTGCGTTATAGCTTGGAATTCTAACAATCTTGATTCTAAGGTTGGTGGTAATTATAATTACCTGTATAGATTGTTTAGGAAGTCTAATCTCAAACCTTTTGAGAGAGATATTTCAACTGAAATCTATCAGGCCGGTAGCACACCTTGTAATGGTGTTGAAGGTTTTAATTGTTACTTTCCTTTACAATCATATGGTTTCCAACCCACTAATGGTGTTGGTTACCAACCATACAGAGTAGTAGTACTTTCTTTTGAACTTCTACATGCACCAGCAACTGTTTGTGGACCTAAAAAGTCTACTAATTTGGTTAAAAACAAATGTGTCAATTTCAACTTCAATGGTTTAACAGGCACAGGTGTTCTTACTGAGTCTAACAAAAAGTTTCTGCCTTTCCAACAATTTGGCAGAGACATTGCTGACACTACTGATGCTGTCCGTGATCCACAGACACTTGAGATTCTTGACATTACACCATGTTCTTTTGGTGGTGTCAGTGTTATAACACCAGGAACAAATACTTCTAACCAGGTTGCTGTTCTTTATCAGGATGTTAACTGCACAGAAGTCCCTGTTGCTATTCATGCAGATCAACTTACTCCTACTTGGCGTGTTTATTCTACAGGTTCTAATGTTTTTCAAACACGTGCAGGCTGTTTAATAGGGGCTGAACATGTCAACAACTCATATGAGTGTGACATACCCATTGGTGCAGGTATATGCGCTAGTTATCAGACTCAGACTAATTCTCCTCGGCGGGCACGTAGTGTAGCTAGTCAATCCATCATTGCCTACACTATGTCACTTGGTGCAGAAAATTCAGTTGCTTACTCTAATAACTCTATTGCCATACCCACAAATTTTACTATTAGTGTTACCACAGAAATTCTACCAGTGTCTATGACCAAGACATCAGTAGATTGTACAATGTACATTTGTGGTGATTCAACTGAATGCAGCAATCTTTTGTTGCAATATGGCAGTTTTTGTACACAATTAAACCGTGCTTTAACTGGAATAGCTGTTGAACAAGACAAAAACACCCAAGAAGTTTTTGCACAAGTCAAACAAATTTACAAAACACCACCAATTAAAGATTTTGGTGGTTTTAATTTTTCACAAATATTACCAGATCCATCAAAACCAAGCAAGAGGTCATTTATTGAAGATCTACTTTTCAACAAAGTGACACTTGCAGATGCTGGCTTCATCAAACAATATGGTGATTGCCTTGGTGATATTGCTGCTAGAGACCTCATTTGTGCACAAAAGTTTAACGGCCTTACTGTTTTGCCACCTTTGCTCACAGATGAAATGATTGCTCAATACACTTCTGCACTGTTAGCGGGTACAATCACTTCTGGTTGGACCTTTGGTGCAGGTGCTGCATTACAAATACCATTTGCTATGCAAATGGCTTATAGGTTTAATGGTATTGGAGTTACACAGAATGTTCTCTATGAGAACCAAAAATTGATTGCCAACCAATTTAATAGTGCTATTGGCAAAATTCAAGACTCACTTTCTTCCACAGCAAGTGCACTTGGAAAACTTCAAGATGTGGTCAACCAAAATGCACAAGCTTTAAACACGCTTGTTAAACAACTTAGCTCCAATTTTGGTGCAATTTCAAGTGTTTTAAATGATATCCTTTCACGTCTTGACAAAGTTGAGGCTGAAGTGCAAATTGATAGGTTGATCACAGGCAGACTTCAAAGTTTGCAGACATATGTGACTCAACAATTAATTAGAGCTGCAGAAATCAGAGCTTCTGCTAATCTTGCTGCTACTAAAATGTCAGAGTGTGTACTTGGACAATCAAAAAGAGTTGATTTTTGTGGAAAGGGCTATCATCTTATGTCCTTCCCTCAGTCAGCACCTCATGGTGTAGTCTTCTTGCATGTGACTTATGTCCCTGCACAAGAAAAGAACTTCACAACTGCTCCTGCCATTTGTCATGATGGAAAAGCACACTTTCCTCGTGAAGGTGTCTTTGTTTCAAATGGCACACACTGGTTTGTAACACAAAGGAATTTTTATGAACCACAAATCATTACTACAGACAACACATTTGTGTCTGGTAACTGTGATGTTGTAATAGGAATTGTCAACAACACAGTTTATGATCCTTTGCAACCTGAATTAGACTCATTCAAGGAGGAGTTAGATAAATATTTTAAGAATCATACATCACCAGATGTTGATTTAGGTGACATCTCTGGCATTAATGCTTCAGTTGTAAACATTCAAAAAGAAATTGACCGCCTCAATGAGGTTGCCAAGAATTTAAATGAATCTCTCATCGATCTCCAAGAACTTGGAAAGTATGAGCAGTATATAAAATGGCCATGGTACATTTGGCTAGGTTTTATAGCTGGCTTGATTGCCATAGTAATGGTGACAATTATGCTTTGCTGTATGACCAGTTGCTGTAGTTGTCTCAAGGGCTGTTGTTCTTGTGGATCCTGCTGCAAATTTGATGAAGACGACTCTGAGCCAGTGCTCAAAGGAGTCAAATTACATTACACATAAACGAACTTATGGATTTGTTTATGAGAATCTTCACAATTGGAACTGTAACTTTGAAGCAAGGTGAAATCAAGGATGCTACTCCTTCAGATTTTGTTCGCGCTACTGCAACGATACCGATACAAGCCTCACTCCCTTTCGGATGGCTTATTGTTGGCGTTGCACTTCTTGCTGTTTTTCAGAGCGCTTCCAAAATCATAACCCTCAAAAAGAGATGGCAACTAGCACTCTCCAAGGGTGTTCACTTTGTTTGCAACTTGCTGTTGTTGTTTGTAACAGTTTACTCACACCTTTTGCTCGTTGCTGCTGGCCTTGAAGCCCCTTTTCTCTATCTTTATGCTTTAGTCTACTTCTTGCAGAGTATAAACTTTGTAAGAATAATAATGAGGCTTTGGCTTTGCTGGAAATGCCGTTCCAAAAACCCATTACTTTATGATGCCAACTATTTTCTTTGCTGGCATACTAATTGTTACGACTATTGTATACCTTACAATAGTGTAACTTCTTCAATTGTCATTACTTCAGGTGATGGCACAACAAGTCCTATTTCTGAACATGACTACCAGATTGGTGGTTATACTGAAAAATGGGAATCTGGAGTAAAAGACTGTGTTGTATTACACAGTTACTTCACTTCAGACTATTACCAGCTGTACTCAACTCAATTGAGTACAGACACTGGTGTTGAACATGTTACCTTCTTCATCTACAATAAAATTGTTGATGAGCCTGAAGAACATGTCCAAATTCACACAATCGACGGTTCATCCGGAGTTGTTAATCCAGTAATGGAACCAATTTATGATGAACCGACGACGACTACTAGCGTGCCTTTGTAAGCACAAGCTGATGAGTACGAACTTATGTACTCATTCGTTTCGGAAGAGACAGGTACGTTAATAGTTAATAGCGTACTTCTTTTTCTTGCTTTCGTGGTATTCTTGCTAGTTACACTAGCCATCCTTACTGCGCTTCGATTGTGTGCGTACTGCTGCAATATTGTTAACGTGAGTCTTGTAAAACCTTCTTTTTACGTTTACTCTCGTGTTAAAAATCTGAATTCTTCTAGAGTTCCTGATCTTCTGGTCTAAACGAACTAAATATTATATTAGTTTTTCTGTTTGGAACTTTAATTTTAGCCATGGCAGATTCCAACGGTACTATTACCGTTGAAGAGCTTAAAAAGCTCCTTGAACAATGGAACCTAGTAATAGGTTTCCTATTCCTTACATGGATTTGTCTTCTACAATTTGCCTATGCCAACAGGAATAGGTTTTTGTATATAATTAAGTTAATTTTCCTCTGGCTGTTATGGCCAGTAACTTTAGCTTGTTTTGTGCTTGCTGCTGTTTACAGAATAAATTGGATCACCGGTGGAATTGCTATCGCAATGGCTTGTCTTGTAGGCTTGATGTGGCTCAGCTACTTCATTGCTTCTTTCAGACTGTTTGCGCGTACGCGTTCCATGTGGTCATTCAATCCAGAAACTAACATTCTTCTCAACGTGCCACTCCATGGCACTATTCTGACCAGACCGCTTCTAGAAAGTGAACTCGTAATCGGAGCTGTGATCCTTCGTGGACATCTTCGTATTGCTGGACACCATCTAGGACGCTGTGACATCAAGGACCTGCCTAAAGAAATCACTGTTGCTACATCACGAACGCTTTCTTATTACAAATTGGGAGCTTCGCAGCGTGTAGCAGGTGACTCAGGTTTTGCTGCATACAGTCGCTACAGGATTGGCAACTATAAATTAAACACAGACCATTCCAGTAGCAGTGACAATATTGCTTTGCTTGTACAGTAAGTGACAACAGATGTTTCATCTCGTTGACTTTCAGGTTACTATAGCAGAGATATTACTAATTATTATGAGGACTTTTAAAGTTTCCATTTGGAATCTTGATTACATCATAAACCTCATAATTAAAAATTTATCTAAGTCACTAACTGAGAATAAATATTCTCAATTAGATGAAGAGCAACCAATGGAGATTGATTAAACGAACATGAAAATTATTCTTTTCTTGGCACTGATAACACTCGCTACTTGTGAGCTTTATCACTACCAAGAGTGTGTTAGAGGTACAACAGTACTTTTAAAAGAACCTTGCTCTTCTGGAACATACGAGGGCAATTCACCATTTCATCCTCTAGCTGATAACAAATTTGCACTGACTTGCTTTAGCACTCAATTTGCTTTTGCTTGTCCTGACGGCGTAAAACACGTCTATCAGTTACGTGCCAGATCAGTTTCACCTAAACTGTTCATCAGACAAGAGGAAGTTCAAGAACTTTACTCTCCAATTTTTCTTATTGTTGCGGCAATAGTGTTTATAACACTTTGCTTCACACTCAAAAGAAAGACAGAATGATTGAACTTTCATTAATTGACTTCTATTTGTGCTTTTTAGCCTTTCTGCTATTCCTTGTTTTAATTATGCTTATTATCTTTTGGTTCTCACTTGAACTGCAAGATCATAATGAAACTTGTCACGCCTAAACGAACATGAAATTTCTTGTTTTCTTAGGAATCATCACAACTGTAGCTGCATTTCACCAAGAATGTAGTTTACAGTCATGTACTCAACATCAACCATATGTAGTTGATGACCCGTGTCCTATTCACTTCTATTCTAAATGGTATATTAGAGTAGGAGCTAGAAAATCAGCACCTTTAATTGAATTGTGCGTGGATGAGGCTGGTTCTAAATCACCCATTCAGTACATCGATATCGGTAATTATACAGTTTCCTGTTTACCTTTTACAATTAATTGCCAGGAACCTAAATTGGGTAGTCTTGTAGTGCGTTGTTCGTTCTATGAAGACTTTTTAGAGTATCATGACGTTCGTGTTGTTTTAGATTTCATCTAAACGAACAAACTAAAATGTCTGATAATGGACCCCAAAATCAGCGAAATGCACCCCGCATTACGTTTGGTGGACCCTCAGATTCAACTGGCAGTAACCAGAATGGAGAACGCAGTGGGGCGCGATCAAAACAACGTCGGCCCCAAGGTTTACCCAATAATACTGCGTCTTGGTTCACCGCTCTCACTCAACATGGCAAGGAAGACCTTAAATTCCCTCGAGGACAAGGCGTTCCAATTAACACCAATAGCAGTCCAGATGACCAAATTGGCTACTACCGAAGAGCTACCAGACGAATTCGTGGTGGTGACGGTAAAATGAAAGATCTCAGTCCAAGATGGTATTTCTACTACCTAGGAACTGGGCCAGAAGCTGGACTTCCCTATGGTGCTAACAAAGACGGCATCATATGGGTTGCAACTGAGGGAGCCTTGAATACACCAAAAGATCACATTGGCACCCGCAATCCTGCTAACAATGCTGCAATCGTGCTACAACTTCCTCAAGGAACAACATTGCCAAAAGGCTTCTACGCAGAAGGGAGCAGAGGCGGCAGTCAAGCCTCTTCTCGTTCCTCATCACGTAGTCGCAACAGTTCAAGAAATTCAACTCCAGGCAGCAGTAGGGGAACTTCTCCTGCTAGAATGGCTGGCAATGGCGGTGATGCTGCTCTTGCTTTGCTGCTGCTTGACAGATTGAACCAGCTTGAGAGCAAAATGTCTGGTAAAGGCCAACAACAACAAGGCCAAACTGTCACTAAGAAATCTGCTGCTGAGGCTTCTAAGAAGCCTCGGCAAAAACGTACTGCCACTAAAGCATACAATGTAACACAAGCTTTCGGCAGACGTGGTCCAGAACAAACCCAAGGAAATTTTGGGGACCAGGAACTAATCAGACAAGGAACTGATTACAAACATTGGCCGCAAATTGCACAATTTGCCCCCAGCGCTTCAGCGTTCTTCGGAATGTCGCGCATTGGCATGGAAGTCACACCTTCGGGAACGTGGTTGACCTACACAGGTGCCATCAAATTGGATGACAAAGATCCAAATTTCAAAGATCAAGTCATTTTGCTGAATAAGCATATTGACGCATACAAAACATTCCCACCAACAGAGCCTAAAAAGGACAAAAAGAAGAAGGCTGATGAAACTCAAGCCTTACCGCAGAGACAGAAGAAACAGCAAACTGTGACTCTTCTTCCTGCTGCAGATTTGGATGATTTCTCCAAACAATTGCAACAATCCATGAGCAGTGCTGACTCAACTCAGGCCTAAACTCATGCAGACCACACAAGGCAGATGGGCTATATAAACGTTTTCGCTTTTCCGTTTACGATATATAGTCTACTCTTGTGCAGAATGAATTCTCGTAACTACATAGCACAAGTAGATGTAGTTAACTTTAATCTCACATAGCAATCTTTAATCAGTGTGTAACATTAGGGAGGACTTGAAAGAGCCACCACATTTTCACCGAGGCCACGCGGAGTACGATCGAGTGTACAGTGAACAATGCTAGGGAGAGCTGCCTATATGGAAGAGCCCTAATGTGTAAAATTAATTTTAGTAGTGCTATCCCCATGTGATTTTAATAGCTTCTTAGGAGAATGACAAAAAAAAAAAAAAAAAAAAAAAAAAAAAAAAA	MN908947.3	Severe acute respiratory syndrome coronavirus 2 isolate Wuhan-Hu-1, complete genome	\N	\N	1
\.


--
-- Data for Name: sample; Type: TABLE DATA; Schema: public; Owner: postgres
--

COPY public.sample (id, name, datahash, sequence_id, collection_date, country, genome_completeness, host, lab, length, lineage, sequencing_tech, zip_code, init_upload_date, last_update_date) FROM stdin;
1	IMS-10338-CVDP-BAF51380-B921-4701-98ED-8DAACF2C7D11	\N	1	2021-12-30	\N	\N	\N	DEMIS-SL-10338	\N	AY.4	ILLUMINA	60327	2024-07-12 12:38:03.392997+00	2024-07-12 13:38:03.392+00
2	IMS-10150-CVDP-469B04EB-4D49-4109-9F81-0531CE275F6D	\N	2	2022-03-07	\N	\N	\N	DEMIS-SL-10150	\N	BA.1.1	ILLUMINA	92637	2024-07-12 12:38:03.392997+00	2024-07-12 13:38:03.392+00
3	IMS-10280-CVDP-2A9F0F09-E708-4CB2-91E4-9CD5F68C9093	\N	3	2022-06-10	\N	\N	\N	DEMIS-SL-10280	\N	BA.2.36	ILLUMINA	16816	2024-07-12 12:38:03.392997+00	2024-07-12 13:38:03.392+00
4	IMS-10150-CVDP-C81AA5B8-AAF9-41C9-B64D-1EEBF0E9A01A	\N	4	2022-01-11	\N	\N	\N	DEMIS-SL-10150	\N	BA.1.17.2	ILLUMINA	51375	2024-07-12 12:38:03.392997+00	2024-07-12 13:38:03.392+00
5	IMS-10150-CVDP-E3D797D9-FF1A-4BE8-AE50-13E30B77E18A	\N	5	2022-03-09	\N	\N	\N	DEMIS-SL-10150	\N	BA.2.9	ILLUMINA	92637	2024-07-12 12:38:03.392997+00	2024-07-12 13:38:03.392+00
6	IMS-10768-CVDP-0E69A26F-7AC0-4631-B0F3-192FF005FDA0	\N	6	2023-01-18	\N	\N	\N		\N	BA.5.2.6	ILLUMINA	65451	2024-07-12 12:38:03.392997+00	2024-07-12 13:38:03.392+00
7	IMS-10023-CVDP-0E428B50-D29B-4173-97B4-D7575296CD84	\N	7	2022-01-13	\N	\N	\N	DEMIS-SL-10023	\N	BA.1	ILLUMINA	09221	2024-07-12 12:38:03.392997+00	2024-07-12 13:38:03.392+00
8	IMS-10259-CVDP-3A88C5D5-D88B-458A-9040-843D8CBCEA2D	\N	8	2022-05-17	\N	\N	\N	DEMIS-SL-10259	\N	BA.2	ILLUMINA	45147	2024-07-12 12:38:03.392997+00	2024-07-12 13:38:03.392+00
9	IMS-10150-CVDP-6EC46FD8-1FBA-427D-A559-411BCF94B679	\N	9	2021-12-30	\N	\N	\N	DEMIS-SL-10150	\N	AY.98	ILLUMINA	70771	2024-07-12 12:38:03.392997+00	2024-07-12 13:38:03.392+00
10	IMS-10116-CVDP-77AB96B7-B9FB-46D6-B844-F9356151F2CA	\N	10	2022-01-30	\N	\N	\N	DEMIS-SL-10116	\N	BA.1.1	ILLUMINA	69126	2024-07-12 12:38:03.392997+00	2024-07-12 13:38:03.392+00
11	IMS-10013-CVDP-7629957A-D507-442D-BD2A-18236F7DB38C	\N	11	2022-06-18	\N	\N	\N	DEMIS-SL-10013	\N	BA.5.3.1	ILLUMINA	04779	2024-07-12 12:38:03.392997+00	2024-07-12 13:38:03.392+00
12	IMS-10013-CVDP-A38AD576-D6B0-4585-9D11-38C4BAFE862D	\N	12	2022-09-26	\N	\N	\N	DEMIS-SL-10013	\N	BA.5.2	ILLUMINA	44799	2024-07-12 12:38:03.392997+00	2024-07-12 13:38:03.392+00
\.


--
-- Data for Name: sample2property; Type: TABLE DATA; Schema: public; Owner: postgres
--

COPY public.sample2property (id, value_integer, value_float, value_text, value_varchar, value_blob, value_date, value_zip, property_id, sample_id) FROM stdin;
1	\N	\N	\N	X	\N	\N	\N	1	1
2	\N	\N	\N	X	\N	\N	\N	2	1
51	\N	63.33	\N	\N	\N	\N	\N	267	1
88	48	\N	\N	\N	\N	\N	\N	274	1
89	\N	\N	The legend of the haunted vending machine: A spooky tale of ghostly snacks, possessed buttons, and a craving for revenge.	\N	\N	\N	\N	269	1
3	\N	\N	\N	X	\N	\N	\N	1	2
4	\N	\N	\N	X	\N	\N	\N	2	2
54	\N	31.16	\N	\N	\N	\N	\N	267	2
93	18	\N	\N	\N	\N	\N	\N	274	2
94	\N	\N	The curious case of the disappearing socks: A tale of mismatched mysteries and runaway laundry.	\N	\N	\N	\N	269	2
5	\N	\N	\N	N	\N	\N	\N	1	3
6	\N	\N	\N	S002	\N	\N	\N	2	3
57	\N	66.11	\N	\N	\N	\N	\N	267	3
98	84	\N	\N	\N	\N	\N	\N	274	3
99	\N	\N	The misadventures of Professor Forgetful: A forgettable tale of absent-minded antics and misplaced memories.	\N	\N	\N	\N	269	3
7	\N	\N	\N	X	\N	\N	\N	1	4
8	\N	\N	\N	S002	\N	\N	\N	2	4
60	\N	19.91	\N	\N	\N	\N	\N	267	4
103	91	\N	\N	\N	\N	\N	\N	274	4
104	\N	\N	The curious case of the disappearing socks: A tale of mismatched mysteries and runaway laundry.	\N	\N	\N	\N	269	4
9	\N	\N	\N	X	\N	\N	\N	1	5
10	\N	\N	\N	S002	\N	\N	\N	2	5
63	\N	2.47	\N	\N	\N	\N	\N	267	5
108	16	\N	\N	\N	\N	\N	\N	274	5
109	\N	\N	The secret life of office plants: A documentary on the dramatic world of potted flora and their water cooler gossip.	\N	\N	\N	\N	269	5
11	\N	\N	\N	N	\N	\N	\N	1	6
12	\N	\N	\N	S002	\N	\N	\N	2	6
66	\N	1.47	\N	\N	\N	\N	\N	267	6
113	90	\N	\N	\N	\N	\N	\N	274	6
114	\N	\N	The culinary catastrophe: A kitchen comedy of errors featuring burnt toast, exploded souffls, and a rogue blender.	\N	\N	\N	\N	269	6
13	\N	\N	\N	N	\N	\N	\N	1	7
14	\N	\N	\N	S001	\N	\N	\N	2	7
69	\N	39.95	\N	\N	\N	\N	\N	267	7
118	52	\N	\N	\N	\N	\N	\N	274	7
119	\N	\N	The curious case of the disappearing dessert: A culinary mystery involving vanished cakes, stolen cookies, and a trail of crumbs leading to a sweet tooth culprit.	\N	\N	\N	\N	269	7
15	\N	\N	\N	N	\N	\N	\N	1	8
16	\N	\N	\N	S008	\N	\N	\N	2	8
72	\N	63.09	\N	\N	\N	\N	\N	267	8
123	99	\N	\N	\N	\N	\N	\N	274	8
124	\N	\N	The culinary catastrophe: A kitchen comedy of errors featuring burnt toast, exploded souffls, and a rogue blender.	\N	\N	\N	\N	269	8
17	\N	\N	\N	X	\N	\N	\N	1	9
18	\N	\N	\N	S002	\N	\N	\N	2	9
75	\N	91.46	\N	\N	\N	\N	\N	267	9
128	66	\N	\N	\N	\N	\N	\N	274	9
129	\N	\N	The sound of thunder rumbled ominously in the distance, as dark clouds gathered overhead. A storm was brewing, casting an air of anticipation over the sleepy town.	\N	\N	\N	\N	269	9
19	\N	\N	\N	N	\N	\N	\N	1	10
20	\N	\N	\N	X	\N	\N	\N	2	10
78	\N	26.93	\N	\N	\N	\N	\N	267	10
133	79	\N	\N	\N	\N	\N	\N	274	10
134	\N	\N	The laughter of children echoed through the playground, mingling with the sound of birdsong in the trees. It was a scene of pure joy and innocence, a reminder of the simple pleasures in life.	\N	\N	\N	\N	269	10
21	\N	\N	\N	N	\N	\N	\N	1	11
22	\N	\N	\N	S001	\N	\N	\N	2	11
81	\N	42.64	\N	\N	\N	\N	\N	267	11
138	83	\N	\N	\N	\N	\N	\N	274	11
139	\N	\N	The epic battle of the sibling rivalry: A family feud featuring sibling showdowns, petty squabbles, and the quest for parental attention.	\N	\N	\N	\N	269	11
23	\N	\N	\N	N	\N	\N	\N	1	12
24	\N	\N	\N	S001	\N	\N	\N	2	12
84	\N	73.17	\N	\N	\N	\N	\N	267	12
143	84	\N	\N	\N	\N	\N	\N	274	12
144	\N	\N	\N	\N	\N	\N	\N	269	12
\.


--
-- Data for Name: sequence; Type: TABLE DATA; Schema: public; Owner: postgres
--

COPY public.sequence (id, seqhash) FROM stdin;
1	09b05391ed038a810f767e007b74bd5edb194508648b30a1fdce639474334365
2	d7adf70cb6b07449ffe8e204f9b16827da3a910bf1dccd328b6cea0656868d21
3	096c8366c9b1707603aa80e97d30d5e12bbac4f4f3135a7117dd8fc2c6ce7412
4	38a733cce2808b474c22ab4f36c53a701d3159c1b02207bf90fdd7767ce65faa
5	dbff03a2fd359e7432785d96be7a9bce6c6e860d3165d2bbb82daa7aaaf4095f
6	51f1c4bfa1632fe6f5ee2c926bbc5597a55b657ecbf9d822f1e8b2e004c496e5
7	969d9df12e15e943c929a0b950b35b4de9ffcb4c00f35f637fb0dcd44c5ce017
8	07ec797792fe36854b13eff45da15002d1286c91dfbceffd3482767d82fdb6a1
9	9774da801f2026c33ac1f689907a6a20b9af9ddfa71a579826fa59dc89ace51b
10	d6d1b96148bfd60c68a181746e7865b8712f33f944fb7827c5ccfee8ab784646
11	3c02255278ac729c0717621eb028cbd1d6db8fad2e9f9958a537d5a9fc61db37
12	4a9b9a95ef99fefcdcad331f89fc4b005f431f5162afc953049f21381ed19d7e
\.


--
-- Name: alignment2mutation_id_seq; Type: SEQUENCE SET; Schema: public; Owner: postgres
--

SELECT pg_catalog.setval('public.alignment2mutation_id_seq', 7988, true);


--
-- Name: alignment_id_seq; Type: SEQUENCE SET; Schema: public; Owner: postgres
--

SELECT pg_catalog.setval('public.alignment_id_seq', 12, true);


--
-- Name: annotation_type_id_seq; Type: SEQUENCE SET; Schema: public; Owner: postgres
--

SELECT pg_catalog.setval('public.annotation_type_id_seq', 4936, true);


--
-- Name: auth_group_id_seq; Type: SEQUENCE SET; Schema: public; Owner: postgres
--

SELECT pg_catalog.setval('public.auth_group_id_seq', 1, false);


--
-- Name: auth_group_permissions_id_seq; Type: SEQUENCE SET; Schema: public; Owner: postgres
--

SELECT pg_catalog.setval('public.auth_group_permissions_id_seq', 1, false);


--
-- Name: auth_permission_id_seq; Type: SEQUENCE SET; Schema: public; Owner: postgres
--

SELECT pg_catalog.setval('public.auth_permission_id_seq', 108, true);


--
-- Name: auth_user_groups_id_seq; Type: SEQUENCE SET; Schema: public; Owner: postgres
--

SELECT pg_catalog.setval('public.auth_user_groups_id_seq', 1, false);


--
-- Name: auth_user_id_seq; Type: SEQUENCE SET; Schema: public; Owner: postgres
--

SELECT pg_catalog.setval('public.auth_user_id_seq', 1, true);


--
-- Name: auth_user_user_permissions_id_seq; Type: SEQUENCE SET; Schema: public; Owner: postgres
--

SELECT pg_catalog.setval('public.auth_user_user_permissions_id_seq', 1, false);


--
-- Name: child_element_id_seq; Type: SEQUENCE SET; Schema: public; Owner: postgres
--

SELECT pg_catalog.setval('public.child_element_id_seq', 38, true);


--
-- Name: django_admin_log_id_seq; Type: SEQUENCE SET; Schema: public; Owner: postgres
--

SELECT pg_catalog.setval('public.django_admin_log_id_seq', 1, false);


--
-- Name: django_apscheduler_djangojobexecution_id_seq; Type: SEQUENCE SET; Schema: public; Owner: postgres
--

SELECT pg_catalog.setval('public.django_apscheduler_djangojobexecution_id_seq', 2, true);


--
-- Name: django_content_type_id_seq; Type: SEQUENCE SET; Schema: public; Owner: postgres
--

SELECT pg_catalog.setval('public.django_content_type_id_seq', 27, true);


--
-- Name: django_migrations_id_seq; Type: SEQUENCE SET; Schema: public; Owner: postgres
--

SELECT pg_catalog.setval('public.django_migrations_id_seq', 84, true);


--
-- Name: file_processing_id_seq; Type: SEQUENCE SET; Schema: public; Owner: postgres
--

SELECT pg_catalog.setval('public.file_processing_id_seq', 2, true);


--
-- Name: gene_part_id_seq; Type: SEQUENCE SET; Schema: public; Owner: postgres
--

SELECT pg_catalog.setval('public.gene_part_id_seq', 44, true);


--
-- Name: import_log_id_seq; Type: SEQUENCE SET; Schema: public; Owner: postgres
--

SELECT pg_catalog.setval('public.import_log_id_seq', 1, false);


--
-- Name: lineage_alias_id_seq; Type: SEQUENCE SET; Schema: public; Owner: postgres
--

SELECT pg_catalog.setval('public.lineage_alias_id_seq', 482, true);


--
-- Name: lineage_id_seq; Type: SEQUENCE SET; Schema: public; Owner: postgres
--

SELECT pg_catalog.setval('public.lineage_id_seq', 4185, true);


--
-- Name: mutation2annotation_id_seq; Type: SEQUENCE SET; Schema: public; Owner: postgres
--

SELECT pg_catalog.setval('public.mutation2annotation_id_seq', 4936, true);


--
-- Name: mutation_id_seq; Type: SEQUENCE SET; Schema: public; Owner: postgres
--

SELECT pg_catalog.setval('public.mutation_id_seq', 7988, true);


--
-- Name: processing_job_id_seq; Type: SEQUENCE SET; Schema: public; Owner: postgres
--

SELECT pg_catalog.setval('public.processing_job_id_seq', 6, true);


--
-- Name: property_id_seq; Type: SEQUENCE SET; Schema: public; Owner: postgres
--

SELECT pg_catalog.setval('public.property_id_seq', 420, true);


--
-- Name: reference_id_seq; Type: SEQUENCE SET; Schema: public; Owner: postgres
--

SELECT pg_catalog.setval('public.reference_id_seq', 29, true);


--
-- Name: replicon_id_seq; Type: SEQUENCE SET; Schema: public; Owner: postgres
--

SELECT pg_catalog.setval('public.replicon_id_seq', 29, true);


--
-- Name: sample2property_id_seq; Type: SEQUENCE SET; Schema: public; Owner: postgres
--

SELECT pg_catalog.setval('public.sample2property_id_seq', 144, true);


--
-- Name: sample_id_seq; Type: SEQUENCE SET; Schema: public; Owner: postgres
--

SELECT pg_catalog.setval('public.sample_id_seq', 12, true);


--
-- Name: sequence_id_seq; Type: SEQUENCE SET; Schema: public; Owner: postgres
--

SELECT pg_catalog.setval('public.sequence_id_seq', 12, true);


--
-- Name: alignment2mutation alignment2mutation_pkey; Type: CONSTRAINT; Schema: public; Owner: postgres
--

ALTER TABLE ONLY public.alignment2mutation
    ADD CONSTRAINT alignment2mutation_pkey PRIMARY KEY (id);


--
-- Name: alignment alignment_pkey; Type: CONSTRAINT; Schema: public; Owner: postgres
--

ALTER TABLE ONLY public.alignment
    ADD CONSTRAINT alignment_pkey PRIMARY KEY (id);


--
-- Name: annotation_type annotation_type_pkey; Type: CONSTRAINT; Schema: public; Owner: postgres
--

ALTER TABLE ONLY public.annotation_type
    ADD CONSTRAINT annotation_type_pkey PRIMARY KEY (id);


--
-- Name: auth_group auth_group_name_key; Type: CONSTRAINT; Schema: public; Owner: postgres
--

ALTER TABLE ONLY public.auth_group
    ADD CONSTRAINT auth_group_name_key UNIQUE (name);


--
-- Name: auth_group_permissions auth_group_permissions_group_id_permission_id_0cd325b0_uniq; Type: CONSTRAINT; Schema: public; Owner: postgres
--

ALTER TABLE ONLY public.auth_group_permissions
    ADD CONSTRAINT auth_group_permissions_group_id_permission_id_0cd325b0_uniq UNIQUE (group_id, permission_id);


--
-- Name: auth_group_permissions auth_group_permissions_pkey; Type: CONSTRAINT; Schema: public; Owner: postgres
--

ALTER TABLE ONLY public.auth_group_permissions
    ADD CONSTRAINT auth_group_permissions_pkey PRIMARY KEY (id);


--
-- Name: auth_group auth_group_pkey; Type: CONSTRAINT; Schema: public; Owner: postgres
--

ALTER TABLE ONLY public.auth_group
    ADD CONSTRAINT auth_group_pkey PRIMARY KEY (id);


--
-- Name: auth_permission auth_permission_content_type_id_codename_01ab375a_uniq; Type: CONSTRAINT; Schema: public; Owner: postgres
--

ALTER TABLE ONLY public.auth_permission
    ADD CONSTRAINT auth_permission_content_type_id_codename_01ab375a_uniq UNIQUE (content_type_id, codename);


--
-- Name: auth_permission auth_permission_pkey; Type: CONSTRAINT; Schema: public; Owner: postgres
--

ALTER TABLE ONLY public.auth_permission
    ADD CONSTRAINT auth_permission_pkey PRIMARY KEY (id);


--
-- Name: auth_user_groups auth_user_groups_pkey; Type: CONSTRAINT; Schema: public; Owner: postgres
--

ALTER TABLE ONLY public.auth_user_groups
    ADD CONSTRAINT auth_user_groups_pkey PRIMARY KEY (id);


--
-- Name: auth_user_groups auth_user_groups_user_id_group_id_94350c0c_uniq; Type: CONSTRAINT; Schema: public; Owner: postgres
--

ALTER TABLE ONLY public.auth_user_groups
    ADD CONSTRAINT auth_user_groups_user_id_group_id_94350c0c_uniq UNIQUE (user_id, group_id);


--
-- Name: auth_user auth_user_pkey; Type: CONSTRAINT; Schema: public; Owner: postgres
--

ALTER TABLE ONLY public.auth_user
    ADD CONSTRAINT auth_user_pkey PRIMARY KEY (id);


--
-- Name: auth_user_user_permissions auth_user_user_permissions_pkey; Type: CONSTRAINT; Schema: public; Owner: postgres
--

ALTER TABLE ONLY public.auth_user_user_permissions
    ADD CONSTRAINT auth_user_user_permissions_pkey PRIMARY KEY (id);


--
-- Name: auth_user_user_permissions auth_user_user_permissions_user_id_permission_id_14a6b632_uniq; Type: CONSTRAINT; Schema: public; Owner: postgres
--

ALTER TABLE ONLY public.auth_user_user_permissions
    ADD CONSTRAINT auth_user_user_permissions_user_id_permission_id_14a6b632_uniq UNIQUE (user_id, permission_id);


--
-- Name: auth_user auth_user_username_key; Type: CONSTRAINT; Schema: public; Owner: postgres
--

ALTER TABLE ONLY public.auth_user
    ADD CONSTRAINT auth_user_username_key UNIQUE (username);


--
-- Name: gene child_element_pkey; Type: CONSTRAINT; Schema: public; Owner: postgres
--

ALTER TABLE ONLY public.gene
    ADD CONSTRAINT child_element_pkey PRIMARY KEY (id);


--
-- Name: django_admin_log django_admin_log_pkey; Type: CONSTRAINT; Schema: public; Owner: postgres
--

ALTER TABLE ONLY public.django_admin_log
    ADD CONSTRAINT django_admin_log_pkey PRIMARY KEY (id);


--
-- Name: django_apscheduler_djangojob django_apscheduler_djangojob_pkey; Type: CONSTRAINT; Schema: public; Owner: postgres
--

ALTER TABLE ONLY public.django_apscheduler_djangojob
    ADD CONSTRAINT django_apscheduler_djangojob_pkey PRIMARY KEY (id);


--
-- Name: django_apscheduler_djangojobexecution django_apscheduler_djangojobexecution_pkey; Type: CONSTRAINT; Schema: public; Owner: postgres
--

ALTER TABLE ONLY public.django_apscheduler_djangojobexecution
    ADD CONSTRAINT django_apscheduler_djangojobexecution_pkey PRIMARY KEY (id);


--
-- Name: django_content_type django_content_type_app_label_model_76bd3d3b_uniq; Type: CONSTRAINT; Schema: public; Owner: postgres
--

ALTER TABLE ONLY public.django_content_type
    ADD CONSTRAINT django_content_type_app_label_model_76bd3d3b_uniq UNIQUE (app_label, model);


--
-- Name: django_content_type django_content_type_pkey; Type: CONSTRAINT; Schema: public; Owner: postgres
--

ALTER TABLE ONLY public.django_content_type
    ADD CONSTRAINT django_content_type_pkey PRIMARY KEY (id);


--
-- Name: django_migrations django_migrations_pkey; Type: CONSTRAINT; Schema: public; Owner: postgres
--

ALTER TABLE ONLY public.django_migrations
    ADD CONSTRAINT django_migrations_pkey PRIMARY KEY (id);


--
-- Name: django_session django_session_pkey; Type: CONSTRAINT; Schema: public; Owner: postgres
--

ALTER TABLE ONLY public.django_session
    ADD CONSTRAINT django_session_pkey PRIMARY KEY (session_key);


--
-- Name: file_processing file_processing_file_name_key; Type: CONSTRAINT; Schema: public; Owner: postgres
--

ALTER TABLE ONLY public.file_processing
    ADD CONSTRAINT file_processing_file_name_key UNIQUE (file_name);


--
-- Name: file_processing file_processing_pkey; Type: CONSTRAINT; Schema: public; Owner: postgres
--

ALTER TABLE ONLY public.file_processing
    ADD CONSTRAINT file_processing_pkey PRIMARY KEY (id);


--
-- Name: gene gene_cds_accession_key; Type: CONSTRAINT; Schema: public; Owner: postgres
--

ALTER TABLE ONLY public.gene
    ADD CONSTRAINT gene_cds_accession_key UNIQUE (cds_accession);


--
-- Name: gene_segment gene_part_pkey; Type: CONSTRAINT; Schema: public; Owner: postgres
--

ALTER TABLE ONLY public.gene_segment
    ADD CONSTRAINT gene_part_pkey PRIMARY KEY (id);


--
-- Name: import_log import_log_pkey; Type: CONSTRAINT; Schema: public; Owner: postgres
--

ALTER TABLE ONLY public.import_log
    ADD CONSTRAINT import_log_pkey PRIMARY KEY (id);


--
-- Name: lineage_alias lineage_alias_pkey; Type: CONSTRAINT; Schema: public; Owner: postgres
--

ALTER TABLE ONLY public.lineage_alias
    ADD CONSTRAINT lineage_alias_pkey PRIMARY KEY (id);


--
-- Name: lineage lineage_pkey; Type: CONSTRAINT; Schema: public; Owner: postgres
--

ALTER TABLE ONLY public.lineage
    ADD CONSTRAINT lineage_pkey PRIMARY KEY (id);


--
-- Name: mutation2annotation mutation2annotation_pkey; Type: CONSTRAINT; Schema: public; Owner: postgres
--

ALTER TABLE ONLY public.mutation2annotation
    ADD CONSTRAINT mutation2annotation_pkey PRIMARY KEY (id);


--
-- Name: mutation mutation_pkey; Type: CONSTRAINT; Schema: public; Owner: postgres
--

ALTER TABLE ONLY public.mutation
    ADD CONSTRAINT mutation_pkey PRIMARY KEY (id);


--
-- Name: processing_job processing_job_entry_time_a867758c_uniq; Type: CONSTRAINT; Schema: public; Owner: postgres
--

ALTER TABLE ONLY public.processing_job
    ADD CONSTRAINT processing_job_entry_time_a867758c_uniq UNIQUE (entry_time);


--
-- Name: processing_job processing_job_job_name_d910ea14_uniq; Type: CONSTRAINT; Schema: public; Owner: postgres
--

ALTER TABLE ONLY public.processing_job
    ADD CONSTRAINT processing_job_job_name_d910ea14_uniq UNIQUE (job_name);


--
-- Name: processing_job processing_job_pkey; Type: CONSTRAINT; Schema: public; Owner: postgres
--

ALTER TABLE ONLY public.processing_job
    ADD CONSTRAINT processing_job_pkey PRIMARY KEY (id);


--
-- Name: property property_name_key; Type: CONSTRAINT; Schema: public; Owner: postgres
--

ALTER TABLE ONLY public.property
    ADD CONSTRAINT property_name_key UNIQUE (name);


--
-- Name: property property_pkey; Type: CONSTRAINT; Schema: public; Owner: postgres
--

ALTER TABLE ONLY public.property
    ADD CONSTRAINT property_pkey PRIMARY KEY (id);


--
-- Name: reference reference_accession_key; Type: CONSTRAINT; Schema: public; Owner: postgres
--

ALTER TABLE ONLY public.reference
    ADD CONSTRAINT reference_accession_key UNIQUE (accession);


--
-- Name: reference reference_db_xref_key; Type: CONSTRAINT; Schema: public; Owner: postgres
--

ALTER TABLE ONLY public.reference
    ADD CONSTRAINT reference_db_xref_key UNIQUE (db_xref);


--
-- Name: reference reference_name_key; Type: CONSTRAINT; Schema: public; Owner: postgres
--

ALTER TABLE ONLY public.reference
    ADD CONSTRAINT reference_name_key UNIQUE (name);


--
-- Name: reference reference_pkey; Type: CONSTRAINT; Schema: public; Owner: postgres
--

ALTER TABLE ONLY public.reference
    ADD CONSTRAINT reference_pkey PRIMARY KEY (id);


--
-- Name: replicon replicon_accession_key; Type: CONSTRAINT; Schema: public; Owner: postgres
--

ALTER TABLE ONLY public.replicon
    ADD CONSTRAINT replicon_accession_key UNIQUE (accession);


--
-- Name: replicon replicon_pkey; Type: CONSTRAINT; Schema: public; Owner: postgres
--

ALTER TABLE ONLY public.replicon
    ADD CONSTRAINT replicon_pkey PRIMARY KEY (id);


--
-- Name: sample2property sample2property_pkey; Type: CONSTRAINT; Schema: public; Owner: postgres
--

ALTER TABLE ONLY public.sample2property
    ADD CONSTRAINT sample2property_pkey PRIMARY KEY (id);


--
-- Name: sample sample_name_key; Type: CONSTRAINT; Schema: public; Owner: postgres
--

ALTER TABLE ONLY public.sample
    ADD CONSTRAINT sample_name_key UNIQUE (name);


--
-- Name: sample sample_pkey; Type: CONSTRAINT; Schema: public; Owner: postgres
--

ALTER TABLE ONLY public.sample
    ADD CONSTRAINT sample_pkey PRIMARY KEY (id);


--
-- Name: sequence sequence_pkey; Type: CONSTRAINT; Schema: public; Owner: postgres
--

ALTER TABLE ONLY public.sequence
    ADD CONSTRAINT sequence_pkey PRIMARY KEY (id);


--
-- Name: sequence sequence_seqhash_key; Type: CONSTRAINT; Schema: public; Owner: postgres
--

ALTER TABLE ONLY public.sequence
    ADD CONSTRAINT sequence_seqhash_key UNIQUE (seqhash);


--
-- Name: alignment unique_alignment; Type: CONSTRAINT; Schema: public; Owner: postgres
--

ALTER TABLE ONLY public.alignment
    ADD CONSTRAINT unique_alignment UNIQUE (replicon_id, sequence_id);


--
-- Name: alignment2mutation unique_alignment2mutation; Type: CONSTRAINT; Schema: public; Owner: postgres
--

ALTER TABLE ONLY public.alignment2mutation
    ADD CONSTRAINT unique_alignment2mutation UNIQUE (mutation_id, alignment_id);


--
-- Name: annotation_type unique_annotation; Type: CONSTRAINT; Schema: public; Owner: postgres
--

ALTER TABLE ONLY public.annotation_type
    ADD CONSTRAINT unique_annotation UNIQUE (seq_ontology, region, impact);


--
-- Name: import_log unique_import_log; Type: CONSTRAINT; Schema: public; Owner: postgres
--

ALTER TABLE ONLY public.import_log
    ADD CONSTRAINT unique_import_log UNIQUE (file_id, updated);


--
-- Name: django_apscheduler_djangojobexecution unique_job_executions; Type: CONSTRAINT; Schema: public; Owner: postgres
--

ALTER TABLE ONLY public.django_apscheduler_djangojobexecution
    ADD CONSTRAINT unique_job_executions UNIQUE (job_id, run_time);


--
-- Name: lineage unique_lineage; Type: CONSTRAINT; Schema: public; Owner: postgres
--

ALTER TABLE ONLY public.lineage
    ADD CONSTRAINT unique_lineage UNIQUE (prefixed_alias, lineage);


--
-- Name: mutation unique_mutation; Type: CONSTRAINT; Schema: public; Owner: postgres
--

ALTER TABLE ONLY public.mutation
    ADD CONSTRAINT unique_mutation UNIQUE (ref, alt, start, "end", type, gene_id, replicon_id);


--
-- Name: mutation2annotation unique_mutation2annotation; Type: CONSTRAINT; Schema: public; Owner: postgres
--

ALTER TABLE ONLY public.mutation2annotation
    ADD CONSTRAINT unique_mutation2annotation UNIQUE (mutation_id, alignment_id, annotation_id);


--
-- Name: sample2property unique_property2sample; Type: CONSTRAINT; Schema: public; Owner: postgres
--

ALTER TABLE ONLY public.sample2property
    ADD CONSTRAINT unique_property2sample UNIQUE (property_id, sample_id);


--
-- Name: alignment2m_alignme_d1c719_idx; Type: INDEX; Schema: public; Owner: postgres
--

CREATE INDEX alignment2m_alignme_d1c719_idx ON public.alignment2mutation USING btree (alignment_id, mutation_id);


--
-- Name: alignment2mutation_alignment_id_e77170a1; Type: INDEX; Schema: public; Owner: postgres
--

CREATE INDEX alignment2mutation_alignment_id_e77170a1 ON public.alignment2mutation USING btree (alignment_id);


--
-- Name: alignment2mutation_mutation_id_a0eaa2d8; Type: INDEX; Schema: public; Owner: postgres
--

CREATE INDEX alignment2mutation_mutation_id_a0eaa2d8 ON public.alignment2mutation USING btree (mutation_id);


--
-- Name: alignment_replico_f9eb6b_idx; Type: INDEX; Schema: public; Owner: postgres
--

CREATE INDEX alignment_replico_f9eb6b_idx ON public.alignment USING btree (replicon_id, sequence_id);


--
-- Name: alignment_replicon_id_68bc5c6d; Type: INDEX; Schema: public; Owner: postgres
--

CREATE INDEX alignment_replicon_id_68bc5c6d ON public.alignment USING btree (replicon_id);


--
-- Name: alignment_sequence_id_7c24bc6c; Type: INDEX; Schema: public; Owner: postgres
--

CREATE INDEX alignment_sequence_id_7c24bc6c ON public.alignment USING btree (sequence_id);


--
-- Name: auth_group_name_a6ea08ec_like; Type: INDEX; Schema: public; Owner: postgres
--

CREATE INDEX auth_group_name_a6ea08ec_like ON public.auth_group USING btree (name varchar_pattern_ops);


--
-- Name: auth_group_permissions_group_id_b120cbf9; Type: INDEX; Schema: public; Owner: postgres
--

CREATE INDEX auth_group_permissions_group_id_b120cbf9 ON public.auth_group_permissions USING btree (group_id);


--
-- Name: auth_group_permissions_permission_id_84c5c92e; Type: INDEX; Schema: public; Owner: postgres
--

CREATE INDEX auth_group_permissions_permission_id_84c5c92e ON public.auth_group_permissions USING btree (permission_id);


--
-- Name: auth_permission_content_type_id_2f476e4b; Type: INDEX; Schema: public; Owner: postgres
--

CREATE INDEX auth_permission_content_type_id_2f476e4b ON public.auth_permission USING btree (content_type_id);


--
-- Name: auth_user_groups_group_id_97559544; Type: INDEX; Schema: public; Owner: postgres
--

CREATE INDEX auth_user_groups_group_id_97559544 ON public.auth_user_groups USING btree (group_id);


--
-- Name: auth_user_groups_user_id_6a12ed8b; Type: INDEX; Schema: public; Owner: postgres
--

CREATE INDEX auth_user_groups_user_id_6a12ed8b ON public.auth_user_groups USING btree (user_id);


--
-- Name: auth_user_user_permissions_permission_id_1fbb5f2c; Type: INDEX; Schema: public; Owner: postgres
--

CREATE INDEX auth_user_user_permissions_permission_id_1fbb5f2c ON public.auth_user_user_permissions USING btree (permission_id);


--
-- Name: auth_user_user_permissions_user_id_a95ead1b; Type: INDEX; Schema: public; Owner: postgres
--

CREATE INDEX auth_user_user_permissions_user_id_a95ead1b ON public.auth_user_user_permissions USING btree (user_id);


--
-- Name: auth_user_username_6821ab7c_like; Type: INDEX; Schema: public; Owner: postgres
--

CREATE INDEX auth_user_username_6821ab7c_like ON public.auth_user USING btree (username varchar_pattern_ops);


--
-- Name: child_element_gene_accession_52ac9c05_like; Type: INDEX; Schema: public; Owner: postgres
--

CREATE INDEX child_element_gene_accession_52ac9c05_like ON public.gene USING btree (gene_accession varchar_pattern_ops);


--
-- Name: django_admin_log_content_type_id_c4bce8eb; Type: INDEX; Schema: public; Owner: postgres
--

CREATE INDEX django_admin_log_content_type_id_c4bce8eb ON public.django_admin_log USING btree (content_type_id);


--
-- Name: django_admin_log_user_id_c564eba6; Type: INDEX; Schema: public; Owner: postgres
--

CREATE INDEX django_admin_log_user_id_c564eba6 ON public.django_admin_log USING btree (user_id);


--
-- Name: django_apscheduler_djangojob_next_run_time_2f022619; Type: INDEX; Schema: public; Owner: postgres
--

CREATE INDEX django_apscheduler_djangojob_next_run_time_2f022619 ON public.django_apscheduler_djangojob USING btree (next_run_time);


--
-- Name: django_apscheduler_djangojobexecution_job_id_daf5090a; Type: INDEX; Schema: public; Owner: postgres
--

CREATE INDEX django_apscheduler_djangojobexecution_job_id_daf5090a ON public.django_apscheduler_djangojobexecution USING btree (job_id);


--
-- Name: django_apscheduler_djangojobexecution_run_time_16edd96b; Type: INDEX; Schema: public; Owner: postgres
--

CREATE INDEX django_apscheduler_djangojobexecution_run_time_16edd96b ON public.django_apscheduler_djangojobexecution USING btree (run_time);


--
-- Name: django_session_expire_date_a5c62663; Type: INDEX; Schema: public; Owner: postgres
--

CREATE INDEX django_session_expire_date_a5c62663 ON public.django_session USING btree (expire_date);


--
-- Name: django_session_session_key_c0390e0f_like; Type: INDEX; Schema: public; Owner: postgres
--

CREATE INDEX django_session_session_key_c0390e0f_like ON public.django_session USING btree (session_key varchar_pattern_ops);


--
-- Name: file_processing_file_name_bacdccbd_like; Type: INDEX; Schema: public; Owner: postgres
--

CREATE INDEX file_processing_file_name_bacdccbd_like ON public.file_processing USING btree (file_name varchar_pattern_ops);


--
-- Name: file_processing_processing_job_id_46fcf01d; Type: INDEX; Schema: public; Owner: postgres
--

CREATE INDEX file_processing_processing_job_id_46fcf01d ON public.file_processing USING btree (processing_job_id);


--
-- Name: gene_cds_accession_6b5e6f72_like; Type: INDEX; Schema: public; Owner: postgres
--

CREATE INDEX gene_cds_accession_6b5e6f72_like ON public.gene USING btree (cds_accession varchar_pattern_ops);


--
-- Name: gene_part_gene_id_be41e83b; Type: INDEX; Schema: public; Owner: postgres
--

CREATE INDEX gene_part_gene_id_be41e83b ON public.gene_segment USING btree (gene_id);


--
-- Name: gene_replicon_id_7a0d0bd8; Type: INDEX; Schema: public; Owner: postgres
--

CREATE INDEX gene_replicon_id_7a0d0bd8 ON public.gene USING btree (replicon_id);


--
-- Name: import_log_file_id_7df8ad67; Type: INDEX; Schema: public; Owner: postgres
--

CREATE INDEX import_log_file_id_7df8ad67 ON public.import_log USING btree (file_id);


--
-- Name: import_log_file_id_7df8ad67_like; Type: INDEX; Schema: public; Owner: postgres
--

CREATE INDEX import_log_file_id_7df8ad67_like ON public.import_log USING btree (file_id varchar_pattern_ops);


--
-- Name: lineage_alias_lineage_id_951cb6c6; Type: INDEX; Schema: public; Owner: postgres
--

CREATE INDEX lineage_alias_lineage_id_951cb6c6 ON public.lineage_alias USING btree (lineage_id);


--
-- Name: mutation2annotation_alignment_id_aedf2f9a; Type: INDEX; Schema: public; Owner: postgres
--

CREATE INDEX mutation2annotation_alignment_id_aedf2f9a ON public.mutation2annotation USING btree (alignment_id);


--
-- Name: mutation2annotation_annotation_id_da2dbb5c; Type: INDEX; Schema: public; Owner: postgres
--

CREATE INDEX mutation2annotation_annotation_id_da2dbb5c ON public.mutation2annotation USING btree (annotation_id);


--
-- Name: mutation2annotation_mutation_id_5e36a6b5; Type: INDEX; Schema: public; Owner: postgres
--

CREATE INDEX mutation2annotation_mutation_id_5e36a6b5 ON public.mutation2annotation USING btree (mutation_id);


--
-- Name: mutation_alt_c8d6b3_idx; Type: INDEX; Schema: public; Owner: postgres
--

CREATE INDEX mutation_alt_c8d6b3_idx ON public.mutation USING btree (alt);


--
-- Name: mutation_end_c996da_idx; Type: INDEX; Schema: public; Owner: postgres
--

CREATE INDEX mutation_end_c996da_idx ON public.mutation USING btree ("end");


--
-- Name: mutation_gene_id_2f1f1c_idx; Type: INDEX; Schema: public; Owner: postgres
--

CREATE INDEX mutation_gene_id_2f1f1c_idx ON public.mutation USING btree (gene_id);


--
-- Name: mutation_gene_id_e03e0de9; Type: INDEX; Schema: public; Owner: postgres
--

CREATE INDEX mutation_gene_id_e03e0de9 ON public.mutation USING btree (gene_id);


--
-- Name: mutation_ref_460df8_idx; Type: INDEX; Schema: public; Owner: postgres
--

CREATE INDEX mutation_ref_460df8_idx ON public.mutation USING btree (ref);


--
-- Name: mutation_replicon_id_d1f3401d; Type: INDEX; Schema: public; Owner: postgres
--

CREATE INDEX mutation_replicon_id_d1f3401d ON public.mutation USING btree (replicon_id);


--
-- Name: mutation_start_d58834_idx; Type: INDEX; Schema: public; Owner: postgres
--

CREATE INDEX mutation_start_d58834_idx ON public.mutation USING btree (start);


--
-- Name: mutation_type_bf4ac1_idx; Type: INDEX; Schema: public; Owner: postgres
--

CREATE INDEX mutation_type_bf4ac1_idx ON public.mutation USING btree (type);


--
-- Name: processing_job_job_name_d910ea14_like; Type: INDEX; Schema: public; Owner: postgres
--

CREATE INDEX processing_job_job_name_d910ea14_like ON public.processing_job USING btree (job_name varchar_pattern_ops);


--
-- Name: reference_db_xref_0f9dcc91_like; Type: INDEX; Schema: public; Owner: postgres
--

CREATE INDEX reference_db_xref_0f9dcc91_like ON public.reference USING btree (db_xref varchar_pattern_ops);


--
-- Name: reference_name_5a6362c2_like; Type: INDEX; Schema: public; Owner: postgres
--

CREATE INDEX reference_name_5a6362c2_like ON public.reference USING btree (name varchar_pattern_ops);


--
-- Name: replicon_accession_fb021954_like; Type: INDEX; Schema: public; Owner: postgres
--

CREATE INDEX replicon_accession_fb021954_like ON public.replicon USING btree (accession varchar_pattern_ops);


--
-- Name: replicon_reference_id_f0191358; Type: INDEX; Schema: public; Owner: postgres
--

CREATE INDEX replicon_reference_id_f0191358 ON public.replicon USING btree (reference_id);


--
-- Name: sample2property_property_id_c2180c6c; Type: INDEX; Schema: public; Owner: postgres
--

CREATE INDEX sample2property_property_id_c2180c6c ON public.sample2property USING btree (property_id);


--
-- Name: sample2property_sample_id_8576a658; Type: INDEX; Schema: public; Owner: postgres
--

CREATE INDEX sample2property_sample_id_8576a658 ON public.sample2property USING btree (sample_id);


--
-- Name: sample_sequence_id_ce61d347; Type: INDEX; Schema: public; Owner: postgres
--

CREATE INDEX sample_sequence_id_ce61d347 ON public.sample USING btree (sequence_id);


--
-- Name: sequence_seqhash_85573dac_like; Type: INDEX; Schema: public; Owner: postgres
--

CREATE INDEX sequence_seqhash_85573dac_like ON public.sequence USING btree (seqhash varchar_pattern_ops);


--
-- Name: unique_alias2lineage; Type: INDEX; Schema: public; Owner: postgres
--

CREATE UNIQUE INDEX unique_alias2lineage ON public.lineage_alias USING btree (alias, lineage_id) WHERE (parent_alias IS NULL);


--
-- Name: unique_alias2parent_alias; Type: INDEX; Schema: public; Owner: postgres
--

CREATE UNIQUE INDEX unique_alias2parent_alias ON public.lineage_alias USING btree (alias, parent_alias) WHERE (lineage_id IS NULL);


--
-- Name: unique_annotation_null_region; Type: INDEX; Schema: public; Owner: postgres
--

CREATE UNIQUE INDEX unique_annotation_null_region ON public.annotation_type USING btree (seq_ontology, impact) WHERE (region IS NULL);


--
-- Name: unique_lineage_null_alias; Type: INDEX; Schema: public; Owner: postgres
--

CREATE UNIQUE INDEX unique_lineage_null_alias ON public.lineage USING btree (lineage) WHERE (prefixed_alias IS NULL);


--
-- Name: unique_mutation_null_alt; Type: INDEX; Schema: public; Owner: postgres
--

CREATE UNIQUE INDEX unique_mutation_null_alt ON public.mutation USING btree (ref, start, "end", type, gene_id, replicon_id) WHERE (alt IS NULL);


--
-- Name: unique_mutation_null_alt_null_gene; Type: INDEX; Schema: public; Owner: postgres
--

CREATE UNIQUE INDEX unique_mutation_null_alt_null_gene ON public.mutation USING btree (ref, start, "end", type, replicon_id) WHERE ((alt IS NULL) AND (gene_id IS NULL));


--
-- Name: unique_mutation_null_gene; Type: INDEX; Schema: public; Owner: postgres
--

CREATE UNIQUE INDEX unique_mutation_null_gene ON public.mutation USING btree (ref, alt, start, "end", type, replicon_id) WHERE (gene_id IS NULL);


--
-- Name: unique_mutation_null_ref; Type: INDEX; Schema: public; Owner: postgres
--

CREATE UNIQUE INDEX unique_mutation_null_ref ON public.mutation USING btree (alt, start, "end", type, gene_id, replicon_id) WHERE (ref IS NULL);


--
-- Name: alignment2mutation alignment2mutation_alignment_id_e77170a1_fk_alignment_id; Type: FK CONSTRAINT; Schema: public; Owner: postgres
--

ALTER TABLE ONLY public.alignment2mutation
    ADD CONSTRAINT alignment2mutation_alignment_id_e77170a1_fk_alignment_id FOREIGN KEY (alignment_id) REFERENCES public.alignment(id) DEFERRABLE INITIALLY DEFERRED;


--
-- Name: alignment2mutation alignment2mutation_mutation_id_a0eaa2d8_fk_mutation_id; Type: FK CONSTRAINT; Schema: public; Owner: postgres
--

ALTER TABLE ONLY public.alignment2mutation
    ADD CONSTRAINT alignment2mutation_mutation_id_a0eaa2d8_fk_mutation_id FOREIGN KEY (mutation_id) REFERENCES public.mutation(id) DEFERRABLE INITIALLY DEFERRED;


--
-- Name: alignment alignment_replicon_id_68bc5c6d_fk_replicon_id; Type: FK CONSTRAINT; Schema: public; Owner: postgres
--

ALTER TABLE ONLY public.alignment
    ADD CONSTRAINT alignment_replicon_id_68bc5c6d_fk_replicon_id FOREIGN KEY (replicon_id) REFERENCES public.replicon(id) DEFERRABLE INITIALLY DEFERRED;


--
-- Name: alignment alignment_sequence_id_7c24bc6c_fk_sequence_id; Type: FK CONSTRAINT; Schema: public; Owner: postgres
--

ALTER TABLE ONLY public.alignment
    ADD CONSTRAINT alignment_sequence_id_7c24bc6c_fk_sequence_id FOREIGN KEY (sequence_id) REFERENCES public.sequence(id) DEFERRABLE INITIALLY DEFERRED;


--
-- Name: auth_group_permissions auth_group_permissio_permission_id_84c5c92e_fk_auth_perm; Type: FK CONSTRAINT; Schema: public; Owner: postgres
--

ALTER TABLE ONLY public.auth_group_permissions
    ADD CONSTRAINT auth_group_permissio_permission_id_84c5c92e_fk_auth_perm FOREIGN KEY (permission_id) REFERENCES public.auth_permission(id) DEFERRABLE INITIALLY DEFERRED;


--
-- Name: auth_group_permissions auth_group_permissions_group_id_b120cbf9_fk_auth_group_id; Type: FK CONSTRAINT; Schema: public; Owner: postgres
--

ALTER TABLE ONLY public.auth_group_permissions
    ADD CONSTRAINT auth_group_permissions_group_id_b120cbf9_fk_auth_group_id FOREIGN KEY (group_id) REFERENCES public.auth_group(id) DEFERRABLE INITIALLY DEFERRED;


--
-- Name: auth_permission auth_permission_content_type_id_2f476e4b_fk_django_co; Type: FK CONSTRAINT; Schema: public; Owner: postgres
--

ALTER TABLE ONLY public.auth_permission
    ADD CONSTRAINT auth_permission_content_type_id_2f476e4b_fk_django_co FOREIGN KEY (content_type_id) REFERENCES public.django_content_type(id) DEFERRABLE INITIALLY DEFERRED;


--
-- Name: auth_user_groups auth_user_groups_group_id_97559544_fk_auth_group_id; Type: FK CONSTRAINT; Schema: public; Owner: postgres
--

ALTER TABLE ONLY public.auth_user_groups
    ADD CONSTRAINT auth_user_groups_group_id_97559544_fk_auth_group_id FOREIGN KEY (group_id) REFERENCES public.auth_group(id) DEFERRABLE INITIALLY DEFERRED;


--
-- Name: auth_user_groups auth_user_groups_user_id_6a12ed8b_fk_auth_user_id; Type: FK CONSTRAINT; Schema: public; Owner: postgres
--

ALTER TABLE ONLY public.auth_user_groups
    ADD CONSTRAINT auth_user_groups_user_id_6a12ed8b_fk_auth_user_id FOREIGN KEY (user_id) REFERENCES public.auth_user(id) DEFERRABLE INITIALLY DEFERRED;


--
-- Name: auth_user_user_permissions auth_user_user_permi_permission_id_1fbb5f2c_fk_auth_perm; Type: FK CONSTRAINT; Schema: public; Owner: postgres
--

ALTER TABLE ONLY public.auth_user_user_permissions
    ADD CONSTRAINT auth_user_user_permi_permission_id_1fbb5f2c_fk_auth_perm FOREIGN KEY (permission_id) REFERENCES public.auth_permission(id) DEFERRABLE INITIALLY DEFERRED;


--
-- Name: auth_user_user_permissions auth_user_user_permissions_user_id_a95ead1b_fk_auth_user_id; Type: FK CONSTRAINT; Schema: public; Owner: postgres
--

ALTER TABLE ONLY public.auth_user_user_permissions
    ADD CONSTRAINT auth_user_user_permissions_user_id_a95ead1b_fk_auth_user_id FOREIGN KEY (user_id) REFERENCES public.auth_user(id) DEFERRABLE INITIALLY DEFERRED;


--
-- Name: django_admin_log django_admin_log_content_type_id_c4bce8eb_fk_django_co; Type: FK CONSTRAINT; Schema: public; Owner: postgres
--

ALTER TABLE ONLY public.django_admin_log
    ADD CONSTRAINT django_admin_log_content_type_id_c4bce8eb_fk_django_co FOREIGN KEY (content_type_id) REFERENCES public.django_content_type(id) DEFERRABLE INITIALLY DEFERRED;


--
-- Name: django_admin_log django_admin_log_user_id_c564eba6_fk_auth_user_id; Type: FK CONSTRAINT; Schema: public; Owner: postgres
--

ALTER TABLE ONLY public.django_admin_log
    ADD CONSTRAINT django_admin_log_user_id_c564eba6_fk_auth_user_id FOREIGN KEY (user_id) REFERENCES public.auth_user(id) DEFERRABLE INITIALLY DEFERRED;


--
-- Name: django_apscheduler_djangojobexecution django_apscheduler_djangojobexecution_job_id_daf5090a_fk; Type: FK CONSTRAINT; Schema: public; Owner: postgres
--

ALTER TABLE ONLY public.django_apscheduler_djangojobexecution
    ADD CONSTRAINT django_apscheduler_djangojobexecution_job_id_daf5090a_fk FOREIGN KEY (job_id) REFERENCES public.django_apscheduler_djangojob(id) DEFERRABLE INITIALLY DEFERRED;


--
-- Name: file_processing file_processing_processing_job_id_46fcf01d_fk_processing_job_id; Type: FK CONSTRAINT; Schema: public; Owner: postgres
--

ALTER TABLE ONLY public.file_processing
    ADD CONSTRAINT file_processing_processing_job_id_46fcf01d_fk_processing_job_id FOREIGN KEY (processing_job_id) REFERENCES public.processing_job(id) DEFERRABLE INITIALLY DEFERRED;


--
-- Name: gene_segment gene_part_gene_id_be41e83b_fk_child_element_id; Type: FK CONSTRAINT; Schema: public; Owner: postgres
--

ALTER TABLE ONLY public.gene_segment
    ADD CONSTRAINT gene_part_gene_id_be41e83b_fk_child_element_id FOREIGN KEY (gene_id) REFERENCES public.gene(id) DEFERRABLE INITIALLY DEFERRED;


--
-- Name: gene gene_replicon_id_7a0d0bd8_fk_replicon_id; Type: FK CONSTRAINT; Schema: public; Owner: postgres
--

ALTER TABLE ONLY public.gene
    ADD CONSTRAINT gene_replicon_id_7a0d0bd8_fk_replicon_id FOREIGN KEY (replicon_id) REFERENCES public.replicon(id) DEFERRABLE INITIALLY DEFERRED;


--
-- Name: import_log import_log_file_id_7df8ad67_fk_file_processing_file_name; Type: FK CONSTRAINT; Schema: public; Owner: postgres
--

ALTER TABLE ONLY public.import_log
    ADD CONSTRAINT import_log_file_id_7df8ad67_fk_file_processing_file_name FOREIGN KEY (file_id) REFERENCES public.file_processing(file_name) DEFERRABLE INITIALLY DEFERRED;


--
-- Name: lineage_alias lineage_alias_lineage_id_951cb6c6_fk_lineage_id; Type: FK CONSTRAINT; Schema: public; Owner: postgres
--

ALTER TABLE ONLY public.lineage_alias
    ADD CONSTRAINT lineage_alias_lineage_id_951cb6c6_fk_lineage_id FOREIGN KEY (lineage_id) REFERENCES public.lineage(id) DEFERRABLE INITIALLY DEFERRED;


--
-- Name: mutation2annotation mutation2annotation_alignment_id_aedf2f9a_fk_alignment_id; Type: FK CONSTRAINT; Schema: public; Owner: postgres
--

ALTER TABLE ONLY public.mutation2annotation
    ADD CONSTRAINT mutation2annotation_alignment_id_aedf2f9a_fk_alignment_id FOREIGN KEY (alignment_id) REFERENCES public.alignment(id) DEFERRABLE INITIALLY DEFERRED;


--
-- Name: mutation2annotation mutation2annotation_annotation_id_da2dbb5c_fk_annotatio; Type: FK CONSTRAINT; Schema: public; Owner: postgres
--

ALTER TABLE ONLY public.mutation2annotation
    ADD CONSTRAINT mutation2annotation_annotation_id_da2dbb5c_fk_annotatio FOREIGN KEY (annotation_id) REFERENCES public.annotation_type(id) DEFERRABLE INITIALLY DEFERRED;


--
-- Name: mutation2annotation mutation2annotation_mutation_id_5e36a6b5_fk_mutation_id; Type: FK CONSTRAINT; Schema: public; Owner: postgres
--

ALTER TABLE ONLY public.mutation2annotation
    ADD CONSTRAINT mutation2annotation_mutation_id_5e36a6b5_fk_mutation_id FOREIGN KEY (mutation_id) REFERENCES public.mutation(id) DEFERRABLE INITIALLY DEFERRED;


--
-- Name: mutation mutation_gene_id_e03e0de9_fk_gene_id; Type: FK CONSTRAINT; Schema: public; Owner: postgres
--

ALTER TABLE ONLY public.mutation
    ADD CONSTRAINT mutation_gene_id_e03e0de9_fk_gene_id FOREIGN KEY (gene_id) REFERENCES public.gene(id) DEFERRABLE INITIALLY DEFERRED;


--
-- Name: mutation mutation_replicon_id_d1f3401d_fk_replicon_id; Type: FK CONSTRAINT; Schema: public; Owner: postgres
--

ALTER TABLE ONLY public.mutation
    ADD CONSTRAINT mutation_replicon_id_d1f3401d_fk_replicon_id FOREIGN KEY (replicon_id) REFERENCES public.replicon(id) DEFERRABLE INITIALLY DEFERRED;


--
-- Name: replicon replicon_reference_id_f0191358_fk_reference_id; Type: FK CONSTRAINT; Schema: public; Owner: postgres
--

ALTER TABLE ONLY public.replicon
    ADD CONSTRAINT replicon_reference_id_f0191358_fk_reference_id FOREIGN KEY (reference_id) REFERENCES public.reference(id) DEFERRABLE INITIALLY DEFERRED;


--
-- Name: sample2property sample2property_property_id_c2180c6c_fk_property_id; Type: FK CONSTRAINT; Schema: public; Owner: postgres
--

ALTER TABLE ONLY public.sample2property
    ADD CONSTRAINT sample2property_property_id_c2180c6c_fk_property_id FOREIGN KEY (property_id) REFERENCES public.property(id) DEFERRABLE INITIALLY DEFERRED;


--
-- Name: sample2property sample2property_sample_id_8576a658_fk_sample_id; Type: FK CONSTRAINT; Schema: public; Owner: postgres
--

ALTER TABLE ONLY public.sample2property
    ADD CONSTRAINT sample2property_sample_id_8576a658_fk_sample_id FOREIGN KEY (sample_id) REFERENCES public.sample(id) DEFERRABLE INITIALLY DEFERRED;


--
-- Name: sample sample_sequence_id_ce61d347_fk_sequence_id; Type: FK CONSTRAINT; Schema: public; Owner: postgres
--

ALTER TABLE ONLY public.sample
    ADD CONSTRAINT sample_sequence_id_ce61d347_fk_sequence_id FOREIGN KEY (sequence_id) REFERENCES public.sequence(id) DEFERRABLE INITIALLY DEFERRED;


--
-- Name: SCHEMA public; Type: ACL; Schema: -; Owner: pg_database_owner
--

REVOKE USAGE ON SCHEMA public FROM PUBLIC;


--
-- PostgreSQL database dump complete
--

