--
-- PostgreSQL database dump
--

-- Dumped from database version 16.4
-- Dumped by pg_dump version 16.3

SET statement_timeout = 0;
SET lock_timeout = 0;
SET idle_in_transaction_session_timeout = 0;
SET client_encoding = 'UTF8';
SET standard_conforming_strings = on;
SELECT pg_catalog.set_config('search_path', '', false);
SET check_function_bodies = false;
SET xmloption = content;
SET client_min_messages = warning;
SET row_security = off;

SET default_tablespace = '';

SET default_table_access_method = heap;

--
-- Name: alignment; Type: TABLE; Schema: public; Owner: -
--

CREATE TABLE public.alignment (
    id bigint NOT NULL,
    sequence_id bigint NOT NULL,
    replicon_id bigint NOT NULL
);


--
-- Name: alignment_id_seq; Type: SEQUENCE; Schema: public; Owner: -
--

ALTER TABLE public.alignment ALTER COLUMN id ADD GENERATED BY DEFAULT AS IDENTITY (
    SEQUENCE NAME public.alignment_id_seq
    START WITH 1
    INCREMENT BY 1
    NO MINVALUE
    NO MAXVALUE
    CACHE 1
);


--
-- Name: amino_acid_mutation; Type: TABLE; Schema: public; Owner: -
--

CREATE TABLE public.amino_acid_mutation (
    id bigint NOT NULL,
    ref text NOT NULL,
    alt text NOT NULL,
    start bigint NOT NULL,
    "end" bigint NOT NULL,
    gene_id bigint NOT NULL,
    replicon_id bigint NOT NULL
);


--
-- Name: amino_acid_mutation_alignments; Type: TABLE; Schema: public; Owner: -
--

CREATE TABLE public.amino_acid_mutation_alignments (
    id bigint NOT NULL,
    aminoacidmutation_id bigint NOT NULL,
    alignment_id bigint NOT NULL
);


--
-- Name: amino_acid_mutation_alignments_id_seq; Type: SEQUENCE; Schema: public; Owner: -
--

ALTER TABLE public.amino_acid_mutation_alignments ALTER COLUMN id ADD GENERATED BY DEFAULT AS IDENTITY (
    SEQUENCE NAME public.amino_acid_mutation_alignments_id_seq
    START WITH 1
    INCREMENT BY 1
    NO MINVALUE
    NO MAXVALUE
    CACHE 1
);


--
-- Name: amino_acid_mutation_id_seq; Type: SEQUENCE; Schema: public; Owner: -
--

ALTER TABLE public.amino_acid_mutation ALTER COLUMN id ADD GENERATED BY DEFAULT AS IDENTITY (
    SEQUENCE NAME public.amino_acid_mutation_id_seq
    START WITH 1
    INCREMENT BY 1
    NO MINVALUE
    NO MAXVALUE
    CACHE 1
);


--
-- Name: amino_acid_mutation_parent; Type: TABLE; Schema: public; Owner: -
--

CREATE TABLE public.amino_acid_mutation_parent (
    id bigint NOT NULL,
    aminoacidmutation_id bigint NOT NULL,
    nucleotidemutation_id bigint NOT NULL
);


--
-- Name: amino_acid_mutation_parent_id_seq; Type: SEQUENCE; Schema: public; Owner: -
--

ALTER TABLE public.amino_acid_mutation_parent ALTER COLUMN id ADD GENERATED BY DEFAULT AS IDENTITY (
    SEQUENCE NAME public.amino_acid_mutation_parent_id_seq
    START WITH 1
    INCREMENT BY 1
    NO MINVALUE
    NO MAXVALUE
    CACHE 1
);


--
-- Name: annotation_type; Type: TABLE; Schema: public; Owner: -
--

CREATE TABLE public.annotation_type (
    id bigint NOT NULL,
    seq_ontology character varying(50) NOT NULL,
    region character varying(50),
    impact character varying(20) NOT NULL
);


--
-- Name: annotation_type_id_seq; Type: SEQUENCE; Schema: public; Owner: -
--

ALTER TABLE public.annotation_type ALTER COLUMN id ADD GENERATED BY DEFAULT AS IDENTITY (
    SEQUENCE NAME public.annotation_type_id_seq
    START WITH 1
    INCREMENT BY 1
    NO MINVALUE
    NO MAXVALUE
    CACHE 1
);


--
-- Name: annotation_type_mutations; Type: TABLE; Schema: public; Owner: -
--

CREATE TABLE public.annotation_type_mutations (
    id bigint NOT NULL,
    annotationtype_id bigint NOT NULL,
    nucleotidemutation_id bigint NOT NULL
);


--
-- Name: annotation_type_mutations_id_seq; Type: SEQUENCE; Schema: public; Owner: -
--

ALTER TABLE public.annotation_type_mutations ALTER COLUMN id ADD GENERATED BY DEFAULT AS IDENTITY (
    SEQUENCE NAME public.annotation_type_mutations_id_seq
    START WITH 1
    INCREMENT BY 1
    NO MINVALUE
    NO MAXVALUE
    CACHE 1
);


--
-- Name: auth_group; Type: TABLE; Schema: public; Owner: -
--

CREATE TABLE public.auth_group (
    id integer NOT NULL,
    name character varying(150) NOT NULL
);


--
-- Name: auth_group_id_seq; Type: SEQUENCE; Schema: public; Owner: -
--

ALTER TABLE public.auth_group ALTER COLUMN id ADD GENERATED BY DEFAULT AS IDENTITY (
    SEQUENCE NAME public.auth_group_id_seq
    START WITH 1
    INCREMENT BY 1
    NO MINVALUE
    NO MAXVALUE
    CACHE 1
);


--
-- Name: auth_group_permissions; Type: TABLE; Schema: public; Owner: -
--

CREATE TABLE public.auth_group_permissions (
    id bigint NOT NULL,
    group_id integer NOT NULL,
    permission_id integer NOT NULL
);


--
-- Name: auth_group_permissions_id_seq; Type: SEQUENCE; Schema: public; Owner: -
--

ALTER TABLE public.auth_group_permissions ALTER COLUMN id ADD GENERATED BY DEFAULT AS IDENTITY (
    SEQUENCE NAME public.auth_group_permissions_id_seq
    START WITH 1
    INCREMENT BY 1
    NO MINVALUE
    NO MAXVALUE
    CACHE 1
);


--
-- Name: auth_permission; Type: TABLE; Schema: public; Owner: -
--

CREATE TABLE public.auth_permission (
    id integer NOT NULL,
    name character varying(255) NOT NULL,
    content_type_id integer NOT NULL,
    codename character varying(100) NOT NULL
);


--
-- Name: auth_permission_id_seq; Type: SEQUENCE; Schema: public; Owner: -
--

ALTER TABLE public.auth_permission ALTER COLUMN id ADD GENERATED BY DEFAULT AS IDENTITY (
    SEQUENCE NAME public.auth_permission_id_seq
    START WITH 1
    INCREMENT BY 1
    NO MINVALUE
    NO MAXVALUE
    CACHE 1
);


--
-- Name: auth_user; Type: TABLE; Schema: public; Owner: -
--

CREATE TABLE public.auth_user (
    id integer NOT NULL,
    password character varying(128) NOT NULL,
    last_login timestamp with time zone,
    is_superuser boolean NOT NULL,
    username character varying(150) NOT NULL,
    first_name character varying(150) NOT NULL,
    last_name character varying(150) NOT NULL,
    email character varying(254) NOT NULL,
    is_staff boolean NOT NULL,
    is_active boolean NOT NULL,
    date_joined timestamp with time zone NOT NULL
);


--
-- Name: auth_user_groups; Type: TABLE; Schema: public; Owner: -
--

CREATE TABLE public.auth_user_groups (
    id bigint NOT NULL,
    user_id integer NOT NULL,
    group_id integer NOT NULL
);


--
-- Name: auth_user_groups_id_seq; Type: SEQUENCE; Schema: public; Owner: -
--

ALTER TABLE public.auth_user_groups ALTER COLUMN id ADD GENERATED BY DEFAULT AS IDENTITY (
    SEQUENCE NAME public.auth_user_groups_id_seq
    START WITH 1
    INCREMENT BY 1
    NO MINVALUE
    NO MAXVALUE
    CACHE 1
);


--
-- Name: auth_user_id_seq; Type: SEQUENCE; Schema: public; Owner: -
--

ALTER TABLE public.auth_user ALTER COLUMN id ADD GENERATED BY DEFAULT AS IDENTITY (
    SEQUENCE NAME public.auth_user_id_seq
    START WITH 1
    INCREMENT BY 1
    NO MINVALUE
    NO MAXVALUE
    CACHE 1
);


--
-- Name: auth_user_user_permissions; Type: TABLE; Schema: public; Owner: -
--

CREATE TABLE public.auth_user_user_permissions (
    id bigint NOT NULL,
    user_id integer NOT NULL,
    permission_id integer NOT NULL
);


--
-- Name: auth_user_user_permissions_id_seq; Type: SEQUENCE; Schema: public; Owner: -
--

ALTER TABLE public.auth_user_user_permissions ALTER COLUMN id ADD GENERATED BY DEFAULT AS IDENTITY (
    SEQUENCE NAME public.auth_user_user_permissions_id_seq
    START WITH 1
    INCREMENT BY 1
    NO MINVALUE
    NO MAXVALUE
    CACHE 1
);


--
-- Name: gene; Type: TABLE; Schema: public; Owner: -
--

CREATE TABLE public.gene (
    id bigint NOT NULL,
    description character varying(100),
    start bigint NOT NULL,
    "end" bigint NOT NULL,
    strand bigint NOT NULL,
    gene_symbol character varying(50),
    gene_accession character varying(50),
    gene_sequence text,
    cds_sequence text,
    replicon_id bigint NOT NULL,
    cds_accession character varying(50),
    cds_symbol character varying(50)
);


--
-- Name: child_element_id_seq; Type: SEQUENCE; Schema: public; Owner: -
--

ALTER TABLE public.gene ALTER COLUMN id ADD GENERATED BY DEFAULT AS IDENTITY (
    SEQUENCE NAME public.child_element_id_seq
    START WITH 1
    INCREMENT BY 1
    NO MINVALUE
    NO MAXVALUE
    CACHE 1
);


--
-- Name: django_admin_log; Type: TABLE; Schema: public; Owner: -
--

CREATE TABLE public.django_admin_log (
    id integer NOT NULL,
    action_time timestamp with time zone NOT NULL,
    object_id text,
    object_repr character varying(200) NOT NULL,
    action_flag smallint NOT NULL,
    change_message text NOT NULL,
    content_type_id integer,
    user_id integer NOT NULL,
    CONSTRAINT django_admin_log_action_flag_check CHECK ((action_flag >= 0))
);


--
-- Name: django_admin_log_id_seq; Type: SEQUENCE; Schema: public; Owner: -
--

ALTER TABLE public.django_admin_log ALTER COLUMN id ADD GENERATED BY DEFAULT AS IDENTITY (
    SEQUENCE NAME public.django_admin_log_id_seq
    START WITH 1
    INCREMENT BY 1
    NO MINVALUE
    NO MAXVALUE
    CACHE 1
);


--
-- Name: django_apscheduler_djangojob; Type: TABLE; Schema: public; Owner: -
--

CREATE TABLE public.django_apscheduler_djangojob (
    id character varying(255) NOT NULL,
    next_run_time timestamp with time zone,
    job_state bytea NOT NULL
);


--
-- Name: django_apscheduler_djangojobexecution; Type: TABLE; Schema: public; Owner: -
--

CREATE TABLE public.django_apscheduler_djangojobexecution (
    id bigint NOT NULL,
    status character varying(50) NOT NULL,
    run_time timestamp with time zone NOT NULL,
    duration numeric(15,2),
    finished numeric(15,2),
    exception character varying(1000),
    traceback text,
    job_id character varying(255) NOT NULL
);


--
-- Name: django_apscheduler_djangojobexecution_id_seq; Type: SEQUENCE; Schema: public; Owner: -
--

ALTER TABLE public.django_apscheduler_djangojobexecution ALTER COLUMN id ADD GENERATED BY DEFAULT AS IDENTITY (
    SEQUENCE NAME public.django_apscheduler_djangojobexecution_id_seq
    START WITH 1
    INCREMENT BY 1
    NO MINVALUE
    NO MAXVALUE
    CACHE 1
);


--
-- Name: django_content_type; Type: TABLE; Schema: public; Owner: -
--

CREATE TABLE public.django_content_type (
    id integer NOT NULL,
    app_label character varying(100) NOT NULL,
    model character varying(100) NOT NULL
);


--
-- Name: django_content_type_id_seq; Type: SEQUENCE; Schema: public; Owner: -
--

ALTER TABLE public.django_content_type ALTER COLUMN id ADD GENERATED BY DEFAULT AS IDENTITY (
    SEQUENCE NAME public.django_content_type_id_seq
    START WITH 1
    INCREMENT BY 1
    NO MINVALUE
    NO MAXVALUE
    CACHE 1
);


--
-- Name: django_migrations; Type: TABLE; Schema: public; Owner: -
--

CREATE TABLE public.django_migrations (
    id bigint NOT NULL,
    app character varying(255) NOT NULL,
    name character varying(255) NOT NULL,
    applied timestamp with time zone NOT NULL
);


--
-- Name: django_migrations_id_seq; Type: SEQUENCE; Schema: public; Owner: -
--

ALTER TABLE public.django_migrations ALTER COLUMN id ADD GENERATED BY DEFAULT AS IDENTITY (
    SEQUENCE NAME public.django_migrations_id_seq
    START WITH 1
    INCREMENT BY 1
    NO MINVALUE
    NO MAXVALUE
    CACHE 1
);


--
-- Name: django_session; Type: TABLE; Schema: public; Owner: -
--

CREATE TABLE public.django_session (
    session_key character varying(40) NOT NULL,
    session_data text NOT NULL,
    expire_date timestamp with time zone NOT NULL
);


--
-- Name: file_processing; Type: TABLE; Schema: public; Owner: -
--

CREATE TABLE public.file_processing (
    id bigint NOT NULL,
    file_name character varying(255) NOT NULL,
    processing_job_id bigint NOT NULL
);


--
-- Name: file_processing_id_seq; Type: SEQUENCE; Schema: public; Owner: -
--

ALTER TABLE public.file_processing ALTER COLUMN id ADD GENERATED BY DEFAULT AS IDENTITY (
    SEQUENCE NAME public.file_processing_id_seq
    START WITH 1
    INCREMENT BY 1
    NO MINVALUE
    NO MAXVALUE
    CACHE 1
);


--
-- Name: gene_segment; Type: TABLE; Schema: public; Owner: -
--

CREATE TABLE public.gene_segment (
    id bigint NOT NULL,
    start bigint NOT NULL,
    "end" bigint NOT NULL,
    strand bigint NOT NULL,
    base double precision NOT NULL,
    segment bigint NOT NULL,
    gene_id bigint NOT NULL
);


--
-- Name: gene_part_id_seq; Type: SEQUENCE; Schema: public; Owner: -
--

ALTER TABLE public.gene_segment ALTER COLUMN id ADD GENERATED BY DEFAULT AS IDENTITY (
    SEQUENCE NAME public.gene_part_id_seq
    START WITH 1
    INCREMENT BY 1
    NO MINVALUE
    NO MAXVALUE
    CACHE 1
);


--
-- Name: import_log; Type: TABLE; Schema: public; Owner: -
--

CREATE TABLE public.import_log (
    id bigint NOT NULL,
    type character varying(3) NOT NULL,
    file_id character varying(255) NOT NULL,
    updated timestamp with time zone NOT NULL,
    success boolean NOT NULL,
    exception_text text,
    stack_trace text
);


--
-- Name: import_log_id_seq; Type: SEQUENCE; Schema: public; Owner: -
--

ALTER TABLE public.import_log ALTER COLUMN id ADD GENERATED BY DEFAULT AS IDENTITY (
    SEQUENCE NAME public.import_log_id_seq
    START WITH 1
    INCREMENT BY 1
    NO MINVALUE
    NO MAXVALUE
    CACHE 1
);


--
-- Name: lineage; Type: TABLE; Schema: public; Owner: -
--

CREATE TABLE public.lineage (
    id bigint NOT NULL,
    name character varying(50) NOT NULL,
    parent_id bigint
);


--
-- Name: lineage_id_seq; Type: SEQUENCE; Schema: public; Owner: -
--

ALTER TABLE public.lineage ALTER COLUMN id ADD GENERATED BY DEFAULT AS IDENTITY (
    SEQUENCE NAME public.lineage_id_seq
    START WITH 1
    INCREMENT BY 1
    NO MINVALUE
    NO MAXVALUE
    CACHE 1
);


--
-- Name: nucleotide_mutation; Type: TABLE; Schema: public; Owner: -
--

CREATE TABLE public.nucleotide_mutation (
    id bigint NOT NULL,
    ref text NOT NULL,
    alt text NOT NULL,
    start bigint NOT NULL,
    "end" bigint NOT NULL,
    replicon_id bigint
);


--
-- Name: nucleotide_mutation_alignments; Type: TABLE; Schema: public; Owner: -
--

CREATE TABLE public.nucleotide_mutation_alignments (
    id bigint NOT NULL,
    nucleotidemutation_id bigint NOT NULL,
    alignment_id bigint NOT NULL
);


--
-- Name: nucleotide_mutation_alignments_id_seq; Type: SEQUENCE; Schema: public; Owner: -
--

ALTER TABLE public.nucleotide_mutation_alignments ALTER COLUMN id ADD GENERATED BY DEFAULT AS IDENTITY (
    SEQUENCE NAME public.nucleotide_mutation_alignments_id_seq
    START WITH 1
    INCREMENT BY 1
    NO MINVALUE
    NO MAXVALUE
    CACHE 1
);


--
-- Name: nucleotide_mutation_id_seq; Type: SEQUENCE; Schema: public; Owner: -
--

ALTER TABLE public.nucleotide_mutation ALTER COLUMN id ADD GENERATED BY DEFAULT AS IDENTITY (
    SEQUENCE NAME public.nucleotide_mutation_id_seq
    START WITH 1
    INCREMENT BY 1
    NO MINVALUE
    NO MAXVALUE
    CACHE 1
);


--
-- Name: processing_job; Type: TABLE; Schema: public; Owner: -
--

CREATE TABLE public.processing_job (
    id bigint NOT NULL,
    job_name character varying(255) NOT NULL,
    status character varying(2) NOT NULL,
    entry_time timestamp with time zone NOT NULL
);


--
-- Name: processing_job_id_seq; Type: SEQUENCE; Schema: public; Owner: -
--

ALTER TABLE public.processing_job ALTER COLUMN id ADD GENERATED BY DEFAULT AS IDENTITY (
    SEQUENCE NAME public.processing_job_id_seq
    START WITH 1
    INCREMENT BY 1
    NO MINVALUE
    NO MAXVALUE
    CACHE 1
);


--
-- Name: property; Type: TABLE; Schema: public; Owner: -
--

CREATE TABLE public.property (
    id bigint NOT NULL,
    name character varying(50) NOT NULL,
    datatype character varying(50) NOT NULL,
    querytype character varying(50),
    description character varying(400),
    target character varying(50),
    standard character varying(50)
);


--
-- Name: property_id_seq; Type: SEQUENCE; Schema: public; Owner: -
--

ALTER TABLE public.property ALTER COLUMN id ADD GENERATED BY DEFAULT AS IDENTITY (
    SEQUENCE NAME public.property_id_seq
    START WITH 1
    INCREMENT BY 1
    NO MINVALUE
    NO MAXVALUE
    CACHE 1
);


--
-- Name: reference; Type: TABLE; Schema: public; Owner: -
--

CREATE TABLE public.reference (
    id bigint NOT NULL,
    accession character varying(50),
    description character varying(400),
    organism character varying(50),
    collection_date date,
    country character varying(50),
    db_xref character varying(50),
    host character varying(50),
    isolate character varying(50),
    mol_type character varying(50),
    name character varying(50),
    translation_id integer NOT NULL
);


--
-- Name: reference_id_seq; Type: SEQUENCE; Schema: public; Owner: -
--

ALTER TABLE public.reference ALTER COLUMN id ADD GENERATED BY DEFAULT AS IDENTITY (
    SEQUENCE NAME public.reference_id_seq
    START WITH 1
    INCREMENT BY 1
    NO MINVALUE
    NO MAXVALUE
    CACHE 1
);


--
-- Name: replicon; Type: TABLE; Schema: public; Owner: -
--

CREATE TABLE public.replicon (
    id bigint NOT NULL,
    length bigint,
    sequence text NOT NULL,
    accession character varying(50),
    description character varying(400),
    type character varying(50),
    segment_number bigint,
    reference_id bigint NOT NULL
);


--
-- Name: replicon_id_seq; Type: SEQUENCE; Schema: public; Owner: -
--

ALTER TABLE public.replicon ALTER COLUMN id ADD GENERATED BY DEFAULT AS IDENTITY (
    SEQUENCE NAME public.replicon_id_seq
    START WITH 1
    INCREMENT BY 1
    NO MINVALUE
    NO MAXVALUE
    CACHE 1
);


--
-- Name: sample; Type: TABLE; Schema: public; Owner: -
--

CREATE TABLE public.sample (
    id bigint NOT NULL,
    name character varying(100) NOT NULL,
    datahash character varying(50) NOT NULL,
    sequence_id bigint NOT NULL,
    collection_date date,
    country character varying(50),
    genome_completeness character varying(50),
    host character varying(50),
    lab character varying(50),
    length integer,
    lineage character varying(50),
    sequencing_tech character varying(50),
    zip_code character varying(50),
    init_upload_date timestamp with time zone NOT NULL,
    last_update_date timestamp with time zone
);


--
-- Name: sample2property; Type: TABLE; Schema: public; Owner: -
--

CREATE TABLE public.sample2property (
    id bigint NOT NULL,
    value_integer bigint,
    value_float double precision,
    value_text text,
    value_varchar character varying(400),
    value_blob bytea,
    value_date date,
    value_zip character varying(100),
    property_id bigint NOT NULL,
    sample_id bigint NOT NULL
);


--
-- Name: sample2property_id_seq; Type: SEQUENCE; Schema: public; Owner: -
--

ALTER TABLE public.sample2property ALTER COLUMN id ADD GENERATED BY DEFAULT AS IDENTITY (
    SEQUENCE NAME public.sample2property_id_seq
    START WITH 1
    INCREMENT BY 1
    NO MINVALUE
    NO MAXVALUE
    CACHE 1
);


--
-- Name: sample_id_seq; Type: SEQUENCE; Schema: public; Owner: -
--

ALTER TABLE public.sample ALTER COLUMN id ADD GENERATED BY DEFAULT AS IDENTITY (
    SEQUENCE NAME public.sample_id_seq
    START WITH 1
    INCREMENT BY 1
    NO MINVALUE
    NO MAXVALUE
    CACHE 1
);


--
-- Name: sequence; Type: TABLE; Schema: public; Owner: -
--

CREATE TABLE public.sequence (
    id bigint NOT NULL,
    seqhash character varying(200) NOT NULL
);


--
-- Name: sequence_id_seq; Type: SEQUENCE; Schema: public; Owner: -
--

ALTER TABLE public.sequence ALTER COLUMN id ADD GENERATED BY DEFAULT AS IDENTITY (
    SEQUENCE NAME public.sequence_id_seq
    START WITH 1
    INCREMENT BY 1
    NO MINVALUE
    NO MAXVALUE
    CACHE 1
);


--
-- Data for Name: alignment; Type: TABLE DATA; Schema: public; Owner: -
--

COPY public.alignment (id, sequence_id, replicon_id) FROM stdin;
1	1	1
2	2	1
3	3	1
4	4	1
5	5	1
6	6	1
7	7	1
8	8	1
9	9	1
10	10	1
11	11	1
12	12	1
\.


--
-- Data for Name: amino_acid_mutation; Type: TABLE DATA; Schema: public; Owner: -
--

COPY public.amino_acid_mutation (id, ref, alt, start, "end", gene_id, replicon_id) FROM stdin;
1	T	I	8	9	1	1
2	Q	E	18	19	2	1
3	A	T	62	63	2	1
4	P	L	12	13	3	1
5	R	K	202	203	3	1
6	G	R	203	204	3	1
7	S	R	412	413	3	1
8	S	R	134	135	4	1
9	T	I	841	842	4	1
10	G	S	1306	1307	4	1
11	L	F	3026	3027	4	1
12	T	I	3089	3090	4	1
13	L	F	3200	3201	4	1
14	T	I	3254	3255	4	1
15	W	X	3293	3294	4	1
16	L	X	3294	3295	4	1
17	D	X	3295	3296	4	1
18	D	X	3296	3297	4	1
19	V	X	3297	3298	4	1
20	V	X	3298	3299	4	1
21	Y	X	3299	3300	4	1
22	C	X	3300	3301	4	1
23	P	X	3301	3302	4	1
24	R	X	3302	3303	4	1
25	H	X	3303	3304	4	1
26	V	X	3304	3305	4	1
27	I	X	3305	3306	4	1
28	C	X	3306	3307	4	1
29	T	X	3307	3308	4	1
30	S	X	3308	3309	4	1
31	E	X	3309	3310	4	1
32	D	X	3310	3311	4	1
33	M	X	3311	3312	4	1
34	L	X	3312	3313	4	1
35	N	X	3313	3314	4	1
36	P	X	3314	3315	4	1
37	N	X	3315	3316	4	1
38	Y	X	3316	3317	4	1
39	E	X	3317	3318	4	1
40	D	X	3318	3319	4	1
41	L	X	3319	3320	4	1
42	L	X	3320	3321	4	1
43	I	X	3321	3322	4	1
44	R	X	3322	3323	4	1
45	K	X	3323	3324	4	1
46	S	X	3324	3325	4	1
47	N	X	3325	3326	4	1
48	H	X	3326	3327	4	1
49	N	X	3327	3328	4	1
50	F	X	3328	3329	4	1
51	L	X	3329	3330	4	1
52	V	X	3330	3331	4	1
53	Q	X	3331	3332	4	1
54	A	X	3332	3333	4	1
55	G	X	3333	3334	4	1
56	N	X	3334	3335	4	1
57	V	X	3335	3336	4	1
58	Q	X	3336	3337	4	1
59	L	X	3337	3338	4	1
60	R	X	3338	3339	4	1
61	V	X	3339	3340	4	1
62	I	X	3340	3341	4	1
63	G	X	3341	3342	4	1
64	H	X	3342	3343	4	1
65	S	X	3343	3344	4	1
66	M	X	3344	3345	4	1
67	Q	X	3345	3346	4	1
68	N	X	3346	3347	4	1
69	C	X	3347	3348	4	1
70	V	X	3348	3349	4	1
71	L	X	3349	3350	4	1
72	K	X	3350	3351	4	1
73	L	X	3351	3352	4	1
74	K	X	3352	3353	4	1
75	V	X	3353	3354	4	1
76	D	X	3354	3355	4	1
77	T	X	3355	3356	4	1
78	A	X	3356	3357	4	1
79	N	X	3357	3358	4	1
80	P	X	3358	3359	4	1
81	K	X	3359	3360	4	1
82	T	X	3360	3361	4	1
83	P	X	3361	3362	4	1
84	K	X	3362	3363	4	1
85	Y	X	3363	3364	4	1
86	K	X	3364	3365	4	1
87	F	X	3365	3366	4	1
88	V	X	3366	3367	4	1
89	R	X	3367	3368	4	1
90	I	X	3368	3369	4	1
91	Q	X	3369	3370	4	1
92	P	X	3370	3371	4	1
93	P	H	3394	3395	4	1
94	E	X	4112	4113	4	1
95	I	X	4113	4114	4	1
96	D	X	4116	4117	4	1
97	N	X	4117	4118	4	1
98	S	X	4118	4119	4	1
99	P	X	4119	4120	4	1
100	N	X	4120	4121	4	1
101	L	X	4121	4122	4	1
102	A	X	4122	4123	4	1
103	V	X	4127	4128	4	1
104	T	X	4128	4129	4	1
105	A	X	4129	4130	4	1
106	L	X	4130	4131	4	1
107	R	X	4131	4132	4	1
108	A	X	4132	4133	4	1
109	A	X	33	34	5	1
110	P	L	313	314	5	1
111	R	C	1314	1315	5	1
112	I	V	1565	1566	5	1
113	T	I	2162	2163	5	1
114	H	Y	77	78	6	1
115	T	I	222	223	6	1
116	D	L	60	61	7	1
117	M	X	23	24	9	1
118	L	X	24	25	9	1
119	I	X	25	26	9	1
120	I	X	26	27	9	1
121	F	X	27	28	9	1
122	W	X	28	29	9	1
123	F	X	29	30	9	1
124	S	X	30	31	9	1
125	L	X	31	32	9	1
126	E	X	32	33	9	1
127	L	X	33	34	9	1
128	Q	X	34	35	9	1
129	D	X	35	36	9	1
130	H	X	36	37	9	1
131	N	X	37	38	9	1
132	E	X	38	39	9	1
133	T	X	39	40	9	1
134	C	X	40	41	9	1
135	H	X	41	42	9	1
136	A	X	42	43	9	1
137	*	X	43	44	9	1
138	M	X	0	1	10	1
139	K	X	1	2	10	1
140	F	X	2	3	10	1
141	L	X	3	4	10	1
142	V	X	4	5	10	1
143	F	X	5	6	10	1
144	L	X	6	7	10	1
145	G	X	7	8	10	1
146	I	X	8	9	10	1
147	I	X	9	10	10	1
148	T	X	10	11	10	1
149	T	X	11	12	10	1
150	V	X	12	13	10	1
151	A	X	13	14	10	1
152	A	X	14	15	10	1
153	F	X	15	16	10	1
154	H	X	16	17	10	1
155	Q	X	17	18	10	1
156	E	X	18	19	10	1
157	C	X	19	20	10	1
158	S	X	20	21	10	1
159	L	X	21	22	10	1
160	Q	X	22	23	10	1
161	S	X	23	24	10	1
162	C	X	24	25	10	1
163	T	X	25	26	10	1
164	Q	X	26	27	10	1
165	H	X	27	28	10	1
166	Q	X	28	29	10	1
167	P	X	29	30	10	1
168	Y	X	30	31	10	1
169	V	X	31	32	10	1
170	V	X	32	33	10	1
171	D	X	33	34	10	1
172	D	X	34	35	10	1
173	P	X	35	36	10	1
174	C	X	36	37	10	1
175	P	X	37	38	10	1
176	I	X	38	39	10	1
177	H	X	39	40	10	1
178	F	X	40	41	10	1
179	Y	X	41	42	10	1
180	S	X	42	43	10	1
181	K	X	43	44	10	1
182	W	X	44	45	10	1
183	Y	X	45	46	10	1
184	I	X	46	47	10	1
185	R	X	47	48	10	1
186	V	X	48	49	10	1
187	G	X	49	50	10	1
188	A	X	50	51	10	1
189	R	X	51	52	10	1
190	K	X	52	53	10	1
191	S	X	53	54	10	1
192	A	X	54	55	10	1
193	P	X	55	56	10	1
194	L	X	56	57	10	1
195	I	X	57	58	10	1
196	E	X	58	59	10	1
197	L	X	59	60	10	1
198	C	X	60	61	10	1
199	V	X	61	62	10	1
200	D	X	62	63	10	1
201	E	X	63	64	10	1
202	A	X	64	65	10	1
203	G	X	65	66	10	1
204	S	X	66	67	10	1
205	K	X	67	68	10	1
206	P	S	9	10	11	1
207	T	I	18	19	12	1
208	G	D	141	142	12	1
209	V	G	212	213	12	1
210	G	D	338	339	12	1
211	S	F	370	371	12	1
212	S	P	372	373	12	1
213	S	F	374	375	12	1
214	T	A	375	376	12	1
215	D	N	404	405	12	1
216	R	S	407	408	12	1
217	K	N	416	417	12	1
218	N	K	439	440	12	1
219	S	N	476	477	12	1
220	T	K	477	478	12	1
221	E	A	483	484	12	1
222	Q	R	492	493	12	1
223	Q	R	497	498	12	1
224	N	Y	500	501	12	1
225	Y	H	504	505	12	1
226	D	G	613	614	12	1
227	H	Y	654	655	12	1
228	N	K	678	679	12	1
229	P	H	680	681	12	1
230	N	K	763	764	12	1
231	D	Y	795	796	12	1
232	Q	H	953	954	12	1
233	N	K	968	969	12	1
234	ER		30	32	3	1
235	SGF		3674	3677	4	1
236	ENA		26	29	11	1
237	PP		24	26	12	1
238	P	L	382	383	3	1
239	T	N	77	78	4	1
240	Y	H	821	822	5	1
241	I	V	185	186	6	1
242	I	T	67	68	12	1
243	I	T	81	82	2	1
244	T	N	48	49	3	1
245	D	G	62	63	3	1
246	R	M	202	203	3	1
247	G	C	214	215	3	1
248	D	Y	376	377	3	1
249	E	D	86	87	4	1
250	A	S	1305	1306	4	1
251	P	L	2045	2046	4	1
252	P	S	2286	2287	4	1
253	V	A	2495	2496	4	1
254	V	L	2929	2930	4	1
255	T	A	3645	3646	4	1
256	V	F	3717	3718	4	1
257	G	S	661	662	5	1
258	P	L	999	1000	5	1
259	A	V	1917	1918	5	1
260	S	L	25	26	6	1
261	V	A	81	82	8	1
262	T	I	119	120	8	1
263	T	I	39	40	9	1
264	L	M	45	46	11	1
265	T	A	59	60	11	1
266	T	R	18	19	12	1
267	R	T	272	273	12	1
268	L	R	451	452	12	1
269	P	R	680	681	12	1
270	D	N	949	950	12	1
271	DF		118	120	10	1
272	F		156	157	12	1
273	D	G	2	3	2	1
274	C	X	505	506	4	1
275	G	X	506	507	4	1
276	N	X	507	508	4	1
277	F	X	508	509	4	1
278	K	X	509	510	4	1
279	V	X	510	511	4	1
280	T	X	511	512	4	1
281	K	X	512	513	4	1
282	G	X	513	514	4	1
283	K	X	514	515	4	1
284	A	X	515	516	4	1
285	K	X	516	517	4	1
286	K	X	517	518	4	1
287	K	R	855	856	4	1
288	E	X	2211	2212	4	1
289	A	X	2212	2213	4	1
290	S	X	2213	2214	4	1
291	F	X	2214	2215	4	1
292	N	X	2215	2216	4	1
293	Y	X	2216	2217	4	1
294	L	X	2217	2218	4	1
295	K	X	2218	2219	4	1
296	S	X	2219	2220	4	1
297	L	X	2233	2234	4	1
298	L	X	2234	2235	4	1
299	C	X	2238	2239	4	1
300	Y	X	2244	2245	4	1
301	S	X	2245	2246	4	1
302	A	X	2247	2248	4	1
303	S	X	2260	2261	4	1
304	C	X	2262	2263	4	1
305	T	X	2263	2264	4	1
306	A	T	2709	2710	4	1
307	I	V	3757	3758	4	1
308	P	L	1426	1427	5	1
309	K	X	2254	2255	5	1
310	P	X	2255	2256	5	1
311	R	X	2256	2257	5	1
312	S	X	2257	2258	5	1
313	Q	X	2258	2259	5	1
314	M	X	2259	2260	5	1
315	E	X	2260	2261	5	1
316	I	X	2261	2262	5	1
317	D	X	2262	2263	5	1
318	F	X	2263	2264	5	1
319	L	X	2264	2265	5	1
320	E	X	2265	2266	5	1
321	L	X	2266	2267	5	1
322	A	X	2267	2268	5	1
323	M	X	2268	2269	5	1
324	D	X	2269	2270	5	1
325	E	X	2270	2271	5	1
326	F	X	2271	2272	5	1
327	I	X	2272	2273	5	1
328	E	X	2273	2274	5	1
329	R	X	2274	2275	5	1
330	Y	X	2275	2276	5	1
331	K	X	2276	2277	5	1
332	L	X	2277	2278	5	1
333	E	X	2278	2279	5	1
334	Y	X	2280	2281	5	1
335	A	X	2281	2282	5	1
336	F	X	2282	2283	5	1
337	E	X	2283	2284	5	1
338	H	X	2284	2285	5	1
339	I	X	2285	2286	5	1
340	V	X	2286	2287	5	1
341	Y	X	2287	2288	5	1
342	G	X	2288	2289	5	1
343	D	X	2289	2290	5	1
344	F	X	2290	2291	5	1
345	S	X	2291	2292	5	1
346	H	X	2292	2293	5	1
347	S	X	2293	2294	5	1
348	Q	X	2294	2295	5	1
349	L	X	2295	2296	5	1
350	G	X	2296	2297	5	1
351	G	X	2297	2298	5	1
352	L	X	2298	2299	5	1
353	H	X	2299	2300	5	1
354	L	X	2300	2301	5	1
355	L	X	2301	2302	5	1
356	I	X	2302	2303	5	1
357	G	X	2303	2304	5	1
358	L	X	2304	2305	5	1
359	A	X	2305	2306	5	1
360	K	X	2306	2307	5	1
361	R	X	2307	2308	5	1
362	F	X	2308	2309	5	1
363	K	X	2309	2310	5	1
364	E	X	2310	2311	5	1
365	S	X	2311	2312	5	1
366	P	X	2312	2313	5	1
367	F	X	2313	2314	5	1
368	E	X	2314	2315	5	1
369	L	X	2315	2316	5	1
370	E	X	2316	2317	5	1
371	D	X	2317	2318	5	1
372	F	X	2318	2319	5	1
373	I	X	2319	2320	5	1
374	P	X	2320	2321	5	1
375	M	X	2321	2322	5	1
376	D	X	2322	2323	5	1
377	S	X	2323	2324	5	1
378	T	X	2324	2325	5	1
379	V	X	2325	2326	5	1
380	K	X	2326	2327	5	1
381	N	X	2327	2328	5	1
382	Y	X	2328	2329	5	1
383	F	X	2329	2330	5	1
384	I	X	2330	2331	5	1
385	T	X	2331	2332	5	1
386	D	X	2332	2333	5	1
387	F	X	45	46	8	1
388	H	X	46	47	8	1
389	P	X	47	48	8	1
390	L	X	48	49	8	1
391	A	X	49	50	8	1
392	D	X	50	51	8	1
393	N	X	51	52	8	1
394	K	X	52	53	8	1
395	F	X	53	54	8	1
396	A	X	54	55	8	1
397	L	X	55	56	8	1
398	T	X	56	57	8	1
399	C	X	57	58	8	1
400	F	X	58	59	8	1
401	S	X	59	60	8	1
402	T	X	60	61	8	1
403	Q	X	61	62	8	1
404	F	X	62	63	8	1
405	A	X	63	64	8	1
406	F	X	64	65	8	1
407	A	X	65	66	8	1
408	C	X	66	67	8	1
409	P	X	67	68	8	1
410	D	X	68	69	8	1
411	G	X	69	70	8	1
412	V	X	70	71	8	1
413	K	X	71	72	8	1
414	H	X	72	73	8	1
415	V	X	73	74	8	1
416	Y	X	74	75	8	1
417	A	V	66	67	12	1
418	T	I	94	95	12	1
419	E	X	153	154	12	1
420	S	X	154	155	12	1
421	E	X	155	156	12	1
422	F	X	156	157	12	1
423	R	X	157	158	12	1
424	V	X	158	159	12	1
425	Y	X	159	160	12	1
426	S	X	160	161	12	1
427	S	X	161	162	12	1
428	A	X	162	163	12	1
429	N	X	163	164	12	1
430	N	X	164	165	12	1
431	C	X	165	166	12	1
432	T	X	166	167	12	1
433	F	X	167	168	12	1
434	E	X	168	169	12	1
435	Y	X	169	170	12	1
436	V	X	170	171	12	1
437	S	X	171	172	12	1
438	Q	X	172	173	12	1
439	P	X	173	174	12	1
440	F	X	174	175	12	1
441	L	X	175	176	12	1
442	M	X	176	177	12	1
443	D	X	177	178	12	1
444	L	X	178	179	12	1
445	E	X	179	180	12	1
446	G	X	180	181	12	1
447	K	X	181	182	12	1
448	Q	X	182	183	12	1
449	G	X	183	184	12	1
450	N	X	184	185	12	1
451	F	X	185	186	12	1
452	K	X	186	187	12	1
453	N	X	187	188	12	1
454	L	X	188	189	12	1
455	R	X	189	190	12	1
456	E	X	190	191	12	1
457	F	X	191	192	12	1
458	V	X	192	193	12	1
459	F	X	193	194	12	1
460	K	X	194	195	12	1
461	N	X	195	196	12	1
462	I	X	196	197	12	1
463	D	X	197	198	12	1
464	G	X	198	199	12	1
465	Y	X	199	200	12	1
466	F	X	200	201	12	1
467	K	X	201	202	12	1
468	I	X	202	203	12	1
469	Y	X	203	204	12	1
470	S	X	204	205	12	1
471	K	X	205	206	12	1
472	H	X	206	207	12	1
473	T	X	207	208	12	1
474	P	X	208	209	12	1
475	I	X	209	210	12	1
476	N	X	210	211	12	1
477	L	X	211	212	12	1
478	V	X	212	213	12	1
479	R	X	213	214	12	1
480	D	X	214	215	12	1
481	L	X	215	216	12	1
482	P	X	216	217	12	1
483	Q	X	217	218	12	1
484	G	X	218	219	12	1
485	F	X	219	220	12	1
486	S	X	220	221	12	1
487	A	X	221	222	12	1
488	L	X	222	223	12	1
489	E	X	223	224	12	1
490	P	X	224	225	12	1
491	L	X	225	226	12	1
492	V	X	226	227	12	1
493	D	X	227	228	12	1
494	L	X	228	229	12	1
495	P	X	229	230	12	1
496	I	X	230	231	12	1
497	G	X	231	232	12	1
498	I	X	232	233	12	1
499	N	X	233	234	12	1
500	I	X	234	235	12	1
501	T	X	235	236	12	1
502	R	X	236	237	12	1
503	F	X	237	238	12	1
504	Q	X	238	239	12	1
505	T	X	239	240	12	1
506	L	X	240	241	12	1
507	L	X	241	242	12	1
508	A	X	242	243	12	1
509	R	K	345	346	12	1
510	R	X	354	355	12	1
511	K	X	355	356	12	1
512	R	X	356	357	12	1
513	I	X	357	358	12	1
514	S	X	358	359	12	1
515	N	X	359	360	12	1
516	C	X	360	361	12	1
517	V	X	361	362	12	1
518	A	X	362	363	12	1
519	D	X	363	364	12	1
520	Y	X	364	365	12	1
521	S	X	365	366	12	1
522	V	X	366	367	12	1
523	L	X	367	368	12	1
524	Y	X	368	369	12	1
525	N	X	369	370	12	1
526	S	X	370	371	12	1
527	A	X	371	372	12	1
528	S	X	372	373	12	1
529	F	X	373	374	12	1
530	S	X	374	375	12	1
531	T	X	375	376	12	1
532	F	X	376	377	12	1
533	K	X	377	378	12	1
534	C	X	378	379	12	1
535	Y	X	379	380	12	1
536	G	X	380	381	12	1
537	V	X	381	382	12	1
538	S	X	382	383	12	1
539	P	X	383	384	12	1
540	T	X	384	385	12	1
541	K	X	385	386	12	1
542	L	X	386	387	12	1
543	N	X	387	388	12	1
544	D	X	388	389	12	1
545	L	X	389	390	12	1
546	C	X	390	391	12	1
547	F	X	391	392	12	1
548	T	X	392	393	12	1
549	N	X	393	394	12	1
550	V	X	394	395	12	1
551	Y	X	395	396	12	1
552	A	X	396	397	12	1
553	D	X	397	398	12	1
554	S	X	398	399	12	1
555	F	X	399	400	12	1
556	V	X	400	401	12	1
557	I	X	401	402	12	1
558	R	X	402	403	12	1
559	G	X	403	404	12	1
560	D	X	404	405	12	1
561	E	X	405	406	12	1
562	V	X	406	407	12	1
563	R	X	407	408	12	1
564	Q	X	408	409	12	1
565	I	X	409	410	12	1
566	A	X	410	411	12	1
567	P	X	411	412	12	1
568	G	X	412	413	12	1
569	Q	X	413	414	12	1
570	T	X	414	415	12	1
571	G	X	415	416	12	1
572	K	X	416	417	12	1
573	I	X	417	418	12	1
574	A	X	418	419	12	1
575	D	X	419	420	12	1
576	I	X	433	434	12	1
577	A	X	434	435	12	1
578	W	X	435	436	12	1
579	N	X	436	437	12	1
580	S	X	437	438	12	1
581	N	X	438	439	12	1
582	N	X	439	440	12	1
583	L	X	440	441	12	1
584	D	X	441	442	12	1
585	S	X	442	443	12	1
586	K	X	443	444	12	1
587	V	X	444	445	12	1
588	G	X	445	446	12	1
589	G	X	446	447	12	1
590	N	X	447	448	12	1
591	Y	X	448	449	12	1
592	N	X	449	450	12	1
593	Y	X	450	451	12	1
594	L	X	451	452	12	1
595	Y	X	452	453	12	1
596	R	X	453	454	12	1
597	L	X	454	455	12	1
598	F	X	455	456	12	1
599	R	X	456	457	12	1
600	K	X	457	458	12	1
601	S	X	458	459	12	1
602	N	X	459	460	12	1
603	L	X	460	461	12	1
604	K	X	461	462	12	1
605	P	X	462	463	12	1
606	F	X	463	464	12	1
607	E	X	464	465	12	1
608	R	X	465	466	12	1
609	D	X	466	467	12	1
610	I	X	467	468	12	1
611	S	X	468	469	12	1
612	T	X	469	470	12	1
613	E	X	470	471	12	1
614	I	X	471	472	12	1
615	Y	X	472	473	12	1
616	Q	X	473	474	12	1
617	A	X	474	475	12	1
618	G	X	475	476	12	1
619	S	X	476	477	12	1
620	T	X	477	478	12	1
621	P	X	478	479	12	1
622	C	X	479	480	12	1
623	N	X	480	481	12	1
624	G	X	481	482	12	1
625	V	X	482	483	12	1
626	E	X	483	484	12	1
627	G	X	484	485	12	1
628	F	X	485	486	12	1
629	N	X	486	487	12	1
630	C	X	487	488	12	1
631	Y	X	488	489	12	1
632	F	X	489	490	12	1
633	P	X	490	491	12	1
634	L	X	491	492	12	1
635	Q	X	492	493	12	1
636	S	X	493	494	12	1
637	Y	X	494	495	12	1
638	G	X	495	496	12	1
639	F	X	496	497	12	1
640	Q	X	497	498	12	1
641	P	X	498	499	12	1
642	T	X	499	500	12	1
643	N	X	500	501	12	1
644	G	X	501	502	12	1
645	V	X	502	503	12	1
646	G	X	503	504	12	1
647	Y	X	504	505	12	1
648	Q	X	505	506	12	1
649	P	X	506	507	12	1
650	Y	X	507	508	12	1
651	R	X	508	509	12	1
652	V	X	509	510	12	1
653	V	X	510	511	12	1
654	V	X	511	512	12	1
655	L	X	512	513	12	1
656	S	X	513	514	12	1
657	F	X	514	515	12	1
658	E	X	515	516	12	1
659	L	X	516	517	12	1
660	L	X	517	518	12	1
661	H	X	518	519	12	1
662	A	X	519	520	12	1
663	P	X	520	521	12	1
664	A	X	521	522	12	1
665	T	X	522	523	12	1
666	V	X	523	524	12	1
667	T	K	546	547	12	1
668	N	K	855	856	12	1
669	L	F	980	981	12	1
670	I	X	1171	1172	12	1
671	N	X	1172	1173	12	1
672	A	X	1173	1174	12	1
673	S	X	1174	1175	12	1
674	V	X	1175	1176	12	1
675	V	X	1176	1177	12	1
676	N	X	1177	1178	12	1
677	I	X	1178	1179	12	1
678	Q	X	1179	1180	12	1
679	K	X	1180	1181	12	1
680	E	X	1181	1182	12	1
681	I	X	1182	1183	12	1
682	D	X	1183	1184	12	1
683	R	X	1184	1185	12	1
684	L	X	1185	1186	12	1
685	N	X	1186	1187	12	1
686	E	X	1187	1188	12	1
687	V	X	1188	1189	12	1
688	A	X	1189	1190	12	1
689	K	X	1190	1191	12	1
690	N	X	1191	1192	12	1
691	L	X	1192	1193	12	1
692	N	X	1193	1194	12	1
693	E	X	1194	1195	12	1
694	S	X	1195	1196	12	1
695	L	X	1196	1197	12	1
696	I	X	1197	1198	12	1
697	D	X	1198	1199	12	1
698	L	X	1199	1200	12	1
699	Q	X	1200	1201	12	1
700	E	X	1201	1202	12	1
701	L	X	1202	1203	12	1
702	G	X	1203	1204	12	1
703	K	X	1204	1205	12	1
704	Y	X	1205	1206	12	1
705	E	X	1206	1207	12	1
706	Q	X	1207	1208	12	1
707	Y	X	1208	1209	12	1
708	I	X	1209	1210	12	1
709	K	X	1210	1211	12	1
710	W	X	1211	1212	12	1
711	P	X	1212	1213	12	1
712	W	X	1213	1214	12	1
713	Y	X	1214	1215	12	1
714	I	X	1215	1216	12	1
715	W	X	1216	1217	12	1
716	L	X	1217	1218	12	1
717	G	X	1218	1219	12	1
718	F	X	1219	1220	12	1
719	I	X	1220	1221	12	1
720	A	X	1221	1222	12	1
721	G	X	1222	1223	12	1
722	L	X	1223	1224	12	1
723	I	X	1224	1225	12	1
724	A	X	1225	1226	12	1
725	I	X	1226	1227	12	1
726	V	X	1227	1228	12	1
727	M	X	1228	1229	12	1
728	V	X	1229	1230	12	1
729	T	X	1230	1231	12	1
730	I	X	1231	1232	12	1
731	M	X	1232	1233	12	1
732	L	X	1233	1234	12	1
733	C	X	1234	1235	12	1
734	C	X	1235	1236	12	1
735	M	X	1236	1237	12	1
736	T	X	1237	1238	12	1
737	S	X	1238	1239	12	1
738	C	X	1239	1240	12	1
739	C	X	1240	1241	12	1
740	S	X	1241	1242	12	1
741	C	X	1242	1243	12	1
742	L	X	1243	1244	12	1
743	LS		3673	3675	4	1
744	H		68	69	12	1
745	VY		142	144	12	1
746	D	N	2	3	2	1
747	R	X	145	146	2	1
748	G	X	146	147	2	1
749	H	X	147	148	2	1
750	L	X	148	149	2	1
751	R	X	149	150	2	1
752	I	X	150	151	2	1
753	A	X	151	152	2	1
754	G	X	152	153	2	1
755	H	X	153	154	2	1
756	H	X	154	155	2	1
757	L	X	155	156	2	1
758	G	X	156	157	2	1
759	R	X	157	158	2	1
760	C	X	158	159	2	1
761	D	X	159	160	2	1
762	I	X	160	161	2	1
763	K	X	161	162	2	1
764	D	X	162	163	2	1
765	L	X	163	164	2	1
766	P	X	164	165	2	1
767	K	X	165	166	2	1
768	E	X	166	167	2	1
769	I	X	167	168	2	1
770	T	X	168	169	2	1
771	V	X	169	170	2	1
772	A	X	170	171	2	1
773	T	X	171	172	2	1
774	S	X	172	173	2	1
775	R	X	173	174	2	1
776	T	X	174	175	2	1
777	L	X	175	176	2	1
778	S	X	176	177	2	1
779	Y	X	177	178	2	1
780	Y	X	178	179	2	1
781	K	X	179	180	2	1
782	L	X	180	181	2	1
783	G	X	181	182	2	1
784	A	X	182	183	2	1
785	S	X	183	184	2	1
786	Q	X	184	185	2	1
787	R	X	185	186	2	1
788	V	X	186	187	2	1
789	A	X	187	188	2	1
790	G	X	188	189	2	1
791	D	X	189	190	2	1
792	S	X	190	191	2	1
793	G	X	191	192	2	1
794	F	X	192	193	2	1
795	A	X	193	194	2	1
796	A	X	194	195	2	1
797	Y	X	195	196	2	1
798	S	X	196	197	2	1
799	R	X	197	198	2	1
800	Y	X	198	199	2	1
801	R	X	199	200	2	1
802	I	X	200	201	2	1
803	G	X	201	202	2	1
804	N	X	202	203	2	1
805	Y	X	203	204	2	1
806	K	X	204	205	2	1
807	L	X	205	206	2	1
808	N	X	206	207	2	1
809	T	X	207	208	2	1
810	D	X	208	209	2	1
811	H	X	209	210	2	1
812	S	X	210	211	2	1
813	S	X	211	212	2	1
814	S	X	212	213	2	1
815	S	X	213	214	2	1
816	D	X	214	215	2	1
817	N	X	215	216	2	1
818	T	X	2001	2002	4	1
819	Y	X	2002	2003	4	1
820	K	X	2003	2004	4	1
821	P	X	2004	2005	4	1
822	N	X	2005	2006	4	1
823	T	X	2006	2007	4	1
824	W	X	2007	2008	4	1
825	C	X	2008	2009	4	1
826	I	X	2009	2010	4	1
827	R	X	2010	2011	4	1
828	C	X	2011	2012	4	1
829	L	X	2012	2013	4	1
830	W	X	2013	2014	4	1
831	S	X	2014	2015	4	1
832	T	X	2015	2016	4	1
833	K	X	2016	2017	4	1
834	P	X	2017	2018	4	1
835	V	X	2018	2019	4	1
836	E	X	2019	2020	4	1
837	T	X	2020	2021	4	1
838	S	X	2021	2022	4	1
839	N	X	2022	2023	4	1
840	S	X	2023	2024	4	1
841	F	X	2024	2025	4	1
842	D	X	2025	2026	4	1
843	V	X	2026	2027	4	1
844	L	X	2027	2028	4	1
845	K	X	2028	2029	4	1
846	S	X	2029	2030	4	1
847	E	X	2030	2031	4	1
848	D	X	2031	2032	4	1
849	A	X	2032	2033	4	1
850	Q	X	2033	2034	4	1
851	G	X	2034	2035	4	1
852	M	X	2035	2036	4	1
853	D	X	2036	2037	4	1
854	N	X	2037	2038	4	1
855	L	X	2038	2039	4	1
856	A	X	2039	2040	4	1
857	C	X	2040	2041	4	1
858	E	X	2041	2042	4	1
859	D	X	2042	2043	4	1
860	L	X	2043	2044	4	1
861	K	X	2044	2045	4	1
862	P	X	2045	2046	4	1
863	V	A	2046	2047	4	1
864	I	F	3145	3146	4	1
865	R	X	641	642	5	1
866	L	X	663	664	5	1
867	Y	X	664	665	5	1
868	V	X	665	666	5	1
869	K	X	666	667	5	1
870	T	X	670	671	5	1
871	S	X	671	672	5	1
872	S	X	672	673	5	1
873	G	X	673	674	5	1
874	D	X	674	675	5	1
875	A	X	675	676	5	1
876	T	X	676	677	5	1
877	T	X	677	678	5	1
878	A	X	678	679	5	1
879	Y	X	679	680	5	1
880	A	X	680	681	5	1
881	F	Y	684	685	5	1
882	T	N	1049	1050	5	1
883	M	V	1498	1499	5	1
884	D	G	15	16	11	1
885	R	T	345	346	12	1
886	F	V	485	486	12	1
887	MESLVPGFNEKTHVQLSLPVL		0	21	4	1
888	P	X	12	13	3	1
889	R	X	13	14	3	1
890	I	X	14	15	3	1
891	T	X	15	16	3	1
892	F	X	16	17	3	1
893	G	X	17	18	3	1
894	G	X	18	19	3	1
895	P	X	19	20	3	1
896	S	X	20	21	3	1
897	D	X	21	22	3	1
898	S	X	22	23	3	1
899	T	X	23	24	3	1
900	G	X	24	25	3	1
901	S	X	25	26	3	1
902	N	X	26	27	3	1
903	Q	X	27	28	3	1
904	N	X	28	29	3	1
905	G	X	29	30	3	1
906	E	X	30	31	3	1
907	R	X	31	32	3	1
908	S	X	32	33	3	1
909	G	X	33	34	3	1
910	A	X	34	35	3	1
911	R	X	35	36	3	1
912	S	X	36	37	3	1
913	K	X	37	38	3	1
914	Q	X	38	39	3	1
915	R	X	39	40	3	1
916	A	V	2528	2529	4	1
917	Q	X	2566	2567	4	1
918	F	X	3121	3122	4	1
919	A	V	3644	3645	4	1
920	V	X	1707	1708	5	1
921	W	X	1709	1710	5	1
922	F	X	1713	1714	5	1
923	V	X	1722	1723	5	1
924	F	X	2352	2353	5	1
925	I	F	19	20	6	1
926	V	X	28	29	8	1
927	L	X	29	30	8	1
928	L	X	30	31	8	1
929	K	X	31	32	8	1
930	E	X	32	33	8	1
931	P	X	33	34	8	1
932	C	X	34	35	8	1
933	S	X	35	36	8	1
934	S	X	36	37	8	1
935	G	X	37	38	8	1
936	T	X	38	39	8	1
937	Y	X	39	40	8	1
938	E	X	40	41	8	1
939	G	X	41	42	8	1
940	N	X	42	43	8	1
941	S	X	43	44	8	1
942	P	X	44	45	8	1
943	Q	X	75	76	8	1
944	L	X	76	77	8	1
945	R	X	77	78	8	1
946	A	X	78	79	8	1
947	R	X	79	80	8	1
948	S	X	80	81	8	1
949	V	X	81	82	8	1
950	S	X	82	83	8	1
951	P	X	83	84	8	1
952	K	X	84	85	8	1
953	L	X	85	86	8	1
954	F	X	86	87	8	1
955	I	X	87	88	8	1
956	R	X	88	89	8	1
957	Q	X	89	90	8	1
958	E	X	90	91	8	1
959	E	X	91	92	8	1
960	V	X	92	93	8	1
961	Q	X	93	94	8	1
962	E	X	94	95	8	1
963	L	X	95	96	8	1
964	Y	X	96	97	8	1
965	S	X	97	98	8	1
966	P	X	98	99	8	1
967	I	X	99	100	8	1
968	F	X	100	101	8	1
969	L	X	101	102	8	1
970	I	X	102	103	8	1
971	V	X	103	104	8	1
972	A	X	104	105	8	1
973	A	X	105	106	8	1
974	I	X	106	107	8	1
975	V	X	107	108	8	1
976	F	X	108	109	8	1
977	I	X	109	110	8	1
978	T	X	110	111	8	1
979	L	X	111	112	8	1
980	C	X	112	113	8	1
981	F	X	113	114	8	1
982	T	X	114	115	8	1
983	L	X	115	116	8	1
984	K	X	116	117	8	1
985	R	X	117	118	8	1
986	K	X	118	119	8	1
987	T	X	119	120	8	1
988	E	X	120	121	8	1
989	V	X	20	21	9	1
990	L	X	21	22	9	1
991	I	X	22	23	9	1
992	L	X	83	84	10	1
993	E	X	91	92	10	1
994	S	X	96	97	10	1
995	L	X	97	98	10	1
996	V	X	98	99	10	1
997	V	X	99	100	10	1
998	R	X	100	101	10	1
999	C	X	101	102	10	1
1000	S	X	102	103	10	1
1001	F	X	103	104	10	1
1002	Y	X	104	105	10	1
1003	E	X	105	106	10	1
1004	D	X	106	107	10	1
1005	F	X	107	108	10	1
1006	L	X	108	109	10	1
1007	E	X	109	110	10	1
1008	Y	X	110	111	10	1
1009	H	X	111	112	10	1
1010	D	X	112	113	10	1
1011	V	X	113	114	10	1
1012	R	X	114	115	10	1
1013	V	X	115	116	10	1
1014	V	X	116	117	10	1
1015	L	X	117	118	10	1
1016	D	X	118	119	10	1
1017	F	X	119	120	10	1
1018	I	X	120	121	10	1
1019	*	X	121	122	10	1
1020	H	X	8	9	11	1
1021	P	X	9	10	11	1
1022	A	X	10	11	11	1
1023	L	X	11	12	11	1
1024	R	X	12	13	11	1
1025	L	X	13	14	11	1
1026	V	X	14	15	11	1
1027	D	X	15	16	11	1
1028	P	X	16	17	11	1
1029	Q	X	17	18	11	1
1030	I	X	18	19	11	1
1031	Q	X	19	20	11	1
1032	L	X	20	21	11	1
1033	A	X	21	22	11	1
1034	V	X	22	23	11	1
1035	T	X	23	24	11	1
1036	R	X	24	25	11	1
1037	M	X	25	26	11	1
1038	E	X	26	27	11	1
1039	N	X	27	28	11	1
1040	A	X	28	29	11	1
1041	V	X	29	30	11	1
1042	G	X	30	31	11	1
1043	R	X	31	32	11	1
1044	D	X	32	33	11	1
1045	Q	X	33	34	11	1
1046	N	X	34	35	11	1
1047	N	X	35	36	11	1
1048	V	I	1093	1094	12	1
1049	S	X	135	136	2	1
1050	E	X	136	137	2	1
1051	L	X	137	138	2	1
1052	V	X	138	139	2	1
1053	I	X	139	140	2	1
1054	G	X	140	141	2	1
1055	A	X	141	142	2	1
1056	V	X	142	143	2	1
1057	I	X	143	144	2	1
1058	L	X	144	145	2	1
1059	Q	H	1581	1582	4	1
1060	D	X	2572	2573	4	1
1061	Q	X	2573	2574	4	1
1062	A	X	2574	2575	4	1
1063	L	X	2575	2576	4	1
1064	V	X	2576	2577	4	1
1065	S	X	2577	2578	4	1
1066	D	X	2578	2579	4	1
1067	V	X	2579	2580	4	1
1068	G	X	2580	2581	4	1
1069	D	X	2581	2582	4	1
1070	S	X	2582	2583	4	1
1071	A	X	2583	2584	4	1
1072	E	X	2584	2585	4	1
1073	V	X	2585	2586	4	1
1074	A	X	2586	2587	4	1
1075	V	X	2587	2588	4	1
1076	K	X	2588	2589	4	1
1077	M	X	2589	2590	4	1
1078	F	X	2590	2591	4	1
1079	D	X	2591	2592	4	1
1080	A	X	2592	2593	4	1
1081	Y	X	2593	2594	4	1
1082	V	X	2594	2595	4	1
1083	N	X	2595	2596	4	1
1084	T	X	2596	2597	4	1
1085	F	X	2597	2598	4	1
1086	S	X	2598	2599	4	1
1087	S	X	2599	2600	4	1
1088	T	X	2600	2601	4	1
1089	F	X	2601	2602	4	1
1090	N	X	2602	2603	4	1
1091	V	X	2603	2604	4	1
1092	P	X	2604	2605	4	1
1093	M	X	2605	2606	4	1
1094	E	X	2606	2607	4	1
1095	K	X	2607	2608	4	1
1096	L	X	2608	2609	4	1
1097	K	X	2609	2610	4	1
1098	T	X	2610	2611	4	1
1099	L	X	2611	2612	4	1
1100	V	X	2612	2613	4	1
1101	A	X	2613	2614	4	1
1102	T	X	2614	2615	4	1
1103	A	X	2615	2616	4	1
1104	E	X	2616	2617	4	1
1105	A	X	2617	2618	4	1
1106	E	X	2618	2619	4	1
1107	L	X	2619	2620	4	1
1108	A	X	2620	2621	4	1
1109	K	X	2621	2622	4	1
1110	N	X	2622	2623	4	1
1111	V	X	2623	2624	4	1
1112	S	X	2624	2625	4	1
1113	L	X	2625	2626	4	1
1114	D	X	2626	2627	4	1
1115	N	X	2627	2628	4	1
1116	V	X	2628	2629	4	1
1117	L	X	2629	2630	4	1
1118	S	X	2630	2631	4	1
1119	T	X	2631	2632	4	1
1120	F	X	2632	2633	4	1
1121	I	X	2633	2634	4	1
1122	S	X	2634	2635	4	1
1123	A	X	2635	2636	4	1
1124	A	X	2636	2637	4	1
1125	R	X	2637	2638	4	1
1126	Q	X	2638	2639	4	1
1127	G	X	2639	2640	4	1
1128	F	X	2640	2641	4	1
1129	V	X	2641	2642	4	1
1130	D	X	2642	2643	4	1
1131	S	X	2643	2644	4	1
1132	D	X	2644	2645	4	1
1133	V	X	2645	2646	4	1
1134	E	X	2646	2647	4	1
1135	T	X	2647	2648	4	1
1136	K	X	2648	2649	4	1
1137	D	X	2649	2650	4	1
1138	V	X	2650	2651	4	1
1139	V	X	2651	2652	4	1
1140	E	X	2652	2653	4	1
1141	C	X	2653	2654	4	1
1142	L	X	2654	2655	4	1
1143	K	X	2655	2656	4	1
1144	L	X	2656	2657	4	1
1145	S	X	2657	2658	4	1
1146	H	X	2658	2659	4	1
1147	Q	X	2659	2660	4	1
1148	S	X	2660	2661	4	1
1149	D	X	2661	2662	4	1
1150	T	I	3283	3284	4	1
1151	L	X	110	111	6	1
1152	V	X	111	112	6	1
1153	Y	X	112	113	6	1
1154	F	X	113	114	6	1
1155	L	X	114	115	6	1
1156	Q	X	115	116	6	1
1157	S	X	116	117	6	1
1158	I	X	117	118	6	1
1159	N	X	118	119	6	1
1160	F	X	119	120	6	1
1161	V	X	120	121	6	1
1162	R	X	121	122	6	1
1163	I	X	122	123	6	1
1164	I	X	123	124	6	1
1165	M	X	124	125	6	1
1166	R	X	125	126	6	1
1167	L	X	126	127	6	1
1168	W	X	127	128	6	1
1169	L	X	128	129	6	1
1170	C	X	129	130	6	1
1171	W	X	130	131	6	1
1172	K	X	131	132	6	1
1173	C	X	132	133	6	1
1174	R	X	133	134	6	1
1175	S	X	134	135	6	1
1176	K	X	135	136	6	1
1177	N	X	136	137	6	1
1178	P	X	137	138	6	1
1179	L	X	138	139	6	1
1180	L	X	139	140	6	1
1181	Y	X	140	141	6	1
1182	D	X	141	142	6	1
1183	A	X	142	143	6	1
1184	N	X	143	144	6	1
1185	Y	X	144	145	6	1
1186	F	X	145	146	6	1
1187	L	X	146	147	6	1
1188	C	X	147	148	6	1
1189	W	X	148	149	6	1
1190	H	X	149	150	6	1
1191	T	X	150	151	6	1
1192	N	X	151	152	6	1
1193	C	X	152	153	6	1
1194	Y	X	153	154	6	1
1195	D	X	154	155	6	1
1196	Y	X	155	156	6	1
1197	C	X	156	157	6	1
1198	I	X	157	158	6	1
1199	P	X	158	159	6	1
1200	Y	X	159	160	6	1
1201	N	X	160	161	6	1
1202	S	X	161	162	6	1
1203	V	X	162	163	6	1
1204	T	X	163	164	6	1
1205	S	X	164	165	6	1
1206	S	X	165	166	6	1
1207	I	X	166	167	6	1
1208	V	X	167	168	6	1
1209	I	X	168	169	6	1
1210	T	X	169	170	6	1
1211	S	X	170	171	6	1
1212	G	X	171	172	6	1
1213	D	X	172	173	6	1
1214	G	X	173	174	6	1
1215	T	X	174	175	6	1
1216	T	X	175	176	6	1
1217	S	X	176	177	6	1
1218	P	X	177	178	6	1
1219	I	X	178	179	6	1
1220	S	X	179	180	6	1
1221	E	X	180	181	6	1
1222	H	X	181	182	6	1
1223	D	X	182	183	6	1
1224	Y	X	183	184	6	1
1225	Q	X	184	185	6	1
1226	I	X	185	186	6	1
1227	G	X	186	187	6	1
1228	G	X	187	188	6	1
1229	Y	X	188	189	6	1
1230	T	X	189	190	6	1
1231	E	X	190	191	6	1
1232	W	X	192	193	6	1
1233	E	X	193	194	6	1
1234	S	X	194	195	6	1
1235	D	X	198	199	6	1
1236	C	X	199	200	6	1
1237	V	X	200	201	6	1
1238	R	REPE	213	214	12	1
1239	F	X	305	306	12	1
1240	T	X	306	307	12	1
1241	V	X	307	308	12	1
1242	E	X	308	309	12	1
1243	K	X	309	310	12	1
1244	G	X	310	311	12	1
1245	I	X	311	312	12	1
1246	Y	X	312	313	12	1
1247	Q	X	313	314	12	1
1248	T	X	314	315	12	1
1249	S	X	315	316	12	1
1250	N	X	316	317	12	1
1251	F	X	317	318	12	1
1252	R	X	318	319	12	1
1253	V	X	319	320	12	1
1254	Q	X	320	321	12	1
1255	P	X	321	322	12	1
1256	T	X	322	323	12	1
1257	E	X	323	324	12	1
1258	S	X	324	325	12	1
1259	I	X	325	326	12	1
1260	V	X	326	327	12	1
1261	R	X	327	328	12	1
1262	F	X	328	329	12	1
1263	P	X	329	330	12	1
1264	N	X	330	331	12	1
1265	I	X	331	332	12	1
1266	T	X	332	333	12	1
1267	N	X	333	334	12	1
1268	L	X	334	335	12	1
1269	C	X	335	336	12	1
1270	P	X	336	337	12	1
1271	F	X	337	338	12	1
1272	G	X	338	339	12	1
1273	E	X	339	340	12	1
1274	V	X	340	341	12	1
1275	F	X	341	342	12	1
1276	N	X	342	343	12	1
1277	A	X	343	344	12	1
1278	T	X	344	345	12	1
1279	R	X	345	346	12	1
1280	F	X	346	347	12	1
1281	A	X	347	348	12	1
1282	S	X	348	349	12	1
1283	V	X	349	350	12	1
1284	Y	X	350	351	12	1
1285	A	X	351	352	12	1
1286	W	X	352	353	12	1
1287	N	X	353	354	12	1
1288	G	S	445	446	12	1
1289	G	S	495	496	12	1
1290	S	X	749	750	12	1
1291	N	X	750	751	12	1
1292	L	X	751	752	12	1
1293	L	X	752	753	12	1
1294	T	X	760	761	12	1
1295	D	B	2	3	2	1
1296	E	X	135	136	3	1
1297	Q	K	555	556	4	1
1298	L	I	980	981	12	1
1299	K	E	1065	1066	4	1
1300	V	I	1886	1887	4	1
1301	F	L	642	643	12	1
1302	A	V	700	701	12	1
1303	Q	X	18	19	2	1
1304	R	X	292	293	3	1
1305	G	X	294	295	3	1
1306	D	X	296	297	3	1
1307	W	X	300	301	3	1
1308	A	X	304	305	3	1
1309	Q	X	388	389	3	1
1310	S	X	412	413	3	1
1311	A	X	41	42	4	1
1312	D	X	47	48	4	1
1313	G	X	48	49	4	1
1314	T	X	49	50	4	1
1315	C	X	50	51	4	1
1316	G	X	51	52	4	1
1317	V	X	53	54	4	1
1318	E	X	54	55	4	1
1319	S	X	134	135	4	1
1320	A	X	497	498	4	1
1321	Y	YTVEEAXXXXXXXXXXXXXXXXXXXXXXXXXXXXXXXXX	1336	1337	4	1
1322	A	V	1678	1679	4	1
1323	S	X	2103	2104	4	1
1324	K	X	2107	2108	4	1
1325	R	X	2729	2730	4	1
1326	T	X	3089	3090	4	1
1327	F	X	3752	3753	4	1
1328	I	X	3757	3758	4	1
1329	M	X	4031	4032	4	1
1330	A	X	480	481	5	1
1331	V	X	483	484	5	1
1332	N	X	524	525	5	1
1333	V	X	525	526	5	1
1334	I	X	526	527	5	1
1335	T	X	546	547	5	1
1336	R	X	1314	1315	5	1
1337	I	X	1565	1566	5	1
1338	D	X	1745	1746	5	1
1339	A	X	1748	1749	5	1
1340	D	X	1902	1903	5	1
1341	V	X	2074	2075	5	1
1342	V	X	2081	2082	5	1
1343	T	X	2162	2163	5	1
1344	L	LNGVTLIGEXVKXXXXXXXXXXXXXXXXXXXXXXXXXXXXXXXXX	2212	2213	5	1
1345	D	X	2360	2361	5	1
1346	V	X	2363	2364	5	1
1347	V	X	2364	2365	5	1
1348	K	X	2366	2367	5	1
1349	V	X	2367	2368	5	1
1350	V	X	2368	2369	5	1
1351	V	X	2370	2371	5	1
1352	D	X	2373	2374	5	1
1353	E	X	2376	2377	5	1
1354	D	X	2529	2530	5	1
1355	M	X	0	1	6	1
1356	D	X	1	2	6	1
1357	L	X	2	3	6	1
1358	M	X	4	5	6	1
1359	R	X	5	6	6	1
1360	T	X	222	223	6	1
1361	T	X	123	124	12	1
1362	N	X	124	125	12	1
1363	V	X	125	126	12	1
1364	V	X	126	127	12	1
1365	I	X	127	128	12	1
1366	K	X	128	129	12	1
1367	V	X	129	130	12	1
1368	C	X	130	131	12	1
1369	E	X	131	132	12	1
1370	F	X	132	133	12	1
1371	Q	X	133	134	12	1
1372	F	X	134	135	12	1
1373	C	X	135	136	12	1
1374	N	X	136	137	12	1
1375	D	X	137	138	12	1
1376	P	X	138	139	12	1
1377	F	X	139	140	12	1
1378	L	X	140	141	12	1
1379	G	X	141	142	12	1
1380	V	X	142	143	12	1
1381	Y	X	143	144	12	1
1382	Y	X	144	145	12	1
1383	H	X	145	146	12	1
1384	K	X	146	147	12	1
1385	N	X	147	148	12	1
1386	N	X	148	149	12	1
1387	K	X	149	150	12	1
1388	S	X	150	151	12	1
1389	W	X	151	152	12	1
1390	M	X	152	153	12	1
1391	F	Y	455	456	12	1
1392	Q	L	492	493	12	1
1393	N	X	678	679	12	1
1394	P	X	680	681	12	1
1395	Q	X	953	954	12	1
1396	L	X	1003	1004	12	1
1397	Q	X	1004	1005	12	1
1398	D	X	1145	1146	12	1
1399	LAHIQWM		3122	3129	4	1
1400	DALFAYTKR		515	524	5	1
1401	ICGFIQQKLALGGSVAIKITEHSWNADLYKLMGHFAWWTAFVTNVNASSSEAFLIGCNYLGKPREQIDGYVMHANYIFWRNTNPIQLSSYSLFDMSKFPLKLRGTAVMSLKEGQINDMILSLLSKGRLIIRENNRVVISSDVLVNN*		2549	2696	5	1
1402	MFVFLVLLPLVSSQCVNLTTRTQLPPAYTNSFTRGVYYPDKVFRSSVLHSTQDLFLPFFSNVTWFHAIHVSGTNGTKRFDNPVLPFNDGVYFASTEKSNIIRGWIFGTTLDSKTQSLLIVNN		0	122	12	1
1403	L	X	44	45	3	1
1404	P	X	45	46	3	1
1405	N	X	46	47	3	1
1406	N	X	47	48	3	1
1407	T	X	48	49	3	1
1408	A	X	49	50	3	1
1409	S	X	50	51	3	1
1410	W	X	51	52	3	1
1411	F	X	52	53	3	1
1412	T	X	53	54	3	1
1413	A	X	54	55	3	1
1414	L	X	55	56	3	1
1415	T	X	56	57	3	1
1416	Q	X	57	58	3	1
1417	H	X	58	59	3	1
1418	G	X	59	60	3	1
1419	K	X	60	61	3	1
1420	E	X	61	62	3	1
1421	D	X	62	63	3	1
1422	L	X	63	64	3	1
1423	K	X	64	65	3	1
1424	F	X	65	66	3	1
1425	P	X	66	67	3	1
1426	R	X	67	68	3	1
1427	G	X	68	69	3	1
1428	A	X	133	134	3	1
1429	S	X	2082	2083	4	1
1430	L	X	2083	2084	4	1
1431	S	X	3674	3675	4	1
1432	G	X	3675	3676	4	1
1433	G	X	2200	2201	5	1
1434	S	X	2687	2688	5	1
1435	S	X	2688	2689	5	1
1436	D	X	2689	2690	5	1
1437	V	X	2692	2693	5	1
1438	N	X	2693	2694	5	1
1439	N	X	2694	2695	5	1
1440	V	X	40	41	11	1
1441	Y	X	41	42	11	1
1442	P	X	42	43	11	1
1443	I	X	43	44	11	1
1444	I	X	44	45	11	1
1445	L	X	45	46	11	1
1446	R	X	46	47	11	1
1447	L	X	47	48	11	1
1448	G	X	48	49	11	1
1449	S	X	49	50	11	1
1450	P	X	50	51	11	1
1451	L	X	51	52	11	1
1452	S	X	52	53	11	1
1453	L	X	53	54	11	1
1454	N	X	54	55	11	1
1455	M	X	55	56	11	1
1456	A	X	56	57	11	1
1457	R	X	57	58	11	1
1458	K	X	58	59	11	1
1459	T	X	59	60	11	1
1460	L	X	60	61	11	1
1461	N	X	61	62	11	1
1462	S	X	62	63	11	1
1463	L	X	63	64	11	1
1464	E	X	64	65	11	1
1465	S	L	370	371	12	1
1466	H	X	654	655	12	1
1467	E		26	27	11	1
1468	V		142	143	12	1
1469	I	V	3730	3731	4	1
1470	N	X	763	764	12	1
\.


--
-- Data for Name: amino_acid_mutation_alignments; Type: TABLE DATA; Schema: public; Owner: -
--

COPY public.amino_acid_mutation_alignments (id, aminoacidmutation_id, alignment_id) FROM stdin;
1	1	1
2	2	1
3	3	1
4	4	1
5	5	1
6	6	1
7	7	1
8	8	1
9	9	1
10	10	1
11	11	1
12	12	1
13	13	1
14	14	1
15	15	1
16	16	1
17	17	1
18	18	1
19	19	1
20	20	1
21	21	1
22	22	1
23	23	1
24	24	1
25	25	1
26	26	1
27	27	1
28	28	1
29	29	1
30	30	1
31	31	1
32	32	1
33	33	1
34	34	1
35	35	1
36	36	1
37	37	1
38	38	1
39	39	1
40	40	1
41	41	1
42	42	1
43	43	1
44	44	1
45	45	1
46	46	1
47	47	1
48	48	1
49	49	1
50	50	1
51	51	1
52	52	1
53	53	1
54	54	1
55	55	1
56	56	1
57	57	1
58	58	1
59	59	1
60	60	1
61	61	1
62	62	1
63	63	1
64	64	1
65	65	1
66	66	1
67	67	1
68	68	1
69	69	1
70	70	1
71	71	1
72	72	1
73	73	1
74	74	1
75	75	1
76	76	1
77	77	1
78	78	1
79	79	1
80	80	1
81	81	1
82	82	1
83	83	1
84	84	1
85	85	1
86	86	1
87	87	1
88	88	1
89	89	1
90	90	1
91	91	1
92	92	1
93	93	1
94	94	1
95	95	1
96	96	1
97	97	1
98	98	1
99	99	1
100	100	1
101	101	1
102	102	1
103	103	1
104	104	1
105	105	1
106	106	1
107	107	1
108	108	1
109	109	1
110	110	1
111	111	1
112	112	1
113	113	1
114	114	1
115	115	1
116	116	1
117	117	1
118	118	1
119	119	1
120	120	1
121	121	1
122	122	1
123	123	1
124	124	1
125	125	1
126	126	1
127	127	1
128	128	1
129	129	1
130	130	1
131	131	1
132	132	1
133	133	1
134	134	1
135	135	1
136	136	1
137	137	1
138	138	1
139	139	1
140	140	1
141	141	1
142	142	1
143	143	1
144	144	1
145	145	1
146	146	1
147	147	1
148	148	1
149	149	1
150	150	1
151	151	1
152	152	1
153	153	1
154	154	1
155	155	1
156	156	1
157	157	1
158	158	1
159	159	1
160	160	1
161	161	1
162	162	1
163	163	1
164	164	1
165	165	1
166	166	1
167	167	1
168	168	1
169	169	1
170	170	1
171	171	1
172	172	1
173	173	1
174	174	1
175	175	1
176	176	1
177	177	1
178	178	1
179	179	1
180	180	1
181	181	1
182	182	1
183	183	1
184	184	1
185	185	1
186	186	1
187	187	1
188	188	1
189	189	1
190	190	1
191	191	1
192	192	1
193	193	1
194	194	1
195	195	1
196	196	1
197	197	1
198	198	1
199	199	1
200	200	1
201	201	1
202	202	1
203	203	1
204	204	1
205	205	1
206	206	1
207	207	1
208	208	1
209	209	1
210	210	1
211	211	1
212	212	1
213	213	1
214	214	1
215	215	1
216	216	1
217	217	1
218	218	1
219	219	1
220	220	1
221	221	1
222	222	1
223	223	1
224	224	1
225	225	1
226	226	1
227	227	1
228	228	1
229	229	1
230	230	1
231	231	1
232	232	1
233	233	1
234	234	1
235	235	1
236	236	1
237	237	1
238	1	2
239	2	2
240	3	2
241	4	2
242	5	2
243	6	2
244	238	2
245	7	2
246	239	2
247	8	2
248	9	2
249	10	2
250	11	2
251	12	2
252	13	2
253	14	2
254	93	2
255	110	2
256	240	2
257	111	2
258	112	2
259	113	2
260	241	2
261	115	2
262	116	2
263	206	2
264	207	2
265	242	2
266	208	2
267	209	2
268	210	2
269	211	2
270	212	2
271	213	2
272	214	2
273	215	2
274	216	2
275	217	2
276	219	2
277	220	2
278	221	2
279	222	2
280	223	2
281	224	2
282	225	2
283	226	2
284	227	2
285	228	2
286	229	2
287	230	2
288	231	2
289	232	2
290	233	2
291	234	2
292	235	2
293	236	2
294	237	2
295	243	3
296	244	3
297	245	3
298	246	3
299	247	3
300	248	3
301	249	3
302	250	3
303	251	3
304	252	3
305	253	3
306	254	3
307	14	3
308	255	3
309	256	3
310	110	3
311	257	3
312	258	3
313	259	3
314	260	3
315	261	3
316	262	3
317	263	3
318	264	3
319	265	3
320	266	3
321	267	3
322	268	3
323	220	3
324	226	3
325	269	3
326	270	3
327	271	3
328	272	3
329	1	4
330	273	4
331	2	4
332	3	4
333	4	4
334	5	4
335	6	4
336	274	4
337	275	4
338	276	4
339	277	4
340	278	4
341	279	4
342	280	4
343	281	4
344	282	4
345	283	4
346	284	4
347	285	4
348	286	4
349	287	4
350	288	4
351	289	4
352	290	4
353	291	4
354	292	4
355	293	4
356	294	4
357	295	4
358	296	4
359	297	4
360	298	4
361	299	4
362	300	4
363	301	4
364	302	4
365	303	4
366	304	4
367	305	4
368	306	4
369	14	4
370	93	4
371	307	4
372	110	4
373	308	4
374	112	4
375	309	4
376	310	4
377	311	4
378	312	4
379	313	4
380	314	4
381	315	4
382	316	4
383	317	4
384	318	4
385	319	4
386	320	4
387	321	4
388	322	4
389	323	4
390	324	4
391	325	4
392	326	4
393	327	4
394	328	4
395	329	4
396	330	4
397	331	4
398	332	4
399	333	4
400	334	4
401	335	4
402	336	4
403	337	4
404	338	4
405	339	4
406	340	4
407	341	4
408	342	4
409	343	4
410	344	4
411	345	4
412	346	4
413	347	4
414	348	4
415	349	4
416	350	4
417	351	4
418	352	4
419	353	4
420	354	4
421	355	4
422	356	4
423	357	4
424	358	4
425	359	4
426	360	4
427	361	4
428	362	4
429	363	4
430	364	4
431	365	4
432	366	4
433	367	4
434	368	4
435	369	4
436	370	4
437	371	4
438	372	4
439	373	4
440	374	4
441	375	4
442	376	4
443	377	4
444	378	4
445	379	4
446	380	4
447	381	4
448	382	4
449	383	4
450	384	4
451	385	4
452	386	4
453	387	4
454	388	4
455	389	4
456	390	4
457	391	4
458	392	4
459	393	4
460	394	4
461	395	4
462	396	4
463	397	4
464	398	4
465	399	4
466	400	4
467	401	4
468	402	4
469	403	4
470	404	4
471	405	4
472	406	4
473	407	4
474	408	4
475	409	4
476	410	4
477	411	4
478	412	4
479	413	4
480	414	4
481	415	4
482	416	4
483	117	4
484	118	4
485	119	4
486	120	4
487	121	4
488	122	4
489	123	4
490	124	4
491	125	4
492	126	4
493	127	4
494	128	4
495	129	4
496	130	4
497	131	4
498	132	4
499	133	4
500	134	4
501	135	4
502	136	4
503	137	4
504	138	4
505	139	4
506	140	4
507	141	4
508	142	4
509	143	4
510	144	4
511	161	4
512	162	4
513	163	4
514	164	4
515	166	4
516	167	4
517	170	4
518	171	4
519	172	4
520	185	4
521	186	4
522	187	4
523	188	4
524	189	4
525	191	4
526	192	4
527	193	4
528	194	4
529	206	4
530	417	4
531	418	4
532	419	4
533	420	4
534	421	4
535	422	4
536	423	4
537	424	4
538	425	4
539	426	4
540	427	4
541	428	4
542	429	4
543	430	4
544	431	4
545	432	4
546	433	4
547	434	4
548	435	4
549	436	4
550	437	4
551	438	4
552	439	4
553	440	4
554	441	4
555	442	4
556	443	4
557	444	4
558	445	4
559	446	4
560	447	4
561	448	4
562	449	4
563	450	4
564	451	4
565	452	4
566	453	4
567	454	4
568	455	4
569	456	4
570	457	4
571	458	4
572	459	4
573	460	4
574	461	4
575	462	4
576	463	4
577	464	4
578	465	4
579	466	4
580	467	4
581	468	4
582	469	4
583	470	4
584	471	4
585	472	4
586	473	4
587	474	4
588	475	4
589	476	4
590	477	4
591	478	4
592	479	4
593	480	4
594	481	4
595	482	4
596	483	4
597	484	4
598	485	4
599	486	4
600	487	4
601	488	4
602	489	4
603	490	4
604	491	4
605	492	4
606	493	4
607	494	4
608	495	4
609	496	4
610	497	4
611	498	4
612	499	4
613	500	4
614	501	4
615	502	4
616	503	4
617	504	4
618	505	4
619	506	4
620	507	4
621	508	4
622	210	4
623	509	4
624	510	4
625	511	4
626	512	4
627	513	4
628	514	4
629	515	4
630	516	4
631	517	4
632	518	4
633	519	4
634	520	4
635	521	4
636	522	4
637	523	4
638	524	4
639	525	4
640	526	4
641	527	4
642	528	4
643	529	4
644	530	4
645	531	4
646	532	4
647	533	4
648	534	4
649	535	4
650	536	4
651	537	4
652	538	4
653	539	4
654	540	4
655	541	4
656	542	4
657	543	4
658	544	4
659	545	4
660	546	4
661	547	4
662	548	4
663	549	4
664	550	4
665	551	4
666	552	4
667	553	4
668	554	4
669	555	4
670	556	4
671	557	4
672	558	4
673	559	4
674	560	4
675	561	4
676	562	4
677	563	4
678	564	4
679	565	4
680	566	4
681	567	4
682	568	4
683	569	4
684	570	4
685	571	4
686	572	4
687	573	4
688	574	4
689	575	4
690	576	4
691	577	4
692	578	4
693	579	4
694	580	4
695	581	4
696	582	4
697	583	4
698	584	4
699	585	4
700	586	4
701	587	4
702	588	4
703	589	4
704	590	4
705	591	4
706	592	4
707	593	4
708	594	4
709	595	4
710	596	4
711	597	4
712	598	4
713	599	4
714	600	4
715	601	4
716	602	4
717	603	4
718	604	4
719	605	4
720	606	4
721	607	4
722	608	4
723	609	4
724	610	4
725	611	4
726	612	4
727	613	4
728	614	4
729	615	4
730	616	4
731	617	4
732	618	4
733	619	4
734	620	4
735	621	4
736	622	4
737	623	4
738	624	4
739	625	4
740	626	4
741	627	4
742	628	4
743	629	4
744	630	4
745	631	4
746	632	4
747	633	4
748	634	4
749	635	4
750	636	4
751	637	4
752	638	4
753	639	4
754	640	4
755	641	4
756	642	4
757	643	4
758	644	4
759	645	4
760	646	4
761	647	4
762	648	4
763	649	4
764	650	4
765	651	4
766	652	4
767	653	4
768	654	4
769	655	4
770	656	4
771	657	4
772	658	4
773	659	4
774	660	4
775	661	4
776	662	4
777	663	4
778	664	4
779	665	4
780	666	4
781	667	4
782	226	4
783	227	4
784	228	4
785	229	4
786	230	4
787	231	4
788	668	4
789	232	4
790	233	4
791	669	4
792	670	4
793	671	4
794	672	4
795	673	4
796	674	4
797	675	4
798	676	4
799	677	4
800	678	4
801	679	4
802	680	4
803	681	4
804	682	4
805	683	4
806	684	4
807	685	4
808	686	4
809	687	4
810	688	4
811	689	4
812	690	4
813	691	4
814	692	4
815	693	4
816	694	4
817	695	4
818	696	4
819	697	4
820	698	4
821	699	4
822	700	4
823	701	4
824	702	4
825	703	4
826	704	4
827	705	4
828	706	4
829	707	4
830	708	4
831	709	4
832	710	4
833	711	4
834	712	4
835	713	4
836	714	4
837	715	4
838	716	4
839	717	4
840	718	4
841	719	4
842	720	4
843	721	4
844	722	4
845	723	4
846	724	4
847	725	4
848	726	4
849	727	4
850	728	4
851	729	4
852	730	4
853	731	4
854	732	4
855	733	4
856	734	4
857	735	4
858	736	4
859	737	4
860	738	4
861	739	4
862	740	4
863	741	4
864	742	4
865	234	4
866	743	4
867	236	4
868	744	4
869	745	4
870	1	5
871	746	5
872	2	5
873	3	5
874	747	5
875	748	5
876	749	5
877	750	5
878	751	5
879	752	5
880	753	5
881	754	5
882	755	5
883	756	5
884	757	5
885	758	5
886	759	5
887	760	5
888	761	5
889	762	5
890	763	5
891	764	5
892	765	5
893	766	5
894	767	5
895	768	5
896	769	5
897	770	5
898	771	5
899	772	5
900	773	5
901	774	5
902	775	5
903	776	5
904	777	5
905	778	5
906	779	5
907	780	5
908	781	5
909	782	5
910	783	5
911	784	5
912	785	5
913	786	5
914	787	5
915	788	5
916	789	5
917	790	5
918	791	5
919	792	5
920	793	5
921	794	5
922	795	5
923	796	5
924	797	5
925	798	5
926	799	5
927	800	5
928	801	5
929	802	5
930	803	5
931	804	5
932	805	5
933	806	5
934	807	5
935	808	5
936	809	5
937	810	5
938	811	5
939	812	5
940	813	5
941	814	5
942	815	5
943	816	5
944	817	5
945	4	5
946	5	5
947	6	5
948	7	5
949	8	5
950	9	5
951	10	5
952	818	5
953	819	5
954	820	5
955	821	5
956	822	5
957	823	5
958	824	5
959	825	5
960	826	5
961	827	5
962	828	5
963	829	5
964	830	5
965	831	5
966	832	5
967	833	5
968	834	5
969	835	5
970	836	5
971	837	5
972	838	5
973	839	5
974	840	5
975	841	5
976	842	5
977	843	5
978	844	5
979	845	5
980	846	5
981	847	5
982	848	5
983	849	5
984	850	5
985	851	5
986	852	5
987	853	5
988	854	5
989	855	5
990	856	5
991	857	5
992	858	5
993	859	5
994	860	5
995	861	5
996	862	5
997	863	5
998	11	5
999	12	5
1000	864	5
1001	14	5
1002	93	5
1003	110	5
1004	865	5
1005	866	5
1006	867	5
1007	868	5
1008	869	5
1009	870	5
1010	871	5
1011	872	5
1012	873	5
1013	874	5
1014	875	5
1015	876	5
1016	877	5
1017	878	5
1018	879	5
1019	880	5
1020	881	5
1021	882	5
1022	111	5
1023	883	5
1024	112	5
1025	113	5
1026	115	5
1027	206	5
1028	884	5
1029	207	5
1030	208	5
1031	209	5
1032	210	5
1033	885	5
1034	211	5
1035	212	5
1036	213	5
1037	214	5
1038	215	5
1039	216	5
1040	217	5
1041	218	5
1042	268	5
1043	219	5
1044	220	5
1045	221	5
1046	886	5
1047	223	5
1048	224	5
1049	225	5
1050	226	5
1051	227	5
1052	228	5
1053	229	5
1054	230	5
1055	231	5
1056	232	5
1057	233	5
1058	234	5
1059	887	5
1060	235	5
1061	236	5
1062	237	5
1063	744	5
1064	243	6
1065	888	6
1066	889	6
1067	890	6
1068	891	6
1069	892	6
1070	893	6
1071	894	6
1072	895	6
1073	896	6
1074	897	6
1075	898	6
1076	899	6
1077	900	6
1078	901	6
1079	902	6
1080	903	6
1081	904	6
1082	905	6
1083	906	6
1084	907	6
1085	908	6
1086	909	6
1087	910	6
1088	911	6
1089	912	6
1090	913	6
1091	914	6
1092	915	6
1093	245	6
1094	246	6
1095	247	6
1096	248	6
1097	250	6
1098	251	6
1099	252	6
1100	916	6
1101	917	6
1102	254	6
1103	918	6
1104	14	6
1105	919	6
1106	255	6
1107	110	6
1108	257	6
1109	258	6
1110	920	6
1111	921	6
1112	922	6
1113	923	6
1114	259	6
1115	924	6
1116	925	6
1117	260	6
1118	926	6
1119	927	6
1120	928	6
1121	929	6
1122	930	6
1123	931	6
1124	932	6
1125	933	6
1126	934	6
1127	935	6
1128	936	6
1129	937	6
1130	938	6
1131	939	6
1132	940	6
1133	941	6
1134	942	6
1135	387	6
1136	388	6
1137	389	6
1138	390	6
1139	391	6
1140	392	6
1141	393	6
1142	394	6
1143	395	6
1144	396	6
1145	397	6
1146	398	6
1147	399	6
1148	400	6
1149	401	6
1150	402	6
1151	403	6
1152	404	6
1153	405	6
1154	406	6
1155	407	6
1156	408	6
1157	409	6
1158	410	6
1159	411	6
1160	412	6
1161	413	6
1162	414	6
1163	415	6
1164	416	6
1165	943	6
1166	944	6
1167	945	6
1168	946	6
1169	947	6
1170	948	6
1171	949	6
1172	950	6
1173	951	6
1174	952	6
1175	953	6
1176	954	6
1177	955	6
1178	956	6
1179	957	6
1180	958	6
1181	959	6
1182	960	6
1183	961	6
1184	962	6
1185	963	6
1186	964	6
1187	965	6
1188	966	6
1189	967	6
1190	968	6
1191	969	6
1192	970	6
1193	971	6
1194	972	6
1195	973	6
1196	974	6
1197	975	6
1198	976	6
1199	977	6
1200	978	6
1201	979	6
1202	980	6
1203	981	6
1204	982	6
1205	983	6
1206	984	6
1207	985	6
1208	986	6
1209	987	6
1210	988	6
1211	989	6
1212	990	6
1213	991	6
1214	117	6
1215	118	6
1216	119	6
1217	120	6
1218	263	6
1219	205	6
1220	992	6
1221	993	6
1222	994	6
1223	995	6
1224	996	6
1225	997	6
1226	998	6
1227	999	6
1228	1000	6
1229	1001	6
1230	1002	6
1231	1003	6
1232	1004	6
1233	1005	6
1234	1006	6
1235	1007	6
1236	1008	6
1237	1009	6
1238	1010	6
1239	1011	6
1240	1012	6
1241	1013	6
1242	1014	6
1243	1015	6
1244	1016	6
1245	1017	6
1246	1018	6
1247	1019	6
1248	1020	6
1249	1021	6
1250	1022	6
1251	1023	6
1252	1024	6
1253	1025	6
1254	1026	6
1255	1027	6
1256	1028	6
1257	1029	6
1258	1030	6
1259	1031	6
1260	1032	6
1261	1033	6
1262	1034	6
1263	1035	6
1264	1036	6
1265	1037	6
1266	1038	6
1267	1039	6
1268	1040	6
1269	1041	6
1270	1042	6
1271	1043	6
1272	1044	6
1273	1045	6
1274	1046	6
1275	1047	6
1276	265	6
1277	266	6
1278	208	6
1279	268	6
1280	220	6
1281	226	6
1282	269	6
1283	270	6
1284	1048	6
1285	272	6
1286	1	7
1287	273	7
1288	2	7
1289	3	7
1290	1049	7
1291	1050	7
1292	1051	7
1293	1052	7
1294	1053	7
1295	1054	7
1296	1055	7
1297	1056	7
1298	1057	7
1299	1058	7
1300	747	7
1301	748	7
1302	749	7
1303	750	7
1304	751	7
1305	752	7
1306	753	7
1307	754	7
1308	755	7
1309	756	7
1310	757	7
1311	758	7
1312	759	7
1313	760	7
1314	761	7
1315	762	7
1316	763	7
1317	764	7
1318	765	7
1319	766	7
1320	767	7
1321	768	7
1322	769	7
1323	770	7
1324	771	7
1325	772	7
1326	773	7
1327	774	7
1328	775	7
1329	776	7
1330	777	7
1331	778	7
1332	779	7
1333	780	7
1334	781	7
1335	782	7
1336	783	7
1337	784	7
1338	785	7
1339	786	7
1340	787	7
1341	788	7
1342	789	7
1343	790	7
1344	791	7
1345	792	7
1346	793	7
1347	794	7
1348	795	7
1349	4	7
1350	5	7
1351	6	7
1352	287	7
1353	1059	7
1354	1060	7
1355	1061	7
1356	1062	7
1357	1063	7
1358	1064	7
1359	1065	7
1360	1066	7
1361	1067	7
1362	1068	7
1363	1069	7
1364	1070	7
1365	1071	7
1366	1072	7
1367	1073	7
1368	1074	7
1369	1075	7
1370	1076	7
1371	1077	7
1372	1078	7
1373	1079	7
1374	1080	7
1375	1081	7
1376	1082	7
1377	1083	7
1378	1084	7
1379	1085	7
1380	1086	7
1381	1087	7
1382	1088	7
1383	1089	7
1384	1090	7
1385	1091	7
1386	1092	7
1387	1093	7
1388	1094	7
1389	1095	7
1390	1096	7
1391	1097	7
1392	1098	7
1393	1099	7
1394	1100	7
1395	1101	7
1396	1102	7
1397	1103	7
1398	1104	7
1399	1105	7
1400	1106	7
1401	1107	7
1402	1108	7
1403	1109	7
1404	1110	7
1405	1111	7
1406	1112	7
1407	1113	7
1408	1114	7
1409	1115	7
1410	1116	7
1411	1117	7
1412	1118	7
1413	1119	7
1414	1120	7
1415	1121	7
1416	1122	7
1417	1123	7
1418	1124	7
1419	1125	7
1420	1126	7
1421	1127	7
1422	1128	7
1423	1129	7
1424	1130	7
1425	1131	7
1426	1132	7
1427	1133	7
1428	1134	7
1429	1135	7
1430	1136	7
1431	1137	7
1432	1138	7
1433	1139	7
1434	1140	7
1435	1141	7
1436	1142	7
1437	1143	7
1438	1144	7
1439	1145	7
1440	1146	7
1441	1147	7
1442	1148	7
1443	1149	7
1444	306	7
1445	14	7
1446	1150	7
1447	93	7
1448	307	7
1449	110	7
1450	112	7
1451	1151	7
1452	1152	7
1453	1153	7
1454	1154	7
1455	1155	7
1456	1156	7
1457	1157	7
1458	1158	7
1459	1159	7
1460	1160	7
1461	1161	7
1462	1162	7
1463	1163	7
1464	1164	7
1465	1165	7
1466	1166	7
1467	1167	7
1468	1168	7
1469	1169	7
1470	1170	7
1471	1171	7
1472	1172	7
1473	1173	7
1474	1174	7
1475	1175	7
1476	1176	7
1477	1177	7
1478	1178	7
1479	1179	7
1480	1180	7
1481	1181	7
1482	1182	7
1483	1183	7
1484	1184	7
1485	1185	7
1486	1186	7
1487	1187	7
1488	1188	7
1489	1189	7
1490	1190	7
1491	1191	7
1492	1192	7
1493	1193	7
1494	1194	7
1495	1195	7
1496	1196	7
1497	1197	7
1498	1198	7
1499	1199	7
1500	1200	7
1501	1201	7
1502	1202	7
1503	1203	7
1504	1204	7
1505	1205	7
1506	1206	7
1507	1207	7
1508	1208	7
1509	1209	7
1510	1210	7
1511	1211	7
1512	1212	7
1513	1213	7
1514	1214	7
1515	1215	7
1516	1216	7
1517	1217	7
1518	1218	7
1519	1219	7
1520	1220	7
1521	1221	7
1522	1222	7
1523	1223	7
1524	1224	7
1525	1225	7
1526	1226	7
1527	1227	7
1528	1228	7
1529	1229	7
1530	1230	7
1531	1231	7
1532	1232	7
1533	1233	7
1534	1234	7
1535	1235	7
1536	1236	7
1537	1237	7
1538	206	7
1539	417	7
1540	418	7
1541	1238	7
1542	1239	7
1543	1240	7
1544	1241	7
1545	1242	7
1546	1243	7
1547	1244	7
1548	1245	7
1549	1246	7
1550	1247	7
1551	1248	7
1552	1249	7
1553	1250	7
1554	1251	7
1555	1252	7
1556	1253	7
1557	1254	7
1558	1255	7
1559	1256	7
1560	1257	7
1561	1258	7
1562	1259	7
1563	1260	7
1564	1261	7
1565	1262	7
1566	1263	7
1567	1264	7
1568	1265	7
1569	1266	7
1570	1267	7
1571	1268	7
1572	1269	7
1573	1270	7
1574	1271	7
1575	1272	7
1576	1273	7
1577	1274	7
1578	1275	7
1579	1276	7
1580	1277	7
1581	1278	7
1582	1279	7
1583	1280	7
1584	1281	7
1585	1282	7
1586	1283	7
1587	1284	7
1588	1285	7
1589	1286	7
1590	1287	7
1591	510	7
1592	511	7
1593	512	7
1594	513	7
1595	514	7
1596	515	7
1597	516	7
1598	517	7
1599	518	7
1600	519	7
1601	520	7
1602	521	7
1603	522	7
1604	523	7
1605	524	7
1606	525	7
1607	526	7
1608	527	7
1609	528	7
1610	529	7
1611	530	7
1612	531	7
1613	532	7
1614	533	7
1615	534	7
1616	535	7
1617	536	7
1618	537	7
1619	538	7
1620	539	7
1621	540	7
1622	541	7
1623	542	7
1624	543	7
1625	544	7
1626	545	7
1627	546	7
1628	547	7
1629	548	7
1630	549	7
1631	550	7
1632	551	7
1633	217	7
1634	218	7
1635	1288	7
1636	219	7
1637	220	7
1638	221	7
1639	222	7
1640	1289	7
1641	223	7
1642	224	7
1643	225	7
1644	667	7
1645	226	7
1646	227	7
1647	228	7
1648	229	7
1649	1290	7
1650	1291	7
1651	1292	7
1652	1293	7
1653	1294	7
1654	230	7
1655	231	7
1656	668	7
1657	232	7
1658	233	7
1659	669	7
1660	234	7
1661	743	7
1662	236	7
1663	744	7
1664	745	7
1665	1	8
1666	1295	8
1667	2	8
1668	3	8
1669	4	8
1670	1296	8
1671	5	8
1672	6	8
1673	7	8
1674	8	8
1675	1297	8
1676	9	8
1677	10	8
1678	11	8
1679	12	8
1680	14	8
1681	93	8
1682	110	8
1683	111	8
1684	112	8
1685	113	8
1686	115	8
1687	936	8
1688	388	8
1689	389	8
1690	390	8
1691	391	8
1692	392	8
1693	393	8
1694	394	8
1695	395	8
1696	396	8
1697	397	8
1698	398	8
1699	399	8
1700	400	8
1701	401	8
1702	402	8
1703	403	8
1704	404	8
1705	405	8
1706	406	8
1707	407	8
1708	408	8
1709	409	8
1710	410	8
1711	411	8
1712	412	8
1713	413	8
1714	414	8
1715	415	8
1716	416	8
1717	943	8
1718	944	8
1719	945	8
1720	946	8
1721	947	8
1722	948	8
1723	949	8
1724	950	8
1725	951	8
1726	952	8
1727	953	8
1728	954	8
1729	955	8
1730	956	8
1731	957	8
1732	958	8
1733	959	8
1734	960	8
1735	961	8
1736	962	8
1737	963	8
1738	964	8
1739	965	8
1740	966	8
1741	967	8
1742	968	8
1743	969	8
1744	970	8
1745	971	8
1746	972	8
1747	973	8
1748	974	8
1749	975	8
1750	976	8
1751	977	8
1752	978	8
1753	979	8
1754	980	8
1755	981	8
1756	982	8
1757	983	8
1758	984	8
1759	985	8
1760	986	8
1761	206	8
1762	207	8
1763	208	8
1764	209	8
1765	210	8
1766	211	8
1767	212	8
1768	213	8
1769	214	8
1770	215	8
1771	216	8
1772	572	8
1773	582	8
1774	268	8
1775	219	8
1776	220	8
1777	221	8
1778	886	8
1779	223	8
1780	224	8
1781	225	8
1782	226	8
1783	227	8
1784	228	8
1785	229	8
1786	230	8
1787	231	8
1788	232	8
1789	233	8
1790	1298	8
1791	234	8
1792	235	8
1793	236	8
1794	237	8
1795	744	8
1796	1	9
1797	273	9
1798	2	9
1799	3	9
1800	4	9
1801	5	9
1802	6	9
1803	287	9
1804	1299	9
1805	1300	9
1806	306	9
1807	14	9
1808	93	9
1809	307	9
1810	110	9
1811	112	9
1812	206	9
1813	417	9
1814	418	9
1815	210	9
1816	518	9
1817	526	9
1818	527	9
1819	528	9
1820	529	9
1821	530	9
1822	531	9
1823	532	9
1824	533	9
1825	535	9
1826	536	9
1827	537	9
1828	538	9
1829	539	9
1830	540	9
1831	545	9
1832	546	9
1833	547	9
1834	548	9
1835	549	9
1836	551	9
1837	552	9
1838	218	9
1839	1288	9
1840	219	9
1841	220	9
1842	221	9
1843	222	9
1844	1289	9
1845	223	9
1846	224	9
1847	225	9
1848	667	9
1849	226	9
1850	1301	9
1851	227	9
1852	228	9
1853	229	9
1854	1302	9
1855	230	9
1856	231	9
1857	668	9
1858	232	9
1859	233	9
1860	669	9
1861	234	9
1862	743	9
1863	236	9
1864	744	9
1865	745	9
1866	1	10
1867	1303	10
1868	3	10
1869	4	10
1870	5	10
1871	6	10
1872	1304	10
1873	1305	10
1874	1306	10
1875	1307	10
1876	1308	10
1877	1309	10
1878	1310	10
1879	1311	10
1880	1312	10
1881	1313	10
1882	1314	10
1883	1315	10
1884	1316	10
1885	1317	10
1886	1318	10
1887	1319	10
1888	1320	10
1889	9	10
1890	10	10
1891	1321	10
1892	1322	10
1893	1323	10
1894	1324	10
1895	1082	10
1896	1091	10
1897	1093	10
1898	1094	10
1899	1325	10
1900	11	10
1901	1326	10
1902	13	10
1903	14	10
1904	93	10
1905	1327	10
1906	1328	10
1907	1329	10
1908	110	10
1909	1330	10
1910	1331	10
1911	1332	10
1912	1333	10
1913	1334	10
1914	1335	10
1915	880	10
1916	1336	10
1917	1337	10
1918	1338	10
1919	1339	10
1920	1340	10
1921	1341	10
1922	1342	10
1923	1343	10
1924	1344	10
1925	1345	10
1926	1346	10
1927	1347	10
1928	1348	10
1929	1349	10
1930	1350	10
1931	1351	10
1932	1352	10
1933	1353	10
1934	1354	10
1935	1355	10
1936	1356	10
1937	1357	10
1938	1358	10
1939	1359	10
1940	1212	10
1941	1360	10
1942	116	10
1943	415	10
1944	1004	10
1945	206	10
1946	1361	10
1947	1362	10
1948	1363	10
1949	1364	10
1950	1365	10
1951	1366	10
1952	1367	10
1953	1368	10
1954	1369	10
1955	1370	10
1956	1371	10
1957	1372	10
1958	1373	10
1959	1374	10
1960	1375	10
1961	1376	10
1962	1377	10
1963	1378	10
1964	1379	10
1965	1380	10
1966	1381	10
1967	1382	10
1968	1383	10
1969	1384	10
1970	1385	10
1971	1386	10
1972	1387	10
1973	1388	10
1974	1389	10
1975	1390	10
1976	419	10
1977	420	10
1978	478	10
1979	1272	10
1980	211	10
1981	212	10
1982	213	10
1983	214	10
1984	215	10
1985	563	10
1986	217	10
1987	218	10
1988	1391	10
1989	219	10
1990	220	10
1991	221	10
1992	1392	10
1993	638	10
1994	223	10
1995	224	10
1996	225	10
1997	226	10
1998	227	10
1999	1393	10
2000	1394	10
2001	230	10
2002	231	10
2003	1395	10
2004	233	10
2005	1396	10
2006	1397	10
2007	1398	10
2008	234	10
2009	1399	10
2010	235	10
2011	1400	10
2012	1401	10
2013	236	10
2014	1402	10
2015	1	11
2016	273	11
2017	2	11
2018	3	11
2019	4	11
2020	907	11
2021	908	11
2022	1403	11
2023	1404	11
2024	1405	11
2025	1406	11
2026	1407	11
2027	1408	11
2028	1409	11
2029	1410	11
2030	1411	11
2031	1412	11
2032	1413	11
2033	1414	11
2034	1415	11
2035	1416	11
2036	1417	11
2037	1418	11
2038	1419	11
2039	1420	11
2040	1421	11
2041	1422	11
2042	1423	11
2043	1424	11
2044	1425	11
2045	1426	11
2046	1427	11
2047	1428	11
2048	5	11
2049	6	11
2050	287	11
2051	1429	11
2052	1430	11
2053	306	11
2054	14	11
2055	93	11
2056	1431	11
2057	1432	11
2058	307	11
2059	110	11
2060	112	11
2061	1433	11
2062	1434	11
2063	1435	11
2064	1436	11
2065	1437	11
2066	1438	11
2067	1439	11
2068	1018	11
2069	206	11
2070	1040	11
2071	1440	11
2072	1441	11
2073	1442	11
2074	1443	11
2075	1444	11
2076	1445	11
2077	1446	11
2078	1447	11
2079	1448	11
2080	1449	11
2081	1450	11
2082	1451	11
2083	1452	11
2084	1453	11
2085	1454	11
2086	1455	11
2087	1456	11
2088	1457	11
2089	1458	11
2090	1459	11
2091	1460	11
2092	1461	11
2093	1462	11
2094	1463	11
2095	1464	11
2096	417	11
2097	418	11
2098	1382	11
2099	476	11
2100	477	11
2101	1238	11
2102	210	11
2103	1279	11
2104	1465	11
2105	212	11
2106	213	11
2107	217	11
2108	218	11
2109	1288	11
2110	219	11
2111	220	11
2112	221	11
2113	222	11
2114	1289	11
2115	223	11
2116	224	11
2117	225	11
2118	667	11
2119	226	11
2120	1466	11
2121	228	11
2122	229	11
2123	230	11
2124	231	11
2125	668	11
2126	232	11
2127	233	11
2128	669	11
2129	1467	11
2130	744	11
2131	1468	11
2132	1	12
2133	1295	12
2134	2	12
2135	3	12
2136	4	12
2137	5	12
2138	6	12
2139	7	12
2140	8	12
2141	9	12
2142	10	12
2143	11	12
2144	12	12
2145	14	12
2146	93	12
2147	1469	12
2148	110	12
2149	882	12
2150	111	12
2151	112	12
2152	113	12
2153	115	12
2154	206	12
2155	884	12
2156	207	12
2157	208	12
2158	209	12
2159	210	12
2160	211	12
2161	212	12
2162	213	12
2163	214	12
2164	215	12
2165	216	12
2166	572	12
2167	218	12
2168	268	12
2169	219	12
2170	220	12
2171	221	12
2172	886	12
2173	223	12
2174	224	12
2175	225	12
2176	226	12
2177	227	12
2178	228	12
2179	229	12
2180	1470	12
2181	231	12
2182	232	12
2183	233	12
2184	234	12
2185	235	12
2186	236	12
2187	237	12
2188	744	12
\.


--
-- Data for Name: amino_acid_mutation_parent; Type: TABLE DATA; Schema: public; Owner: -
--

COPY public.amino_acid_mutation_parent (id, aminoacidmutation_id, nucleotidemutation_id) FROM stdin;
1	1	327
2	1295	3703
3	2	328
4	3	329
5	4	609
6	5	611
7	5	612
8	6	613
9	7	614
10	8	3
11	9	4
12	10	6
13	11	8
14	12	10
15	14	12
16	93	245
17	1469	4233
18	110	288
19	882	2224
20	111	290
21	112	291
22	113	292
23	115	326
24	206	609
25	884	2450
26	207	294
27	208	296
28	209	297
29	210	298
30	211	299
31	212	300
32	213	301
33	214	302
34	215	303
35	216	304
36	572	3700
37	218	307
38	268	652
39	219	308
40	220	309
41	221	310
42	886	2230
43	223	312
44	224	313
45	225	314
46	226	315
47	227	316
48	228	317
49	229	318
50	1470	4235
51	231	320
52	232	321
53	233	322
54	234	610
55	235	246
56	236	610
57	237	295
58	744	989
\.


--
-- Data for Name: annotation_type; Type: TABLE DATA; Schema: public; Owner: -
--

COPY public.annotation_type (id, seq_ontology, region, impact) FROM stdin;
1	upstream_gene_variant	\N	MODIFIER
2	intergenic_region	\N	MODIFIER
3	missense_variant	\N	MODERATE
5	synonymous_variant	\N	LOW
27	downstream_gene_variant	\N	MODIFIER
403	disruptive_inframe_insertion	\N	MODERATE
\.


--
-- Data for Name: annotation_type_mutations; Type: TABLE DATA; Schema: public; Owner: -
--

COPY public.annotation_type_mutations (id, annotationtype_id, nucleotidemutation_id) FROM stdin;
1	1	2
2	1	8
3	1	9
4	1	10
5	1	11
6	1	12
7	1	244
8	1	245
9	1	247
10	1	285
11	1	290
12	1	291
13	1	292
14	1	293
15	1	294
16	1	296
17	1	297
18	1	298
19	1	299
20	1	300
21	1	301
22	1	302
23	1	303
24	1	304
25	1	305
26	1	306
27	1	307
28	1	308
29	1	309
30	1	310
31	1	311
32	1	312
33	1	313
34	1	314
35	1	315
36	1	316
37	1	317
38	1	318
39	1	319
40	1	320
41	1	321
42	1	322
43	1	323
44	1	324
45	1	325
46	1	326
47	1	327
48	1	328
49	1	329
50	1	330
51	1	331
52	1	332
53	1	333
54	1	334
55	1	335
56	1	336
57	1	608
58	1	619
59	1	621
60	1	622
61	1	624
62	1	633
63	1	634
64	1	635
65	1	636
66	1	637
67	1	638
68	1	643
69	1	644
70	1	645
71	1	646
72	1	647
73	1	648
74	1	650
75	1	651
76	1	652
77	1	653
78	1	654
79	1	655
80	1	656
81	1	657
82	1	658
83	1	659
84	1	756
85	1	757
86	1	759
87	1	988
88	1	990
89	1	1259
90	1	1725
91	1	1726
92	1	1727
93	1	1944
94	1	2174
95	1	2175
96	1	2176
97	1	2224
98	1	2225
99	1	2226
100	1	2227
101	1	2228
102	1	2229
103	1	2230
104	1	2231
105	1	2232
106	1	2233
107	1	2448
108	1	2449
109	1	2464
110	1	2465
111	1	2467
112	1	2473
113	1	2474
114	1	2475
115	1	3146
116	1	3148
117	1	3296
118	1	3297
119	1	3702
120	1	3705
121	1	3710
122	1	3711
123	1	3712
124	1	4074
125	1	4075
126	1	4078
127	1	4089
128	1	4141
129	1	4233
130	1	4234
131	1	4236
132	2	2
133	2	608
134	2	624
135	2	668
136	2	669
137	2	2449
138	2	2452
139	2	2454
140	2	2455
141	2	2456
142	2	2853
143	2	4224
144	2	4226
145	2	4227
146	2	4228
147	2	4229
148	2	4230
149	3	3
150	3	4
151	3	6
152	3	8
153	3	10
154	3	11
155	3	12
156	3	245
157	3	288
158	3	290
159	3	291
160	3	292
161	3	294
162	3	296
163	3	297
164	3	298
165	3	299
166	3	300
167	3	301
168	3	302
169	3	303
170	3	304
171	3	306
172	3	307
173	3	308
174	3	309
175	3	310
176	3	311
177	3	312
178	3	313
179	3	314
180	3	315
181	3	316
182	3	317
183	3	318
184	3	319
185	3	320
186	3	321
187	3	322
188	3	325
189	3	326
190	3	327
191	3	328
192	3	329
193	3	332
194	3	333
195	3	609
196	3	611
197	3	613
198	3	614
199	3	618
200	3	620
201	3	621
202	3	622
203	3	623
204	3	625
205	3	628
206	3	630
207	3	631
208	3	632
209	3	634
210	3	636
211	3	638
212	3	641
213	3	642
214	3	645
215	3	647
216	3	650
217	3	651
218	3	652
219	3	653
220	3	654
221	3	655
222	3	656
223	3	657
224	3	658
225	3	659
226	3	662
227	3	663
228	3	664
229	3	665
230	3	667
231	3	710
232	3	754
233	3	756
234	3	759
235	3	988
236	3	990
237	3	1259
238	3	1725
239	3	1726
240	3	1727
241	3	1944
242	3	2172
243	3	2174
244	3	2223
245	3	2224
246	3	2225
247	3	2229
248	3	2230
249	3	2233
250	3	2450
251	3	2460
252	3	2464
253	3	2467
254	3	2473
255	3	2475
256	3	2877
257	3	3146
258	3	3296
259	3	3297
260	3	3698
261	3	3702
262	3	3705
263	3	3708
264	3	3709
265	3	3711
266	3	3712
267	3	3933
268	3	4074
269	3	4075
270	3	4141
271	3	4233
272	5	5
273	5	7
274	5	9
275	5	244
276	5	247
277	5	285
278	5	289
279	5	293
280	5	305
281	5	323
282	5	324
283	5	330
284	5	331
285	5	334
286	5	335
287	5	336
288	5	612
289	5	619
290	5	626
291	5	627
292	5	629
293	5	633
294	5	635
295	5	637
296	5	639
297	5	640
298	5	643
299	5	644
300	5	646
301	5	648
302	5	666
303	5	672
304	5	708
305	5	709
306	5	711
307	5	757
308	5	758
309	5	2034
310	5	2035
311	5	2173
312	5	2175
313	5	2176
314	5	2226
315	5	2227
316	5	2228
317	5	2231
318	5	2232
319	5	2448
320	5	2450
321	5	2451
322	5	2459
323	5	2465
324	5	2474
325	5	2852
326	5	3710
327	5	3938
328	5	4078
329	5	4089
330	5	4234
331	5	4236
332	27	288
333	27	289
334	27	290
335	27	291
336	27	294
337	27	296
338	27	297
339	27	298
340	27	299
341	27	300
342	27	301
343	27	302
344	27	303
345	27	304
346	27	305
347	27	306
348	27	307
349	27	308
350	27	309
351	27	310
352	27	311
353	27	312
354	27	313
355	27	314
356	27	315
357	27	316
358	27	317
359	27	318
360	27	319
361	27	320
362	27	321
363	27	322
364	27	323
365	27	324
366	27	325
367	27	326
368	27	327
369	27	328
370	27	329
371	27	330
372	27	331
373	27	332
374	27	333
375	27	334
376	27	335
377	27	336
378	27	608
379	27	609
380	27	611
381	27	612
382	27	613
383	27	614
384	27	620
385	27	621
386	27	622
387	27	623
388	27	639
389	27	640
390	27	641
391	27	642
392	27	643
393	27	644
394	27	647
395	27	648
396	27	650
397	27	651
398	27	652
399	27	653
400	27	654
401	27	655
402	27	656
403	27	657
404	27	658
405	27	659
406	27	662
407	27	663
408	27	664
409	27	665
410	27	666
411	27	667
412	27	668
413	27	669
414	27	758
415	27	759
416	27	988
417	27	990
418	27	1259
419	27	1725
420	27	1726
421	27	1727
422	27	1944
423	27	2223
424	27	2224
425	27	2225
426	27	2228
427	27	2229
428	27	2230
429	27	2231
430	27	2232
431	27	2233
432	27	2448
433	27	2449
434	27	2450
435	27	2451
436	27	2452
437	27	2454
438	27	2455
439	27	2456
440	27	2473
441	27	2474
442	27	2475
443	27	2852
444	27	2853
445	27	3148
446	27	3296
447	27	3297
448	27	3702
449	27	3705
450	27	3710
451	27	3711
452	27	3712
453	27	4074
454	27	4075
455	27	4078
456	27	4089
457	27	4141
458	27	4224
459	27	4226
460	27	4227
461	27	4228
462	27	4229
463	27	4230
464	27	4236
465	403	3148
\.


--
-- Data for Name: auth_group; Type: TABLE DATA; Schema: public; Owner: -
--

COPY public.auth_group (id, name) FROM stdin;
\.


--
-- Data for Name: auth_group_permissions; Type: TABLE DATA; Schema: public; Owner: -
--

COPY public.auth_group_permissions (id, group_id, permission_id) FROM stdin;
\.


--
-- Data for Name: auth_permission; Type: TABLE DATA; Schema: public; Owner: -
--

COPY public.auth_permission (id, name, content_type_id, codename) FROM stdin;
1	Can add log entry	1	add_logentry
2	Can change log entry	1	change_logentry
3	Can delete log entry	1	delete_logentry
4	Can view log entry	1	view_logentry
5	Can add permission	2	add_permission
6	Can change permission	2	change_permission
7	Can delete permission	2	delete_permission
8	Can view permission	2	view_permission
9	Can add group	3	add_group
10	Can change group	3	change_group
11	Can delete group	3	delete_group
12	Can view group	3	view_group
13	Can add user	4	add_user
14	Can change user	4	change_user
15	Can delete user	4	delete_user
16	Can view user	4	view_user
17	Can add content type	5	add_contenttype
18	Can change content type	5	change_contenttype
19	Can delete content type	5	delete_contenttype
20	Can view content type	5	view_contenttype
21	Can add session	6	add_session
22	Can change session	6	change_session
23	Can delete session	6	delete_session
24	Can view session	6	view_session
25	Can add alignment	7	add_alignment
26	Can change alignment	7	change_alignment
27	Can delete alignment	7	delete_alignment
28	Can view alignment	7	view_alignment
29	Can add annotation type	8	add_annotationtype
30	Can change annotation type	8	change_annotationtype
31	Can delete annotation type	8	delete_annotationtype
32	Can view annotation type	8	view_annotationtype
33	Can add property	9	add_property
34	Can change property	9	change_property
35	Can delete property	9	delete_property
36	Can view property	9	view_property
37	Can add sequence	10	add_sequence
38	Can change sequence	10	change_sequence
39	Can delete sequence	10	delete_sequence
40	Can view sequence	10	view_sequence
41	Can add sample	11	add_sample
42	Can change sample	11	change_sample
43	Can delete sample	11	delete_sample
44	Can view sample	11	view_sample
45	Can add reference	12	add_reference
46	Can change reference	12	change_reference
47	Can delete reference	12	delete_reference
48	Can view reference	12	view_reference
49	Can add sample2 property	13	add_sample2property
50	Can change sample2 property	13	change_sample2property
51	Can delete sample2 property	13	delete_sample2property
52	Can view sample2 property	13	view_sample2property
53	Can add gene	14	add_gene
54	Can change gene	14	change_gene
55	Can delete gene	14	delete_gene
56	Can view gene	14	view_gene
57	Can add replicon	15	add_replicon
58	Can change replicon	15	change_replicon
59	Can delete replicon	15	delete_replicon
60	Can view replicon	15	view_replicon
61	Can add gene segment	16	add_genesegment
62	Can change gene segment	16	change_genesegment
63	Can delete gene segment	16	delete_genesegment
64	Can view gene segment	16	view_genesegment
65	Can add lineage	17	add_lineage
66	Can change lineage	17	change_lineage
67	Can delete lineage	17	delete_lineage
68	Can view lineage	17	view_lineage
69	Can add import log	18	add_importlog
70	Can change import log	18	change_importlog
71	Can delete import log	18	delete_importlog
72	Can view import log	18	view_importlog
73	Can add file processing	19	add_fileprocessing
74	Can change file processing	19	change_fileprocessing
75	Can delete file processing	19	delete_fileprocessing
76	Can view file processing	19	view_fileprocessing
77	Can add processing job	20	add_processingjob
78	Can change processing job	20	change_processingjob
79	Can delete processing job	20	delete_processingjob
80	Can view processing job	20	view_processingjob
81	Can add nucleotide mutation	21	add_nucleotidemutation
82	Can change nucleotide mutation	21	change_nucleotidemutation
83	Can delete nucleotide mutation	21	delete_nucleotidemutation
84	Can view nucleotide mutation	21	view_nucleotidemutation
85	Can add amino acid mutation	22	add_aminoacidmutation
86	Can change amino acid mutation	22	change_aminoacidmutation
87	Can delete amino acid mutation	22	delete_aminoacidmutation
88	Can view amino acid mutation	22	view_aminoacidmutation
89	Can add django job	23	add_djangojob
90	Can change django job	23	change_djangojob
91	Can delete django job	23	delete_djangojob
92	Can view django job	23	view_djangojob
93	Can add django job execution	24	add_djangojobexecution
94	Can change django job execution	24	change_djangojobexecution
95	Can delete django job execution	24	delete_djangojobexecution
96	Can view django job execution	24	view_djangojobexecution
\.


--
-- Data for Name: auth_user; Type: TABLE DATA; Schema: public; Owner: -
--

COPY public.auth_user (id, password, last_login, is_superuser, username, first_name, last_name, email, is_staff, is_active, date_joined) FROM stdin;
\.


--
-- Data for Name: auth_user_groups; Type: TABLE DATA; Schema: public; Owner: -
--

COPY public.auth_user_groups (id, user_id, group_id) FROM stdin;
\.


--
-- Data for Name: auth_user_user_permissions; Type: TABLE DATA; Schema: public; Owner: -
--

COPY public.auth_user_user_permissions (id, user_id, permission_id) FROM stdin;
\.


--
-- Data for Name: django_admin_log; Type: TABLE DATA; Schema: public; Owner: -
--

COPY public.django_admin_log (id, action_time, object_id, object_repr, action_flag, change_message, content_type_id, user_id) FROM stdin;
\.


--
-- Data for Name: django_apscheduler_djangojob; Type: TABLE DATA; Schema: public; Owner: -
--

COPY public.django_apscheduler_djangojob (id, next_run_time, job_state) FROM stdin;
data_import	\N	\\x8005954b010000000000007d94288c0776657273696f6e944b018c026964948c0b646174615f696d706f7274948c0466756e63948c40726573745f6170692e6d616e6167656d656e742e636f6d6d616e64732e72756e61707363686564756c65723a7363686564756c65645f646174615f656e747279948c0774726967676572948c2b726573745f6170692e6d616e6167656d656e742e636f6d6d616e64732e72756e61707363686564756c6572948c114d616e75616c4f6e6c79547269676765729493942981948c086578656375746f72948c0764656661756c74948c046172677394298c066b7761726773947d948c046e616d65948c147363686564756c65645f646174615f656e747279948c126d6973666972655f67726163655f74696d65944b018c08636f616c6573636594888c0d6d61785f696e7374616e636573944b018c0d6e6578745f72756e5f74696d65944e752e
delete_old_job_executions	2025-02-17 00:00:00+00	\\x80059553040000000000007d94288c0776657273696f6e944b018c026964948c1964656c6574655f6f6c645f6a6f625f657865637574696f6e73948c0466756e63948c45726573745f6170692e6d616e6167656d656e742e636f6d6d616e64732e72756e61707363686564756c65723a64656c6574655f6f6c645f6a6f625f657865637574696f6e73948c0774726967676572948c1961707363686564756c65722e74726967676572732e63726f6e948c0b43726f6e547269676765729493942981947d942868014b028c0874696d657a6f6e65948c086275696c74696e73948c07676574617474729493948c087a6f6e65696e666f948c085a6f6e65496e666f9493948c095f756e7069636b6c6594869452948c03555443944b01869452948c0a73746172745f64617465944e8c08656e645f64617465944e8c066669656c6473945d94288c2061707363686564756c65722e74726967676572732e63726f6e2e6669656c6473948c09426173654669656c649493942981947d94288c046e616d65948c0479656172948c0a69735f64656661756c7494888c0b65787072657373696f6e73945d948c2561707363686564756c65722e74726967676572732e63726f6e2e65787072657373696f6e73948c0d416c6c45787072657373696f6e9493942981947d948c0473746570944e7362617562681d8c0a4d6f6e74684669656c649493942981947d942868228c056d6f6e74689468248868255d9468292981947d94682c4e7362617562681d8c0f4461794f664d6f6e74684669656c649493942981947d942868228c036461799468248868255d9468292981947d94682c4e7362617562681d8c095765656b4669656c649493942981947d942868228c047765656b9468248868255d9468292981947d94682c4e7362617562681d8c0e4461794f665765656b4669656c649493942981947d942868228c0b6461795f6f665f7765656b9468248968255d9468278c165765656b64617952616e676545787072657373696f6e9493942981947d9428682c4e8c056669727374944b008c046c617374944b007562617562681f2981947d942868228c04686f75729468248968255d9468278c0f52616e676545787072657373696f6e9493942981947d9428682c4e684f4b0068504b007562617562681f2981947d942868228c066d696e7574659468248968255d9468562981947d9428682c4e684f4b0068504b007562617562681f2981947d942868228c067365636f6e649468248868255d9468562981947d9428682c4e684f4b0068504b007562617562658c066a6974746572944e75628c086578656375746f72948c0764656661756c74948c046172677394298c066b7761726773947d94682268038c126d6973666972655f67726163655f74696d65944b018c08636f616c6573636594888c0d6d61785f696e7374616e636573944b018c0d6e6578745f72756e5f74696d65948c086461746574696d65948c086461746574696d65949394430a07e9021100000000000094681886945294752e
\.


--
-- Data for Name: django_apscheduler_djangojobexecution; Type: TABLE DATA; Schema: public; Owner: -
--

COPY public.django_apscheduler_djangojobexecution (id, status, run_time, duration, finished, exception, traceback, job_id) FROM stdin;
\.


--
-- Data for Name: django_content_type; Type: TABLE DATA; Schema: public; Owner: -
--

COPY public.django_content_type (id, app_label, model) FROM stdin;
1	admin	logentry
2	auth	permission
3	auth	group
4	auth	user
5	contenttypes	contenttype
6	sessions	session
7	rest_api	alignment
8	rest_api	annotationtype
9	rest_api	property
10	rest_api	sequence
11	rest_api	sample
12	rest_api	reference
13	rest_api	sample2property
14	rest_api	gene
15	rest_api	replicon
16	rest_api	genesegment
17	rest_api	lineage
18	rest_api	importlog
19	rest_api	fileprocessing
20	rest_api	processingjob
21	rest_api	nucleotidemutation
22	rest_api	aminoacidmutation
23	django_apscheduler	djangojob
24	django_apscheduler	djangojobexecution
\.


--
-- Data for Name: django_migrations; Type: TABLE DATA; Schema: public; Owner: -
--

COPY public.django_migrations (id, app, name, applied) FROM stdin;
1	contenttypes	0001_initial	2025-02-14 16:23:44.885387+00
2	auth	0001_initial	2025-02-14 16:23:44.957104+00
3	admin	0001_initial	2025-02-14 16:23:44.975981+00
4	admin	0002_logentry_remove_auto_add	2025-02-14 16:23:44.981577+00
5	admin	0003_logentry_add_action_flag_choices	2025-02-14 16:23:44.987376+00
6	contenttypes	0002_remove_content_type_name	2025-02-14 16:23:45.000153+00
7	auth	0002_alter_permission_name_max_length	2025-02-14 16:23:45.007214+00
8	auth	0003_alter_user_email_max_length	2025-02-14 16:23:45.013889+00
9	auth	0004_alter_user_username_opts	2025-02-14 16:23:45.019438+00
10	auth	0005_alter_user_last_login_null	2025-02-14 16:23:45.029088+00
11	auth	0006_require_contenttypes_0002	2025-02-14 16:23:45.030347+00
12	auth	0007_alter_validators_add_error_messages	2025-02-14 16:23:45.041352+00
13	auth	0008_alter_user_username_max_length	2025-02-14 16:23:45.055405+00
14	auth	0009_alter_user_last_name_max_length	2025-02-14 16:23:45.067036+00
15	auth	0010_alter_group_name_max_length	2025-02-14 16:23:45.07945+00
16	auth	0011_update_proxy_permissions	2025-02-14 16:23:45.086819+00
17	auth	0012_alter_user_first_name_max_length	2025-02-14 16:23:45.097839+00
18	django_apscheduler	0001_initial	2025-02-14 16:23:45.122866+00
19	django_apscheduler	0002_auto_20180412_0758	2025-02-14 16:23:45.127983+00
20	django_apscheduler	0003_auto_20200716_1632	2025-02-14 16:23:45.152567+00
21	django_apscheduler	0004_auto_20200717_1043	2025-02-14 16:23:45.189138+00
22	django_apscheduler	0005_migrate_name_to_id	2025-02-14 16:23:45.206598+00
23	django_apscheduler	0006_remove_djangojob_name	2025-02-14 16:23:45.209993+00
24	django_apscheduler	0007_auto_20200717_1404	2025-02-14 16:23:45.227159+00
25	django_apscheduler	0008_remove_djangojobexecution_started	2025-02-14 16:23:45.243023+00
26	django_apscheduler	0009_djangojobexecution_unique_job_executions	2025-02-14 16:23:45.247782+00
27	rest_api	0001_initial	2025-02-14 16:23:45.476906+00
28	rest_api	0002_alter_sample2property_value_varchar_and_more	2025-02-14 16:23:45.488266+00
29	rest_api	0003_sample_properties_alter_element_accession_and_more	2025-02-14 16:23:45.607008+00
30	rest_api	0004_sample_properties_alter_sample2property_value_text	2025-02-14 16:23:45.63765+00
31	rest_api	0005_alter_alignment_id_alter_element_id_and_more	2025-02-14 16:23:45.746379+00
32	rest_api	0006_alignment2mutation_mutation_mutation2annotation_and_more	2025-02-14 16:23:46.102285+00
33	rest_api	0007_entereddata	2025-02-14 16:23:46.106977+00
34	rest_api	0008_alter_entereddata_name	2025-02-14 16:23:46.109765+00
35	rest_api	0009_remove_mutation_aa_profile_and_more	2025-02-14 16:23:46.205928+00
36	rest_api	0010_alter_mutation_unique_together	2025-02-14 16:23:46.215176+00
37	rest_api	0011_alter_mutation_unique_together	2025-02-14 16:23:46.228956+00
38	rest_api	0012_alter_mutation_unique_together	2025-02-14 16:23:46.247696+00
39	rest_api	0013_alter_entereddata_unique_together_and_more	2025-02-14 16:23:46.261238+00
40	rest_api	0014_sample_collection_date_sample_country_and_more	2025-02-14 16:23:46.309601+00
41	rest_api	0015_gene_genepart_sourceelement_remove_element_molecule_and_more	2025-02-14 16:23:46.409083+00
42	rest_api	0016_alter_gene_table	2025-02-14 16:23:46.414962+00
43	rest_api	0017_remove_gene_symbol	2025-02-14 16:23:46.420152+00
44	rest_api	0018_alter_mutation_element	2025-02-14 16:23:46.443359+00
45	rest_api	0019_replicon_rename_genepart_genesegment_and_more	2025-02-14 16:23:46.592958+00
46	rest_api	0020_remove_reference_standard	2025-02-14 16:23:46.597889+00
47	rest_api	0021_remove_alignment_element_remove_mutation_element_and_more	2025-02-14 16:23:46.658081+00
48	rest_api	0022_mutation_type	2025-02-14 16:23:46.665534+00
49	rest_api	0023_mutation_mutation_gene_id_2f1f1c_idx_and_more	2025-02-14 16:23:46.703447+00
50	rest_api	0024_mutation_mutation_label_94967f_idx	2025-02-14 16:23:46.711545+00
51	rest_api	0025_alignment_alignment_gene_id_81f250_idx	2025-02-14 16:23:46.719989+00
52	rest_api	0026_alignment2mutation_alignment2m_alignme_d1c719_idx	2025-02-14 16:23:46.730483+00
53	rest_api	0027_mutation_mutation_type_bf4ac1_idx	2025-02-14 16:23:46.743281+00
54	rest_api	0028_remove_mutation_mutation_label_94967f_idx_and_more	2025-02-14 16:23:46.798305+00
55	rest_api	0029_remove_alignment_alignment_gene_id_81f250_idx_and_more	2025-02-14 16:23:46.848312+00
56	rest_api	0030_delete_mutation2property	2025-02-14 16:23:46.856307+00
57	rest_api	0031_remove_annotationtype_test	2025-02-14 16:23:46.865262+00
58	rest_api	0032_annotationtype_impact	2025-02-14 16:23:46.868635+00
59	rest_api	0033_alter_alignment_id_alter_annotationtype_id_and_more	2025-02-14 16:23:46.952975+00
60	rest_api	0034_mutation_unique_mutation	2025-02-14 16:23:46.965092+00
61	rest_api	0035_mutation_unique_mutation_null_gene	2025-02-14 16:23:46.974858+00
62	rest_api	0036_alter_alignment2mutation_unique_together_and_more	2025-02-14 16:23:47.054128+00
63	rest_api	0037_mutation_unique_mutation_null_alt_and_more	2025-02-14 16:23:47.077786+00
64	rest_api	0038_annotationtype_unique_annotation_null_region	2025-02-14 16:23:47.08218+00
65	rest_api	0039_alter_gene_cds_accession_alter_gene_cds_symbol_and_more	2025-02-14 16:23:47.597033+00
66	rest_api	0040_alter_mutation_alt_alter_mutation_ref	2025-02-14 16:23:47.666915+00
67	rest_api	0041_reference_translation_id	2025-02-14 16:23:47.676611+00
68	rest_api	0042_alter_mutation_ref	2025-02-14 16:23:47.692052+00
69	rest_api	0043_alter_alignment_replicon_and_more	2025-02-14 16:23:47.824796+00
70	rest_api	0044_alter_mutation_gene_alter_mutation_replicon	2025-02-14 16:23:47.848773+00
71	rest_api	0045_alter_alignment_sequence	2025-02-14 16:23:47.861126+00
72	rest_api	0046_alter_alignment2mutation_mutation_and_more	2025-02-14 16:23:47.893591+00
73	rest_api	0047_alter_sample2property_value_float	2025-02-14 16:23:47.908247+00
74	rest_api	0048_lineage_lineagealias_delete_lineages_and_more	2025-02-14 16:23:47.956172+00
75	rest_api	0049_alter_mutation_alt	2025-02-14 16:23:47.972532+00
76	rest_api	0050_alter_sample_sequence	2025-02-14 16:23:47.987042+00
77	rest_api	0051_importlog_delete_entereddata_alter_sample_sequence_and_more	2025-02-14 16:23:48.010369+00
78	rest_api	0052_alter_mutation2annotation_alignment_and_more	2025-02-14 16:23:48.075347+00
79	rest_api	0053_fileprocessing_processingjob_and_more	2025-02-14 16:23:48.11955+00
80	rest_api	0054_alter_processingjob_entry_time_and_more	2025-02-14 16:23:48.134628+00
81	rest_api	0055_alter_gene_gene_accession	2025-02-14 16:23:48.156126+00
82	rest_api	0056_alter_mutation_alt_alter_mutation_ref	2025-02-14 16:23:48.192657+00
83	rest_api	0057_remove_sample_processing_date_and_more	2025-02-14 16:23:48.22082+00
84	rest_api	0058_remove_lineagealias_lineage_and_more	2025-02-14 16:23:48.26099+00
85	rest_api	0059_lineage_unique_lineage_parent_null	2025-02-14 16:23:48.265729+00
86	rest_api	0060_alter_importlog_type	2025-02-14 16:23:48.269118+00
87	rest_api	0061_auto_20241031_1135	2025-02-14 16:23:48.276489+00
88	rest_api	0062_sample_sample_name_be7a19_idx_and_more	2025-02-14 16:23:48.333776+00
89	rest_api	0063_remove_mutation_parent_id_mutation_parent	2025-02-14 16:23:48.372152+00
90	rest_api	0064_remove_mutation_alignments_remove_mutation_gene_and_more	2025-02-14 16:23:48.884046+00
91	rest_api	0065_nucleotidemutation_unique_nt_mutation_null_alt_null_ref	2025-02-14 16:23:48.894421+00
92	rest_api	0066_remove_nucleotidemutation_unique_nt_mutation_null_alt_and_more	2025-02-14 16:23:48.945863+00
93	rest_api	0067_remove_aminoacidmutation_unique_aa_mutation_null_gene_and_more	2025-02-14 16:23:49.154963+00
94	sessions	0001_initial	2025-02-14 16:23:49.168916+00
\.


--
-- Data for Name: django_session; Type: TABLE DATA; Schema: public; Owner: -
--

COPY public.django_session (session_key, session_data, expire_date) FROM stdin;
\.


--
-- Data for Name: file_processing; Type: TABLE DATA; Schema: public; Owner: -
--

COPY public.file_processing (id, file_name, processing_job_id) FROM stdin;
1	2025-02-14_16-24-21.017.1039c6.zip	1
2	2025-02-14_16-24-40.618.cd1b70.zip	2
3	2025-02-14_16-24-46.086.cli_prop_c4b4444e-ede3-47ac-bb14-8160171ec7fd.zip	3
\.


--
-- Data for Name: gene; Type: TABLE DATA; Schema: public; Owner: -
--

COPY public.gene (id, description, start, "end", strand, gene_symbol, gene_accession, gene_sequence, cds_sequence, replicon_id, cds_accession, cds_symbol) FROM stdin;
1	envelope protein	26244	26472	1	E	E	ATGTACTCATTCGTTTCGGAAGAGACAGGTACGTTAATAGTTAATAGCGTACTTCTTTTTCTTGCTTTCGTGGTATTCTTGCTAGTTACACTAGCCATCCTTACTGCGCTTCGATTGTGTGCGTACTGCTGCAATATTGTTAACGTGAGTCTTGTAAAACCTTCTTTTTACGTTTACTCTCGTGTTAAAAATCTGAATTCTTCTAGAGTTCCTGATCTTCTGGTCTAA	MYSFVSEETGTLIVNSVLLFLAFVVFLLVTLAILTALRLCAYCCNIVNVSLVKPSFYVYSRVKNLNSSRVPDLLV	1	QHD43418.1	E
2	membrane glycoprotein	26522	27191	1	M	M	ATGGCAGATTCCAACGGTACTATTACCGTTGAAGAGCTTAAAAAGCTCCTTGAACAATGGAACCTAGTAATAGGTTTCCTATTCCTTACATGGATTTGTCTTCTACAATTTGCCTATGCCAACAGGAATAGGTTTTTGTATATAATTAAGTTAATTTTCCTCTGGCTGTTATGGCCAGTAACTTTAGCTTGTTTTGTGCTTGCTGCTGTTTACAGAATAAATTGGATCACCGGTGGAATTGCTATCGCAATGGCTTGTCTTGTAGGCTTGATGTGGCTCAGCTACTTCATTGCTTCTTTCAGACTGTTTGCGCGTACGCGTTCCATGTGGTCATTCAATCCAGAAACTAACATTCTTCTCAACGTGCCACTCCATGGCACTATTCTGACCAGACCGCTTCTAGAAAGTGAACTCGTAATCGGAGCTGTGATCCTTCGTGGACATCTTCGTATTGCTGGACACCATCTAGGACGCTGTGACATCAAGGACCTGCCTAAAGAAATCACTGTTGCTACATCACGAACGCTTTCTTATTACAAATTGGGAGCTTCGCAGCGTGTAGCAGGTGACTCAGGTTTTGCTGCATACAGTCGCTACAGGATTGGCAACTATAAATTAAACACAGACCATTCCAGTAGCAGTGACAATATTGCTTTGCTTGTACAGTAA	MADSNGTITVEELKKLLEQWNLVIGFLFLTWICLLQFAYANRNRFLYIIKLIFLWLLWPVTLACFVLAAVYRINWITGGIAIAMACLVGLMWLSYFIASFRLFARTRSMWSFNPETNILLNVPLHGTILTRPLLESELVIGAVILRGHLRIAGHHLGRCDIKDLPKEITVATSRTLSYYKLGASQRVAGDSGFAAYSRYRIGNYKLNTDHSSSSDNIALLVQ	1	QHD43419.1	M
3	nucleocapsid phosphoprotein	28273	29533	1	N	N	ATGTCTGATAATGGACCCCAAAATCAGCGAAATGCACCCCGCATTACGTTTGGTGGACCCTCAGATTCAACTGGCAGTAACCAGAATGGAGAACGCAGTGGGGCGCGATCAAAACAACGTCGGCCCCAAGGTTTACCCAATAATACTGCGTCTTGGTTCACCGCTCTCACTCAACATGGCAAGGAAGACCTTAAATTCCCTCGAGGACAAGGCGTTCCAATTAACACCAATAGCAGTCCAGATGACCAAATTGGCTACTACCGAAGAGCTACCAGACGAATTCGTGGTGGTGACGGTAAAATGAAAGATCTCAGTCCAAGATGGTATTTCTACTACCTAGGAACTGGGCCAGAAGCTGGACTTCCCTATGGTGCTAACAAAGACGGCATCATATGGGTTGCAACTGAGGGAGCCTTGAATACACCAAAAGATCACATTGGCACCCGCAATCCTGCTAACAATGCTGCAATCGTGCTACAACTTCCTCAAGGAACAACATTGCCAAAAGGCTTCTACGCAGAAGGGAGCAGAGGCGGCAGTCAAGCCTCTTCTCGTTCCTCATCACGTAGTCGCAACAGTTCAAGAAATTCAACTCCAGGCAGCAGTAGGGGAACTTCTCCTGCTAGAATGGCTGGCAATGGCGGTGATGCTGCTCTTGCTTTGCTGCTGCTTGACAGATTGAACCAGCTTGAGAGCAAAATGTCTGGTAAAGGCCAACAACAACAAGGCCAAACTGTCACTAAGAAATCTGCTGCTGAGGCTTCTAAGAAGCCTCGGCAAAAACGTACTGCCACTAAAGCATACAATGTAACACAAGCTTTCGGCAGACGTGGTCCAGAACAAACCCAAGGAAATTTTGGGGACCAGGAACTAATCAGACAAGGAACTGATTACAAACATTGGCCGCAAATTGCACAATTTGCCCCCAGCGCTTCAGCGTTCTTCGGAATGTCGCGCATTGGCATGGAAGTCACACCTTCGGGAACGTGGTTGACCTACACAGGTGCCATCAAATTGGATGACAAAGATCCAAATTTCAAAGATCAAGTCATTTTGCTGAATAAGCATATTGACGCATACAAAACATTCCCACCAACAGAGCCTAAAAAGGACAAAAAGAAGAAGGCTGATGAAACTCAAGCCTTACCGCAGAGACAGAAGAAACAGCAAACTGTGACTCTTCTTCCTGCTGCAGATTTGGATGATTTCTCCAAACAATTGCAACAATCCATGAGCAGTGCTGACTCAACTCAGGCCTAA	MSDNGPQNQRNAPRITFGGPSDSTGSNQNGERSGARSKQRRPQGLPNNTASWFTALTQHGKEDLKFPRGQGVPINTNSSPDDQIGYYRRATRRIRGGDGKMKDLSPRWYFYYLGTGPEAGLPYGANKDGIIWVATEGALNTPKDHIGTRNPANNAAIVLQLPQGTTLPKGFYAEGSRGGSQASSRSSSRSRNSSRNSTPGSSRGTSPARMAGNGGDAALALLLLDRLNQLESKMSGKGQQQQGQTVTKKSAAEASKKPRQKRTATKAYNVTQAFGRRGPEQTQGNFGDQELIRQGTDYKHWPQIAQFAPSASAFFGMSRIGMEVTPSGTWLTYTGAIKLDDKDPNFKDQVILLNKHIDAYKTFPPTEPKKDKKKKADETQALPQRQKKQQTVTLLPAADLDDFSKQLQQSMSSADSTQA	1	QHD43423.2	N
4		265	13468	1	ORF1a	ORF1a	ATGGAGAGCCTTGTCCCTGGTTTCAACGAGAAAACACACGTCCAACTCAGTTTGCCTGTTTTACAGGTTCGCGACGTGCTCGTACGTGGCTTTGGAGACTCCGTGGAGGAGGTCTTATCAGAGGCACGTCAACATCTTAAAGATGGCACTTGTGGCTTAGTAGAAGTTGAAAAAGGCGTTTTGCCTCAACTTGAACAGCCCTATGTGTTCATCAAACGTTCGGATGCTCGAACTGCACCTCATGGTCATGTTATGGTTGAGCTGGTAGCAGAACTCGAAGGCATTCAGTACGGTCGTAGTGGTGAGACACTTGGTGTCCTTGTCCCTCATGTGGGCGAAATACCAGTGGCTTACCGCAAGGTTCTTCTTCGTAAGAACGGTAATAAAGGAGCTGGTGGCCATAGTTACGGCGCCGATCTAAAGTCATTTGACTTAGGCGACGAGCTTGGCACTGATCCTTATGAAGATTTTCAAGAAAACTGGAACACTAAACATAGCAGTGGTGTTACCCGTGAACTCATGCGTGAGCTTAACGGAGGGGCATACACTCGCTATGTCGATAACAACTTCTGTGGCCCTGATGGCTACCCTCTTGAGTGCATTAAAGACCTTCTAGCACGTGCTGGTAAAGCTTCATGCACTTTGTCCGAACAACTGGACTTTATTGACACTAAGAGGGGTGTATACTGCTGCCGTGAACATGAGCATGAAATTGCTTGGTACACGGAACGTTCTGAAAAGAGCTATGAATTGCAGACACCTTTTGAAATTAAATTGGCAAAGAAATTTGACACCTTCAATGGGGAATGTCCAAATTTTGTATTTCCCTTAAATTCCATAATCAAGACTATTCAACCAAGGGTTGAAAAGAAAAAGCTTGATGGCTTTATGGGTAGAATTCGATCTGTCTATCCAGTTGCGTCACCAAATGAATGCAACCAAATGTGCCTTTCAACTCTCATGAAGTGTGATCATTGTGGTGAAACTTCATGGCAGACGGGCGATTTTGTTAAAGCCACTTGCGAATTTTGTGGCACTGAGAATTTGACTAAAGAAGGTGCCACTACTTGTGGTTACTTACCCCAAAATGCTGTTGTTAAAATTTATTGTCCAGCATGTCACAATTCAGAAGTAGGACCTGAGCATAGTCTTGCCGAATACCATAATGAATCTGGCTTGAAAACCATTCTTCGTAAGGGTGGTCGCACTATTGCCTTTGGAGGCTGTGTGTTCTCTTATGTTGGTTGCCATAACAAGTGTGCCTATTGGGTTCCACGTGCTAGCGCTAACATAGGTTGTAACCATACAGGTGTTGTTGGAGAAGGTTCCGAAGGTCTTAATGACAACCTTCTTGAAATACTCCAAAAAGAGAAAGTCAACATCAATATTGTTGGTGACTTTAAACTTAATGAAGAGATCGCCATTATTTTGGCATCTTTTTCTGCTTCCACAAGTGCTTTTGTGGAAACTGTGAAAGGTTTGGATTATAAAGCATTCAAACAAATTGTTGAATCCTGTGGTAATTTTAAAGTTACAAAAGGAAAAGCTAAAAAAGGTGCCTGGAATATTGGTGAACAGAAATCAATACTGAGTCCTCTTTATGCATTTGCATCAGAGGCTGCTCGTGTTGTACGATCAATTTTCTCCCGCACTCTTGAAACTGCTCAAAATTCTGTGCGTGTTTTACAGAAGGCCGCTATAACAATACTAGATGGAATTTCACAGTATTCACTGAGACTCATTGATGCTATGATGTTCACATCTGATTTGGCTACTAACAATCTAGTTGTAATGGCCTACATTACAGGTGGTGTTGTTCAGTTGACTTCGCAGTGGCTAACTAACATCTTTGGCACTGTTTATGAAAAACTCAAACCCGTCCTTGATTGGCTTGAAGAGAAGTTTAAGGAAGGTGTAGAGTTTCTTAGAGACGGTTGGGAAATTGTTAAATTTATCTCAACCTGTGCTTGTGAAATTGTCGGTGGACAAATTGTCACCTGTGCAAAGGAAATTAAGGAGAGTGTTCAGACATTCTTTAAGCTTGTAAATAAATTTTTGGCTTTGTGTGCTGACTCTATCATTATTGGTGGAGCTAAACTTAAAGCCTTGAATTTAGGTGAAACATTTGTCACGCACTCAAAGGGATTGTACAGAAAGTGTGTTAAATCCAGAGAAGAAACTGGCCTACTCATGCCTCTAAAAGCCCCAAAAGAAATTATCTTCTTAGAGGGAGAAACACTTCCCACAGAAGTGTTAACAGAGGAAGTTGTCTTGAAAACTGGTGATTTACAACCATTAGAACAACCTACTAGTGAAGCTGTTGAAGCTCCATTGGTTGGTACACCAGTTTGTATTAACGGGCTTATGTTGCTCGAAATCAAAGACACAGAAAAGTACTGTGCCCTTGCACCTAATATGATGGTAACAAACAATACCTTCACACTCAAAGGCGGTGCACCAACAAAGGTTACTTTTGGTGATGACACTGTGATAGAAGTGCAAGGTTACAAGAGTGTGAATATCACTTTTGAACTTGATGAAAGGATTGATAAAGTACTTAATGAGAAGTGCTCTGCCTATACAGTTGAACTCGGTACAGAAGTAAATGAGTTCGCCTGTGTTGTGGCAGATGCTGTCATAAAAACTTTGCAACCAGTATCTGAATTACTTACACCACTGGGCATTGATTTAGATGAGTGGAGTATGGCTACATACTACTTATTTGATGAGTCTGGTGAGTTTAAATTGGCTTCACATATGTATTGTTCTTTCTACCCTCCAGATGAGGATGAAGAAGAAGGTGATTGTGAAGAAGAAGAGTTTGAGCCATCAACTCAATATGAGTATGGTACTGAAGATGATTACCAAGGTAAACCTTTGGAATTTGGTGCCACTTCTGCTGCTCTTCAACCTGAAGAAGAGCAAGAAGAAGATTGGTTAGATGATGATAGTCAACAAACTGTTGGTCAACAAGACGGCAGTGAGGACAATCAGACAACTACTATTCAAACAATTGTTGAGGTTCAACCTCAATTAGAGATGGAACTTACACCAGTTGTTCAGACTATTGAAGTGAATAGTTTTAGTGGTTATTTAAAACTTACTGACAATGTATACATTAAAAATGCAGACATTGTGGAAGAAGCTAAAAAGGTAAAACCAACAGTGGTTGTTAATGCAGCCAATGTTTACCTTAAACATGGAGGAGGTGTTGCAGGAGCCTTAAATAAGGCTACTAACAATGCCATGCAAGTTGAATCTGATGATTACATAGCTACTAATGGACCACTTAAAGTGGGTGGTAGTTGTGTTTTAAGCGGACACAATCTTGCTAAACACTGTCTTCATGTTGTCGGCCCAAATGTTAACAAAGGTGAAGACATTCAACTTCTTAAGAGTGCTTATGAAAATTTTAATCAGCACGAAGTTCTACTTGCACCATTATTATCAGCTGGTATTTTTGGTGCTGACCCTATACATTCTTTAAGAGTTTGTGTAGATACTGTTCGCACAAATGTCTACTTAGCTGTCTTTGATAAAAATCTCTATGACAAACTTGTTTCAAGCTTTTTGGAAATGAAGAGTGAAAAGCAAGTTGAACAAAAGATCGCTGAGATTCCTAAAGAGGAAGTTAAGCCATTTATAACTGAAAGTAAACCTTCAGTTGAACAGAGAAAACAAGATGATAAGAAAATCAAAGCTTGTGTTGAAGAAGTTACAACAACTCTGGAAGAAACTAAGTTCCTCACAGAAAACTTGTTACTTTATATTGACATTAATGGCAATCTTCATCCAGATTCTGCCACTCTTGTTAGTGACATTGACATCACTTTCTTAAAGAAAGATGCTCCATATATAGTGGGTGATGTTGTTCAAGAGGGTGTTTTAACTGCTGTGGTTATACCTACTAAAAAGGCTGGTGGCACTACTGAAATGCTAGCGAAAGCTTTGAGAAAAGTGCCAACAGACAATTATATAACCACTTACCCGGGTCAGGGTTTAAATGGTTACACTGTAGAGGAGGCAAAGACAGTGCTTAAAAAGTGTAAAAGTGCCTTTTACATTCTACCATCTATTATCTCTAATGAGAAGCAAGAAATTCTTGGAACTGTTTCTTGGAATTTGCGAGAAATGCTTGCACATGCAGAAGAAACACGCAAATTAATGCCTGTCTGTGTGGAAACTAAAGCCATAGTTTCAACTATACAGCGTAAATATAAGGGTATTAAAATACAAGAGGGTGTGGTTGATTATGGTGCTAGATTTTACTTTTACACCAGTAAAACAACTGTAGCGTCACTTATCAACACACTTAACGATCTAAATGAAACTCTTGTTACAATGCCACTTGGCTATGTAACACATGGCTTAAATTTGGAAGAAGCTGCTCGGTATATGAGATCTCTCAAAGTGCCAGCTACAGTTTCTGTTTCTTCACCTGATGCTGTTACAGCGTATAATGGTTATCTTACTTCTTCTTCTAAAACACCTGAAGAACATTTTATTGAAACCATCTCACTTGCTGGTTCCTATAAAGATTGGTCCTATTCTGGACAATCTACACAACTAGGTATAGAATTTCTTAAGAGAGGTGATAAAAGTGTATATTACACTAGTAATCCTACCACATTCCACCTAGATGGTGAAGTTATCACCTTTGACAATCTTAAGACACTTCTTTCTTTGAGAGAAGTGAGGACTATTAAGGTGTTTACAACAGTAGACAACATTAACCTCCACACGCAAGTTGTGGACATGTCAATGACATATGGACAACAGTTTGGTCCAACTTATTTGGATGGAGCTGATGTTACTAAAATAAAACCTCATAATTCACATGAAGGTAAAACATTTTATGTTTTACCTAATGATGACACTCTACGTGTTGAGGCTTTTGAGTACTACCACACAACTGATCCTAGTTTTCTGGGTAGGTACATGTCAGCATTAAATCACACTAAAAAGTGGAAATACCCACAAGTTAATGGTTTAACTTCTATTAAATGGGCAGATAACAACTGTTATCTTGCCACTGCATTGTTAACACTCCAACAAATAGAGTTGAAGTTTAATCCACCTGCTCTACAAGATGCTTATTACAGAGCAAGGGCTGGTGAAGCTGCTAACTTTTGTGCACTTATCTTAGCCTACTGTAATAAGACAGTAGGTGAGTTAGGTGATGTTAGAGAAACAATGAGTTACTTGTTTCAACATGCCAATTTAGATTCTTGCAAAAGAGTCTTGAACGTGGTGTGTAAAACTTGTGGACAACAGCAGACAACCCTTAAGGGTGTAGAAGCTGTTATGTACATGGGCACACTTTCTTATGAACAATTTAAGAAAGGTGTTCAGATACCTTGTACGTGTGGTAAACAAGCTACAAAATATCTAGTACAACAGGAGTCACCTTTTGTTATGATGTCAGCACCACCTGCTCAGTATGAACTTAAGCATGGTACATTTACTTGTGCTAGTGAGTACACTGGTAATTACCAGTGTGGTCACTATAAACATATAACTTCTAAAGAAACTTTGTATTGCATAGACGGTGCTTTACTTACAAAGTCCTCAGAATACAAAGGTCCTATTACGGATGTTTTCTACAAAGAAAACAGTTACACAACAACCATAAAACCAGTTACTTATAAATTGGATGGTGTTGTTTGTACAGAAATTGACCCTAAGTTGGACAATTATTATAAGAAAGACAATTCTTATTTCACAGAGCAACCAATTGATCTTGTACCAAACCAACCATATCCAAACGCAAGCTTCGATAATTTTAAGTTTGTATGTGATAATATCAAATTTGCTGATGATTTAAACCAGTTAACTGGTTATAAGAAACCTGCTTCAAGAGAGCTTAAAGTTACATTTTTCCCTGACTTAAATGGTGATGTGGTGGCTATTGATTATAAACACTACACACCCTCTTTTAAGAAAGGAGCTAAATTGTTACATAAACCTATTGTTTGGCATGTTAACAATGCAACTAATAAAGCCACGTATAAACCAAATACCTGGTGTATACGTTGTCTTTGGAGCACAAAACCAGTTGAAACATCAAATTCGTTTGATGTACTGAAGTCAGAGGACGCGCAGGGAATGGATAATCTTGCCTGCGAAGATCTAAAACCAGTCTCTGAAGAAGTAGTGGAAAATCCTACCATACAGAAAGACGTTCTTGAGTGTAATGTGAAAACTACCGAAGTTGTAGGAGACATTATACTTAAACCAGCAAATAATAGTTTAAAAATTACAGAAGAGGTTGGCCACACAGATCTAATGGCTGCTTATGTAGACAATTCTAGTCTTACTATTAAGAAACCTAATGAATTATCTAGAGTATTAGGTTTGAAAACCCTTGCTACTCATGGTTTAGCTGCTGTTAATAGTGTCCCTTGGGATACTATAGCTAATTATGCTAAGCCTTTTCTTAACAAAGTTGTTAGTACAACTACTAACATAGTTACACGGTGTTTAAACCGTGTTTGTACTAATTATATGCCTTATTTCTTTACTTTATTGCTACAATTGTGTACTTTTACTAGAAGTACAAATTCTAGAATTAAAGCATCTATGCCGACTACTATAGCAAAGAATACTGTTAAGAGTGTCGGTAAATTTTGTCTAGAGGCTTCATTTAATTATTTGAAGTCACCTAATTTTTCTAAACTGATAAATATTATAATTTGGTTTTTACTATTAAGTGTTTGCCTAGGTTCTTTAATCTACTCAACCGCTGCTTTAGGTGTTTTAATGTCTAATTTAGGCATGCCTTCTTACTGTACTGGTTACAGAGAAGGCTATTTGAACTCTACTAATGTCACTATTGCAACCTACTGTACTGGTTCTATACCTTGTAGTGTTTGTCTTAGTGGTTTAGATTCTTTAGACACCTATCCTTCTTTAGAAACTATACAAATTACCATTTCATCTTTTAAATGGGATTTAACTGCTTTTGGCTTAGTTGCAGAGTGGTTTTTGGCATATATTCTTTTCACTAGGTTTTTCTATGTACTTGGATTGGCTGCAATCATGCAATTGTTTTTCAGCTATTTTGCAGTACATTTTATTAGTAATTCTTGGCTTATGTGGTTAATAATTAATCTTGTACAAATGGCCCCGATTTCAGCTATGGTTAGAATGTACATCTTCTTTGCATCATTTTATTATGTATGGAAAAGTTATGTGCATGTTGTAGACGGTTGTAATTCATCAACTTGTATGATGTGTTACAAACGTAATAGAGCAACAAGAGTCGAATGTACAACTATTGTTAATGGTGTTAGAAGGTCCTTTTATGTCTATGCTAATGGAGGTAAAGGCTTTTGCAAACTACACAATTGGAATTGTGTTAATTGTGATACATTCTGTGCTGGTAGTACATTTATTAGTGATGAAGTTGCGAGAGACTTGTCACTACAGTTTAAAAGACCAATAAATCCTACTGACCAGTCTTCTTACATCGTTGATAGTGTTACAGTGAAGAATGGTTCCATCCATCTTTACTTTGATAAAGCTGGTCAAAAGACTTATGAAAGACATTCTCTCTCTCATTTTGTTAACTTAGACAACCTGAGAGCTAATAACACTAAAGGTTCATTGCCTATTAATGTTATAGTTTTTGATGGTAAATCAAAATGTGAAGAATCATCTGCAAAATCAGCGTCTGTTTACTACAGTCAGCTTATGTGTCAACCTATACTGTTACTAGATCAGGCATTAGTGTCTGATGTTGGTGATAGTGCGGAAGTTGCAGTTAAAATGTTTGATGCTTACGTTAATACGTTTTCATCAACTTTTAACGTACCAATGGAAAAACTCAAAACACTAGTTGCAACTGCAGAAGCTGAACTTGCAAAGAATGTGTCCTTAGACAATGTCTTATCTACTTTTATTTCAGCAGCTCGGCAAGGGTTTGTTGATTCAGATGTAGAAACTAAAGATGTTGTTGAATGTCTTAAATTGTCACATCAATCTGACATAGAAGTTACTGGCGATAGTTGTAATAACTATATGCTCACCTATAACAAAGTTGAAAACATGACACCCCGTGACCTTGGTGCTTGTATTGACTGTAGTGCGCGTCATATTAATGCGCAGGTAGCAAAAAGTCACAACATTGCTTTGATATGGAACGTTAAAGATTTCATGTCATTGTCTGAACAACTACGAAAACAAATACGTAGTGCTGCTAAAAAGAATAACTTACCTTTTAAGTTGACATGTGCAACTACTAGACAAGTTGTTAATGTTGTAACAACAAAGATAGCACTTAAGGGTGGTAAAATTGTTAATAATTGGTTGAAGCAGTTAATTAAAGTTACACTTGTGTTCCTTTTTGTTGCTGCTATTTTCTATTTAATAACACCTGTTCATGTCATGTCTAAACATACTGACTTTTCAAGTGAAATCATAGGATACAAGGCTATTGATGGTGGTGTCACTCGTGACATAGCATCTACAGATACTTGTTTTGCTAACAAACATGCTGATTTTGACACATGGTTTAGCCAGCGTGGTGGTAGTTATACTAATGACAAAGCTTGCCCATTGATTGCTGCAGTCATAACAAGAGAAGTGGGTTTTGTCGTGCCTGGTTTGCCTGGCACGATATTACGCACAACTAATGGTGACTTTTTGCATTTCTTACCTAGAGTTTTTAGTGCAGTTGGTAACATCTGTTACACACCATCAAAACTTATAGAGTACACTGACTTTGCAACATCAGCTTGTGTTTTGGCTGCTGAATGTACAATTTTTAAAGATGCTTCTGGTAAGCCAGTACCATATTGTTATGATACCAATGTACTAGAAGGTTCTGTTGCTTATGAAAGTTTACGCCCTGACACACGTTATGTGCTCATGGATGGCTCTATTATTCAATTTCCTAACACCTACCTTGAAGGTTCTGTTAGAGTGGTAACAACTTTTGATTCTGAGTACTGTAGGCACGGCACTTGTGAAAGATCAGAAGCTGGTGTTTGTGTATCTACTAGTGGTAGATGGGTACTTAACAATGATTATTACAGATCTTTACCAGGAGTTTTCTGTGGTGTAGATGCTGTAAATTTACTTACTAATATGTTTACACCACTAATTCAACCTATTGGTGCTTTGGACATATCAGCATCTATAGTAGCTGGTGGTATTGTAGCTATCGTAGTAACATGCCTTGCCTACTATTTTATGAGGTTTAGAAGAGCTTTTGGTGAATACAGTCATGTAGTTGCCTTTAATACTTTACTATTCCTTATGTCATTCACTGTACTCTGTTTAACACCAGTTTACTCATTCTTACCTGGTGTTTATTCTGTTATTTACTTGTACTTGACATTTTATCTTACTAATGATGTTTCTTTTTTAGCACATATTCAGTGGATGGTTATGTTCACACCTTTAGTACCTTTCTGGATAACAATTGCTTATATCATTTGTATTTCCACAAAGCATTTCTATTGGTTCTTTAGTAATTACCTAAAGAGACGTGTAGTCTTTAATGGTGTTTCCTTTAGTACTTTTGAAGAAGCTGCGCTGTGCACCTTTTTGTTAAATAAAGAAATGTATCTAAAGTTGCGTAGTGATGTGCTATTACCTCTTACGCAATATAATAGATACTTAGCTCTTTATAATAAGTACAAGTATTTTAGTGGAGCAATGGATACAACTAGCTACAGAGAAGCTGCTTGTTGTCATCTCGCAAAGGCTCTCAATGACTTCAGTAACTCAGGTTCTGATGTTCTTTACCAACCACCACAAACCTCTATCACCTCAGCTGTTTTGCAGAGTGGTTTTAGAAAAATGGCATTCCCATCTGGTAAAGTTGAGGGTTGTATGGTACAAGTAACTTGTGGTACAACTACACTTAACGGTCTTTGGCTTGATGACGTAGTTTACTGTCCAAGACATGTGATCTGCACCTCTGAAGACATGCTTAACCCTAATTATGAAGATTTACTCATTCGTAAGTCTAATCATAATTTCTTGGTACAGGCTGGTAATGTTCAACTCAGGGTTATTGGACATTCTATGCAAAATTGTGTACTTAAGCTTAAGGTTGATACAGCCAATCCTAAGACACCTAAGTATAAGTTTGTTCGCATTCAACCAGGACAGACTTTTTCAGTGTTAGCTTGTTACAATGGTTCACCATCTGGTGTTTACCAATGTGCTATGAGGCCCAATTTCACTATTAAGGGTTCATTCCTTAATGGTTCATGTGGTAGTGTTGGTTTTAACATAGATTATGACTGTGTCTCTTTTTGTTACATGCACCATATGGAATTACCAACTGGAGTTCATGCTGGCACAGACTTAGAAGGTAACTTTTATGGACCTTTTGTTGACAGGCAAACAGCACAAGCAGCTGGTACGGACACAACTATTACAGTTAATGTTTTAGCTTGGTTGTACGCTGCTGTTATAAATGGAGACAGGTGGTTTCTCAATCGATTTACCACAACTCTTAATGACTTTAACCTTGTGGCTATGAAGTACAATTATGAACCTCTAACACAAGACCATGTTGACATACTAGGACCTCTTTCTGCTCAAACTGGAATTGCCGTTTTAGATATGTGTGCTTCATTAAAAGAATTACTGCAAAATGGTATGAATGGACGTACCATATTGGGTAGTGCTTTATTAGAAGATGAATTTACACCTTTTGATGTTGTTAGACAATGCTCAGGTGTTACTTTCCAAAGTGCAGTGAAAAGAACAATCAAGGGTACACACCACTGGTTGTTACTCACAATTTTGACTTCACTTTTAGTTTTAGTCCAGAGTACTCAATGGTCTTTGTTCTTTTTTTTGTATGAAAATGCCTTTTTACCTTTTGCTATGGGTATTATTGCTATGTCTGCTTTTGCAATGATGTTTGTCAAACATAAGCATGCATTTCTCTGTTTGTTTTTGTTACCTTCTCTTGCCACTGTAGCTTATTTTAATATGGTCTATATGCCTGCTAGTTGGGTGATGCGTATTATGACATGGTTGGATATGGTTGATACTAGTTTGTCTGGTTTTAAGCTAAAAGACTGTGTTATGTATGCATCAGCTGTAGTGTTACTAATCCTTATGACAGCAAGAACTGTGTATGATGATGGTGCTAGGAGAGTGTGGACACTTATGAATGTCTTGACACTCGTTTATAAAGTTTATTATGGTAATGCTTTAGATCAAGCCATTTCCATGTGGGCTCTTATAATCTCTGTTACTTCTAACTACTCAGGTGTAGTTACAACTGTCATGTTTTTGGCCAGAGGTATTGTTTTTATGTGTGTTGAGTATTGCCCTATTTTCTTCATAACTGGTAATACACTTCAGTGTATAATGCTAGTTTATTGTTTCTTAGGCTATTTTTGTACTTGTTACTTTGGCCTCTTTTGTTTACTCAACCGCTACTTTAGACTGACTCTTGGTGTTTATGATTACTTAGTTTCTACACAGGAGTTTAGATATATGAATTCACAGGGACTACTCCCACCCAAGAATAGCATAGATGCCTTCAAACTCAACATTAAATTGTTGGGTGTTGGTGGCAAACCTTGTATCAAAGTAGCCACTGTACAGTCTAAAATGTCAGATGTAAAGTGCACATCAGTAGTCTTACTCTCAGTTTTGCAACAACTCAGAGTAGAATCATCATCTAAATTGTGGGCTCAATGTGTCCAGTTACACAATGACATTCTCTTAGCTAAAGATACTACTGAAGCCTTTGAAAAAATGGTTTCACTACTTTCTGTTTTGCTTTCCATGCAGGGTGCTGTAGACATAAACAAGCTTTGTGAAGAAATGCTGGACAACAGGGCAACCTTACAAGCTATAGCCTCAGAGTTTAGTTCCCTTCCATCATATGCAGCTTTTGCTACTGCTCAAGAAGCTTATGAGCAGGCTGTTGCTAATGGTGATTCTGAAGTTGTTCTTAAAAAGTTGAAGAAGTCTTTGAATGTGGCTAAATCTGAATTTGACCGTGATGCAGCCATGCAACGTAAGTTGGAAAAGATGGCTGATCAAGCTATGACCCAAATGTATAAACAGGCTAGATCTGAGGACAAGAGGGCAAAAGTTACTAGTGCTATGCAGACAATGCTTTTCACTATGCTTAGAAAGTTGGATAATGATGCACTCAACAACATTATCAACAATGCAAGAGATGGTTGTGTTCCCTTGAACATAATACCTCTTACAACAGCAGCCAAACTAATGGTTGTCATACCAGACTATAACACATATAAAAATACGTGTGATGGTACAACATTTACTTATGCATCAGCATTGTGGGAAATCCAACAGGTTGTAGATGCAGATAGTAAAATTGTTCAACTTAGTGAAATTAGTATGGACAATTCACCTAATTTAGCATGGCCTCTTATTGTAACAGCTTTAAGGGCCAATTCTGCTGTCAAATTACAGAATAATGAGCTTAGTCCTGTTGCACTACGACAGATGTCTTGTGCTGCCGGTACTACACAAACTGCTTGCACTGATGACAATGCGTTAGCTTACTACAACACAACAAAGGGAGGTAGGTTTGTACTTGCACTGTTATCCGATTTACAGGATTTGAAATGGGCTAGATTCCCTAAGAGTGATGGAACTGGTACTATCTATACAGAACTGGAACCACCTTGTAGGTTTGTTACAGACACACCTAAAGGTCCTAAAGTGAAGTATTTATACTTTATTAAAGGATTAAACAACCTAAATAGAGGTATGGTACTTGGTAGTTTAGCTGCCACAGTACGTCTACAAGCTGGTAATGCAACAGAAGTGCCTGCCAATTCAACTGTATTATCTTTCTGTGCTTTTGCTGTAGATGCTGCTAAAGCTTACAAAGATTATCTAGCTAGTGGGGGACAACCAATCACTAATTGTGTTAAGATGTTGTGTACACACACTGGTACTGGTCAGGCAATAACAGTTACACCGGAAGCCAATATGGATCAAGAATCCTTTGGTGGTGCATCGTGTTGTCTGTACTGCCGTTGCCACATAGATCATCCAAATCCTAAAGGATTTTGTGACTTAAAAGGTAAGTATGTACAAATACCTACAACTTGTGCTAATGACCCTGTGGGTTTTACACTTAAAAACACAGTCTGTACCGTCTGCGGTATGTGGAAAGGTTATGGCTGTAGTTGTGATCAACTCCGCGAACCCATGCTTCAGTCAGCTGATGCACAATCGTTTTTAAAC	MESLVPGFNEKTHVQLSLPVLQVRDVLVRGFGDSVEEVLSEARQHLKDGTCGLVEVEKGVLPQLEQPYVFIKRSDARTAPHGHVMVELVAELEGIQYGRSGETLGVLVPHVGEIPVAYRKVLLRKNGNKGAGGHSYGADLKSFDLGDELGTDPYEDFQENWNTKHSSGVTRELMRELNGGAYTRYVDNNFCGPDGYPLECIKDLLARAGKASCTLSEQLDFIDTKRGVYCCREHEHEIAWYTERSEKSYELQTPFEIKLAKKFDTFNGECPNFVFPLNSIIKTIQPRVEKKKLDGFMGRIRSVYPVASPNECNQMCLSTLMKCDHCGETSWQTGDFVKATCEFCGTENLTKEGATTCGYLPQNAVVKIYCPACHNSEVGPEHSLAEYHNESGLKTILRKGGRTIAFGGCVFSYVGCHNKCAYWVPRASANIGCNHTGVVGEGSEGLNDNLLEILQKEKVNINIVGDFKLNEEIAIILASFSASTSAFVETVKGLDYKAFKQIVESCGNFKVTKGKAKKGAWNIGEQKSILSPLYAFASEAARVVRSIFSRTLETAQNSVRVLQKAAITILDGISQYSLRLIDAMMFTSDLATNNLVVMAYITGGVVQLTSQWLTNIFGTVYEKLKPVLDWLEEKFKEGVEFLRDGWEIVKFISTCACEIVGGQIVTCAKEIKESVQTFFKLVNKFLALCADSIIIGGAKLKALNLGETFVTHSKGLYRKCVKSREETGLLMPLKAPKEIIFLEGETLPTEVLTEEVVLKTGDLQPLEQPTSEAVEAPLVGTPVCINGLMLLEIKDTEKYCALAPNMMVTNNTFTLKGGAPTKVTFGDDTVIEVQGYKSVNITFELDERIDKVLNEKCSAYTVELGTEVNEFACVVADAVIKTLQPVSELLTPLGIDLDEWSMATYYLFDESGEFKLASHMYCSFYPPDEDEEEGDCEEEEFEPSTQYEYGTEDDYQGKPLEFGATSAALQPEEEQEEDWLDDDSQQTVGQQDGSEDNQTTTIQTIVEVQPQLEMELTPVVQTIEVNSFSGYLKLTDNVYIKNADIVEEAKKVKPTVVVNAANVYLKHGGGVAGALNKATNNAMQVESDDYIATNGPLKVGGSCVLSGHNLAKHCLHVVGPNVNKGEDIQLLKSAYENFNQHEVLLAPLLSAGIFGADPIHSLRVCVDTVRTNVYLAVFDKNLYDKLVSSFLEMKSEKQVEQKIAEIPKEEVKPFITESKPSVEQRKQDDKKIKACVEEVTTTLEETKFLTENLLLYIDINGNLHPDSATLVSDIDITFLKKDAPYIVGDVVQEGVLTAVVIPTKKAGGTTEMLAKALRKVPTDNYITTYPGQGLNGYTVEEAKTVLKKCKSAFYILPSIISNEKQEILGTVSWNLREMLAHAEETRKLMPVCVETKAIVSTIQRKYKGIKIQEGVVDYGARFYFYTSKTTVASLINTLNDLNETLVTMPLGYVTHGLNLEEAARYMRSLKVPATVSVSSPDAVTAYNGYLTSSSKTPEEHFIETISLAGSYKDWSYSGQSTQLGIEFLKRGDKSVYYTSNPTTFHLDGEVITFDNLKTLLSLREVRTIKVFTTVDNINLHTQVVDMSMTYGQQFGPTYLDGADVTKIKPHNSHEGKTFYVLPNDDTLRVEAFEYYHTTDPSFLGRYMSALNHTKKWKYPQVNGLTSIKWADNNCYLATALLTLQQIELKFNPPALQDAYYRARAGEAANFCALILAYCNKTVGELGDVRETMSYLFQHANLDSCKRVLNVVCKTCGQQQTTLKGVEAVMYMGTLSYEQFKKGVQIPCTCGKQATKYLVQQESPFVMMSAPPAQYELKHGTFTCASEYTGNYQCGHYKHITSKETLYCIDGALLTKSSEYKGPITDVFYKENSYTTTIKPVTYKLDGVVCTEIDPKLDNYYKKDNSYFTEQPIDLVPNQPYPNASFDNFKFVCDNIKFADDLNQLTGYKKPASRELKVTFFPDLNGDVVAIDYKHYTPSFKKGAKLLHKPIVWHVNNATNKATYKPNTWCIRCLWSTKPVETSNSFDVLKSEDAQGMDNLACEDLKPVSEEVVENPTIQKDVLECNVKTTEVVGDIILKPANNSLKITEEVGHTDLMAAYVDNSSLTIKKPNELSRVLGLKTLATHGLAAVNSVPWDTIANYAKPFLNKVVSTTTNIVTRCLNRVCTNYMPYFFTLLLQLCTFTRSTNSRIKASMPTTIAKNTVKSVGKFCLEASFNYLKSPNFSKLINIIIWFLLLSVCLGSLIYSTAALGVLMSNLGMPSYCTGYREGYLNSTNVTIATYCTGSIPCSVCLSGLDSLDTYPSLETIQITISSFKWDLTAFGLVAEWFLAYILFTRFFYVLGLAAIMQLFFSYFAVHFISNSWLMWLIINLVQMAPISAMVRMYIFFASFYYVWKSYVHVVDGCNSSTCMMCYKRNRATRVECTTIVNGVRRSFYVYANGGKGFCKLHNWNCVNCDTFCAGSTFISDEVARDLSLQFKRPINPTDQSSYIVDSVTVKNGSIHLYFDKAGQKTYERHSLSHFVNLDNLRANNTKGSLPINVIVFDGKSKCEESSAKSASVYYSQLMCQPILLLDQALVSDVGDSAEVAVKMFDAYVNTFSSTFNVPMEKLKTLVATAEAELAKNVSLDNVLSTFISAARQGFVDSDVETKDVVECLKLSHQSDIEVTGDSCNNYMLTYNKVENMTPRDLGACIDCSARHINAQVAKSHNIALIWNVKDFMSLSEQLRKQIRSAAKKNNLPFKLTCATTRQVVNVVTTKIALKGGKIVNNWLKQLIKVTLVFLFVAAIFYLITPVHVMSKHTDFSSEIIGYKAIDGGVTRDIASTDTCFANKHADFDTWFSQRGGSYTNDKACPLIAAVITREVGFVVPGLPGTILRTTNGDFLHFLPRVFSAVGNICYTPSKLIEYTDFATSACVLAAECTIFKDASGKPVPYCYDTNVLEGSVAYESLRPDTRYVLMDGSIIQFPNTYLEGSVRVVTTFDSEYCRHGTCERSEAGVCVSTSGRWVLNNDYYRSLPGVFCGVDAVNLLTNMFTPLIQPIGALDISASIVAGGIVAIVVTCLAYYFMRFRRAFGEYSHVVAFNTLLFLMSFTVLCLTPVYSFLPGVYSVIYLYLTFYLTNDVSFLAHIQWMVMFTPLVPFWITIAYIICISTKHFYWFFSNYLKRRVVFNGVSFSTFEEAALCTFLLNKEMYLKLRSDVLLPLTQYNRYLALYNKYKYFSGAMDTTSYREAACCHLAKALNDFSNSGSDVLYQPPQTSITSAVLQSGFRKMAFPSGKVEGCMVQVTCGTTTLNGLWLDDVVYCPRHVICTSEDMLNPNYEDLLIRKSNHNFLVQAGNVQLRVIGHSMQNCVLKLKVDTANPKTPKYKFVRIQPGQTFSVLACYNGSPSGVYQCAMRPNFTIKGSFLNGSCGSVGFNIDYDCVSFCYMHHMELPTGVHAGTDLEGNFYGPFVDRQTAQAAGTDTTITVNVLAWLYAAVINGDRWFLNRFTTTLNDFNLVAMKYNYEPLTQDHVDILGPLSAQTGIAVLDMCASLKELLQNGMNGRTILGSALLEDEFTPFDVVRQCSGVTFQSAVKRTIKGTHHWLLLTILTSLLVLVQSTQWSLFFFLYENAFLPFAMGIIAMSAFAMMFVKHKHAFLCLFLLPSLATVAYFNMVYMPASWVMRIMTWLDMVDTSLSGFKLKDCVMYASAVVLLILMTARTVYDDGARRVWTLMNVLTLVYKVYYGNALDQAISMWALIISVTSNYSGVVTTVMFLARGIVFMCVEYCPIFFITGNTLQCIMLVYCFLGYFCTCYFGLFCLLNRYFRLTLGVYDYLVSTQEFRYMNSQGLLPPKNSIDAFKLNIKLLGVGGKPCIKVATVQSKMSDVKCTSVVLLSVLQQLRVESSSKLWAQCVQLHNDILLAKDTTEAFEKMVSLLSVLLSMQGAVDINKLCEEMLDNRATLQAIASEFSSLPSYAAFATAQEAYEQAVANGDSEVVLKKLKKSLNVAKSEFDRDAAMQRKLEKMADQAMTQMYKQARSEDKRAKVTSAMQTMLFTMLRKLDNDALNNIINNARDGCVPLNIIPLTTAAKLMVVIPDYNTYKNTCDGTTFTYASALWEIQQVVDADSKIVQLSEISMDNSPNLAWPLIVTALRANSAVKLQNNELSPVALRQMSCAAGTTQTACTDDNALAYYNTTKGGRFVLALLSDLQDLKWARFPKSDGTGTIYTELEPPCRFVTDTPKGPKVKYLYFIKGLNNLNRGMVLGSLAATVRLQAGNATEVPANSTVLSFCAFAVDAAKAYKDYLASGGQPITNCVKMLCTHTGTGQAITVTPEANMDQESFGGASCCLYCRCHIDHPNPKGFCDLKGKYVQIPTTCANDPVGFTLKNTVCTVCGMWKGYGCSCDQLREPMLQSADAQSFLN	1	ORF1a	ORF1a
5		13467	21555	1	ORF1b	ORF1b	CGGGTTTGCGGTGTAAGTGCAGCCCGTCTTACACCGTGCGGCACAGGCACTAGTACTGATGTCGTATACAGGGCTTTTGACATCTACAATGATAAAGTAGCTGGTTTTGCTAAATTCCTAAAAACTAATTGTTGTCGCTTCCAAGAAAAGGACGAAGATGACAATTTAATTGATTCTTACTTTGTAGTTAAGAGACACACTTTCTCTAACTACCAACATGAAGAAACAATTTATAATTTACTTAAGGATTGTCCAGCTGTTGCTAAACATGACTTCTTTAAGTTTAGAATAGACGGTGACATGGTACCACATATATCACGTCAACGTCTTACTAAATACACAATGGCAGACCTCGTCTATGCTTTAAGGCATTTTGATGAAGGTAATTGTGACACATTAAAAGAAATACTTGTCACATACAATTGTTGTGATGATGATTATTTCAATAAAAAGGACTGGTATGATTTTGTAGAAAACCCAGATATATTACGCGTATACGCCAACTTAGGTGAACGTGTACGCCAAGCTTTGTTAAAAACAGTACAATTCTGTGATGCCATGCGAAATGCTGGTATTGTTGGTGTACTGACATTAGATAATCAAGATCTCAATGGTAACTGGTATGATTTCGGTGATTTCATACAAACCACGCCAGGTAGTGGAGTTCCTGTTGTAGATTCTTATTATTCATTGTTAATGCCTATATTAACCTTGACCAGGGCTTTAACTGCAGAGTCACATGTTGACACTGACTTAACAAAGCCTTACATTAAGTGGGATTTGTTAAAATATGACTTCACGGAAGAGAGGTTAAAACTCTTTGACCGTTATTTTAAATATTGGGATCAGACATACCACCCAAATTGTGTTAACTGTTTGGATGACAGATGCATTCTGCATTGTGCAAACTTTAATGTTTTATTCTCTACAGTGTTCCCACCTACAAGTTTTGGACCACTAGTGAGAAAAATATTTGTTGATGGTGTTCCATTTGTAGTTTCAACTGGATACCACTTCAGAGAGCTAGGTGTTGTACATAATCAGGATGTAAACTTACATAGCTCTAGACTTAGTTTTAAGGAATTACTTGTGTATGCTGCTGACCCTGCTATGCACGCTGCTTCTGGTAATCTATTACTAGATAAACGCACTACGTGCTTTTCAGTAGCTGCACTTACTAACAATGTTGCTTTTCAAACTGTCAAACCCGGTAATTTTAACAAAGACTTCTATGACTTTGCTGTGTCTAAGGGTTTCTTTAAGGAAGGAAGTTCTGTTGAATTAAAACACTTCTTCTTTGCTCAGGATGGTAATGCTGCTATCAGCGATTATGACTACTATCGTTATAATCTACCAACAATGTGTGATATCAGACAACTACTATTTGTAGTTGAAGTTGTTGATAAGTACTTTGATTGTTACGATGGTGGCTGTATTAATGCTAACCAAGTCATCGTCAACAACCTAGACAAATCAGCTGGTTTTCCATTTAATAAATGGGGTAAGGCTAGACTTTATTATGATTCAATGAGTTATGAGGATCAAGATGCACTTTTCGCATATACAAAACGTAATGTCATCCCTACTATAACTCAAATGAATCTTAAGTATGCCATTAGTGCAAAGAATAGAGCTCGCACCGTAGCTGGTGTCTCTATCTGTAGTACTATGACCAATAGACAGTTTCATCAAAAATTATTGAAATCAATAGCCGCCACTAGAGGAGCTACTGTAGTAATTGGAACAAGCAAATTCTATGGTGGTTGGCACAACATGTTAAAAACTGTTTATAGTGATGTAGAAAACCCTCACCTTATGGGTTGGGATTATCCTAAATGTGATAGAGCCATGCCTAACATGCTTAGAATTATGGCCTCACTTGTTCTTGCTCGCAAACATACAACGTGTTGTAGCTTGTCACACCGTTTCTATAGATTAGCTAATGAGTGTGCTCAAGTATTGAGTGAAATGGTCATGTGTGGCGGTTCACTATATGTTAAACCAGGTGGAACCTCATCAGGAGATGCCACAACTGCTTATGCTAATAGTGTTTTTAACATTTGTCAAGCTGTCACGGCCAATGTTAATGCACTTTTATCTACTGATGGTAACAAAATTGCCGATAAGTATGTCCGCAATTTACAACACAGACTTTATGAGTGTCTCTATAGAAATAGAGATGTTGACACAGACTTTGTGAATGAGTTTTACGCATATTTGCGTAAACATTTCTCAATGATGATACTCTCTGACGATGCTGTTGTGTGTTTCAATAGCACTTATGCATCTCAAGGTCTAGTGGCTAGCATAAAGAACTTTAAGTCAGTTCTTTATTATCAAAACAATGTTTTTATGTCTGAAGCAAAATGTTGGACTGAGACTGACCTTACTAAAGGACCTCATGAATTTTGCTCTCAACATACAATGCTAGTTAAACAGGGTGATGATTATGTGTACCTTCCTTACCCAGATCCATCAAGAATCCTAGGGGCCGGCTGTTTTGTAGATGATATCGTAAAAACAGATGGTACACTTATGATTGAACGGTTCGTGTCTTTAGCTATAGATGCTTACCCACTTACTAAACATCCTAATCAGGAGTATGCTGATGTCTTTCATTTGTACTTACAATACATAAGAAAGCTACATGATGAGTTAACAGGACACATGTTAGACATGTATTCTGTTATGCTTACTAATGATAACACTTCAAGGTATTGGGAACCTGAGTTTTATGAGGCTATGTACACACCGCATACAGTCTTACAGGCTGTTGGGGCTTGTGTTCTTTGCAATTCACAGACTTCATTAAGATGTGGTGCTTGCATACGTAGACCATTCTTATGTTGTAAATGCTGTTACGACCATGTCATATCAACATCACATAAATTAGTCTTGTCTGTTAATCCGTATGTTTGCAATGCTCCAGGTTGTGATGTCACAGATGTGACTCAACTTTACTTAGGAGGTATGAGCTATTATTGTAAATCACATAAACCACCCATTAGTTTTCCATTGTGTGCTAATGGACAAGTTTTTGGTTTATATAAAAATACATGTGTTGGTAGCGATAATGTTACTGACTTTAATGCAATTGCAACATGTGACTGGACAAATGCTGGTGATTACATTTTAGCTAACACCTGTACTGAAAGACTCAAGCTTTTTGCAGCAGAAACGCTCAAAGCTACTGAGGAGACATTTAAACTGTCTTATGGTATTGCTACTGTACGTGAAGTGCTGTCTGACAGAGAATTACATCTTTCATGGGAAGTTGGTAAACCTAGACCACCACTTAACCGAAATTATGTCTTTACTGGTTATCGTGTAACTAAAAACAGTAAAGTACAAATAGGAGAGTACACCTTTGAAAAAGGTGACTATGGTGATGCTGTTGTTTACCGAGGTACAACAACTTACAAATTAAATGTTGGTGATTATTTTGTGCTGACATCACATACAGTAATGCCATTAAGTGCACCTACACTAGTGCCACAAGAGCACTATGTTAGAATTACTGGCTTATACCCAACACTCAATATCTCAGATGAGTTTTCTAGCAATGTTGCAAATTATCAAAAGGTTGGTATGCAAAAGTATTCTACACTCCAGGGACCACCTGGTACTGGTAAGAGTCATTTTGCTATTGGCCTAGCTCTCTACTACCCTTCTGCTCGCATAGTGTATACAGCTTGCTCTCATGCCGCTGTTGATGCACTATGTGAGAAGGCATTAAAATATTTGCCTATAGATAAATGTAGTAGAATTATACCTGCACGTGCTCGTGTAGAGTGTTTTGATAAATTCAAAGTGAATTCAACATTAGAACAGTATGTCTTTTGTACTGTAAATGCATTGCCTGAGACGACAGCAGATATAGTTGTCTTTGATGAAATTTCAATGGCCACAAATTATGATTTGAGTGTTGTCAATGCCAGATTACGTGCTAAGCACTATGTGTACATTGGCGACCCTGCTCAATTACCTGCACCACGCACATTGCTAACTAAGGGCACACTAGAACCAGAATATTTCAATTCAGTGTGTAGACTTATGAAAACTATAGGTCCAGACATGTTCCTCGGAACTTGTCGGCGTTGTCCTGCTGAAATTGTTGACACTGTGAGTGCTTTGGTTTATGATAATAAGCTTAAAGCACATAAAGACAAATCAGCTCAATGCTTTAAAATGTTTTATAAGGGTGTTATCACGCATGATGTTTCATCTGCAATTAACAGGCCACAAATAGGCGTGGTAAGAGAATTCCTTACACGTAACCCTGCTTGGAGAAAAGCTGTCTTTATTTCACCTTATAATTCACAGAATGCTGTAGCCTCAAAGATTTTGGGACTACCAACTCAAACTGTTGATTCATCACAGGGCTCAGAATATGACTATGTCATATTCACTCAAACCACTGAAACAGCTCACTCTTGTAATGTAAACAGATTTAATGTTGCTATTACCAGAGCAAAAGTAGGCATACTTTGCATAATGTCTGATAGAGACCTTTATGACAAGTTGCAATTTACAAGTCTTGAAATTCCACGTAGGAATGTGGCAACTTTACAAGCTGAAAATGTAACAGGACTCTTTAAAGATTGTAGTAAGGTAATCACTGGGTTACATCCTACACAGGCACCTACACACCTCAGTGTTGACACTAAATTCAAAACTGAAGGTTTATGTGTTGACATACCTGGCATACCTAAGGACATGACCTATAGAAGACTCATCTCTATGATGGGTTTTAAAATGAATTATCAAGTTAATGGTTACCCTAACATGTTTATCACCCGCGAAGAAGCTATAAGACATGTACGTGCATGGATTGGCTTCGATGTCGAGGGGTGTCATGCTACTAGAGAAGCTGTTGGTACCAATTTACCTTTACAGCTAGGTTTTTCTACAGGTGTTAACCTAGTTGCTGTACCTACAGGTTATGTTGATACACCTAATAATACAGATTTTTCCAGAGTTAGTGCTAAACCACCGCCTGGAGATCAATTTAAACACCTCATACCACTTATGTACAAAGGACTTCCTTGGAATGTAGTGCGTATAAAGATTGTACAAATGTTAAGTGACACACTTAAAAATCTCTCTGACAGAGTCGTATTTGTCTTATGGGCACATGGCTTTGAGTTGACATCTATGAAGTATTTTGTGAAAATAGGACCTGAGCGCACCTGTTGTCTATGTGATAGACGTGCCACATGCTTTTCCACTGCTTCAGACACTTATGCCTGTTGGCATCATTCTATTGGATTTGATTACGTCTATAATCCGTTTATGATTGATGTTCAACAATGGGGTTTTACAGGTAACCTACAAAGCAACCATGATCTGTATTGTCAAGTCCATGGTAATGCACATGTAGCTAGTTGTGATGCAATCATGACTAGGTGTCTAGCTGTCCACGAGTGCTTTGTTAAGCGTGTTGACTGGACTATTGAATATCCTATAATTGGTGATGAACTGAAGATTAATGCGGCTTGTAGAAAGGTTCAACACATGGTTGTTAAAGCTGCATTATTAGCAGACAAATTCCCAGTTCTTCACGACATTGGTAACCCTAAAGCTATTAAGTGTGTACCTCAAGCTGATGTAGAATGGAAGTTCTATGATGCACAGCCTTGTAGTGACAAAGCTTATAAAATAGAAGAATTATTCTATTCTTATGCCACACATTCTGACAAATTCACAGATGGTGTATGCCTATTTTGGAATTGCAATGTCGATAGATATCCTGCTAATTCCATTGTTTGTAGATTTGACACTAGAGTGCTATCTAACCTTAACTTGCCTGGTTGTGATGGTGGCAGTTTGTATGTAAATAAACATGCATTCCACACACCAGCTTTTGATAAAAGTGCTTTTGTTAATTTAAAACAATTACCATTTTTCTATTACTCTGACAGTCCATGTGAGTCTCATGGAAAACAAGTAGTGTCAGATATAGATTATGTACCACTAAAGTCTGCTACGTGTATAACACGTTGCAATTTAGGTGGTGCTGTCTGTAGACATCATGCTAATGAGTACAGATTGTATCTCGATGCTTATAACATGATGATCTCAGCTGGCTTTAGCTTGTGGGTTTACAAACAATTTGATACTTATAACCTCTGGAACACTTTTACAAGACTTCAGAGTTTAGAAAATGTGGCTTTTAATGTTGTAAATAAGGGACACTTTGATGGACAACAGGGTGAAGTACCAGTTTCTATCATTAATAACACTGTTTACACAAAAGTTGATGGTGTTGATGTAGAATTGTTTGAAAATAAAACAACATTACCTGTTAATGTAGCATTTGAGCTTTGGGCTAAGCGCAACATTAAACCAGTACCAGAGGTGAAAATACTCAATAATTTGGGTGTGGACATTGCTGCTAATACTGTGATCTGGGACTACAAAAGAGATGCTCCAGCACATATATCTACTATTGGTGTTTGTTCTATGACTGACATAGCCAAGAAACCAACTGAAACGATTTGTGCACCACTCACTGTCTTTTTTGATGGTAGAGTTGATGGTCAAGTAGACTTATTTAGAAATGCCCGTAATGGTGTTCTTATTACAGAAGGTAGTGTTAAAGGTTTACAACCATCTGTAGGTCCCAAACAAGCTAGTCTTAATGGAGTCACATTAATTGGAGAAGCCGTAAAAACACAGTTCAATTATTATAAGAAAGTTGATGGTGTTGTCCAACAATTACCTGAAACTTACTTTACTCAGAGTAGAAATTTACAAGAATTTAAACCCAGGAGTCAAATGGAAATTGATTTCTTAGAATTAGCTATGGATGAATTCATTGAACGGTATAAATTAGAAGGCTATGCCTTCGAACATATCGTTTATGGAGATTTTAGTCATAGTCAGTTAGGTGGTTTACATCTACTGATTGGACTAGCTAAACGTTTTAAGGAATCACCTTTTGAATTAGAAGATTTTATTCCTATGGACAGTACAGTTAAAAACTATTTCATAACAGATGCGCAAACAGGTTCATCTAAGTGTGTGTGTTCTGTTATTGATTTATTACTTGATGATTTTGTTGAAATAATAAAATCCCAAGATTTATCTGTAGTTTCTAAGGTTGTCAAAGTGACTATTGACTATACAGAAATTTCATTTATGCTTTGGTGTAAAGATGGCCATGTAGAAACATTTTACCCAAAATTACAATCTAGTCAAGCGTGGCAACCGGGTGTTGCTATGCCTAATCTTTACAAAATGCAAAGAATGCTATTAGAAAAGTGTGACCTTCAAAATTATGGTGATAGTGCAACATTACCTAAAGGCATAATGATGAATGTCGCAAAATATACTCAACTGTGTCAATATTTAAACACATTAACATTAGCTGTACCCTATAATATGAGAGTTATACATTTTGGTGCTGGTTCTGATAAAGGAGTTGCACCAGGTACAGCTGTTTTAAGACAGTGGTTGCCTACGGGTACGCTGCTTGTCGATTCAGATCTTAATGACTTTGTCTCTGATGCAGATTCAACTTTGATTGGTGATTGTGCAACTGTACATACAGCTAATAAATGGGATCTCATTATTAGTGATATGTACGACCCTAAGACTAAAAATGTTACAAAAGAAAATGACTCTAAAGAGGGTTTTTTCACTTACATTTGTGGGTTTATACAACAAAAGCTAGCTCTTGGAGGTTCCGTGGCTATAAAGATAACAGAACATTCTTGGAATGCTGATCTTTATAAGCTCATGGGACACTTCGCATGGTGGACAGCCTTTGTTACTAATGTGAATGCGTCATCATCTGAAGCATTTTTAATTGGATGTAATTATCTTGGCAAACCACGCGAACAAATAGATGGTTATGTCATGCATGCAAATTACATATTTTGGAGGAATACAAATCCAATTCAGTTGTCTTCCTATTCTTTATTTGACATGAGTAAATTTCCCCTTAAATTAAGGGGTACTGCTGTTATGTCTTTAAAAGAAGGTCAAATCAATGATATGATTTTATCTCTTCTTAGTAAAGGTAGACTTATAATTAGAGAAAACAACAGAGTTGTTATTTCTAGTGATGTTCTTGTTAACAACTAA	RVCGVSAARLTPCGTGTSTDVVYRAFDIYNDKVAGFAKFLKTNCCRFQEKDEDDNLIDSYFVVKRHTFSNYQHEETIYNLLKDCPAVAKHDFFKFRIDGDMVPHISRQRLTKYTMADLVYALRHFDEGNCDTLKEILVTYNCCDDDYFNKKDWYDFVENPDILRVYANLGERVRQALLKTVQFCDAMRNAGIVGVLTLDNQDLNGNWYDFGDFIQTTPGSGVPVVDSYYSLLMPILTLTRALTAESHVDTDLTKPYIKWDLLKYDFTEERLKLFDRYFKYWDQTYHPNCVNCLDDRCILHCANFNVLFSTVFPPTSFGPLVRKIFVDGVPFVVSTGYHFRELGVVHNQDVNLHSSRLSFKELLVYAADPAMHAASGNLLLDKRTTCFSVAALTNNVAFQTVKPGNFNKDFYDFAVSKGFFKEGSSVELKHFFFAQDGNAAISDYDYYRYNLPTMCDIRQLLFVVEVVDKYFDCYDGGCINANQVIVNNLDKSAGFPFNKWGKARLYYDSMSYEDQDALFAYTKRNVIPTITQMNLKYAISAKNRARTVAGVSICSTMTNRQFHQKLLKSIAATRGATVVIGTSKFYGGWHNMLKTVYSDVENPHLMGWDYPKCDRAMPNMLRIMASLVLARKHTTCCSLSHRFYRLANECAQVLSEMVMCGGSLYVKPGGTSSGDATTAYANSVFNICQAVTANVNALLSTDGNKIADKYVRNLQHRLYECLYRNRDVDTDFVNEFYAYLRKHFSMMILSDDAVVCFNSTYASQGLVASIKNFKSVLYYQNNVFMSEAKCWTETDLTKGPHEFCSQHTMLVKQGDDYVYLPYPDPSRILGAGCFVDDIVKTDGTLMIERFVSLAIDAYPLTKHPNQEYADVFHLYLQYIRKLHDELTGHMLDMYSVMLTNDNTSRYWEPEFYEAMYTPHTVLQAVGACVLCNSQTSLRCGACIRRPFLCCKCCYDHVISTSHKLVLSVNPYVCNAPGCDVTDVTQLYLGGMSYYCKSHKPPISFPLCANGQVFGLYKNTCVGSDNVTDFNAIATCDWTNAGDYILANTCTERLKLFAAETLKATEETFKLSYGIATVREVLSDRELHLSWEVGKPRPPLNRNYVFTGYRVTKNSKVQIGEYTFEKGDYGDAVVYRGTTTYKLNVGDYFVLTSHTVMPLSAPTLVPQEHYVRITGLYPTLNISDEFSSNVANYQKVGMQKYSTLQGPPGTGKSHFAIGLALYYPSARIVYTACSHAAVDALCEKALKYLPIDKCSRIIPARARVECFDKFKVNSTLEQYVFCTVNALPETTADIVVFDEISMATNYDLSVVNARLRAKHYVYIGDPAQLPAPRTLLTKGTLEPEYFNSVCRLMKTIGPDMFLGTCRRCPAEIVDTVSALVYDNKLKAHKDKSAQCFKMFYKGVITHDVSSAINRPQIGVVREFLTRNPAWRKAVFISPYNSQNAVASKILGLPTQTVDSSQGSEYDYVIFTQTTETAHSCNVNRFNVAITRAKVGILCIMSDRDLYDKLQFTSLEIPRRNVATLQAENVTGLFKDCSKVITGLHPTQAPTHLSVDTKFKTEGLCVDIPGIPKDMTYRRLISMMGFKMNYQVNGYPNMFITREEAIRHVRAWIGFDVEGCHATREAVGTNLPLQLGFSTGVNLVAVPTGYVDTPNNTDFSRVSAKPPPGDQFKHLIPLMYKGLPWNVVRIKIVQMLSDTLKNLSDRVVFVLWAHGFELTSMKYFVKIGPERTCCLCDRRATCFSTASDTYACWHHSIGFDYVYNPFMIDVQQWGFTGNLQSNHDLYCQVHGNAHVASCDAIMTRCLAVHECFVKRVDWTIEYPIIGDELKINAACRKVQHMVVKAALLADKFPVLHDIGNPKAIKCVPQADVEWKFYDAQPCSDKAYKIEELFYSYATHSDKFTDGVCLFWNCNVDRYPANSIVCRFDTRVLSNLNLPGCDGGSLYVNKHAFHTPAFDKSAFVNLKQLPFFYYSDSPCESHGKQVVSDIDYVPLKSATCITRCNLGGAVCRHHANEYRLYLDAYNMMISAGFSLWVYKQFDTYNLWNTFTRLQSLENVAFNVVNKGHFDGQQGEVPVSIINNTVYTKVDGVDVELFENKTTLPVNVAFELWAKRNIKPVPEVKILNNLGVDIAANTVIWDYKRDAPAHISTIGVCSMTDIAKKPTETICAPLTVFFDGRVDGQVDLFRNARNGVLITEGSVKGLQPSVGPKQASLNGVTLIGEAVKTQFNYYKKVDGVVQQLPETYFTQSRNLQEFKPRSQMEIDFLELAMDEFIERYKLEGYAFEHIVYGDFSHSQLGGLHLLIGLAKRFKESPFELEDFIPMDSTVKNYFITDAQTGSSKCVCSVIDLLLDDFVEIIKSQDLSVVSKVVKVTIDYTEISFMLWCKDGHVETFYPKLQSSQAWQPGVAMPNLYKMQRMLLEKCDLQNYGDSATLPKGIMMNVAKYTQLCQYLNTLTLAVPYNMRVIHFGAGSDKGVAPGTAVLRQWLPTGTLLVDSDLNDFVSDADSTLIGDCATVHTANKWDLIISDMYDPKTKNVTKENDSKEGFFTYICGFIQQKLALGGSVAIKITEHSWNADLYKLMGHFAWWTAFVTNVNASSSEAFLIGCNYLGKPREQIDGYVMHANYIFWRNTNPIQLSSYSLFDMSKFPLKLRGTAVMSLKEGQINDMILSLLSKGRLIIRENNRVVISSDVLVNN	1	ORF1b	ORF1b
6	ORF3a protein	25392	26220	1	ORF3a	ORF3a	ATGGATTTGTTTATGAGAATCTTCACAATTGGAACTGTAACTTTGAAGCAAGGTGAAATCAAGGATGCTACTCCTTCAGATTTTGTTCGCGCTACTGCAACGATACCGATACAAGCCTCACTCCCTTTCGGATGGCTTATTGTTGGCGTTGCACTTCTTGCTGTTTTTCAGAGCGCTTCCAAAATCATAACCCTCAAAAAGAGATGGCAACTAGCACTCTCCAAGGGTGTTCACTTTGTTTGCAACTTGCTGTTGTTGTTTGTAACAGTTTACTCACACCTTTTGCTCGTTGCTGCTGGCCTTGAAGCCCCTTTTCTCTATCTTTATGCTTTAGTCTACTTCTTGCAGAGTATAAACTTTGTAAGAATAATAATGAGGCTTTGGCTTTGCTGGAAATGCCGTTCCAAAAACCCATTACTTTATGATGCCAACTATTTTCTTTGCTGGCATACTAATTGTTACGACTATTGTATACCTTACAATAGTGTAACTTCTTCAATTGTCATTACTTCAGGTGATGGCACAACAAGTCCTATTTCTGAACATGACTACCAGATTGGTGGTTATACTGAAAAATGGGAATCTGGAGTAAAAGACTGTGTTGTATTACACAGTTACTTCACTTCAGACTATTACCAGCTGTACTCAACTCAATTGAGTACAGACACTGGTGTTGAACATGTTACCTTCTTCATCTACAATAAAATTGTTGATGAGCCTGAAGAACATGTCCAAATTCACACAATCGACGGTTCATCCGGAGTTGTTAATCCAGTAATGGAACCAATTTATGATGAACCGACGACGACTACTAGCGTGCCTTTGTAA	MDLFMRIFTIGTVTLKQGEIKDATPSDFVRATATIPIQASLPFGWLIVGVALLAVFQSASKIITLKKRWQLALSKGVHFVCNLLLLFVTVYSHLLLVAAGLEAPFLYLYALVYFLQSINFVRIIMRLWLCWKCRSKNPLLYDANYFLCWHTNCYDYCIPYNSVTSSIVITSGDGTTSPISEHDYQIGGYTEKWESGVKDCVVLHSYFTSDYYQLYSTQLSTDTGVEHVTFFIYNKIVDEPEEHVQIHTIDGSSGVVNPVMEPIYDEPTTTTSVPL	1	QHD43417.1	ORF3a
7	ORF6 protein	27201	27387	1	ORF6	ORF6	ATGTTTCATCTCGTTGACTTTCAGGTTACTATAGCAGAGATATTACTAATTATTATGAGGACTTTTAAAGTTTCCATTTGGAATCTTGATTACATCATAAACCTCATAATTAAAAATTTATCTAAGTCACTAACTGAGAATAAATATTCTCAATTAGATGAAGAGCAACCAATGGAGATTGATTAA	MFHLVDFQVTIAEILLIIMRTFKVSIWNLDYIINLIIKNLSKSLTENKYSQLDEEQPMEID	1	QHD43420.1	ORF6
8	ORF7a protein	27393	27759	1	ORF7a	ORF7a	ATGAAAATTATTCTTTTCTTGGCACTGATAACACTCGCTACTTGTGAGCTTTATCACTACCAAGAGTGTGTTAGAGGTACAACAGTACTTTTAAAAGAACCTTGCTCTTCTGGAACATACGAGGGCAATTCACCATTTCATCCTCTAGCTGATAACAAATTTGCACTGACTTGCTTTAGCACTCAATTTGCTTTTGCTTGTCCTGACGGCGTAAAACACGTCTATCAGTTACGTGCCAGATCAGTTTCACCTAAACTGTTCATCAGACAAGAGGAAGTTCAAGAACTTTACTCTCCAATTTTTCTTATTGTTGCGGCAATAGTGTTTATAACACTTTGCTTCACACTCAAAAGAAAGACAGAATGA	MKIILFLALITLATCELYHYQECVRGTTVLLKEPCSSGTYEGNSPFHPLADNKFALTCFSTQFAFACPDGVKHVYQLRARSVSPKLFIRQEEVQELYSPIFLIVAAIVFITLCFTLKRKTE	1	QHD43421.1	ORF7a
9		27755	27887	1	ORF7b	ORF7b	ATGATTGAACTTTCATTAATTGACTTCTATTTGTGCTTTTTAGCCTTTCTGCTATTCCTTGTTTTAATTATGCTTATTATCTTTTGGTTCTCACTTGAACTGCAAGATCATAATGAAACTTGTCACGCCTAA	MIELSLIDFYLCFLAFLLFLVLIMLIIFWFSLELQDHNETCHA	1	ORF7b	ORF7b
10	ORF8 protein	27893	28259	1	ORF8	ORF8	ATGAAATTTCTTGTTTTCTTAGGAATCATCACAACTGTAGCTGCATTTCACCAAGAATGTAGTTTACAGTCATGTACTCAACATCAACCATATGTAGTTGATGACCCGTGTCCTATTCACTTCTATTCTAAATGGTATATTAGAGTAGGAGCTAGAAAATCAGCACCTTTAATTGAATTGTGCGTGGATGAGGCTGGTTCTAAATCACCCATTCAGTACATCGATATCGGTAATTATACAGTTTCCTGTTTACCTTTTACAATTAATTGCCAGGAACCTAAATTGGGTAGTCTTGTAGTGCGTTGTTCGTTCTATGAAGACTTTTTAGAGTATCATGACGTTCGTGTTGTTTTAGATTTCATCTAA	MKFLVFLGIITTVAAFHQECSLQSCTQHQPYVVDDPCPIHFYSKWYIRVGARKSAPLIELCVDEAGSKSPIQYIDIGNYTVSCLPFTINCQEPKLGSLVVRCSFYEDFLEYHDVRVVLDFI	1	QHD43422.1	ORF8
11		28283	28577	1	ORF9b	ORF9b	ATGGACCCCAAAATCAGCGAAATGCACCCCGCATTACGTTTGGTGGACCCTCAGATTCAACTGGCAGTAACCAGAATGGAGAACGCAGTGGGGCGCGATCAAAACAACGTCGGCCCCAAGGTTTACCCAATAATACTGCGTCTTGGTTCACCGCTCTCACTCAACATGGCAAGGAAGACCTTAAATTCCCTCGAGGACAAGGCGTTCCAATTAACACCAATAGCAGTCCAGATGACCAAATTGGCTACTACCGAAGAGCTACCAGACGAATTCGTGGTGGTGACGGTAAAATGA	MDPKISEMHPALRLVDPQIQLAVTRMENAVGRDQNNVGPKVYPIILRLGSPLSLNMARKTLNSLEDKAFQLTPIAVQMTKLATTEELPDEFVVVTVK	1	ORF9b	ORF9b
12	surface glycoprotein	21562	25384	1	S	S	ATGTTTGTTTTTCTTGTTTTATTGCCACTAGTCTCTAGTCAGTGTGTTAATCTTACAACCAGAACTCAATTACCCCCTGCATACACTAATTCTTTCACACGTGGTGTTTATTACCCTGACAAAGTTTTCAGATCCTCAGTTTTACATTCAACTCAGGACTTGTTCTTACCTTTCTTTTCCAATGTTACTTGGTTCCATGCTATACATGTCTCTGGGACCAATGGTACTAAGAGGTTTGATAACCCTGTCCTACCATTTAATGATGGTGTTTATTTTGCTTCCACTGAGAAGTCTAACATAATAAGAGGCTGGATTTTTGGTACTACTTTAGATTCGAAGACCCAGTCCCTACTTATTGTTAATAACGCTACTAATGTTGTTATTAAAGTCTGTGAATTTCAATTTTGTAATGATCCATTTTTGGGTGTTTATTACCACAAAAACAACAAAAGTTGGATGGAAAGTGAGTTCAGAGTTTATTCTAGTGCGAATAATTGCACTTTTGAATATGTCTCTCAGCCTTTTCTTATGGACCTTGAAGGAAAACAGGGTAATTTCAAAAATCTTAGGGAATTTGTGTTTAAGAATATTGATGGTTATTTTAAAATATATTCTAAGCACACGCCTATTAATTTAGTGCGTGATCTCCCTCAGGGTTTTTCGGCTTTAGAACCATTGGTAGATTTGCCAATAGGTATTAACATCACTAGGTTTCAAACTTTACTTGCTTTACATAGAAGTTATTTGACTCCTGGTGATTCTTCTTCAGGTTGGACAGCTGGTGCTGCAGCTTATTATGTGGGTTATCTTCAACCTAGGACTTTTCTATTAAAATATAATGAAAATGGAACCATTACAGATGCTGTAGACTGTGCACTTGACCCTCTCTCAGAAACAAAGTGTACGTTGAAATCCTTCACTGTAGAAAAAGGAATCTATCAAACTTCTAACTTTAGAGTCCAACCAACAGAATCTATTGTTAGATTTCCTAATATTACAAACTTGTGCCCTTTTGGTGAAGTTTTTAACGCCACCAGATTTGCATCTGTTTATGCTTGGAACAGGAAGAGAATCAGCAACTGTGTTGCTGATTATTCTGTCCTATATAATTCCGCATCATTTTCCACTTTTAAGTGTTATGGAGTGTCTCCTACTAAATTAAATGATCTCTGCTTTACTAATGTCTATGCAGATTCATTTGTAATTAGAGGTGATGAAGTCAGACAAATCGCTCCAGGGCAAACTGGAAAGATTGCTGATTATAATTATAAATTACCAGATGATTTTACAGGCTGCGTTATAGCTTGGAATTCTAACAATCTTGATTCTAAGGTTGGTGGTAATTATAATTACCTGTATAGATTGTTTAGGAAGTCTAATCTCAAACCTTTTGAGAGAGATATTTCAACTGAAATCTATCAGGCCGGTAGCACACCTTGTAATGGTGTTGAAGGTTTTAATTGTTACTTTCCTTTACAATCATATGGTTTCCAACCCACTAATGGTGTTGGTTACCAACCATACAGAGTAGTAGTACTTTCTTTTGAACTTCTACATGCACCAGCAACTGTTTGTGGACCTAAAAAGTCTACTAATTTGGTTAAAAACAAATGTGTCAATTTCAACTTCAATGGTTTAACAGGCACAGGTGTTCTTACTGAGTCTAACAAAAAGTTTCTGCCTTTCCAACAATTTGGCAGAGACATTGCTGACACTACTGATGCTGTCCGTGATCCACAGACACTTGAGATTCTTGACATTACACCATGTTCTTTTGGTGGTGTCAGTGTTATAACACCAGGAACAAATACTTCTAACCAGGTTGCTGTTCTTTATCAGGATGTTAACTGCACAGAAGTCCCTGTTGCTATTCATGCAGATCAACTTACTCCTACTTGGCGTGTTTATTCTACAGGTTCTAATGTTTTTCAAACACGTGCAGGCTGTTTAATAGGGGCTGAACATGTCAACAACTCATATGAGTGTGACATACCCATTGGTGCAGGTATATGCGCTAGTTATCAGACTCAGACTAATTCTCCTCGGCGGGCACGTAGTGTAGCTAGTCAATCCATCATTGCCTACACTATGTCACTTGGTGCAGAAAATTCAGTTGCTTACTCTAATAACTCTATTGCCATACCCACAAATTTTACTATTAGTGTTACCACAGAAATTCTACCAGTGTCTATGACCAAGACATCAGTAGATTGTACAATGTACATTTGTGGTGATTCAACTGAATGCAGCAATCTTTTGTTGCAATATGGCAGTTTTTGTACACAATTAAACCGTGCTTTAACTGGAATAGCTGTTGAACAAGACAAAAACACCCAAGAAGTTTTTGCACAAGTCAAACAAATTTACAAAACACCACCAATTAAAGATTTTGGTGGTTTTAATTTTTCACAAATATTACCAGATCCATCAAAACCAAGCAAGAGGTCATTTATTGAAGATCTACTTTTCAACAAAGTGACACTTGCAGATGCTGGCTTCATCAAACAATATGGTGATTGCCTTGGTGATATTGCTGCTAGAGACCTCATTTGTGCACAAAAGTTTAACGGCCTTACTGTTTTGCCACCTTTGCTCACAGATGAAATGATTGCTCAATACACTTCTGCACTGTTAGCGGGTACAATCACTTCTGGTTGGACCTTTGGTGCAGGTGCTGCATTACAAATACCATTTGCTATGCAAATGGCTTATAGGTTTAATGGTATTGGAGTTACACAGAATGTTCTCTATGAGAACCAAAAATTGATTGCCAACCAATTTAATAGTGCTATTGGCAAAATTCAAGACTCACTTTCTTCCACAGCAAGTGCACTTGGAAAACTTCAAGATGTGGTCAACCAAAATGCACAAGCTTTAAACACGCTTGTTAAACAACTTAGCTCCAATTTTGGTGCAATTTCAAGTGTTTTAAATGATATCCTTTCACGTCTTGACAAAGTTGAGGCTGAAGTGCAAATTGATAGGTTGATCACAGGCAGACTTCAAAGTTTGCAGACATATGTGACTCAACAATTAATTAGAGCTGCAGAAATCAGAGCTTCTGCTAATCTTGCTGCTACTAAAATGTCAGAGTGTGTACTTGGACAATCAAAAAGAGTTGATTTTTGTGGAAAGGGCTATCATCTTATGTCCTTCCCTCAGTCAGCACCTCATGGTGTAGTCTTCTTGCATGTGACTTATGTCCCTGCACAAGAAAAGAACTTCACAACTGCTCCTGCCATTTGTCATGATGGAAAAGCACACTTTCCTCGTGAAGGTGTCTTTGTTTCAAATGGCACACACTGGTTTGTAACACAAAGGAATTTTTATGAACCACAAATCATTACTACAGACAACACATTTGTGTCTGGTAACTGTGATGTTGTAATAGGAATTGTCAACAACACAGTTTATGATCCTTTGCAACCTGAATTAGACTCATTCAAGGAGGAGTTAGATAAATATTTTAAGAATCATACATCACCAGATGTTGATTTAGGTGACATCTCTGGCATTAATGCTTCAGTTGTAAACATTCAAAAAGAAATTGACCGCCTCAATGAGGTTGCCAAGAATTTAAATGAATCTCTCATCGATCTCCAAGAACTTGGAAAGTATGAGCAGTATATAAAATGGCCATGGTACATTTGGCTAGGTTTTATAGCTGGCTTGATTGCCATAGTAATGGTGACAATTATGCTTTGCTGTATGACCAGTTGCTGTAGTTGTCTCAAGGGCTGTTGTTCTTGTGGATCCTGCTGCAAATTTGATGAAGACGACTCTGAGCCAGTGCTCAAAGGAGTCAAATTACATTACACATAA	MFVFLVLLPLVSSQCVNLTTRTQLPPAYTNSFTRGVYYPDKVFRSSVLHSTQDLFLPFFSNVTWFHAIHVSGTNGTKRFDNPVLPFNDGVYFASTEKSNIIRGWIFGTTLDSKTQSLLIVNNATNVVIKVCEFQFCNDPFLGVYYHKNNKSWMESEFRVYSSANNCTFEYVSQPFLMDLEGKQGNFKNLREFVFKNIDGYFKIYSKHTPINLVRDLPQGFSALEPLVDLPIGINITRFQTLLALHRSYLTPGDSSSGWTAGAAAYYVGYLQPRTFLLKYNENGTITDAVDCALDPLSETKCTLKSFTVEKGIYQTSNFRVQPTESIVRFPNITNLCPFGEVFNATRFASVYAWNRKRISNCVADYSVLYNSASFSTFKCYGVSPTKLNDLCFTNVYADSFVIRGDEVRQIAPGQTGKIADYNYKLPDDFTGCVIAWNSNNLDSKVGGNYNYLYRLFRKSNLKPFERDISTEIYQAGSTPCNGVEGFNCYFPLQSYGFQPTNGVGYQPYRVVVLSFELLHAPATVCGPKKSTNLVKNKCVNFNFNGLTGTGVLTESNKKFLPFQQFGRDIADTTDAVRDPQTLEILDITPCSFGGVSVITPGTNTSNQVAVLYQDVNCTEVPVAIHADQLTPTWRVYSTGSNVFQTRAGCLIGAEHVNNSYECDIPIGAGICASYQTQTNSPRRARSVASQSIIAYTMSLGAENSVAYSNNSIAIPTNFTISVTTEILPVSMTKTSVDCTMYICGDSTECSNLLLQYGSFCTQLNRALTGIAVEQDKNTQEVFAQVKQIYKTPPIKDFGGFNFSQILPDPSKPSKRSFIEDLLFNKVTLADAGFIKQYGDCLGDIAARDLICAQKFNGLTVLPPLLTDEMIAQYTSALLAGTITSGWTFGAGAALQIPFAMQMAYRFNGIGVTQNVLYENQKLIANQFNSAIGKIQDSLSSTASALGKLQDVVNQNAQALNTLVKQLSSNFGAISSVLNDILSRLDKVEAEVQIDRLITGRLQSLQTYVTQQLIRAAEIRASANLAATKMSECVLGQSKRVDFCGKGYHLMSFPQSAPHGVVFLHVTYVPAQEKNFTTAPAICHDGKAHFPREGVFVSNGTHWFVTQRNFYEPQIITTDNTFVSGNCDVVIGIVNNTVYDPLQPELDSFKEELDKYFKNHTSPDVDLGDISGINASVVNIQKEIDRLNEVAKNLNESLIDLQELGKYEQYIKWPWYIWLGFIAGLIAIVMVTIMLCCMTSCCSCLKGCCSCGSCCKFDEDDSEPVLKGVKLHYT	1	QHD43416.1	S
\.


--
-- Data for Name: gene_segment; Type: TABLE DATA; Schema: public; Owner: -
--

COPY public.gene_segment (id, start, "end", strand, base, segment, gene_id) FROM stdin;
1	26244	26472	1	0	1	1
2	26522	27191	1	0	1	2
3	28273	29533	1	0	1	3
4	265	13468	1	0	1	4
5	13467	21555	1	0	1	5
6	25392	26220	1	0	1	6
7	27201	27387	1	0	1	7
8	27393	27759	1	0	1	8
9	27755	27887	1	0	1	9
10	27893	28259	1	0	1	10
11	28283	28577	1	0	1	11
12	21562	25384	1	0	1	12
\.


--
-- Data for Name: import_log; Type: TABLE DATA; Schema: public; Owner: -
--

COPY public.import_log (id, type, file_id, updated, success, exception_text, stack_trace) FROM stdin;
1	SMP	2025-02-14_16-24-21.017.1039c6.zip	2025-02-14 16:24:40.564254+00	t	\N	\N
2	ANN	2025-02-14_16-24-40.618.cd1b70.zip	2025-02-14 16:24:41.155404+00	t	\N	\N
3	PTY	2025-02-14_16-24-46.086.cli_prop_c4b4444e-ede3-47ac-bb14-8160171ec7fd.zip	2025-02-14 16:24:46.63521+00	t	\N	\N
\.


--
-- Data for Name: lineage; Type: TABLE DATA; Schema: public; Owner: -
--

COPY public.lineage (id, name, parent_id) FROM stdin;
1	B	\N
2	BA.1	\N
3	BA.1.1	\N
4	BA.1.17	\N
5	B.1.617	\N
6	BA.5	\N
7	BA.5.2	\N
8	BA.2	\N
9	BA.5.3	\N
10	AY.4	\N
11	B.1.617.2	\N
12	B.1	1
13	BA.1	1
14	BA.5	1
15	BA.2	1
16	BA.1.1	2
17	BC.1	2
18	BC.2	2
19	BA.1.2	2
20	BA.1.3	2
21	BA.1.4	2
22	BA.1.5	2
23	BA.1.6	2
24	BA.1.7	2
25	BA.1.8	2
26	BA.1.9	2
27	BA.1.10	2
28	BA.1.12	2
29	BA.1.13	2
30	BA.1.13.1	2
31	BA.1.14	2
32	BA.1.14.1	2
33	BA.1.14.2	2
34	BA.1.15	2
35	BA.1.16	2
36	BA.1.17	2
37	BD.1	2
38	BA.1.18	2
39	BA.1.19	2
40	BA.1.20	2
41	BA.1.21	2
42	BA.1.22	2
43	BA.1.23	2
44	BA.1.24	2
45	B.1.617	2
46	BA.1.1.1	3
47	BA.1.1.2	3
48	BA.1.1.3	3
49	BA.1.1.4	3
50	BA.1.1.5	3
51	BA.1.1.6	3
52	BA.1.1.7	3
53	BA.1.1.8	3
54	BA.1.1.9	3
55	BA.1.17.1	4
56	BA.1.17.2	4
57	B.1.617.2	5
58	BA.5.2	6
59	BF.2	6
60	BA.5.3	6
61	BA.5.2.1	7
62	BA.5.2.6	7
63	BA.2.36	8
64	BA.2.9	8
65	BA.5.3.1	9
66	AY.4.1	10
67	AY.4.2	10
68	AY.4.3	10
69	AY.4.4	10
70	AY.4.5	10
71	AY.4.6	10
72	AY.4.7	10
73	AY.4.8	10
74	AY.4.9	10
75	AY.4.10	10
76	AY.4.11	10
77	AY.4.12	10
78	AY.4.13	10
79	AY.4.14	10
80	AY.4.15	10
81	AY.4.16	10
82	AY.4.17	10
83	AY.4	11
84	AY.98	11
\.


--
-- Data for Name: nucleotide_mutation; Type: TABLE DATA; Schema: public; Owner: -
--

COPY public.nucleotide_mutation (id, ref, alt, start, "end", replicon_id) FROM stdin;
1	ATTAAAGGTTTATACCTTCCCAGGTAACAA		0	30	1
2	C	T	240	241	1
3	T	G	669	670	1
4	C	T	2789	2790	1
5	C	T	3036	3037	1
6	G	A	4183	4184	1
7	C	T	4320	4321	1
8	C	T	9343	9344	1
9	A	G	9423	9424	1
10	C	T	9533	9534	1
11	C	T	9865	9866	1
12	C	T	10028	10029	1
13	G	N	10146	10147	1
14	C	N	10147	10148	1
15	T	N	10148	10149	1
16	T	N	10149	10150	1
17	G	N	10150	10151	1
18	A	N	10151	10152	1
19	T	N	10152	10153	1
20	G	N	10153	10154	1
21	A	N	10154	10155	1
22	C	N	10155	10156	1
23	G	N	10156	10157	1
24	T	N	10157	10158	1
25	A	N	10158	10159	1
26	G	N	10159	10160	1
27	T	N	10160	10161	1
28	T	N	10161	10162	1
29	T	N	10162	10163	1
30	A	N	10163	10164	1
31	C	N	10164	10165	1
32	T	N	10165	10166	1
33	G	N	10166	10167	1
34	T	N	10167	10168	1
35	C	N	10168	10169	1
36	C	N	10169	10170	1
37	A	N	10170	10171	1
38	A	N	10171	10172	1
39	G	N	10172	10173	1
40	A	N	10173	10174	1
41	C	N	10174	10175	1
42	A	N	10175	10176	1
43	T	N	10176	10177	1
44	G	N	10177	10178	1
45	T	N	10178	10179	1
46	G	N	10179	10180	1
47	A	N	10180	10181	1
48	T	N	10181	10182	1
49	C	N	10182	10183	1
50	T	N	10183	10184	1
51	G	N	10184	10185	1
52	C	N	10185	10186	1
53	A	N	10186	10187	1
54	C	N	10187	10188	1
55	C	N	10188	10189	1
56	T	N	10189	10190	1
57	C	N	10190	10191	1
58	T	N	10191	10192	1
59	G	N	10192	10193	1
60	A	N	10193	10194	1
61	A	N	10194	10195	1
62	G	N	10195	10196	1
63	A	N	10196	10197	1
64	C	N	10197	10198	1
65	A	N	10198	10199	1
66	T	N	10199	10200	1
67	G	N	10200	10201	1
68	C	N	10201	10202	1
69	T	N	10202	10203	1
70	T	N	10203	10204	1
71	A	N	10204	10205	1
72	A	N	10205	10206	1
73	C	N	10206	10207	1
74	C	N	10207	10208	1
75	C	N	10208	10209	1
76	T	N	10209	10210	1
77	A	N	10210	10211	1
78	A	N	10211	10212	1
79	T	N	10212	10213	1
80	T	N	10213	10214	1
81	A	N	10214	10215	1
82	T	N	10215	10216	1
83	G	N	10216	10217	1
84	A	N	10217	10218	1
85	A	N	10218	10219	1
86	G	N	10219	10220	1
87	A	N	10220	10221	1
88	T	N	10221	10222	1
89	T	N	10222	10223	1
90	T	N	10223	10224	1
91	A	N	10224	10225	1
92	C	N	10225	10226	1
93	T	N	10226	10227	1
94	C	N	10227	10228	1
95	A	N	10228	10229	1
96	T	N	10229	10230	1
97	T	N	10230	10231	1
98	C	N	10231	10232	1
99	G	N	10232	10233	1
100	T	N	10233	10234	1
101	A	N	10234	10235	1
102	A	N	10235	10236	1
103	G	N	10236	10237	1
104	T	N	10237	10238	1
105	C	N	10238	10239	1
106	T	N	10239	10240	1
107	A	N	10240	10241	1
108	A	N	10241	10242	1
109	T	N	10242	10243	1
110	C	N	10243	10244	1
111	A	N	10244	10245	1
112	T	N	10245	10246	1
113	A	N	10246	10247	1
114	A	N	10247	10248	1
115	T	N	10248	10249	1
116	T	N	10249	10250	1
117	T	N	10250	10251	1
118	C	N	10251	10252	1
119	T	N	10252	10253	1
120	T	N	10253	10254	1
121	G	N	10254	10255	1
122	G	N	10255	10256	1
123	T	N	10256	10257	1
124	A	N	10257	10258	1
125	C	N	10258	10259	1
126	A	N	10259	10260	1
127	G	N	10260	10261	1
128	G	N	10261	10262	1
129	C	N	10262	10263	1
130	T	N	10263	10264	1
131	G	N	10264	10265	1
132	G	N	10265	10266	1
133	T	N	10266	10267	1
134	A	N	10267	10268	1
135	A	N	10268	10269	1
136	T	N	10269	10270	1
137	G	N	10270	10271	1
138	T	N	10271	10272	1
139	T	N	10272	10273	1
140	C	N	10273	10274	1
141	A	N	10274	10275	1
142	A	N	10275	10276	1
143	C	N	10276	10277	1
144	T	N	10277	10278	1
145	C	N	10278	10279	1
146	A	N	10279	10280	1
147	G	N	10280	10281	1
148	G	N	10281	10282	1
149	G	N	10282	10283	1
150	T	N	10283	10284	1
151	T	N	10284	10285	1
152	A	N	10285	10286	1
153	T	N	10286	10287	1
154	T	N	10287	10288	1
155	G	N	10288	10289	1
156	G	N	10289	10290	1
157	A	N	10290	10291	1
158	C	N	10291	10292	1
159	A	N	10292	10293	1
160	T	N	10293	10294	1
161	T	N	10294	10295	1
162	C	N	10295	10296	1
163	T	N	10296	10297	1
164	A	N	10297	10298	1
165	T	N	10298	10299	1
166	G	N	10299	10300	1
167	C	N	10300	10301	1
168	A	N	10301	10302	1
169	A	N	10302	10303	1
170	A	N	10303	10304	1
171	A	N	10304	10305	1
172	T	N	10305	10306	1
173	T	N	10306	10307	1
174	G	N	10307	10308	1
175	T	N	10308	10309	1
176	G	N	10309	10310	1
177	T	N	10310	10311	1
178	A	N	10311	10312	1
179	C	N	10312	10313	1
180	T	N	10313	10314	1
181	T	N	10314	10315	1
182	A	N	10315	10316	1
183	A	N	10316	10317	1
184	G	N	10317	10318	1
185	C	N	10318	10319	1
186	T	N	10319	10320	1
187	T	N	10320	10321	1
188	A	N	10321	10322	1
189	A	N	10322	10323	1
190	G	N	10323	10324	1
191	G	N	10324	10325	1
192	T	N	10325	10326	1
193	T	N	10326	10327	1
194	G	N	10327	10328	1
195	A	N	10328	10329	1
196	T	N	10329	10330	1
197	A	N	10330	10331	1
198	C	N	10331	10332	1
199	A	N	10332	10333	1
200	G	N	10333	10334	1
201	C	N	10334	10335	1
202	C	N	10335	10336	1
203	A	N	10336	10337	1
204	A	N	10337	10338	1
205	T	N	10338	10339	1
206	C	N	10339	10340	1
207	C	N	10340	10341	1
208	T	N	10341	10342	1
209	A	N	10342	10343	1
210	A	N	10343	10344	1
211	G	N	10344	10345	1
212	A	N	10345	10346	1
213	C	N	10346	10347	1
214	A	N	10347	10348	1
215	C	N	10348	10349	1
216	C	N	10349	10350	1
217	T	N	10350	10351	1
218	A	N	10351	10352	1
219	A	N	10352	10353	1
220	G	N	10353	10354	1
221	T	N	10354	10355	1
222	A	N	10355	10356	1
223	T	N	10356	10357	1
224	A	N	10357	10358	1
225	A	N	10358	10359	1
226	G	N	10359	10360	1
227	T	N	10360	10361	1
228	T	N	10361	10362	1
229	T	N	10362	10363	1
230	G	N	10363	10364	1
231	T	N	10364	10365	1
232	T	N	10365	10366	1
233	C	N	10366	10367	1
234	G	N	10367	10368	1
235	C	N	10368	10369	1
236	A	N	10369	10370	1
237	T	N	10370	10371	1
238	T	N	10371	10372	1
239	C	N	10372	10373	1
240	A	N	10373	10374	1
241	A	N	10374	10375	1
242	C	N	10375	10376	1
243	C	N	10376	10377	1
244	G	A	10446	10447	1
245	C	A	10448	10449	1
246	TCTGGTTTT		11287	11296	1
247	C	T	12438	12439	1
248	A	N	12603	12604	1
249	A	N	12604	12605	1
250	T	N	12605	12606	1
251	T	N	12606	12607	1
252	C	N	12615	12616	1
253	A	N	12616	12617	1
254	A	N	12617	12618	1
255	T	N	12618	12619	1
256	T	N	12619	12620	1
257	C	N	12620	12621	1
258	A	N	12621	12622	1
259	C	N	12622	12623	1
260	C	N	12623	12624	1
261	T	N	12624	12625	1
262	A	N	12625	12626	1
263	A	N	12626	12627	1
264	T	N	12627	12628	1
265	T	N	12628	12629	1
266	T	N	12629	12630	1
267	A	N	12630	12631	1
268	G	N	12631	12632	1
269	C	N	12632	12633	1
270	T	N	12647	12648	1
271	A	N	12648	12649	1
272	A	N	12649	12650	1
273	C	N	12650	12651	1
274	A	N	12651	12652	1
275	G	N	12652	12653	1
276	C	N	12653	12654	1
277	T	N	12654	12655	1
278	T	N	12655	12656	1
279	T	N	12656	12657	1
280	A	N	12657	12658	1
281	A	N	12658	12659	1
282	G	N	12659	12660	1
283	G	N	12661	12662	1
284	C	N	12662	12663	1
285	C	T	12879	12880	1
286	A	N	13565	13566	1
287	G	N	13566	13567	1
288	C	T	14407	14408	1
289	C	T	15713	15714	1
290	C	T	17409	17410	1
291	A	G	18162	18163	1
292	C	T	19954	19955	1
293	A	G	20054	20055	1
294	C	T	21617	21618	1
295	TACCCCCTG		21632	21641	1
296	G	A	21986	21987	1
297	T	G	22199	22200	1
298	G	A	22577	22578	1
299	C	T	22673	22674	1
300	T	C	22678	22679	1
301	C	T	22685	22686	1
302	A	G	22687	22688	1
303	G	A	22774	22775	1
304	A	C	22785	22786	1
305	C	T	22791	22792	1
306	G	T	22812	22813	1
307	T	G	22881	22882	1
308	G	A	22991	22992	1
309	C	A	22994	22995	1
310	A	C	23012	23013	1
311	A	G	23039	23040	1
312	A	G	23054	23055	1
313	A	T	23062	23063	1
314	T	C	23074	23075	1
315	A	G	23402	23403	1
316	C	T	23524	23525	1
317	T	G	23598	23599	1
318	C	A	23603	23604	1
319	C	A	23853	23854	1
320	G	T	23947	23948	1
321	A	T	24423	24424	1
322	T	A	24468	24469	1
323	C	T	24999	25000	1
324	C	T	25583	25584	1
325	C	T	25623	25624	1
326	C	T	26059	26060	1
327	C	T	26269	26270	1
328	C	G	26576	26577	1
329	G	A	26708	26709	1
330	C	T	26857	26858	1
331	A	C	27258	27259	1
332	G	C	27381	27382	1
333	A	T	27382	27383	1
334	T	C	27383	27384	1
335	T	C	27431	27432	1
336	C	T	27806	27807	1
337	T	N	27825	27826	1
338	G	N	27826	27827	1
339	C	N	27827	27828	1
340	T	N	27828	27829	1
341	T	N	27829	27830	1
342	A	N	27830	27831	1
343	T	N	27831	27832	1
344	T	N	27832	27833	1
345	A	N	27833	27834	1
346	T	N	27834	27835	1
347	C	N	27835	27836	1
348	T	N	27836	27837	1
349	T	N	27837	27838	1
350	T	N	27838	27839	1
351	T	N	27839	27840	1
352	G	N	27840	27841	1
353	G	N	27841	27842	1
354	T	N	27842	27843	1
355	T	N	27843	27844	1
356	C	N	27844	27845	1
357	T	N	27845	27846	1
358	C	N	27846	27847	1
359	A	N	27847	27848	1
360	C	N	27848	27849	1
361	T	N	27849	27850	1
362	T	N	27850	27851	1
363	G	N	27851	27852	1
364	A	N	27852	27853	1
365	A	N	27853	27854	1
366	C	N	27854	27855	1
367	T	N	27855	27856	1
368	G	N	27856	27857	1
369	C	N	27857	27858	1
370	A	N	27858	27859	1
371	A	N	27859	27860	1
372	G	N	27860	27861	1
373	A	N	27861	27862	1
374	T	N	27862	27863	1
375	C	N	27863	27864	1
376	A	N	27864	27865	1
377	T	N	27865	27866	1
378	A	N	27866	27867	1
379	A	N	27867	27868	1
380	T	N	27868	27869	1
381	G	N	27869	27870	1
382	A	N	27870	27871	1
383	A	N	27871	27872	1
384	A	N	27872	27873	1
385	C	N	27873	27874	1
386	T	N	27874	27875	1
387	T	N	27875	27876	1
388	G	N	27876	27877	1
389	T	N	27877	27878	1
390	C	N	27878	27879	1
391	A	N	27879	27880	1
392	C	N	27880	27881	1
393	G	N	27881	27882	1
394	C	N	27882	27883	1
395	C	N	27883	27884	1
396	T	N	27884	27885	1
397	A	N	27885	27886	1
398	A	N	27886	27887	1
399	A	N	27887	27888	1
400	C	N	27888	27889	1
401	G	N	27889	27890	1
402	A	N	27890	27891	1
403	A	N	27891	27892	1
404	C	N	27892	27893	1
405	A	N	27893	27894	1
406	T	N	27894	27895	1
407	G	N	27895	27896	1
408	A	N	27896	27897	1
409	A	N	27897	27898	1
410	A	N	27898	27899	1
411	T	N	27899	27900	1
412	T	N	27900	27901	1
413	T	N	27901	27902	1
414	C	N	27902	27903	1
415	T	N	27903	27904	1
416	T	N	27904	27905	1
417	G	N	27905	27906	1
418	T	N	27906	27907	1
419	T	N	27907	27908	1
420	T	N	27908	27909	1
421	T	N	27909	27910	1
422	C	N	27910	27911	1
423	T	N	27911	27912	1
424	T	N	27912	27913	1
425	A	N	27913	27914	1
426	G	N	27914	27915	1
427	G	N	27915	27916	1
428	A	N	27916	27917	1
429	A	N	27917	27918	1
430	T	N	27918	27919	1
431	C	N	27919	27920	1
432	A	N	27920	27921	1
433	T	N	27921	27922	1
434	C	N	27922	27923	1
435	A	N	27923	27924	1
436	C	N	27924	27925	1
437	A	N	27925	27926	1
438	A	N	27926	27927	1
439	C	N	27927	27928	1
440	T	N	27928	27929	1
441	G	N	27929	27930	1
442	T	N	27930	27931	1
443	A	N	27931	27932	1
444	G	N	27932	27933	1
445	C	N	27933	27934	1
446	T	N	27934	27935	1
447	G	N	27935	27936	1
448	C	N	27936	27937	1
449	A	N	27937	27938	1
450	T	N	27938	27939	1
451	T	N	27939	27940	1
452	T	N	27940	27941	1
453	C	N	27941	27942	1
454	A	N	27942	27943	1
455	C	N	27943	27944	1
456	C	N	27944	27945	1
457	A	N	27945	27946	1
458	A	N	27946	27947	1
459	G	N	27947	27948	1
460	A	N	27948	27949	1
461	A	N	27949	27950	1
462	T	N	27950	27951	1
463	G	N	27951	27952	1
464	T	N	27952	27953	1
465	A	N	27953	27954	1
466	G	N	27954	27955	1
467	T	N	27955	27956	1
468	T	N	27956	27957	1
469	T	N	27957	27958	1
470	A	N	27958	27959	1
471	C	N	27959	27960	1
472	A	N	27960	27961	1
473	G	N	27961	27962	1
474	T	N	27962	27963	1
475	C	N	27963	27964	1
476	A	N	27964	27965	1
477	T	N	27965	27966	1
478	G	N	27966	27967	1
479	T	N	27967	27968	1
480	A	N	27968	27969	1
481	C	N	27969	27970	1
482	T	N	27970	27971	1
483	C	N	27971	27972	1
484	A	N	27972	27973	1
485	A	N	27973	27974	1
486	C	N	27974	27975	1
487	A	N	27975	27976	1
488	T	N	27976	27977	1
489	C	N	27977	27978	1
490	A	N	27978	27979	1
491	A	N	27979	27980	1
492	C	N	27980	27981	1
493	C	N	27981	27982	1
494	A	N	27982	27983	1
495	T	N	27983	27984	1
496	A	N	27984	27985	1
497	T	N	27985	27986	1
498	G	N	27986	27987	1
499	T	N	27987	27988	1
500	A	N	27988	27989	1
501	G	N	27989	27990	1
502	T	N	27990	27991	1
503	T	N	27991	27992	1
504	G	N	27992	27993	1
505	A	N	27993	27994	1
506	T	N	27994	27995	1
507	G	N	27995	27996	1
508	A	N	27996	27997	1
509	C	N	27997	27998	1
510	C	N	27998	27999	1
511	C	N	27999	28000	1
512	G	N	28000	28001	1
513	T	N	28001	28002	1
514	G	N	28002	28003	1
515	T	N	28003	28004	1
516	C	N	28004	28005	1
517	C	N	28005	28006	1
518	T	N	28006	28007	1
519	A	N	28007	28008	1
520	T	N	28008	28009	1
521	T	N	28009	28010	1
522	C	N	28010	28011	1
523	A	N	28011	28012	1
524	C	N	28012	28013	1
525	T	N	28013	28014	1
526	T	N	28014	28015	1
527	C	N	28015	28016	1
528	T	N	28016	28017	1
529	A	N	28017	28018	1
530	T	N	28018	28019	1
531	T	N	28019	28020	1
532	C	N	28020	28021	1
533	T	N	28021	28022	1
534	A	N	28022	28023	1
535	A	N	28023	28024	1
536	A	N	28024	28025	1
537	T	N	28025	28026	1
538	G	N	28026	28027	1
539	G	N	28027	28028	1
540	T	N	28028	28029	1
541	A	N	28029	28030	1
542	T	N	28030	28031	1
543	A	N	28031	28032	1
544	T	N	28032	28033	1
545	T	N	28033	28034	1
546	A	N	28034	28035	1
547	G	N	28035	28036	1
548	A	N	28036	28037	1
549	G	N	28037	28038	1
550	T	N	28038	28039	1
551	A	N	28039	28040	1
552	G	N	28040	28041	1
553	G	N	28041	28042	1
554	A	N	28042	28043	1
555	G	N	28043	28044	1
556	C	N	28044	28045	1
557	T	N	28045	28046	1
558	A	N	28046	28047	1
559	G	N	28047	28048	1
560	A	N	28048	28049	1
561	A	N	28049	28050	1
562	A	N	28050	28051	1
563	A	N	28051	28052	1
564	T	N	28052	28053	1
565	C	N	28053	28054	1
566	A	N	28054	28055	1
567	G	N	28055	28056	1
568	C	N	28056	28057	1
569	A	N	28057	28058	1
570	C	N	28058	28059	1
571	C	N	28059	28060	1
572	T	N	28060	28061	1
573	T	N	28061	28062	1
574	T	N	28062	28063	1
575	A	N	28063	28064	1
576	A	N	28064	28065	1
577	T	N	28065	28066	1
578	T	N	28066	28067	1
579	G	N	28067	28068	1
580	A	N	28068	28069	1
581	A	N	28069	28070	1
582	T	N	28070	28071	1
583	T	N	28071	28072	1
584	G	N	28072	28073	1
585	T	N	28073	28074	1
586	G	N	28074	28075	1
587	C	N	28075	28076	1
588	G	N	28076	28077	1
589	T	N	28077	28078	1
590	G	N	28078	28079	1
591	G	N	28079	28080	1
592	A	N	28080	28081	1
593	T	N	28081	28082	1
594	G	N	28082	28083	1
595	A	N	28083	28084	1
596	G	N	28084	28085	1
597	G	N	28085	28086	1
598	C	N	28086	28087	1
599	T	N	28087	28088	1
600	G	N	28088	28089	1
601	G	N	28089	28090	1
602	T	N	28090	28091	1
603	T	N	28091	28092	1
604	C	N	28092	28093	1
605	T	N	28093	28094	1
606	A	N	28094	28095	1
607	A	N	28095	28096	1
608	A	T	28270	28271	1
609	C	T	28310	28311	1
610	GAGAACGCA		28361	28370	1
611	G	A	28880	28881	1
612	G	A	28881	28882	1
613	G	C	28882	28883	1
614	A	C	29509	29510	1
615	GAGGCCACGCGGAGTACGATCGAGTG		29733	29759	1
616	CCATGTGATTTTAATAGCTTCTTAGGAGAATGACAAAAAAAAAAAAAAAAAAAAAAAAAAAAAAAAA		29836	29903	1
617	ATTAAAGGTTTATACCTTCCCAGGTAACAAACCAACCAACTTTCGATCTCTTGT		0	54	1
618	C	A	497	498	1
619	C	T	10197	10198	1
620	T	C	15930	15931	1
621	T	C	21764	21765	1
622	A	G	25947	25948	1
623	C	T	29420	29421	1
624	G	T	209	210	1
625	G	T	525	526	1
626	G	A	2943	2944	1
627	C	T	3810	3811	1
628	G	T	4180	4181	1
629	A	G	4332	4333	1
630	C	T	6401	6402	1
631	C	T	7123	7124	1
632	T	C	7751	7752	1
633	C	T	8985	8986	1
634	G	T	9052	9053	1
635	A	G	9192	9193	1
636	A	G	11200	11201	1
637	A	G	11331	11332	1
638	G	T	11416	11417	1
639	T	C	13901	13902	1
640	G	T	14054	14055	1
641	G	A	15450	15451	1
642	C	T	16465	16466	1
643	C	T	17501	17502	1
644	A	G	18140	18141	1
645	C	T	19219	19220	1
646	C	T	19523	19524	1
647	C	G	21617	21618	1
648	T	C	21885	21886	1
649	AGTTCA		22028	22034	1
650	G	C	22379	22380	1
651	G	C	22380	22381	1
652	T	G	22916	22917	1
653	C	G	23603	23604	1
654	G	A	24409	24410	1
655	C	T	25468	25469	1
656	T	C	26766	26767	1
657	T	C	27637	27638	1
658	C	T	27751	27752	1
659	C	T	27873	27874	1
660	GATTTC		28247	28253	1
661	A		28270	28271	1
662	C	A	28418	28419	1
663	A	G	28460	28461	1
664	G	T	28880	28881	1
665	G	T	28915	28916	1
666	C	T	28956	28957	1
667	G	T	29401	29402	1
668	G	C	29735	29736	1
669	G	T	29741	29742	1
670	TGACAAAAAAAAAAAAAAAAAAAAAAAAAAAAAAAAA		29866	29903	1
671	ATTAAAGGTTTATACCTTCCCAGGTAACAAACCAACCAACTTTCGATC		0	48	1
672	C	T	1593	1594	1
673	T	N	1782	1783	1
674	G	N	1783	1784	1
675	G	N	1784	1785	1
676	T	N	1785	1786	1
677	A	N	1786	1787	1
678	A	N	1787	1788	1
679	T	N	1788	1789	1
680	T	N	1789	1790	1
681	T	N	1790	1791	1
682	T	N	1791	1792	1
683	A	N	1792	1793	1
684	A	N	1793	1794	1
685	A	N	1794	1795	1
686	G	N	1795	1796	1
687	T	N	1796	1797	1
688	T	N	1797	1798	1
689	A	N	1798	1799	1
690	C	N	1799	1800	1
691	A	N	1800	1801	1
692	A	N	1801	1802	1
693	A	N	1802	1803	1
694	A	N	1803	1804	1
695	G	N	1804	1805	1
696	G	N	1805	1806	1
697	A	N	1806	1807	1
698	A	N	1807	1808	1
699	A	N	1808	1809	1
700	A	N	1809	1810	1
701	G	N	1810	1811	1
702	C	N	1811	1812	1
703	T	N	1812	1813	1
704	A	N	1813	1814	1
705	A	N	1814	1815	1
706	A	N	1815	1816	1
707	A	N	1816	1817	1
708	A	G	1896	1897	1
709	C	T	2469	2470	1
710	A	G	2831	2832	1
711	T	G	5385	5386	1
712	GTT		6512	6515	1
713	G	N	6900	6901	1
714	G	N	6901	6902	1
715	C	N	6902	6903	1
716	T	N	6903	6904	1
717	T	N	6904	6905	1
718	C	N	6905	6906	1
719	A	N	6906	6907	1
720	T	N	6907	6908	1
721	T	N	6908	6909	1
722	T	N	6909	6910	1
723	A	N	6910	6911	1
724	A	N	6911	6912	1
725	T	N	6912	6913	1
726	T	N	6913	6914	1
727	A	N	6914	6915	1
728	T	N	6915	6916	1
729	T	N	6916	6917	1
730	T	N	6917	6918	1
731	G	N	6918	6919	1
732	A	N	6919	6920	1
733	A	N	6920	6921	1
734	G	N	6921	6922	1
735	T	N	6922	6923	1
736	A	N	6966	6967	1
737	C	N	6967	6968	1
738	T	N	6968	6969	1
739	T	N	6978	6979	1
740	T	N	6979	6980	1
741	G	N	6980	6981	1
742	A	N	6998	6999	1
743	C	N	6999	7000	1
744	T	N	7000	7001	1
745	C	N	7001	7002	1
746	A	N	7002	7003	1
747	C	N	7005	7006	1
748	G	N	7006	7007	1
749	T	N	7045	7046	1
750	T	N	7051	7052	1
751	G	N	7052	7053	1
752	T	N	7053	7054	1
753	A	N	7054	7055	1
754	G	A	8392	8393	1
755	GTTTGTCTG		11282	11291	1
756	A	G	11536	11537	1
757	T	C	13194	13195	1
758	C	T	15239	15240	1
759	C	T	17746	17747	1
760	A	N	20231	20232	1
761	C	N	20232	20233	1
762	C	N	20233	20234	1
763	C	N	20234	20235	1
764	A	N	20235	20236	1
765	G	N	20236	20237	1
766	G	N	20237	20238	1
767	A	N	20238	20239	1
768	G	N	20239	20240	1
769	T	N	20240	20241	1
770	C	N	20241	20242	1
771	A	N	20242	20243	1
772	A	N	20243	20244	1
773	A	N	20244	20245	1
774	T	N	20245	20246	1
775	G	N	20246	20247	1
776	G	N	20247	20248	1
777	A	N	20248	20249	1
778	A	N	20249	20250	1
779	A	N	20250	20251	1
780	T	N	20251	20252	1
781	T	N	20252	20253	1
782	G	N	20253	20254	1
783	A	N	20254	20255	1
784	T	N	20255	20256	1
785	T	N	20256	20257	1
786	T	N	20257	20258	1
787	C	N	20258	20259	1
788	T	N	20259	20260	1
789	T	N	20260	20261	1
790	A	N	20261	20262	1
791	G	N	20262	20263	1
792	A	N	20263	20264	1
793	A	N	20264	20265	1
794	T	N	20265	20266	1
795	T	N	20266	20267	1
796	A	N	20267	20268	1
797	G	N	20268	20269	1
798	C	N	20269	20270	1
799	T	N	20270	20271	1
800	A	N	20271	20272	1
801	T	N	20272	20273	1
802	G	N	20273	20274	1
803	G	N	20274	20275	1
804	A	N	20275	20276	1
805	T	N	20276	20277	1
806	G	N	20277	20278	1
807	A	N	20278	20279	1
808	A	N	20279	20280	1
809	T	N	20280	20281	1
810	T	N	20281	20282	1
811	C	N	20282	20283	1
812	A	N	20283	20284	1
813	T	N	20284	20285	1
814	T	N	20285	20286	1
815	G	N	20286	20287	1
816	A	N	20287	20288	1
817	A	N	20288	20289	1
818	C	N	20289	20290	1
819	G	N	20290	20291	1
820	G	N	20291	20292	1
821	T	N	20292	20293	1
822	A	N	20293	20294	1
823	T	N	20294	20295	1
824	A	N	20295	20296	1
825	A	N	20296	20297	1
826	A	N	20297	20298	1
827	T	N	20298	20299	1
828	T	N	20299	20300	1
829	A	N	20300	20301	1
830	G	N	20301	20302	1
831	A	N	20302	20303	1
832	A	N	20303	20304	1
833	T	N	20307	20308	1
834	G	N	20310	20311	1
835	C	N	20311	20312	1
836	C	N	20312	20313	1
837	T	N	20313	20314	1
838	T	N	20314	20315	1
839	C	N	20315	20316	1
840	G	N	20316	20317	1
841	A	N	20317	20318	1
842	A	N	20318	20319	1
843	C	N	20319	20320	1
844	A	N	20320	20321	1
845	T	N	20321	20322	1
846	A	N	20322	20323	1
847	T	N	20323	20324	1
848	C	N	20324	20325	1
849	G	N	20325	20326	1
850	T	N	20326	20327	1
851	T	N	20327	20328	1
852	T	N	20328	20329	1
853	A	N	20329	20330	1
854	T	N	20330	20331	1
855	G	N	20331	20332	1
856	G	N	20332	20333	1
857	A	N	20333	20334	1
858	G	N	20334	20335	1
859	A	N	20335	20336	1
860	T	N	20336	20337	1
861	T	N	20337	20338	1
862	T	N	20338	20339	1
863	T	N	20339	20340	1
864	A	N	20340	20341	1
865	G	N	20341	20342	1
866	T	N	20342	20343	1
867	C	N	20343	20344	1
868	A	N	20344	20345	1
869	T	N	20345	20346	1
870	A	N	20346	20347	1
871	G	N	20347	20348	1
872	T	N	20348	20349	1
873	C	N	20349	20350	1
874	A	N	20350	20351	1
875	G	N	20351	20352	1
876	T	N	20352	20353	1
877	T	N	20353	20354	1
878	A	N	20354	20355	1
879	G	N	20355	20356	1
880	G	N	20356	20357	1
881	T	N	20357	20358	1
882	G	N	20358	20359	1
883	G	N	20359	20360	1
884	T	N	20360	20361	1
885	T	N	20361	20362	1
886	T	N	20362	20363	1
887	A	N	20363	20364	1
888	C	N	20364	20365	1
889	A	N	20365	20366	1
890	T	N	20366	20367	1
891	C	N	20367	20368	1
892	T	N	20368	20369	1
893	A	N	20369	20370	1
894	C	N	20370	20371	1
895	T	N	20371	20372	1
896	G	N	20372	20373	1
897	A	N	20373	20374	1
898	T	N	20374	20375	1
899	T	N	20375	20376	1
900	G	N	20376	20377	1
901	G	N	20377	20378	1
902	A	N	20378	20379	1
903	C	N	20379	20380	1
904	T	N	20380	20381	1
905	A	N	20381	20382	1
906	G	N	20382	20383	1
907	C	N	20383	20384	1
908	T	N	20384	20385	1
909	A	N	20385	20386	1
910	A	N	20386	20387	1
911	A	N	20387	20388	1
912	C	N	20388	20389	1
913	G	N	20389	20390	1
914	T	N	20390	20391	1
915	T	N	20391	20392	1
916	T	N	20392	20393	1
917	T	N	20393	20394	1
918	A	N	20394	20395	1
919	A	N	20395	20396	1
920	G	N	20396	20397	1
921	G	N	20397	20398	1
922	A	N	20398	20399	1
923	A	N	20399	20400	1
924	T	N	20400	20401	1
925	C	N	20401	20402	1
926	A	N	20402	20403	1
927	C	N	20403	20404	1
928	C	N	20404	20405	1
929	T	N	20405	20406	1
930	T	N	20406	20407	1
931	T	N	20407	20408	1
932	T	N	20408	20409	1
933	G	N	20409	20410	1
934	A	N	20410	20411	1
935	A	N	20411	20412	1
936	T	N	20412	20413	1
937	T	N	20413	20414	1
938	A	N	20414	20415	1
939	G	N	20415	20416	1
940	A	N	20416	20417	1
941	A	N	20417	20418	1
942	G	N	20418	20419	1
943	A	N	20419	20420	1
944	T	N	20420	20421	1
945	T	N	20421	20422	1
946	T	N	20422	20423	1
947	T	N	20423	20424	1
948	A	N	20424	20425	1
949	T	N	20425	20426	1
950	T	N	20426	20427	1
951	C	N	20427	20428	1
952	C	N	20428	20429	1
953	T	N	20429	20430	1
954	A	N	20430	20431	1
955	T	N	20431	20432	1
956	G	N	20432	20433	1
957	G	N	20433	20434	1
958	A	N	20434	20435	1
959	C	N	20435	20436	1
960	A	N	20436	20437	1
961	G	N	20437	20438	1
962	T	N	20438	20439	1
963	A	N	20439	20440	1
964	C	N	20440	20441	1
965	A	N	20441	20442	1
966	G	N	20442	20443	1
967	T	N	20443	20444	1
968	T	N	20444	20445	1
969	A	N	20445	20446	1
970	A	N	20446	20447	1
971	A	N	20447	20448	1
972	A	N	20448	20449	1
973	A	N	20449	20450	1
974	C	N	20450	20451	1
975	T	N	20451	20452	1
976	A	N	20452	20453	1
977	T	N	20453	20454	1
978	T	N	20454	20455	1
979	T	N	20455	20456	1
980	C	N	20456	20457	1
981	A	N	20457	20458	1
982	T	N	20458	20459	1
983	A	N	20459	20460	1
984	A	N	20460	20461	1
985	C	N	20461	20462	1
986	A	N	20462	20463	1
987	G	N	20463	20464	1
988	C	T	21761	21762	1
989	TACATG		21764	21770	1
990	C	T	21845	21846	1
991	GTGTTTATT		21986	21995	1
992	A	N	22023	22024	1
993	A	N	22024	22025	1
994	G	N	22025	22026	1
995	T	N	22026	22027	1
996	G	N	22027	22028	1
997	A	N	22028	22029	1
998	G	N	22029	22030	1
999	T	N	22030	22031	1
1000	T	N	22031	22032	1
1001	C	N	22032	22033	1
1002	A	N	22033	22034	1
1003	G	N	22034	22035	1
1004	A	N	22035	22036	1
1005	G	N	22036	22037	1
1006	T	N	22037	22038	1
1007	T	N	22038	22039	1
1008	T	N	22039	22040	1
1009	A	N	22040	22041	1
1010	T	N	22041	22042	1
1011	T	N	22042	22043	1
1012	C	N	22043	22044	1
1013	T	N	22044	22045	1
1014	A	N	22045	22046	1
1015	G	N	22046	22047	1
1016	T	N	22047	22048	1
1017	G	N	22048	22049	1
1018	C	N	22049	22050	1
1019	G	N	22050	22051	1
1020	A	N	22051	22052	1
1021	A	N	22052	22053	1
1022	T	N	22053	22054	1
1023	A	N	22054	22055	1
1024	A	N	22055	22056	1
1025	T	N	22056	22057	1
1026	T	N	22057	22058	1
1027	G	N	22058	22059	1
1028	C	N	22059	22060	1
1029	A	N	22060	22061	1
1030	C	N	22061	22062	1
1031	T	N	22062	22063	1
1032	T	N	22063	22064	1
1033	T	N	22064	22065	1
1034	T	N	22065	22066	1
1035	G	N	22066	22067	1
1036	A	N	22067	22068	1
1037	A	N	22068	22069	1
1038	T	N	22069	22070	1
1039	A	N	22070	22071	1
1040	T	N	22071	22072	1
1041	G	N	22072	22073	1
1042	T	N	22073	22074	1
1043	C	N	22074	22075	1
1044	T	N	22075	22076	1
1045	C	N	22076	22077	1
1046	T	N	22077	22078	1
1047	C	N	22078	22079	1
1048	A	N	22079	22080	1
1049	G	N	22080	22081	1
1050	C	N	22081	22082	1
1051	C	N	22082	22083	1
1052	T	N	22083	22084	1
1053	T	N	22084	22085	1
1054	T	N	22085	22086	1
1055	T	N	22086	22087	1
1056	C	N	22087	22088	1
1057	T	N	22088	22089	1
1058	T	N	22089	22090	1
1059	A	N	22090	22091	1
1060	T	N	22091	22092	1
1061	G	N	22092	22093	1
1062	G	N	22093	22094	1
1063	A	N	22094	22095	1
1064	C	N	22095	22096	1
1065	C	N	22096	22097	1
1066	T	N	22097	22098	1
1067	T	N	22098	22099	1
1068	G	N	22099	22100	1
1069	A	N	22100	22101	1
1070	A	N	22101	22102	1
1071	G	N	22102	22103	1
1072	G	N	22103	22104	1
1073	A	N	22104	22105	1
1074	A	N	22105	22106	1
1075	A	N	22106	22107	1
1076	A	N	22107	22108	1
1077	C	N	22108	22109	1
1078	A	N	22109	22110	1
1079	G	N	22110	22111	1
1080	G	N	22111	22112	1
1081	G	N	22112	22113	1
1082	T	N	22113	22114	1
1083	A	N	22114	22115	1
1084	A	N	22115	22116	1
1085	T	N	22116	22117	1
1086	T	N	22117	22118	1
1087	T	N	22118	22119	1
1088	C	N	22119	22120	1
1089	A	N	22120	22121	1
1090	A	N	22121	22122	1
1091	A	N	22122	22123	1
1092	A	N	22123	22124	1
1093	A	N	22124	22125	1
1094	T	N	22125	22126	1
1095	C	N	22126	22127	1
1096	T	N	22127	22128	1
1097	T	N	22128	22129	1
1098	A	N	22129	22130	1
1099	G	N	22130	22131	1
1100	G	N	22131	22132	1
1101	G	N	22132	22133	1
1102	A	N	22133	22134	1
1103	A	N	22134	22135	1
1104	T	N	22135	22136	1
1105	T	N	22136	22137	1
1106	T	N	22137	22138	1
1107	G	N	22138	22139	1
1108	T	N	22139	22140	1
1109	G	N	22140	22141	1
1110	T	N	22141	22142	1
1111	T	N	22142	22143	1
1112	T	N	22143	22144	1
1113	A	N	22144	22145	1
1114	A	N	22145	22146	1
1115	G	N	22146	22147	1
1116	A	N	22147	22148	1
1117	A	N	22148	22149	1
1118	T	N	22149	22150	1
1119	A	N	22150	22151	1
1120	T	N	22151	22152	1
1121	T	N	22152	22153	1
1122	G	N	22153	22154	1
1123	A	N	22154	22155	1
1124	T	N	22155	22156	1
1125	G	N	22156	22157	1
1126	G	N	22157	22158	1
1127	T	N	22158	22159	1
1128	T	N	22159	22160	1
1129	A	N	22160	22161	1
1130	T	N	22161	22162	1
1131	T	N	22162	22163	1
1132	T	N	22163	22164	1
1133	T	N	22164	22165	1
1134	A	N	22165	22166	1
1135	A	N	22166	22167	1
1136	A	N	22167	22168	1
1137	A	N	22168	22169	1
1138	T	N	22169	22170	1
1139	A	N	22170	22171	1
1140	T	N	22171	22172	1
1141	A	N	22172	22173	1
1142	T	N	22173	22174	1
1143	T	N	22174	22175	1
1144	C	N	22175	22176	1
1145	T	N	22176	22177	1
1146	A	N	22177	22178	1
1147	A	N	22178	22179	1
1148	G	N	22179	22180	1
1149	C	N	22180	22181	1
1150	A	N	22181	22182	1
1151	C	N	22182	22183	1
1152	A	N	22183	22184	1
1153	C	N	22184	22185	1
1154	G	N	22185	22186	1
1155	C	N	22186	22187	1
1156	C	N	22187	22188	1
1157	T	N	22188	22189	1
1158	A	N	22189	22190	1
1159	T	N	22190	22191	1
1160	T	N	22191	22192	1
1161	A	N	22192	22193	1
1162	A	N	22193	22194	1
1163	T	N	22194	22195	1
1164	T	N	22195	22196	1
1165	T	N	22196	22197	1
1166	A	N	22197	22198	1
1167	G	N	22198	22199	1
1168	T	N	22199	22200	1
1169	G	N	22200	22201	1
1170	C	N	22201	22202	1
1171	G	N	22202	22203	1
1172	T	N	22203	22204	1
1173	G	N	22204	22205	1
1174	A	N	22205	22206	1
1175	T	N	22206	22207	1
1176	C	N	22207	22208	1
1177	T	N	22208	22209	1
1178	C	N	22209	22210	1
1179	C	N	22210	22211	1
1180	C	N	22211	22212	1
1181	T	N	22212	22213	1
1182	C	N	22213	22214	1
1183	A	N	22214	22215	1
1184	G	N	22215	22216	1
1185	G	N	22216	22217	1
1186	G	N	22217	22218	1
1187	T	N	22218	22219	1
1188	T	N	22219	22220	1
1189	T	N	22220	22221	1
1190	T	N	22221	22222	1
1191	T	N	22222	22223	1
1192	C	N	22223	22224	1
1193	G	N	22224	22225	1
1194	G	N	22225	22226	1
1195	C	N	22226	22227	1
1196	T	N	22227	22228	1
1197	T	N	22228	22229	1
1198	T	N	22229	22230	1
1199	A	N	22230	22231	1
1200	G	N	22231	22232	1
1201	A	N	22232	22233	1
1202	A	N	22233	22234	1
1203	C	N	22234	22235	1
1204	C	N	22235	22236	1
1205	A	N	22236	22237	1
1206	T	N	22237	22238	1
1207	T	N	22238	22239	1
1208	G	N	22239	22240	1
1209	G	N	22240	22241	1
1210	T	N	22241	22242	1
1211	A	N	22242	22243	1
1212	G	N	22243	22244	1
1213	A	N	22244	22245	1
1214	T	N	22245	22246	1
1215	T	N	22246	22247	1
1216	T	N	22247	22248	1
1217	G	N	22248	22249	1
1218	C	N	22249	22250	1
1219	C	N	22250	22251	1
1220	A	N	22251	22252	1
1221	A	N	22252	22253	1
1222	T	N	22253	22254	1
1223	A	N	22254	22255	1
1224	G	N	22255	22256	1
1225	G	N	22256	22257	1
1226	T	N	22257	22258	1
1227	A	N	22258	22259	1
1228	T	N	22259	22260	1
1229	T	N	22260	22261	1
1230	A	N	22261	22262	1
1231	A	N	22262	22263	1
1232	C	N	22263	22264	1
1233	A	N	22264	22265	1
1234	T	N	22265	22266	1
1235	C	N	22266	22267	1
1236	A	N	22267	22268	1
1237	C	N	22268	22269	1
1238	T	N	22269	22270	1
1239	A	N	22270	22271	1
1240	G	N	22271	22272	1
1241	G	N	22272	22273	1
1242	T	N	22273	22274	1
1243	T	N	22274	22275	1
1244	T	N	22275	22276	1
1245	C	N	22276	22277	1
1246	A	N	22277	22278	1
1247	A	N	22278	22279	1
1248	A	N	22279	22280	1
1249	C	N	22280	22281	1
1250	T	N	22281	22282	1
1251	T	N	22282	22283	1
1252	T	N	22283	22284	1
1253	A	N	22284	22285	1
1254	C	N	22285	22286	1
1255	T	N	22286	22287	1
1256	T	N	22287	22288	1
1257	G	N	22288	22289	1
1258	C	N	22289	22290	1
1259	G	A	22598	22599	1
1260	G	N	22626	22627	1
1261	A	N	22627	22628	1
1262	A	N	22628	22629	1
1263	G	N	22629	22630	1
1264	A	N	22630	22631	1
1265	G	N	22631	22632	1
1266	A	N	22632	22633	1
1267	A	N	22633	22634	1
1268	T	N	22634	22635	1
1269	C	N	22635	22636	1
1270	A	N	22636	22637	1
1271	G	N	22637	22638	1
1272	C	N	22638	22639	1
1273	A	N	22639	22640	1
1274	A	N	22640	22641	1
1275	C	N	22641	22642	1
1276	T	N	22642	22643	1
1277	G	N	22643	22644	1
1278	T	N	22644	22645	1
1279	G	N	22645	22646	1
1280	T	N	22646	22647	1
1281	T	N	22647	22648	1
1282	G	N	22648	22649	1
1283	C	N	22649	22650	1
1284	T	N	22650	22651	1
1285	G	N	22651	22652	1
1286	A	N	22652	22653	1
1287	T	N	22653	22654	1
1288	T	N	22654	22655	1
1289	A	N	22655	22656	1
1290	T	N	22656	22657	1
1291	T	N	22657	22658	1
1292	C	N	22658	22659	1
1293	T	N	22659	22660	1
1294	G	N	22660	22661	1
1295	T	N	22661	22662	1
1296	C	N	22662	22663	1
1297	C	N	22663	22664	1
1298	T	N	22664	22665	1
1299	A	N	22665	22666	1
1300	T	N	22666	22667	1
1301	A	N	22667	22668	1
1302	T	N	22668	22669	1
1303	A	N	22669	22670	1
1304	A	N	22670	22671	1
1305	T	N	22671	22672	1
1306	T	N	22672	22673	1
1307	C	N	22673	22674	1
1308	C	N	22674	22675	1
1309	G	N	22675	22676	1
1310	C	N	22676	22677	1
1311	A	N	22677	22678	1
1312	T	N	22678	22679	1
1313	C	N	22679	22680	1
1314	A	N	22680	22681	1
1315	T	N	22681	22682	1
1316	T	N	22682	22683	1
1317	T	N	22683	22684	1
1318	T	N	22684	22685	1
1319	C	N	22685	22686	1
1320	C	N	22686	22687	1
1321	A	N	22687	22688	1
1322	C	N	22688	22689	1
1323	T	N	22689	22690	1
1324	T	N	22690	22691	1
1325	T	N	22691	22692	1
1326	T	N	22692	22693	1
1327	A	N	22693	22694	1
1328	A	N	22694	22695	1
1329	G	N	22695	22696	1
1330	T	N	22696	22697	1
1331	G	N	22697	22698	1
1332	T	N	22698	22699	1
1333	T	N	22699	22700	1
1334	A	N	22700	22701	1
1335	T	N	22701	22702	1
1336	G	N	22702	22703	1
1337	G	N	22703	22704	1
1338	A	N	22704	22705	1
1339	G	N	22705	22706	1
1340	T	N	22706	22707	1
1341	G	N	22707	22708	1
1342	T	N	22708	22709	1
1343	C	N	22709	22710	1
1344	T	N	22710	22711	1
1345	C	N	22711	22712	1
1346	C	N	22712	22713	1
1347	T	N	22713	22714	1
1348	A	N	22714	22715	1
1349	C	N	22715	22716	1
1350	T	N	22716	22717	1
1351	A	N	22717	22718	1
1352	A	N	22718	22719	1
1353	A	N	22719	22720	1
1354	T	N	22720	22721	1
1355	T	N	22721	22722	1
1356	A	N	22722	22723	1
1357	A	N	22723	22724	1
1358	A	N	22724	22725	1
1359	T	N	22725	22726	1
1360	G	N	22726	22727	1
1361	A	N	22727	22728	1
1362	T	N	22728	22729	1
1363	C	N	22729	22730	1
1364	T	N	22730	22731	1
1365	C	N	22731	22732	1
1366	T	N	22732	22733	1
1367	G	N	22733	22734	1
1368	C	N	22734	22735	1
1369	T	N	22735	22736	1
1370	T	N	22736	22737	1
1371	T	N	22737	22738	1
1372	A	N	22738	22739	1
1373	C	N	22739	22740	1
1374	T	N	22740	22741	1
1375	A	N	22741	22742	1
1376	A	N	22742	22743	1
1377	T	N	22743	22744	1
1378	G	N	22744	22745	1
1379	T	N	22745	22746	1
1380	C	N	22746	22747	1
1381	T	N	22747	22748	1
1382	A	N	22748	22749	1
1383	T	N	22749	22750	1
1384	G	N	22750	22751	1
1385	C	N	22751	22752	1
1386	A	N	22752	22753	1
1387	G	N	22753	22754	1
1388	A	N	22754	22755	1
1389	T	N	22755	22756	1
1390	T	N	22756	22757	1
1391	C	N	22757	22758	1
1392	A	N	22758	22759	1
1393	T	N	22759	22760	1
1394	T	N	22760	22761	1
1395	T	N	22761	22762	1
1396	G	N	22762	22763	1
1397	T	N	22763	22764	1
1398	A	N	22764	22765	1
1399	A	N	22765	22766	1
1400	T	N	22766	22767	1
1401	T	N	22767	22768	1
1402	A	N	22768	22769	1
1403	G	N	22769	22770	1
1404	A	N	22770	22771	1
1405	G	N	22771	22772	1
1406	G	N	22772	22773	1
1407	T	N	22773	22774	1
1408	G	N	22774	22775	1
1409	A	N	22775	22776	1
1410	T	N	22776	22777	1
1411	G	N	22777	22778	1
1412	A	N	22778	22779	1
1413	A	N	22779	22780	1
1414	G	N	22780	22781	1
1415	T	N	22781	22782	1
1416	C	N	22782	22783	1
1417	A	N	22783	22784	1
1418	G	N	22784	22785	1
1419	A	N	22785	22786	1
1420	C	N	22786	22787	1
1421	A	N	22787	22788	1
1422	A	N	22788	22789	1
1423	A	N	22789	22790	1
1424	T	N	22790	22791	1
1425	C	N	22791	22792	1
1426	G	N	22792	22793	1
1427	C	N	22793	22794	1
1428	T	N	22794	22795	1
1429	C	N	22795	22796	1
1430	C	N	22796	22797	1
1431	A	N	22797	22798	1
1432	G	N	22798	22799	1
1433	G	N	22799	22800	1
1434	G	N	22800	22801	1
1435	C	N	22801	22802	1
1436	A	N	22802	22803	1
1437	A	N	22803	22804	1
1438	A	N	22804	22805	1
1439	C	N	22805	22806	1
1440	T	N	22806	22807	1
1441	G	N	22807	22808	1
1442	G	N	22808	22809	1
1443	A	N	22809	22810	1
1444	A	N	22810	22811	1
1445	A	N	22811	22812	1
1446	G	N	22812	22813	1
1447	A	N	22813	22814	1
1448	T	N	22814	22815	1
1449	T	N	22815	22816	1
1450	G	N	22816	22817	1
1451	C	N	22817	22818	1
1452	T	N	22818	22819	1
1453	G	N	22819	22820	1
1454	A	N	22820	22821	1
1455	A	N	22863	22864	1
1456	G	N	22864	22865	1
1457	C	N	22865	22866	1
1458	T	N	22866	22867	1
1459	T	N	22867	22868	1
1460	G	N	22868	22869	1
1461	G	N	22869	22870	1
1462	A	N	22870	22871	1
1463	A	N	22871	22872	1
1464	T	N	22872	22873	1
1465	T	N	22873	22874	1
1466	C	N	22874	22875	1
1467	T	N	22875	22876	1
1468	A	N	22876	22877	1
1469	A	N	22877	22878	1
1470	C	N	22878	22879	1
1471	A	N	22879	22880	1
1472	A	N	22880	22881	1
1473	T	N	22881	22882	1
1474	C	N	22882	22883	1
1475	T	N	22883	22884	1
1476	T	N	22884	22885	1
1477	G	N	22885	22886	1
1478	A	N	22886	22887	1
1479	T	N	22887	22888	1
1480	T	N	22888	22889	1
1481	C	N	22889	22890	1
1482	T	N	22890	22891	1
1483	A	N	22891	22892	1
1484	A	N	22892	22893	1
1485	G	N	22893	22894	1
1486	G	N	22894	22895	1
1487	T	N	22895	22896	1
1488	T	N	22896	22897	1
1489	G	N	22897	22898	1
1490	G	N	22898	22899	1
1491	T	N	22899	22900	1
1492	G	N	22900	22901	1
1493	G	N	22901	22902	1
1494	T	N	22902	22903	1
1495	A	N	22903	22904	1
1496	A	N	22904	22905	1
1497	T	N	22905	22906	1
1498	T	N	22906	22907	1
1499	A	N	22907	22908	1
1500	T	N	22908	22909	1
1501	A	N	22909	22910	1
1502	A	N	22910	22911	1
1503	T	N	22911	22912	1
1504	T	N	22912	22913	1
1505	A	N	22913	22914	1
1506	C	N	22914	22915	1
1507	C	N	22915	22916	1
1508	T	N	22916	22917	1
1509	G	N	22917	22918	1
1510	T	N	22918	22919	1
1511	A	N	22919	22920	1
1512	T	N	22920	22921	1
1513	A	N	22921	22922	1
1514	G	N	22922	22923	1
1515	A	N	22923	22924	1
1516	T	N	22924	22925	1
1517	T	N	22925	22926	1
1518	G	N	22926	22927	1
1519	T	N	22927	22928	1
1520	T	N	22928	22929	1
1521	T	N	22929	22930	1
1522	A	N	22930	22931	1
1523	G	N	22931	22932	1
1524	G	N	22932	22933	1
1525	A	N	22933	22934	1
1526	A	N	22934	22935	1
1527	G	N	22935	22936	1
1528	T	N	22936	22937	1
1529	C	N	22937	22938	1
1530	T	N	22938	22939	1
1531	A	N	22939	22940	1
1532	A	N	22940	22941	1
1533	C	N	22942	22943	1
1534	T	N	22943	22944	1
1535	C	N	22944	22945	1
1536	A	N	22945	22946	1
1537	A	N	22946	22947	1
1538	A	N	22947	22948	1
1539	C	N	22948	22949	1
1540	C	N	22949	22950	1
1541	T	N	22950	22951	1
1542	T	N	22951	22952	1
1543	T	N	22952	22953	1
1544	T	N	22953	22954	1
1545	G	N	22954	22955	1
1546	A	N	22955	22956	1
1547	G	N	22956	22957	1
1548	A	N	22957	22958	1
1549	G	N	22958	22959	1
1550	A	N	22959	22960	1
1551	G	N	22960	22961	1
1552	A	N	22961	22962	1
1553	T	N	22962	22963	1
1554	A	N	22963	22964	1
1555	T	N	22964	22965	1
1556	T	N	22965	22966	1
1557	T	N	22966	22967	1
1558	C	N	22967	22968	1
1559	A	N	22968	22969	1
1560	A	N	22969	22970	1
1561	C	N	22970	22971	1
1562	T	N	22971	22972	1
1563	G	N	22972	22973	1
1564	A	N	22973	22974	1
1565	A	N	22974	22975	1
1566	A	N	22975	22976	1
1567	T	N	22976	22977	1
1568	C	N	22977	22978	1
1569	T	N	22978	22979	1
1570	A	N	22979	22980	1
1571	T	N	22980	22981	1
1572	C	N	22981	22982	1
1573	A	N	22982	22983	1
1574	G	N	22983	22984	1
1575	G	N	22984	22985	1
1576	C	N	22985	22986	1
1577	C	N	22986	22987	1
1578	G	N	22987	22988	1
1579	G	N	22988	22989	1
1580	T	N	22989	22990	1
1581	A	N	22990	22991	1
1582	G	N	22991	22992	1
1583	C	N	22992	22993	1
1584	A	N	22993	22994	1
1585	C	N	22994	22995	1
1586	A	N	22995	22996	1
1587	C	N	22996	22997	1
1588	C	N	22997	22998	1
1589	T	N	22998	22999	1
1590	T	N	22999	23000	1
1591	G	N	23000	23001	1
1592	T	N	23001	23002	1
1593	A	N	23002	23003	1
1594	A	N	23003	23004	1
1595	T	N	23004	23005	1
1596	G	N	23005	23006	1
1597	G	N	23006	23007	1
1598	T	N	23007	23008	1
1599	G	N	23008	23009	1
1600	T	N	23009	23010	1
1601	T	N	23010	23011	1
1602	G	N	23011	23012	1
1603	A	N	23012	23013	1
1604	A	N	23013	23014	1
1605	G	N	23014	23015	1
1606	G	N	23015	23016	1
1607	T	N	23016	23017	1
1608	T	N	23017	23018	1
1609	T	N	23018	23019	1
1610	T	N	23019	23020	1
1611	A	N	23020	23021	1
1612	A	N	23021	23022	1
1613	T	N	23022	23023	1
1614	T	N	23023	23024	1
1615	G	N	23024	23025	1
1616	T	N	23025	23026	1
1617	T	N	23026	23027	1
1618	A	N	23027	23028	1
1619	C	N	23028	23029	1
1620	T	N	23029	23030	1
1621	T	N	23030	23031	1
1622	T	N	23031	23032	1
1623	C	N	23032	23033	1
1624	C	N	23033	23034	1
1625	T	N	23034	23035	1
1626	T	N	23035	23036	1
1627	T	N	23036	23037	1
1628	A	N	23037	23038	1
1629	C	N	23038	23039	1
1630	A	N	23039	23040	1
1631	A	N	23040	23041	1
1632	T	N	23041	23042	1
1633	C	N	23042	23043	1
1634	A	N	23043	23044	1
1635	T	N	23044	23045	1
1636	A	N	23045	23046	1
1637	T	N	23046	23047	1
1638	G	N	23047	23048	1
1639	G	N	23048	23049	1
1640	T	N	23049	23050	1
1641	T	N	23050	23051	1
1642	T	N	23051	23052	1
1643	C	N	23052	23053	1
1644	C	N	23053	23054	1
1645	A	N	23054	23055	1
1646	A	N	23055	23056	1
1647	C	N	23056	23057	1
1648	C	N	23057	23058	1
1649	C	N	23058	23059	1
1650	A	N	23059	23060	1
1651	C	N	23060	23061	1
1652	T	N	23061	23062	1
1653	A	N	23062	23063	1
1654	A	N	23063	23064	1
1655	T	N	23064	23065	1
1656	G	N	23065	23066	1
1657	G	N	23066	23067	1
1658	T	N	23067	23068	1
1659	G	N	23068	23069	1
1660	T	N	23069	23070	1
1661	T	N	23070	23071	1
1662	G	N	23071	23072	1
1663	G	N	23072	23073	1
1664	T	N	23073	23074	1
1665	T	N	23074	23075	1
1666	A	N	23075	23076	1
1667	C	N	23076	23077	1
1668	C	N	23077	23078	1
1669	A	N	23078	23079	1
1670	A	N	23079	23080	1
1671	C	N	23080	23081	1
1672	C	N	23081	23082	1
1673	A	N	23082	23083	1
1674	T	N	23083	23084	1
1675	A	N	23084	23085	1
1676	C	N	23085	23086	1
1677	A	N	23086	23087	1
1678	G	N	23087	23088	1
1679	A	N	23088	23089	1
1680	G	N	23089	23090	1
1681	T	N	23090	23091	1
1682	A	N	23091	23092	1
1683	G	N	23092	23093	1
1684	T	N	23093	23094	1
1685	A	N	23094	23095	1
1686	G	N	23095	23096	1
1687	T	N	23096	23097	1
1688	A	N	23097	23098	1
1689	C	N	23098	23099	1
1690	T	N	23099	23100	1
1691	T	N	23100	23101	1
1692	T	N	23101	23102	1
1693	C	N	23102	23103	1
1694	T	N	23103	23104	1
1695	T	N	23104	23105	1
1696	T	N	23105	23106	1
1697	T	N	23106	23107	1
1698	G	N	23107	23108	1
1699	A	N	23108	23109	1
1700	A	N	23109	23110	1
1701	C	N	23110	23111	1
1702	T	N	23111	23112	1
1703	T	N	23112	23113	1
1704	C	N	23113	23114	1
1705	T	N	23114	23115	1
1706	A	N	23115	23116	1
1707	C	N	23116	23117	1
1708	A	N	23117	23118	1
1709	T	N	23118	23119	1
1710	G	N	23119	23120	1
1711	C	N	23120	23121	1
1712	A	N	23121	23122	1
1713	C	N	23122	23123	1
1714	C	N	23123	23124	1
1715	A	N	23124	23125	1
1716	G	N	23125	23126	1
1717	C	N	23126	23127	1
1718	A	N	23127	23128	1
1719	A	N	23128	23129	1
1720	C	N	23129	23130	1
1721	T	N	23130	23131	1
1722	G	N	23131	23132	1
1723	T	N	23132	23133	1
1724	T	N	23133	23134	1
1725	C	A	23201	23202	1
1726	C	A	24129	24130	1
1727	C	T	24502	24503	1
1728	T	N	25076	25077	1
1729	T	N	25077	25078	1
1730	A	N	25078	25079	1
1731	A	N	25079	25080	1
1732	T	N	25080	25081	1
1733	G	N	25081	25082	1
1734	C	N	25082	25083	1
1735	T	N	25083	25084	1
1736	T	N	25084	25085	1
1737	C	N	25085	25086	1
1738	A	N	25086	25087	1
1739	G	N	25087	25088	1
1740	T	N	25088	25089	1
1741	T	N	25089	25090	1
1742	G	N	25090	25091	1
1743	T	N	25091	25092	1
1744	A	N	25092	25093	1
1745	A	N	25093	25094	1
1746	A	N	25094	25095	1
1747	C	N	25095	25096	1
1748	A	N	25096	25097	1
1749	T	N	25097	25098	1
1750	T	N	25098	25099	1
1751	C	N	25099	25100	1
1752	A	N	25100	25101	1
1753	A	N	25101	25102	1
1754	A	N	25102	25103	1
1755	A	N	25103	25104	1
1756	A	N	25104	25105	1
1757	G	N	25105	25106	1
1758	A	N	25106	25107	1
1759	A	N	25107	25108	1
1760	A	N	25108	25109	1
1761	T	N	25109	25110	1
1762	T	N	25110	25111	1
1763	G	N	25111	25112	1
1764	A	N	25112	25113	1
1765	C	N	25113	25114	1
1766	C	N	25114	25115	1
1767	G	N	25115	25116	1
1768	C	N	25116	25117	1
1769	C	N	25117	25118	1
1770	T	N	25118	25119	1
1771	C	N	25119	25120	1
1772	A	N	25120	25121	1
1773	A	N	25121	25122	1
1774	T	N	25122	25123	1
1775	G	N	25123	25124	1
1776	A	N	25124	25125	1
1777	G	N	25125	25126	1
1778	G	N	25126	25127	1
1779	T	N	25127	25128	1
1780	T	N	25128	25129	1
1781	G	N	25129	25130	1
1782	C	N	25130	25131	1
1783	C	N	25131	25132	1
1784	A	N	25132	25133	1
1785	A	N	25133	25134	1
1786	G	N	25134	25135	1
1787	A	N	25135	25136	1
1788	A	N	25136	25137	1
1789	T	N	25137	25138	1
1790	T	N	25138	25139	1
1791	T	N	25139	25140	1
1792	A	N	25140	25141	1
1793	A	N	25141	25142	1
1794	A	N	25142	25143	1
1795	T	N	25143	25144	1
1796	G	N	25144	25145	1
1797	A	N	25145	25146	1
1798	A	N	25146	25147	1
1799	T	N	25147	25148	1
1800	C	N	25148	25149	1
1801	T	N	25149	25150	1
1802	C	N	25150	25151	1
1803	T	N	25151	25152	1
1804	C	N	25152	25153	1
1805	A	N	25153	25154	1
1806	T	N	25154	25155	1
1807	C	N	25155	25156	1
1808	G	N	25156	25157	1
1809	A	N	25157	25158	1
1810	T	N	25158	25159	1
1811	C	N	25159	25160	1
1812	T	N	25160	25161	1
1813	C	N	25161	25162	1
1814	C	N	25162	25163	1
1815	A	N	25163	25164	1
1816	A	N	25164	25165	1
1817	G	N	25165	25166	1
1818	A	N	25166	25167	1
1819	A	N	25167	25168	1
1820	C	N	25168	25169	1
1821	T	N	25169	25170	1
1822	T	N	25170	25171	1
1823	G	N	25171	25172	1
1824	G	N	25172	25173	1
1825	A	N	25173	25174	1
1826	A	N	25174	25175	1
1827	A	N	25175	25176	1
1828	G	N	25176	25177	1
1829	T	N	25177	25178	1
1830	A	N	25178	25179	1
1831	T	N	25179	25180	1
1832	G	N	25180	25181	1
1833	A	N	25181	25182	1
1834	G	N	25182	25183	1
1835	C	N	25183	25184	1
1836	A	N	25184	25185	1
1837	G	N	25185	25186	1
1838	T	N	25186	25187	1
1839	A	N	25187	25188	1
1840	T	N	25188	25189	1
1841	A	N	25189	25190	1
1842	T	N	25190	25191	1
1843	A	N	25191	25192	1
1844	A	N	25192	25193	1
1845	A	N	25193	25194	1
1846	A	N	25194	25195	1
1847	T	N	25195	25196	1
1848	G	N	25196	25197	1
1849	G	N	25197	25198	1
1850	C	N	25198	25199	1
1851	C	N	25199	25200	1
1852	A	N	25200	25201	1
1853	T	N	25201	25202	1
1854	G	N	25202	25203	1
1855	G	N	25203	25204	1
1856	T	N	25204	25205	1
1857	A	N	25205	25206	1
1858	C	N	25206	25207	1
1859	A	N	25207	25208	1
1860	T	N	25208	25209	1
1861	T	N	25209	25210	1
1862	T	N	25210	25211	1
1863	G	N	25211	25212	1
1864	G	N	25212	25213	1
1865	C	N	25213	25214	1
1866	T	N	25214	25215	1
1867	A	N	25215	25216	1
1868	G	N	25216	25217	1
1869	G	N	25217	25218	1
1870	T	N	25218	25219	1
1871	T	N	25219	25220	1
1872	T	N	25220	25221	1
1873	T	N	25221	25222	1
1874	A	N	25222	25223	1
1875	T	N	25223	25224	1
1876	A	N	25224	25225	1
1877	G	N	25225	25226	1
1878	C	N	25226	25227	1
1879	T	N	25227	25228	1
1880	G	N	25228	25229	1
1881	G	N	25229	25230	1
1882	C	N	25230	25231	1
1883	T	N	25231	25232	1
1884	T	N	25232	25233	1
1885	G	N	25233	25234	1
1886	A	N	25234	25235	1
1887	T	N	25235	25236	1
1888	T	N	25236	25237	1
1889	G	N	25237	25238	1
1890	C	N	25238	25239	1
1891	C	N	25239	25240	1
1892	A	N	25240	25241	1
1893	T	N	25241	25242	1
1894	A	N	25242	25243	1
1895	G	N	25243	25244	1
1896	T	N	25244	25245	1
1897	A	N	25245	25246	1
1898	A	N	25246	25247	1
1899	T	N	25247	25248	1
1900	G	N	25248	25249	1
1901	G	N	25249	25250	1
1902	T	N	25250	25251	1
1903	G	N	25251	25252	1
1904	A	N	25252	25253	1
1905	C	N	25253	25254	1
1906	A	N	25254	25255	1
1907	A	N	25255	25256	1
1908	T	N	25256	25257	1
1909	T	N	25257	25258	1
1910	A	N	25258	25259	1
1911	T	N	25259	25260	1
1912	G	N	25260	25261	1
1913	C	N	25261	25262	1
1914	T	N	25262	25263	1
1915	T	N	25263	25264	1
1916	T	N	25264	25265	1
1917	G	N	25265	25266	1
1918	C	N	25266	25267	1
1919	T	N	25267	25268	1
1920	G	N	25268	25269	1
1921	T	N	25269	25270	1
1922	A	N	25270	25271	1
1923	T	N	25271	25272	1
1924	G	N	25272	25273	1
1925	A	N	25273	25274	1
1926	C	N	25274	25275	1
1927	C	N	25275	25276	1
1928	A	N	25276	25277	1
1929	G	N	25277	25278	1
1930	T	N	25278	25279	1
1931	T	N	25279	25280	1
1932	G	N	25280	25281	1
1933	C	N	25281	25282	1
1934	T	N	25282	25283	1
1935	G	N	25283	25284	1
1936	T	N	25284	25285	1
1937	A	N	25285	25286	1
1938	G	N	25286	25287	1
1939	T	N	25287	25288	1
1940	T	N	25288	25289	1
1941	G	N	25289	25290	1
1942	T	N	25290	25291	1
1943	C	N	25291	25292	1
1944	A	G	26529	26530	1
1945	T	N	27528	27529	1
1946	T	N	27529	27530	1
1947	T	N	27530	27531	1
1948	C	N	27531	27532	1
1949	A	N	27532	27533	1
1950	T	N	27533	27534	1
1951	C	N	27534	27535	1
1952	C	N	27535	27536	1
1953	T	N	27536	27537	1
1954	C	N	27537	27538	1
1955	T	N	27538	27539	1
1956	A	N	27539	27540	1
1957	G	N	27540	27541	1
1958	C	N	27541	27542	1
1959	T	N	27542	27543	1
1960	G	N	27543	27544	1
1961	A	N	27544	27545	1
1962	T	N	27545	27546	1
1963	A	N	27546	27547	1
1964	A	N	27547	27548	1
1965	C	N	27548	27549	1
1966	A	N	27549	27550	1
1967	A	N	27550	27551	1
1968	A	N	27551	27552	1
1969	T	N	27552	27553	1
1970	T	N	27553	27554	1
1971	T	N	27554	27555	1
1972	G	N	27555	27556	1
1973	C	N	27556	27557	1
1974	A	N	27557	27558	1
1975	C	N	27558	27559	1
1976	T	N	27559	27560	1
1977	G	N	27560	27561	1
1978	A	N	27561	27562	1
1979	C	N	27562	27563	1
1980	T	N	27563	27564	1
1981	T	N	27564	27565	1
1982	G	N	27565	27566	1
1983	C	N	27566	27567	1
1984	T	N	27567	27568	1
1985	T	N	27568	27569	1
1986	T	N	27569	27570	1
1987	A	N	27570	27571	1
1988	G	N	27571	27572	1
1989	C	N	27572	27573	1
1990	A	N	27573	27574	1
1991	C	N	27574	27575	1
1992	T	N	27575	27576	1
1993	C	N	27576	27577	1
1994	A	N	27577	27578	1
1995	A	N	27578	27579	1
1996	T	N	27579	27580	1
1997	T	N	27580	27581	1
1998	T	N	27581	27582	1
1999	G	N	27582	27583	1
2000	C	N	27583	27584	1
2001	T	N	27584	27585	1
2002	T	N	27585	27586	1
2003	T	N	27586	27587	1
2004	T	N	27587	27588	1
2005	G	N	27588	27589	1
2006	C	N	27589	27590	1
2007	T	N	27590	27591	1
2008	T	N	27591	27592	1
2009	G	N	27592	27593	1
2010	T	N	27593	27594	1
2011	C	N	27594	27595	1
2012	C	N	27595	27596	1
2013	T	N	27596	27597	1
2014	G	N	27597	27598	1
2015	A	N	27598	27599	1
2016	C	N	27599	27600	1
2017	G	N	27600	27601	1
2018	G	N	27601	27602	1
2019	C	N	27602	27603	1
2020	G	N	27603	27604	1
2021	T	N	27604	27605	1
2022	A	N	27605	27606	1
2023	A	N	27606	27607	1
2024	A	N	27607	27608	1
2025	A	N	27608	27609	1
2026	C	N	27609	27610	1
2027	A	N	27610	27611	1
2028	C	N	27611	27612	1
2029	G	N	27612	27613	1
2030	T	N	27615	27616	1
2031	A	N	27616	27617	1
2032	T	N	27617	27618	1
2148	C	N	6379	6380	1
2149	T	N	6380	6381	1
2033	ATTAAAGGTTTATACCTTCCCAGGTAACAAACCAACCAACTTTCGATCTCTTGTAGATCTGTTCTCTAAACGAACTTTAAAATCTGTGTGGCTGTCACTCGGCTGCATGCTTAGTGCACTCACGCAGTATAATTAATAACTAATTACTGTCGTTGACAGGACACGAGTAACTCGTCTATCTTCTGCAGGCTGCTTACGGTTTCGTCCGTGTTGCAGCCGATCATCAGCACATCTAGGTTTCGTCCGGGTGTGACCGAAAGGTAAGATGGAGAGCCTTGTCCCTGGTTTCAACGAGAAAACACACGTCCAACTCAGTTTGCCTGTTTTACA		0	330	1
2034	T	G	456	457	1
2035	C	T	1626	1627	1
2036	C	N	6267	6268	1
2037	A	N	6268	6269	1
2038	C	N	6269	6270	1
2039	G	N	6270	6271	1
2040	T	N	6271	6272	1
2041	A	N	6272	6273	1
2042	T	N	6273	6274	1
2043	A	N	6274	6275	1
2044	A	N	6275	6276	1
2045	A	N	6276	6277	1
2046	C	N	6277	6278	1
2047	C	N	6278	6279	1
2048	A	N	6279	6280	1
2049	A	N	6280	6281	1
2050	A	N	6281	6282	1
2051	T	N	6282	6283	1
2052	A	N	6283	6284	1
2053	C	N	6284	6285	1
2054	C	N	6285	6286	1
2055	T	N	6286	6287	1
2056	G	N	6287	6288	1
2057	G	N	6288	6289	1
2058	T	N	6289	6290	1
2059	G	N	6290	6291	1
2060	T	N	6291	6292	1
2061	A	N	6292	6293	1
2062	T	N	6293	6294	1
2063	A	N	6294	6295	1
2064	C	N	6295	6296	1
2065	G	N	6296	6297	1
2066	T	N	6297	6298	1
2067	T	N	6298	6299	1
2068	G	N	6299	6300	1
2069	T	N	6300	6301	1
2070	C	N	6301	6302	1
2071	T	N	6302	6303	1
2072	T	N	6303	6304	1
2073	T	N	6304	6305	1
2074	G	N	6305	6306	1
2075	G	N	6306	6307	1
2076	A	N	6307	6308	1
2077	G	N	6308	6309	1
2078	C	N	6309	6310	1
2079	A	N	6310	6311	1
2080	C	N	6311	6312	1
2081	A	N	6312	6313	1
2082	A	N	6313	6314	1
2083	A	N	6314	6315	1
2084	A	N	6315	6316	1
2085	C	N	6316	6317	1
2086	C	N	6317	6318	1
2087	A	N	6318	6319	1
2088	G	N	6319	6320	1
2089	T	N	6320	6321	1
2090	T	N	6321	6322	1
2091	G	N	6322	6323	1
2092	A	N	6323	6324	1
2093	A	N	6324	6325	1
2094	A	N	6325	6326	1
2095	C	N	6326	6327	1
2096	A	N	6327	6328	1
2097	T	N	6328	6329	1
2098	C	N	6329	6330	1
2099	A	N	6330	6331	1
2100	A	N	6331	6332	1
2101	A	N	6332	6333	1
2102	T	N	6333	6334	1
2103	T	N	6334	6335	1
2104	C	N	6335	6336	1
2105	G	N	6336	6337	1
2106	T	N	6337	6338	1
2107	T	N	6338	6339	1
2108	T	N	6339	6340	1
2109	G	N	6340	6341	1
2110	A	N	6341	6342	1
2111	T	N	6342	6343	1
2112	G	N	6343	6344	1
2113	T	N	6344	6345	1
2114	A	N	6345	6346	1
2115	C	N	6346	6347	1
2116	T	N	6347	6348	1
2117	G	N	6348	6349	1
2118	A	N	6349	6350	1
2119	A	N	6350	6351	1
2120	G	N	6351	6352	1
2121	T	N	6352	6353	1
2122	C	N	6353	6354	1
2123	A	N	6354	6355	1
2124	G	N	6355	6356	1
2125	A	N	6356	6357	1
2126	G	N	6357	6358	1
2127	G	N	6358	6359	1
2128	A	N	6359	6360	1
2129	C	N	6360	6361	1
2130	G	N	6361	6362	1
2131	C	N	6362	6363	1
2132	G	N	6363	6364	1
2133	C	N	6364	6365	1
2134	A	N	6365	6366	1
2135	G	N	6366	6367	1
2136	G	N	6367	6368	1
2137	G	N	6368	6369	1
2138	A	N	6369	6370	1
2139	A	N	6370	6371	1
2140	T	N	6371	6372	1
2141	G	N	6372	6373	1
2142	G	N	6373	6374	1
2143	A	N	6374	6375	1
2144	T	N	6375	6376	1
2145	A	N	6376	6377	1
2146	A	N	6377	6378	1
2147	T	N	6378	6379	1
2150	T	N	6381	6382	1
2151	G	N	6382	6383	1
2152	C	N	6383	6384	1
2153	C	N	6384	6385	1
2154	T	N	6385	6386	1
2155	G	N	6386	6387	1
2156	C	N	6387	6388	1
2157	G	N	6388	6389	1
2158	A	N	6389	6390	1
2159	A	N	6390	6391	1
2160	G	N	6391	6392	1
2161	A	N	6392	6393	1
2162	T	N	6393	6394	1
2163	C	N	6394	6395	1
2164	T	N	6395	6396	1
2165	A	N	6396	6397	1
2166	A	N	6397	6398	1
2167	A	N	6398	6399	1
2168	A	N	6399	6400	1
2169	C	N	6400	6401	1
2170	C	N	6401	6402	1
2171	A	N	6402	6403	1
2172	T	C	6404	6405	1
2173	T	A	6408	6409	1
2174	A	T	9700	9701	1
2175	G	A	12159	12160	1
2176	G	A	12309	12310	1
2177	C	N	15390	15391	1
2178	T	N	15452	15453	1
2179	A	N	15455	15456	1
2180	C	N	15456	15457	1
2181	T	N	15457	15458	1
2182	A	N	15458	15459	1
2183	T	N	15459	15460	1
2184	A	N	15460	15461	1
2185	T	N	15461	15462	1
2186	G	N	15462	15463	1
2187	T	N	15463	15464	1
2188	T	N	15464	15465	1
2189	A	N	15465	15466	1
2190	A	N	15466	15467	1
2191	A	N	15467	15468	1
2192	C	N	15478	15479	1
2193	T	N	15480	15481	1
2194	C	N	15481	15482	1
2195	A	N	15482	15483	1
2196	T	N	15483	15484	1
2197	C	N	15484	15485	1
2198	A	N	15485	15486	1
2199	G	N	15486	15487	1
2200	G	N	15487	15488	1
2201	A	N	15488	15489	1
2202	G	N	15489	15490	1
2203	A	N	15490	15491	1
2204	T	N	15491	15492	1
2205	G	N	15492	15493	1
2206	C	N	15493	15494	1
2207	C	N	15494	15495	1
2208	A	N	15495	15496	1
2209	C	N	15496	15497	1
2210	A	N	15497	15498	1
2211	A	N	15498	15499	1
2212	C	N	15499	15500	1
2213	T	N	15500	15501	1
2214	G	N	15501	15502	1
2215	C	N	15502	15503	1
2216	T	N	15503	15504	1
2217	T	N	15504	15505	1
2218	A	N	15505	15506	1
2219	T	N	15506	15507	1
2220	G	N	15507	15508	1
2221	C	N	15508	15509	1
2222	T	N	15509	15510	1
2223	T	A	15520	15521	1
2224	C	A	16615	16616	1
2225	A	G	17961	17962	1
2226	G	T	19253	19254	1
2227	T	C	20027	20028	1
2228	C	T	21910	21911	1
2229	G	C	22598	22599	1
2230	T	G	23017	23018	1
2231	T	C	25556	25557	1
2232	C	T	25625	25626	1
2233	G	A	26528	26529	1
2234	T	N	26956	26957	1
2235	C	N	26957	26958	1
2236	G	N	26958	26959	1
2237	T	N	26959	26960	1
2238	G	N	26960	26961	1
2239	G	N	26961	26962	1
2240	A	N	26962	26963	1
2241	C	N	26963	26964	1
2242	A	N	26964	26965	1
2243	T	N	26965	26966	1
2244	C	N	26966	26967	1
2245	T	N	26967	26968	1
2246	T	N	26968	26969	1
2247	C	N	26969	26970	1
2248	G	N	26970	26971	1
2249	T	N	26971	26972	1
2250	A	N	26972	26973	1
2251	T	N	26973	26974	1
2252	T	N	26974	26975	1
2253	G	N	26975	26976	1
2254	C	N	26976	26977	1
2255	T	N	26977	26978	1
2256	G	N	26978	26979	1
2257	G	N	26979	26980	1
2258	A	N	26980	26981	1
2259	C	N	26981	26982	1
2260	A	N	26982	26983	1
2261	C	N	26983	26984	1
2262	C	N	26984	26985	1
2263	A	N	26985	26986	1
2264	T	N	26986	26987	1
2265	C	N	26987	26988	1
2266	T	N	26988	26989	1
2267	A	N	26989	26990	1
2268	G	N	26990	26991	1
2269	G	N	26991	26992	1
2270	A	N	26992	26993	1
2271	C	N	26993	26994	1
2272	G	N	26994	26995	1
2273	C	N	26995	26996	1
2274	T	N	26996	26997	1
2275	G	N	26997	26998	1
2276	T	N	26998	26999	1
2277	G	N	26999	27000	1
2278	A	N	27000	27001	1
2279	C	N	27001	27002	1
2280	A	N	27002	27003	1
2281	T	N	27003	27004	1
2282	C	N	27004	27005	1
2283	A	N	27005	27006	1
2284	A	N	27006	27007	1
2285	G	N	27007	27008	1
2286	G	N	27008	27009	1
2287	A	N	27009	27010	1
2288	C	N	27010	27011	1
2289	C	N	27011	27012	1
2290	T	N	27012	27013	1
2291	G	N	27013	27014	1
2292	C	N	27014	27015	1
2293	C	N	27015	27016	1
2294	T	N	27016	27017	1
2295	A	N	27017	27018	1
2296	A	N	27018	27019	1
2297	A	N	27019	27020	1
2298	G	N	27020	27021	1
2299	A	N	27021	27022	1
2300	A	N	27022	27023	1
2301	A	N	27023	27024	1
2302	T	N	27024	27025	1
2303	C	N	27025	27026	1
2304	A	N	27026	27027	1
2305	C	N	27027	27028	1
2306	T	N	27028	27029	1
2307	G	N	27029	27030	1
2308	T	N	27030	27031	1
2309	T	N	27031	27032	1
2310	G	N	27032	27033	1
2311	C	N	27033	27034	1
2312	T	N	27034	27035	1
2313	A	N	27035	27036	1
2314	C	N	27036	27037	1
2315	A	N	27037	27038	1
2316	T	N	27038	27039	1
2317	C	N	27039	27040	1
2318	A	N	27040	27041	1
2319	C	N	27041	27042	1
2320	G	N	27042	27043	1
2321	A	N	27043	27044	1
2322	A	N	27044	27045	1
2323	C	N	27045	27046	1
2324	G	N	27046	27047	1
2325	C	N	27047	27048	1
2326	T	N	27048	27049	1
2327	T	N	27049	27050	1
2328	T	N	27050	27051	1
2329	C	N	27051	27052	1
2330	T	N	27052	27053	1
2331	T	N	27053	27054	1
2332	A	N	27054	27055	1
2333	T	N	27055	27056	1
2334	T	N	27056	27057	1
2335	A	N	27057	27058	1
2336	C	N	27058	27059	1
2337	A	N	27059	27060	1
2338	A	N	27060	27061	1
2339	A	N	27061	27062	1
2340	T	N	27062	27063	1
2341	T	N	27063	27064	1
2342	G	N	27064	27065	1
2343	G	N	27065	27066	1
2344	G	N	27066	27067	1
2345	A	N	27067	27068	1
2346	G	N	27068	27069	1
2347	C	N	27069	27070	1
2348	T	N	27070	27071	1
2349	T	N	27071	27072	1
2350	C	N	27072	27073	1
2351	G	N	27073	27074	1
2352	C	N	27074	27075	1
2353	A	N	27075	27076	1
2354	G	N	27076	27077	1
2355	C	N	27077	27078	1
2356	G	N	27078	27079	1
2357	T	N	27079	27080	1
2358	G	N	27080	27081	1
2359	T	N	27081	27082	1
2360	A	N	27082	27083	1
2361	G	N	27083	27084	1
2362	C	N	27084	27085	1
2363	A	N	27085	27086	1
2364	G	N	27086	27087	1
2365	G	N	27087	27088	1
2366	T	N	27088	27089	1
2367	G	N	27089	27090	1
2368	A	N	27090	27091	1
2369	C	N	27091	27092	1
2370	T	N	27092	27093	1
2371	C	N	27093	27094	1
2372	A	N	27094	27095	1
2373	G	N	27095	27096	1
2374	G	N	27096	27097	1
2375	T	N	27097	27098	1
2376	T	N	27098	27099	1
2377	T	N	27099	27100	1
2378	T	N	27100	27101	1
2379	G	N	27101	27102	1
2380	C	N	27102	27103	1
2381	T	N	27103	27104	1
2382	G	N	27104	27105	1
2383	C	N	27105	27106	1
2384	A	N	27106	27107	1
2385	T	N	27107	27108	1
2386	A	N	27108	27109	1
2387	C	N	27109	27110	1
2388	A	N	27110	27111	1
2389	G	N	27111	27112	1
2390	T	N	27112	27113	1
2391	C	N	27113	27114	1
2392	G	N	27114	27115	1
2393	C	N	27115	27116	1
2394	T	N	27116	27117	1
2395	A	N	27117	27118	1
2396	C	N	27118	27119	1
2397	A	N	27119	27120	1
2398	G	N	27120	27121	1
2399	G	N	27121	27122	1
2400	A	N	27122	27123	1
2401	T	N	27123	27124	1
2402	T	N	27124	27125	1
2403	G	N	27125	27126	1
2404	G	N	27126	27127	1
2405	C	N	27127	27128	1
2406	A	N	27128	27129	1
2407	A	N	27129	27130	1
2408	C	N	27130	27131	1
2409	T	N	27131	27132	1
2410	A	N	27132	27133	1
2411	T	N	27133	27134	1
2412	A	N	27134	27135	1
2413	A	N	27135	27136	1
2414	A	N	27136	27137	1
2415	T	N	27137	27138	1
2416	T	N	27138	27139	1
2417	A	N	27139	27140	1
2418	A	N	27140	27141	1
2419	A	N	27141	27142	1
2420	C	N	27142	27143	1
2421	A	N	27143	27144	1
2422	C	N	27144	27145	1
2423	A	N	27145	27146	1
2424	G	N	27146	27147	1
2425	A	N	27147	27148	1
2426	C	N	27148	27149	1
2427	C	N	27149	27150	1
2428	A	N	27150	27151	1
2429	T	N	27151	27152	1
2430	T	N	27152	27153	1
2431	C	N	27153	27154	1
2432	C	N	27154	27155	1
2433	A	N	27155	27156	1
2434	G	N	27156	27157	1
2435	T	N	27157	27158	1
2436	A	N	27158	27159	1
2437	G	N	27159	27160	1
2438	C	N	27160	27161	1
2439	A	N	27161	27162	1
2440	G	N	27162	27163	1
2441	T	N	27163	27164	1
2442	G	N	27164	27165	1
2443	A	N	27165	27166	1
2444	C	N	27166	27167	1
2445	A	N	27167	27168	1
2446	A	N	27168	27169	1
2447	T	N	27169	27170	1
2448	C	T	27512	27513	1
2449	C	T	27888	27889	1
2450	A	G	28329	28330	1
2451	C	T	28707	28708	1
2452	T	C	29727	29728	1
2453	TCACCGAGGCCACGCGGAGTACGATCGA		29728	29756	1
2454	G	A	29756	29757	1
2455	T	C	29757	29758	1
2456	G	C	29758	29759	1
2457	GTGCTATCCCCATGTGATTTTAATAGCTTCTTAGGAGAATGACAAAAAAAAAAAAAAAAAAAAAAAAAAAAAAAAA		29827	29903	1
2458	ATTAAAGGTTTATACCTTCCCAGGTAACAAA		0	31	1
2459	A	G	1740	1741	1
2460	C	T	7850	7851	1
2461	A	N	7965	7966	1
2462	T	N	9627	9628	1
2463	T	N	9628	9629	1
2464	C	T	11198	11199	1
2465	C	T	11746	11747	1
2466	A	R	18584	18585	1
2467	G	T	18588	18589	1
2468	C	S	18590	18591	1
2469	G	K	18595	18596	1
2470	T	K	18606	18607	1
2471	G	K	18633	18634	1
2472	T	N	20525	20526	1
2473	G	A	24841	24842	1
2474	C	T	24864	24865	1
2475	A	T	25449	25450	1
2476	A	M	25767	25768	1
2477	G	N	27477	27478	1
2478	T	N	27478	27479	1
2479	A	N	27479	27480	1
2480	C	N	27480	27481	1
2481	T	N	27481	27482	1
2482	T	N	27482	27483	1
2483	T	N	27483	27484	1
2484	T	N	27484	27485	1
2485	A	N	27485	27486	1
2486	A	N	27486	27487	1
2487	A	N	27487	27488	1
2488	A	N	27488	27489	1
2489	G	N	27489	27490	1
2490	A	N	27490	27491	1
2491	A	N	27491	27492	1
2492	C	N	27492	27493	1
2493	C	N	27493	27494	1
2494	T	N	27494	27495	1
2495	T	N	27495	27496	1
2496	G	N	27496	27497	1
2497	C	N	27497	27498	1
2498	T	N	27498	27499	1
2499	C	N	27499	27500	1
2500	T	N	27500	27501	1
2501	T	N	27501	27502	1
2502	C	N	27502	27503	1
2503	T	N	27503	27504	1
2504	G	N	27504	27505	1
2505	G	N	27505	27506	1
2506	A	N	27506	27507	1
2507	A	N	27507	27508	1
2508	C	N	27508	27509	1
2509	A	N	27509	27510	1
2510	T	N	27510	27511	1
2511	A	N	27511	27512	1
2512	C	N	27512	27513	1
2513	G	N	27513	27514	1
2514	A	N	27514	27515	1
2515	G	N	27515	27516	1
2516	G	N	27516	27517	1
2517	G	N	27517	27518	1
2518	C	N	27518	27519	1
2519	A	N	27519	27520	1
2520	A	N	27520	27521	1
2521	T	N	27521	27522	1
2522	T	N	27522	27523	1
2523	C	N	27523	27524	1
2524	A	N	27524	27525	1
2525	C	N	27525	27526	1
2526	C	N	27526	27527	1
2527	A	N	27527	27528	1
2528	T	N	27613	27614	1
2529	C	N	27614	27615	1
2530	C	N	27618	27619	1
2531	A	N	27619	27620	1
2532	G	N	27620	27621	1
2533	T	N	27621	27622	1
2534	T	N	27622	27623	1
2535	A	N	27623	27624	1
2536	C	N	27624	27625	1
2537	G	N	27625	27626	1
2538	T	N	27626	27627	1
2539	G	N	27627	27628	1
2540	C	N	27628	27629	1
2541	C	N	27629	27630	1
2542	A	N	27630	27631	1
2543	G	N	27631	27632	1
2544	A	N	27632	27633	1
2545	T	N	27633	27634	1
2546	C	N	27634	27635	1
2547	A	N	27635	27636	1
2548	G	N	27636	27637	1
2549	T	N	27637	27638	1
2550	T	N	27638	27639	1
2551	T	N	27639	27640	1
2552	C	N	27640	27641	1
2553	A	N	27641	27642	1
2554	C	N	27642	27643	1
2555	C	N	27643	27644	1
2556	T	N	27644	27645	1
2557	A	N	27645	27646	1
2558	A	N	27646	27647	1
2559	A	N	27647	27648	1
2560	C	N	27648	27649	1
2561	T	N	27649	27650	1
2562	G	N	27650	27651	1
2563	T	N	27651	27652	1
2564	T	N	27652	27653	1
2565	C	N	27653	27654	1
2566	A	N	27654	27655	1
2567	T	N	27655	27656	1
2568	C	N	27656	27657	1
2569	A	N	27657	27658	1
2570	G	N	27658	27659	1
2571	A	N	27659	27660	1
2572	C	N	27660	27661	1
2573	A	N	27661	27662	1
2574	A	N	27662	27663	1
2575	G	N	27663	27664	1
2576	A	N	27664	27665	1
2577	G	N	27665	27666	1
2578	G	N	27666	27667	1
2579	A	N	27667	27668	1
2580	A	N	27668	27669	1
2581	G	N	27669	27670	1
2582	T	N	27670	27671	1
2583	T	N	27671	27672	1
2584	C	N	27672	27673	1
2585	A	N	27673	27674	1
2586	A	N	27674	27675	1
2587	G	N	27675	27676	1
2588	A	N	27676	27677	1
2589	A	N	27677	27678	1
2590	C	N	27678	27679	1
2591	T	N	27679	27680	1
2592	T	N	27680	27681	1
2593	T	N	27681	27682	1
2594	A	N	27682	27683	1
2595	C	N	27683	27684	1
2596	T	N	27684	27685	1
2597	C	N	27685	27686	1
2598	T	N	27686	27687	1
2599	C	N	27687	27688	1
2600	C	N	27688	27689	1
2601	A	N	27689	27690	1
2602	A	N	27690	27691	1
2603	T	N	27691	27692	1
2604	T	N	27692	27693	1
2605	T	N	27693	27694	1
2606	T	N	27694	27695	1
2607	T	N	27695	27696	1
2608	C	N	27696	27697	1
2609	T	N	27697	27698	1
2610	T	N	27698	27699	1
2611	A	N	27699	27700	1
2612	T	N	27700	27701	1
2613	T	N	27701	27702	1
2614	G	N	27702	27703	1
2615	T	N	27703	27704	1
2616	T	N	27704	27705	1
2617	G	N	27705	27706	1
2618	C	N	27706	27707	1
2619	G	N	27707	27708	1
2620	G	N	27708	27709	1
2621	C	N	27709	27710	1
2622	A	N	27710	27711	1
2623	A	N	27711	27712	1
2624	T	N	27712	27713	1
2625	A	N	27713	27714	1
2626	G	N	27714	27715	1
2627	T	N	27715	27716	1
2628	G	N	27716	27717	1
2629	T	N	27717	27718	1
2630	T	N	27718	27719	1
2631	T	N	27719	27720	1
2632	A	N	27720	27721	1
2633	T	N	27721	27722	1
2634	A	N	27722	27723	1
2635	A	N	27723	27724	1
2636	C	N	27724	27725	1
2637	A	N	27725	27726	1
2638	C	N	27726	27727	1
2639	T	N	27727	27728	1
2640	T	N	27728	27729	1
2641	T	N	27729	27730	1
2642	G	N	27730	27731	1
2643	C	N	27731	27732	1
2644	T	N	27732	27733	1
2645	T	N	27733	27734	1
2646	C	N	27734	27735	1
2647	A	N	27735	27736	1
2648	C	N	27736	27737	1
2649	A	N	27737	27738	1
2650	C	N	27738	27739	1
2651	T	N	27739	27740	1
2652	C	N	27740	27741	1
2653	A	N	27741	27742	1
2654	A	N	27742	27743	1
2655	A	N	27743	27744	1
2656	A	N	27744	27745	1
2657	G	N	27745	27746	1
2658	A	N	27746	27747	1
2659	A	N	27747	27748	1
2660	A	N	27748	27749	1
2661	G	N	27749	27750	1
2662	A	N	27750	27751	1
2663	C	N	27751	27752	1
2664	A	N	27752	27753	1
2665	G	N	27753	27754	1
2666	A	N	27754	27755	1
2667	T	N	27814	27815	1
2668	G	N	27815	27816	1
2669	T	N	27816	27817	1
2670	T	N	27817	27818	1
2671	T	N	27818	27819	1
2672	T	N	27819	27820	1
2673	A	N	27820	27821	1
2674	A	N	27821	27822	1
2675	T	N	27822	27823	1
2676	T	N	27823	27824	1
2677	A	N	27824	27825	1
2678	A	N	28144	28145	1
2679	T	N	28147	28148	1
2680	A	N	28168	28169	1
2681	T	N	28183	28184	1
2682	C	N	28184	28185	1
2683	T	N	28185	28186	1
2684	T	N	28186	28187	1
2685	G	N	28187	28188	1
2686	T	N	28188	28189	1
2687	A	N	28189	28190	1
2688	G	N	28190	28191	1
2689	T	N	28191	28192	1
2690	G	N	28192	28193	1
2691	C	N	28193	28194	1
2692	G	N	28194	28195	1
2693	T	N	28195	28196	1
2694	T	N	28196	28197	1
2695	G	N	28197	28198	1
2696	T	N	28198	28199	1
2697	T	N	28199	28200	1
2698	C	N	28200	28201	1
2699	G	N	28201	28202	1
2700	T	N	28202	28203	1
2701	T	N	28203	28204	1
2702	C	N	28204	28205	1
2703	T	N	28205	28206	1
2704	A	N	28206	28207	1
2705	T	N	28207	28208	1
2706	G	N	28208	28209	1
2707	A	N	28209	28210	1
2708	A	N	28210	28211	1
2709	G	N	28211	28212	1
2710	A	N	28212	28213	1
2711	C	N	28213	28214	1
2712	T	N	28214	28215	1
2713	T	N	28215	28216	1
2714	T	N	28216	28217	1
2715	T	N	28217	28218	1
2716	T	N	28218	28219	1
2717	A	N	28219	28220	1
2718	G	N	28220	28221	1
2719	A	N	28221	28222	1
2720	G	N	28222	28223	1
2721	T	N	28223	28224	1
2722	A	N	28224	28225	1
2723	T	N	28225	28226	1
2724	C	N	28226	28227	1
2725	A	N	28227	28228	1
2726	T	N	28228	28229	1
2727	G	N	28229	28230	1
2728	A	N	28230	28231	1
2729	C	N	28231	28232	1
2730	G	N	28232	28233	1
2731	T	N	28233	28234	1
2732	T	N	28234	28235	1
2733	C	N	28235	28236	1
2734	G	N	28236	28237	1
2735	T	N	28237	28238	1
2736	G	N	28238	28239	1
2737	T	N	28239	28240	1
2738	T	N	28240	28241	1
2739	G	N	28241	28242	1
2740	T	N	28242	28243	1
2741	T	N	28243	28244	1
2742	T	N	28244	28245	1
2743	T	N	28245	28246	1
2744	A	N	28246	28247	1
2745	G	N	28247	28248	1
2746	A	N	28248	28249	1
2747	T	N	28249	28250	1
2748	T	N	28250	28251	1
2749	T	N	28251	28252	1
2750	C	N	28252	28253	1
2751	A	N	28253	28254	1
2752	T	N	28254	28255	1
2753	C	N	28255	28256	1
2754	T	N	28256	28257	1
2755	A	N	28257	28258	1
2756	A	N	28258	28259	1
2757	A	N	28259	28260	1
2758	C	N	28260	28261	1
2759	G	N	28261	28262	1
2760	A	N	28262	28263	1
2761	A	N	28263	28264	1
2762	C	N	28264	28265	1
2763	A	N	28265	28266	1
2764	A	N	28266	28267	1
2765	A	N	28267	28268	1
2766	C	N	28268	28269	1
2767	T	N	28269	28270	1
2768	A	N	28270	28271	1
2769	A	N	28271	28272	1
2770	C	N	28309	28310	1
2771	C	N	28310	28311	1
2772	C	N	28311	28312	1
2773	C	N	28312	28313	1
2774	G	N	28313	28314	1
2775	C	N	28314	28315	1
2776	A	N	28315	28316	1
2777	T	N	28316	28317	1
2778	T	N	28317	28318	1
2779	A	N	28318	28319	1
2780	C	N	28319	28320	1
2781	G	N	28320	28321	1
2782	T	N	28321	28322	1
2783	T	N	28322	28323	1
2784	T	N	28323	28324	1
2785	G	N	28324	28325	1
2786	G	N	28325	28326	1
2787	T	N	28326	28327	1
2788	G	N	28327	28328	1
2789	G	N	28328	28329	1
2790	A	N	28329	28330	1
2791	C	N	28330	28331	1
2792	C	N	28331	28332	1
2793	C	N	28332	28333	1
2794	T	N	28333	28334	1
2795	C	N	28334	28335	1
2796	A	N	28335	28336	1
2797	G	N	28336	28337	1
2798	A	N	28337	28338	1
2799	T	N	28338	28339	1
2800	T	N	28339	28340	1
2801	C	N	28340	28341	1
2802	A	N	28341	28342	1
2803	A	N	28342	28343	1
2804	C	N	28343	28344	1
2805	T	N	28344	28345	1
2806	G	N	28345	28346	1
2807	G	N	28346	28347	1
2808	C	N	28347	28348	1
2809	A	N	28348	28349	1
2810	G	N	28349	28350	1
2811	T	N	28350	28351	1
2812	A	N	28351	28352	1
2813	A	N	28352	28353	1
2814	C	N	28353	28354	1
2815	C	N	28354	28355	1
2816	A	N	28355	28356	1
2817	G	N	28356	28357	1
2818	A	N	28357	28358	1
2819	A	N	28358	28359	1
2820	T	N	28359	28360	1
2821	G	N	28360	28361	1
2822	G	N	28361	28362	1
2823	A	N	28362	28363	1
2824	G	N	28363	28364	1
2825	A	N	28364	28365	1
2826	A	N	28365	28366	1
2827	C	N	28366	28367	1
2828	G	N	28367	28368	1
2829	C	N	28368	28369	1
2830	A	N	28369	28370	1
2831	G	N	28370	28371	1
2832	T	N	28371	28372	1
2833	G	N	28372	28373	1
2834	G	N	28373	28374	1
2835	G	N	28374	28375	1
2836	G	N	28375	28376	1
2837	C	N	28376	28377	1
2838	G	N	28377	28378	1
2839	C	N	28378	28379	1
2840	G	N	28379	28380	1
2841	A	N	28380	28381	1
2842	T	N	28381	28382	1
2843	C	N	28382	28383	1
2844	A	N	28383	28384	1
2845	A	N	28384	28385	1
2846	A	N	28385	28386	1
2847	A	N	28386	28387	1
2848	C	N	28387	28388	1
2849	A	N	28388	28389	1
2850	A	N	28389	28390	1
2851	C	N	28390	28391	1
2852	T	C	29205	29206	1
2853	G	A	29702	29703	1
2854	AGAGCCACCACATTTTCACCGAGGCCACGCGGAGTACGATCGAGTGTACAGTGAACAATGCTAGGGAGAGCTGCCTATATGGAAGAGCCCTAATGTGTAAAATTAATTTTAGTAGTGCTATCCCCATGTGATTTTAATAGCTTCTTAGGAGAATGACAAAAAAAAAAAAAAAAAAAAAAAAAAAAAAAAA		29713	29903	1
2855	A	N	0	1	1
2856	T	N	1	2	1
2857	T	N	2	3	1
2858	A	N	3	4	1
2859	A	N	4	5	1
2860	A	N	5	6	1
2861	G	N	6	7	1
2862	G	N	7	8	1
2863	T	N	8	9	1
2864	T	N	9	10	1
2865	T	N	10	11	1
2866	A	N	11	12	1
2867	T	N	12	13	1
2868	A	N	13	14	1
2869	C	N	14	15	1
2870	C	N	15	16	1
2871	T	N	16	17	1
2872	T	N	17	18	1
2873	C	N	18	19	1
2874	C	N	19	20	1
2875	C	N	20	21	1
2876	A	N	21	22	1
2877	A	C	5010	5011	1
2878	T	N	7983	7984	1
2879	C	N	7984	7985	1
2880	A	N	7985	7986	1
2881	G	N	7986	7987	1
2882	G	N	7987	7988	1
2883	C	N	7988	7989	1
2884	A	N	7989	7990	1
2885	T	N	7990	7991	1
2886	T	N	7991	7992	1
2887	A	N	7992	7993	1
2888	G	N	7993	7994	1
2889	T	N	7994	7995	1
2890	G	N	7995	7996	1
2891	T	N	7996	7997	1
2892	C	N	7997	7998	1
2893	T	N	7998	7999	1
2894	G	N	7999	8000	1
2895	A	N	8000	8001	1
2896	T	N	8001	8002	1
2897	G	N	8002	8003	1
2898	T	N	8003	8004	1
2899	T	N	8004	8005	1
2900	G	N	8005	8006	1
2901	G	N	8006	8007	1
2902	T	N	8007	8008	1
2903	G	N	8008	8009	1
2904	A	N	8009	8010	1
2905	T	N	8010	8011	1
2906	A	N	8011	8012	1
2907	G	N	8012	8013	1
2908	T	N	8013	8014	1
2909	G	N	8014	8015	1
2910	C	N	8015	8016	1
2911	G	N	8016	8017	1
2912	G	N	8017	8018	1
2913	A	N	8018	8019	1
2914	A	N	8019	8020	1
2915	G	N	8020	8021	1
2916	T	N	8021	8022	1
2917	T	N	8022	8023	1
2918	G	N	8023	8024	1
2919	C	N	8024	8025	1
2920	A	N	8025	8026	1
2921	G	N	8026	8027	1
2922	T	N	8027	8028	1
2923	T	N	8028	8029	1
2924	A	N	8029	8030	1
2925	A	N	8030	8031	1
2926	A	N	8031	8032	1
2927	A	N	8032	8033	1
2928	T	N	8033	8034	1
2929	G	N	8034	8035	1
2930	T	N	8035	8036	1
2931	T	N	8036	8037	1
2932	T	N	8037	8038	1
2933	G	N	8038	8039	1
2934	A	N	8039	8040	1
2935	T	N	8040	8041	1
2936	G	N	8041	8042	1
2937	C	N	8042	8043	1
2938	T	N	8043	8044	1
2939	T	N	8044	8045	1
2940	A	N	8045	8046	1
2941	C	N	8046	8047	1
2942	G	N	8047	8048	1
2943	T	N	8048	8049	1
2944	T	N	8049	8050	1
2945	A	N	8050	8051	1
2946	A	N	8051	8052	1
2947	T	N	8052	8053	1
2948	A	N	8053	8054	1
2949	C	N	8054	8055	1
2950	G	N	8055	8056	1
2951	T	N	8056	8057	1
2952	T	N	8057	8058	1
2953	T	N	8058	8059	1
2954	T	N	8059	8060	1
2955	C	N	8060	8061	1
2956	A	N	8061	8062	1
2957	T	N	8062	8063	1
2958	C	N	8063	8064	1
2959	A	N	8064	8065	1
2960	A	N	8065	8066	1
2961	C	N	8066	8067	1
2962	T	N	8067	8068	1
2963	T	N	8068	8069	1
2964	T	N	8069	8070	1
2965	T	N	8070	8071	1
2966	A	N	8071	8072	1
2967	A	N	8072	8073	1
2968	C	N	8073	8074	1
2969	G	N	8074	8075	1
2970	T	N	8075	8076	1
2971	A	N	8076	8077	1
2972	C	N	8077	8078	1
2973	C	N	8078	8079	1
2974	A	N	8079	8080	1
2975	A	N	8080	8081	1
2976	T	N	8081	8082	1
2977	G	N	8082	8083	1
2978	G	N	8083	8084	1
2979	A	N	8084	8085	1
2980	A	N	8085	8086	1
2981	A	N	8086	8087	1
2982	A	N	8087	8088	1
2983	A	N	8088	8089	1
2984	C	N	8089	8090	1
2985	T	N	8090	8091	1
2986	C	N	8091	8092	1
2987	A	N	8092	8093	1
2988	A	N	8093	8094	1
2989	A	N	8094	8095	1
2990	A	N	8095	8096	1
2991	C	N	8096	8097	1
2992	A	N	8097	8098	1
2993	C	N	8098	8099	1
2994	T	N	8099	8100	1
2995	A	N	8100	8101	1
2996	G	N	8101	8102	1
2997	T	N	8102	8103	1
2998	T	N	8103	8104	1
2999	G	N	8104	8105	1
3000	C	N	8105	8106	1
3001	A	N	8106	8107	1
3002	A	N	8107	8108	1
3003	C	N	8108	8109	1
3004	T	N	8109	8110	1
3005	G	N	8110	8111	1
3006	C	N	8111	8112	1
3007	A	N	8112	8113	1
3008	G	N	8113	8114	1
3009	A	N	8114	8115	1
3010	A	N	8115	8116	1
3011	G	N	8116	8117	1
3012	C	N	8117	8118	1
3013	T	N	8118	8119	1
3014	G	N	8119	8120	1
3015	A	N	8120	8121	1
3016	A	N	8121	8122	1
3017	C	N	8122	8123	1
3018	T	N	8123	8124	1
3019	T	N	8124	8125	1
3020	G	N	8125	8126	1
3021	C	N	8126	8127	1
3022	A	N	8127	8128	1
3023	A	N	8128	8129	1
3024	A	N	8129	8130	1
3025	G	N	8130	8131	1
3026	A	N	8131	8132	1
3027	A	N	8132	8133	1
3028	T	N	8133	8134	1
3029	G	N	8134	8135	1
3030	T	N	8135	8136	1
3031	G	N	8136	8137	1
3032	T	N	8137	8138	1
3033	C	N	8138	8139	1
3034	C	N	8139	8140	1
3035	T	N	8140	8141	1
3036	T	N	8141	8142	1
3037	A	N	8142	8143	1
3038	G	N	8143	8144	1
3039	A	N	8144	8145	1
3040	C	N	8145	8146	1
3041	A	N	8146	8147	1
3042	A	N	8147	8148	1
3043	T	N	8148	8149	1
3044	G	N	8149	8150	1
3045	T	N	8150	8151	1
3046	C	N	8151	8152	1
3047	T	N	8152	8153	1
3048	T	N	8153	8154	1
3049	A	N	8154	8155	1
3050	T	N	8155	8156	1
3051	C	N	8156	8157	1
3052	T	N	8157	8158	1
3053	A	N	8158	8159	1
3054	C	N	8159	8160	1
3055	T	N	8160	8161	1
3056	T	N	8161	8162	1
3057	T	N	8162	8163	1
3058	T	N	8163	8164	1
3059	A	N	8164	8165	1
3060	T	N	8165	8166	1
3061	T	N	8166	8167	1
3062	T	N	8167	8168	1
3063	C	N	8168	8169	1
3064	A	N	8169	8170	1
3065	G	N	8170	8171	1
3066	C	N	8171	8172	1
3067	A	N	8172	8173	1
3068	G	N	8173	8174	1
3069	C	N	8174	8175	1
3070	T	N	8175	8176	1
3071	C	N	8176	8177	1
3072	G	N	8177	8178	1
3073	G	N	8178	8179	1
3074	C	N	8179	8180	1
3075	A	N	8180	8181	1
3076	A	N	8181	8182	1
3077	G	N	8182	8183	1
3078	G	N	8183	8184	1
3079	G	N	8184	8185	1
3080	T	N	8185	8186	1
3081	T	N	8186	8187	1
3082	T	N	8187	8188	1
3083	G	N	8188	8189	1
3084	T	N	8189	8190	1
3085	T	N	8190	8191	1
3086	G	N	8191	8192	1
3087	A	N	8192	8193	1
3088	T	N	8193	8194	1
3089	T	N	8194	8195	1
3090	C	N	8195	8196	1
3091	A	N	8196	8197	1
3092	G	N	8197	8198	1
3093	A	N	8198	8199	1
3094	T	N	8199	8200	1
3095	G	N	8200	8201	1
3096	T	N	8201	8202	1
3097	A	N	8202	8203	1
3098	G	N	8203	8204	1
3099	A	N	8204	8205	1
3100	A	N	8205	8206	1
3101	A	N	8206	8207	1
3102	C	N	8207	8208	1
3103	T	N	8208	8209	1
3104	A	N	8209	8210	1
3105	A	N	8210	8211	1
3106	A	N	8211	8212	1
3107	G	N	8212	8213	1
3108	A	N	8213	8214	1
3109	T	N	8214	8215	1
3110	G	N	8215	8216	1
3111	T	N	8216	8217	1
3112	T	N	8217	8218	1
3113	G	N	8218	8219	1
3114	T	N	8219	8220	1
3115	T	N	8220	8221	1
3116	G	N	8221	8222	1
3117	A	N	8222	8223	1
3118	A	N	8223	8224	1
3119	T	N	8224	8225	1
3120	G	N	8225	8226	1
3121	T	N	8226	8227	1
3122	C	N	8227	8228	1
3123	T	N	8228	8229	1
3124	T	N	8229	8230	1
3125	A	N	8230	8231	1
3126	A	N	8231	8232	1
3127	A	N	8232	8233	1
3128	T	N	8233	8234	1
3129	T	N	8234	8235	1
3130	G	N	8235	8236	1
3131	T	N	8236	8237	1
3132	C	N	8237	8238	1
3133	A	N	8238	8239	1
3134	C	N	8239	8240	1
3135	A	N	8240	8241	1
3136	T	N	8241	8242	1
3137	C	N	8242	8243	1
3138	A	N	8243	8244	1
3139	A	N	8244	8245	1
3140	T	N	8245	8246	1
3141	C	N	8246	8247	1
3142	T	N	8247	8248	1
3143	G	N	8248	8249	1
3144	A	N	8249	8250	1
3145	C	N	8250	8251	1
3146	C	T	10115	10116	1
3147	ATT		22193	22196	1
3148	T	TGAGCCAGAA	22203	22204	1
3149	C	N	22479	22480	1
3150	A	N	22480	22481	1
3151	C	N	22481	22482	1
3152	T	N	22482	22483	1
3153	G	N	22483	22484	1
3154	T	N	22484	22485	1
3155	A	N	22485	22486	1
3156	G	N	22486	22487	1
3157	A	N	22487	22488	1
3158	A	N	22488	22489	1
3159	A	N	22489	22490	1
3160	A	N	22490	22491	1
3161	A	N	22491	22492	1
3162	G	N	22492	22493	1
3163	G	N	22493	22494	1
3164	A	N	22494	22495	1
3165	A	N	22495	22496	1
3166	T	N	22496	22497	1
3167	C	N	22497	22498	1
3168	T	N	22498	22499	1
3169	A	N	22499	22500	1
3170	T	N	22500	22501	1
3171	C	N	22501	22502	1
3172	A	N	22502	22503	1
3173	A	N	22503	22504	1
3174	A	N	22504	22505	1
3175	C	N	22505	22506	1
3176	T	N	22506	22507	1
3177	T	N	22507	22508	1
3178	C	N	22508	22509	1
3179	T	N	22509	22510	1
3180	A	N	22510	22511	1
3181	A	N	22511	22512	1
3182	C	N	22512	22513	1
3183	T	N	22513	22514	1
3184	T	N	22514	22515	1
3185	T	N	22515	22516	1
3186	A	N	22516	22517	1
3187	G	N	22517	22518	1
3188	A	N	22518	22519	1
3189	G	N	22519	22520	1
3190	T	N	22520	22521	1
3191	C	N	22521	22522	1
3192	C	N	22522	22523	1
3193	A	N	22523	22524	1
3194	A	N	22524	22525	1
3195	C	N	22525	22526	1
3196	C	N	22526	22527	1
3197	A	N	22527	22528	1
3198	A	N	22528	22529	1
3199	C	N	22529	22530	1
3200	A	N	22530	22531	1
3201	G	N	22531	22532	1
3202	A	N	22532	22533	1
3203	A	N	22533	22534	1
3204	T	N	22534	22535	1
3205	C	N	22535	22536	1
3206	T	N	22536	22537	1
3207	A	N	22537	22538	1
3208	T	N	22538	22539	1
3209	T	N	22539	22540	1
3210	G	N	22540	22541	1
3211	T	N	22541	22542	1
3212	T	N	22542	22543	1
3213	A	N	22543	22544	1
3214	G	N	22544	22545	1
3215	A	N	22545	22546	1
3216	T	N	22546	22547	1
3217	T	N	22547	22548	1
3218	T	N	22548	22549	1
3219	C	N	22549	22550	1
3220	C	N	22550	22551	1
3221	T	N	22551	22552	1
3222	A	N	22552	22553	1
3223	A	N	22553	22554	1
3224	T	N	22554	22555	1
3225	A	N	22555	22556	1
3226	T	N	22556	22557	1
3227	T	N	22557	22558	1
3228	A	N	22558	22559	1
3229	C	N	22559	22560	1
3230	A	N	22560	22561	1
3231	A	N	22561	22562	1
3232	A	N	22562	22563	1
3233	C	N	22563	22564	1
3234	T	N	22564	22565	1
3235	T	N	22565	22566	1
3236	G	N	22566	22567	1
3237	T	N	22567	22568	1
3238	G	N	22568	22569	1
3239	C	N	22569	22570	1
3240	C	N	22570	22571	1
3241	C	N	22571	22572	1
3242	T	N	22572	22573	1
3243	T	N	22573	22574	1
3244	T	N	22574	22575	1
3245	T	N	22575	22576	1
3246	G	N	22576	22577	1
3247	G	N	22577	22578	1
3248	T	N	22578	22579	1
3249	G	N	22579	22580	1
3250	A	N	22580	22581	1
3251	A	N	22581	22582	1
3252	G	N	22582	22583	1
3253	T	N	22583	22584	1
3254	T	N	22584	22585	1
3255	T	N	22585	22586	1
3256	T	N	22586	22587	1
3257	T	N	22587	22588	1
3258	A	N	22588	22589	1
3259	A	N	22589	22590	1
3260	C	N	22590	22591	1
3261	G	N	22591	22592	1
3262	C	N	22592	22593	1
3263	C	N	22593	22594	1
3264	A	N	22594	22595	1
3265	C	N	22595	22596	1
3266	C	N	22596	22597	1
3267	A	N	22597	22598	1
3268	G	N	22598	22599	1
3269	A	N	22599	22600	1
3270	T	N	22600	22601	1
3271	T	N	22601	22602	1
3272	T	N	22602	22603	1
3273	G	N	22603	22604	1
3274	C	N	22604	22605	1
3275	A	N	22605	22606	1
3276	T	N	22606	22607	1
3277	C	N	22607	22608	1
3278	T	N	22608	22609	1
3279	G	N	22609	22610	1
3280	T	N	22610	22611	1
3281	T	N	22611	22612	1
3282	T	N	22612	22613	1
3283	A	N	22613	22614	1
3284	T	N	22614	22615	1
3285	G	N	22615	22616	1
3286	C	N	22616	22617	1
3287	T	N	22617	22618	1
3288	T	N	22618	22619	1
3289	G	N	22619	22620	1
3290	G	N	22620	22621	1
3291	A	N	22621	22622	1
3292	A	N	22622	22623	1
3293	C	N	22623	22624	1
3294	A	N	22624	22625	1
3295	G	N	22625	22626	1
3296	G	A	22897	22898	1
3297	G	A	23047	23048	1
3298	G	N	23810	23811	1
3299	C	N	23811	23812	1
3300	A	N	23812	23813	1
3301	A	N	23813	23814	1
3302	T	N	23814	23815	1
3303	C	N	23815	23816	1
3304	T	N	23816	23817	1
3305	T	N	23817	23818	1
3306	T	N	23818	23819	1
3307	T	N	23819	23820	1
3308	G	N	23820	23821	1
3309	A	N	23842	23843	1
3310	C	N	23843	23844	1
3311	A	N	25724	25725	1
3312	G	N	25725	25726	1
3313	T	N	25726	25727	1
3314	C	N	25727	25728	1
3315	T	N	25728	25729	1
3316	A	N	25729	25730	1
3317	C	N	25730	25731	1
3318	T	N	25731	25732	1
3319	T	N	25732	25733	1
3320	C	N	25733	25734	1
3321	T	N	25734	25735	1
3322	T	N	25735	25736	1
3323	G	N	25736	25737	1
3324	C	N	25737	25738	1
3325	A	N	25738	25739	1
3326	G	N	25739	25740	1
3327	A	N	25740	25741	1
3328	G	N	25741	25742	1
3329	T	N	25742	25743	1
3330	A	N	25743	25744	1
3331	T	N	25744	25745	1
3332	A	N	25745	25746	1
3333	A	N	25746	25747	1
3334	A	N	25747	25748	1
3335	C	N	25748	25749	1
3336	T	N	25749	25750	1
3337	T	N	25750	25751	1
3338	T	N	25751	25752	1
3339	G	N	25752	25753	1
3340	T	N	25753	25754	1
3341	A	N	25754	25755	1
3342	A	N	25755	25756	1
3343	G	N	25756	25757	1
3344	A	N	25757	25758	1
3345	A	N	25758	25759	1
3346	T	N	25759	25760	1
3347	A	N	25760	25761	1
3348	A	N	25761	25762	1
3349	T	N	25762	25763	1
3350	A	N	25763	25764	1
3351	A	N	25764	25765	1
3352	T	N	25765	25766	1
3353	G	N	25766	25767	1
3354	A	N	25767	25768	1
3355	G	N	25768	25769	1
3356	G	N	25769	25770	1
3357	C	N	25770	25771	1
3358	T	N	25771	25772	1
3359	T	N	25772	25773	1
3360	T	N	25773	25774	1
3361	G	N	25774	25775	1
3362	G	N	25775	25776	1
3363	C	N	25776	25777	1
3364	T	N	25777	25778	1
3365	T	N	25778	25779	1
3366	T	N	25779	25780	1
3367	G	N	25780	25781	1
3368	C	N	25781	25782	1
3369	T	N	25782	25783	1
3370	G	N	25783	25784	1
3371	G	N	25784	25785	1
3372	A	N	25785	25786	1
3373	A	N	25786	25787	1
3374	A	N	25787	25788	1
3375	T	N	25788	25789	1
3376	G	N	25789	25790	1
3377	C	N	25790	25791	1
3378	C	N	25791	25792	1
3379	G	N	25792	25793	1
3380	T	N	25793	25794	1
3381	T	N	25794	25795	1
3382	C	N	25795	25796	1
3383	C	N	25796	25797	1
3384	A	N	25797	25798	1
3385	A	N	25798	25799	1
3386	A	N	25799	25800	1
3387	A	N	25800	25801	1
3388	A	N	25801	25802	1
3389	C	N	25802	25803	1
3390	C	N	25803	25804	1
3391	C	N	25804	25805	1
3392	A	N	25805	25806	1
3393	T	N	25806	25807	1
3394	T	N	25807	25808	1
3395	A	N	25808	25809	1
3396	C	N	25809	25810	1
3397	T	N	25810	25811	1
3398	T	N	25811	25812	1
3399	T	N	25812	25813	1
3400	A	N	25813	25814	1
3401	T	N	25814	25815	1
3402	G	N	25815	25816	1
3403	A	N	25816	25817	1
3404	T	N	25817	25818	1
3405	G	N	25818	25819	1
3406	C	N	25819	25820	1
3407	C	N	25820	25821	1
3408	A	N	25821	25822	1
3409	A	N	25822	25823	1
3410	C	N	25823	25824	1
3411	T	N	25824	25825	1
3412	A	N	25825	25826	1
3413	T	N	25826	25827	1
3414	T	N	25827	25828	1
3415	T	N	25828	25829	1
3416	T	N	25829	25830	1
3417	C	N	25830	25831	1
3418	T	N	25831	25832	1
3419	T	N	25832	25833	1
3420	T	N	25833	25834	1
3421	G	N	25834	25835	1
3422	C	N	25835	25836	1
3423	T	N	25836	25837	1
3424	G	N	25837	25838	1
3425	G	N	25838	25839	1
3426	C	N	25839	25840	1
3427	A	N	25840	25841	1
3428	T	N	25841	25842	1
3429	A	N	25842	25843	1
3430	C	N	25843	25844	1
3431	T	N	25844	25845	1
3432	A	N	25845	25846	1
3433	A	N	25846	25847	1
3434	T	N	25847	25848	1
3435	T	N	25848	25849	1
3436	G	N	25849	25850	1
3437	T	N	25850	25851	1
3438	T	N	25851	25852	1
3439	A	N	25852	25853	1
3440	C	N	25853	25854	1
3441	G	N	25854	25855	1
3442	A	N	25855	25856	1
3443	C	N	25856	25857	1
3444	T	N	25857	25858	1
3445	A	N	25858	25859	1
3446	T	N	25859	25860	1
3447	T	N	25860	25861	1
3448	G	N	25861	25862	1
3449	T	N	25862	25863	1
3450	A	N	25863	25864	1
3451	T	N	25864	25865	1
3452	A	N	25865	25866	1
3453	C	N	25866	25867	1
3454	C	N	25867	25868	1
3455	T	N	25868	25869	1
3456	T	N	25869	25870	1
3457	A	N	25870	25871	1
3458	C	N	25871	25872	1
3459	A	N	25872	25873	1
3460	A	N	25873	25874	1
3461	T	N	25874	25875	1
3462	A	N	25875	25876	1
3463	G	N	25876	25877	1
3464	T	N	25877	25878	1
3465	G	N	25878	25879	1
3466	T	N	25879	25880	1
3467	A	N	25880	25881	1
3468	A	N	25881	25882	1
3469	C	N	25882	25883	1
3470	T	N	25883	25884	1
3471	T	N	25884	25885	1
3472	C	N	25885	25886	1
3473	T	N	25886	25887	1
3474	T	N	25887	25888	1
3475	C	N	25888	25889	1
3476	A	N	25889	25890	1
3477	A	N	25890	25891	1
3478	T	N	25891	25892	1
3479	T	N	25892	25893	1
3480	G	N	25893	25894	1
3481	T	N	25894	25895	1
3482	C	N	25895	25896	1
3483	A	N	25896	25897	1
3484	T	N	25897	25898	1
3485	T	N	25898	25899	1
3486	A	N	25899	25900	1
3487	C	N	25900	25901	1
3488	T	N	25901	25902	1
3489	T	N	25902	25903	1
3490	C	N	25903	25904	1
3491	A	N	25904	25905	1
3492	G	N	25905	25906	1
3493	G	N	25906	25907	1
3494	T	N	25907	25908	1
3495	G	N	25908	25909	1
3496	A	N	25909	25910	1
3497	T	N	25910	25911	1
3498	G	N	25911	25912	1
3499	G	N	25912	25913	1
3500	C	N	25913	25914	1
3501	A	N	25914	25915	1
3502	C	N	25915	25916	1
3503	A	N	25916	25917	1
3504	A	N	25917	25918	1
3505	C	N	25918	25919	1
3506	A	N	25919	25920	1
3507	A	N	25920	25921	1
3508	G	N	25921	25922	1
3509	T	N	25922	25923	1
3510	C	N	25923	25924	1
3511	C	N	25924	25925	1
3512	T	N	25925	25926	1
3513	A	N	25926	25927	1
3514	T	N	25927	25928	1
3515	T	N	25928	25929	1
3516	T	N	25929	25930	1
3517	C	N	25930	25931	1
3518	T	N	25931	25932	1
3519	G	N	25932	25933	1
3520	A	N	25933	25934	1
3521	A	N	25934	25935	1
3522	C	N	25935	25936	1
3523	A	N	25936	25937	1
3524	T	N	25937	25938	1
3525	G	N	25938	25939	1
3526	A	N	25939	25940	1
3527	C	N	25940	25941	1
3528	T	N	25941	25942	1
3529	A	N	25942	25943	1
3530	C	N	25943	25944	1
3531	C	N	25944	25945	1
3532	A	N	25945	25946	1
3533	G	N	25946	25947	1
3534	A	N	25947	25948	1
3535	T	N	25948	25949	1
3536	T	N	25949	25950	1
3537	G	N	25950	25951	1
3538	G	N	25951	25952	1
3539	T	N	25952	25953	1
3540	G	N	25953	25954	1
3541	G	N	25954	25955	1
3542	T	N	25955	25956	1
3543	T	N	25956	25957	1
3544	A	N	25957	25958	1
3545	T	N	25958	25959	1
3546	A	N	25959	25960	1
3547	C	N	25960	25961	1
3548	T	N	25961	25962	1
3549	G	N	25962	25963	1
3550	A	N	25963	25964	1
3551	G	N	25970	25971	1
3552	G	N	25971	25972	1
3553	A	N	25972	25973	1
3554	A	N	25973	25974	1
3555	T	N	25974	25975	1
3556	A	N	25987	25988	1
3557	C	N	25988	25989	1
3558	T	N	25989	25990	1
3559	G	N	25990	25991	1
3560	T	N	25991	25992	1
3561	G	N	25992	25993	1
3562	T	N	25993	25994	1
3563	T	N	25994	25995	1
3564	A	N	26927	26928	1
3565	G	N	26928	26929	1
3566	T	N	26929	26930	1
3567	G	N	26930	26931	1
3568	A	N	26931	26932	1
3569	A	N	26932	26933	1
3570	C	N	26933	26934	1
3571	T	N	26934	26935	1
3572	C	N	26935	26936	1
3573	G	N	26936	26937	1
3574	T	N	26937	26938	1
3575	A	N	26938	26939	1
3576	A	N	26939	26940	1
3577	T	N	26940	26941	1
3578	C	N	26941	26942	1
3579	G	N	26942	26943	1
3580	G	N	26943	26944	1
3581	A	N	26944	26945	1
3582	G	N	26945	26946	1
3583	C	N	26946	26947	1
3584	T	N	26947	26948	1
3585	G	N	26948	26949	1
3586	T	N	26949	26950	1
3587	G	N	26950	26951	1
3588	A	N	26951	26952	1
3589	T	N	26952	26953	1
3590	C	N	26953	26954	1
3591	C	N	26954	26955	1
3592	T	N	26955	26956	1
3593	A	N	29798	29799	1
3594	G	N	29799	29800	1
3595	C	N	29800	29801	1
3596	C	N	29801	29802	1
3597	C	N	29802	29803	1
3598	T	N	29803	29804	1
3599	A	N	29804	29805	1
3600	A	N	29805	29806	1
3601	T	N	29806	29807	1
3602	G	N	29807	29808	1
3603	T	N	29808	29809	1
3604	G	N	29809	29810	1
3605	T	N	29810	29811	1
3606	A	N	29811	29812	1
3607	A	N	29812	29813	1
3608	A	N	29813	29814	1
3609	A	N	29814	29815	1
3610	T	N	29815	29816	1
3611	T	N	29816	29817	1
3612	A	N	29817	29818	1
3613	A	N	29818	29819	1
3614	T	N	29819	29820	1
3615	T	N	29820	29821	1
3616	T	N	29821	29822	1
3617	T	N	29822	29823	1
3618	A	N	29823	29824	1
3619	G	N	29824	29825	1
3620	T	N	29825	29826	1
3621	A	N	29826	29827	1
3622	G	N	29827	29828	1
3623	T	N	29828	29829	1
3624	G	N	29829	29830	1
3625	C	N	29830	29831	1
3626	T	N	29831	29832	1
3627	A	N	29832	29833	1
3628	T	N	29833	29834	1
3629	C	N	29834	29835	1
3630	C	N	29835	29836	1
3631	C	N	29836	29837	1
3632	C	N	29837	29838	1
3633	A	N	29838	29839	1
3634	T	N	29839	29840	1
3635	G	N	29840	29841	1
3636	T	N	29841	29842	1
3637	G	N	29842	29843	1
3638	A	N	29843	29844	1
3639	T	N	29844	29845	1
3640	T	N	29845	29846	1
3641	T	N	29846	29847	1
3642	T	N	29847	29848	1
3643	A	N	29848	29849	1
3644	A	N	29849	29850	1
3645	T	N	29850	29851	1
3646	A	N	29851	29852	1
3647	G	N	29852	29853	1
3648	C	N	29853	29854	1
3649	T	N	29854	29855	1
3650	T	N	29855	29856	1
3651	C	N	29856	29857	1
3652	T	N	29857	29858	1
3653	T	N	29858	29859	1
3654	A	N	29859	29860	1
3655	G	N	29860	29861	1
3656	G	N	29861	29862	1
3657	A	N	29862	29863	1
3658	G	N	29863	29864	1
3659	A	N	29864	29865	1
3660	A	N	29865	29866	1
3661	T	N	29866	29867	1
3662	G	N	29867	29868	1
3663	A	N	29868	29869	1
3664	C	N	29869	29870	1
3665	A	N	29870	29871	1
3666	A	N	29871	29872	1
3667	A	N	29872	29873	1
3668	A	N	29873	29874	1
3669	A	N	29874	29875	1
3670	A	N	29875	29876	1
3671	A	N	29876	29877	1
3672	A	N	29877	29878	1
3673	A	N	29878	29879	1
3674	A	N	29879	29880	1
3675	A	N	29880	29881	1
3676	A	N	29881	29882	1
3677	A	N	29882	29883	1
3678	A	N	29883	29884	1
3679	A	N	29884	29885	1
3680	A	N	29885	29886	1
3681	A	N	29886	29887	1
3682	A	N	29887	29888	1
3683	A	N	29888	29889	1
3684	A	N	29889	29890	1
3685	A	N	29890	29891	1
3686	A	N	29891	29892	1
3687	A	N	29892	29893	1
3688	A	N	29893	29894	1
3689	A	N	29894	29895	1
3690	A	N	29895	29896	1
3691	A	N	29896	29897	1
3692	A	N	29897	29898	1
3693	A	N	29898	29899	1
3694	A	N	29899	29900	1
3695	A	N	29900	29901	1
3696	A	N	29901	29902	1
3697	A	N	29902	29903	1
3698	C	A	1930	1931	1
3699	T	Y	4164	4165	1
3700	G	K	22812	22813	1
3701	T	K	22881	22882	1
3702	C	A	24502	24503	1
3703	G	R	26528	26529	1
3704	A	M	27507	27508	1
3705	A	G	27748	27749	1
3706	G	K	28680	28681	1
3707	T	Y	28692	28693	1
3708	A	G	3460	3461	1
3709	G	A	5923	5924	1
3710	C	T	22623	22624	1
3711	T	C	23488	23489	1
3712	C	T	23663	23664	1
3713	AATGACAAAAAAAAAAAAAAAAAAAAAAAAAAAAAAAAA		29864	29903	1
3714	AT		0	2	1
3715	A	N	30	31	1
3716	C	N	31	32	1
3717	C	N	32	33	1
3718	A	N	33	34	1
3719	A	N	34	35	1
3720	C	N	35	36	1
3721	C	N	36	37	1
3722	A	N	37	38	1
3723	A	N	38	39	1
3724	C	N	39	40	1
3725	T	N	40	41	1
3726	T	N	41	42	1
3727	T	N	42	43	1
3728	C	N	43	44	1
3729	G	N	44	45	1
3730	A	N	45	46	1
3731	T	N	46	47	1
3732	C	N	47	48	1
3733	T	N	48	49	1
3734	C	N	49	50	1
3735	T	N	50	51	1
3736	T	N	51	52	1
3737	G	N	52	53	1
3738	T	N	53	54	1
3739	A	N	54	55	1
3740	G	N	55	56	1
3741	A	N	56	57	1
3742	T	N	57	58	1
3743	C	N	58	59	1
3744	T	N	59	60	1
3745	G	N	60	61	1
3746	T	N	61	62	1
3747	T	N	62	63	1
3748	C	N	63	64	1
3749	T	N	64	65	1
3750	C	N	65	66	1
3751	T	N	66	67	1
3752	A	N	67	68	1
3753	A	N	68	69	1
3754	A	N	69	70	1
3755	C	N	70	71	1
3756	G	N	71	72	1
3757	A	N	72	73	1
3758	A	N	73	74	1
3759	C	N	74	75	1
3760	T	N	75	76	1
3761	T	N	76	77	1
3762	T	N	77	78	1
3763	A	N	78	79	1
3764	A	N	79	80	1
3765	A	N	80	81	1
3766	A	N	81	82	1
3767	T	N	82	83	1
3768	C	N	83	84	1
3769	T	N	84	85	1
3770	G	N	85	86	1
3771	T	N	86	87	1
3772	G	N	87	88	1
3773	T	N	88	89	1
3774	G	N	89	90	1
3775	G	N	90	91	1
3776	C	N	91	92	1
3777	T	N	92	93	1
3778	G	N	93	94	1
3779	T	N	94	95	1
3780	C	N	95	96	1
3781	A	N	96	97	1
3782	C	N	97	98	1
3783	T	N	98	99	1
3784	C	N	99	100	1
3785	G	N	100	101	1
3786	G	N	101	102	1
3787	C	N	102	103	1
3788	T	N	103	104	1
3789	G	N	104	105	1
3790	C	N	105	106	1
3791	A	N	106	107	1
3792	T	N	107	108	1
3793	G	N	108	109	1
3794	C	N	109	110	1
3795	T	N	110	111	1
3796	T	N	111	112	1
3797	A	N	112	113	1
3798	G	N	113	114	1
3799	T	N	114	115	1
3800	G	N	115	116	1
3801	C	N	116	117	1
3802	A	N	117	118	1
3803	C	N	118	119	1
3804	T	N	119	120	1
3805	C	N	120	121	1
3806	A	N	121	122	1
3807	C	N	122	123	1
3808	G	N	123	124	1
3809	C	N	124	125	1
3810	A	N	125	126	1
3811	G	N	126	127	1
3812	T	N	127	128	1
3813	A	N	128	129	1
3814	T	N	129	130	1
3815	A	N	130	131	1
3816	A	N	131	132	1
3817	T	N	132	133	1
3818	T	N	133	134	1
3819	A	N	134	135	1
3820	A	N	135	136	1
3821	T	N	136	137	1
3822	A	N	137	138	1
3823	A	N	138	139	1
3824	C	N	139	140	1
3825	T	N	140	141	1
3826	A	N	141	142	1
3827	A	N	142	143	1
3828	T	N	143	144	1
3829	T	N	144	145	1
3830	A	N	145	146	1
3831	C	N	146	147	1
3832	T	N	147	148	1
3833	G	N	148	149	1
3834	T	N	149	150	1
3835	C	N	150	151	1
3836	G	N	151	152	1
3837	T	N	152	153	1
3838	T	N	153	154	1
3839	G	N	154	155	1
3840	A	N	155	156	1
3841	C	N	156	157	1
3842	A	N	157	158	1
3843	G	N	158	159	1
3844	G	N	159	160	1
3845	A	N	160	161	1
3846	C	N	161	162	1
3847	A	N	162	163	1
3848	C	N	163	164	1
3849	G	N	164	165	1
3850	A	N	165	166	1
3851	G	N	166	167	1
3852	T	N	167	168	1
3853	A	N	168	169	1
3854	A	N	169	170	1
3855	C	N	170	171	1
3856	T	N	171	172	1
3857	C	N	172	173	1
3858	G	N	173	174	1
3859	T	N	174	175	1
3860	C	N	175	176	1
3861	T	N	176	177	1
3862	A	N	177	178	1
3863	T	N	178	179	1
3864	C	N	179	180	1
3865	T	N	180	181	1
3866	T	N	181	182	1
3867	C	N	182	183	1
3868	T	N	183	184	1
3869	G	N	184	185	1
3870	C	N	185	186	1
3871	A	N	186	187	1
3872	G	N	187	188	1
3873	G	N	188	189	1
3874	C	N	189	190	1
3875	T	N	190	191	1
3876	G	N	191	192	1
3877	C	N	192	193	1
3878	T	N	193	194	1
3879	T	N	194	195	1
3880	A	N	195	196	1
3881	C	N	196	197	1
3882	G	N	197	198	1
3883	G	N	198	199	1
3884	T	N	199	200	1
3885	T	N	200	201	1
3886	T	N	201	202	1
3887	C	N	202	203	1
3888	G	N	203	204	1
3889	T	N	204	205	1
3890	C	N	205	206	1
3891	C	N	206	207	1
3892	G	N	207	208	1
3893	T	N	208	209	1
3894	G	N	209	210	1
3895	T	N	210	211	1
3896	T	N	211	212	1
3897	G	N	212	213	1
3898	C	N	213	214	1
3899	A	N	214	215	1
3900	G	N	215	216	1
3901	C	N	216	217	1
3902	C	N	217	218	1
3903	G	N	218	219	1
3904	A	N	219	220	1
3905	T	N	220	221	1
3906	C	N	221	222	1
3907	A	N	222	223	1
3908	T	N	223	224	1
3909	C	N	224	225	1
3910	A	N	225	226	1
3911	G	N	226	227	1
3912	C	N	227	228	1
3913	A	N	228	229	1
3914	C	N	229	230	1
3915	A	N	230	231	1
3916	T	Y	231	232	1
3917	C	N	240	241	1
3918	G	D	388	389	1
3919	G	N	406	407	1
3920	G	N	409	410	1
3921	G	N	410	411	1
3922	A	R	412	413	1
3923	G	N	416	417	1
3924	G	N	418	419	1
3925	G	N	419	420	1
3926	C	S	420	421	1
3927	G	D	424	425	1
3928	A	R	426	427	1
3929	G	N	427	428	1
3930	T	B	669	670	1
3931	G	N	1756	1757	1
3932	A	ACACTGTAGAGGAGGCAANNNNNNNNNNNNNNNNNNNNNNNNNNNNNNNNNNNNNNNNNNNNNNNNNNNNNNNNNNNNNNNNNNNNNNNNNNNNNNNNNNNNNNNNNNNNNNNNNNN	4274	4275	1
3933	C	T	5300	5301	1
3934	G	N	6575	6576	1
3935	G	N	6588	6589	1
3936	G	D	8055	8056	1
3937	G	D	8083	8084	1
3938	C	T	8298	8299	1
3939	G	N	8453	8454	1
3940	C	Y	9533	9534	1
3941	TTTTAGCACATATTCAGTGGATGG		9629	9653	1
3942	G	R	10446	10447	1
3943	T	N	11523	11524	1
3944	A	D	11536	11537	1
3945	G	N	12360	12361	1
3946	G	N	14907	14908	1
3947	G	N	14916	14917	1
3948	AAGATGCACTTTTCGCATATACAAAACGT		15010	15039	1
3949	T	N	15041	15042	1
3950	G	N	15042	15043	1
3951	T	N	15043	15044	1
3952	C	N	15044	15045	1
3953	T	Y	15046	15047	1
3954	A	N	15105	15106	1
3955	C	N	15713	15714	1
3956	C	Y	17409	17410	1
3957	A	D	18162	18163	1
3958	G	N	18702	18703	1
3959	G	N	18711	18712	1
3960	G	N	19173	19174	1
3961	G	N	19689	19690	1
3962	G	N	19710	19711	1
3963	C	Y	19954	19955	1
3964	T	TAATGGAGTCACATTAATTGGRGAAKCCGTAAAAANNNNNNNNNNNNNNNNNNNNNNNNNNNNNNNNNNNNNNNNNNNNNNNNNNNNNNNNNNNNNNNNNNNNNNNNNNNNNNNNNNNNNNNNNNNNNNNNNNNN	20105	20106	1
3965	G	D	20547	20548	1
3966	G	N	20556	20557	1
3967	G	N	20559	20560	1
3968	G	D	20567	20568	1
3969	G	D	20568	20569	1
3970	G	N	20571	20572	1
3971	G	D	20577	20578	1
3972	G	D	20579	20580	1
3973	G	N	20586	20587	1
3974	G	N	20595	20596	1
3975	AA		20725	20727	1
3976	C	N	21056	21057	1
3977	CATTTGTGGGTTTATACAACAAAAGCTAGCTCTTGGAGGTTCCGTGGCTATAAAGATAACAGAACATTCTTGGAATGCTGATCTTTATAAGCTCATGGGACACTTCGCATGGTGGACAGCCTTTGTTACTAATGTGAATGCGTCATCATCTGAAGCATTTTTAATTGGATGTAATTATCTTGGCAAACCACGCGAACAAATAGATGGTTATGTCATGCATGCAAATTACATATTTTGGAGGAATACAAATCCAATTCAGTTGTCTTCCTATTCTTTATTTGACATGAGTAAATTTCCCCTTAAATTAAGGGGTACTGCTGTTATGTCTTTAAAAGAAGGTCAAATCAATGATATGATTTTATCTCTTCTTAGTAAAGGTAGACTTATAATTAGAGAAAACAACAGAGTTGTTATTTCTAGTGATGTTCTTGTTAACAACTAAACGAACAATGTTTGTTTTTCTTGTTTTATTGCCACTAGTCTCTAGTCAGTGTGTTAATCTTACAACCAGAACTCAATTACCCCCTGCATACACTAATTCTTTCACACGTGGTGTTTATTACCCTGACAAAGTTTTCAGATCCTCAGTTTTACATTCAACTCAGGACTTGTTCTTACCTTTCTTTTCCAATGTTACTTGGTTCCATGCTATACATGTCTCTGGGACCAATGGTACTAAGAGGTTTGATAACCCTGTCCTACCATTTAATGATGGTGTTTATTTTGCTTCCACTGAGAAGTCTAACATAATAAGAGGCTGGATTTTTGGTACTACTTTAGATTCGAAGACCCAGTCCCTACTTATTGTTAATAACG		21113	21929	1
3978	C	N	21929	21930	1
3979	T	N	21930	21931	1
3980	A	N	21931	21932	1
3981	C	N	21932	21933	1
3982	T	N	21933	21934	1
3983	A	N	21934	21935	1
3984	A	N	21935	21936	1
3985	T	N	21936	21937	1
3986	G	N	21937	21938	1
3987	T	N	21938	21939	1
3988	T	N	21939	21940	1
3989	G	N	21940	21941	1
3990	T	N	21941	21942	1
3991	T	N	21942	21943	1
3992	A	N	21943	21944	1
3993	T	N	21944	21945	1
3994	T	N	21945	21946	1
3995	A	N	21946	21947	1
3996	A	N	21947	21948	1
3997	A	N	21948	21949	1
3998	G	N	21949	21950	1
3999	T	N	21950	21951	1
4000	C	N	21951	21952	1
4001	T	N	21952	21953	1
4002	G	N	21953	21954	1
4003	T	N	21954	21955	1
4004	G	N	21955	21956	1
4005	A	N	21956	21957	1
4006	A	N	21957	21958	1
4007	T	N	21958	21959	1
4008	T	N	21959	21960	1
4009	T	N	21960	21961	1
4010	C	N	21961	21962	1
4011	A	N	21962	21963	1
4012	A	N	21963	21964	1
4013	T	N	21964	21965	1
4014	T	N	21965	21966	1
4015	T	N	21966	21967	1
4016	T	N	21967	21968	1
4017	G	N	21968	21969	1
4018	T	N	21969	21970	1
4019	A	N	21970	21971	1
4020	A	N	21971	21972	1
4021	T	N	21972	21973	1
4022	G	N	21973	21974	1
4023	A	N	21974	21975	1
4024	T	N	21975	21976	1
4025	C	N	21976	21977	1
4026	C	N	21977	21978	1
4027	A	N	21978	21979	1
4028	T	N	21979	21980	1
4029	T	N	21980	21981	1
4030	T	N	21981	21982	1
4031	T	N	21982	21983	1
4032	T	N	21983	21984	1
4033	G	N	21984	21985	1
4034	G	N	21985	21986	1
4035	G	N	21986	21987	1
4036	T	N	21987	21988	1
4037	G	N	21988	21989	1
4038	T	N	21989	21990	1
4039	T	N	21990	21991	1
4040	T	N	21991	21992	1
4041	A	N	21992	21993	1
4042	T	N	21993	21994	1
4043	T	N	21994	21995	1
4044	A	N	21995	21996	1
4045	C	N	21996	21997	1
4046	C	N	21997	21998	1
4047	A	N	21998	21999	1
4048	C	N	21999	22000	1
4049	A	N	22000	22001	1
4050	A	N	22001	22002	1
4051	A	N	22002	22003	1
4052	A	N	22003	22004	1
4053	A	N	22004	22005	1
4054	C	N	22005	22006	1
4055	A	N	22006	22007	1
4056	A	N	22007	22008	1
4057	C	N	22008	22009	1
4058	A	N	22009	22010	1
4059	A	N	22010	22011	1
4060	A	N	22011	22012	1
4061	A	N	22012	22013	1
4062	G	N	22013	22014	1
4063	T	N	22014	22015	1
4064	T	N	22015	22016	1
4065	G	N	22016	22017	1
4066	G	N	22017	22018	1
4067	A	N	22018	22019	1
4068	T	N	22019	22020	1
4069	G	N	22020	22021	1
4070	G	N	22021	22022	1
4071	A	N	22022	22023	1
4072	T	D	22199	22200	1
4073	G	D	22577	22578	1
4074	T	A	22928	22929	1
4075	A	T	23039	23040	1
4076	T	N	23598	23599	1
4077	C	N	23603	23604	1
4078	C	T	23706	23707	1
4079	A	N	24423	24424	1
4080	G	N	24573	24574	1
4081	G	N	24576	24577	1
4082	C	N	24999	25000	1
4083	G	N	25386	25387	1
4084	G	N	25394	25395	1
4085	G	N	25395	25396	1
4086	G	N	25400	25401	1
4087	G	N	25406	25407	1
4088	G	N	25408	25409	1
4089	C	T	25586	25587	1
4090	G	D	25906	25907	1
4091	C	N	26059	26060	1
4092	C	N	26576	26577	1
4093	G	N	29150	29151	1
4094	G	N	29155	29156	1
4095	G	N	29156	29157	1
4096	G	N	29161	29162	1
4097	G	N	29174	29175	1
4098	G	N	29175	29176	1
4099	G	N	29178	29179	1
4100	G	N	29185	29186	1
4101	G	N	29439	29440	1
4102	A	V	29509	29510	1
4103	CACCGAGGCCACGCGGAGTACGATCGAGTGTACAGTGAACAATGCTAGGGAGAGCTGCCTATATGGAAGAGCCCTAATGTGTAAAATTAATTTTAGTAGTGCTATCCCCATGTGATTTTAATAGCTTCTTAGGAGAATGACAAAAAAAAAAAAAAAAAAAAAAAAAAAAAAAAA		29729	29903	1
4104	G	N	22	23	1
4105	G	N	23	24	1
4106	T	N	24	25	1
4107	A	N	25	26	1
4108	A	N	26	27	1
4109	C	N	27	28	1
4110	A	N	28	29	1
4111	A	N	29	30	1
4112	C	Y	1092	1093	1
4113	C	Y	2469	2470	1
4114	A	R	3420	3421	1
4115	G	N	6512	6513	1
4116	T	N	6513	6514	1
4117	T	N	6514	6515	1
4118	C	Y	9222	9223	1
4119	GTTT		11282	11286	1
4120	G	N	11286	11287	1
4121	T	N	11287	11288	1
4122	C	N	11288	11289	1
4123	T	N	11289	11290	1
4124	G	N	11290	11291	1
4125	G	K	20068	20069	1
4126	C	S	21529	21530	1
4127	T	W	21533	21534	1
4128	G	K	21534	21535	1
4129	A	M	21535	21536	1
4130	T	N	21542	21543	1
4131	G	N	21543	21544	1
4132	T	N	21544	21545	1
4133	T	N	21545	21546	1
4134	A	N	21546	21547	1
4135	A	N	21547	21548	1
4136	C	N	21548	21549	1
4137	A	N	21549	21550	1
4138	A	N	21550	21551	1
4139	GTGTTT		21986	21992	1
4140	G	R	22598	22599	1
4141	T	C	22672	22673	1
4142	C	Y	23524	23525	1
4143	T	Y	23688	23689	1
4144	A	M	25380	25381	1
4145	GAGA		28361	28365	1
4146	T	N	28404	28405	1
4147	T	N	28405	28406	1
4148	T	N	28406	28407	1
4149	A	N	28407	28408	1
4150	C	N	28408	28409	1
4151	C	N	28409	28410	1
4152	C	N	28410	28411	1
4153	A	N	28411	28412	1
4154	A	N	28412	28413	1
4155	T	N	28413	28414	1
4156	A	N	28414	28415	1
4157	A	N	28415	28416	1
4158	T	N	28416	28417	1
4159	A	N	28417	28418	1
4160	C	N	28418	28419	1
4161	T	N	28419	28420	1
4162	G	N	28420	28421	1
4163	C	N	28421	28422	1
4164	G	N	28422	28423	1
4165	T	N	28423	28424	1
4166	C	N	28424	28425	1
4167	T	N	28425	28426	1
4168	T	N	28426	28427	1
4169	G	N	28427	28428	1
4170	G	N	28428	28429	1
4171	T	N	28429	28430	1
4172	T	N	28430	28431	1
4173	C	N	28431	28432	1
4174	A	N	28432	28433	1
4175	C	N	28433	28434	1
4176	C	N	28434	28435	1
4177	G	N	28435	28436	1
4178	C	N	28436	28437	1
4179	T	N	28437	28438	1
4180	C	N	28438	28439	1
4181	T	N	28439	28440	1
4182	C	N	28440	28441	1
4183	A	N	28441	28442	1
4184	C	N	28442	28443	1
4185	T	N	28443	28444	1
4186	C	N	28444	28445	1
4187	A	N	28445	28446	1
4188	A	N	28446	28447	1
4189	C	N	28447	28448	1
4190	A	N	28448	28449	1
4191	T	N	28449	28450	1
4192	G	N	28450	28451	1
4193	G	N	28451	28452	1
4194	C	N	28452	28453	1
4195	A	N	28453	28454	1
4196	A	N	28454	28455	1
4197	G	N	28455	28456	1
4198	G	N	28456	28457	1
4199	A	N	28457	28458	1
4200	A	N	28458	28459	1
4201	G	N	28459	28460	1
4202	A	N	28460	28461	1
4203	C	N	28461	28462	1
4204	C	N	28462	28463	1
4205	T	N	28463	28464	1
4206	T	N	28464	28465	1
4207	A	N	28465	28466	1
4208	A	N	28466	28467	1
4209	A	N	28467	28468	1
4210	T	N	28468	28469	1
4211	T	N	28469	28470	1
4212	C	N	28470	28471	1
4213	C	N	28471	28472	1
4214	C	N	28472	28473	1
4215	T	N	28473	28474	1
4216	C	N	28474	28475	1
4217	G	N	28475	28476	1
4218	A	N	28476	28477	1
4219	G	N	28477	28478	1
4220	C	N	28673	28674	1
4221	A	R	28674	28675	1
4222	A	M	29781	29782	1
4223	G	K	29782	29783	1
4224	G	C	29785	29786	1
4225	TATATGGAAGAGCCCTAATGTGTAAAATTAATTTTAG		29788	29825	1
4226	T	C	29828	29829	1
4227	G	A	29829	29830	1
4228	C	T	29830	29831	1
4229	A	G	29832	29833	1
4230	C	T	29834	29835	1
4231	A	NNNNNNNNNNNNNNNNNNNNNNNNNNNNNNNNNNNNNNNNNNNNNNN	29902	29903	1
4232	A	M	1572	1573	1
4233	A	G	11455	11456	1
4234	C	T	12615	12616	1
4235	C	M	23853	23854	1
4236	C	T	27011	27012	1
\.


--
-- Data for Name: nucleotide_mutation_alignments; Type: TABLE DATA; Schema: public; Owner: -
--

COPY public.nucleotide_mutation_alignments (id, nucleotidemutation_id, alignment_id) FROM stdin;
1	1	1
2	2	1
3	3	1
4	4	1
5	5	1
6	6	1
7	7	1
8	8	1
9	9	1
10	10	1
11	11	1
12	12	1
13	13	1
14	14	1
15	15	1
16	16	1
17	17	1
18	18	1
19	19	1
20	20	1
21	21	1
22	22	1
23	23	1
24	24	1
25	25	1
26	26	1
27	27	1
28	28	1
29	29	1
30	30	1
31	31	1
32	32	1
33	33	1
34	34	1
35	35	1
36	36	1
37	37	1
38	38	1
39	39	1
40	40	1
41	41	1
42	42	1
43	43	1
44	44	1
45	45	1
46	46	1
47	47	1
48	48	1
49	49	1
50	50	1
51	51	1
52	52	1
53	53	1
54	54	1
55	55	1
56	56	1
57	57	1
58	58	1
59	59	1
60	60	1
61	61	1
62	62	1
63	63	1
64	64	1
65	65	1
66	66	1
67	67	1
68	68	1
69	69	1
70	70	1
71	71	1
72	72	1
73	73	1
74	74	1
75	75	1
76	76	1
77	77	1
78	78	1
79	79	1
80	80	1
81	81	1
82	82	1
83	83	1
84	84	1
85	85	1
86	86	1
87	87	1
88	88	1
89	89	1
90	90	1
91	91	1
92	92	1
93	93	1
94	94	1
95	95	1
96	96	1
97	97	1
98	98	1
99	99	1
100	100	1
101	101	1
102	102	1
103	103	1
104	104	1
105	105	1
106	106	1
107	107	1
108	108	1
109	109	1
110	110	1
111	111	1
112	112	1
113	113	1
114	114	1
115	115	1
116	116	1
117	117	1
118	118	1
119	119	1
120	120	1
121	121	1
122	122	1
123	123	1
124	124	1
125	125	1
126	126	1
127	127	1
128	128	1
129	129	1
130	130	1
131	131	1
132	132	1
133	133	1
134	134	1
135	135	1
136	136	1
137	137	1
138	138	1
139	139	1
140	140	1
141	141	1
142	142	1
143	143	1
144	144	1
145	145	1
146	146	1
147	147	1
148	148	1
149	149	1
150	150	1
151	151	1
152	152	1
153	153	1
154	154	1
155	155	1
156	156	1
157	157	1
158	158	1
159	159	1
160	160	1
161	161	1
162	162	1
163	163	1
164	164	1
165	165	1
166	166	1
167	167	1
168	168	1
169	169	1
170	170	1
171	171	1
172	172	1
173	173	1
174	174	1
175	175	1
176	176	1
177	177	1
178	178	1
179	179	1
180	180	1
181	181	1
182	182	1
183	183	1
184	184	1
185	185	1
186	186	1
187	187	1
188	188	1
189	189	1
190	190	1
191	191	1
192	192	1
193	193	1
194	194	1
195	195	1
196	196	1
197	197	1
198	198	1
199	199	1
200	200	1
201	201	1
202	202	1
203	203	1
204	204	1
205	205	1
206	206	1
207	207	1
208	208	1
209	209	1
210	210	1
211	211	1
212	212	1
213	213	1
214	214	1
215	215	1
216	216	1
217	217	1
218	218	1
219	219	1
220	220	1
221	221	1
222	222	1
223	223	1
224	224	1
225	225	1
226	226	1
227	227	1
228	228	1
229	229	1
230	230	1
231	231	1
232	232	1
233	233	1
234	234	1
235	235	1
236	236	1
237	237	1
238	238	1
239	239	1
240	240	1
241	241	1
242	242	1
243	243	1
244	244	1
245	245	1
246	246	1
247	247	1
248	248	1
249	249	1
250	250	1
251	251	1
252	252	1
253	253	1
254	254	1
255	255	1
256	256	1
257	257	1
258	258	1
259	259	1
260	260	1
261	261	1
262	262	1
263	263	1
264	264	1
265	265	1
266	266	1
267	267	1
268	268	1
269	269	1
270	270	1
271	271	1
272	272	1
273	273	1
274	274	1
275	275	1
276	276	1
277	277	1
278	278	1
279	279	1
280	280	1
281	281	1
282	282	1
283	283	1
284	284	1
285	285	1
286	286	1
287	287	1
288	288	1
289	289	1
290	290	1
291	291	1
292	292	1
293	293	1
294	294	1
295	295	1
296	296	1
297	297	1
298	298	1
299	299	1
300	300	1
301	301	1
302	302	1
303	303	1
304	304	1
305	305	1
306	306	1
307	307	1
308	308	1
309	309	1
310	310	1
311	311	1
312	312	1
313	313	1
314	314	1
315	315	1
316	316	1
317	317	1
318	318	1
319	319	1
320	320	1
321	321	1
322	322	1
323	323	1
324	324	1
325	325	1
326	326	1
327	327	1
328	328	1
329	329	1
330	330	1
331	331	1
332	332	1
333	333	1
334	334	1
335	335	1
336	336	1
337	337	1
338	338	1
339	339	1
340	340	1
341	341	1
342	342	1
343	343	1
344	344	1
345	345	1
346	346	1
347	347	1
348	348	1
349	349	1
350	350	1
351	351	1
352	352	1
353	353	1
354	354	1
355	355	1
356	356	1
357	357	1
358	358	1
359	359	1
360	360	1
361	361	1
362	362	1
363	363	1
364	364	1
365	365	1
366	366	1
367	367	1
368	368	1
369	369	1
370	370	1
371	371	1
372	372	1
373	373	1
374	374	1
375	375	1
376	376	1
377	377	1
378	378	1
379	379	1
380	380	1
381	381	1
382	382	1
383	383	1
384	384	1
385	385	1
386	386	1
387	387	1
388	388	1
389	389	1
390	390	1
391	391	1
392	392	1
393	393	1
394	394	1
395	395	1
396	396	1
397	397	1
398	398	1
399	399	1
400	400	1
401	401	1
402	402	1
403	403	1
404	404	1
405	405	1
406	406	1
407	407	1
408	408	1
409	409	1
410	410	1
411	411	1
412	412	1
413	413	1
414	414	1
415	415	1
416	416	1
417	417	1
418	418	1
419	419	1
420	420	1
421	421	1
422	422	1
423	423	1
424	424	1
425	425	1
426	426	1
427	427	1
428	428	1
429	429	1
430	430	1
431	431	1
432	432	1
433	433	1
434	434	1
435	435	1
436	436	1
437	437	1
438	438	1
439	439	1
440	440	1
441	441	1
442	442	1
443	443	1
444	444	1
445	445	1
446	446	1
447	447	1
448	448	1
449	449	1
450	450	1
451	451	1
452	452	1
453	453	1
454	454	1
455	455	1
456	456	1
457	457	1
458	458	1
459	459	1
460	460	1
461	461	1
462	462	1
463	463	1
464	464	1
465	465	1
466	466	1
467	467	1
468	468	1
469	469	1
470	470	1
471	471	1
472	472	1
473	473	1
474	474	1
475	475	1
476	476	1
477	477	1
478	478	1
479	479	1
480	480	1
481	481	1
482	482	1
483	483	1
484	484	1
485	485	1
486	486	1
487	487	1
488	488	1
489	489	1
490	490	1
491	491	1
492	492	1
493	493	1
494	494	1
495	495	1
496	496	1
497	497	1
498	498	1
499	499	1
500	500	1
501	501	1
502	502	1
503	503	1
504	504	1
505	505	1
506	506	1
507	507	1
508	508	1
509	509	1
510	510	1
511	511	1
512	512	1
513	513	1
514	514	1
515	515	1
516	516	1
517	517	1
518	518	1
519	519	1
520	520	1
521	521	1
522	522	1
523	523	1
524	524	1
525	525	1
526	526	1
527	527	1
528	528	1
529	529	1
530	530	1
531	531	1
532	532	1
533	533	1
534	534	1
535	535	1
536	536	1
537	537	1
538	538	1
539	539	1
540	540	1
541	541	1
542	542	1
543	543	1
544	544	1
545	545	1
546	546	1
547	547	1
548	548	1
549	549	1
550	550	1
551	551	1
552	552	1
553	553	1
554	554	1
555	555	1
556	556	1
557	557	1
558	558	1
559	559	1
560	560	1
561	561	1
562	562	1
563	563	1
564	564	1
565	565	1
566	566	1
567	567	1
568	568	1
569	569	1
570	570	1
571	571	1
572	572	1
573	573	1
574	574	1
575	575	1
576	576	1
577	577	1
578	578	1
579	579	1
580	580	1
581	581	1
582	582	1
583	583	1
584	584	1
585	585	1
586	586	1
587	587	1
588	588	1
589	589	1
590	590	1
591	591	1
592	592	1
593	593	1
594	594	1
595	595	1
596	596	1
597	597	1
598	598	1
599	599	1
600	600	1
601	601	1
602	602	1
603	603	1
604	604	1
605	605	1
606	606	1
607	607	1
608	608	1
609	609	1
610	610	1
611	611	1
612	612	1
613	613	1
614	614	1
615	615	1
616	616	1
617	617	2
618	2	2
619	618	2
620	3	2
621	4	2
622	5	2
623	6	2
624	7	2
625	8	2
626	9	2
627	10	2
628	11	2
629	12	2
630	619	2
631	244	2
632	245	2
633	246	2
634	285	2
635	288	2
636	289	2
637	620	2
638	290	2
639	291	2
640	292	2
641	293	2
642	294	2
643	295	2
644	621	2
645	296	2
646	297	2
647	298	2
648	299	2
649	300	2
650	301	2
651	302	2
652	303	2
653	304	2
654	305	2
655	306	2
656	308	2
657	309	2
658	310	2
659	311	2
660	312	2
661	313	2
662	314	2
663	315	2
664	316	2
665	317	2
666	318	2
667	319	2
668	320	2
669	321	2
670	322	2
671	323	2
672	324	2
673	622	2
674	326	2
675	327	2
676	328	2
677	329	2
678	330	2
679	331	2
680	332	2
681	333	2
682	334	2
683	336	2
684	608	2
685	609	2
686	610	2
687	611	2
688	612	2
689	613	2
690	623	2
691	614	2
692	615	2
693	616	2
694	1	3
695	624	3
696	2	3
697	625	3
698	626	3
699	5	3
700	627	3
701	628	3
702	629	3
703	630	3
704	631	3
705	632	3
706	633	3
707	634	3
708	635	3
709	12	3
710	636	3
711	637	3
712	638	3
713	639	3
714	640	3
715	288	3
716	641	3
717	642	3
718	643	3
719	644	3
720	645	3
721	646	3
722	647	3
723	648	3
724	649	3
725	650	3
726	651	3
727	652	3
728	309	3
729	315	3
730	653	3
731	654	3
732	655	3
733	656	3
734	657	3
735	658	3
736	659	3
737	660	3
738	661	3
739	662	3
740	663	3
741	664	3
742	665	3
743	666	3
744	667	3
745	668	3
746	669	3
747	670	3
748	671	4
749	2	4
750	672	4
751	673	4
752	674	4
753	675	4
754	676	4
755	677	4
756	678	4
757	679	4
758	680	4
759	681	4
760	682	4
761	683	4
762	684	4
763	685	4
764	686	4
765	687	4
766	688	4
767	689	4
768	690	4
769	691	4
770	692	4
771	693	4
772	694	4
773	695	4
774	696	4
775	697	4
776	698	4
777	699	4
778	700	4
779	701	4
780	702	4
781	703	4
782	704	4
783	705	4
784	706	4
785	707	4
786	708	4
787	709	4
788	710	4
789	5	4
790	711	4
791	712	4
792	713	4
793	714	4
794	715	4
795	716	4
796	717	4
797	718	4
798	719	4
799	720	4
800	721	4
801	722	4
802	723	4
803	724	4
804	725	4
805	726	4
806	727	4
807	728	4
808	729	4
809	730	4
810	731	4
811	732	4
812	733	4
813	734	4
814	735	4
815	736	4
816	737	4
817	738	4
818	739	4
819	740	4
820	741	4
821	742	4
822	743	4
823	744	4
824	745	4
825	746	4
826	747	4
827	748	4
828	749	4
829	750	4
830	751	4
831	752	4
832	753	4
833	754	4
834	12	4
835	245	4
836	755	4
837	756	4
838	757	4
839	288	4
840	758	4
841	759	4
842	291	4
843	760	4
844	761	4
845	762	4
846	763	4
847	764	4
848	765	4
849	766	4
850	767	4
851	768	4
852	769	4
853	770	4
854	771	4
855	772	4
856	773	4
857	774	4
858	775	4
859	776	4
860	777	4
861	778	4
862	779	4
863	780	4
864	781	4
865	782	4
866	783	4
867	784	4
868	785	4
869	786	4
870	787	4
871	788	4
872	789	4
873	790	4
874	791	4
875	792	4
876	793	4
877	794	4
878	795	4
879	796	4
880	797	4
881	798	4
882	799	4
883	800	4
884	801	4
885	802	4
886	803	4
887	804	4
888	805	4
889	806	4
890	807	4
891	808	4
892	809	4
893	810	4
894	811	4
895	812	4
896	813	4
897	814	4
898	815	4
899	816	4
900	817	4
901	818	4
902	819	4
903	820	4
904	821	4
905	822	4
906	823	4
907	824	4
908	825	4
909	826	4
910	827	4
911	828	4
912	829	4
913	830	4
914	831	4
915	832	4
916	833	4
917	834	4
918	835	4
919	836	4
920	837	4
921	838	4
922	839	4
923	840	4
924	841	4
925	842	4
926	843	4
927	844	4
928	845	4
929	846	4
930	847	4
931	848	4
932	849	4
933	850	4
934	851	4
935	852	4
936	853	4
937	854	4
938	855	4
939	856	4
940	857	4
941	858	4
942	859	4
943	860	4
944	861	4
945	862	4
946	863	4
947	864	4
948	865	4
949	866	4
950	867	4
951	868	4
952	869	4
953	870	4
954	871	4
955	872	4
956	873	4
957	874	4
958	875	4
959	876	4
960	877	4
961	878	4
962	879	4
963	880	4
964	881	4
965	882	4
966	883	4
967	884	4
968	885	4
969	886	4
970	887	4
971	888	4
972	889	4
973	890	4
974	891	4
975	892	4
976	893	4
977	894	4
978	895	4
979	896	4
980	897	4
981	898	4
982	899	4
983	900	4
984	901	4
985	902	4
986	903	4
987	904	4
988	905	4
989	906	4
990	907	4
991	908	4
992	909	4
993	910	4
994	911	4
995	912	4
996	913	4
997	914	4
998	915	4
999	916	4
1000	917	4
1001	918	4
1002	919	4
1003	920	4
1004	921	4
1005	922	4
1006	923	4
1007	924	4
1008	925	4
1009	926	4
1010	927	4
1011	928	4
1012	929	4
1013	930	4
1014	931	4
1015	932	4
1016	933	4
1017	934	4
1018	935	4
1019	936	4
1020	937	4
1021	938	4
1022	939	4
1023	940	4
1024	941	4
1025	942	4
1026	943	4
1027	944	4
1028	945	4
1029	946	4
1030	947	4
1031	948	4
1032	949	4
1033	950	4
1034	951	4
1035	952	4
1036	953	4
1037	954	4
1038	955	4
1039	956	4
1040	957	4
1041	958	4
1042	959	4
1043	960	4
1044	961	4
1045	962	4
1046	963	4
1047	964	4
1048	965	4
1049	966	4
1050	967	4
1051	968	4
1052	969	4
1053	970	4
1054	971	4
1055	972	4
1056	973	4
1057	974	4
1058	975	4
1059	976	4
1060	977	4
1061	978	4
1062	979	4
1063	980	4
1064	981	4
1065	982	4
1066	983	4
1067	984	4
1068	985	4
1069	986	4
1070	987	4
1071	988	4
1072	989	4
1073	990	4
1074	991	4
1075	992	4
1076	993	4
1077	994	4
1078	995	4
1079	996	4
1080	997	4
1081	998	4
1082	999	4
1083	1000	4
1084	1001	4
1085	1002	4
1086	1003	4
1087	1004	4
1088	1005	4
1089	1006	4
1090	1007	4
1091	1008	4
1092	1009	4
1093	1010	4
1094	1011	4
1095	1012	4
1096	1013	4
1097	1014	4
1098	1015	4
1099	1016	4
1100	1017	4
1101	1018	4
1102	1019	4
1103	1020	4
1104	1021	4
1105	1022	4
1106	1023	4
1107	1024	4
1108	1025	4
1109	1026	4
1110	1027	4
1111	1028	4
1112	1029	4
1113	1030	4
1114	1031	4
1115	1032	4
1116	1033	4
1117	1034	4
1118	1035	4
1119	1036	4
1120	1037	4
1121	1038	4
1122	1039	4
1123	1040	4
1124	1041	4
1125	1042	4
1126	1043	4
1127	1044	4
1128	1045	4
1129	1046	4
1130	1047	4
1131	1048	4
1132	1049	4
1133	1050	4
1134	1051	4
1135	1052	4
1136	1053	4
1137	1054	4
1138	1055	4
1139	1056	4
1140	1057	4
1141	1058	4
1142	1059	4
1143	1060	4
1144	1061	4
1145	1062	4
1146	1063	4
1147	1064	4
1148	1065	4
1149	1066	4
1150	1067	4
1151	1068	4
1152	1069	4
1153	1070	4
1154	1071	4
1155	1072	4
1156	1073	4
1157	1074	4
1158	1075	4
1159	1076	4
1160	1077	4
1161	1078	4
1162	1079	4
1163	1080	4
1164	1081	4
1165	1082	4
1166	1083	4
1167	1084	4
1168	1085	4
1169	1086	4
1170	1087	4
1171	1088	4
1172	1089	4
1173	1090	4
1174	1091	4
1175	1092	4
1176	1093	4
1177	1094	4
1178	1095	4
1179	1096	4
1180	1097	4
1181	1098	4
1182	1099	4
1183	1100	4
1184	1101	4
1185	1102	4
1186	1103	4
1187	1104	4
1188	1105	4
1189	1106	4
1190	1107	4
1191	1108	4
1192	1109	4
1193	1110	4
1194	1111	4
1195	1112	4
1196	1113	4
1197	1114	4
1198	1115	4
1199	1116	4
1200	1117	4
1201	1118	4
1202	1119	4
1203	1120	4
1204	1121	4
1205	1122	4
1206	1123	4
1207	1124	4
1208	1125	4
1209	1126	4
1210	1127	4
1211	1128	4
1212	1129	4
1213	1130	4
1214	1131	4
1215	1132	4
1216	1133	4
1217	1134	4
1218	1135	4
1219	1136	4
1220	1137	4
1221	1138	4
1222	1139	4
1223	1140	4
1224	1141	4
1225	1142	4
1226	1143	4
1227	1144	4
1228	1145	4
1229	1146	4
1230	1147	4
1231	1148	4
1232	1149	4
1233	1150	4
1234	1151	4
1235	1152	4
1236	1153	4
1237	1154	4
1238	1155	4
1239	1156	4
1240	1157	4
1241	1158	4
1242	1159	4
1243	1160	4
1244	1161	4
1245	1162	4
1246	1163	4
1247	1164	4
1248	1165	4
1249	1166	4
1250	1167	4
1251	1168	4
1252	1169	4
1253	1170	4
1254	1171	4
1255	1172	4
1256	1173	4
1257	1174	4
1258	1175	4
1259	1176	4
1260	1177	4
1261	1178	4
1262	1179	4
1263	1180	4
1264	1181	4
1265	1182	4
1266	1183	4
1267	1184	4
1268	1185	4
1269	1186	4
1270	1187	4
1271	1188	4
1272	1189	4
1273	1190	4
1274	1191	4
1275	1192	4
1276	1193	4
1277	1194	4
1278	1195	4
1279	1196	4
1280	1197	4
1281	1198	4
1282	1199	4
1283	1200	4
1284	1201	4
1285	1202	4
1286	1203	4
1287	1204	4
1288	1205	4
1289	1206	4
1290	1207	4
1291	1208	4
1292	1209	4
1293	1210	4
1294	1211	4
1295	1212	4
1296	1213	4
1297	1214	4
1298	1215	4
1299	1216	4
1300	1217	4
1301	1218	4
1302	1219	4
1303	1220	4
1304	1221	4
1305	1222	4
1306	1223	4
1307	1224	4
1308	1225	4
1309	1226	4
1310	1227	4
1311	1228	4
1312	1229	4
1313	1230	4
1314	1231	4
1315	1232	4
1316	1233	4
1317	1234	4
1318	1235	4
1319	1236	4
1320	1237	4
1321	1238	4
1322	1239	4
1323	1240	4
1324	1241	4
1325	1242	4
1326	1243	4
1327	1244	4
1328	1245	4
1329	1246	4
1330	1247	4
1331	1248	4
1332	1249	4
1333	1250	4
1334	1251	4
1335	1252	4
1336	1253	4
1337	1254	4
1338	1255	4
1339	1256	4
1340	1257	4
1341	1258	4
1342	298	4
1343	1259	4
1344	1260	4
1345	1261	4
1346	1262	4
1347	1263	4
1348	1264	4
1349	1265	4
1350	1266	4
1351	1267	4
1352	1268	4
1353	1269	4
1354	1270	4
1355	1271	4
1356	1272	4
1357	1273	4
1358	1274	4
1359	1275	4
1360	1276	4
1361	1277	4
1362	1278	4
1363	1279	4
1364	1280	4
1365	1281	4
1366	1282	4
1367	1283	4
1368	1284	4
1369	1285	4
1370	1286	4
1371	1287	4
1372	1288	4
1373	1289	4
1374	1290	4
1375	1291	4
1376	1292	4
1377	1293	4
1378	1294	4
1379	1295	4
1380	1296	4
1381	1297	4
1382	1298	4
1383	1299	4
1384	1300	4
1385	1301	4
1386	1302	4
1387	1303	4
1388	1304	4
1389	1305	4
1390	1306	4
1391	1307	4
1392	1308	4
1393	1309	4
1394	1310	4
1395	1311	4
1396	1312	4
1397	1313	4
1398	1314	4
1399	1315	4
1400	1316	4
1401	1317	4
1402	1318	4
1403	1319	4
1404	1320	4
1405	1321	4
1406	1322	4
1407	1323	4
1408	1324	4
1409	1325	4
1410	1326	4
1411	1327	4
1412	1328	4
1413	1329	4
1414	1330	4
1415	1331	4
1416	1332	4
1417	1333	4
1418	1334	4
1419	1335	4
1420	1336	4
1421	1337	4
1422	1338	4
1423	1339	4
1424	1340	4
1425	1341	4
1426	1342	4
1427	1343	4
1428	1344	4
1429	1345	4
1430	1346	4
1431	1347	4
1432	1348	4
1433	1349	4
1434	1350	4
1435	1351	4
1436	1352	4
1437	1353	4
1438	1354	4
1439	1355	4
1440	1356	4
1441	1357	4
1442	1358	4
1443	1359	4
1444	1360	4
1445	1361	4
1446	1362	4
1447	1363	4
1448	1364	4
1449	1365	4
1450	1366	4
1451	1367	4
1452	1368	4
1453	1369	4
1454	1370	4
1455	1371	4
1456	1372	4
1457	1373	4
1458	1374	4
1459	1375	4
1460	1376	4
1461	1377	4
1462	1378	4
1463	1379	4
1464	1380	4
1465	1381	4
1466	1382	4
1467	1383	4
1468	1384	4
1469	1385	4
1470	1386	4
1471	1387	4
1472	1388	4
1473	1389	4
1474	1390	4
1475	1391	4
1476	1392	4
1477	1393	4
1478	1394	4
1479	1395	4
1480	1396	4
1481	1397	4
1482	1398	4
1483	1399	4
1484	1400	4
1485	1401	4
1486	1402	4
1487	1403	4
1488	1404	4
1489	1405	4
1490	1406	4
1491	1407	4
1492	1408	4
1493	1409	4
1494	1410	4
1495	1411	4
1496	1412	4
1497	1413	4
1498	1414	4
1499	1415	4
1500	1416	4
1501	1417	4
1502	1418	4
1503	1419	4
1504	1420	4
1505	1421	4
1506	1422	4
1507	1423	4
1508	1424	4
1509	1425	4
1510	1426	4
1511	1427	4
1512	1428	4
1513	1429	4
1514	1430	4
1515	1431	4
1516	1432	4
1517	1433	4
1518	1434	4
1519	1435	4
1520	1436	4
1521	1437	4
1522	1438	4
1523	1439	4
1524	1440	4
1525	1441	4
1526	1442	4
1527	1443	4
1528	1444	4
1529	1445	4
1530	1446	4
1531	1447	4
1532	1448	4
1533	1449	4
1534	1450	4
1535	1451	4
1536	1452	4
1537	1453	4
1538	1454	4
1539	1455	4
1540	1456	4
1541	1457	4
1542	1458	4
1543	1459	4
1544	1460	4
1545	1461	4
1546	1462	4
1547	1463	4
1548	1464	4
1549	1465	4
1550	1466	4
1551	1467	4
1552	1468	4
1553	1469	4
1554	1470	4
1555	1471	4
1556	1472	4
1557	1473	4
1558	1474	4
1559	1475	4
1560	1476	4
1561	1477	4
1562	1478	4
1563	1479	4
1564	1480	4
1565	1481	4
1566	1482	4
1567	1483	4
1568	1484	4
1569	1485	4
1570	1486	4
1571	1487	4
1572	1488	4
1573	1489	4
1574	1490	4
1575	1491	4
1576	1492	4
1577	1493	4
1578	1494	4
1579	1495	4
1580	1496	4
1581	1497	4
1582	1498	4
1583	1499	4
1584	1500	4
1585	1501	4
1586	1502	4
1587	1503	4
1588	1504	4
1589	1505	4
1590	1506	4
1591	1507	4
1592	1508	4
1593	1509	4
1594	1510	4
1595	1511	4
1596	1512	4
1597	1513	4
1598	1514	4
1599	1515	4
1600	1516	4
1601	1517	4
1602	1518	4
1603	1519	4
1604	1520	4
1605	1521	4
1606	1522	4
1607	1523	4
1608	1524	4
1609	1525	4
1610	1526	4
1611	1527	4
1612	1528	4
1613	1529	4
1614	1530	4
1615	1531	4
1616	1532	4
1617	1533	4
1618	1534	4
1619	1535	4
1620	1536	4
1621	1537	4
1622	1538	4
1623	1539	4
1624	1540	4
1625	1541	4
1626	1542	4
1627	1543	4
1628	1544	4
1629	1545	4
1630	1546	4
1631	1547	4
1632	1548	4
1633	1549	4
1634	1550	4
1635	1551	4
1636	1552	4
1637	1553	4
1638	1554	4
1639	1555	4
1640	1556	4
1641	1557	4
1642	1558	4
1643	1559	4
1644	1560	4
1645	1561	4
1646	1562	4
1647	1563	4
1648	1564	4
1649	1565	4
1650	1566	4
1651	1567	4
1652	1568	4
1653	1569	4
1654	1570	4
1655	1571	4
1656	1572	4
1657	1573	4
1658	1574	4
1659	1575	4
1660	1576	4
1661	1577	4
1662	1578	4
1663	1579	4
1664	1580	4
1665	1581	4
1666	1582	4
1667	1583	4
1668	1584	4
1669	1585	4
1670	1586	4
1671	1587	4
1672	1588	4
1673	1589	4
1674	1590	4
1675	1591	4
1676	1592	4
1677	1593	4
1678	1594	4
1679	1595	4
1680	1596	4
1681	1597	4
1682	1598	4
1683	1599	4
1684	1600	4
1685	1601	4
1686	1602	4
1687	1603	4
1688	1604	4
1689	1605	4
1690	1606	4
1691	1607	4
1692	1608	4
1693	1609	4
1694	1610	4
1695	1611	4
1696	1612	4
1697	1613	4
1698	1614	4
1699	1615	4
1700	1616	4
1701	1617	4
1702	1618	4
1703	1619	4
1704	1620	4
1705	1621	4
1706	1622	4
1707	1623	4
1708	1624	4
1709	1625	4
1710	1626	4
1711	1627	4
1712	1628	4
1713	1629	4
1714	1630	4
1715	1631	4
1716	1632	4
1717	1633	4
1718	1634	4
1719	1635	4
1720	1636	4
1721	1637	4
1722	1638	4
1723	1639	4
1724	1640	4
1725	1641	4
1726	1642	4
1727	1643	4
1728	1644	4
1729	1645	4
1730	1646	4
1731	1647	4
1732	1648	4
1733	1649	4
1734	1650	4
1735	1651	4
1736	1652	4
1737	1653	4
1738	1654	4
1739	1655	4
1740	1656	4
1741	1657	4
1742	1658	4
1743	1659	4
1744	1660	4
1745	1661	4
1746	1662	4
1747	1663	4
1748	1664	4
1749	1665	4
1750	1666	4
1751	1667	4
1752	1668	4
1753	1669	4
1754	1670	4
1755	1671	4
1756	1672	4
1757	1673	4
1758	1674	4
1759	1675	4
1760	1676	4
1761	1677	4
1762	1678	4
1763	1679	4
1764	1680	4
1765	1681	4
1766	1682	4
1767	1683	4
1768	1684	4
1769	1685	4
1770	1686	4
1771	1687	4
1772	1688	4
1773	1689	4
1774	1690	4
1775	1691	4
1776	1692	4
1777	1693	4
1778	1694	4
1779	1695	4
1780	1696	4
1781	1697	4
1782	1698	4
1783	1699	4
1784	1700	4
1785	1701	4
1786	1702	4
1787	1703	4
1788	1704	4
1789	1705	4
1790	1706	4
1791	1707	4
1792	1708	4
1793	1709	4
1794	1710	4
1795	1711	4
1796	1712	4
1797	1713	4
1798	1714	4
1799	1715	4
1800	1716	4
1801	1717	4
1802	1718	4
1803	1719	4
1804	1720	4
1805	1721	4
1806	1722	4
1807	1723	4
1808	1724	4
1809	1725	4
1810	315	4
1811	316	4
1812	317	4
1813	318	4
1814	319	4
1815	320	4
1816	1726	4
1817	321	4
1818	322	4
1819	1727	4
1820	323	4
1821	1728	4
1822	1729	4
1823	1730	4
1824	1731	4
1825	1732	4
1826	1733	4
1827	1734	4
1828	1735	4
1829	1736	4
1830	1737	4
1831	1738	4
1832	1739	4
1833	1740	4
1834	1741	4
1835	1742	4
1836	1743	4
1837	1744	4
1838	1745	4
1839	1746	4
1840	1747	4
1841	1748	4
1842	1749	4
1843	1750	4
1844	1751	4
1845	1752	4
1846	1753	4
1847	1754	4
1848	1755	4
1849	1756	4
1850	1757	4
1851	1758	4
1852	1759	4
1853	1760	4
1854	1761	4
1855	1762	4
1856	1763	4
1857	1764	4
1858	1765	4
1859	1766	4
1860	1767	4
1861	1768	4
1862	1769	4
1863	1770	4
1864	1771	4
1865	1772	4
1866	1773	4
1867	1774	4
1868	1775	4
1869	1776	4
1870	1777	4
1871	1778	4
1872	1779	4
1873	1780	4
1874	1781	4
1875	1782	4
1876	1783	4
1877	1784	4
1878	1785	4
1879	1786	4
1880	1787	4
1881	1788	4
1882	1789	4
1883	1790	4
1884	1791	4
1885	1792	4
1886	1793	4
1887	1794	4
1888	1795	4
1889	1796	4
1890	1797	4
1891	1798	4
1892	1799	4
1893	1800	4
1894	1801	4
1895	1802	4
1896	1803	4
1897	1804	4
1898	1805	4
1899	1806	4
1900	1807	4
1901	1808	4
1902	1809	4
1903	1810	4
1904	1811	4
1905	1812	4
1906	1813	4
1907	1814	4
1908	1815	4
1909	1816	4
1910	1817	4
1911	1818	4
1912	1819	4
1913	1820	4
1914	1821	4
1915	1822	4
1916	1823	4
1917	1824	4
1918	1825	4
1919	1826	4
1920	1827	4
1921	1828	4
1922	1829	4
1923	1830	4
1924	1831	4
1925	1832	4
1926	1833	4
1927	1834	4
1928	1835	4
1929	1836	4
1930	1837	4
1931	1838	4
1932	1839	4
1933	1840	4
1934	1841	4
1935	1842	4
1936	1843	4
1937	1844	4
1938	1845	4
1939	1846	4
1940	1847	4
1941	1848	4
1942	1849	4
1943	1850	4
1944	1851	4
1945	1852	4
1946	1853	4
1947	1854	4
1948	1855	4
1949	1856	4
1950	1857	4
1951	1858	4
1952	1859	4
1953	1860	4
1954	1861	4
1955	1862	4
1956	1863	4
1957	1864	4
1958	1865	4
1959	1866	4
1960	1867	4
1961	1868	4
1962	1869	4
1963	1870	4
1964	1871	4
1965	1872	4
1966	1873	4
1967	1874	4
1968	1875	4
1969	1876	4
1970	1877	4
1971	1878	4
1972	1879	4
1973	1880	4
1974	1881	4
1975	1882	4
1976	1883	4
1977	1884	4
1978	1885	4
1979	1886	4
1980	1887	4
1981	1888	4
1982	1889	4
1983	1890	4
1984	1891	4
1985	1892	4
1986	1893	4
1987	1894	4
1988	1895	4
1989	1896	4
1990	1897	4
1991	1898	4
1992	1899	4
1993	1900	4
1994	1901	4
1995	1902	4
1996	1903	4
1997	1904	4
1998	1905	4
1999	1906	4
2000	1907	4
2001	1908	4
2002	1909	4
2003	1910	4
2004	1911	4
2005	1912	4
2006	1913	4
2007	1914	4
2008	1915	4
2009	1916	4
2010	1917	4
2011	1918	4
2012	1919	4
2013	1920	4
2014	1921	4
2015	1922	4
2016	1923	4
2017	1924	4
2018	1925	4
2019	1926	4
2020	1927	4
2021	1928	4
2022	1929	4
2023	1930	4
2024	1931	4
2025	1932	4
2026	1933	4
2027	1934	4
2028	1935	4
2029	1936	4
2030	1937	4
2031	1938	4
2032	1939	4
2033	1940	4
2034	1941	4
2035	1942	4
2036	1943	4
2037	324	4
2038	327	4
2039	1944	4
2040	328	4
2041	329	4
2042	331	4
2043	1945	4
2044	1946	4
2045	1947	4
2046	1948	4
2047	1949	4
2048	1950	4
2049	1951	4
2050	1952	4
2051	1953	4
2052	1954	4
2053	1955	4
2054	1956	4
2055	1957	4
2056	1958	4
2057	1959	4
2058	1960	4
2059	1961	4
2060	1962	4
2061	1963	4
2062	1964	4
2063	1965	4
2064	1966	4
2065	1967	4
2066	1968	4
2067	1969	4
2068	1970	4
2069	1971	4
2070	1972	4
2071	1973	4
2072	1974	4
2073	1975	4
2074	1976	4
2075	1977	4
2076	1978	4
2077	1979	4
2078	1980	4
2079	1981	4
2080	1982	4
2081	1983	4
2082	1984	4
2083	1985	4
2084	1986	4
2085	1987	4
2086	1988	4
2087	1989	4
2088	1990	4
2089	1991	4
2090	1992	4
2091	1993	4
2092	1994	4
2093	1995	4
2094	1996	4
2095	1997	4
2096	1998	4
2097	1999	4
2098	2000	4
2099	2001	4
2100	2002	4
2101	2003	4
2102	2004	4
2103	2005	4
2104	2006	4
2105	2007	4
2106	2008	4
2107	2009	4
2108	2010	4
2109	2011	4
2110	2012	4
2111	2013	4
2112	2014	4
2113	2015	4
2114	2016	4
2115	2017	4
2116	2018	4
2117	2019	4
2118	2020	4
2119	2021	4
2120	2022	4
2121	2023	4
2122	2024	4
2123	2025	4
2124	2026	4
2125	2027	4
2126	2028	4
2127	2029	4
2128	2030	4
2129	2031	4
2130	2032	4
2131	336	4
2132	337	4
2133	338	4
2134	339	4
2135	340	4
2136	341	4
2137	342	4
2138	343	4
2139	344	4
2140	345	4
2141	346	4
2142	347	4
2143	348	4
2144	349	4
2145	350	4
2146	351	4
2147	352	4
2148	353	4
2149	354	4
2150	355	4
2151	356	4
2152	357	4
2153	358	4
2154	359	4
2155	360	4
2156	361	4
2157	362	4
2158	363	4
2159	364	4
2160	365	4
2161	366	4
2162	367	4
2163	368	4
2164	369	4
2165	370	4
2166	371	4
2167	372	4
2168	373	4
2169	374	4
2170	375	4
2171	376	4
2172	377	4
2173	378	4
2174	379	4
2175	380	4
2176	381	4
2177	382	4
2178	383	4
2179	384	4
2180	385	4
2181	386	4
2182	387	4
2183	388	4
2184	389	4
2185	390	4
2186	391	4
2187	392	4
2188	393	4
2189	394	4
2190	395	4
2191	396	4
2192	397	4
2193	398	4
2194	399	4
2195	400	4
2196	401	4
2197	402	4
2198	403	4
2199	404	4
2200	405	4
2201	406	4
2202	407	4
2203	408	4
2204	409	4
2205	410	4
2206	411	4
2207	412	4
2208	413	4
2209	414	4
2210	415	4
2211	416	4
2212	417	4
2213	418	4
2214	419	4
2215	420	4
2216	421	4
2217	422	4
2218	423	4
2219	424	4
2220	475	4
2221	476	4
2222	477	4
2223	478	4
2224	479	4
2225	480	4
2226	481	4
2227	482	4
2228	483	4
2229	484	4
2230	489	4
2231	490	4
2232	491	4
2233	492	4
2234	493	4
2235	501	4
2236	503	4
2237	504	4
2238	505	4
2239	506	4
2240	507	4
2241	508	4
2242	509	4
2243	548	4
2244	549	4
2245	550	4
2246	551	4
2247	552	4
2248	553	4
2249	554	4
2250	555	4
2251	556	4
2252	557	4
2253	558	4
2254	559	4
2255	565	4
2256	566	4
2257	567	4
2258	568	4
2259	569	4
2260	570	4
2261	571	4
2262	572	4
2263	573	4
2264	575	4
2265	608	4
2266	609	4
2267	610	4
2268	611	4
2269	612	4
2270	613	4
2271	616	4
2272	2033	5
2273	2034	5
2274	3	5
2275	2035	5
2276	4	5
2277	5	5
2278	6	5
2279	7	5
2280	2036	5
2281	2037	5
2282	2038	5
2283	2039	5
2284	2040	5
2285	2041	5
2286	2042	5
2287	2043	5
2288	2044	5
2289	2045	5
2290	2046	5
2291	2047	5
2292	2048	5
2293	2049	5
2294	2050	5
2295	2051	5
2296	2052	5
2297	2053	5
2298	2054	5
2299	2055	5
2300	2056	5
2301	2057	5
2302	2058	5
2303	2059	5
2304	2060	5
2305	2061	5
2306	2062	5
2307	2063	5
2308	2064	5
2309	2065	5
2310	2066	5
2311	2067	5
2312	2068	5
2313	2069	5
2314	2070	5
2315	2071	5
2316	2072	5
2317	2073	5
2318	2074	5
2319	2075	5
2320	2076	5
2321	2077	5
2322	2078	5
2323	2079	5
2324	2080	5
2325	2081	5
2326	2082	5
2327	2083	5
2328	2084	5
2329	2085	5
2330	2086	5
2331	2087	5
2332	2088	5
2333	2089	5
2334	2090	5
2335	2091	5
2336	2092	5
2337	2093	5
2338	2094	5
2339	2095	5
2340	2096	5
2341	2097	5
2342	2098	5
2343	2099	5
2344	2100	5
2345	2101	5
2346	2102	5
2347	2103	5
2348	2104	5
2349	2105	5
2350	2106	5
2351	2107	5
2352	2108	5
2353	2109	5
2354	2110	5
2355	2111	5
2356	2112	5
2357	2113	5
2358	2114	5
2359	2115	5
2360	2116	5
2361	2117	5
2362	2118	5
2363	2119	5
2364	2120	5
2365	2121	5
2366	2122	5
2367	2123	5
2368	2124	5
2369	2125	5
2370	2126	5
2371	2127	5
2372	2128	5
2373	2129	5
2374	2130	5
2375	2131	5
2376	2132	5
2377	2133	5
2378	2134	5
2379	2135	5
2380	2136	5
2381	2137	5
2382	2138	5
2383	2139	5
2384	2140	5
2385	2141	5
2386	2142	5
2387	2143	5
2388	2144	5
2389	2145	5
2390	2146	5
2391	2147	5
2392	2148	5
2393	2149	5
2394	2150	5
2395	2151	5
2396	2152	5
2397	2153	5
2398	2154	5
2399	2155	5
2400	2156	5
2401	2157	5
2402	2158	5
2403	2159	5
2404	2160	5
2405	2161	5
2406	2162	5
2407	2163	5
2408	2164	5
2409	2165	5
2410	2166	5
2411	2167	5
2412	2168	5
2413	2169	5
2414	2170	5
2415	2171	5
2416	2172	5
2417	2173	5
2418	8	5
2419	9	5
2420	10	5
2421	2174	5
2422	12	5
2423	619	5
2424	244	5
2425	245	5
2426	246	5
2427	2175	5
2428	2176	5
2429	285	5
2430	288	5
2431	2177	5
2432	2178	5
2433	2179	5
2434	2180	5
2435	2181	5
2436	2182	5
2437	2183	5
2438	2184	5
2439	2185	5
2440	2186	5
2441	2187	5
2442	2188	5
2443	2189	5
2444	2190	5
2445	2191	5
2446	2192	5
2447	2193	5
2448	2194	5
2449	2195	5
2450	2196	5
2451	2197	5
2452	2198	5
2453	2199	5
2454	2200	5
2455	2201	5
2456	2202	5
2457	2203	5
2458	2204	5
2459	2205	5
2460	2206	5
2461	2207	5
2462	2208	5
2463	2209	5
2464	2210	5
2465	2211	5
2466	2212	5
2467	2213	5
2468	2214	5
2469	2215	5
2470	2216	5
2471	2217	5
2472	2218	5
2473	2219	5
2474	2220	5
2475	2221	5
2476	2222	5
2477	2223	5
2478	289	5
2479	2224	5
2480	290	5
2481	2225	5
2482	291	5
2483	2226	5
2484	292	5
2485	2227	5
2486	293	5
2487	294	5
2488	295	5
2489	989	5
2490	2228	5
2491	296	5
2492	297	5
2493	298	5
2494	2229	5
2495	299	5
2496	300	5
2497	301	5
2498	302	5
2499	303	5
2500	304	5
2501	306	5
2502	307	5
2503	652	5
2504	308	5
2505	309	5
2506	310	5
2507	2230	5
2508	312	5
2509	313	5
2510	314	5
2511	315	5
2512	316	5
2513	317	5
2514	318	5
2515	319	5
2516	320	5
2517	321	5
2518	322	5
2519	323	5
2520	2231	5
2521	324	5
2522	2232	5
2523	326	5
2524	327	5
2525	2233	5
2526	328	5
2527	329	5
2528	2234	5
2529	2235	5
2530	2236	5
2531	2237	5
2532	2238	5
2533	2239	5
2534	2240	5
2535	2241	5
2536	2242	5
2537	2243	5
2538	2244	5
2539	2245	5
2540	2246	5
2541	2247	5
2542	2248	5
2543	2249	5
2544	2250	5
2545	2251	5
2546	2252	5
2547	2253	5
2548	2254	5
2549	2255	5
2550	2256	5
2551	2257	5
2552	2258	5
2553	2259	5
2554	2260	5
2555	2261	5
2556	2262	5
2557	2263	5
2558	2264	5
2559	2265	5
2560	2266	5
2561	2267	5
2562	2268	5
2563	2269	5
2564	2270	5
2565	2271	5
2566	2272	5
2567	2273	5
2568	2274	5
2569	2275	5
2570	2276	5
2571	2277	5
2572	2278	5
2573	2279	5
2574	2280	5
2575	2281	5
2576	2282	5
2577	2283	5
2578	2284	5
2579	2285	5
2580	2286	5
2581	2287	5
2582	2288	5
2583	2289	5
2584	2290	5
2585	2291	5
2586	2292	5
2587	2293	5
2588	2294	5
2589	2295	5
2590	2296	5
2591	2297	5
2592	2298	5
2593	2299	5
2594	2300	5
2595	2301	5
2596	2302	5
2597	2303	5
2598	2304	5
2599	2305	5
2600	2306	5
2601	2307	5
2602	2308	5
2603	2309	5
2604	2310	5
2605	2311	5
2606	2312	5
2607	2313	5
2608	2314	5
2609	2315	5
2610	2316	5
2611	2317	5
2612	2318	5
2613	2319	5
2614	2320	5
2615	2321	5
2616	2322	5
2617	2323	5
2618	2324	5
2619	2325	5
2620	2326	5
2621	2327	5
2622	2328	5
2623	2329	5
2624	2330	5
2625	2331	5
2626	2332	5
2627	2333	5
2628	2334	5
2629	2335	5
2630	2336	5
2631	2337	5
2632	2338	5
2633	2339	5
2634	2340	5
2635	2341	5
2636	2342	5
2637	2343	5
2638	2344	5
2639	2345	5
2640	2346	5
2641	2347	5
2642	2348	5
2643	2349	5
2644	2350	5
2645	2351	5
2646	2352	5
2647	2353	5
2648	2354	5
2649	2355	5
2650	2356	5
2651	2357	5
2652	2358	5
2653	2359	5
2654	2360	5
2655	2361	5
2656	2362	5
2657	2363	5
2658	2364	5
2659	2365	5
2660	2366	5
2661	2367	5
2662	2368	5
2663	2369	5
2664	2370	5
2665	2371	5
2666	2372	5
2667	2373	5
2668	2374	5
2669	2375	5
2670	2376	5
2671	2377	5
2672	2378	5
2673	2379	5
2674	2380	5
2675	2381	5
2676	2382	5
2677	2383	5
2678	2384	5
2679	2385	5
2680	2386	5
2681	2387	5
2682	2388	5
2683	2389	5
2684	2390	5
2685	2391	5
2686	2392	5
2687	2393	5
2688	2394	5
2689	2395	5
2690	2396	5
2691	2397	5
2692	2398	5
2693	2399	5
2694	2400	5
2695	2401	5
2696	2402	5
2697	2403	5
2698	2404	5
2699	2405	5
2700	2406	5
2701	2407	5
2702	2408	5
2703	2409	5
2704	2410	5
2705	2411	5
2706	2412	5
2707	2413	5
2708	2414	5
2709	2415	5
2710	2416	5
2711	2417	5
2712	2418	5
2713	2419	5
2714	2420	5
2715	2421	5
2716	2422	5
2717	2423	5
2718	2424	5
2719	2425	5
2720	2426	5
2721	2427	5
2722	2428	5
2723	2429	5
2724	2430	5
2725	2431	5
2726	2432	5
2727	2433	5
2728	2434	5
2729	2435	5
2730	2436	5
2731	2437	5
2732	2438	5
2733	2439	5
2734	2440	5
2735	2441	5
2736	2442	5
2737	2443	5
2738	2444	5
2739	2445	5
2740	2446	5
2741	2447	5
2742	2448	5
2743	336	5
2744	2449	5
2745	608	5
2746	609	5
2747	2450	5
2748	610	5
2749	2451	5
2750	611	5
2751	612	5
2752	613	5
2753	614	5
2754	2452	5
2755	2453	5
2756	2454	5
2757	2455	5
2758	2456	5
2759	2457	5
2760	2458	6
2761	624	6
2762	2	6
2763	2459	6
2764	5	6
2765	628	6
2766	630	6
2767	631	6
2768	2460	6
2769	2461	6
2770	633	6
2771	634	6
2772	2462	6
2773	2463	6
2774	12	6
2775	2464	6
2776	636	6
2777	637	6
2778	2465	6
2779	288	6
2780	641	6
2781	642	6
2782	2466	6
2783	2467	6
2784	2468	6
2785	2469	6
2786	2470	6
2787	2471	6
2788	645	6
2789	2472	6
2790	647	6
2791	296	6
2792	649	6
2793	652	6
2794	309	6
2795	315	6
2796	653	6
2797	654	6
2798	2473	6
2799	2474	6
2800	2475	6
2801	655	6
2802	2476	6
2803	656	6
2804	2477	6
2805	2478	6
2806	2479	6
2807	2480	6
2808	2481	6
2809	2482	6
2810	2483	6
2811	2484	6
2812	2485	6
2813	2486	6
2814	2487	6
2815	2488	6
2816	2489	6
2817	2490	6
2818	2491	6
2819	2492	6
2820	2493	6
2821	2494	6
2822	2495	6
2823	2496	6
2824	2497	6
2825	2498	6
2826	2499	6
2827	2500	6
2828	2501	6
2829	2502	6
2830	2503	6
2831	2504	6
2832	2505	6
2833	2506	6
2834	2507	6
2835	2508	6
2836	2509	6
2837	2510	6
2838	2511	6
2839	2512	6
2840	2513	6
2841	2514	6
2842	2515	6
2843	2516	6
2844	2517	6
2845	2518	6
2846	2519	6
2847	2520	6
2848	2521	6
2849	2522	6
2850	2523	6
2851	2524	6
2852	2525	6
2853	2526	6
2854	2527	6
2855	1945	6
2856	1946	6
2857	1947	6
2858	1948	6
2859	1949	6
2860	1950	6
2861	1951	6
2862	1952	6
2863	1953	6
2864	1954	6
2865	1955	6
2866	1956	6
2867	1957	6
2868	1958	6
2869	1959	6
2870	1960	6
2871	1961	6
2872	1962	6
2873	1963	6
2874	1964	6
2875	1965	6
2876	1966	6
2877	1967	6
2878	1968	6
2879	1969	6
2880	1970	6
2881	1971	6
2882	1972	6
2883	1973	6
2884	1974	6
2885	1975	6
2886	1976	6
2887	1977	6
2888	1978	6
2889	1979	6
2890	1980	6
2891	1981	6
2892	1982	6
2893	1983	6
2894	1984	6
2895	1985	6
2896	1986	6
2897	1987	6
2898	1988	6
2899	1989	6
2900	1990	6
2901	1991	6
2902	1992	6
2903	1993	6
2904	1994	6
2905	1995	6
2906	1996	6
2907	1997	6
2908	1998	6
2909	1999	6
2910	2000	6
2911	2001	6
2912	2002	6
2913	2003	6
2914	2004	6
2915	2005	6
2916	2006	6
2917	2007	6
2918	2008	6
2919	2009	6
2920	2010	6
2921	2011	6
2922	2012	6
2923	2013	6
2924	2014	6
2925	2015	6
2926	2016	6
2927	2017	6
2928	2018	6
2929	2019	6
2930	2020	6
2931	2021	6
2932	2022	6
2933	2023	6
2934	2024	6
2935	2025	6
2936	2026	6
2937	2027	6
2938	2028	6
2939	2029	6
2940	2528	6
2941	2529	6
2942	2030	6
2943	2031	6
2944	2032	6
2945	2530	6
2946	2531	6
2947	2532	6
2948	2533	6
2949	2534	6
2950	2535	6
2951	2536	6
2952	2537	6
2953	2538	6
2954	2539	6
2955	2540	6
2956	2541	6
2957	2542	6
2958	2543	6
2959	2544	6
2960	2545	6
2961	2546	6
2962	2547	6
2963	2548	6
2964	2549	6
2965	2550	6
2966	2551	6
2967	2552	6
2968	2553	6
2969	2554	6
2970	2555	6
2971	2556	6
2972	2557	6
2973	2558	6
2974	2559	6
2975	2560	6
2976	2561	6
2977	2562	6
2978	2563	6
2979	2564	6
2980	2565	6
2981	2566	6
2982	2567	6
2983	2568	6
2984	2569	6
2985	2570	6
2986	2571	6
2987	2572	6
2988	2573	6
2989	2574	6
2990	2575	6
2991	2576	6
2992	2577	6
2993	2578	6
2994	2579	6
2995	2580	6
2996	2581	6
2997	2582	6
2998	2583	6
2999	2584	6
3000	2585	6
3001	2586	6
3002	2587	6
3003	2588	6
3004	2589	6
3005	2590	6
3006	2591	6
3007	2592	6
3008	2593	6
3009	2594	6
3010	2595	6
3011	2596	6
3012	2597	6
3013	2598	6
3014	2599	6
3015	2600	6
3016	2601	6
3017	2602	6
3018	2603	6
3019	2604	6
3020	2605	6
3021	2606	6
3022	2607	6
3023	2608	6
3024	2609	6
3025	2610	6
3026	2611	6
3027	2612	6
3028	2613	6
3029	2614	6
3030	2615	6
3031	2616	6
3032	2617	6
3033	2618	6
3034	2619	6
3035	2620	6
3036	2621	6
3037	2622	6
3038	2623	6
3039	2624	6
3040	2625	6
3041	2626	6
3042	2627	6
3043	2628	6
3044	2629	6
3045	2630	6
3046	2631	6
3047	2632	6
3048	2633	6
3049	2634	6
3050	2635	6
3051	2636	6
3052	2637	6
3053	2638	6
3054	2639	6
3055	2640	6
3056	2641	6
3057	2642	6
3058	2643	6
3059	2644	6
3060	2645	6
3061	2646	6
3062	2647	6
3063	2648	6
3064	2649	6
3065	2650	6
3066	2651	6
3067	2652	6
3068	2653	6
3069	2654	6
3070	2655	6
3071	2656	6
3072	2657	6
3073	2658	6
3074	2659	6
3075	2660	6
3076	2661	6
3077	2662	6
3078	2663	6
3079	2664	6
3080	2665	6
3081	2666	6
3082	2667	6
3083	2668	6
3084	2669	6
3085	2670	6
3086	2671	6
3087	2672	6
3088	2673	6
3089	2674	6
3090	2675	6
3091	2676	6
3092	2677	6
3093	337	6
3094	338	6
3095	339	6
3096	340	6
3097	341	6
3098	342	6
3099	343	6
3100	344	6
3101	345	6
3102	346	6
3103	659	6
3104	607	6
3105	2678	6
3106	2679	6
3107	2680	6
3108	2681	6
3109	2682	6
3110	2683	6
3111	2684	6
3112	2685	6
3113	2686	6
3114	2687	6
3115	2688	6
3116	2689	6
3117	2690	6
3118	2691	6
3119	2692	6
3120	2693	6
3121	2694	6
3122	2695	6
3123	2696	6
3124	2697	6
3125	2698	6
3126	2699	6
3127	2700	6
3128	2701	6
3129	2702	6
3130	2703	6
3131	2704	6
3132	2705	6
3133	2706	6
3134	2707	6
3135	2708	6
3136	2709	6
3137	2710	6
3138	2711	6
3139	2712	6
3140	2713	6
3141	2714	6
3142	2715	6
3143	2716	6
3144	2717	6
3145	2718	6
3146	2719	6
3147	2720	6
3148	2721	6
3149	2722	6
3150	2723	6
3151	2724	6
3152	2725	6
3153	2726	6
3154	2727	6
3155	2728	6
3156	2729	6
3157	2730	6
3158	2731	6
3159	2732	6
3160	2733	6
3161	2734	6
3162	2735	6
3163	2736	6
3164	2737	6
3165	2738	6
3166	2739	6
3167	2740	6
3168	2741	6
3169	2742	6
3170	2743	6
3171	2744	6
3172	2745	6
3173	2746	6
3174	2747	6
3175	2748	6
3176	2749	6
3177	2750	6
3178	2751	6
3179	2752	6
3180	2753	6
3181	2754	6
3182	2755	6
3183	2756	6
3184	2757	6
3185	2758	6
3186	2759	6
3187	2760	6
3188	2761	6
3189	2762	6
3190	2763	6
3191	2764	6
3192	2765	6
3193	2766	6
3194	2767	6
3195	2768	6
3196	2769	6
3197	2770	6
3198	2771	6
3199	2772	6
3200	2773	6
3201	2774	6
3202	2775	6
3203	2776	6
3204	2777	6
3205	2778	6
3206	2779	6
3207	2780	6
3208	2781	6
3209	2782	6
3210	2783	6
3211	2784	6
3212	2785	6
3213	2786	6
3214	2787	6
3215	2788	6
3216	2789	6
3217	2790	6
3218	2791	6
3219	2792	6
3220	2793	6
3221	2794	6
3222	2795	6
3223	2796	6
3224	2797	6
3225	2798	6
3226	2799	6
3227	2800	6
3228	2801	6
3229	2802	6
3230	2803	6
3231	2804	6
3232	2805	6
3233	2806	6
3234	2807	6
3235	2808	6
3236	2809	6
3237	2810	6
3238	2811	6
3239	2812	6
3240	2813	6
3241	2814	6
3242	2815	6
3243	2816	6
3244	2817	6
3245	2818	6
3246	2819	6
3247	2820	6
3248	2821	6
3249	2822	6
3250	2823	6
3251	2824	6
3252	2825	6
3253	2826	6
3254	2827	6
3255	2828	6
3256	2829	6
3257	2830	6
3258	2831	6
3259	2832	6
3260	2833	6
3261	2834	6
3262	2835	6
3263	2836	6
3264	2837	6
3265	2838	6
3266	2839	6
3267	2840	6
3268	2841	6
3269	2842	6
3270	2843	6
3271	2844	6
3272	2845	6
3273	2846	6
3274	2847	6
3275	2848	6
3276	2849	6
3277	2850	6
3278	2851	6
3279	663	6
3280	664	6
3281	665	6
3282	2852	6
3283	667	6
3284	2853	6
3285	2854	6
3286	2855	7
3287	2856	7
3288	2857	7
3289	2858	7
3290	2859	7
3291	2860	7
3292	2861	7
3293	2862	7
3294	2863	7
3295	2864	7
3296	2865	7
3297	2866	7
3298	2867	7
3299	2868	7
3300	2869	7
3301	2870	7
3302	2871	7
3303	2872	7
3304	2873	7
3305	2874	7
3306	2875	7
3307	2876	7
3308	2	7
3309	709	7
3310	710	7
3311	5	7
3312	2877	7
3313	711	7
3314	712	7
3315	2878	7
3316	2879	7
3317	2880	7
3318	2881	7
3319	2882	7
3320	2883	7
3321	2884	7
3322	2885	7
3323	2886	7
3324	2887	7
3325	2888	7
3326	2889	7
3327	2890	7
3328	2891	7
3329	2892	7
3330	2893	7
3331	2894	7
3332	2895	7
3333	2896	7
3334	2897	7
3335	2898	7
3336	2899	7
3337	2900	7
3338	2901	7
3339	2902	7
3340	2903	7
3341	2904	7
3342	2905	7
3343	2906	7
3344	2907	7
3345	2908	7
3346	2909	7
3347	2910	7
3348	2911	7
3349	2912	7
3350	2913	7
3351	2914	7
3352	2915	7
3353	2916	7
3354	2917	7
3355	2918	7
3356	2919	7
3357	2920	7
3358	2921	7
3359	2922	7
3360	2923	7
3361	2924	7
3362	2925	7
3363	2926	7
3364	2927	7
3365	2928	7
3366	2929	7
3367	2930	7
3368	2931	7
3369	2932	7
3370	2933	7
3371	2934	7
3372	2935	7
3373	2936	7
3374	2937	7
3375	2938	7
3376	2939	7
3377	2940	7
3378	2941	7
3379	2942	7
3380	2943	7
3381	2944	7
3382	2945	7
3383	2946	7
3384	2947	7
3385	2948	7
3386	2949	7
3387	2950	7
3388	2951	7
3389	2952	7
3390	2953	7
3391	2954	7
3392	2955	7
3393	2956	7
3394	2957	7
3395	2958	7
3396	2959	7
3397	2960	7
3398	2961	7
3399	2962	7
3400	2963	7
3401	2964	7
3402	2965	7
3403	2966	7
3404	2967	7
3405	2968	7
3406	2969	7
3407	2970	7
3408	2971	7
3409	2972	7
3410	2973	7
3411	2974	7
3412	2975	7
3413	2976	7
3414	2977	7
3415	2978	7
3416	2979	7
3417	2980	7
3418	2981	7
3419	2982	7
3420	2983	7
3421	2984	7
3422	2985	7
3423	2986	7
3424	2987	7
3425	2988	7
3426	2989	7
3427	2990	7
3428	2991	7
3429	2992	7
3430	2993	7
3431	2994	7
3432	2995	7
3433	2996	7
3434	2997	7
3435	2998	7
3436	2999	7
3437	3000	7
3438	3001	7
3439	3002	7
3440	3003	7
3441	3004	7
3442	3005	7
3443	3006	7
3444	3007	7
3445	3008	7
3446	3009	7
3447	3010	7
3448	3011	7
3449	3012	7
3450	3013	7
3451	3014	7
3452	3015	7
3453	3016	7
3454	3017	7
3455	3018	7
3456	3019	7
3457	3020	7
3458	3021	7
3459	3022	7
3460	3023	7
3461	3024	7
3462	3025	7
3463	3026	7
3464	3027	7
3465	3028	7
3466	3029	7
3467	3030	7
3468	3031	7
3469	3032	7
3470	3033	7
3471	3034	7
3472	3035	7
3473	3036	7
3474	3037	7
3475	3038	7
3476	3039	7
3477	3040	7
3478	3041	7
3479	3042	7
3480	3043	7
3481	3044	7
3482	3045	7
3483	3046	7
3484	3047	7
3485	3048	7
3486	3049	7
3487	3050	7
3488	3051	7
3489	3052	7
3490	3053	7
3491	3054	7
3492	3055	7
3493	3056	7
3494	3057	7
3495	3058	7
3496	3059	7
3497	3060	7
3498	3061	7
3499	3062	7
3500	3063	7
3501	3064	7
3502	3065	7
3503	3066	7
3504	3067	7
3505	3068	7
3506	3069	7
3507	3070	7
3508	3071	7
3509	3072	7
3510	3073	7
3511	3074	7
3512	3075	7
3513	3076	7
3514	3077	7
3515	3078	7
3516	3079	7
3517	3080	7
3518	3081	7
3519	3082	7
3520	3083	7
3521	3084	7
3522	3085	7
3523	3086	7
3524	3087	7
3525	3088	7
3526	3089	7
3527	3090	7
3528	3091	7
3529	3092	7
3530	3093	7
3531	3094	7
3532	3095	7
3533	3096	7
3534	3097	7
3535	3098	7
3536	3099	7
3537	3100	7
3538	3101	7
3539	3102	7
3540	3103	7
3541	3104	7
3542	3105	7
3543	3106	7
3544	3107	7
3545	3108	7
3546	3109	7
3547	3110	7
3548	3111	7
3549	3112	7
3550	3113	7
3551	3114	7
3552	3115	7
3553	3116	7
3554	3117	7
3555	3118	7
3556	3119	7
3557	3120	7
3558	3121	7
3559	3122	7
3560	3123	7
3561	3124	7
3562	3125	7
3563	3126	7
3564	3127	7
3565	3128	7
3566	3129	7
3567	3130	7
3568	3131	7
3569	3132	7
3570	3133	7
3571	3134	7
3572	3135	7
3573	3136	7
3574	3137	7
3575	3138	7
3576	3139	7
3577	3140	7
3578	3141	7
3579	3142	7
3580	3143	7
3581	3144	7
3582	3145	7
3583	754	7
3584	12	7
3585	3146	7
3586	245	7
3587	755	7
3588	756	7
3589	757	7
3590	288	7
3591	758	7
3592	291	7
3593	988	7
3594	989	7
3595	990	7
3596	991	7
3597	3147	7
3598	3148	7
3599	3149	7
3600	3150	7
3601	3151	7
3602	3152	7
3603	3153	7
3604	3154	7
3605	3155	7
3606	3156	7
3607	3157	7
3608	3158	7
3609	3159	7
3610	3160	7
3611	3161	7
3612	3162	7
3613	3163	7
3614	3164	7
3615	3165	7
3616	3166	7
3617	3167	7
3618	3168	7
3619	3169	7
3620	3170	7
3621	3171	7
3622	3172	7
3623	3173	7
3624	3174	7
3625	3175	7
3626	3176	7
3627	3177	7
3628	3178	7
3629	3179	7
3630	3180	7
3631	3181	7
3632	3182	7
3633	3183	7
3634	3184	7
3635	3185	7
3636	3186	7
3637	3187	7
3638	3188	7
3639	3189	7
3640	3190	7
3641	3191	7
3642	3192	7
3643	3193	7
3644	3194	7
3645	3195	7
3646	3196	7
3647	3197	7
3648	3198	7
3649	3199	7
3650	3200	7
3651	3201	7
3652	3202	7
3653	3203	7
3654	3204	7
3655	3205	7
3656	3206	7
3657	3207	7
3658	3208	7
3659	3209	7
3660	3210	7
3661	3211	7
3662	3212	7
3663	3213	7
3664	3214	7
3665	3215	7
3666	3216	7
3667	3217	7
3668	3218	7
3669	3219	7
3670	3220	7
3671	3221	7
3672	3222	7
3673	3223	7
3674	3224	7
3675	3225	7
3676	3226	7
3677	3227	7
3678	3228	7
3679	3229	7
3680	3230	7
3681	3231	7
3682	3232	7
3683	3233	7
3684	3234	7
3685	3235	7
3686	3236	7
3687	3237	7
3688	3238	7
3689	3239	7
3690	3240	7
3691	3241	7
3692	3242	7
3693	3243	7
3694	3244	7
3695	3245	7
3696	3246	7
3697	3247	7
3698	3248	7
3699	3249	7
3700	3250	7
3701	3251	7
3702	3252	7
3703	3253	7
3704	3254	7
3705	3255	7
3706	3256	7
3707	3257	7
3708	3258	7
3709	3259	7
3710	3260	7
3711	3261	7
3712	3262	7
3713	3263	7
3714	3264	7
3715	3265	7
3716	3266	7
3717	3267	7
3718	3268	7
3719	3269	7
3720	3270	7
3721	3271	7
3722	3272	7
3723	3273	7
3724	3274	7
3725	3275	7
3726	3276	7
3727	3277	7
3728	3278	7
3729	3279	7
3730	3280	7
3731	3281	7
3732	3282	7
3733	3283	7
3734	3284	7
3735	3285	7
3736	3286	7
3737	3287	7
3738	3288	7
3739	3289	7
3740	3290	7
3741	3291	7
3742	3292	7
3743	3293	7
3744	3294	7
3745	3295	7
3746	1260	7
3747	1261	7
3748	1262	7
3749	1263	7
3750	1264	7
3751	1265	7
3752	1266	7
3753	1267	7
3754	1268	7
3755	1269	7
3756	1270	7
3757	1271	7
3758	1272	7
3759	1273	7
3760	1274	7
3761	1275	7
3762	1276	7
3763	1277	7
3764	1278	7
3765	1279	7
3766	1280	7
3767	1281	7
3768	1282	7
3769	1283	7
3770	1284	7
3771	1285	7
3772	1286	7
3773	1287	7
3774	1288	7
3775	1289	7
3776	1290	7
3777	1291	7
3778	1292	7
3779	1293	7
3780	1294	7
3781	1295	7
3782	1296	7
3783	1297	7
3784	1298	7
3785	1299	7
3786	1300	7
3787	1301	7
3788	1302	7
3789	1303	7
3790	1304	7
3791	1305	7
3792	1306	7
3793	1307	7
3794	1308	7
3795	1309	7
3796	1310	7
3797	1311	7
3798	1312	7
3799	1313	7
3800	1314	7
3801	1315	7
3802	1316	7
3803	1317	7
3804	1318	7
3805	1319	7
3806	1320	7
3807	1321	7
3808	1322	7
3809	1323	7
3810	1324	7
3811	1325	7
3812	1326	7
3813	1327	7
3814	1328	7
3815	1329	7
3816	1330	7
3817	1331	7
3818	1332	7
3819	1333	7
3820	1334	7
3821	1335	7
3822	1336	7
3823	1337	7
3824	1338	7
3825	1339	7
3826	1340	7
3827	1341	7
3828	1342	7
3829	1343	7
3830	1344	7
3831	1345	7
3832	1346	7
3833	1347	7
3834	1348	7
3835	1349	7
3836	1350	7
3837	1351	7
3838	1352	7
3839	1353	7
3840	1354	7
3841	1355	7
3842	1356	7
3843	1357	7
3844	1358	7
3845	1359	7
3846	1360	7
3847	1361	7
3848	1362	7
3849	1363	7
3850	1364	7
3851	1365	7
3852	1366	7
3853	1367	7
3854	1368	7
3855	1369	7
3856	1370	7
3857	1371	7
3858	1372	7
3859	1373	7
3860	1374	7
3861	1375	7
3862	1376	7
3863	1377	7
3864	1378	7
3865	1379	7
3866	1380	7
3867	1381	7
3868	1382	7
3869	306	7
3870	307	7
3871	3296	7
3872	308	7
3873	309	7
3874	310	7
3875	311	7
3876	3297	7
3877	312	7
3878	313	7
3879	314	7
3880	1725	7
3881	315	7
3882	316	7
3883	317	7
3884	318	7
3885	3298	7
3886	3299	7
3887	3300	7
3888	3301	7
3889	3302	7
3890	3303	7
3891	3304	7
3892	3305	7
3893	3306	7
3894	3307	7
3895	3308	7
3896	3309	7
3897	3310	7
3898	319	7
3899	320	7
3900	1726	7
3901	321	7
3902	322	7
3903	1727	7
3904	323	7
3905	324	7
3906	3311	7
3907	3312	7
3908	3313	7
3909	3314	7
3910	3315	7
3911	3316	7
3912	3317	7
3913	3318	7
3914	3319	7
3915	3320	7
3916	3321	7
3917	3322	7
3918	3323	7
3919	3324	7
3920	3325	7
3921	3326	7
3922	3327	7
3923	3328	7
3924	3329	7
3925	3330	7
3926	3331	7
3927	3332	7
3928	3333	7
3929	3334	7
3930	3335	7
3931	3336	7
3932	3337	7
3933	3338	7
3934	3339	7
3935	3340	7
3936	3341	7
3937	3342	7
3938	3343	7
3939	3344	7
3940	3345	7
3941	3346	7
3942	3347	7
3943	3348	7
3944	3349	7
3945	3350	7
3946	3351	7
3947	3352	7
3948	3353	7
3949	3354	7
3950	3355	7
3951	3356	7
3952	3357	7
3953	3358	7
3954	3359	7
3955	3360	7
3956	3361	7
3957	3362	7
3958	3363	7
3959	3364	7
3960	3365	7
3961	3366	7
3962	3367	7
3963	3368	7
3964	3369	7
3965	3370	7
3966	3371	7
3967	3372	7
3968	3373	7
3969	3374	7
3970	3375	7
3971	3376	7
3972	3377	7
3973	3378	7
3974	3379	7
3975	3380	7
3976	3381	7
3977	3382	7
3978	3383	7
3979	3384	7
3980	3385	7
3981	3386	7
3982	3387	7
3983	3388	7
3984	3389	7
3985	3390	7
3986	3391	7
3987	3392	7
3988	3393	7
3989	3394	7
3990	3395	7
3991	3396	7
3992	3397	7
3993	3398	7
3994	3399	7
3995	3400	7
3996	3401	7
3997	3402	7
3998	3403	7
3999	3404	7
4000	3405	7
4001	3406	7
4002	3407	7
4003	3408	7
4004	3409	7
4005	3410	7
4006	3411	7
4007	3412	7
4008	3413	7
4009	3414	7
4010	3415	7
4011	3416	7
4012	3417	7
4013	3418	7
4014	3419	7
4015	3420	7
4016	3421	7
4017	3422	7
4018	3423	7
4019	3424	7
4020	3425	7
4021	3426	7
4022	3427	7
4023	3428	7
4024	3429	7
4025	3430	7
4026	3431	7
4027	3432	7
4028	3433	7
4029	3434	7
4030	3435	7
4031	3436	7
4032	3437	7
4033	3438	7
4034	3439	7
4035	3440	7
4036	3441	7
4037	3442	7
4038	3443	7
4039	3444	7
4040	3445	7
4041	3446	7
4042	3447	7
4043	3448	7
4044	3449	7
4045	3450	7
4046	3451	7
4047	3452	7
4048	3453	7
4049	3454	7
4050	3455	7
4051	3456	7
4052	3457	7
4053	3458	7
4054	3459	7
4055	3460	7
4056	3461	7
4057	3462	7
4058	3463	7
4059	3464	7
4060	3465	7
4061	3466	7
4062	3467	7
4063	3468	7
4064	3469	7
4065	3470	7
4066	3471	7
4067	3472	7
4068	3473	7
4069	3474	7
4070	3475	7
4071	3476	7
4072	3477	7
4073	3478	7
4074	3479	7
4075	3480	7
4076	3481	7
4077	3482	7
4078	3483	7
4079	3484	7
4080	3485	7
4081	3486	7
4082	3487	7
4083	3488	7
4084	3489	7
4085	3490	7
4086	3491	7
4087	3492	7
4088	3493	7
4089	3494	7
4090	3495	7
4091	3496	7
4092	3497	7
4093	3498	7
4094	3499	7
4095	3500	7
4096	3501	7
4097	3502	7
4098	3503	7
4099	3504	7
4100	3505	7
4101	3506	7
4102	3507	7
4103	3508	7
4104	3509	7
4105	3510	7
4106	3511	7
4107	3512	7
4108	3513	7
4109	3514	7
4110	3515	7
4111	3516	7
4112	3517	7
4113	3518	7
4114	3519	7
4115	3520	7
4116	3521	7
4117	3522	7
4118	3523	7
4119	3524	7
4120	3525	7
4121	3526	7
4122	3527	7
4123	3528	7
4124	3529	7
4125	3530	7
4126	3531	7
4127	3532	7
4128	3533	7
4129	3534	7
4130	3535	7
4131	3536	7
4132	3537	7
4133	3538	7
4134	3539	7
4135	3540	7
4136	3541	7
4137	3542	7
4138	3543	7
4139	3544	7
4140	3545	7
4141	3546	7
4142	3547	7
4143	3548	7
4144	3549	7
4145	3550	7
4146	3551	7
4147	3552	7
4148	3553	7
4149	3554	7
4150	3555	7
4151	3556	7
4152	3557	7
4153	3558	7
4154	3559	7
4155	3560	7
4156	3561	7
4157	3562	7
4158	3563	7
4159	327	7
4160	1944	7
4161	328	7
4162	329	7
4163	3564	7
4164	3565	7
4165	3566	7
4166	3567	7
4167	3568	7
4168	3569	7
4169	3570	7
4170	3571	7
4171	3572	7
4172	3573	7
4173	3574	7
4174	3575	7
4175	3576	7
4176	3577	7
4177	3578	7
4178	3579	7
4179	3580	7
4180	3581	7
4181	3582	7
4182	3583	7
4183	3584	7
4184	3585	7
4185	3586	7
4186	3587	7
4187	3588	7
4188	3589	7
4189	3590	7
4190	3591	7
4191	3592	7
4192	2234	7
4193	2235	7
4194	2236	7
4195	2237	7
4196	2238	7
4197	2239	7
4198	2240	7
4199	2241	7
4200	2242	7
4201	2243	7
4202	2244	7
4203	2245	7
4204	2246	7
4205	2247	7
4206	2248	7
4207	2249	7
4208	2250	7
4209	2251	7
4210	2252	7
4211	2253	7
4212	2254	7
4213	2255	7
4214	2256	7
4215	2257	7
4216	2258	7
4217	2259	7
4218	2260	7
4219	2261	7
4220	2262	7
4221	2263	7
4222	2264	7
4223	2265	7
4224	2266	7
4225	2267	7
4226	2268	7
4227	2269	7
4228	2270	7
4229	2271	7
4230	2272	7
4231	2273	7
4232	2274	7
4233	2275	7
4234	2276	7
4235	2277	7
4236	2278	7
4237	2279	7
4238	2280	7
4239	2281	7
4240	2282	7
4241	2283	7
4242	2284	7
4243	2285	7
4244	2286	7
4245	2287	7
4246	2288	7
4247	2289	7
4248	2290	7
4249	2291	7
4250	2292	7
4251	2293	7
4252	2294	7
4253	2295	7
4254	2296	7
4255	2297	7
4256	2298	7
4257	2299	7
4258	2300	7
4259	2301	7
4260	2302	7
4261	2303	7
4262	2304	7
4263	2305	7
4264	2306	7
4265	2307	7
4266	2308	7
4267	2309	7
4268	2310	7
4269	2311	7
4270	2312	7
4271	2313	7
4272	2314	7
4273	2315	7
4274	2316	7
4275	2317	7
4276	2318	7
4277	2319	7
4278	2320	7
4279	2321	7
4280	2322	7
4281	2323	7
4282	2324	7
4283	2325	7
4284	2326	7
4285	2327	7
4286	2328	7
4287	2329	7
4288	2330	7
4289	2331	7
4290	2332	7
4291	2333	7
4292	2334	7
4293	2335	7
4294	2336	7
4295	2337	7
4296	2338	7
4297	2339	7
4298	2340	7
4299	2341	7
4300	2342	7
4301	2343	7
4302	2344	7
4303	2345	7
4304	2346	7
4305	2347	7
4306	2348	7
4307	2349	7
4308	2350	7
4309	2351	7
4310	2352	7
4311	2353	7
4312	2354	7
4313	2355	7
4314	2356	7
4315	2357	7
4316	2358	7
4317	2359	7
4318	2360	7
4319	2361	7
4320	2362	7
4321	2363	7
4322	2364	7
4323	2365	7
4324	2366	7
4325	2367	7
4326	2368	7
4327	2369	7
4328	2370	7
4329	2371	7
4330	2372	7
4331	2373	7
4332	2374	7
4333	2375	7
4334	2376	7
4335	2377	7
4336	2378	7
4337	2379	7
4338	2380	7
4339	331	7
4340	336	7
4341	608	7
4342	609	7
4343	610	7
4344	611	7
4345	612	7
4346	613	7
4347	3593	7
4348	3594	7
4349	3595	7
4350	3596	7
4351	3597	7
4352	3598	7
4353	3599	7
4354	3600	7
4355	3601	7
4356	3602	7
4357	3603	7
4358	3604	7
4359	3605	7
4360	3606	7
4361	3607	7
4362	3608	7
4363	3609	7
4364	3610	7
4365	3611	7
4366	3612	7
4367	3613	7
4368	3614	7
4369	3615	7
4370	3616	7
4371	3617	7
4372	3618	7
4373	3619	7
4374	3620	7
4375	3621	7
4376	3622	7
4377	3623	7
4378	3624	7
4379	3625	7
4380	3626	7
4381	3627	7
4382	3628	7
4383	3629	7
4384	3630	7
4385	3631	7
4386	3632	7
4387	3633	7
4388	3634	7
4389	3635	7
4390	3636	7
4391	3637	7
4392	3638	7
4393	3639	7
4394	3640	7
4395	3641	7
4396	3642	7
4397	3643	7
4398	3644	7
4399	3645	7
4400	3646	7
4401	3647	7
4402	3648	7
4403	3649	7
4404	3650	7
4405	3651	7
4406	3652	7
4407	3653	7
4408	3654	7
4409	3655	7
4410	3656	7
4411	3657	7
4412	3658	7
4413	3659	7
4414	3660	7
4415	3661	7
4416	3662	7
4417	3663	7
4418	3664	7
4419	3665	7
4420	3666	7
4421	3667	7
4422	3668	7
4423	3669	7
4424	3670	7
4425	3671	7
4426	3672	7
4427	3673	7
4428	3674	7
4429	3675	7
4430	3676	7
4431	3677	7
4432	3678	7
4433	3679	7
4434	3680	7
4435	3681	7
4436	3682	7
4437	3683	7
4438	3684	7
4439	3685	7
4440	3686	7
4441	3687	7
4442	3688	7
4443	3689	7
4444	3690	7
4445	3691	7
4446	3692	7
4447	3693	7
4448	3694	7
4449	3695	7
4450	3696	7
4451	3697	7
4452	2855	8
4453	2856	8
4454	2857	8
4455	2858	8
4456	2	8
4457	3	8
4458	3698	8
4459	4	8
4460	5	8
4461	3699	8
4462	6	8
4463	7	8
4464	8	8
4465	9	8
4466	10	8
4467	12	8
4468	619	8
4469	244	8
4470	245	8
4471	246	8
4472	2175	8
4473	285	8
4474	288	8
4475	289	8
4476	290	8
4477	291	8
4478	292	8
4479	293	8
4480	294	8
4481	295	8
4482	989	8
4483	296	8
4484	297	8
4485	298	8
4486	299	8
4487	300	8
4488	301	8
4489	302	8
4490	303	8
4491	304	8
4492	3700	8
4493	3701	8
4494	652	8
4495	308	8
4496	309	8
4497	310	8
4498	2230	8
4499	312	8
4500	313	8
4501	314	8
4502	315	8
4503	316	8
4504	317	8
4505	318	8
4506	319	8
4507	320	8
4508	321	8
4509	322	8
4510	3702	8
4511	323	8
4512	324	8
4513	326	8
4514	327	8
4515	3703	8
4516	328	8
4517	329	8
4518	3704	8
4519	1949	8
4520	1950	8
4521	1951	8
4522	1952	8
4523	1953	8
4524	1954	8
4525	1955	8
4526	1956	8
4527	1957	8
4528	1958	8
4529	1959	8
4530	1960	8
4531	1961	8
4532	1962	8
4533	1963	8
4534	1964	8
4535	1965	8
4536	1966	8
4537	1967	8
4538	1968	8
4539	1969	8
4540	1970	8
4541	1971	8
4542	1972	8
4543	1973	8
4544	1974	8
4545	1975	8
4546	1976	8
4547	1977	8
4548	1978	8
4549	1979	8
4550	1980	8
4551	1981	8
4552	1982	8
4553	1983	8
4554	1984	8
4555	1985	8
4556	1986	8
4557	1987	8
4558	1988	8
4559	1989	8
4560	1990	8
4561	1991	8
4562	1992	8
4563	1993	8
4564	1994	8
4565	1995	8
4566	1996	8
4567	1997	8
4568	1998	8
4569	1999	8
4570	2000	8
4571	2001	8
4572	2002	8
4573	2003	8
4574	2004	8
4575	2005	8
4576	2006	8
4577	2007	8
4578	2008	8
4579	2009	8
4580	2010	8
4581	2011	8
4582	2012	8
4583	2013	8
4584	2014	8
4585	2015	8
4586	2016	8
4587	2017	8
4588	2018	8
4589	2019	8
4590	2020	8
4591	2021	8
4592	2022	8
4593	2023	8
4594	2024	8
4595	2025	8
4596	2026	8
4597	2027	8
4598	2028	8
4599	2029	8
4600	2528	8
4601	2529	8
4602	2030	8
4603	2031	8
4604	2032	8
4605	2530	8
4606	2531	8
4607	2532	8
4608	2533	8
4609	2534	8
4610	2535	8
4611	2536	8
4612	2537	8
4613	2538	8
4614	2539	8
4615	2540	8
4616	2541	8
4617	2542	8
4618	2543	8
4619	2544	8
4620	2545	8
4621	2546	8
4622	2547	8
4623	2548	8
4624	2549	8
4625	2550	8
4626	2551	8
4627	2552	8
4628	2553	8
4629	2554	8
4630	2555	8
4631	2556	8
4632	2557	8
4633	2558	8
4634	2559	8
4635	2560	8
4636	2561	8
4637	2562	8
4638	2563	8
4639	2564	8
4640	2565	8
4641	2566	8
4642	2567	8
4643	2568	8
4644	2569	8
4645	2570	8
4646	2571	8
4647	2572	8
4648	2573	8
4649	2574	8
4650	2575	8
4651	2576	8
4652	2577	8
4653	2578	8
4654	2579	8
4655	2580	8
4656	2581	8
4657	2582	8
4658	2583	8
4659	2584	8
4660	2585	8
4661	2586	8
4662	2587	8
4663	2588	8
4664	2589	8
4665	2590	8
4666	2591	8
4667	2592	8
4668	2593	8
4669	2594	8
4670	2595	8
4671	2596	8
4672	2597	8
4673	2598	8
4674	2599	8
4675	2600	8
4676	2601	8
4677	2602	8
4678	2603	8
4679	2604	8
4680	2605	8
4681	2606	8
4682	2607	8
4683	2608	8
4684	2609	8
4685	2610	8
4686	2611	8
4687	2612	8
4688	2613	8
4689	2614	8
4690	2615	8
4691	2616	8
4692	2617	8
4693	2618	8
4694	2619	8
4695	2620	8
4696	2621	8
4697	2622	8
4698	2623	8
4699	2624	8
4700	2625	8
4701	2626	8
4702	2627	8
4703	2628	8
4704	2629	8
4705	2630	8
4706	2631	8
4707	2632	8
4708	2633	8
4709	2634	8
4710	2635	8
4711	2636	8
4712	2637	8
4713	2638	8
4714	2639	8
4715	2640	8
4716	2641	8
4717	2642	8
4718	2643	8
4719	2644	8
4720	2645	8
4721	2646	8
4722	2647	8
4723	2648	8
4724	2649	8
4725	2650	8
4726	2651	8
4727	2652	8
4728	2653	8
4729	2654	8
4730	2655	8
4731	2656	8
4732	2657	8
4733	2658	8
4734	2659	8
4735	3705	8
4736	336	8
4737	2449	8
4738	608	8
4739	609	8
4740	610	8
4741	3706	8
4742	3707	8
4743	611	8
4744	612	8
4745	613	8
4746	614	8
4747	615	8
4748	1	9
4749	2	9
4750	710	9
4751	5	9
4752	3708	9
4753	711	9
4754	3709	9
4755	712	9
4756	754	9
4757	12	9
4758	245	9
4759	755	9
4760	756	9
4761	757	9
4762	288	9
4763	758	9
4764	291	9
4765	988	9
4766	989	9
4767	990	9
4768	991	9
4769	3147	9
4770	1172	9
4771	298	9
4772	3710	9
4773	1281	9
4774	1282	9
4775	1283	9
4776	1284	9
4777	1306	9
4778	1307	9
4779	1308	9
4780	1309	9
4781	1310	9
4782	1311	9
4783	1312	9
4784	1313	9
4785	1314	9
4786	1315	9
4787	1316	9
4788	1317	9
4789	1318	9
4790	1319	9
4791	1320	9
4792	1321	9
4793	1322	9
4794	1323	9
4795	1324	9
4796	1325	9
4797	1326	9
4798	1327	9
4799	1328	9
4800	1335	9
4801	1336	9
4802	1337	9
4803	1338	9
4804	1339	9
4805	1340	9
4806	1341	9
4807	1342	9
4808	1343	9
4809	1344	9
4810	1345	9
4811	1346	9
4812	1347	9
4813	1348	9
4814	1349	9
4815	1364	9
4816	1365	9
4817	1366	9
4818	1367	9
4819	1368	9
4820	1369	9
4821	1370	9
4822	1371	9
4823	1372	9
4824	1373	9
4825	1374	9
4826	1375	9
4827	1376	9
4828	1381	9
4829	1382	9
4830	1383	9
4831	1384	9
4832	1386	9
4833	307	9
4834	3296	9
4835	308	9
4836	309	9
4837	310	9
4838	311	9
4839	3297	9
4840	312	9
4841	313	9
4842	314	9
4843	1725	9
4844	315	9
4845	3711	9
4846	316	9
4847	317	9
4848	318	9
4849	3712	9
4850	319	9
4851	320	9
4852	1726	9
4853	321	9
4854	322	9
4855	1727	9
4856	323	9
4857	324	9
4858	327	9
4859	1944	9
4860	328	9
4861	329	9
4862	331	9
4863	336	9
4864	608	9
4865	609	9
4866	610	9
4867	611	9
4868	612	9
4869	613	9
4870	3713	9
4871	3714	10
4872	3715	10
4873	3716	10
4874	3717	10
4875	3718	10
4876	3719	10
4877	3720	10
4878	3721	10
4879	3722	10
4880	3723	10
4881	3724	10
4882	3725	10
4883	3726	10
4884	3727	10
4885	3728	10
4886	3729	10
4887	3730	10
4888	3731	10
4889	3732	10
4890	3733	10
4891	3734	10
4892	3735	10
4893	3736	10
4894	3737	10
4895	3738	10
4896	3739	10
4897	3740	10
4898	3741	10
4899	3742	10
4900	3743	10
4901	3744	10
4902	3745	10
4903	3746	10
4904	3747	10
4905	3748	10
4906	3749	10
4907	3750	10
4908	3751	10
4909	3752	10
4910	3753	10
4911	3754	10
4912	3755	10
4913	3756	10
4914	3757	10
4915	3758	10
4916	3759	10
4917	3760	10
4918	3761	10
4919	3762	10
4920	3763	10
4921	3764	10
4922	3765	10
4923	3766	10
4924	3767	10
4925	3768	10
4926	3769	10
4927	3770	10
4928	3771	10
4929	3772	10
4930	3773	10
4931	3774	10
4932	3775	10
4933	3776	10
4934	3777	10
4935	3778	10
4936	3779	10
4937	3780	10
4938	3781	10
4939	3782	10
4940	3783	10
4941	3784	10
4942	3785	10
4943	3786	10
4944	3787	10
4945	3788	10
4946	3789	10
4947	3790	10
4948	3791	10
4949	3792	10
4950	3793	10
4951	3794	10
4952	3795	10
4953	3796	10
4954	3797	10
4955	3798	10
4956	3799	10
4957	3800	10
4958	3801	10
4959	3802	10
4960	3803	10
4961	3804	10
4962	3805	10
4963	3806	10
4964	3807	10
4965	3808	10
4966	3809	10
4967	3810	10
4968	3811	10
4969	3812	10
4970	3813	10
4971	3814	10
4972	3815	10
4973	3816	10
4974	3817	10
4975	3818	10
4976	3819	10
4977	3820	10
4978	3821	10
4979	3822	10
4980	3823	10
4981	3824	10
4982	3825	10
4983	3826	10
4984	3827	10
4985	3828	10
4986	3829	10
4987	3830	10
4988	3831	10
4989	3832	10
4990	3833	10
4991	3834	10
4992	3835	10
4993	3836	10
4994	3837	10
4995	3838	10
4996	3839	10
4997	3840	10
4998	3841	10
4999	3842	10
5000	3843	10
5001	3844	10
5002	3845	10
5003	3846	10
5004	3847	10
5005	3848	10
5006	3849	10
5007	3850	10
5008	3851	10
5009	3852	10
5010	3853	10
5011	3854	10
5012	3855	10
5013	3856	10
5014	3857	10
5015	3858	10
5016	3859	10
5017	3860	10
5018	3861	10
5019	3862	10
5020	3863	10
5021	3864	10
5022	3865	10
5023	3866	10
5024	3867	10
5025	3868	10
5026	3869	10
5027	3870	10
5028	3871	10
5029	3872	10
5030	3873	10
5031	3874	10
5032	3875	10
5033	3876	10
5034	3877	10
5035	3878	10
5036	3879	10
5037	3880	10
5038	3881	10
5039	3882	10
5040	3883	10
5041	3884	10
5042	3885	10
5043	3886	10
5044	3887	10
5045	3888	10
5046	3889	10
5047	3890	10
5048	3891	10
5049	3892	10
5050	3893	10
5051	3894	10
5052	3895	10
5053	3896	10
5054	3897	10
5055	3898	10
5056	3899	10
5057	3900	10
5058	3901	10
5059	3902	10
5060	3903	10
5061	3904	10
5062	3905	10
5063	3906	10
5064	3907	10
5065	3908	10
5066	3909	10
5067	3910	10
5068	3911	10
5069	3912	10
5070	3913	10
5071	3914	10
5072	3915	10
5073	3916	10
5074	3917	10
5075	3918	10
5076	3919	10
5077	3920	10
5078	3921	10
5079	3922	10
5080	3923	10
5081	3924	10
5082	3925	10
5083	3926	10
5084	3927	10
5085	3928	10
5086	3929	10
5087	3930	10
5088	3931	10
5089	4	10
5090	5	10
5091	6	10
5092	3932	10
5093	7	10
5094	3933	10
5095	3934	10
5096	3935	10
5097	2942	10
5098	3936	10
5099	2969	10
5100	2977	10
5101	3937	10
5102	3938	10
5103	3939	10
5104	8	10
5105	9	10
5106	3940	10
5107	3941	10
5108	11	10
5109	12	10
5110	619	10
5111	3942	10
5112	245	10
5113	246	10
5114	3943	10
5115	3944	10
5116	3945	10
5117	285	10
5118	288	10
5119	3946	10
5120	3947	10
5121	3948	10
5122	3949	10
5123	3950	10
5124	3951	10
5125	3952	10
5126	3953	10
5127	3954	10
5128	2220	10
5129	3955	10
5130	3956	10
5131	3957	10
5132	3958	10
5133	3959	10
5134	3960	10
5135	3961	10
5136	3962	10
5137	3963	10
5138	293	10
5139	3964	10
5140	3965	10
5141	3966	10
5142	3967	10
5143	3968	10
5144	3969	10
5145	3970	10
5146	3971	10
5147	3972	10
5148	3973	10
5149	3974	10
5150	3975	10
5151	3976	10
5152	3977	10
5153	3978	10
5154	3979	10
5155	3980	10
5156	3981	10
5157	3982	10
5158	3983	10
5159	3984	10
5160	3985	10
5161	3986	10
5162	3987	10
5163	3988	10
5164	3989	10
5165	3990	10
5166	3991	10
5167	3992	10
5168	3993	10
5169	3994	10
5170	3995	10
5171	3996	10
5172	3997	10
5173	3998	10
5174	3999	10
5175	4000	10
5176	4001	10
5177	4002	10
5178	4003	10
5179	4004	10
5180	4005	10
5181	4006	10
5182	4007	10
5183	4008	10
5184	4009	10
5185	4010	10
5186	4011	10
5187	4012	10
5188	4013	10
5189	4014	10
5190	4015	10
5191	4016	10
5192	4017	10
5193	4018	10
5194	4019	10
5195	4020	10
5196	4021	10
5197	4022	10
5198	4023	10
5199	4024	10
5200	4025	10
5201	4026	10
5202	4027	10
5203	4028	10
5204	4029	10
5205	4030	10
5206	4031	10
5207	4032	10
5208	4033	10
5209	4034	10
5210	4035	10
5211	4036	10
5212	4037	10
5213	4038	10
5214	4039	10
5215	4040	10
5216	4041	10
5217	4042	10
5218	4043	10
5219	4044	10
5220	4045	10
5221	4046	10
5222	4047	10
5223	4048	10
5224	4049	10
5225	4050	10
5226	4051	10
5227	4052	10
5228	4053	10
5229	4054	10
5230	4055	10
5231	4056	10
5232	4057	10
5233	4058	10
5234	4059	10
5235	4060	10
5236	4061	10
5237	4062	10
5238	4063	10
5239	4064	10
5240	4065	10
5241	4066	10
5242	4067	10
5243	4068	10
5244	4069	10
5245	4070	10
5246	4071	10
5247	992	10
5248	993	10
5249	994	10
5250	995	10
5251	4072	10
5252	4073	10
5253	299	10
5254	300	10
5255	301	10
5256	302	10
5257	303	10
5258	1419	10
5259	306	10
5260	307	10
5261	4074	10
5262	308	10
5263	309	10
5264	310	10
5265	4075	10
5266	1638	10
5267	312	10
5268	313	10
5269	314	10
5270	315	10
5271	316	10
5272	4076	10
5273	4077	10
5274	4078	10
5275	319	10
5276	320	10
5277	4079	10
5278	322	10
5279	4080	10
5280	4081	10
5281	4082	10
5282	4083	10
5283	4084	10
5284	4085	10
5285	4086	10
5286	4087	10
5287	4088	10
5288	324	10
5289	4089	10
5290	4090	10
5291	4091	10
5292	327	10
5293	4092	10
5294	329	10
5295	330	10
5296	331	10
5297	332	10
5298	333	10
5299	334	10
5300	2029	10
5301	336	10
5302	2710	10
5303	608	10
5304	609	10
5305	610	10
5306	611	10
5307	612	10
5308	613	10
5309	4093	10
5310	4094	10
5311	4095	10
5312	4096	10
5313	4097	10
5314	4098	10
5315	4099	10
5316	4100	10
5317	4101	10
5318	4102	10
5319	4103	10
5320	2855	11
5321	2856	11
5322	2857	11
5323	2858	11
5324	2859	11
5325	2860	11
5326	2861	11
5327	2862	11
5328	2863	11
5329	2864	11
5330	2865	11
5331	2866	11
5332	2867	11
5333	2868	11
5334	2869	11
5335	2870	11
5336	2871	11
5337	2872	11
5338	2873	11
5339	2874	11
5340	2875	11
5341	2876	11
5342	4104	11
5343	4105	11
5344	4106	11
5345	4107	11
5346	4108	11
5347	4109	11
5348	4110	11
5349	4111	11
5350	3715	11
5351	3716	11
5352	3717	11
5353	3718	11
5354	3719	11
5355	3720	11
5356	3721	11
5357	3722	11
5358	3723	11
5359	3724	11
5360	3725	11
5361	3726	11
5362	3727	11
5363	3728	11
5364	3729	11
5365	3730	11
5366	3731	11
5367	3732	11
5368	3733	11
5369	3734	11
5370	3735	11
5371	3736	11
5372	3737	11
5373	3738	11
5374	3739	11
5375	2	11
5376	4112	11
5377	4113	11
5378	710	11
5379	5	11
5380	4114	11
5381	711	11
5382	4115	11
5383	4116	11
5384	4117	11
5385	754	11
5386	4118	11
5387	12	11
5388	245	11
5389	4119	11
5390	4120	11
5391	4121	11
5392	4122	11
5393	4123	11
5394	4124	11
5395	756	11
5396	757	11
5397	288	11
5398	758	11
5399	291	11
5400	4125	11
5401	4126	11
5402	4127	11
5403	4128	11
5404	4129	11
5405	4130	11
5406	4131	11
5407	4132	11
5408	4133	11
5409	4134	11
5410	4135	11
5411	4136	11
5412	4137	11
5413	4138	11
5414	988	11
5415	989	11
5416	990	11
5417	4139	11
5418	4041	11
5419	4042	11
5420	4043	11
5421	1162	11
5422	1163	11
5423	1164	11
5424	3148	11
5425	298	11
5426	4140	11
5427	4141	11
5428	299	11
5429	300	11
5430	301	11
5431	306	11
5432	307	11
5433	3296	11
5434	308	11
5435	309	11
5436	310	11
5437	311	11
5438	3297	11
5439	312	11
5440	313	11
5441	314	11
5442	1725	11
5443	315	11
5444	4142	11
5445	317	11
5446	318	11
5447	4143	11
5448	319	11
5449	320	11
5450	1726	11
5451	321	11
5452	322	11
5453	1727	11
5454	323	11
5455	4144	11
5456	324	11
5457	327	11
5458	1944	11
5459	328	11
5460	329	11
5461	331	11
5462	336	11
5463	2751	11
5464	608	11
5465	609	11
5466	4145	11
5467	2826	11
5468	2827	11
5469	2828	11
5470	2829	11
5471	2830	11
5472	4146	11
5473	4147	11
5474	4148	11
5475	4149	11
5476	4150	11
5477	4151	11
5478	4152	11
5479	4153	11
5480	4154	11
5481	4155	11
5482	4156	11
5483	4157	11
5484	4158	11
5485	4159	11
5486	4160	11
5487	4161	11
5488	4162	11
5489	4163	11
5490	4164	11
5491	4165	11
5492	4166	11
5493	4167	11
5494	4168	11
5495	4169	11
5496	4170	11
5497	4171	11
5498	4172	11
5499	4173	11
5500	4174	11
5501	4175	11
5502	4176	11
5503	4177	11
5504	4178	11
5505	4179	11
5506	4180	11
5507	4181	11
5508	4182	11
5509	4183	11
5510	4184	11
5511	4185	11
5512	4186	11
5513	4187	11
5514	4188	11
5515	4189	11
5516	4190	11
5517	4191	11
5518	4192	11
5519	4193	11
5520	4194	11
5521	4195	11
5522	4196	11
5523	4197	11
5524	4198	11
5525	4199	11
5526	4200	11
5527	4201	11
5528	4202	11
5529	4203	11
5530	4204	11
5531	4205	11
5532	4206	11
5533	4207	11
5534	4208	11
5535	4209	11
5536	4210	11
5537	4211	11
5538	4212	11
5539	4213	11
5540	4214	11
5541	4215	11
5542	4216	11
5543	4217	11
5544	4218	11
5545	4219	11
5546	4220	11
5547	4221	11
5548	611	11
5549	612	11
5550	613	11
5551	4222	11
5552	4223	11
5553	4224	11
5554	4225	11
5555	4226	11
5556	4227	11
5557	4228	11
5558	4229	11
5559	4230	11
5560	3631	11
5561	3632	11
5562	3633	11
5563	3634	11
5564	3635	11
5565	3636	11
5566	3637	11
5567	3638	11
5568	3639	11
5569	3640	11
5570	3641	11
5571	3642	11
5572	3643	11
5573	3644	11
5574	3645	11
5575	3646	11
5576	3647	11
5577	3648	11
5578	3649	11
5579	3650	11
5580	3651	11
5581	3652	11
5582	3653	11
5583	3654	11
5584	3655	11
5585	3656	11
5586	3657	11
5587	3658	11
5588	3659	11
5589	3660	11
5590	3661	11
5591	3662	11
5592	3663	11
5593	3664	11
5594	3665	11
5595	3666	11
5596	3667	11
5597	3668	11
5598	3669	11
5599	3670	11
5600	3671	11
5601	3672	11
5602	3673	11
5603	3674	11
5604	3675	11
5605	3676	11
5606	3677	11
5607	3678	11
5608	3679	11
5609	3680	11
5610	3681	11
5611	3682	11
5612	3683	11
5613	3684	11
5614	3685	11
5615	3686	11
5616	3687	11
5617	3688	11
5618	3689	11
5619	3690	11
5620	3691	11
5621	3692	11
5622	3693	11
5623	3694	11
5624	3695	11
5625	3696	11
5626	3697	11
5627	4231	11
5628	2855	12
5629	2856	12
5630	2857	12
5631	2858	12
5632	2859	12
5633	2860	12
5634	2861	12
5635	2862	12
5636	2863	12
5637	2864	12
5638	2865	12
5639	2866	12
5640	2867	12
5641	2868	12
5642	2869	12
5643	2870	12
5644	2871	12
5645	2872	12
5646	2873	12
5647	2874	12
5648	2875	12
5649	2876	12
5650	4104	12
5651	4105	12
5652	4106	12
5653	4107	12
5654	4108	12
5655	4109	12
5656	4110	12
5657	4111	12
5658	3715	12
5659	3716	12
5660	2	12
5661	3	12
5662	4232	12
5663	2035	12
5664	4	12
5665	5	12
5666	6	12
5667	7	12
5668	8	12
5669	9	12
5670	10	12
5671	12	12
5672	619	12
5673	244	12
5674	245	12
5675	246	12
5676	4233	12
5677	2175	12
5678	2176	12
5679	4234	12
5680	285	12
5681	288	12
5682	289	12
5683	2224	12
5684	290	12
5685	291	12
5686	292	12
5687	293	12
5688	294	12
5689	295	12
5690	989	12
5691	296	12
5692	297	12
5693	298	12
5694	299	12
5695	300	12
5696	301	12
5697	302	12
5698	303	12
5699	304	12
5700	3700	12
5701	307	12
5702	652	12
5703	308	12
5704	309	12
5705	310	12
5706	2230	12
5707	312	12
5708	313	12
5709	314	12
5710	315	12
5711	316	12
5712	317	12
5713	318	12
5714	4235	12
5715	320	12
5716	321	12
5717	322	12
5718	323	12
5719	324	12
5720	326	12
5721	327	12
5722	3703	12
5723	328	12
5724	329	12
5725	4236	12
5726	2448	12
5727	336	12
5728	2449	12
5729	608	12
5730	609	12
5731	2450	12
5732	610	12
5733	611	12
5734	612	12
5735	613	12
5736	614	12
5737	615	12
5738	3661	12
5739	3662	12
5740	3663	12
5741	3664	12
5742	3665	12
5743	3666	12
5744	3667	12
5745	3668	12
5746	3669	12
5747	3670	12
5748	3671	12
5749	3672	12
5750	3673	12
5751	3674	12
5752	3675	12
5753	3676	12
5754	3677	12
5755	3678	12
5756	3679	12
5757	3680	12
5758	3681	12
5759	3682	12
5760	3683	12
5761	3684	12
5762	3685	12
5763	3686	12
5764	3687	12
5765	3688	12
5766	3689	12
5767	3690	12
5768	3691	12
5769	3692	12
5770	3693	12
5771	3694	12
5772	3695	12
5773	3696	12
5774	3697	12
\.


--
-- Data for Name: processing_job; Type: TABLE DATA; Schema: public; Owner: -
--

COPY public.processing_job (id, job_name, status, entry_time) FROM stdin;
1	cli_0c149c89-d2a4-4404-825b-129a87c1a52e_chunk1	C	2025-02-14 16:24:21.035402+00
2	cli_0c149c89-d2a4-4404-825b-129a87c1a52e_chunk0	C	2025-02-14 16:24:40.632179+00
3	cli_prop_c4b4444e-ede3-47ac-bb14-8160171ec7fd	C	2025-02-14 16:24:46.102024+00
4	cli_failed-job	F	2025-02-14 16:24:47.954073+00
5	cli_queue-job	Q	2025-02-14 16:24:47.958216+00
\.


--
-- Data for Name: property; Type: TABLE DATA; Schema: public; Owner: -
--

COPY public.property (id, name, datatype, querytype, description, target, standard) FROM stdin;
1	age	value_integer	\N	Age	\N	\N
2	sequencing_reason	value_varchar	\N	Sampling reason	\N	\N
3	euro	value_float	\N	Price	\N	\N
4	sample_type	value_varchar	\N	Sample Type	\N	\N
5	comments	value_varchar	\N	Comments	\N	\N
\.


--
-- Data for Name: reference; Type: TABLE DATA; Schema: public; Owner: -
--

COPY public.reference (id, accession, description, organism, collection_date, country, db_xref, host, isolate, mol_type, name, translation_id) FROM stdin;
1	MN908947.3	(Wuhan-Hu-1/2019)	Severe acute respiratory syndrome coronavirus 2	2019-12-01	China	taxon:2697049	Homo sapiens	Wuhan-Hu-1	genomic RNA	/sonar/data/import/gbks/MN908947.nextclade.gb	1
\.


--
-- Data for Name: replicon; Type: TABLE DATA; Schema: public; Owner: -
--

COPY public.replicon (id, length, sequence, accession, description, type, segment_number, reference_id) FROM stdin;
1	29903	ATTAAAGGTTTATACCTTCCCAGGTAACAAACCAACCAACTTTCGATCTCTTGTAGATCTGTTCTCTAAACGAACTTTAAAATCTGTGTGGCTGTCACTCGGCTGCATGCTTAGTGCACTCACGCAGTATAATTAATAACTAATTACTGTCGTTGACAGGACACGAGTAACTCGTCTATCTTCTGCAGGCTGCTTACGGTTTCGTCCGTGTTGCAGCCGATCATCAGCACATCTAGGTTTCGTCCGGGTGTGACCGAAAGGTAAGATGGAGAGCCTTGTCCCTGGTTTCAACGAGAAAACACACGTCCAACTCAGTTTGCCTGTTTTACAGGTTCGCGACGTGCTCGTACGTGGCTTTGGAGACTCCGTGGAGGAGGTCTTATCAGAGGCACGTCAACATCTTAAAGATGGCACTTGTGGCTTAGTAGAAGTTGAAAAAGGCGTTTTGCCTCAACTTGAACAGCCCTATGTGTTCATCAAACGTTCGGATGCTCGAACTGCACCTCATGGTCATGTTATGGTTGAGCTGGTAGCAGAACTCGAAGGCATTCAGTACGGTCGTAGTGGTGAGACACTTGGTGTCCTTGTCCCTCATGTGGGCGAAATACCAGTGGCTTACCGCAAGGTTCTTCTTCGTAAGAACGGTAATAAAGGAGCTGGTGGCCATAGTTACGGCGCCGATCTAAAGTCATTTGACTTAGGCGACGAGCTTGGCACTGATCCTTATGAAGATTTTCAAGAAAACTGGAACACTAAACATAGCAGTGGTGTTACCCGTGAACTCATGCGTGAGCTTAACGGAGGGGCATACACTCGCTATGTCGATAACAACTTCTGTGGCCCTGATGGCTACCCTCTTGAGTGCATTAAAGACCTTCTAGCACGTGCTGGTAAAGCTTCATGCACTTTGTCCGAACAACTGGACTTTATTGACACTAAGAGGGGTGTATACTGCTGCCGTGAACATGAGCATGAAATTGCTTGGTACACGGAACGTTCTGAAAAGAGCTATGAATTGCAGACACCTTTTGAAATTAAATTGGCAAAGAAATTTGACACCTTCAATGGGGAATGTCCAAATTTTGTATTTCCCTTAAATTCCATAATCAAGACTATTCAACCAAGGGTTGAAAAGAAAAAGCTTGATGGCTTTATGGGTAGAATTCGATCTGTCTATCCAGTTGCGTCACCAAATGAATGCAACCAAATGTGCCTTTCAACTCTCATGAAGTGTGATCATTGTGGTGAAACTTCATGGCAGACGGGCGATTTTGTTAAAGCCACTTGCGAATTTTGTGGCACTGAGAATTTGACTAAAGAAGGTGCCACTACTTGTGGTTACTTACCCCAAAATGCTGTTGTTAAAATTTATTGTCCAGCATGTCACAATTCAGAAGTAGGACCTGAGCATAGTCTTGCCGAATACCATAATGAATCTGGCTTGAAAACCATTCTTCGTAAGGGTGGTCGCACTATTGCCTTTGGAGGCTGTGTGTTCTCTTATGTTGGTTGCCATAACAAGTGTGCCTATTGGGTTCCACGTGCTAGCGCTAACATAGGTTGTAACCATACAGGTGTTGTTGGAGAAGGTTCCGAAGGTCTTAATGACAACCTTCTTGAAATACTCCAAAAAGAGAAAGTCAACATCAATATTGTTGGTGACTTTAAACTTAATGAAGAGATCGCCATTATTTTGGCATCTTTTTCTGCTTCCACAAGTGCTTTTGTGGAAACTGTGAAAGGTTTGGATTATAAAGCATTCAAACAAATTGTTGAATCCTGTGGTAATTTTAAAGTTACAAAAGGAAAAGCTAAAAAAGGTGCCTGGAATATTGGTGAACAGAAATCAATACTGAGTCCTCTTTATGCATTTGCATCAGAGGCTGCTCGTGTTGTACGATCAATTTTCTCCCGCACTCTTGAAACTGCTCAAAATTCTGTGCGTGTTTTACAGAAGGCCGCTATAACAATACTAGATGGAATTTCACAGTATTCACTGAGACTCATTGATGCTATGATGTTCACATCTGATTTGGCTACTAACAATCTAGTTGTAATGGCCTACATTACAGGTGGTGTTGTTCAGTTGACTTCGCAGTGGCTAACTAACATCTTTGGCACTGTTTATGAAAAACTCAAACCCGTCCTTGATTGGCTTGAAGAGAAGTTTAAGGAAGGTGTAGAGTTTCTTAGAGACGGTTGGGAAATTGTTAAATTTATCTCAACCTGTGCTTGTGAAATTGTCGGTGGACAAATTGTCACCTGTGCAAAGGAAATTAAGGAGAGTGTTCAGACATTCTTTAAGCTTGTAAATAAATTTTTGGCTTTGTGTGCTGACTCTATCATTATTGGTGGAGCTAAACTTAAAGCCTTGAATTTAGGTGAAACATTTGTCACGCACTCAAAGGGATTGTACAGAAAGTGTGTTAAATCCAGAGAAGAAACTGGCCTACTCATGCCTCTAAAAGCCCCAAAAGAAATTATCTTCTTAGAGGGAGAAACACTTCCCACAGAAGTGTTAACAGAGGAAGTTGTCTTGAAAACTGGTGATTTACAACCATTAGAACAACCTACTAGTGAAGCTGTTGAAGCTCCATTGGTTGGTACACCAGTTTGTATTAACGGGCTTATGTTGCTCGAAATCAAAGACACAGAAAAGTACTGTGCCCTTGCACCTAATATGATGGTAACAAACAATACCTTCACACTCAAAGGCGGTGCACCAACAAAGGTTACTTTTGGTGATGACACTGTGATAGAAGTGCAAGGTTACAAGAGTGTGAATATCACTTTTGAACTTGATGAAAGGATTGATAAAGTACTTAATGAGAAGTGCTCTGCCTATACAGTTGAACTCGGTACAGAAGTAAATGAGTTCGCCTGTGTTGTGGCAGATGCTGTCATAAAAACTTTGCAACCAGTATCTGAATTACTTACACCACTGGGCATTGATTTAGATGAGTGGAGTATGGCTACATACTACTTATTTGATGAGTCTGGTGAGTTTAAATTGGCTTCACATATGTATTGTTCTTTCTACCCTCCAGATGAGGATGAAGAAGAAGGTGATTGTGAAGAAGAAGAGTTTGAGCCATCAACTCAATATGAGTATGGTACTGAAGATGATTACCAAGGTAAACCTTTGGAATTTGGTGCCACTTCTGCTGCTCTTCAACCTGAAGAAGAGCAAGAAGAAGATTGGTTAGATGATGATAGTCAACAAACTGTTGGTCAACAAGACGGCAGTGAGGACAATCAGACAACTACTATTCAAACAATTGTTGAGGTTCAACCTCAATTAGAGATGGAACTTACACCAGTTGTTCAGACTATTGAAGTGAATAGTTTTAGTGGTTATTTAAAACTTACTGACAATGTATACATTAAAAATGCAGACATTGTGGAAGAAGCTAAAAAGGTAAAACCAACAGTGGTTGTTAATGCAGCCAATGTTTACCTTAAACATGGAGGAGGTGTTGCAGGAGCCTTAAATAAGGCTACTAACAATGCCATGCAAGTTGAATCTGATGATTACATAGCTACTAATGGACCACTTAAAGTGGGTGGTAGTTGTGTTTTAAGCGGACACAATCTTGCTAAACACTGTCTTCATGTTGTCGGCCCAAATGTTAACAAAGGTGAAGACATTCAACTTCTTAAGAGTGCTTATGAAAATTTTAATCAGCACGAAGTTCTACTTGCACCATTATTATCAGCTGGTATTTTTGGTGCTGACCCTATACATTCTTTAAGAGTTTGTGTAGATACTGTTCGCACAAATGTCTACTTAGCTGTCTTTGATAAAAATCTCTATGACAAACTTGTTTCAAGCTTTTTGGAAATGAAGAGTGAAAAGCAAGTTGAACAAAAGATCGCTGAGATTCCTAAAGAGGAAGTTAAGCCATTTATAACTGAAAGTAAACCTTCAGTTGAACAGAGAAAACAAGATGATAAGAAAATCAAAGCTTGTGTTGAAGAAGTTACAACAACTCTGGAAGAAACTAAGTTCCTCACAGAAAACTTGTTACTTTATATTGACATTAATGGCAATCTTCATCCAGATTCTGCCACTCTTGTTAGTGACATTGACATCACTTTCTTAAAGAAAGATGCTCCATATATAGTGGGTGATGTTGTTCAAGAGGGTGTTTTAACTGCTGTGGTTATACCTACTAAAAAGGCTGGTGGCACTACTGAAATGCTAGCGAAAGCTTTGAGAAAAGTGCCAACAGACAATTATATAACCACTTACCCGGGTCAGGGTTTAAATGGTTACACTGTAGAGGAGGCAAAGACAGTGCTTAAAAAGTGTAAAAGTGCCTTTTACATTCTACCATCTATTATCTCTAATGAGAAGCAAGAAATTCTTGGAACTGTTTCTTGGAATTTGCGAGAAATGCTTGCACATGCAGAAGAAACACGCAAATTAATGCCTGTCTGTGTGGAAACTAAAGCCATAGTTTCAACTATACAGCGTAAATATAAGGGTATTAAAATACAAGAGGGTGTGGTTGATTATGGTGCTAGATTTTACTTTTACACCAGTAAAACAACTGTAGCGTCACTTATCAACACACTTAACGATCTAAATGAAACTCTTGTTACAATGCCACTTGGCTATGTAACACATGGCTTAAATTTGGAAGAAGCTGCTCGGTATATGAGATCTCTCAAAGTGCCAGCTACAGTTTCTGTTTCTTCACCTGATGCTGTTACAGCGTATAATGGTTATCTTACTTCTTCTTCTAAAACACCTGAAGAACATTTTATTGAAACCATCTCACTTGCTGGTTCCTATAAAGATTGGTCCTATTCTGGACAATCTACACAACTAGGTATAGAATTTCTTAAGAGAGGTGATAAAAGTGTATATTACACTAGTAATCCTACCACATTCCACCTAGATGGTGAAGTTATCACCTTTGACAATCTTAAGACACTTCTTTCTTTGAGAGAAGTGAGGACTATTAAGGTGTTTACAACAGTAGACAACATTAACCTCCACACGCAAGTTGTGGACATGTCAATGACATATGGACAACAGTTTGGTCCAACTTATTTGGATGGAGCTGATGTTACTAAAATAAAACCTCATAATTCACATGAAGGTAAAACATTTTATGTTTTACCTAATGATGACACTCTACGTGTTGAGGCTTTTGAGTACTACCACACAACTGATCCTAGTTTTCTGGGTAGGTACATGTCAGCATTAAATCACACTAAAAAGTGGAAATACCCACAAGTTAATGGTTTAACTTCTATTAAATGGGCAGATAACAACTGTTATCTTGCCACTGCATTGTTAACACTCCAACAAATAGAGTTGAAGTTTAATCCACCTGCTCTACAAGATGCTTATTACAGAGCAAGGGCTGGTGAAGCTGCTAACTTTTGTGCACTTATCTTAGCCTACTGTAATAAGACAGTAGGTGAGTTAGGTGATGTTAGAGAAACAATGAGTTACTTGTTTCAACATGCCAATTTAGATTCTTGCAAAAGAGTCTTGAACGTGGTGTGTAAAACTTGTGGACAACAGCAGACAACCCTTAAGGGTGTAGAAGCTGTTATGTACATGGGCACACTTTCTTATGAACAATTTAAGAAAGGTGTTCAGATACCTTGTACGTGTGGTAAACAAGCTACAAAATATCTAGTACAACAGGAGTCACCTTTTGTTATGATGTCAGCACCACCTGCTCAGTATGAACTTAAGCATGGTACATTTACTTGTGCTAGTGAGTACACTGGTAATTACCAGTGTGGTCACTATAAACATATAACTTCTAAAGAAACTTTGTATTGCATAGACGGTGCTTTACTTACAAAGTCCTCAGAATACAAAGGTCCTATTACGGATGTTTTCTACAAAGAAAACAGTTACACAACAACCATAAAACCAGTTACTTATAAATTGGATGGTGTTGTTTGTACAGAAATTGACCCTAAGTTGGACAATTATTATAAGAAAGACAATTCTTATTTCACAGAGCAACCAATTGATCTTGTACCAAACCAACCATATCCAAACGCAAGCTTCGATAATTTTAAGTTTGTATGTGATAATATCAAATTTGCTGATGATTTAAACCAGTTAACTGGTTATAAGAAACCTGCTTCAAGAGAGCTTAAAGTTACATTTTTCCCTGACTTAAATGGTGATGTGGTGGCTATTGATTATAAACACTACACACCCTCTTTTAAGAAAGGAGCTAAATTGTTACATAAACCTATTGTTTGGCATGTTAACAATGCAACTAATAAAGCCACGTATAAACCAAATACCTGGTGTATACGTTGTCTTTGGAGCACAAAACCAGTTGAAACATCAAATTCGTTTGATGTACTGAAGTCAGAGGACGCGCAGGGAATGGATAATCTTGCCTGCGAAGATCTAAAACCAGTCTCTGAAGAAGTAGTGGAAAATCCTACCATACAGAAAGACGTTCTTGAGTGTAATGTGAAAACTACCGAAGTTGTAGGAGACATTATACTTAAACCAGCAAATAATAGTTTAAAAATTACAGAAGAGGTTGGCCACACAGATCTAATGGCTGCTTATGTAGACAATTCTAGTCTTACTATTAAGAAACCTAATGAATTATCTAGAGTATTAGGTTTGAAAACCCTTGCTACTCATGGTTTAGCTGCTGTTAATAGTGTCCCTTGGGATACTATAGCTAATTATGCTAAGCCTTTTCTTAACAAAGTTGTTAGTACAACTACTAACATAGTTACACGGTGTTTAAACCGTGTTTGTACTAATTATATGCCTTATTTCTTTACTTTATTGCTACAATTGTGTACTTTTACTAGAAGTACAAATTCTAGAATTAAAGCATCTATGCCGACTACTATAGCAAAGAATACTGTTAAGAGTGTCGGTAAATTTTGTCTAGAGGCTTCATTTAATTATTTGAAGTCACCTAATTTTTCTAAACTGATAAATATTATAATTTGGTTTTTACTATTAAGTGTTTGCCTAGGTTCTTTAATCTACTCAACCGCTGCTTTAGGTGTTTTAATGTCTAATTTAGGCATGCCTTCTTACTGTACTGGTTACAGAGAAGGCTATTTGAACTCTACTAATGTCACTATTGCAACCTACTGTACTGGTTCTATACCTTGTAGTGTTTGTCTTAGTGGTTTAGATTCTTTAGACACCTATCCTTCTTTAGAAACTATACAAATTACCATTTCATCTTTTAAATGGGATTTAACTGCTTTTGGCTTAGTTGCAGAGTGGTTTTTGGCATATATTCTTTTCACTAGGTTTTTCTATGTACTTGGATTGGCTGCAATCATGCAATTGTTTTTCAGCTATTTTGCAGTACATTTTATTAGTAATTCTTGGCTTATGTGGTTAATAATTAATCTTGTACAAATGGCCCCGATTTCAGCTATGGTTAGAATGTACATCTTCTTTGCATCATTTTATTATGTATGGAAAAGTTATGTGCATGTTGTAGACGGTTGTAATTCATCAACTTGTATGATGTGTTACAAACGTAATAGAGCAACAAGAGTCGAATGTACAACTATTGTTAATGGTGTTAGAAGGTCCTTTTATGTCTATGCTAATGGAGGTAAAGGCTTTTGCAAACTACACAATTGGAATTGTGTTAATTGTGATACATTCTGTGCTGGTAGTACATTTATTAGTGATGAAGTTGCGAGAGACTTGTCACTACAGTTTAAAAGACCAATAAATCCTACTGACCAGTCTTCTTACATCGTTGATAGTGTTACAGTGAAGAATGGTTCCATCCATCTTTACTTTGATAAAGCTGGTCAAAAGACTTATGAAAGACATTCTCTCTCTCATTTTGTTAACTTAGACAACCTGAGAGCTAATAACACTAAAGGTTCATTGCCTATTAATGTTATAGTTTTTGATGGTAAATCAAAATGTGAAGAATCATCTGCAAAATCAGCGTCTGTTTACTACAGTCAGCTTATGTGTCAACCTATACTGTTACTAGATCAGGCATTAGTGTCTGATGTTGGTGATAGTGCGGAAGTTGCAGTTAAAATGTTTGATGCTTACGTTAATACGTTTTCATCAACTTTTAACGTACCAATGGAAAAACTCAAAACACTAGTTGCAACTGCAGAAGCTGAACTTGCAAAGAATGTGTCCTTAGACAATGTCTTATCTACTTTTATTTCAGCAGCTCGGCAAGGGTTTGTTGATTCAGATGTAGAAACTAAAGATGTTGTTGAATGTCTTAAATTGTCACATCAATCTGACATAGAAGTTACTGGCGATAGTTGTAATAACTATATGCTCACCTATAACAAAGTTGAAAACATGACACCCCGTGACCTTGGTGCTTGTATTGACTGTAGTGCGCGTCATATTAATGCGCAGGTAGCAAAAAGTCACAACATTGCTTTGATATGGAACGTTAAAGATTTCATGTCATTGTCTGAACAACTACGAAAACAAATACGTAGTGCTGCTAAAAAGAATAACTTACCTTTTAAGTTGACATGTGCAACTACTAGACAAGTTGTTAATGTTGTAACAACAAAGATAGCACTTAAGGGTGGTAAAATTGTTAATAATTGGTTGAAGCAGTTAATTAAAGTTACACTTGTGTTCCTTTTTGTTGCTGCTATTTTCTATTTAATAACACCTGTTCATGTCATGTCTAAACATACTGACTTTTCAAGTGAAATCATAGGATACAAGGCTATTGATGGTGGTGTCACTCGTGACATAGCATCTACAGATACTTGTTTTGCTAACAAACATGCTGATTTTGACACATGGTTTAGCCAGCGTGGTGGTAGTTATACTAATGACAAAGCTTGCCCATTGATTGCTGCAGTCATAACAAGAGAAGTGGGTTTTGTCGTGCCTGGTTTGCCTGGCACGATATTACGCACAACTAATGGTGACTTTTTGCATTTCTTACCTAGAGTTTTTAGTGCAGTTGGTAACATCTGTTACACACCATCAAAACTTATAGAGTACACTGACTTTGCAACATCAGCTTGTGTTTTGGCTGCTGAATGTACAATTTTTAAAGATGCTTCTGGTAAGCCAGTACCATATTGTTATGATACCAATGTACTAGAAGGTTCTGTTGCTTATGAAAGTTTACGCCCTGACACACGTTATGTGCTCATGGATGGCTCTATTATTCAATTTCCTAACACCTACCTTGAAGGTTCTGTTAGAGTGGTAACAACTTTTGATTCTGAGTACTGTAGGCACGGCACTTGTGAAAGATCAGAAGCTGGTGTTTGTGTATCTACTAGTGGTAGATGGGTACTTAACAATGATTATTACAGATCTTTACCAGGAGTTTTCTGTGGTGTAGATGCTGTAAATTTACTTACTAATATGTTTACACCACTAATTCAACCTATTGGTGCTTTGGACATATCAGCATCTATAGTAGCTGGTGGTATTGTAGCTATCGTAGTAACATGCCTTGCCTACTATTTTATGAGGTTTAGAAGAGCTTTTGGTGAATACAGTCATGTAGTTGCCTTTAATACTTTACTATTCCTTATGTCATTCACTGTACTCTGTTTAACACCAGTTTACTCATTCTTACCTGGTGTTTATTCTGTTATTTACTTGTACTTGACATTTTATCTTACTAATGATGTTTCTTTTTTAGCACATATTCAGTGGATGGTTATGTTCACACCTTTAGTACCTTTCTGGATAACAATTGCTTATATCATTTGTATTTCCACAAAGCATTTCTATTGGTTCTTTAGTAATTACCTAAAGAGACGTGTAGTCTTTAATGGTGTTTCCTTTAGTACTTTTGAAGAAGCTGCGCTGTGCACCTTTTTGTTAAATAAAGAAATGTATCTAAAGTTGCGTAGTGATGTGCTATTACCTCTTACGCAATATAATAGATACTTAGCTCTTTATAATAAGTACAAGTATTTTAGTGGAGCAATGGATACAACTAGCTACAGAGAAGCTGCTTGTTGTCATCTCGCAAAGGCTCTCAATGACTTCAGTAACTCAGGTTCTGATGTTCTTTACCAACCACCACAAACCTCTATCACCTCAGCTGTTTTGCAGAGTGGTTTTAGAAAAATGGCATTCCCATCTGGTAAAGTTGAGGGTTGTATGGTACAAGTAACTTGTGGTACAACTACACTTAACGGTCTTTGGCTTGATGACGTAGTTTACTGTCCAAGACATGTGATCTGCACCTCTGAAGACATGCTTAACCCTAATTATGAAGATTTACTCATTCGTAAGTCTAATCATAATTTCTTGGTACAGGCTGGTAATGTTCAACTCAGGGTTATTGGACATTCTATGCAAAATTGTGTACTTAAGCTTAAGGTTGATACAGCCAATCCTAAGACACCTAAGTATAAGTTTGTTCGCATTCAACCAGGACAGACTTTTTCAGTGTTAGCTTGTTACAATGGTTCACCATCTGGTGTTTACCAATGTGCTATGAGGCCCAATTTCACTATTAAGGGTTCATTCCTTAATGGTTCATGTGGTAGTGTTGGTTTTAACATAGATTATGACTGTGTCTCTTTTTGTTACATGCACCATATGGAATTACCAACTGGAGTTCATGCTGGCACAGACTTAGAAGGTAACTTTTATGGACCTTTTGTTGACAGGCAAACAGCACAAGCAGCTGGTACGGACACAACTATTACAGTTAATGTTTTAGCTTGGTTGTACGCTGCTGTTATAAATGGAGACAGGTGGTTTCTCAATCGATTTACCACAACTCTTAATGACTTTAACCTTGTGGCTATGAAGTACAATTATGAACCTCTAACACAAGACCATGTTGACATACTAGGACCTCTTTCTGCTCAAACTGGAATTGCCGTTTTAGATATGTGTGCTTCATTAAAAGAATTACTGCAAAATGGTATGAATGGACGTACCATATTGGGTAGTGCTTTATTAGAAGATGAATTTACACCTTTTGATGTTGTTAGACAATGCTCAGGTGTTACTTTCCAAAGTGCAGTGAAAAGAACAATCAAGGGTACACACCACTGGTTGTTACTCACAATTTTGACTTCACTTTTAGTTTTAGTCCAGAGTACTCAATGGTCTTTGTTCTTTTTTTTGTATGAAAATGCCTTTTTACCTTTTGCTATGGGTATTATTGCTATGTCTGCTTTTGCAATGATGTTTGTCAAACATAAGCATGCATTTCTCTGTTTGTTTTTGTTACCTTCTCTTGCCACTGTAGCTTATTTTAATATGGTCTATATGCCTGCTAGTTGGGTGATGCGTATTATGACATGGTTGGATATGGTTGATACTAGTTTGTCTGGTTTTAAGCTAAAAGACTGTGTTATGTATGCATCAGCTGTAGTGTTACTAATCCTTATGACAGCAAGAACTGTGTATGATGATGGTGCTAGGAGAGTGTGGACACTTATGAATGTCTTGACACTCGTTTATAAAGTTTATTATGGTAATGCTTTAGATCAAGCCATTTCCATGTGGGCTCTTATAATCTCTGTTACTTCTAACTACTCAGGTGTAGTTACAACTGTCATGTTTTTGGCCAGAGGTATTGTTTTTATGTGTGTTGAGTATTGCCCTATTTTCTTCATAACTGGTAATACACTTCAGTGTATAATGCTAGTTTATTGTTTCTTAGGCTATTTTTGTACTTGTTACTTTGGCCTCTTTTGTTTACTCAACCGCTACTTTAGACTGACTCTTGGTGTTTATGATTACTTAGTTTCTACACAGGAGTTTAGATATATGAATTCACAGGGACTACTCCCACCCAAGAATAGCATAGATGCCTTCAAACTCAACATTAAATTGTTGGGTGTTGGTGGCAAACCTTGTATCAAAGTAGCCACTGTACAGTCTAAAATGTCAGATGTAAAGTGCACATCAGTAGTCTTACTCTCAGTTTTGCAACAACTCAGAGTAGAATCATCATCTAAATTGTGGGCTCAATGTGTCCAGTTACACAATGACATTCTCTTAGCTAAAGATACTACTGAAGCCTTTGAAAAAATGGTTTCACTACTTTCTGTTTTGCTTTCCATGCAGGGTGCTGTAGACATAAACAAGCTTTGTGAAGAAATGCTGGACAACAGGGCAACCTTACAAGCTATAGCCTCAGAGTTTAGTTCCCTTCCATCATATGCAGCTTTTGCTACTGCTCAAGAAGCTTATGAGCAGGCTGTTGCTAATGGTGATTCTGAAGTTGTTCTTAAAAAGTTGAAGAAGTCTTTGAATGTGGCTAAATCTGAATTTGACCGTGATGCAGCCATGCAACGTAAGTTGGAAAAGATGGCTGATCAAGCTATGACCCAAATGTATAAACAGGCTAGATCTGAGGACAAGAGGGCAAAAGTTACTAGTGCTATGCAGACAATGCTTTTCACTATGCTTAGAAAGTTGGATAATGATGCACTCAACAACATTATCAACAATGCAAGAGATGGTTGTGTTCCCTTGAACATAATACCTCTTACAACAGCAGCCAAACTAATGGTTGTCATACCAGACTATAACACATATAAAAATACGTGTGATGGTACAACATTTACTTATGCATCAGCATTGTGGGAAATCCAACAGGTTGTAGATGCAGATAGTAAAATTGTTCAACTTAGTGAAATTAGTATGGACAATTCACCTAATTTAGCATGGCCTCTTATTGTAACAGCTTTAAGGGCCAATTCTGCTGTCAAATTACAGAATAATGAGCTTAGTCCTGTTGCACTACGACAGATGTCTTGTGCTGCCGGTACTACACAAACTGCTTGCACTGATGACAATGCGTTAGCTTACTACAACACAACAAAGGGAGGTAGGTTTGTACTTGCACTGTTATCCGATTTACAGGATTTGAAATGGGCTAGATTCCCTAAGAGTGATGGAACTGGTACTATCTATACAGAACTGGAACCACCTTGTAGGTTTGTTACAGACACACCTAAAGGTCCTAAAGTGAAGTATTTATACTTTATTAAAGGATTAAACAACCTAAATAGAGGTATGGTACTTGGTAGTTTAGCTGCCACAGTACGTCTACAAGCTGGTAATGCAACAGAAGTGCCTGCCAATTCAACTGTATTATCTTTCTGTGCTTTTGCTGTAGATGCTGCTAAAGCTTACAAAGATTATCTAGCTAGTGGGGGACAACCAATCACTAATTGTGTTAAGATGTTGTGTACACACACTGGTACTGGTCAGGCAATAACAGTTACACCGGAAGCCAATATGGATCAAGAATCCTTTGGTGGTGCATCGTGTTGTCTGTACTGCCGTTGCCACATAGATCATCCAAATCCTAAAGGATTTTGTGACTTAAAAGGTAAGTATGTACAAATACCTACAACTTGTGCTAATGACCCTGTGGGTTTTACACTTAAAAACACAGTCTGTACCGTCTGCGGTATGTGGAAAGGTTATGGCTGTAGTTGTGATCAACTCCGCGAACCCATGCTTCAGTCAGCTGATGCACAATCGTTTTTAAACGGGTTTGCGGTGTAAGTGCAGCCCGTCTTACACCGTGCGGCACAGGCACTAGTACTGATGTCGTATACAGGGCTTTTGACATCTACAATGATAAAGTAGCTGGTTTTGCTAAATTCCTAAAAACTAATTGTTGTCGCTTCCAAGAAAAGGACGAAGATGACAATTTAATTGATTCTTACTTTGTAGTTAAGAGACACACTTTCTCTAACTACCAACATGAAGAAACAATTTATAATTTACTTAAGGATTGTCCAGCTGTTGCTAAACATGACTTCTTTAAGTTTAGAATAGACGGTGACATGGTACCACATATATCACGTCAACGTCTTACTAAATACACAATGGCAGACCTCGTCTATGCTTTAAGGCATTTTGATGAAGGTAATTGTGACACATTAAAAGAAATACTTGTCACATACAATTGTTGTGATGATGATTATTTCAATAAAAAGGACTGGTATGATTTTGTAGAAAACCCAGATATATTACGCGTATACGCCAACTTAGGTGAACGTGTACGCCAAGCTTTGTTAAAAACAGTACAATTCTGTGATGCCATGCGAAATGCTGGTATTGTTGGTGTACTGACATTAGATAATCAAGATCTCAATGGTAACTGGTATGATTTCGGTGATTTCATACAAACCACGCCAGGTAGTGGAGTTCCTGTTGTAGATTCTTATTATTCATTGTTAATGCCTATATTAACCTTGACCAGGGCTTTAACTGCAGAGTCACATGTTGACACTGACTTAACAAAGCCTTACATTAAGTGGGATTTGTTAAAATATGACTTCACGGAAGAGAGGTTAAAACTCTTTGACCGTTATTTTAAATATTGGGATCAGACATACCACCCAAATTGTGTTAACTGTTTGGATGACAGATGCATTCTGCATTGTGCAAACTTTAATGTTTTATTCTCTACAGTGTTCCCACCTACAAGTTTTGGACCACTAGTGAGAAAAATATTTGTTGATGGTGTTCCATTTGTAGTTTCAACTGGATACCACTTCAGAGAGCTAGGTGTTGTACATAATCAGGATGTAAACTTACATAGCTCTAGACTTAGTTTTAAGGAATTACTTGTGTATGCTGCTGACCCTGCTATGCACGCTGCTTCTGGTAATCTATTACTAGATAAACGCACTACGTGCTTTTCAGTAGCTGCACTTACTAACAATGTTGCTTTTCAAACTGTCAAACCCGGTAATTTTAACAAAGACTTCTATGACTTTGCTGTGTCTAAGGGTTTCTTTAAGGAAGGAAGTTCTGTTGAATTAAAACACTTCTTCTTTGCTCAGGATGGTAATGCTGCTATCAGCGATTATGACTACTATCGTTATAATCTACCAACAATGTGTGATATCAGACAACTACTATTTGTAGTTGAAGTTGTTGATAAGTACTTTGATTGTTACGATGGTGGCTGTATTAATGCTAACCAAGTCATCGTCAACAACCTAGACAAATCAGCTGGTTTTCCATTTAATAAATGGGGTAAGGCTAGACTTTATTATGATTCAATGAGTTATGAGGATCAAGATGCACTTTTCGCATATACAAAACGTAATGTCATCCCTACTATAACTCAAATGAATCTTAAGTATGCCATTAGTGCAAAGAATAGAGCTCGCACCGTAGCTGGTGTCTCTATCTGTAGTACTATGACCAATAGACAGTTTCATCAAAAATTATTGAAATCAATAGCCGCCACTAGAGGAGCTACTGTAGTAATTGGAACAAGCAAATTCTATGGTGGTTGGCACAACATGTTAAAAACTGTTTATAGTGATGTAGAAAACCCTCACCTTATGGGTTGGGATTATCCTAAATGTGATAGAGCCATGCCTAACATGCTTAGAATTATGGCCTCACTTGTTCTTGCTCGCAAACATACAACGTGTTGTAGCTTGTCACACCGTTTCTATAGATTAGCTAATGAGTGTGCTCAAGTATTGAGTGAAATGGTCATGTGTGGCGGTTCACTATATGTTAAACCAGGTGGAACCTCATCAGGAGATGCCACAACTGCTTATGCTAATAGTGTTTTTAACATTTGTCAAGCTGTCACGGCCAATGTTAATGCACTTTTATCTACTGATGGTAACAAAATTGCCGATAAGTATGTCCGCAATTTACAACACAGACTTTATGAGTGTCTCTATAGAAATAGAGATGTTGACACAGACTTTGTGAATGAGTTTTACGCATATTTGCGTAAACATTTCTCAATGATGATACTCTCTGACGATGCTGTTGTGTGTTTCAATAGCACTTATGCATCTCAAGGTCTAGTGGCTAGCATAAAGAACTTTAAGTCAGTTCTTTATTATCAAAACAATGTTTTTATGTCTGAAGCAAAATGTTGGACTGAGACTGACCTTACTAAAGGACCTCATGAATTTTGCTCTCAACATACAATGCTAGTTAAACAGGGTGATGATTATGTGTACCTTCCTTACCCAGATCCATCAAGAATCCTAGGGGCCGGCTGTTTTGTAGATGATATCGTAAAAACAGATGGTACACTTATGATTGAACGGTTCGTGTCTTTAGCTATAGATGCTTACCCACTTACTAAACATCCTAATCAGGAGTATGCTGATGTCTTTCATTTGTACTTACAATACATAAGAAAGCTACATGATGAGTTAACAGGACACATGTTAGACATGTATTCTGTTATGCTTACTAATGATAACACTTCAAGGTATTGGGAACCTGAGTTTTATGAGGCTATGTACACACCGCATACAGTCTTACAGGCTGTTGGGGCTTGTGTTCTTTGCAATTCACAGACTTCATTAAGATGTGGTGCTTGCATACGTAGACCATTCTTATGTTGTAAATGCTGTTACGACCATGTCATATCAACATCACATAAATTAGTCTTGTCTGTTAATCCGTATGTTTGCAATGCTCCAGGTTGTGATGTCACAGATGTGACTCAACTTTACTTAGGAGGTATGAGCTATTATTGTAAATCACATAAACCACCCATTAGTTTTCCATTGTGTGCTAATGGACAAGTTTTTGGTTTATATAAAAATACATGTGTTGGTAGCGATAATGTTACTGACTTTAATGCAATTGCAACATGTGACTGGACAAATGCTGGTGATTACATTTTAGCTAACACCTGTACTGAAAGACTCAAGCTTTTTGCAGCAGAAACGCTCAAAGCTACTGAGGAGACATTTAAACTGTCTTATGGTATTGCTACTGTACGTGAAGTGCTGTCTGACAGAGAATTACATCTTTCATGGGAAGTTGGTAAACCTAGACCACCACTTAACCGAAATTATGTCTTTACTGGTTATCGTGTAACTAAAAACAGTAAAGTACAAATAGGAGAGTACACCTTTGAAAAAGGTGACTATGGTGATGCTGTTGTTTACCGAGGTACAACAACTTACAAATTAAATGTTGGTGATTATTTTGTGCTGACATCACATACAGTAATGCCATTAAGTGCACCTACACTAGTGCCACAAGAGCACTATGTTAGAATTACTGGCTTATACCCAACACTCAATATCTCAGATGAGTTTTCTAGCAATGTTGCAAATTATCAAAAGGTTGGTATGCAAAAGTATTCTACACTCCAGGGACCACCTGGTACTGGTAAGAGTCATTTTGCTATTGGCCTAGCTCTCTACTACCCTTCTGCTCGCATAGTGTATACAGCTTGCTCTCATGCCGCTGTTGATGCACTATGTGAGAAGGCATTAAAATATTTGCCTATAGATAAATGTAGTAGAATTATACCTGCACGTGCTCGTGTAGAGTGTTTTGATAAATTCAAAGTGAATTCAACATTAGAACAGTATGTCTTTTGTACTGTAAATGCATTGCCTGAGACGACAGCAGATATAGTTGTCTTTGATGAAATTTCAATGGCCACAAATTATGATTTGAGTGTTGTCAATGCCAGATTACGTGCTAAGCACTATGTGTACATTGGCGACCCTGCTCAATTACCTGCACCACGCACATTGCTAACTAAGGGCACACTAGAACCAGAATATTTCAATTCAGTGTGTAGACTTATGAAAACTATAGGTCCAGACATGTTCCTCGGAACTTGTCGGCGTTGTCCTGCTGAAATTGTTGACACTGTGAGTGCTTTGGTTTATGATAATAAGCTTAAAGCACATAAAGACAAATCAGCTCAATGCTTTAAAATGTTTTATAAGGGTGTTATCACGCATGATGTTTCATCTGCAATTAACAGGCCACAAATAGGCGTGGTAAGAGAATTCCTTACACGTAACCCTGCTTGGAGAAAAGCTGTCTTTATTTCACCTTATAATTCACAGAATGCTGTAGCCTCAAAGATTTTGGGACTACCAACTCAAACTGTTGATTCATCACAGGGCTCAGAATATGACTATGTCATATTCACTCAAACCACTGAAACAGCTCACTCTTGTAATGTAAACAGATTTAATGTTGCTATTACCAGAGCAAAAGTAGGCATACTTTGCATAATGTCTGATAGAGACCTTTATGACAAGTTGCAATTTACAAGTCTTGAAATTCCACGTAGGAATGTGGCAACTTTACAAGCTGAAAATGTAACAGGACTCTTTAAAGATTGTAGTAAGGTAATCACTGGGTTACATCCTACACAGGCACCTACACACCTCAGTGTTGACACTAAATTCAAAACTGAAGGTTTATGTGTTGACATACCTGGCATACCTAAGGACATGACCTATAGAAGACTCATCTCTATGATGGGTTTTAAAATGAATTATCAAGTTAATGGTTACCCTAACATGTTTATCACCCGCGAAGAAGCTATAAGACATGTACGTGCATGGATTGGCTTCGATGTCGAGGGGTGTCATGCTACTAGAGAAGCTGTTGGTACCAATTTACCTTTACAGCTAGGTTTTTCTACAGGTGTTAACCTAGTTGCTGTACCTACAGGTTATGTTGATACACCTAATAATACAGATTTTTCCAGAGTTAGTGCTAAACCACCGCCTGGAGATCAATTTAAACACCTCATACCACTTATGTACAAAGGACTTCCTTGGAATGTAGTGCGTATAAAGATTGTACAAATGTTAAGTGACACACTTAAAAATCTCTCTGACAGAGTCGTATTTGTCTTATGGGCACATGGCTTTGAGTTGACATCTATGAAGTATTTTGTGAAAATAGGACCTGAGCGCACCTGTTGTCTATGTGATAGACGTGCCACATGCTTTTCCACTGCTTCAGACACTTATGCCTGTTGGCATCATTCTATTGGATTTGATTACGTCTATAATCCGTTTATGATTGATGTTCAACAATGGGGTTTTACAGGTAACCTACAAAGCAACCATGATCTGTATTGTCAAGTCCATGGTAATGCACATGTAGCTAGTTGTGATGCAATCATGACTAGGTGTCTAGCTGTCCACGAGTGCTTTGTTAAGCGTGTTGACTGGACTATTGAATATCCTATAATTGGTGATGAACTGAAGATTAATGCGGCTTGTAGAAAGGTTCAACACATGGTTGTTAAAGCTGCATTATTAGCAGACAAATTCCCAGTTCTTCACGACATTGGTAACCCTAAAGCTATTAAGTGTGTACCTCAAGCTGATGTAGAATGGAAGTTCTATGATGCACAGCCTTGTAGTGACAAAGCTTATAAAATAGAAGAATTATTCTATTCTTATGCCACACATTCTGACAAATTCACAGATGGTGTATGCCTATTTTGGAATTGCAATGTCGATAGATATCCTGCTAATTCCATTGTTTGTAGATTTGACACTAGAGTGCTATCTAACCTTAACTTGCCTGGTTGTGATGGTGGCAGTTTGTATGTAAATAAACATGCATTCCACACACCAGCTTTTGATAAAAGTGCTTTTGTTAATTTAAAACAATTACCATTTTTCTATTACTCTGACAGTCCATGTGAGTCTCATGGAAAACAAGTAGTGTCAGATATAGATTATGTACCACTAAAGTCTGCTACGTGTATAACACGTTGCAATTTAGGTGGTGCTGTCTGTAGACATCATGCTAATGAGTACAGATTGTATCTCGATGCTTATAACATGATGATCTCAGCTGGCTTTAGCTTGTGGGTTTACAAACAATTTGATACTTATAACCTCTGGAACACTTTTACAAGACTTCAGAGTTTAGAAAATGTGGCTTTTAATGTTGTAAATAAGGGACACTTTGATGGACAACAGGGTGAAGTACCAGTTTCTATCATTAATAACACTGTTTACACAAAAGTTGATGGTGTTGATGTAGAATTGTTTGAAAATAAAACAACATTACCTGTTAATGTAGCATTTGAGCTTTGGGCTAAGCGCAACATTAAACCAGTACCAGAGGTGAAAATACTCAATAATTTGGGTGTGGACATTGCTGCTAATACTGTGATCTGGGACTACAAAAGAGATGCTCCAGCACATATATCTACTATTGGTGTTTGTTCTATGACTGACATAGCCAAGAAACCAACTGAAACGATTTGTGCACCACTCACTGTCTTTTTTGATGGTAGAGTTGATGGTCAAGTAGACTTATTTAGAAATGCCCGTAATGGTGTTCTTATTACAGAAGGTAGTGTTAAAGGTTTACAACCATCTGTAGGTCCCAAACAAGCTAGTCTTAATGGAGTCACATTAATTGGAGAAGCCGTAAAAACACAGTTCAATTATTATAAGAAAGTTGATGGTGTTGTCCAACAATTACCTGAAACTTACTTTACTCAGAGTAGAAATTTACAAGAATTTAAACCCAGGAGTCAAATGGAAATTGATTTCTTAGAATTAGCTATGGATGAATTCATTGAACGGTATAAATTAGAAGGCTATGCCTTCGAACATATCGTTTATGGAGATTTTAGTCATAGTCAGTTAGGTGGTTTACATCTACTGATTGGACTAGCTAAACGTTTTAAGGAATCACCTTTTGAATTAGAAGATTTTATTCCTATGGACAGTACAGTTAAAAACTATTTCATAACAGATGCGCAAACAGGTTCATCTAAGTGTGTGTGTTCTGTTATTGATTTATTACTTGATGATTTTGTTGAAATAATAAAATCCCAAGATTTATCTGTAGTTTCTAAGGTTGTCAAAGTGACTATTGACTATACAGAAATTTCATTTATGCTTTGGTGTAAAGATGGCCATGTAGAAACATTTTACCCAAAATTACAATCTAGTCAAGCGTGGCAACCGGGTGTTGCTATGCCTAATCTTTACAAAATGCAAAGAATGCTATTAGAAAAGTGTGACCTTCAAAATTATGGTGATAGTGCAACATTACCTAAAGGCATAATGATGAATGTCGCAAAATATACTCAACTGTGTCAATATTTAAACACATTAACATTAGCTGTACCCTATAATATGAGAGTTATACATTTTGGTGCTGGTTCTGATAAAGGAGTTGCACCAGGTACAGCTGTTTTAAGACAGTGGTTGCCTACGGGTACGCTGCTTGTCGATTCAGATCTTAATGACTTTGTCTCTGATGCAGATTCAACTTTGATTGGTGATTGTGCAACTGTACATACAGCTAATAAATGGGATCTCATTATTAGTGATATGTACGACCCTAAGACTAAAAATGTTACAAAAGAAAATGACTCTAAAGAGGGTTTTTTCACTTACATTTGTGGGTTTATACAACAAAAGCTAGCTCTTGGAGGTTCCGTGGCTATAAAGATAACAGAACATTCTTGGAATGCTGATCTTTATAAGCTCATGGGACACTTCGCATGGTGGACAGCCTTTGTTACTAATGTGAATGCGTCATCATCTGAAGCATTTTTAATTGGATGTAATTATCTTGGCAAACCACGCGAACAAATAGATGGTTATGTCATGCATGCAAATTACATATTTTGGAGGAATACAAATCCAATTCAGTTGTCTTCCTATTCTTTATTTGACATGAGTAAATTTCCCCTTAAATTAAGGGGTACTGCTGTTATGTCTTTAAAAGAAGGTCAAATCAATGATATGATTTTATCTCTTCTTAGTAAAGGTAGACTTATAATTAGAGAAAACAACAGAGTTGTTATTTCTAGTGATGTTCTTGTTAACAACTAAACGAACAATGTTTGTTTTTCTTGTTTTATTGCCACTAGTCTCTAGTCAGTGTGTTAATCTTACAACCAGAACTCAATTACCCCCTGCATACACTAATTCTTTCACACGTGGTGTTTATTACCCTGACAAAGTTTTCAGATCCTCAGTTTTACATTCAACTCAGGACTTGTTCTTACCTTTCTTTTCCAATGTTACTTGGTTCCATGCTATACATGTCTCTGGGACCAATGGTACTAAGAGGTTTGATAACCCTGTCCTACCATTTAATGATGGTGTTTATTTTGCTTCCACTGAGAAGTCTAACATAATAAGAGGCTGGATTTTTGGTACTACTTTAGATTCGAAGACCCAGTCCCTACTTATTGTTAATAACGCTACTAATGTTGTTATTAAAGTCTGTGAATTTCAATTTTGTAATGATCCATTTTTGGGTGTTTATTACCACAAAAACAACAAAAGTTGGATGGAAAGTGAGTTCAGAGTTTATTCTAGTGCGAATAATTGCACTTTTGAATATGTCTCTCAGCCTTTTCTTATGGACCTTGAAGGAAAACAGGGTAATTTCAAAAATCTTAGGGAATTTGTGTTTAAGAATATTGATGGTTATTTTAAAATATATTCTAAGCACACGCCTATTAATTTAGTGCGTGATCTCCCTCAGGGTTTTTCGGCTTTAGAACCATTGGTAGATTTGCCAATAGGTATTAACATCACTAGGTTTCAAACTTTACTTGCTTTACATAGAAGTTATTTGACTCCTGGTGATTCTTCTTCAGGTTGGACAGCTGGTGCTGCAGCTTATTATGTGGGTTATCTTCAACCTAGGACTTTTCTATTAAAATATAATGAAAATGGAACCATTACAGATGCTGTAGACTGTGCACTTGACCCTCTCTCAGAAACAAAGTGTACGTTGAAATCCTTCACTGTAGAAAAAGGAATCTATCAAACTTCTAACTTTAGAGTCCAACCAACAGAATCTATTGTTAGATTTCCTAATATTACAAACTTGTGCCCTTTTGGTGAAGTTTTTAACGCCACCAGATTTGCATCTGTTTATGCTTGGAACAGGAAGAGAATCAGCAACTGTGTTGCTGATTATTCTGTCCTATATAATTCCGCATCATTTTCCACTTTTAAGTGTTATGGAGTGTCTCCTACTAAATTAAATGATCTCTGCTTTACTAATGTCTATGCAGATTCATTTGTAATTAGAGGTGATGAAGTCAGACAAATCGCTCCAGGGCAAACTGGAAAGATTGCTGATTATAATTATAAATTACCAGATGATTTTACAGGCTGCGTTATAGCTTGGAATTCTAACAATCTTGATTCTAAGGTTGGTGGTAATTATAATTACCTGTATAGATTGTTTAGGAAGTCTAATCTCAAACCTTTTGAGAGAGATATTTCAACTGAAATCTATCAGGCCGGTAGCACACCTTGTAATGGTGTTGAAGGTTTTAATTGTTACTTTCCTTTACAATCATATGGTTTCCAACCCACTAATGGTGTTGGTTACCAACCATACAGAGTAGTAGTACTTTCTTTTGAACTTCTACATGCACCAGCAACTGTTTGTGGACCTAAAAAGTCTACTAATTTGGTTAAAAACAAATGTGTCAATTTCAACTTCAATGGTTTAACAGGCACAGGTGTTCTTACTGAGTCTAACAAAAAGTTTCTGCCTTTCCAACAATTTGGCAGAGACATTGCTGACACTACTGATGCTGTCCGTGATCCACAGACACTTGAGATTCTTGACATTACACCATGTTCTTTTGGTGGTGTCAGTGTTATAACACCAGGAACAAATACTTCTAACCAGGTTGCTGTTCTTTATCAGGATGTTAACTGCACAGAAGTCCCTGTTGCTATTCATGCAGATCAACTTACTCCTACTTGGCGTGTTTATTCTACAGGTTCTAATGTTTTTCAAACACGTGCAGGCTGTTTAATAGGGGCTGAACATGTCAACAACTCATATGAGTGTGACATACCCATTGGTGCAGGTATATGCGCTAGTTATCAGACTCAGACTAATTCTCCTCGGCGGGCACGTAGTGTAGCTAGTCAATCCATCATTGCCTACACTATGTCACTTGGTGCAGAAAATTCAGTTGCTTACTCTAATAACTCTATTGCCATACCCACAAATTTTACTATTAGTGTTACCACAGAAATTCTACCAGTGTCTATGACCAAGACATCAGTAGATTGTACAATGTACATTTGTGGTGATTCAACTGAATGCAGCAATCTTTTGTTGCAATATGGCAGTTTTTGTACACAATTAAACCGTGCTTTAACTGGAATAGCTGTTGAACAAGACAAAAACACCCAAGAAGTTTTTGCACAAGTCAAACAAATTTACAAAACACCACCAATTAAAGATTTTGGTGGTTTTAATTTTTCACAAATATTACCAGATCCATCAAAACCAAGCAAGAGGTCATTTATTGAAGATCTACTTTTCAACAAAGTGACACTTGCAGATGCTGGCTTCATCAAACAATATGGTGATTGCCTTGGTGATATTGCTGCTAGAGACCTCATTTGTGCACAAAAGTTTAACGGCCTTACTGTTTTGCCACCTTTGCTCACAGATGAAATGATTGCTCAATACACTTCTGCACTGTTAGCGGGTACAATCACTTCTGGTTGGACCTTTGGTGCAGGTGCTGCATTACAAATACCATTTGCTATGCAAATGGCTTATAGGTTTAATGGTATTGGAGTTACACAGAATGTTCTCTATGAGAACCAAAAATTGATTGCCAACCAATTTAATAGTGCTATTGGCAAAATTCAAGACTCACTTTCTTCCACAGCAAGTGCACTTGGAAAACTTCAAGATGTGGTCAACCAAAATGCACAAGCTTTAAACACGCTTGTTAAACAACTTAGCTCCAATTTTGGTGCAATTTCAAGTGTTTTAAATGATATCCTTTCACGTCTTGACAAAGTTGAGGCTGAAGTGCAAATTGATAGGTTGATCACAGGCAGACTTCAAAGTTTGCAGACATATGTGACTCAACAATTAATTAGAGCTGCAGAAATCAGAGCTTCTGCTAATCTTGCTGCTACTAAAATGTCAGAGTGTGTACTTGGACAATCAAAAAGAGTTGATTTTTGTGGAAAGGGCTATCATCTTATGTCCTTCCCTCAGTCAGCACCTCATGGTGTAGTCTTCTTGCATGTGACTTATGTCCCTGCACAAGAAAAGAACTTCACAACTGCTCCTGCCATTTGTCATGATGGAAAAGCACACTTTCCTCGTGAAGGTGTCTTTGTTTCAAATGGCACACACTGGTTTGTAACACAAAGGAATTTTTATGAACCACAAATCATTACTACAGACAACACATTTGTGTCTGGTAACTGTGATGTTGTAATAGGAATTGTCAACAACACAGTTTATGATCCTTTGCAACCTGAATTAGACTCATTCAAGGAGGAGTTAGATAAATATTTTAAGAATCATACATCACCAGATGTTGATTTAGGTGACATCTCTGGCATTAATGCTTCAGTTGTAAACATTCAAAAAGAAATTGACCGCCTCAATGAGGTTGCCAAGAATTTAAATGAATCTCTCATCGATCTCCAAGAACTTGGAAAGTATGAGCAGTATATAAAATGGCCATGGTACATTTGGCTAGGTTTTATAGCTGGCTTGATTGCCATAGTAATGGTGACAATTATGCTTTGCTGTATGACCAGTTGCTGTAGTTGTCTCAAGGGCTGTTGTTCTTGTGGATCCTGCTGCAAATTTGATGAAGACGACTCTGAGCCAGTGCTCAAAGGAGTCAAATTACATTACACATAAACGAACTTATGGATTTGTTTATGAGAATCTTCACAATTGGAACTGTAACTTTGAAGCAAGGTGAAATCAAGGATGCTACTCCTTCAGATTTTGTTCGCGCTACTGCAACGATACCGATACAAGCCTCACTCCCTTTCGGATGGCTTATTGTTGGCGTTGCACTTCTTGCTGTTTTTCAGAGCGCTTCCAAAATCATAACCCTCAAAAAGAGATGGCAACTAGCACTCTCCAAGGGTGTTCACTTTGTTTGCAACTTGCTGTTGTTGTTTGTAACAGTTTACTCACACCTTTTGCTCGTTGCTGCTGGCCTTGAAGCCCCTTTTCTCTATCTTTATGCTTTAGTCTACTTCTTGCAGAGTATAAACTTTGTAAGAATAATAATGAGGCTTTGGCTTTGCTGGAAATGCCGTTCCAAAAACCCATTACTTTATGATGCCAACTATTTTCTTTGCTGGCATACTAATTGTTACGACTATTGTATACCTTACAATAGTGTAACTTCTTCAATTGTCATTACTTCAGGTGATGGCACAACAAGTCCTATTTCTGAACATGACTACCAGATTGGTGGTTATACTGAAAAATGGGAATCTGGAGTAAAAGACTGTGTTGTATTACACAGTTACTTCACTTCAGACTATTACCAGCTGTACTCAACTCAATTGAGTACAGACACTGGTGTTGAACATGTTACCTTCTTCATCTACAATAAAATTGTTGATGAGCCTGAAGAACATGTCCAAATTCACACAATCGACGGTTCATCCGGAGTTGTTAATCCAGTAATGGAACCAATTTATGATGAACCGACGACGACTACTAGCGTGCCTTTGTAAGCACAAGCTGATGAGTACGAACTTATGTACTCATTCGTTTCGGAAGAGACAGGTACGTTAATAGTTAATAGCGTACTTCTTTTTCTTGCTTTCGTGGTATTCTTGCTAGTTACACTAGCCATCCTTACTGCGCTTCGATTGTGTGCGTACTGCTGCAATATTGTTAACGTGAGTCTTGTAAAACCTTCTTTTTACGTTTACTCTCGTGTTAAAAATCTGAATTCTTCTAGAGTTCCTGATCTTCTGGTCTAAACGAACTAAATATTATATTAGTTTTTCTGTTTGGAACTTTAATTTTAGCCATGGCAGATTCCAACGGTACTATTACCGTTGAAGAGCTTAAAAAGCTCCTTGAACAATGGAACCTAGTAATAGGTTTCCTATTCCTTACATGGATTTGTCTTCTACAATTTGCCTATGCCAACAGGAATAGGTTTTTGTATATAATTAAGTTAATTTTCCTCTGGCTGTTATGGCCAGTAACTTTAGCTTGTTTTGTGCTTGCTGCTGTTTACAGAATAAATTGGATCACCGGTGGAATTGCTATCGCAATGGCTTGTCTTGTAGGCTTGATGTGGCTCAGCTACTTCATTGCTTCTTTCAGACTGTTTGCGCGTACGCGTTCCATGTGGTCATTCAATCCAGAAACTAACATTCTTCTCAACGTGCCACTCCATGGCACTATTCTGACCAGACCGCTTCTAGAAAGTGAACTCGTAATCGGAGCTGTGATCCTTCGTGGACATCTTCGTATTGCTGGACACCATCTAGGACGCTGTGACATCAAGGACCTGCCTAAAGAAATCACTGTTGCTACATCACGAACGCTTTCTTATTACAAATTGGGAGCTTCGCAGCGTGTAGCAGGTGACTCAGGTTTTGCTGCATACAGTCGCTACAGGATTGGCAACTATAAATTAAACACAGACCATTCCAGTAGCAGTGACAATATTGCTTTGCTTGTACAGTAAGTGACAACAGATGTTTCATCTCGTTGACTTTCAGGTTACTATAGCAGAGATATTACTAATTATTATGAGGACTTTTAAAGTTTCCATTTGGAATCTTGATTACATCATAAACCTCATAATTAAAAATTTATCTAAGTCACTAACTGAGAATAAATATTCTCAATTAGATGAAGAGCAACCAATGGAGATTGATTAAACGAACATGAAAATTATTCTTTTCTTGGCACTGATAACACTCGCTACTTGTGAGCTTTATCACTACCAAGAGTGTGTTAGAGGTACAACAGTACTTTTAAAAGAACCTTGCTCTTCTGGAACATACGAGGGCAATTCACCATTTCATCCTCTAGCTGATAACAAATTTGCACTGACTTGCTTTAGCACTCAATTTGCTTTTGCTTGTCCTGACGGCGTAAAACACGTCTATCAGTTACGTGCCAGATCAGTTTCACCTAAACTGTTCATCAGACAAGAGGAAGTTCAAGAACTTTACTCTCCAATTTTTCTTATTGTTGCGGCAATAGTGTTTATAACACTTTGCTTCACACTCAAAAGAAAGACAGAATGATTGAACTTTCATTAATTGACTTCTATTTGTGCTTTTTAGCCTTTCTGCTATTCCTTGTTTTAATTATGCTTATTATCTTTTGGTTCTCACTTGAACTGCAAGATCATAATGAAACTTGTCACGCCTAAACGAACATGAAATTTCTTGTTTTCTTAGGAATCATCACAACTGTAGCTGCATTTCACCAAGAATGTAGTTTACAGTCATGTACTCAACATCAACCATATGTAGTTGATGACCCGTGTCCTATTCACTTCTATTCTAAATGGTATATTAGAGTAGGAGCTAGAAAATCAGCACCTTTAATTGAATTGTGCGTGGATGAGGCTGGTTCTAAATCACCCATTCAGTACATCGATATCGGTAATTATACAGTTTCCTGTTTACCTTTTACAATTAATTGCCAGGAACCTAAATTGGGTAGTCTTGTAGTGCGTTGTTCGTTCTATGAAGACTTTTTAGAGTATCATGACGTTCGTGTTGTTTTAGATTTCATCTAAACGAACAAACTAAAATGTCTGATAATGGACCCCAAAATCAGCGAAATGCACCCCGCATTACGTTTGGTGGACCCTCAGATTCAACTGGCAGTAACCAGAATGGAGAACGCAGTGGGGCGCGATCAAAACAACGTCGGCCCCAAGGTTTACCCAATAATACTGCGTCTTGGTTCACCGCTCTCACTCAACATGGCAAGGAAGACCTTAAATTCCCTCGAGGACAAGGCGTTCCAATTAACACCAATAGCAGTCCAGATGACCAAATTGGCTACTACCGAAGAGCTACCAGACGAATTCGTGGTGGTGACGGTAAAATGAAAGATCTCAGTCCAAGATGGTATTTCTACTACCTAGGAACTGGGCCAGAAGCTGGACTTCCCTATGGTGCTAACAAAGACGGCATCATATGGGTTGCAACTGAGGGAGCCTTGAATACACCAAAAGATCACATTGGCACCCGCAATCCTGCTAACAATGCTGCAATCGTGCTACAACTTCCTCAAGGAACAACATTGCCAAAAGGCTTCTACGCAGAAGGGAGCAGAGGCGGCAGTCAAGCCTCTTCTCGTTCCTCATCACGTAGTCGCAACAGTTCAAGAAATTCAACTCCAGGCAGCAGTAGGGGAACTTCTCCTGCTAGAATGGCTGGCAATGGCGGTGATGCTGCTCTTGCTTTGCTGCTGCTTGACAGATTGAACCAGCTTGAGAGCAAAATGTCTGGTAAAGGCCAACAACAACAAGGCCAAACTGTCACTAAGAAATCTGCTGCTGAGGCTTCTAAGAAGCCTCGGCAAAAACGTACTGCCACTAAAGCATACAATGTAACACAAGCTTTCGGCAGACGTGGTCCAGAACAAACCCAAGGAAATTTTGGGGACCAGGAACTAATCAGACAAGGAACTGATTACAAACATTGGCCGCAAATTGCACAATTTGCCCCCAGCGCTTCAGCGTTCTTCGGAATGTCGCGCATTGGCATGGAAGTCACACCTTCGGGAACGTGGTTGACCTACACAGGTGCCATCAAATTGGATGACAAAGATCCAAATTTCAAAGATCAAGTCATTTTGCTGAATAAGCATATTGACGCATACAAAACATTCCCACCAACAGAGCCTAAAAAGGACAAAAAGAAGAAGGCTGATGAAACTCAAGCCTTACCGCAGAGACAGAAGAAACAGCAAACTGTGACTCTTCTTCCTGCTGCAGATTTGGATGATTTCTCCAAACAATTGCAACAATCCATGAGCAGTGCTGACTCAACTCAGGCCTAAACTCATGCAGACCACACAAGGCAGATGGGCTATATAAACGTTTTCGCTTTTCCGTTTACGATATATAGTCTACTCTTGTGCAGAATGAATTCTCGTAACTACATAGCACAAGTAGATGTAGTTAACTTTAATCTCACATAGCAATCTTTAATCAGTGTGTAACATTAGGGAGGACTTGAAAGAGCCACCACATTTTCACCGAGGCCACGCGGAGTACGATCGAGTGTACAGTGAACAATGCTAGGGAGAGCTGCCTATATGGAAGAGCCCTAATGTGTAAAATTAATTTTAGTAGTGCTATCCCCATGTGATTTTAATAGCTTCTTAGGAGAATGACAAAAAAAAAAAAAAAAAAAAAAAAAAAAAAAAA	MN908947.3	(Wuhan-Hu-1/2019)	\N	\N	1
\.


--
-- Data for Name: sample; Type: TABLE DATA; Schema: public; Owner: -
--

COPY public.sample (id, name, datahash, sequence_id, collection_date, country, genome_completeness, host, lab, length, lineage, sequencing_tech, zip_code, init_upload_date, last_update_date) FROM stdin;
1	IMS-10150-CVDP-E3D797D9-FF1A-4BE8-AE50-13E30B77E18A		1	2022-03-09	\N	\N	\N	DEMIS-SL-10150	29753	BA.2.9	ILLUMINA	92637	2025-02-14 16:24:21.820583+00	2025-02-14 16:24:46.143108+00
2	IMS-10280-CVDP-2A9F0F09-E708-4CB2-91E4-9CD5F68C9093		2	2022-06-10	\N	\N	\N	DEMIS-SL-10280	29729	BA.2.36	ILLUMINA	16816	2025-02-14 16:24:21.820634+00	2025-02-14 16:24:46.146894+00
3	IMS-10150-CVDP-6EC46FD8-1FBA-427D-A559-411BCF94B679		3	2021-12-30	\N	\N	\N	DEMIS-SL-10150	29823	AY.98	ILLUMINA	70771	2025-02-14 16:24:21.820663+00	2025-02-14 16:24:46.149814+00
4	IMS-10150-CVDP-469B04EB-4D49-4109-9F81-0531CE275F6D		4	2022-03-07	\N	\N	\N	DEMIS-SL-10150	29752	BA.1.1	ILLUMINA	92637	2025-02-14 16:24:21.820691+00	2025-02-14 16:24:46.152817+00
5	IMS-10768-CVDP-0E69A26F-7AC0-4631-B0F3-192FF005FDA0		5	2023-01-18	\N	\N	\N		29436	BA.5.2.6	ILLUMINA	65451	2025-02-14 16:24:21.820721+00	2025-02-14 16:24:46.155883+00
6	IMS-10338-CVDP-BAF51380-B921-4701-98ED-8DAACF2C7D11		6	2021-12-30	\N	\N	\N	DEMIS-SL-10338	29676	AY.4	ILLUMINA	60327	2025-02-14 16:24:21.820746+00	2025-02-14 16:24:46.159159+00
7	IMS-10116-CVDP-77AB96B7-B9FB-46D6-B844-F9356151F2CA		7	2022-01-30	\N	\N	\N	DEMIS-SL-10116	29873	BA.1.1	ILLUMINA	69126	2025-02-14 16:24:21.820768+00	2025-02-14 16:24:46.162467+00
8	IMS-10013-CVDP-7629957A-D507-442D-BD2A-18236F7DB38C		8	2022-06-18	\N	\N	\N	DEMIS-SL-10013	29844	BA.5.3.1	ILLUMINA	4779	2025-02-14 16:24:21.820796+00	2025-02-14 16:24:46.16637+00
9	IMS-10150-CVDP-C81AA5B8-AAF9-41C9-B64D-1EEBF0E9A01A		9	2022-01-11	\N	\N	\N	DEMIS-SL-10150	29795	BA.1.17.2	ILLUMINA	51375	2025-02-14 16:24:21.820819+00	2025-02-14 16:24:46.169505+00
10	IMS-10259-CVDP-3A88C5D5-D88B-458A-9040-843D8CBCEA2D		10	2022-05-17	\N	\N	\N	DEMIS-SL-10259	29088	BA.2	ILLUMINA	45147	2025-02-14 16:24:21.820842+00	2025-02-14 16:24:46.172348+00
11	IMS-10023-CVDP-0E428B50-D29B-4173-97B4-D7575296CD84		11	2022-01-13	\N	\N	\N	DEMIS-SL-10023	29901	BA.1	ILLUMINA	9221	2025-02-14 16:24:21.82088+00	2025-02-14 16:24:46.174991+00
12	IMS-10013-CVDP-A38AD576-D6B0-4585-9D11-38C4BAFE862D		12	2022-09-26	\N	\N	\N	DEMIS-SL-10013	29844	BA.5.2	ILLUMINA	44799	2025-02-14 16:24:21.820904+00	2025-02-14 16:24:46.177725+00
\.


--
-- Data for Name: sample2property; Type: TABLE DATA; Schema: public; Owner: -
--

COPY public.sample2property (id, value_integer, value_float, value_text, value_varchar, value_blob, value_date, value_zip, property_id, sample_id) FROM stdin;
1	\N	\N	\N	X	\N	\N	\N	2	1
2	\N	\N	\N	S002	\N	\N	\N	4	1
3	\N	2.47	\N	\N	\N	\N	\N	3	1
4	16	\N	\N	\N	\N	\N	\N	1	1
5	\N	\N	\N	The secret life of office plants: A documentary on the dramatic world of potted flora and their water cooler gossip.	\N	\N	\N	5	1
6	\N	\N	\N	N	\N	\N	\N	2	2
7	\N	\N	\N	S002	\N	\N	\N	4	2
8	\N	66.11	\N	\N	\N	\N	\N	3	2
9	84	\N	\N	\N	\N	\N	\N	1	2
10	\N	\N	\N	The misadventures of Professor Forgetful: A forgettable tale of absent-minded antics and misplaced memories.	\N	\N	\N	5	2
11	\N	\N	\N	X	\N	\N	\N	2	3
12	\N	\N	\N	S002	\N	\N	\N	4	3
13	\N	91.46	\N	\N	\N	\N	\N	3	3
14	66	\N	\N	\N	\N	\N	\N	1	3
15	\N	\N	\N	The sound of thunder rumbled ominously in the distance, as dark clouds gathered overhead. A storm was brewing, casting an air of anticipation over the sleepy town.	\N	\N	\N	5	3
16	\N	\N	\N	X	\N	\N	\N	2	4
17	\N	\N	\N	X	\N	\N	\N	4	4
18	\N	31.16	\N	\N	\N	\N	\N	3	4
19	18	\N	\N	\N	\N	\N	\N	1	4
20	\N	\N	\N	The curious case of the disappearing socks: A tale of mismatched mysteries and runaway laundry.	\N	\N	\N	5	4
21	\N	\N	\N	N	\N	\N	\N	2	5
22	\N	\N	\N	S002	\N	\N	\N	4	5
23	\N	1.47	\N	\N	\N	\N	\N	3	5
24	90	\N	\N	\N	\N	\N	\N	1	5
25	\N	\N	\N	The culinary catastrophe: A kitchen comedy of errors featuring burnt toast, exploded souffl?s, and a rogue blender.	\N	\N	\N	5	5
26	\N	\N	\N	X	\N	\N	\N	2	6
27	\N	\N	\N	X	\N	\N	\N	4	6
28	\N	63.33	\N	\N	\N	\N	\N	3	6
29	48	\N	\N	\N	\N	\N	\N	1	6
30	\N	\N	\N	The legend of the haunted vending machine: A spooky tale of ghostly snacks, possessed buttons, and a craving for revenge.	\N	\N	\N	5	6
31	\N	\N	\N	N	\N	\N	\N	2	7
32	\N	\N	\N	X	\N	\N	\N	4	7
33	\N	26.93	\N	\N	\N	\N	\N	3	7
34	79	\N	\N	\N	\N	\N	\N	1	7
35	\N	\N	\N	The laughter of children echoed through the playground, mingling with the sound of birdsong in the trees. It was a scene of pure joy and innocence, a reminder of the simple pleasures in life.	\N	\N	\N	5	7
36	\N	\N	\N	N	\N	\N	\N	2	8
37	\N	\N	\N	S001	\N	\N	\N	4	8
38	\N	42.64	\N	\N	\N	\N	\N	3	8
39	83	\N	\N	\N	\N	\N	\N	1	8
40	\N	\N	\N	The epic battle of the sibling rivalry: A family feud featuring sibling showdowns, petty squabbles, and the quest for parental attention.	\N	\N	\N	5	8
41	\N	\N	\N	X	\N	\N	\N	2	9
42	\N	\N	\N	S002	\N	\N	\N	4	9
43	\N	19.91	\N	\N	\N	\N	\N	3	9
44	91	\N	\N	\N	\N	\N	\N	1	9
45	\N	\N	\N	The curious case of the disappearing socks: A tale of mismatched mysteries and runaway laundry.	\N	\N	\N	5	9
46	\N	\N	\N	N	\N	\N	\N	2	10
47	\N	\N	\N	S008	\N	\N	\N	4	10
48	\N	63.09	\N	\N	\N	\N	\N	3	10
49	99	\N	\N	\N	\N	\N	\N	1	10
50	\N	\N	\N	The culinary catastrophe: A kitchen comedy of errors featuring burnt toast, exploded souffls, and a rogue blender.	\N	\N	\N	5	10
51	\N	\N	\N	N	\N	\N	\N	2	11
52	\N	\N	\N	S001	\N	\N	\N	4	11
53	\N	39.95	\N	\N	\N	\N	\N	3	11
54	52	\N	\N	\N	\N	\N	\N	1	11
55	\N	\N	\N	The curious case of the disappearing dessert: A culinary mystery involving vanished cakes, stolen cookies, and a trail of crumbs leading to a sweet tooth culprit.	\N	\N	\N	5	11
56	\N	\N	\N	N	\N	\N	\N	2	12
57	\N	\N	\N	S001	\N	\N	\N	4	12
58	\N	73.17	\N	\N	\N	\N	\N	3	12
59	84	\N	\N	\N	\N	\N	\N	1	12
60	\N	\N	\N	\N	\N	\N	\N	5	12
\.


--
-- Data for Name: sequence; Type: TABLE DATA; Schema: public; Owner: -
--

COPY public.sequence (id, seqhash) FROM stdin;
1	dbff03a2fd359e7432785d96be7a9bce6c6e860d3165d2bbb82daa7aaaf4095f
2	096c8366c9b1707603aa80e97d30d5e12bbac4f4f3135a7117dd8fc2c6ce7412
3	9774da801f2026c33ac1f689907a6a20b9af9ddfa71a579826fa59dc89ace51b
4	d7adf70cb6b07449ffe8e204f9b16827da3a910bf1dccd328b6cea0656868d21
5	51f1c4bfa1632fe6f5ee2c926bbc5597a55b657ecbf9d822f1e8b2e004c496e5
6	09b05391ed038a810f767e007b74bd5edb194508648b30a1fdce639474334365
7	d6d1b96148bfd60c68a181746e7865b8712f33f944fb7827c5ccfee8ab784646
8	3c02255278ac729c0717621eb028cbd1d6db8fad2e9f9958a537d5a9fc61db37
9	38a733cce2808b474c22ab4f36c53a701d3159c1b02207bf90fdd7767ce65faa
10	07ec797792fe36854b13eff45da15002d1286c91dfbceffd3482767d82fdb6a1
11	969d9df12e15e943c929a0b950b35b4de9ffcb4c00f35f637fb0dcd44c5ce017
12	4a9b9a95ef99fefcdcad331f89fc4b005f431f5162afc953049f21381ed19d7e
\.


--
-- Name: alignment_id_seq; Type: SEQUENCE SET; Schema: public; Owner: -
--

SELECT pg_catalog.setval('public.alignment_id_seq', 12, true);


--
-- Name: amino_acid_mutation_alignments_id_seq; Type: SEQUENCE SET; Schema: public; Owner: -
--

SELECT pg_catalog.setval('public.amino_acid_mutation_alignments_id_seq', 2188, true);


--
-- Name: amino_acid_mutation_id_seq; Type: SEQUENCE SET; Schema: public; Owner: -
--

SELECT pg_catalog.setval('public.amino_acid_mutation_id_seq', 1470, true);


--
-- Name: amino_acid_mutation_parent_id_seq; Type: SEQUENCE SET; Schema: public; Owner: -
--

SELECT pg_catalog.setval('public.amino_acid_mutation_parent_id_seq', 58, true);


--
-- Name: annotation_type_id_seq; Type: SEQUENCE SET; Schema: public; Owner: -
--

SELECT pg_catalog.setval('public.annotation_type_id_seq', 465, true);


--
-- Name: annotation_type_mutations_id_seq; Type: SEQUENCE SET; Schema: public; Owner: -
--

SELECT pg_catalog.setval('public.annotation_type_mutations_id_seq', 465, true);


--
-- Name: auth_group_id_seq; Type: SEQUENCE SET; Schema: public; Owner: -
--

SELECT pg_catalog.setval('public.auth_group_id_seq', 1, false);


--
-- Name: auth_group_permissions_id_seq; Type: SEQUENCE SET; Schema: public; Owner: -
--

SELECT pg_catalog.setval('public.auth_group_permissions_id_seq', 1, false);


--
-- Name: auth_permission_id_seq; Type: SEQUENCE SET; Schema: public; Owner: -
--

SELECT pg_catalog.setval('public.auth_permission_id_seq', 96, true);


--
-- Name: auth_user_groups_id_seq; Type: SEQUENCE SET; Schema: public; Owner: -
--

SELECT pg_catalog.setval('public.auth_user_groups_id_seq', 1, false);


--
-- Name: auth_user_id_seq; Type: SEQUENCE SET; Schema: public; Owner: -
--

SELECT pg_catalog.setval('public.auth_user_id_seq', 1, false);


--
-- Name: auth_user_user_permissions_id_seq; Type: SEQUENCE SET; Schema: public; Owner: -
--

SELECT pg_catalog.setval('public.auth_user_user_permissions_id_seq', 1, false);


--
-- Name: child_element_id_seq; Type: SEQUENCE SET; Schema: public; Owner: -
--

SELECT pg_catalog.setval('public.child_element_id_seq', 12, true);


--
-- Name: django_admin_log_id_seq; Type: SEQUENCE SET; Schema: public; Owner: -
--

SELECT pg_catalog.setval('public.django_admin_log_id_seq', 1, false);


--
-- Name: django_apscheduler_djangojobexecution_id_seq; Type: SEQUENCE SET; Schema: public; Owner: -
--

SELECT pg_catalog.setval('public.django_apscheduler_djangojobexecution_id_seq', 1, false);


--
-- Name: django_content_type_id_seq; Type: SEQUENCE SET; Schema: public; Owner: -
--

SELECT pg_catalog.setval('public.django_content_type_id_seq', 24, true);


--
-- Name: django_migrations_id_seq; Type: SEQUENCE SET; Schema: public; Owner: -
--

SELECT pg_catalog.setval('public.django_migrations_id_seq', 94, true);


--
-- Name: file_processing_id_seq; Type: SEQUENCE SET; Schema: public; Owner: -
--

SELECT pg_catalog.setval('public.file_processing_id_seq', 3, true);


--
-- Name: gene_part_id_seq; Type: SEQUENCE SET; Schema: public; Owner: -
--

SELECT pg_catalog.setval('public.gene_part_id_seq', 12, true);


--
-- Name: import_log_id_seq; Type: SEQUENCE SET; Schema: public; Owner: -
--

SELECT pg_catalog.setval('public.import_log_id_seq', 3, true);


--
-- Name: lineage_id_seq; Type: SEQUENCE SET; Schema: public; Owner: -
--

SELECT pg_catalog.setval('public.lineage_id_seq', 84, true);


--
-- Name: nucleotide_mutation_alignments_id_seq; Type: SEQUENCE SET; Schema: public; Owner: -
--

SELECT pg_catalog.setval('public.nucleotide_mutation_alignments_id_seq', 5774, true);


--
-- Name: nucleotide_mutation_id_seq; Type: SEQUENCE SET; Schema: public; Owner: -
--

SELECT pg_catalog.setval('public.nucleotide_mutation_id_seq', 4236, true);


--
-- Name: processing_job_id_seq; Type: SEQUENCE SET; Schema: public; Owner: -
--

SELECT pg_catalog.setval('public.processing_job_id_seq', 5, true);


--
-- Name: property_id_seq; Type: SEQUENCE SET; Schema: public; Owner: -
--

SELECT pg_catalog.setval('public.property_id_seq', 5, true);


--
-- Name: reference_id_seq; Type: SEQUENCE SET; Schema: public; Owner: -
--

SELECT pg_catalog.setval('public.reference_id_seq', 1, true);


--
-- Name: replicon_id_seq; Type: SEQUENCE SET; Schema: public; Owner: -
--

SELECT pg_catalog.setval('public.replicon_id_seq', 1, true);


--
-- Name: sample2property_id_seq; Type: SEQUENCE SET; Schema: public; Owner: -
--

SELECT pg_catalog.setval('public.sample2property_id_seq', 60, true);


--
-- Name: sample_id_seq; Type: SEQUENCE SET; Schema: public; Owner: -
--

SELECT pg_catalog.setval('public.sample_id_seq', 12, true);


--
-- Name: sequence_id_seq; Type: SEQUENCE SET; Schema: public; Owner: -
--

SELECT pg_catalog.setval('public.sequence_id_seq', 12, true);


--
-- Name: alignment alignment_pkey; Type: CONSTRAINT; Schema: public; Owner: -
--

ALTER TABLE ONLY public.alignment
    ADD CONSTRAINT alignment_pkey PRIMARY KEY (id);


--
-- Name: amino_acid_mutation_alignments amino_acid_mutation_alig_aminoacidmutation_id_ali_cb35390d_uniq; Type: CONSTRAINT; Schema: public; Owner: -
--

ALTER TABLE ONLY public.amino_acid_mutation_alignments
    ADD CONSTRAINT amino_acid_mutation_alig_aminoacidmutation_id_ali_cb35390d_uniq UNIQUE (aminoacidmutation_id, alignment_id);


--
-- Name: amino_acid_mutation_alignments amino_acid_mutation_alignments_pkey; Type: CONSTRAINT; Schema: public; Owner: -
--

ALTER TABLE ONLY public.amino_acid_mutation_alignments
    ADD CONSTRAINT amino_acid_mutation_alignments_pkey PRIMARY KEY (id);


--
-- Name: amino_acid_mutation_parent amino_acid_mutation_pare_aminoacidmutation_id_nuc_7963ea79_uniq; Type: CONSTRAINT; Schema: public; Owner: -
--

ALTER TABLE ONLY public.amino_acid_mutation_parent
    ADD CONSTRAINT amino_acid_mutation_pare_aminoacidmutation_id_nuc_7963ea79_uniq UNIQUE (aminoacidmutation_id, nucleotidemutation_id);


--
-- Name: amino_acid_mutation_parent amino_acid_mutation_parent_pkey; Type: CONSTRAINT; Schema: public; Owner: -
--

ALTER TABLE ONLY public.amino_acid_mutation_parent
    ADD CONSTRAINT amino_acid_mutation_parent_pkey PRIMARY KEY (id);


--
-- Name: amino_acid_mutation amino_acid_mutation_pkey; Type: CONSTRAINT; Schema: public; Owner: -
--

ALTER TABLE ONLY public.amino_acid_mutation
    ADD CONSTRAINT amino_acid_mutation_pkey PRIMARY KEY (id);


--
-- Name: annotation_type_mutations annotation_type_mutation_annotationtype_id_nucleo_3b49db54_uniq; Type: CONSTRAINT; Schema: public; Owner: -
--

ALTER TABLE ONLY public.annotation_type_mutations
    ADD CONSTRAINT annotation_type_mutation_annotationtype_id_nucleo_3b49db54_uniq UNIQUE (annotationtype_id, nucleotidemutation_id);


--
-- Name: annotation_type_mutations annotation_type_mutations_pkey; Type: CONSTRAINT; Schema: public; Owner: -
--

ALTER TABLE ONLY public.annotation_type_mutations
    ADD CONSTRAINT annotation_type_mutations_pkey PRIMARY KEY (id);


--
-- Name: annotation_type annotation_type_pkey; Type: CONSTRAINT; Schema: public; Owner: -
--

ALTER TABLE ONLY public.annotation_type
    ADD CONSTRAINT annotation_type_pkey PRIMARY KEY (id);


--
-- Name: auth_group auth_group_name_key; Type: CONSTRAINT; Schema: public; Owner: -
--

ALTER TABLE ONLY public.auth_group
    ADD CONSTRAINT auth_group_name_key UNIQUE (name);


--
-- Name: auth_group_permissions auth_group_permissions_group_id_permission_id_0cd325b0_uniq; Type: CONSTRAINT; Schema: public; Owner: -
--

ALTER TABLE ONLY public.auth_group_permissions
    ADD CONSTRAINT auth_group_permissions_group_id_permission_id_0cd325b0_uniq UNIQUE (group_id, permission_id);


--
-- Name: auth_group_permissions auth_group_permissions_pkey; Type: CONSTRAINT; Schema: public; Owner: -
--

ALTER TABLE ONLY public.auth_group_permissions
    ADD CONSTRAINT auth_group_permissions_pkey PRIMARY KEY (id);


--
-- Name: auth_group auth_group_pkey; Type: CONSTRAINT; Schema: public; Owner: -
--

ALTER TABLE ONLY public.auth_group
    ADD CONSTRAINT auth_group_pkey PRIMARY KEY (id);


--
-- Name: auth_permission auth_permission_content_type_id_codename_01ab375a_uniq; Type: CONSTRAINT; Schema: public; Owner: -
--

ALTER TABLE ONLY public.auth_permission
    ADD CONSTRAINT auth_permission_content_type_id_codename_01ab375a_uniq UNIQUE (content_type_id, codename);


--
-- Name: auth_permission auth_permission_pkey; Type: CONSTRAINT; Schema: public; Owner: -
--

ALTER TABLE ONLY public.auth_permission
    ADD CONSTRAINT auth_permission_pkey PRIMARY KEY (id);


--
-- Name: auth_user_groups auth_user_groups_pkey; Type: CONSTRAINT; Schema: public; Owner: -
--

ALTER TABLE ONLY public.auth_user_groups
    ADD CONSTRAINT auth_user_groups_pkey PRIMARY KEY (id);


--
-- Name: auth_user_groups auth_user_groups_user_id_group_id_94350c0c_uniq; Type: CONSTRAINT; Schema: public; Owner: -
--

ALTER TABLE ONLY public.auth_user_groups
    ADD CONSTRAINT auth_user_groups_user_id_group_id_94350c0c_uniq UNIQUE (user_id, group_id);


--
-- Name: auth_user auth_user_pkey; Type: CONSTRAINT; Schema: public; Owner: -
--

ALTER TABLE ONLY public.auth_user
    ADD CONSTRAINT auth_user_pkey PRIMARY KEY (id);


--
-- Name: auth_user_user_permissions auth_user_user_permissions_pkey; Type: CONSTRAINT; Schema: public; Owner: -
--

ALTER TABLE ONLY public.auth_user_user_permissions
    ADD CONSTRAINT auth_user_user_permissions_pkey PRIMARY KEY (id);


--
-- Name: auth_user_user_permissions auth_user_user_permissions_user_id_permission_id_14a6b632_uniq; Type: CONSTRAINT; Schema: public; Owner: -
--

ALTER TABLE ONLY public.auth_user_user_permissions
    ADD CONSTRAINT auth_user_user_permissions_user_id_permission_id_14a6b632_uniq UNIQUE (user_id, permission_id);


--
-- Name: auth_user auth_user_username_key; Type: CONSTRAINT; Schema: public; Owner: -
--

ALTER TABLE ONLY public.auth_user
    ADD CONSTRAINT auth_user_username_key UNIQUE (username);


--
-- Name: gene child_element_pkey; Type: CONSTRAINT; Schema: public; Owner: -
--

ALTER TABLE ONLY public.gene
    ADD CONSTRAINT child_element_pkey PRIMARY KEY (id);


--
-- Name: django_admin_log django_admin_log_pkey; Type: CONSTRAINT; Schema: public; Owner: -
--

ALTER TABLE ONLY public.django_admin_log
    ADD CONSTRAINT django_admin_log_pkey PRIMARY KEY (id);


--
-- Name: django_apscheduler_djangojob django_apscheduler_djangojob_pkey; Type: CONSTRAINT; Schema: public; Owner: -
--

ALTER TABLE ONLY public.django_apscheduler_djangojob
    ADD CONSTRAINT django_apscheduler_djangojob_pkey PRIMARY KEY (id);


--
-- Name: django_apscheduler_djangojobexecution django_apscheduler_djangojobexecution_pkey; Type: CONSTRAINT; Schema: public; Owner: -
--

ALTER TABLE ONLY public.django_apscheduler_djangojobexecution
    ADD CONSTRAINT django_apscheduler_djangojobexecution_pkey PRIMARY KEY (id);


--
-- Name: django_content_type django_content_type_app_label_model_76bd3d3b_uniq; Type: CONSTRAINT; Schema: public; Owner: -
--

ALTER TABLE ONLY public.django_content_type
    ADD CONSTRAINT django_content_type_app_label_model_76bd3d3b_uniq UNIQUE (app_label, model);


--
-- Name: django_content_type django_content_type_pkey; Type: CONSTRAINT; Schema: public; Owner: -
--

ALTER TABLE ONLY public.django_content_type
    ADD CONSTRAINT django_content_type_pkey PRIMARY KEY (id);


--
-- Name: django_migrations django_migrations_pkey; Type: CONSTRAINT; Schema: public; Owner: -
--

ALTER TABLE ONLY public.django_migrations
    ADD CONSTRAINT django_migrations_pkey PRIMARY KEY (id);


--
-- Name: django_session django_session_pkey; Type: CONSTRAINT; Schema: public; Owner: -
--

ALTER TABLE ONLY public.django_session
    ADD CONSTRAINT django_session_pkey PRIMARY KEY (session_key);


--
-- Name: file_processing file_processing_file_name_key; Type: CONSTRAINT; Schema: public; Owner: -
--

ALTER TABLE ONLY public.file_processing
    ADD CONSTRAINT file_processing_file_name_key UNIQUE (file_name);


--
-- Name: file_processing file_processing_pkey; Type: CONSTRAINT; Schema: public; Owner: -
--

ALTER TABLE ONLY public.file_processing
    ADD CONSTRAINT file_processing_pkey PRIMARY KEY (id);


--
-- Name: gene gene_cds_accession_key; Type: CONSTRAINT; Schema: public; Owner: -
--

ALTER TABLE ONLY public.gene
    ADD CONSTRAINT gene_cds_accession_key UNIQUE (cds_accession);


--
-- Name: gene_segment gene_part_pkey; Type: CONSTRAINT; Schema: public; Owner: -
--

ALTER TABLE ONLY public.gene_segment
    ADD CONSTRAINT gene_part_pkey PRIMARY KEY (id);


--
-- Name: import_log import_log_pkey; Type: CONSTRAINT; Schema: public; Owner: -
--

ALTER TABLE ONLY public.import_log
    ADD CONSTRAINT import_log_pkey PRIMARY KEY (id);


--
-- Name: lineage lineage_pkey; Type: CONSTRAINT; Schema: public; Owner: -
--

ALTER TABLE ONLY public.lineage
    ADD CONSTRAINT lineage_pkey PRIMARY KEY (id);


--
-- Name: nucleotide_mutation_alignments nucleotide_mutation_alig_nucleotidemutation_id_al_71d34c7b_uniq; Type: CONSTRAINT; Schema: public; Owner: -
--

ALTER TABLE ONLY public.nucleotide_mutation_alignments
    ADD CONSTRAINT nucleotide_mutation_alig_nucleotidemutation_id_al_71d34c7b_uniq UNIQUE (nucleotidemutation_id, alignment_id);


--
-- Name: nucleotide_mutation_alignments nucleotide_mutation_alignments_pkey; Type: CONSTRAINT; Schema: public; Owner: -
--

ALTER TABLE ONLY public.nucleotide_mutation_alignments
    ADD CONSTRAINT nucleotide_mutation_alignments_pkey PRIMARY KEY (id);


--
-- Name: nucleotide_mutation nucleotide_mutation_pkey; Type: CONSTRAINT; Schema: public; Owner: -
--

ALTER TABLE ONLY public.nucleotide_mutation
    ADD CONSTRAINT nucleotide_mutation_pkey PRIMARY KEY (id);


--
-- Name: processing_job processing_job_entry_time_a867758c_uniq; Type: CONSTRAINT; Schema: public; Owner: -
--

ALTER TABLE ONLY public.processing_job
    ADD CONSTRAINT processing_job_entry_time_a867758c_uniq UNIQUE (entry_time);


--
-- Name: processing_job processing_job_job_name_d910ea14_uniq; Type: CONSTRAINT; Schema: public; Owner: -
--

ALTER TABLE ONLY public.processing_job
    ADD CONSTRAINT processing_job_job_name_d910ea14_uniq UNIQUE (job_name);


--
-- Name: processing_job processing_job_pkey; Type: CONSTRAINT; Schema: public; Owner: -
--

ALTER TABLE ONLY public.processing_job
    ADD CONSTRAINT processing_job_pkey PRIMARY KEY (id);


--
-- Name: property property_name_key; Type: CONSTRAINT; Schema: public; Owner: -
--

ALTER TABLE ONLY public.property
    ADD CONSTRAINT property_name_key UNIQUE (name);


--
-- Name: property property_pkey; Type: CONSTRAINT; Schema: public; Owner: -
--

ALTER TABLE ONLY public.property
    ADD CONSTRAINT property_pkey PRIMARY KEY (id);


--
-- Name: reference reference_accession_key; Type: CONSTRAINT; Schema: public; Owner: -
--

ALTER TABLE ONLY public.reference
    ADD CONSTRAINT reference_accession_key UNIQUE (accession);


--
-- Name: reference reference_db_xref_key; Type: CONSTRAINT; Schema: public; Owner: -
--

ALTER TABLE ONLY public.reference
    ADD CONSTRAINT reference_db_xref_key UNIQUE (db_xref);


--
-- Name: reference reference_name_key; Type: CONSTRAINT; Schema: public; Owner: -
--

ALTER TABLE ONLY public.reference
    ADD CONSTRAINT reference_name_key UNIQUE (name);


--
-- Name: reference reference_pkey; Type: CONSTRAINT; Schema: public; Owner: -
--

ALTER TABLE ONLY public.reference
    ADD CONSTRAINT reference_pkey PRIMARY KEY (id);


--
-- Name: replicon replicon_accession_key; Type: CONSTRAINT; Schema: public; Owner: -
--

ALTER TABLE ONLY public.replicon
    ADD CONSTRAINT replicon_accession_key UNIQUE (accession);


--
-- Name: replicon replicon_pkey; Type: CONSTRAINT; Schema: public; Owner: -
--

ALTER TABLE ONLY public.replicon
    ADD CONSTRAINT replicon_pkey PRIMARY KEY (id);


--
-- Name: sample2property sample2property_pkey; Type: CONSTRAINT; Schema: public; Owner: -
--

ALTER TABLE ONLY public.sample2property
    ADD CONSTRAINT sample2property_pkey PRIMARY KEY (id);


--
-- Name: sample sample_name_key; Type: CONSTRAINT; Schema: public; Owner: -
--

ALTER TABLE ONLY public.sample
    ADD CONSTRAINT sample_name_key UNIQUE (name);


--
-- Name: sample sample_pkey; Type: CONSTRAINT; Schema: public; Owner: -
--

ALTER TABLE ONLY public.sample
    ADD CONSTRAINT sample_pkey PRIMARY KEY (id);


--
-- Name: sequence sequence_pkey; Type: CONSTRAINT; Schema: public; Owner: -
--

ALTER TABLE ONLY public.sequence
    ADD CONSTRAINT sequence_pkey PRIMARY KEY (id);


--
-- Name: sequence sequence_seqhash_key; Type: CONSTRAINT; Schema: public; Owner: -
--

ALTER TABLE ONLY public.sequence
    ADD CONSTRAINT sequence_seqhash_key UNIQUE (seqhash);


--
-- Name: amino_acid_mutation unique_aa_mutation; Type: CONSTRAINT; Schema: public; Owner: -
--

ALTER TABLE ONLY public.amino_acid_mutation
    ADD CONSTRAINT unique_aa_mutation UNIQUE (ref, alt, start, "end", gene_id, replicon_id);


--
-- Name: alignment unique_alignment; Type: CONSTRAINT; Schema: public; Owner: -
--

ALTER TABLE ONLY public.alignment
    ADD CONSTRAINT unique_alignment UNIQUE (replicon_id, sequence_id);


--
-- Name: annotation_type unique_annotation; Type: CONSTRAINT; Schema: public; Owner: -
--

ALTER TABLE ONLY public.annotation_type
    ADD CONSTRAINT unique_annotation UNIQUE (seq_ontology, region, impact);


--
-- Name: import_log unique_import_log; Type: CONSTRAINT; Schema: public; Owner: -
--

ALTER TABLE ONLY public.import_log
    ADD CONSTRAINT unique_import_log UNIQUE (file_id, updated);


--
-- Name: django_apscheduler_djangojobexecution unique_job_executions; Type: CONSTRAINT; Schema: public; Owner: -
--

ALTER TABLE ONLY public.django_apscheduler_djangojobexecution
    ADD CONSTRAINT unique_job_executions UNIQUE (job_id, run_time);


--
-- Name: lineage unique_lineage; Type: CONSTRAINT; Schema: public; Owner: -
--

ALTER TABLE ONLY public.lineage
    ADD CONSTRAINT unique_lineage UNIQUE (name, parent_id);


--
-- Name: nucleotide_mutation unique_nt_mutation; Type: CONSTRAINT; Schema: public; Owner: -
--

ALTER TABLE ONLY public.nucleotide_mutation
    ADD CONSTRAINT unique_nt_mutation UNIQUE (ref, alt, start, "end", replicon_id);


--
-- Name: sample2property unique_property2sample; Type: CONSTRAINT; Schema: public; Owner: -
--

ALTER TABLE ONLY public.sample2property
    ADD CONSTRAINT unique_property2sample UNIQUE (property_id, sample_id);


--
-- Name: alignment_replico_f9eb6b_idx; Type: INDEX; Schema: public; Owner: -
--

CREATE INDEX alignment_replico_f9eb6b_idx ON public.alignment USING btree (replicon_id, sequence_id);


--
-- Name: alignment_replicon_id_68bc5c6d; Type: INDEX; Schema: public; Owner: -
--

CREATE INDEX alignment_replicon_id_68bc5c6d ON public.alignment USING btree (replicon_id);


--
-- Name: alignment_sequence_id_7c24bc6c; Type: INDEX; Schema: public; Owner: -
--

CREATE INDEX alignment_sequence_id_7c24bc6c ON public.alignment USING btree (sequence_id);


--
-- Name: amino_acid__alt_1cd2ff_idx; Type: INDEX; Schema: public; Owner: -
--

CREATE INDEX amino_acid__alt_1cd2ff_idx ON public.amino_acid_mutation USING btree (alt);


--
-- Name: amino_acid__end_e8901f_idx; Type: INDEX; Schema: public; Owner: -
--

CREATE INDEX amino_acid__end_e8901f_idx ON public.amino_acid_mutation USING btree ("end");


--
-- Name: amino_acid__gene_id_d4203e_idx; Type: INDEX; Schema: public; Owner: -
--

CREATE INDEX amino_acid__gene_id_d4203e_idx ON public.amino_acid_mutation USING btree (gene_id);


--
-- Name: amino_acid__ref_be60a6_idx; Type: INDEX; Schema: public; Owner: -
--

CREATE INDEX amino_acid__ref_be60a6_idx ON public.amino_acid_mutation USING btree (ref);


--
-- Name: amino_acid__start_11ae3a_idx; Type: INDEX; Schema: public; Owner: -
--

CREATE INDEX amino_acid__start_11ae3a_idx ON public.amino_acid_mutation USING btree (start);


--
-- Name: amino_acid_mutation_alignments_alignment_id_490a0674; Type: INDEX; Schema: public; Owner: -
--

CREATE INDEX amino_acid_mutation_alignments_alignment_id_490a0674 ON public.amino_acid_mutation_alignments USING btree (alignment_id);


--
-- Name: amino_acid_mutation_alignments_aminoacidmutation_id_2ee28a92; Type: INDEX; Schema: public; Owner: -
--

CREATE INDEX amino_acid_mutation_alignments_aminoacidmutation_id_2ee28a92 ON public.amino_acid_mutation_alignments USING btree (aminoacidmutation_id);


--
-- Name: amino_acid_mutation_gene_id_1fe67473; Type: INDEX; Schema: public; Owner: -
--

CREATE INDEX amino_acid_mutation_gene_id_1fe67473 ON public.amino_acid_mutation USING btree (gene_id);


--
-- Name: amino_acid_mutation_parent_aminoacidmutation_id_7e97d480; Type: INDEX; Schema: public; Owner: -
--

CREATE INDEX amino_acid_mutation_parent_aminoacidmutation_id_7e97d480 ON public.amino_acid_mutation_parent USING btree (aminoacidmutation_id);


--
-- Name: amino_acid_mutation_parent_nucleotidemutation_id_28a89542; Type: INDEX; Schema: public; Owner: -
--

CREATE INDEX amino_acid_mutation_parent_nucleotidemutation_id_28a89542 ON public.amino_acid_mutation_parent USING btree (nucleotidemutation_id);


--
-- Name: amino_acid_mutation_replicon_id_3d9157fc; Type: INDEX; Schema: public; Owner: -
--

CREATE INDEX amino_acid_mutation_replicon_id_3d9157fc ON public.amino_acid_mutation USING btree (replicon_id);


--
-- Name: annotation_type_mutations_annotationtype_id_70469db6; Type: INDEX; Schema: public; Owner: -
--

CREATE INDEX annotation_type_mutations_annotationtype_id_70469db6 ON public.annotation_type_mutations USING btree (annotationtype_id);


--
-- Name: annotation_type_mutations_nucleotidemutation_id_d7be6a9d; Type: INDEX; Schema: public; Owner: -
--

CREATE INDEX annotation_type_mutations_nucleotidemutation_id_d7be6a9d ON public.annotation_type_mutations USING btree (nucleotidemutation_id);


--
-- Name: auth_group_name_a6ea08ec_like; Type: INDEX; Schema: public; Owner: -
--

CREATE INDEX auth_group_name_a6ea08ec_like ON public.auth_group USING btree (name varchar_pattern_ops);


--
-- Name: auth_group_permissions_group_id_b120cbf9; Type: INDEX; Schema: public; Owner: -
--

CREATE INDEX auth_group_permissions_group_id_b120cbf9 ON public.auth_group_permissions USING btree (group_id);


--
-- Name: auth_group_permissions_permission_id_84c5c92e; Type: INDEX; Schema: public; Owner: -
--

CREATE INDEX auth_group_permissions_permission_id_84c5c92e ON public.auth_group_permissions USING btree (permission_id);


--
-- Name: auth_permission_content_type_id_2f476e4b; Type: INDEX; Schema: public; Owner: -
--

CREATE INDEX auth_permission_content_type_id_2f476e4b ON public.auth_permission USING btree (content_type_id);


--
-- Name: auth_user_groups_group_id_97559544; Type: INDEX; Schema: public; Owner: -
--

CREATE INDEX auth_user_groups_group_id_97559544 ON public.auth_user_groups USING btree (group_id);


--
-- Name: auth_user_groups_user_id_6a12ed8b; Type: INDEX; Schema: public; Owner: -
--

CREATE INDEX auth_user_groups_user_id_6a12ed8b ON public.auth_user_groups USING btree (user_id);


--
-- Name: auth_user_user_permissions_permission_id_1fbb5f2c; Type: INDEX; Schema: public; Owner: -
--

CREATE INDEX auth_user_user_permissions_permission_id_1fbb5f2c ON public.auth_user_user_permissions USING btree (permission_id);


--
-- Name: auth_user_user_permissions_user_id_a95ead1b; Type: INDEX; Schema: public; Owner: -
--

CREATE INDEX auth_user_user_permissions_user_id_a95ead1b ON public.auth_user_user_permissions USING btree (user_id);


--
-- Name: auth_user_username_6821ab7c_like; Type: INDEX; Schema: public; Owner: -
--

CREATE INDEX auth_user_username_6821ab7c_like ON public.auth_user USING btree (username varchar_pattern_ops);


--
-- Name: child_element_gene_accession_52ac9c05_like; Type: INDEX; Schema: public; Owner: -
--

CREATE INDEX child_element_gene_accession_52ac9c05_like ON public.gene USING btree (gene_accession varchar_pattern_ops);


--
-- Name: collection_date_month_idx; Type: INDEX; Schema: public; Owner: -
--

CREATE INDEX collection_date_month_idx ON public.sample USING btree (EXTRACT(month FROM collection_date));


--
-- Name: collection_date_week_idx; Type: INDEX; Schema: public; Owner: -
--

CREATE INDEX collection_date_week_idx ON public.sample USING btree (EXTRACT(week FROM collection_date));


--
-- Name: collection_date_year_idx; Type: INDEX; Schema: public; Owner: -
--

CREATE INDEX collection_date_year_idx ON public.sample USING btree (EXTRACT(year FROM collection_date));


--
-- Name: django_admin_log_content_type_id_c4bce8eb; Type: INDEX; Schema: public; Owner: -
--

CREATE INDEX django_admin_log_content_type_id_c4bce8eb ON public.django_admin_log USING btree (content_type_id);


--
-- Name: django_admin_log_user_id_c564eba6; Type: INDEX; Schema: public; Owner: -
--

CREATE INDEX django_admin_log_user_id_c564eba6 ON public.django_admin_log USING btree (user_id);


--
-- Name: django_apscheduler_djangojob_next_run_time_2f022619; Type: INDEX; Schema: public; Owner: -
--

CREATE INDEX django_apscheduler_djangojob_next_run_time_2f022619 ON public.django_apscheduler_djangojob USING btree (next_run_time);


--
-- Name: django_apscheduler_djangojobexecution_job_id_daf5090a; Type: INDEX; Schema: public; Owner: -
--

CREATE INDEX django_apscheduler_djangojobexecution_job_id_daf5090a ON public.django_apscheduler_djangojobexecution USING btree (job_id);


--
-- Name: django_apscheduler_djangojobexecution_run_time_16edd96b; Type: INDEX; Schema: public; Owner: -
--

CREATE INDEX django_apscheduler_djangojobexecution_run_time_16edd96b ON public.django_apscheduler_djangojobexecution USING btree (run_time);


--
-- Name: django_session_expire_date_a5c62663; Type: INDEX; Schema: public; Owner: -
--

CREATE INDEX django_session_expire_date_a5c62663 ON public.django_session USING btree (expire_date);


--
-- Name: django_session_session_key_c0390e0f_like; Type: INDEX; Schema: public; Owner: -
--

CREATE INDEX django_session_session_key_c0390e0f_like ON public.django_session USING btree (session_key varchar_pattern_ops);


--
-- Name: file_processing_file_name_bacdccbd_like; Type: INDEX; Schema: public; Owner: -
--

CREATE INDEX file_processing_file_name_bacdccbd_like ON public.file_processing USING btree (file_name varchar_pattern_ops);


--
-- Name: file_processing_processing_job_id_46fcf01d; Type: INDEX; Schema: public; Owner: -
--

CREATE INDEX file_processing_processing_job_id_46fcf01d ON public.file_processing USING btree (processing_job_id);


--
-- Name: gene_cds_accession_6b5e6f72_like; Type: INDEX; Schema: public; Owner: -
--

CREATE INDEX gene_cds_accession_6b5e6f72_like ON public.gene USING btree (cds_accession varchar_pattern_ops);


--
-- Name: gene_part_gene_id_be41e83b; Type: INDEX; Schema: public; Owner: -
--

CREATE INDEX gene_part_gene_id_be41e83b ON public.gene_segment USING btree (gene_id);


--
-- Name: gene_replicon_id_7a0d0bd8; Type: INDEX; Schema: public; Owner: -
--

CREATE INDEX gene_replicon_id_7a0d0bd8 ON public.gene USING btree (replicon_id);


--
-- Name: import_log_file_id_7df8ad67; Type: INDEX; Schema: public; Owner: -
--

CREATE INDEX import_log_file_id_7df8ad67 ON public.import_log USING btree (file_id);


--
-- Name: import_log_file_id_7df8ad67_like; Type: INDEX; Schema: public; Owner: -
--

CREATE INDEX import_log_file_id_7df8ad67_like ON public.import_log USING btree (file_id varchar_pattern_ops);


--
-- Name: lineage_parent_id_332a5968; Type: INDEX; Schema: public; Owner: -
--

CREATE INDEX lineage_parent_id_332a5968 ON public.lineage USING btree (parent_id);


--
-- Name: nucleotide__alt_8605ca_idx; Type: INDEX; Schema: public; Owner: -
--

CREATE INDEX nucleotide__alt_8605ca_idx ON public.nucleotide_mutation USING btree (alt);


--
-- Name: nucleotide__end_003063_idx; Type: INDEX; Schema: public; Owner: -
--

CREATE INDEX nucleotide__end_003063_idx ON public.nucleotide_mutation USING btree ("end");


--
-- Name: nucleotide__ref_f7c83c_idx; Type: INDEX; Schema: public; Owner: -
--

CREATE INDEX nucleotide__ref_f7c83c_idx ON public.nucleotide_mutation USING btree (ref);


--
-- Name: nucleotide__start_6615b2_idx; Type: INDEX; Schema: public; Owner: -
--

CREATE INDEX nucleotide__start_6615b2_idx ON public.nucleotide_mutation USING btree (start);


--
-- Name: nucleotide_mutation_alignments_alignment_id_ca48460d; Type: INDEX; Schema: public; Owner: -
--

CREATE INDEX nucleotide_mutation_alignments_alignment_id_ca48460d ON public.nucleotide_mutation_alignments USING btree (alignment_id);


--
-- Name: nucleotide_mutation_alignments_nucleotidemutation_id_cab3b039; Type: INDEX; Schema: public; Owner: -
--

CREATE INDEX nucleotide_mutation_alignments_nucleotidemutation_id_cab3b039 ON public.nucleotide_mutation_alignments USING btree (nucleotidemutation_id);


--
-- Name: nucleotide_mutation_replicon_id_15a68443; Type: INDEX; Schema: public; Owner: -
--

CREATE INDEX nucleotide_mutation_replicon_id_15a68443 ON public.nucleotide_mutation USING btree (replicon_id);


--
-- Name: processing_job_job_name_d910ea14_like; Type: INDEX; Schema: public; Owner: -
--

CREATE INDEX processing_job_job_name_d910ea14_like ON public.processing_job USING btree (job_name varchar_pattern_ops);


--
-- Name: reference_db_xref_0f9dcc91_like; Type: INDEX; Schema: public; Owner: -
--

CREATE INDEX reference_db_xref_0f9dcc91_like ON public.reference USING btree (db_xref varchar_pattern_ops);


--
-- Name: reference_name_5a6362c2_like; Type: INDEX; Schema: public; Owner: -
--

CREATE INDEX reference_name_5a6362c2_like ON public.reference USING btree (name varchar_pattern_ops);


--
-- Name: replicon_accession_fb021954_like; Type: INDEX; Schema: public; Owner: -
--

CREATE INDEX replicon_accession_fb021954_like ON public.replicon USING btree (accession varchar_pattern_ops);


--
-- Name: replicon_reference_id_f0191358; Type: INDEX; Schema: public; Owner: -
--

CREATE INDEX replicon_reference_id_f0191358 ON public.replicon USING btree (reference_id);


--
-- Name: sample2property_property_id_c2180c6c; Type: INDEX; Schema: public; Owner: -
--

CREATE INDEX sample2property_property_id_c2180c6c ON public.sample2property USING btree (property_id);


--
-- Name: sample2property_sample_id_8576a658; Type: INDEX; Schema: public; Owner: -
--

CREATE INDEX sample2property_sample_id_8576a658 ON public.sample2property USING btree (sample_id);


--
-- Name: sample_collect_861c47_idx; Type: INDEX; Schema: public; Owner: -
--

CREATE INDEX sample_collect_861c47_idx ON public.sample USING btree (collection_date);


--
-- Name: sample_country_da3900_idx; Type: INDEX; Schema: public; Owner: -
--

CREATE INDEX sample_country_da3900_idx ON public.sample USING btree (country);


--
-- Name: sample_genome__ca4dc9_idx; Type: INDEX; Schema: public; Owner: -
--

CREATE INDEX sample_genome__ca4dc9_idx ON public.sample USING btree (genome_completeness);


--
-- Name: sample_host_ef80b0_idx; Type: INDEX; Schema: public; Owner: -
--

CREATE INDEX sample_host_ef80b0_idx ON public.sample USING btree (host);


--
-- Name: sample_init_up_6bdf99_idx; Type: INDEX; Schema: public; Owner: -
--

CREATE INDEX sample_init_up_6bdf99_idx ON public.sample USING btree (init_upload_date);


--
-- Name: sample_lab_f9c2e2_idx; Type: INDEX; Schema: public; Owner: -
--

CREATE INDEX sample_lab_f9c2e2_idx ON public.sample USING btree (lab);


--
-- Name: sample_last_up_5f4e06_idx; Type: INDEX; Schema: public; Owner: -
--

CREATE INDEX sample_last_up_5f4e06_idx ON public.sample USING btree (last_update_date);


--
-- Name: sample_lineage_1bf41c_idx; Type: INDEX; Schema: public; Owner: -
--

CREATE INDEX sample_lineage_1bf41c_idx ON public.sample USING btree (lineage);


--
-- Name: sample_name_be7a19_idx; Type: INDEX; Schema: public; Owner: -
--

CREATE INDEX sample_name_be7a19_idx ON public.sample USING btree (name);


--
-- Name: sample_sequenc_99b417_idx; Type: INDEX; Schema: public; Owner: -
--

CREATE INDEX sample_sequenc_99b417_idx ON public.sample USING btree (sequencing_tech);


--
-- Name: sample_sequence_id_ce61d347; Type: INDEX; Schema: public; Owner: -
--

CREATE INDEX sample_sequence_id_ce61d347 ON public.sample USING btree (sequence_id);


--
-- Name: sample_zip_cod_2b199b_idx; Type: INDEX; Schema: public; Owner: -
--

CREATE INDEX sample_zip_cod_2b199b_idx ON public.sample USING btree (zip_code);


--
-- Name: sequence_seqhash_85573dac_like; Type: INDEX; Schema: public; Owner: -
--

CREATE INDEX sequence_seqhash_85573dac_like ON public.sequence USING btree (seqhash varchar_pattern_ops);


--
-- Name: unique_annotation_null_region; Type: INDEX; Schema: public; Owner: -
--

CREATE UNIQUE INDEX unique_annotation_null_region ON public.annotation_type USING btree (seq_ontology, impact) WHERE (region IS NULL);


--
-- Name: unique_lineage_parent_null; Type: INDEX; Schema: public; Owner: -
--

CREATE UNIQUE INDEX unique_lineage_parent_null ON public.lineage USING btree (name) WHERE (parent_id IS NULL);


--
-- Name: alignment alignment_replicon_id_68bc5c6d_fk_replicon_id; Type: FK CONSTRAINT; Schema: public; Owner: -
--

ALTER TABLE ONLY public.alignment
    ADD CONSTRAINT alignment_replicon_id_68bc5c6d_fk_replicon_id FOREIGN KEY (replicon_id) REFERENCES public.replicon(id) DEFERRABLE INITIALLY DEFERRED;


--
-- Name: alignment alignment_sequence_id_7c24bc6c_fk_sequence_id; Type: FK CONSTRAINT; Schema: public; Owner: -
--

ALTER TABLE ONLY public.alignment
    ADD CONSTRAINT alignment_sequence_id_7c24bc6c_fk_sequence_id FOREIGN KEY (sequence_id) REFERENCES public.sequence(id) DEFERRABLE INITIALLY DEFERRED;


--
-- Name: amino_acid_mutation_alignments amino_acid_mutation__alignment_id_490a0674_fk_alignment; Type: FK CONSTRAINT; Schema: public; Owner: -
--

ALTER TABLE ONLY public.amino_acid_mutation_alignments
    ADD CONSTRAINT amino_acid_mutation__alignment_id_490a0674_fk_alignment FOREIGN KEY (alignment_id) REFERENCES public.alignment(id) DEFERRABLE INITIALLY DEFERRED;


--
-- Name: amino_acid_mutation_alignments amino_acid_mutation__aminoacidmutation_id_2ee28a92_fk_amino_aci; Type: FK CONSTRAINT; Schema: public; Owner: -
--

ALTER TABLE ONLY public.amino_acid_mutation_alignments
    ADD CONSTRAINT amino_acid_mutation__aminoacidmutation_id_2ee28a92_fk_amino_aci FOREIGN KEY (aminoacidmutation_id) REFERENCES public.amino_acid_mutation(id) DEFERRABLE INITIALLY DEFERRED;


--
-- Name: amino_acid_mutation_parent amino_acid_mutation__aminoacidmutation_id_7e97d480_fk_amino_aci; Type: FK CONSTRAINT; Schema: public; Owner: -
--

ALTER TABLE ONLY public.amino_acid_mutation_parent
    ADD CONSTRAINT amino_acid_mutation__aminoacidmutation_id_7e97d480_fk_amino_aci FOREIGN KEY (aminoacidmutation_id) REFERENCES public.amino_acid_mutation(id) DEFERRABLE INITIALLY DEFERRED;


--
-- Name: amino_acid_mutation_parent amino_acid_mutation__nucleotidemutation_i_28a89542_fk_nucleotid; Type: FK CONSTRAINT; Schema: public; Owner: -
--

ALTER TABLE ONLY public.amino_acid_mutation_parent
    ADD CONSTRAINT amino_acid_mutation__nucleotidemutation_i_28a89542_fk_nucleotid FOREIGN KEY (nucleotidemutation_id) REFERENCES public.nucleotide_mutation(id) DEFERRABLE INITIALLY DEFERRED;


--
-- Name: amino_acid_mutation amino_acid_mutation_gene_id_1fe67473_fk_gene_id; Type: FK CONSTRAINT; Schema: public; Owner: -
--

ALTER TABLE ONLY public.amino_acid_mutation
    ADD CONSTRAINT amino_acid_mutation_gene_id_1fe67473_fk_gene_id FOREIGN KEY (gene_id) REFERENCES public.gene(id) DEFERRABLE INITIALLY DEFERRED;


--
-- Name: amino_acid_mutation amino_acid_mutation_replicon_id_3d9157fc_fk_replicon_id; Type: FK CONSTRAINT; Schema: public; Owner: -
--

ALTER TABLE ONLY public.amino_acid_mutation
    ADD CONSTRAINT amino_acid_mutation_replicon_id_3d9157fc_fk_replicon_id FOREIGN KEY (replicon_id) REFERENCES public.replicon(id) DEFERRABLE INITIALLY DEFERRED;


--
-- Name: annotation_type_mutations annotation_type_muta_annotationtype_id_70469db6_fk_annotatio; Type: FK CONSTRAINT; Schema: public; Owner: -
--

ALTER TABLE ONLY public.annotation_type_mutations
    ADD CONSTRAINT annotation_type_muta_annotationtype_id_70469db6_fk_annotatio FOREIGN KEY (annotationtype_id) REFERENCES public.annotation_type(id) DEFERRABLE INITIALLY DEFERRED;


--
-- Name: annotation_type_mutations annotation_type_muta_nucleotidemutation_i_d7be6a9d_fk_nucleotid; Type: FK CONSTRAINT; Schema: public; Owner: -
--

ALTER TABLE ONLY public.annotation_type_mutations
    ADD CONSTRAINT annotation_type_muta_nucleotidemutation_i_d7be6a9d_fk_nucleotid FOREIGN KEY (nucleotidemutation_id) REFERENCES public.nucleotide_mutation(id) DEFERRABLE INITIALLY DEFERRED;


--
-- Name: auth_group_permissions auth_group_permissio_permission_id_84c5c92e_fk_auth_perm; Type: FK CONSTRAINT; Schema: public; Owner: -
--

ALTER TABLE ONLY public.auth_group_permissions
    ADD CONSTRAINT auth_group_permissio_permission_id_84c5c92e_fk_auth_perm FOREIGN KEY (permission_id) REFERENCES public.auth_permission(id) DEFERRABLE INITIALLY DEFERRED;


--
-- Name: auth_group_permissions auth_group_permissions_group_id_b120cbf9_fk_auth_group_id; Type: FK CONSTRAINT; Schema: public; Owner: -
--

ALTER TABLE ONLY public.auth_group_permissions
    ADD CONSTRAINT auth_group_permissions_group_id_b120cbf9_fk_auth_group_id FOREIGN KEY (group_id) REFERENCES public.auth_group(id) DEFERRABLE INITIALLY DEFERRED;


--
-- Name: auth_permission auth_permission_content_type_id_2f476e4b_fk_django_co; Type: FK CONSTRAINT; Schema: public; Owner: -
--

ALTER TABLE ONLY public.auth_permission
    ADD CONSTRAINT auth_permission_content_type_id_2f476e4b_fk_django_co FOREIGN KEY (content_type_id) REFERENCES public.django_content_type(id) DEFERRABLE INITIALLY DEFERRED;


--
-- Name: auth_user_groups auth_user_groups_group_id_97559544_fk_auth_group_id; Type: FK CONSTRAINT; Schema: public; Owner: -
--

ALTER TABLE ONLY public.auth_user_groups
    ADD CONSTRAINT auth_user_groups_group_id_97559544_fk_auth_group_id FOREIGN KEY (group_id) REFERENCES public.auth_group(id) DEFERRABLE INITIALLY DEFERRED;


--
-- Name: auth_user_groups auth_user_groups_user_id_6a12ed8b_fk_auth_user_id; Type: FK CONSTRAINT; Schema: public; Owner: -
--

ALTER TABLE ONLY public.auth_user_groups
    ADD CONSTRAINT auth_user_groups_user_id_6a12ed8b_fk_auth_user_id FOREIGN KEY (user_id) REFERENCES public.auth_user(id) DEFERRABLE INITIALLY DEFERRED;


--
-- Name: auth_user_user_permissions auth_user_user_permi_permission_id_1fbb5f2c_fk_auth_perm; Type: FK CONSTRAINT; Schema: public; Owner: -
--

ALTER TABLE ONLY public.auth_user_user_permissions
    ADD CONSTRAINT auth_user_user_permi_permission_id_1fbb5f2c_fk_auth_perm FOREIGN KEY (permission_id) REFERENCES public.auth_permission(id) DEFERRABLE INITIALLY DEFERRED;


--
-- Name: auth_user_user_permissions auth_user_user_permissions_user_id_a95ead1b_fk_auth_user_id; Type: FK CONSTRAINT; Schema: public; Owner: -
--

ALTER TABLE ONLY public.auth_user_user_permissions
    ADD CONSTRAINT auth_user_user_permissions_user_id_a95ead1b_fk_auth_user_id FOREIGN KEY (user_id) REFERENCES public.auth_user(id) DEFERRABLE INITIALLY DEFERRED;


--
-- Name: django_admin_log django_admin_log_content_type_id_c4bce8eb_fk_django_co; Type: FK CONSTRAINT; Schema: public; Owner: -
--

ALTER TABLE ONLY public.django_admin_log
    ADD CONSTRAINT django_admin_log_content_type_id_c4bce8eb_fk_django_co FOREIGN KEY (content_type_id) REFERENCES public.django_content_type(id) DEFERRABLE INITIALLY DEFERRED;


--
-- Name: django_admin_log django_admin_log_user_id_c564eba6_fk_auth_user_id; Type: FK CONSTRAINT; Schema: public; Owner: -
--

ALTER TABLE ONLY public.django_admin_log
    ADD CONSTRAINT django_admin_log_user_id_c564eba6_fk_auth_user_id FOREIGN KEY (user_id) REFERENCES public.auth_user(id) DEFERRABLE INITIALLY DEFERRED;


--
-- Name: django_apscheduler_djangojobexecution django_apscheduler_djangojobexecution_job_id_daf5090a_fk; Type: FK CONSTRAINT; Schema: public; Owner: -
--

ALTER TABLE ONLY public.django_apscheduler_djangojobexecution
    ADD CONSTRAINT django_apscheduler_djangojobexecution_job_id_daf5090a_fk FOREIGN KEY (job_id) REFERENCES public.django_apscheduler_djangojob(id) DEFERRABLE INITIALLY DEFERRED;


--
-- Name: file_processing file_processing_processing_job_id_46fcf01d_fk_processing_job_id; Type: FK CONSTRAINT; Schema: public; Owner: -
--

ALTER TABLE ONLY public.file_processing
    ADD CONSTRAINT file_processing_processing_job_id_46fcf01d_fk_processing_job_id FOREIGN KEY (processing_job_id) REFERENCES public.processing_job(id) DEFERRABLE INITIALLY DEFERRED;


--
-- Name: gene gene_replicon_id_7a0d0bd8_fk_replicon_id; Type: FK CONSTRAINT; Schema: public; Owner: -
--

ALTER TABLE ONLY public.gene
    ADD CONSTRAINT gene_replicon_id_7a0d0bd8_fk_replicon_id FOREIGN KEY (replicon_id) REFERENCES public.replicon(id) DEFERRABLE INITIALLY DEFERRED;


--
-- Name: gene_segment gene_segment_gene_id_2e6039db_fk_gene_id; Type: FK CONSTRAINT; Schema: public; Owner: -
--

ALTER TABLE ONLY public.gene_segment
    ADD CONSTRAINT gene_segment_gene_id_2e6039db_fk_gene_id FOREIGN KEY (gene_id) REFERENCES public.gene(id) DEFERRABLE INITIALLY DEFERRED;


--
-- Name: import_log import_log_file_id_7df8ad67_fk_file_processing_file_name; Type: FK CONSTRAINT; Schema: public; Owner: -
--

ALTER TABLE ONLY public.import_log
    ADD CONSTRAINT import_log_file_id_7df8ad67_fk_file_processing_file_name FOREIGN KEY (file_id) REFERENCES public.file_processing(file_name) DEFERRABLE INITIALLY DEFERRED;


--
-- Name: lineage lineage_parent_id_332a5968_fk_lineage_id; Type: FK CONSTRAINT; Schema: public; Owner: -
--

ALTER TABLE ONLY public.lineage
    ADD CONSTRAINT lineage_parent_id_332a5968_fk_lineage_id FOREIGN KEY (parent_id) REFERENCES public.lineage(id) DEFERRABLE INITIALLY DEFERRED;


--
-- Name: nucleotide_mutation_alignments nucleotide_mutation__alignment_id_ca48460d_fk_alignment; Type: FK CONSTRAINT; Schema: public; Owner: -
--

ALTER TABLE ONLY public.nucleotide_mutation_alignments
    ADD CONSTRAINT nucleotide_mutation__alignment_id_ca48460d_fk_alignment FOREIGN KEY (alignment_id) REFERENCES public.alignment(id) DEFERRABLE INITIALLY DEFERRED;


--
-- Name: nucleotide_mutation_alignments nucleotide_mutation__nucleotidemutation_i_cab3b039_fk_nucleotid; Type: FK CONSTRAINT; Schema: public; Owner: -
--

ALTER TABLE ONLY public.nucleotide_mutation_alignments
    ADD CONSTRAINT nucleotide_mutation__nucleotidemutation_i_cab3b039_fk_nucleotid FOREIGN KEY (nucleotidemutation_id) REFERENCES public.nucleotide_mutation(id) DEFERRABLE INITIALLY DEFERRED;


--
-- Name: nucleotide_mutation nucleotide_mutation_replicon_id_15a68443_fk_replicon_id; Type: FK CONSTRAINT; Schema: public; Owner: -
--

ALTER TABLE ONLY public.nucleotide_mutation
    ADD CONSTRAINT nucleotide_mutation_replicon_id_15a68443_fk_replicon_id FOREIGN KEY (replicon_id) REFERENCES public.replicon(id) DEFERRABLE INITIALLY DEFERRED;


--
-- Name: replicon replicon_reference_id_f0191358_fk_reference_id; Type: FK CONSTRAINT; Schema: public; Owner: -
--

ALTER TABLE ONLY public.replicon
    ADD CONSTRAINT replicon_reference_id_f0191358_fk_reference_id FOREIGN KEY (reference_id) REFERENCES public.reference(id) DEFERRABLE INITIALLY DEFERRED;


--
-- Name: sample2property sample2property_property_id_c2180c6c_fk_property_id; Type: FK CONSTRAINT; Schema: public; Owner: -
--

ALTER TABLE ONLY public.sample2property
    ADD CONSTRAINT sample2property_property_id_c2180c6c_fk_property_id FOREIGN KEY (property_id) REFERENCES public.property(id) DEFERRABLE INITIALLY DEFERRED;


--
-- Name: sample2property sample2property_sample_id_8576a658_fk_sample_id; Type: FK CONSTRAINT; Schema: public; Owner: -
--

ALTER TABLE ONLY public.sample2property
    ADD CONSTRAINT sample2property_sample_id_8576a658_fk_sample_id FOREIGN KEY (sample_id) REFERENCES public.sample(id) DEFERRABLE INITIALLY DEFERRED;


--
-- Name: sample sample_sequence_id_ce61d347_fk_sequence_id; Type: FK CONSTRAINT; Schema: public; Owner: -
--

ALTER TABLE ONLY public.sample
    ADD CONSTRAINT sample_sequence_id_ce61d347_fk_sequence_id FOREIGN KEY (sequence_id) REFERENCES public.sequence(id) DEFERRABLE INITIALLY DEFERRED;


--
-- PostgreSQL database dump complete
--

