--
-- PostgreSQL database dump
--

-- Dumped from database version 16.4
-- Dumped by pg_dump version 16.3

-- Started on 2025-01-21 15:36:50 CET

SET statement_timeout = 0;
SET lock_timeout = 0;
SET idle_in_transaction_session_timeout = 0;
SET client_encoding = 'UTF8';
SET standard_conforming_strings = on;
SELECT pg_catalog.set_config('search_path', '', false);
SET check_function_bodies = false;
SET xmloption = content;
SET client_min_messages = warning;
SET row_security = off;

--
-- TOC entry 4 (class 2615 OID 2200)
-- Name: public; Type: SCHEMA; Schema: -; Owner: pg_database_owner
--

CREATE SCHEMA public;


ALTER SCHEMA public OWNER TO pg_database_owner;

--
-- TOC entry 3839 (class 0 OID 0)
-- Dependencies: 4
-- Name: SCHEMA public; Type: COMMENT; Schema: -; Owner: pg_database_owner
--

COMMENT ON SCHEMA public IS 'standard public schema';


SET default_tablespace = '';

SET default_table_access_method = heap;

--
-- TOC entry 236 (class 1259 OID 16588)
-- Name: alignment; Type: TABLE; Schema: public; Owner: postgres
--

CREATE TABLE public.alignment (
    id bigint NOT NULL,
    sequence_id bigint NOT NULL,
    replicon_id bigint NOT NULL
);


ALTER TABLE public.alignment OWNER TO postgres;

--
-- TOC entry 246 (class 1259 OID 16857)
-- Name: alignment_id_seq; Type: SEQUENCE; Schema: public; Owner: postgres
--

ALTER TABLE public.alignment ALTER COLUMN id ADD GENERATED BY DEFAULT AS IDENTITY (
    SEQUENCE NAME public.alignment_id_seq
    START WITH 1
    INCREMENT BY 1
    NO MINVALUE
    NO MAXVALUE
    CACHE 1
);


--
-- TOC entry 269 (class 1259 OID 17817)
-- Name: amino_acid_mutation; Type: TABLE; Schema: public; Owner: postgres
--

CREATE TABLE public.amino_acid_mutation (
    id bigint NOT NULL,
    ref text NOT NULL,
    alt text NOT NULL,
    start bigint NOT NULL,
    "end" bigint NOT NULL,
    gene_id bigint NOT NULL,
    replicon_id bigint NOT NULL
);


ALTER TABLE public.amino_acid_mutation OWNER TO postgres;

--
-- TOC entry 271 (class 1259 OID 17825)
-- Name: amino_acid_mutation_alignments; Type: TABLE; Schema: public; Owner: postgres
--

CREATE TABLE public.amino_acid_mutation_alignments (
    id bigint NOT NULL,
    aminoacidmutation_id bigint NOT NULL,
    alignment_id bigint NOT NULL
);


ALTER TABLE public.amino_acid_mutation_alignments OWNER TO postgres;

--
-- TOC entry 270 (class 1259 OID 17824)
-- Name: amino_acid_mutation_alignments_id_seq; Type: SEQUENCE; Schema: public; Owner: postgres
--

ALTER TABLE public.amino_acid_mutation_alignments ALTER COLUMN id ADD GENERATED BY DEFAULT AS IDENTITY (
    SEQUENCE NAME public.amino_acid_mutation_alignments_id_seq
    START WITH 1
    INCREMENT BY 1
    NO MINVALUE
    NO MAXVALUE
    CACHE 1
);


--
-- TOC entry 268 (class 1259 OID 17816)
-- Name: amino_acid_mutation_id_seq; Type: SEQUENCE; Schema: public; Owner: postgres
--

ALTER TABLE public.amino_acid_mutation ALTER COLUMN id ADD GENERATED BY DEFAULT AS IDENTITY (
    SEQUENCE NAME public.amino_acid_mutation_id_seq
    START WITH 1
    INCREMENT BY 1
    NO MINVALUE
    NO MAXVALUE
    CACHE 1
);


--
-- TOC entry 273 (class 1259 OID 17831)
-- Name: amino_acid_mutation_parent; Type: TABLE; Schema: public; Owner: postgres
--

CREATE TABLE public.amino_acid_mutation_parent (
    id bigint NOT NULL,
    aminoacidmutation_id bigint NOT NULL,
    nucleotidemutation_id bigint NOT NULL
);


ALTER TABLE public.amino_acid_mutation_parent OWNER TO postgres;

--
-- TOC entry 272 (class 1259 OID 17830)
-- Name: amino_acid_mutation_parent_id_seq; Type: SEQUENCE; Schema: public; Owner: postgres
--

ALTER TABLE public.amino_acid_mutation_parent ALTER COLUMN id ADD GENERATED BY DEFAULT AS IDENTITY (
    SEQUENCE NAME public.amino_acid_mutation_parent_id_seq
    START WITH 1
    INCREMENT BY 1
    NO MINVALUE
    NO MAXVALUE
    CACHE 1
);


--
-- TOC entry 238 (class 1259 OID 16600)
-- Name: annotation_type; Type: TABLE; Schema: public; Owner: postgres
--

CREATE TABLE public.annotation_type (
    id bigint NOT NULL,
    seq_ontology character varying(50) NOT NULL,
    region character varying(50),
    impact character varying(20) NOT NULL
);


ALTER TABLE public.annotation_type OWNER TO postgres;

--
-- TOC entry 237 (class 1259 OID 16599)
-- Name: annotation_type_id_seq; Type: SEQUENCE; Schema: public; Owner: postgres
--

ALTER TABLE public.annotation_type ALTER COLUMN id ADD GENERATED BY DEFAULT AS IDENTITY (
    SEQUENCE NAME public.annotation_type_id_seq
    START WITH 1
    INCREMENT BY 1
    NO MINVALUE
    NO MAXVALUE
    CACHE 1
);


--
-- TOC entry 275 (class 1259 OID 17837)
-- Name: annotation_type_mutations; Type: TABLE; Schema: public; Owner: postgres
--

CREATE TABLE public.annotation_type_mutations (
    id bigint NOT NULL,
    annotationtype_id bigint NOT NULL,
    nucleotidemutation_id bigint NOT NULL
);


ALTER TABLE public.annotation_type_mutations OWNER TO postgres;

--
-- TOC entry 274 (class 1259 OID 17836)
-- Name: annotation_type_mutations_id_seq; Type: SEQUENCE; Schema: public; Owner: postgres
--

ALTER TABLE public.annotation_type_mutations ALTER COLUMN id ADD GENERATED BY DEFAULT AS IDENTITY (
    SEQUENCE NAME public.annotation_type_mutations_id_seq
    START WITH 1
    INCREMENT BY 1
    NO MINVALUE
    NO MAXVALUE
    CACHE 1
);


--
-- TOC entry 222 (class 1259 OID 16408)
-- Name: auth_group; Type: TABLE; Schema: public; Owner: postgres
--

CREATE TABLE public.auth_group (
    id integer NOT NULL,
    name character varying(150) NOT NULL
);


ALTER TABLE public.auth_group OWNER TO postgres;

--
-- TOC entry 221 (class 1259 OID 16407)
-- Name: auth_group_id_seq; Type: SEQUENCE; Schema: public; Owner: postgres
--

ALTER TABLE public.auth_group ALTER COLUMN id ADD GENERATED BY DEFAULT AS IDENTITY (
    SEQUENCE NAME public.auth_group_id_seq
    START WITH 1
    INCREMENT BY 1
    NO MINVALUE
    NO MAXVALUE
    CACHE 1
);


--
-- TOC entry 224 (class 1259 OID 16416)
-- Name: auth_group_permissions; Type: TABLE; Schema: public; Owner: postgres
--

CREATE TABLE public.auth_group_permissions (
    id bigint NOT NULL,
    group_id integer NOT NULL,
    permission_id integer NOT NULL
);


ALTER TABLE public.auth_group_permissions OWNER TO postgres;

--
-- TOC entry 223 (class 1259 OID 16415)
-- Name: auth_group_permissions_id_seq; Type: SEQUENCE; Schema: public; Owner: postgres
--

ALTER TABLE public.auth_group_permissions ALTER COLUMN id ADD GENERATED BY DEFAULT AS IDENTITY (
    SEQUENCE NAME public.auth_group_permissions_id_seq
    START WITH 1
    INCREMENT BY 1
    NO MINVALUE
    NO MAXVALUE
    CACHE 1
);


--
-- TOC entry 220 (class 1259 OID 16402)
-- Name: auth_permission; Type: TABLE; Schema: public; Owner: postgres
--

CREATE TABLE public.auth_permission (
    id integer NOT NULL,
    name character varying(255) NOT NULL,
    content_type_id integer NOT NULL,
    codename character varying(100) NOT NULL
);


ALTER TABLE public.auth_permission OWNER TO postgres;

--
-- TOC entry 219 (class 1259 OID 16401)
-- Name: auth_permission_id_seq; Type: SEQUENCE; Schema: public; Owner: postgres
--

ALTER TABLE public.auth_permission ALTER COLUMN id ADD GENERATED BY DEFAULT AS IDENTITY (
    SEQUENCE NAME public.auth_permission_id_seq
    START WITH 1
    INCREMENT BY 1
    NO MINVALUE
    NO MAXVALUE
    CACHE 1
);


--
-- TOC entry 226 (class 1259 OID 16422)
-- Name: auth_user; Type: TABLE; Schema: public; Owner: postgres
--

CREATE TABLE public.auth_user (
    id integer NOT NULL,
    password character varying(128) NOT NULL,
    last_login timestamp with time zone,
    is_superuser boolean NOT NULL,
    username character varying(150) NOT NULL,
    first_name character varying(150) NOT NULL,
    last_name character varying(150) NOT NULL,
    email character varying(254) NOT NULL,
    is_staff boolean NOT NULL,
    is_active boolean NOT NULL,
    date_joined timestamp with time zone NOT NULL
);


ALTER TABLE public.auth_user OWNER TO postgres;

--
-- TOC entry 228 (class 1259 OID 16430)
-- Name: auth_user_groups; Type: TABLE; Schema: public; Owner: postgres
--

CREATE TABLE public.auth_user_groups (
    id bigint NOT NULL,
    user_id integer NOT NULL,
    group_id integer NOT NULL
);


ALTER TABLE public.auth_user_groups OWNER TO postgres;

--
-- TOC entry 227 (class 1259 OID 16429)
-- Name: auth_user_groups_id_seq; Type: SEQUENCE; Schema: public; Owner: postgres
--

ALTER TABLE public.auth_user_groups ALTER COLUMN id ADD GENERATED BY DEFAULT AS IDENTITY (
    SEQUENCE NAME public.auth_user_groups_id_seq
    START WITH 1
    INCREMENT BY 1
    NO MINVALUE
    NO MAXVALUE
    CACHE 1
);


--
-- TOC entry 225 (class 1259 OID 16421)
-- Name: auth_user_id_seq; Type: SEQUENCE; Schema: public; Owner: postgres
--

ALTER TABLE public.auth_user ALTER COLUMN id ADD GENERATED BY DEFAULT AS IDENTITY (
    SEQUENCE NAME public.auth_user_id_seq
    START WITH 1
    INCREMENT BY 1
    NO MINVALUE
    NO MAXVALUE
    CACHE 1
);


--
-- TOC entry 230 (class 1259 OID 16436)
-- Name: auth_user_user_permissions; Type: TABLE; Schema: public; Owner: postgres
--

CREATE TABLE public.auth_user_user_permissions (
    id bigint NOT NULL,
    user_id integer NOT NULL,
    permission_id integer NOT NULL
);


ALTER TABLE public.auth_user_user_permissions OWNER TO postgres;

--
-- TOC entry 229 (class 1259 OID 16435)
-- Name: auth_user_user_permissions_id_seq; Type: SEQUENCE; Schema: public; Owner: postgres
--

ALTER TABLE public.auth_user_user_permissions ALTER COLUMN id ADD GENERATED BY DEFAULT AS IDENTITY (
    SEQUENCE NAME public.auth_user_user_permissions_id_seq
    START WITH 1
    INCREMENT BY 1
    NO MINVALUE
    NO MAXVALUE
    CACHE 1
);


--
-- TOC entry 251 (class 1259 OID 17029)
-- Name: gene; Type: TABLE; Schema: public; Owner: postgres
--

CREATE TABLE public.gene (
    id bigint NOT NULL,
    description character varying(100),
    start bigint NOT NULL,
    "end" bigint NOT NULL,
    strand bigint NOT NULL,
    gene_symbol character varying(50),
    gene_accession character varying(50),
    gene_sequence text,
    cds_sequence text,
    replicon_id bigint NOT NULL,
    cds_accession character varying(50),
    cds_symbol character varying(50)
);


ALTER TABLE public.gene OWNER TO postgres;

--
-- TOC entry 250 (class 1259 OID 17028)
-- Name: child_element_id_seq; Type: SEQUENCE; Schema: public; Owner: postgres
--

ALTER TABLE public.gene ALTER COLUMN id ADD GENERATED BY DEFAULT AS IDENTITY (
    SEQUENCE NAME public.child_element_id_seq
    START WITH 1
    INCREMENT BY 1
    NO MINVALUE
    NO MAXVALUE
    CACHE 1
);


--
-- TOC entry 232 (class 1259 OID 16494)
-- Name: django_admin_log; Type: TABLE; Schema: public; Owner: postgres
--

CREATE TABLE public.django_admin_log (
    id integer NOT NULL,
    action_time timestamp with time zone NOT NULL,
    object_id text,
    object_repr character varying(200) NOT NULL,
    action_flag smallint NOT NULL,
    change_message text NOT NULL,
    content_type_id integer,
    user_id integer NOT NULL,
    CONSTRAINT django_admin_log_action_flag_check CHECK ((action_flag >= 0))
);


ALTER TABLE public.django_admin_log OWNER TO postgres;

--
-- TOC entry 231 (class 1259 OID 16493)
-- Name: django_admin_log_id_seq; Type: SEQUENCE; Schema: public; Owner: postgres
--

ALTER TABLE public.django_admin_log ALTER COLUMN id ADD GENERATED BY DEFAULT AS IDENTITY (
    SEQUENCE NAME public.django_admin_log_id_seq
    START WITH 1
    INCREMENT BY 1
    NO MINVALUE
    NO MAXVALUE
    CACHE 1
);


--
-- TOC entry 233 (class 1259 OID 16523)
-- Name: django_apscheduler_djangojob; Type: TABLE; Schema: public; Owner: postgres
--

CREATE TABLE public.django_apscheduler_djangojob (
    id character varying(255) NOT NULL,
    next_run_time timestamp with time zone,
    job_state bytea NOT NULL
);


ALTER TABLE public.django_apscheduler_djangojob OWNER TO postgres;

--
-- TOC entry 235 (class 1259 OID 16533)
-- Name: django_apscheduler_djangojobexecution; Type: TABLE; Schema: public; Owner: postgres
--

CREATE TABLE public.django_apscheduler_djangojobexecution (
    id bigint NOT NULL,
    status character varying(50) NOT NULL,
    run_time timestamp with time zone NOT NULL,
    duration numeric(15,2),
    finished numeric(15,2),
    exception character varying(1000),
    traceback text,
    job_id character varying(255) NOT NULL
);


ALTER TABLE public.django_apscheduler_djangojobexecution OWNER TO postgres;

--
-- TOC entry 234 (class 1259 OID 16532)
-- Name: django_apscheduler_djangojobexecution_id_seq; Type: SEQUENCE; Schema: public; Owner: postgres
--

ALTER TABLE public.django_apscheduler_djangojobexecution ALTER COLUMN id ADD GENERATED BY DEFAULT AS IDENTITY (
    SEQUENCE NAME public.django_apscheduler_djangojobexecution_id_seq
    START WITH 1
    INCREMENT BY 1
    NO MINVALUE
    NO MAXVALUE
    CACHE 1
);


--
-- TOC entry 218 (class 1259 OID 16394)
-- Name: django_content_type; Type: TABLE; Schema: public; Owner: postgres
--

CREATE TABLE public.django_content_type (
    id integer NOT NULL,
    app_label character varying(100) NOT NULL,
    model character varying(100) NOT NULL
);


ALTER TABLE public.django_content_type OWNER TO postgres;

--
-- TOC entry 217 (class 1259 OID 16393)
-- Name: django_content_type_id_seq; Type: SEQUENCE; Schema: public; Owner: postgres
--

ALTER TABLE public.django_content_type ALTER COLUMN id ADD GENERATED BY DEFAULT AS IDENTITY (
    SEQUENCE NAME public.django_content_type_id_seq
    START WITH 1
    INCREMENT BY 1
    NO MINVALUE
    NO MAXVALUE
    CACHE 1
);


--
-- TOC entry 216 (class 1259 OID 16386)
-- Name: django_migrations; Type: TABLE; Schema: public; Owner: postgres
--

CREATE TABLE public.django_migrations (
    id bigint NOT NULL,
    app character varying(255) NOT NULL,
    name character varying(255) NOT NULL,
    applied timestamp with time zone NOT NULL
);


ALTER TABLE public.django_migrations OWNER TO postgres;

--
-- TOC entry 215 (class 1259 OID 16385)
-- Name: django_migrations_id_seq; Type: SEQUENCE; Schema: public; Owner: postgres
--

ALTER TABLE public.django_migrations ALTER COLUMN id ADD GENERATED BY DEFAULT AS IDENTITY (
    SEQUENCE NAME public.django_migrations_id_seq
    START WITH 1
    INCREMENT BY 1
    NO MINVALUE
    NO MAXVALUE
    CACHE 1
);


--
-- TOC entry 276 (class 1259 OID 17946)
-- Name: django_session; Type: TABLE; Schema: public; Owner: postgres
--

CREATE TABLE public.django_session (
    session_key character varying(40) NOT NULL,
    session_data text NOT NULL,
    expire_date timestamp with time zone NOT NULL
);


ALTER TABLE public.django_session OWNER TO postgres;

--
-- TOC entry 261 (class 1259 OID 17669)
-- Name: file_processing; Type: TABLE; Schema: public; Owner: postgres
--

CREATE TABLE public.file_processing (
    id bigint NOT NULL,
    file_name character varying(255) NOT NULL,
    processing_job_id bigint NOT NULL
);


ALTER TABLE public.file_processing OWNER TO postgres;

--
-- TOC entry 260 (class 1259 OID 17668)
-- Name: file_processing_id_seq; Type: SEQUENCE; Schema: public; Owner: postgres
--

ALTER TABLE public.file_processing ALTER COLUMN id ADD GENERATED BY DEFAULT AS IDENTITY (
    SEQUENCE NAME public.file_processing_id_seq
    START WITH 1
    INCREMENT BY 1
    NO MINVALUE
    NO MAXVALUE
    CACHE 1
);


--
-- TOC entry 253 (class 1259 OID 17041)
-- Name: gene_segment; Type: TABLE; Schema: public; Owner: postgres
--

CREATE TABLE public.gene_segment (
    id bigint NOT NULL,
    start bigint NOT NULL,
    "end" bigint NOT NULL,
    strand bigint NOT NULL,
    base double precision NOT NULL,
    segment bigint NOT NULL,
    gene_id bigint NOT NULL
);


ALTER TABLE public.gene_segment OWNER TO postgres;

--
-- TOC entry 252 (class 1259 OID 17040)
-- Name: gene_part_id_seq; Type: SEQUENCE; Schema: public; Owner: postgres
--

ALTER TABLE public.gene_segment ALTER COLUMN id ADD GENERATED BY DEFAULT AS IDENTITY (
    SEQUENCE NAME public.gene_part_id_seq
    START WITH 1
    INCREMENT BY 1
    NO MINVALUE
    NO MAXVALUE
    CACHE 1
);


--
-- TOC entry 259 (class 1259 OID 17644)
-- Name: import_log; Type: TABLE; Schema: public; Owner: postgres
--

CREATE TABLE public.import_log (
    id bigint NOT NULL,
    type character varying(3) NOT NULL,
    file_id character varying(255) NOT NULL,
    updated timestamp with time zone NOT NULL,
    success boolean NOT NULL,
    exception_text text,
    stack_trace text
);


ALTER TABLE public.import_log OWNER TO postgres;

--
-- TOC entry 258 (class 1259 OID 17643)
-- Name: import_log_id_seq; Type: SEQUENCE; Schema: public; Owner: postgres
--

ALTER TABLE public.import_log ALTER COLUMN id ADD GENERATED BY DEFAULT AS IDENTITY (
    SEQUENCE NAME public.import_log_id_seq
    START WITH 1
    INCREMENT BY 1
    NO MINVALUE
    NO MAXVALUE
    CACHE 1
);


--
-- TOC entry 257 (class 1259 OID 17615)
-- Name: lineage; Type: TABLE; Schema: public; Owner: postgres
--

CREATE TABLE public.lineage (
    id bigint NOT NULL,
    name character varying(50) NOT NULL,
    parent_id bigint
);


ALTER TABLE public.lineage OWNER TO postgres;

--
-- TOC entry 256 (class 1259 OID 17614)
-- Name: lineage_id_seq; Type: SEQUENCE; Schema: public; Owner: postgres
--

ALTER TABLE public.lineage ALTER COLUMN id ADD GENERATED BY DEFAULT AS IDENTITY (
    SEQUENCE NAME public.lineage_id_seq
    START WITH 1
    INCREMENT BY 1
    NO MINVALUE
    NO MAXVALUE
    CACHE 1
);


--
-- TOC entry 265 (class 1259 OID 17803)
-- Name: nucleotide_mutation; Type: TABLE; Schema: public; Owner: postgres
--

CREATE TABLE public.nucleotide_mutation (
    id bigint NOT NULL,
    ref text NOT NULL,
    alt text NOT NULL,
    start bigint NOT NULL,
    "end" bigint NOT NULL,
    replicon_id bigint
);


ALTER TABLE public.nucleotide_mutation OWNER TO postgres;

--
-- TOC entry 267 (class 1259 OID 17811)
-- Name: nucleotide_mutation_alignments; Type: TABLE; Schema: public; Owner: postgres
--

CREATE TABLE public.nucleotide_mutation_alignments (
    id bigint NOT NULL,
    nucleotidemutation_id bigint NOT NULL,
    alignment_id bigint NOT NULL
);


ALTER TABLE public.nucleotide_mutation_alignments OWNER TO postgres;

--
-- TOC entry 266 (class 1259 OID 17810)
-- Name: nucleotide_mutation_alignments_id_seq; Type: SEQUENCE; Schema: public; Owner: postgres
--

ALTER TABLE public.nucleotide_mutation_alignments ALTER COLUMN id ADD GENERATED BY DEFAULT AS IDENTITY (
    SEQUENCE NAME public.nucleotide_mutation_alignments_id_seq
    START WITH 1
    INCREMENT BY 1
    NO MINVALUE
    NO MAXVALUE
    CACHE 1
);


--
-- TOC entry 264 (class 1259 OID 17802)
-- Name: nucleotide_mutation_id_seq; Type: SEQUENCE; Schema: public; Owner: postgres
--

ALTER TABLE public.nucleotide_mutation ALTER COLUMN id ADD GENERATED BY DEFAULT AS IDENTITY (
    SEQUENCE NAME public.nucleotide_mutation_id_seq
    START WITH 1
    INCREMENT BY 1
    NO MINVALUE
    NO MAXVALUE
    CACHE 1
);


--
-- TOC entry 263 (class 1259 OID 17677)
-- Name: processing_job; Type: TABLE; Schema: public; Owner: postgres
--

CREATE TABLE public.processing_job (
    id bigint NOT NULL,
    job_name character varying(255) NOT NULL,
    status character varying(2) NOT NULL,
    entry_time timestamp with time zone NOT NULL
);


ALTER TABLE public.processing_job OWNER TO postgres;

--
-- TOC entry 262 (class 1259 OID 17676)
-- Name: processing_job_id_seq; Type: SEQUENCE; Schema: public; Owner: postgres
--

ALTER TABLE public.processing_job ALTER COLUMN id ADD GENERATED BY DEFAULT AS IDENTITY (
    SEQUENCE NAME public.processing_job_id_seq
    START WITH 1
    INCREMENT BY 1
    NO MINVALUE
    NO MAXVALUE
    CACHE 1
);


--
-- TOC entry 239 (class 1259 OID 16622)
-- Name: property; Type: TABLE; Schema: public; Owner: postgres
--

CREATE TABLE public.property (
    id bigint NOT NULL,
    name character varying(50) NOT NULL,
    datatype character varying(50) NOT NULL,
    querytype character varying(50),
    description character varying(400),
    target character varying(50),
    standard character varying(50)
);


ALTER TABLE public.property OWNER TO postgres;

--
-- TOC entry 247 (class 1259 OID 16891)
-- Name: property_id_seq; Type: SEQUENCE; Schema: public; Owner: postgres
--

ALTER TABLE public.property ALTER COLUMN id ADD GENERATED BY DEFAULT AS IDENTITY (
    SEQUENCE NAME public.property_id_seq
    START WITH 1
    INCREMENT BY 1
    NO MINVALUE
    NO MAXVALUE
    CACHE 1
);


--
-- TOC entry 243 (class 1259 OID 16661)
-- Name: reference; Type: TABLE; Schema: public; Owner: postgres
--

CREATE TABLE public.reference (
    id bigint NOT NULL,
    accession character varying(50),
    description character varying(400),
    organism character varying(50),
    collection_date date,
    country character varying(50),
    db_xref character varying(50),
    host character varying(50),
    isolate character varying(50),
    mol_type character varying(50),
    name character varying(50),
    translation_id integer NOT NULL
);


ALTER TABLE public.reference OWNER TO postgres;

--
-- TOC entry 248 (class 1259 OID 16899)
-- Name: reference_id_seq; Type: SEQUENCE; Schema: public; Owner: postgres
--

ALTER TABLE public.reference ALTER COLUMN id ADD GENERATED BY DEFAULT AS IDENTITY (
    SEQUENCE NAME public.reference_id_seq
    START WITH 1
    INCREMENT BY 1
    NO MINVALUE
    NO MAXVALUE
    CACHE 1
);


--
-- TOC entry 255 (class 1259 OID 17086)
-- Name: replicon; Type: TABLE; Schema: public; Owner: postgres
--

CREATE TABLE public.replicon (
    id bigint NOT NULL,
    length bigint,
    sequence text NOT NULL,
    accession character varying(50),
    description character varying(400),
    type character varying(50),
    segment_number bigint,
    reference_id bigint NOT NULL
);


ALTER TABLE public.replicon OWNER TO postgres;

--
-- TOC entry 254 (class 1259 OID 17085)
-- Name: replicon_id_seq; Type: SEQUENCE; Schema: public; Owner: postgres
--

ALTER TABLE public.replicon ALTER COLUMN id ADD GENERATED BY DEFAULT AS IDENTITY (
    SEQUENCE NAME public.replicon_id_seq
    START WITH 1
    INCREMENT BY 1
    NO MINVALUE
    NO MAXVALUE
    CACHE 1
);


--
-- TOC entry 242 (class 1259 OID 16652)
-- Name: sample; Type: TABLE; Schema: public; Owner: postgres
--

CREATE TABLE public.sample (
    id bigint NOT NULL,
    name character varying(100) NOT NULL,
    datahash character varying(50) NOT NULL,
    sequence_id bigint NOT NULL,
    collection_date date,
    country character varying(50),
    genome_completeness character varying(50),
    host character varying(50),
    lab character varying(50),
    length integer,
    lineage character varying(50),
    sequencing_tech character varying(50),
    zip_code character varying(50),
    init_upload_date timestamp with time zone NOT NULL,
    last_update_date timestamp with time zone
);


ALTER TABLE public.sample OWNER TO postgres;

--
-- TOC entry 245 (class 1259 OID 16723)
-- Name: sample2property; Type: TABLE; Schema: public; Owner: postgres
--

CREATE TABLE public.sample2property (
    id bigint NOT NULL,
    value_integer bigint,
    value_float double precision,
    value_text text,
    value_varchar character varying(400),
    value_blob bytea,
    value_date date,
    value_zip character varying(100),
    property_id bigint NOT NULL,
    sample_id bigint NOT NULL
);


ALTER TABLE public.sample2property OWNER TO postgres;

--
-- TOC entry 244 (class 1259 OID 16722)
-- Name: sample2property_id_seq; Type: SEQUENCE; Schema: public; Owner: postgres
--

ALTER TABLE public.sample2property ALTER COLUMN id ADD GENERATED BY DEFAULT AS IDENTITY (
    SEQUENCE NAME public.sample2property_id_seq
    START WITH 1
    INCREMENT BY 1
    NO MINVALUE
    NO MAXVALUE
    CACHE 1
);


--
-- TOC entry 249 (class 1259 OID 16907)
-- Name: sample_id_seq; Type: SEQUENCE; Schema: public; Owner: postgres
--

ALTER TABLE public.sample ALTER COLUMN id ADD GENERATED BY DEFAULT AS IDENTITY (
    SEQUENCE NAME public.sample_id_seq
    START WITH 1
    INCREMENT BY 1
    NO MINVALUE
    NO MAXVALUE
    CACHE 1
);


--
-- TOC entry 241 (class 1259 OID 16632)
-- Name: sequence; Type: TABLE; Schema: public; Owner: postgres
--

CREATE TABLE public.sequence (
    id bigint NOT NULL,
    seqhash character varying(200) NOT NULL
);


ALTER TABLE public.sequence OWNER TO postgres;

--
-- TOC entry 240 (class 1259 OID 16631)
-- Name: sequence_id_seq; Type: SEQUENCE; Schema: public; Owner: postgres
--

ALTER TABLE public.sequence ALTER COLUMN id ADD GENERATED BY DEFAULT AS IDENTITY (
    SEQUENCE NAME public.sequence_id_seq
    START WITH 1
    INCREMENT BY 1
    NO MINVALUE
    NO MAXVALUE
    CACHE 1
);


--
-- TOC entry 3793 (class 0 OID 16588)
-- Dependencies: 236
-- Data for Name: alignment; Type: TABLE DATA; Schema: public; Owner: postgres
--

COPY public.alignment (id, sequence_id, replicon_id) FROM stdin;
1	1	1
2	2	1
3	3	1
4	4	1
5	5	1
6	6	1
7	7	1
8	8	1
9	9	1
10	10	1
11	11	1
12	12	1
13	13	1
14	14	1
15	15	1
16	16	1
17	17	1
18	18	1
19	19	1
20	20	1
21	21	1
22	22	1
23	23	1
24	24	1
25	25	1
26	26	1
27	27	1
28	28	1
29	29	1
30	30	1
31	31	1
32	32	1
33	33	1
34	34	1
35	35	1
36	36	1
37	37	1
38	38	1
39	39	1
40	40	1
41	41	1
42	42	1
43	43	1
44	44	1
45	45	1
46	46	1
47	47	1
48	48	1
49	49	1
50	50	1
51	51	1
52	52	1
53	53	1
54	54	1
55	55	1
56	56	1
57	57	1
58	58	1
59	59	1
60	60	1
61	61	1
62	62	1
63	63	1
64	64	1
65	65	1
66	66	1
67	67	1
68	68	1
69	69	1
70	70	1
71	71	1
72	72	1
73	73	1
74	74	1
75	75	1
76	76	1
77	77	1
78	78	1
79	79	1
80	80	1
81	81	1
82	82	1
83	83	1
84	84	1
85	85	1
86	86	1
87	87	1
88	88	1
89	89	1
90	90	1
91	91	1
92	92	1
93	93	1
94	94	1
95	95	1
96	96	1
97	97	1
98	98	1
99	99	1
100	100	1
101	101	1
102	102	1
103	103	1
104	104	1
105	105	1
106	106	1
107	107	1
108	108	1
109	109	1
110	110	1
111	111	1
112	112	1
113	113	1
114	114	1
115	115	1
116	116	1
117	117	1
118	118	1
119	119	1
120	120	1
121	121	1
122	122	1
123	123	1
124	124	1
125	125	1
126	126	1
127	127	1
128	128	1
129	129	1
130	130	1
131	131	1
132	132	1
133	133	1
134	134	1
135	135	1
136	136	1
137	137	1
138	138	1
139	139	1
140	140	1
141	141	1
142	142	1
143	143	1
144	144	1
145	145	1
146	146	1
147	147	1
148	148	1
149	149	1
150	150	1
151	151	1
152	152	1
153	153	1
154	154	1
155	155	1
156	156	1
157	157	1
158	158	1
159	159	1
160	160	1
161	161	1
162	162	1
163	163	1
164	164	1
165	165	1
166	166	1
167	167	1
168	168	1
169	169	1
170	170	1
171	171	1
172	172	1
173	173	1
174	174	1
175	175	1
176	176	1
177	177	1
178	178	1
179	179	1
180	180	1
\.


--
-- TOC entry 3826 (class 0 OID 17817)
-- Dependencies: 269
-- Data for Name: amino_acid_mutation; Type: TABLE DATA; Schema: public; Owner: postgres
--

COPY public.amino_acid_mutation (id, ref, alt, start, "end", gene_id, replicon_id) FROM stdin;
11	S	F	1977	1978	4	1
57	P	L	1157	1158	4	1
82	H	Y	80	81	4	1
84	A	V	2221	2222	5	1
85	T	I	2375	2376	5	1
86	N	Y	147	148	12	1
87	L	F	175	176	12	1
88			103	105	8	1
89			105	107	8	1
90			107	109	8	1
91			109	111	8	1
92			111	113	8	1
93			113	115	8	1
94			115	116	8	1
109	A	AP	102	103	6	1
112	S	I	2395	2396	4	1
113	P	T	2684	2685	4	1
114	L	F	3605	3606	4	1
116	V	L	1115	1116	5	1
117	K	R	2556	2557	5	1
118	K	T	15	16	6	1
119	L	F	40	41	6	1
122	I	L	849	850	12	1
123			48	50	8	1
124			50	52	8	1
125			52	54	8	1
126			54	56	8	1
127			56	58	8	1
128			58	60	8	1
129			60	62	8	1
130			62	64	8	1
131			64	66	8	1
132			66	68	8	1
133			68	70	8	1
134			70	72	8	1
135			72	74	8	1
136			74	76	8	1
137			76	78	8	1
138	P	S	1976	1977	4	1
139	L	F	2076	2077	4	1
142	A	S	221	222	12	1
143	H	Y	3579	3580	4	1
144	I	T	13	14	7	1
145	Y	H	144	145	12	1
147	V	L	1263	1264	12	1
150	G	V	445	446	12	1
155	L	F	1129	1130	4	1
156	N	K	4255	4256	4	1
157	A	S	347	348	12	1
158	P	L	70	71	1	1
159	D	H	127	128	3	1
160	T	I	204	205	3	1
161	T	I	264	265	4	1
162	K	R	3352	3353	4	1
163	Q	H	56	57	6	1
164	S	L	170	171	6	1
165	H	Y	68	69	12	1
166	D	A	79	80	12	1
167	D	G	214	215	12	1
168	E	K	483	484	12	1
169	A	V	700	701	12	1
170			240	242	12	1
171	T	I	752	753	4	1
172	R	C	77	78	8	1
173	R	C	114	115	10	1
174	M	V	739	740	12	1
178	I	T	2806	2807	4	1
180	D	H	141	142	6	1
192	G	S	660	661	4	1
193	A	V	2344	2345	4	1
194	M	L	2718	2719	4	1
195	Y	F	3009	3010	4	1
196	L	F	84	85	6	1
197	V	F	23	24	8	1
199	R	L	1169	1170	4	1
200	I	V	552	553	5	1
203	L	F	687	688	4	1
204	P	S	1017	1018	4	1
205	S	P	2029	2030	4	1
206	T	A	1875	1876	4	1
207	H	Y	244	245	12	1
208	K	E	1065	1066	4	1
209	V	I	1886	1887	4	1
210	F	L	642	643	12	1
211	A	V	858	859	4	1
213	R	L	190	191	3	1
214	G	C	213	214	3	1
216	F	V	2386	2387	4	1
217	L	P	3200	3201	4	1
218	G	S	3277	3278	4	1
220	G	V	74	75	12	1
221	T	I	75	76	12	1
224	Q	H	674	675	12	1
225			246	248	12	1
226			248	250	12	1
227			250	252	12	1
228	A	V	1883	1884	5	1
229	L	F	3	4	9	1
230	G	R	6	7	4	1
231	N	G	8	9	4	1
232	E	R	9	10	4	1
233	K	D	10	11	4	1
234	T	R	11	12	4	1
235	H	Y	12	13	4	1
236	S	L	943	944	4	1
237	A	T	1060	1061	4	1
238	N	S	1079	1080	4	1
245			4	5	4	1
257	L	F	453	454	4	1
260	M	I	152	153	12	1
261	L	V	1844	1845	5	1
266	D	G	2178	2179	5	1
267	D	H	154	155	6	1
271	L	I	93	94	6	1
272	*	Y	121	122	10	1
273	L	F	468	469	4	1
274	S	F	66	67	10	1
276	W	R	160	161	4	1
277	T	I	238	239	5	1
279	W	L	26	27	7	1
282	S	L	697	698	12	1
286	E	D	2062	2063	4	1
287	A	S	396	397	5	1
292	T	I	608	609	4	1
293	M	I	2364	2365	4	1
294	T	I	902	903	5	1
295	G	C	171	172	6	1
296	A	V	1678	1679	4	1
297	F	Y	455	456	12	1
298	Q	L	492	493	12	1
299			3122	3124	4	1
300			3124	3126	4	1
301			3126	3128	4	1
302			3128	3129	4	1
303			515	517	5	1
304			517	519	5	1
305			519	521	5	1
306			521	523	5	1
307			523	524	5	1
308			2549	2551	5	1
309			2551	2553	5	1
310			2553	2555	5	1
311			2555	2557	5	1
312			2557	2559	5	1
313			2559	2561	5	1
314			2561	2563	5	1
315			2563	2565	5	1
316			2565	2567	5	1
317			2567	2569	5	1
318			2569	2571	5	1
319			2571	2573	5	1
320			2573	2575	5	1
321			2575	2577	5	1
322			2577	2579	5	1
323			2579	2581	5	1
324			2581	2583	5	1
325			2583	2585	5	1
326			2585	2587	5	1
327			2587	2589	5	1
328			2589	2591	5	1
329			2591	2593	5	1
330			2593	2595	5	1
331			2595	2597	5	1
332			2597	2599	5	1
333			2599	2601	5	1
334			2601	2603	5	1
335			2603	2605	5	1
336			2605	2607	5	1
337			2607	2609	5	1
338			2609	2611	5	1
339			2611	2613	5	1
340			2613	2615	5	1
341			2615	2617	5	1
342			2617	2619	5	1
343			2619	2621	5	1
344			2621	2623	5	1
345			2623	2625	5	1
346			2625	2627	5	1
347			2627	2629	5	1
348			2629	2631	5	1
349			2631	2633	5	1
350			2633	2635	5	1
351			2635	2637	5	1
352			2637	2639	5	1
353			2639	2641	5	1
354			2641	2643	5	1
355			2643	2645	5	1
356			2645	2647	5	1
357			2647	2649	5	1
358			2649	2651	5	1
359			2651	2653	5	1
360			2653	2655	5	1
361			2655	2657	5	1
362			2657	2659	5	1
363			2659	2661	5	1
364			2661	2663	5	1
365			2663	2665	5	1
366			2665	2667	5	1
367			2667	2669	5	1
368			2669	2671	5	1
369			2671	2673	5	1
370			2673	2675	5	1
371			2675	2677	5	1
372			2677	2679	5	1
373			2679	2681	5	1
374			2681	2683	5	1
375			2683	2685	5	1
376			2685	2687	5	1
377			2687	2689	5	1
378			2689	2691	5	1
379			2691	2693	5	1
380			2693	2695	5	1
381			2695	2696	5	1
382			0	2	12	1
383			2	4	12	1
384			4	6	12	1
385			6	8	12	1
386			8	10	12	1
387			10	12	12	1
388			12	14	12	1
389			14	16	12	1
390			16	18	12	1
391			18	20	12	1
392			20	22	12	1
393			22	24	12	1
394			26	28	12	1
395			28	30	12	1
396			30	32	12	1
397			32	34	12	1
398			34	36	12	1
399			36	38	12	1
400			38	40	12	1
401			40	42	12	1
402			42	44	12	1
403			44	46	12	1
404			46	48	12	1
405			48	50	12	1
406			50	52	12	1
407			52	54	12	1
408			54	56	12	1
409			56	58	12	1
410			58	60	12	1
411			60	62	12	1
412			62	64	12	1
413			64	66	12	1
414			66	68	12	1
415			68	70	12	1
416			70	72	12	1
417			72	74	12	1
418			74	76	12	1
419			76	78	12	1
420			78	80	12	1
421			80	82	12	1
422			82	84	12	1
423			84	86	12	1
424			86	88	12	1
425			88	90	12	1
426			90	92	12	1
427			92	94	12	1
428			94	96	12	1
429			96	98	12	1
430			98	100	12	1
431			100	102	12	1
432			102	104	12	1
433			104	106	12	1
434			106	108	12	1
435			108	110	12	1
436			110	112	12	1
437			112	114	12	1
438			114	116	12	1
439			116	118	12	1
440			118	120	12	1
441			120	122	12	1
442	L	P	28	29	7	1
443	P	S	1802	1803	4	1
444	M	T	2795	2796	4	1
445	P	L	33	34	8	1
446	P	L	3394	3395	4	1
447	H	Y	603	604	5	1
449	L	S	76	77	8	1
450	P	L	98	99	8	1
451	T	R	27	28	8	1
452	S	L	326	327	3	1
453	A	T	1282	1283	4	1
454	D	Y	53	54	5	1
455	T	A	1075	1076	5	1
456	A	V	50	51	10	1
457	S	F	442	443	4	1
458	P	T	2611	2612	5	1
459	A	V	497	498	4	1
460	I	V	784	785	4	1
461	R	S	1224	1225	4	1
462	A	V	3938	3939	4	1
463	R	G	117	118	8	1
464	G	V	37	38	11	1
465	D	Y	79	80	12	1
467	A	S	151	152	3	1
468	S	L	193	194	3	1
469	A	V	701	702	4	1
470	T	I	1753	1754	4	1
471	N	S	1921	1922	4	1
472	T	I	2092	2093	4	1
473	T	I	2418	2419	4	1
474	V	L	12	13	6	1
475	T	I	174	175	6	1
476	V	I	201	202	6	1
477	H	Y	145	146	12	1
478	A	V	2142	2143	5	1
479	C	F	36	37	10	1
480	H	L	111	112	10	1
481	D	H	214	215	12	1
485	E	G	2088	2089	4	1
486	A	S	63	64	8	1
487	T	A	28	29	12	1
488	T	I	249	250	12	1
489	P	L	969	970	5	1
490	M	I	1580	1581	5	1
492	P	L	150	151	3	1
494	A	V	2827	2828	4	1
495	K	R	3981	3982	4	1
496	S	L	4397	4398	4	1
500	Q	Z	182	183	12	1
501	V	E	212	213	12	1
502	G	V	251	252	12	1
505	A	S	1	2	2	1
506	T	I	813	814	4	1
507	G	S	1099	1100	4	1
508	S	L	2378	2379	5	1
509	K	I	65	66	6	1
510	P	S	239	240	6	1
511	P	L	811	812	12	1
512	F	L	1706	1707	5	1
513	L	F	2522	2523	5	1
514			26	27	11	1
515			142	143	12	1
516	S	L	1181	1182	5	1
517	D	G	2332	2333	5	1
518	A	V	1081	1082	4	1
519	N	Y	459	460	4	1
520	I	V	2857	2858	4	1
521	T	E	79	80	10	1
522	L	V	117	118	10	1
523	A	V	11	12	3	1
524	T	I	1309	1310	4	1
525	V	I	1582	1583	4	1
527	Q	L	89	90	8	1
528	H	Y	111	112	10	1
529	H	Y	8	9	11	1
530	T	I	223	224	4	1
531	L	F	641	642	4	1
532	A	S	259	260	12	1
534	A	V	2820	2821	4	1
535	T	P	1021	1022	4	1
536	L	F	2104	2105	4	1
537	E	D	40	41	8	1
539	A	V	219	220	3	1
540	A	S	3622	3623	4	1
541	S	L	3883	3884	4	1
542	P	L	29	30	10	1
545	H	Y	41	42	9	1
547	A	T	683	684	12	1
548	I	V	3730	3731	4	1
549	I	T	31	32	7	1
550	D	G	2578	2579	4	1
551	A	S	207	208	3	1
552	E	K	2606	2607	4	1
553	N	T	2681	2682	5	1
554	R	Q	2683	2684	5	1
555	V	L	2684	2685	5	1
556	V	S	2685	2686	5	1
557	S	C	2688	2689	5	1
558	D	R	2689	2690	5	1
559	V	S	2690	2691	5	1
560	L	V	2691	2692	5	1
561			2693	2694	5	1
562	P	T	1920	1921	4	1
565	E	D	719	720	5	1
567	R	H	114	115	10	1
568	S	F	253	254	12	1
569	T	I	633	634	5	1
570	S	L	49	50	11	1
571	D	H	342	343	3	1
572	M	I	1595	1596	5	1
573	S	F	938	939	12	1
574	A	V	97	98	2	1
95	D	L	2	3	3	1
5	R	K	202	203	3	1
6	G	R	203	204	3	1
96	S	F	234	235	3	1
579	P	L	942	943	4	1
97	T	I	1000	1001	4	1
98	A	D	1707	1708	4	1
99	I	T	2229	2230	4	1
583	T	I	2263	2264	4	1
584	T	I	2494	2495	4	1
17	P	L	313	314	5	1
586	A	T	1391	1392	5	1
100	R	I	51	52	10	1
101	Y	C	72	73	10	1
36	N	Y	500	501	12	1
102	A	D	569	570	12	1
38	D	G	613	614	12	1
41	P	H	680	681	12	1
103	T	I	715	716	12	1
104	S	A	981	982	12	1
105	D	H	1117	1118	12	1
46			3674	3676	4	1
47			3676	3677	4	1
106			68	69	12	1
1	T	I	8	9	1	1
491	T	A	10	11	1	1
3	A	T	62	63	2	1
4	P	L	12	13	3	1
7	S	R	412	413	3	1
493	K	R	46	47	4	1
8	S	R	134	135	4	1
9	T	I	841	842	4	1
607	G	S	864	865	4	1
10	G	S	1306	1307	4	1
12	L	F	3026	3027	4	1
13	T	I	3089	3090	4	1
14	L	F	3200	3201	4	1
15	T	I	3254	3255	4	1
16	P	H	3394	3395	4	1
63	G	S	661	662	5	1
497	S	P	958	959	5	1
18	R	C	1314	1315	5	1
19	I	V	1565	1566	5	1
20	T	I	2162	2163	5	1
21	T	I	222	223	6	1
22	D	L	60	61	7	1
23	P	S	9	10	11	1
24	T	I	18	19	12	1
498	V	A	82	83	12	1
25	G	D	141	142	12	1
499	H	Q	145	146	12	1
626	Q	E	182	183	12	1
503	G	H	338	339	12	1
281	R	T	345	346	12	1
504	L	I	367	368	12	1
28	S	F	370	371	12	1
29	S	P	372	373	12	1
30	S	F	374	375	12	1
31	T	A	375	376	12	1
32	T	K	477	478	12	1
33	E	A	483	484	12	1
636	F	P	485	486	12	1
223	F	S	489	490	12	1
35	Q	R	497	498	12	1
37	Y	H	504	505	12	1
39	H	Y	654	655	12	1
40	N	K	678	679	12	1
154	N	K	763	764	12	1
42	D	Y	795	796	12	1
43	Q	H	953	954	12	1
44	N	K	968	969	12	1
45			30	32	3	1
647			82	83	4	1
48			26	28	11	1
49			28	29	11	1
50			24	26	12	1
51	I	T	81	82	2	1
52	Q	L	8	9	3	1
653	F	L	16	17	3	1
53	D	G	62	63	3	1
54	R	M	202	203	3	1
55	G	C	214	215	3	1
56	D	Y	376	377	3	1
658	D	G	334	335	4	1
58	A	S	1305	1306	4	1
59	P	L	2045	2046	4	1
60	P	S	2286	2287	4	1
61	V	L	2929	2930	4	1
663	M	I	3086	3087	4	1
62	T	A	3645	3646	4	1
64	L	I	828	829	5	1
65	P	L	999	1000	5	1
66	A	V	1917	1918	5	1
67	S	L	25	26	6	1
71	V	A	81	82	8	1
72	T	I	119	120	8	1
73	T	I	39	40	9	1
74	S	C	5	6	11	1
75	T	A	59	60	11	1
76	T	R	18	19	12	1
77	L	R	451	452	12	1
78	P	R	680	681	12	1
80			118	120	10	1
81			156	157	12	1
679	V	I	1210	1211	4	1
680	P	L	1639	1640	4	1
681	L	F	2061	2062	4	1
682	A	V	3208	3209	4	1
683	V	A	3717	3718	4	1
115	T	I	3749	3750	4	1
685	P	S	3766	3767	4	1
686	L	F	1219	1220	5	1
146	A	V	221	222	12	1
291	D	B	949	950	12	1
2	Q	E	18	19	2	1
690	S	P	22	23	3	1
691	E	G	1548	1549	4	1
692	M	I	2605	2606	4	1
26	V	G	212	213	12	1
27	G	D	338	339	12	1
152	R	S	407	408	12	1
153	N	K	439	440	12	1
34	Q	R	492	493	12	1
175	D	G	2	3	2	1
176	K	R	855	856	4	1
543	T	I	1821	1822	4	1
177	A	T	2709	2710	4	1
179	I	V	3757	3758	4	1
544	D	Y	154	155	6	1
181	A	V	66	67	12	1
121	T	I	94	95	12	1
187	T	K	546	547	12	1
188	N	K	855	856	12	1
189	L	F	980	981	12	1
285			3673	3674	4	1
191			142	144	12	1
258	Q	K	555	556	4	1
712	T	I	1037	1038	5	1
713	R	K	1083	1084	5	1
151	H	Y	77	78	6	1
715	T	I	4086	4087	4	1
716	A	V	2138	2139	4	1
566	T	I	2452	2453	5	1
718	P	L	325	326	3	1
719	G	R	1072	1073	4	1
720			417	419	3	1
721			419	420	3	1
546			82	84	4	1
723			3076	3078	4	1
724			3078	3080	4	1
725			3080	3082	4	1
726			3082	3084	4	1
727			3084	3086	4	1
728			3086	3088	4	1
729			3088	3090	4	1
730			3090	3092	4	1
731			3092	3093	4	1
732			469	471	12	1
733			471	473	12	1
734			473	475	12	1
735			475	477	12	1
736			477	479	12	1
737			479	481	12	1
738			481	483	12	1
739			483	485	12	1
740			485	487	12	1
741			487	489	12	1
742			489	491	12	1
743			491	493	12	1
744			493	495	12	1
745			495	497	12	1
746			497	499	12	1
747			499	501	12	1
748			501	503	12	1
749			503	504	12	1
750	L	F	3643	3644	4	1
751	T	I	2513	2514	5	1
752	R	K	100	101	2	1
753	P	S	325	326	3	1
754	C	Y	872	873	4	1
755	S	L	1399	1400	4	1
756	S	L	2388	2389	4	1
757	V	F	23	24	7	1
758	A	S	261	262	12	1
759	T	R	477	478	12	1
263	E	D	86	87	4	1
761	V	I	638	639	4	1
762	C	Y	1234	1235	4	1
763	V	L	2072	2073	5	1
764	H	R	2582	2583	5	1
765	A	S	32	33	6	1
766	V	F	111	112	6	1
767	I	T	36	37	7	1
768	P	L	382	383	3	1
769	Y	H	821	822	5	1
770	I	V	185	186	6	1
771	I	T	67	68	12	1
198	Q	Z	18	19	2	1
773	H	Y	2582	2583	5	1
774	E	G	1012	1013	4	1
254			81	83	4	1
255			83	85	4	1
777	M	I	314	315	4	1
265	E	D	1723	1724	4	1
779	L	F	2178	2179	4	1
780	A	P	3994	3995	4	1
781	A	Q	3995	3996	4	1
782	R	L	3998	3999	4	1
783	K	E	3999	4000	4	1
784	L	M	4000	4001	4	1
68	E	D	54	55	7	1
69	M	TFDLL	57	58	7	1
70	D	CS	60	61	7	1
268	A	S	64	65	10	1
269	P	L	250	251	12	1
790	Q	H	413	414	12	1
120	T	I	150	151	6	1
792	L	F	4	5	12	1
793	S	L	1220	1221	4	1
794	T	A	1580	1581	4	1
795	P	S	1639	1640	4	1
796	L	F	2608	2609	4	1
797	N	S	4059	4060	4	1
798	V	I	1705	1706	5	1
799	I	V	2	3	8	1
800	K	E	146	147	12	1
801	W	R	151	152	12	1
802	F	L	156	157	12	1
803	I	V	209	210	12	1
804	G	S	256	257	12	1
185	G	S	445	446	12	1
806	N	K	459	460	12	1
807	N	S	1699	1700	5	1
262	D	G	15	16	11	1
241	K	R	443	444	12	1
202	F	V	485	486	12	1
275	S	F	32	33	3	1
812	P	S	768	769	4	1
813	P	L	1426	1427	5	1
280	V	L	29	30	11	1
283			29	31	3	1
284			31	32	3	1
817	P	S	2017	2018	4	1
818	A	S	622	623	12	1
819	L	V	4	5	8	1
219	P	L	50	51	11	1
821	P	S	1861	1862	4	1
822	A	S	1258	1259	5	1
823			12	14	9	1
824	V	A	2495	2496	4	1
83	V	F	3717	3718	4	1
826	L	M	45	46	11	1
827	R	T	272	273	12	1
828	V	F	626	627	4	1
829	M	L	1595	1596	5	1
830	F	L	18	19	9	1
831	Y	H	144	145	6	1
832	L	F	3337	3338	4	1
526	K	R	1382	1383	5	1
256	E	D	135	136	3	1
212	L	F	3828	3829	4	1
836	Y	H	263	264	5	1
259	M	I	1155	1156	5	1
838	N	S	1190	1191	5	1
839	I	M	157	158	6	1
840	P	F	9	10	11	1
841	P	S	216	217	12	1
842	K	T	443	444	12	1
843	A	S	2911	2912	4	1
844	T	I	71	72	11	1
845	A	S	844	845	12	1
846	T	I	1636	1637	4	1
847	I	T	2500	2501	4	1
848	M	I	4240	4241	4	1
849	V	I	710	711	5	1
850	P	L	975	976	5	1
278	H	Y	1212	1213	5	1
852	A	S	1520	1521	5	1
853	P	L	1569	1570	5	1
854	E	D	1976	1977	5	1
855	Q	H	184	185	6	1
856	L	F	188	189	12	1
857	N	K	438	439	12	1
858	V	I	771	772	12	1
148	T	I	613	614	4	1
860	A	V	3957	3958	4	1
861	T	I	4128	4129	4	1
862	E	Q	1110	1111	12	1
863	L	F	680	681	4	1
864	A	S	966	967	4	1
865	G	V	180	181	12	1
866	T	A	349	350	4	1
215	T	I	1245	1246	4	1
868	R	K	2335	2336	4	1
869	P	L	4222	4223	4	1
870	D	A	1023	1024	5	1
246	R	C	123	124	4	1
872	R	C	1627	1628	4	1
873	P	S	4336	4337	4	1
874	A	V	109	110	6	1
183	R	K	345	346	12	1
184	S	L	370	371	12	1
186	G	S	495	496	12	1
190			3673	3675	4	1
879			27	29	11	1
880	I	T	2277	2278	4	1
881	I	V	3897	3898	4	1
882	L	P	4	5	8	1
222	L	Q	451	452	12	1
242	S	L	703	704	12	1
885	T	M	1787	1788	4	1
886	Q	H	69	70	3	1
887	R	H	559	560	4	1
448	P	L	44	45	8	1
889	K	M	66	67	11	1
890	V	A	119	120	12	1
891	V	I	27	28	4	1
892	D	E	74	75	4	1
893	E	G	621	622	4	1
894	A	V	3570	3571	4	1
895	D	G	1227	1228	4	1
896	A	V	2122	2123	4	1
897	V	A	2778	2779	4	1
898	T	M	960	961	12	1
899	S	P	557	558	4	1
900	H	Y	44	45	4	1
182	R	REPE	213	214	12	1
563	S	G	93	94	2	1
903	T	I	244	245	3	1
564	R	S	239	240	5	1
141	I	J	59	60	7	1
906	A	V	2512	2513	5	1
907	P	S	198	199	3	1
908	V	L	1055	1056	4	1
909	A	V	3968	3969	4	1
107	G	P	203	204	3	1
911	S	F	164	165	6	1
912	A	V	891	892	12	1
913	V	F	2887	2888	4	1
914	L	I	3083	3084	4	1
915	A	S	49	50	8	1
916	A	T	13	14	10	1
917	A	T	2032	2033	4	1
918	S	L	2405	2406	4	1
919	R	H	397	398	4	1
920	P	S	92	93	10	1
921	P	S	2054	2055	4	1
922	V	A	2046	2047	4	1
923	I	F	3145	3146	4	1
239	F	Y	684	685	5	1
925	M	V	1498	1499	5	1
243			0	2	4	1
244			2	4	4	1
247			4	6	4	1
248			6	8	4	1
249			8	10	4	1
250			10	12	4	1
251			12	14	4	1
252			14	16	4	1
253			16	18	4	1
935			18	20	4	1
936			20	21	4	1
937	P	S	2482	2483	4	1
938	G	D	2498	2499	4	1
939	D	E	823	824	5	1
940	S	L	1149	1150	4	1
941	K	T	416	417	12	1
942			79	81	8	1
943			81	82	8	1
944			99	101	8	1
945	Q	R	865	866	5	1
946	Y	H	946	947	4	1
947	Q	K	984	985	4	1
240	H	Y	1086	1087	5	1
949	Q	H	93	94	8	1
950	V	M	1263	1264	12	1
951	T	I	707	708	4	1
952	T	I	3505	3506	4	1
953	R	K	3573	3574	4	1
954	Q	H	676	677	12	1
955	L	F	316	317	4	1
264	G	S	518	519	4	1
140	A	V	2528	2529	4	1
958	R	K	4178	4179	4	1
959	V	L	1722	1723	5	1
960	L	F	72	73	6	1
961	T	I	88	89	6	1
962	T	I	553	554	4	1
963	Q	H	812	813	5	1
201	N	S	1024	1025	5	1
965	P	L	83	84	8	1
966	D	E	143	144	3	1
533	I	V	1397	1398	4	1
968	M	V	901	902	4	1
969	E	D	1825	1826	4	1
970	Q	H	2634	2635	5	1
971	V	L	1227	1228	12	1
972	P	S	370	371	4	1
973	I	V	522	523	4	1
974	W	C	629	630	4	1
975	A	V	1351	1352	4	1
976	G	A	3382	3383	4	1
977	A	V	3656	3657	4	1
978	V	I	3750	3751	4	1
979	G	V	1128	1129	5	1
980	S	L	1272	1273	5	1
981	W	L	68	69	6	1
466	A	S	1077	1078	12	1
983	A	V	3644	3645	4	1
984	I	F	19	20	6	1
985	V	I	1093	1094	12	1
986	A	V	103	104	2	1
987	T	I	378	379	3	1
988	A	V	2131	2132	5	1
989	A	V	64	65	10	1
990	T	I	2067	2068	4	1
991	V	I	2612	2613	4	1
992	V	L	310	311	5	1
993	A	V	2908	2909	4	1
994	T	I	2536	2537	5	1
995	L	F	139	140	6	1
996	D	G	342	343	3	1
110	L	F	105	106	6	1
998	I	V	1080	1081	12	1
999	P	S	970	971	4	1
1000	M	I	3615	3616	4	1
1001	G	S	1092	1093	5	1
1002	E	D	1263	1264	5	1
1003	R	W	1463	1464	4	1
482			1904	1905	4	1
79			3120	3121	4	1
483			3947	3948	4	1
484			55	56	8	1
1008	T	I	550	551	4	1
1009	V	I	1887	1888	4	1
1010	L	F	604	605	5	1
1011	A	S	845	846	12	1
1012	A	V	207	208	3	1
1013	T	A	213	214	4	1
1014	D	Y	982	983	4	1
1015	G	R	4200	4201	4	1
1016	T	I	10	11	8	1
1017	S	F	2047	2048	4	1
1018	A	V	519	520	5	1
1019	H	Y	65	66	12	1
1020	Q	H	1581	1582	4	1
1021	T	I	3283	3284	4	1
270	D	B	2	3	2	1
1023	L	I	980	981	12	1
288	A	V	2130	2131	5	1
289	V	L	201	202	6	1
1026	T	I	114	115	8	1
290	G	D	37	38	11	1
1028	T	I	28	29	12	1
1029	W	L	54	55	2	1
538	T	I	402	403	4	1
108	E	D	742	743	4	1
149	P	L	970	971	4	1
1033	A	V	2278	2279	4	1
111	S	F	97	98	12	1
1035	V	I	2129	2130	4	1
\.


--
-- TOC entry 3828 (class 0 OID 17825)
-- Dependencies: 271
-- Data for Name: amino_acid_mutation_alignments; Type: TABLE DATA; Schema: public; Owner: postgres
--

COPY public.amino_acid_mutation_alignments (id, aminoacidmutation_id, alignment_id) FROM stdin;
1	1	1
2	2	1
3	3	1
4	4	1
5	5	1
6	6	1
7	7	1
8	8	1
9	9	1
10	10	1
11	11	1
12	12	1
13	13	1
14	14	1
15	15	1
16	16	1
17	17	1
18	18	1
19	19	1
20	20	1
21	21	1
22	22	1
23	23	1
24	24	1
25	25	1
26	26	1
27	27	1
28	28	1
29	29	1
30	30	1
31	31	1
32	32	1
33	33	1
34	34	1
35	35	1
36	36	1
37	37	1
38	38	1
39	39	1
40	40	1
41	41	1
42	42	1
43	43	1
44	44	1
45	45	1
46	46	1
47	47	1
48	48	1
49	49	1
50	50	1
51	51	2
52	52	2
53	53	2
54	54	2
55	55	2
56	56	2
57	57	2
58	58	2
59	59	2
60	60	2
61	61	2
62	15	2
63	62	2
64	17	2
65	63	2
66	64	2
67	65	2
68	66	2
69	67	2
70	68	2
71	69	2
72	70	2
73	71	2
74	72	2
75	73	2
76	74	2
77	75	2
78	76	2
79	25	2
80	77	2
81	32	2
82	38	2
83	78	2
84	79	2
85	80	2
86	81	2
87	51	3
88	53	3
89	54	3
90	55	3
91	56	3
92	82	3
93	58	3
94	59	3
95	60	3
96	61	3
97	15	3
98	62	3
99	83	3
100	17	3
101	63	3
102	65	3
103	66	3
104	84	3
105	85	3
106	67	3
107	68	3
108	69	3
109	70	3
110	72	3
111	73	3
112	75	3
113	76	3
114	25	3
115	86	3
116	87	3
117	77	3
118	32	3
119	38	3
120	78	3
121	88	3
122	89	3
123	90	3
124	91	3
125	92	3
126	93	3
127	94	3
128	80	3
129	81	3
130	95	4
131	5	4
132	6	4
133	96	4
134	97	4
135	98	4
136	99	4
137	17	4
138	100	4
139	101	4
140	36	4
141	102	4
142	38	4
143	41	4
144	103	4
145	104	4
146	105	4
147	46	4
148	47	4
149	106	4
150	95	5
151	5	5
152	107	5
153	96	5
154	108	5
155	97	5
156	98	5
157	99	5
158	17	5
159	109	5
160	110	5
161	100	5
162	101	5
163	111	5
164	36	5
165	102	5
166	38	5
167	41	5
168	103	5
169	104	5
170	105	5
171	46	5
172	47	5
173	106	5
174	51	6
175	53	6
176	54	6
177	55	6
178	56	6
179	58	6
180	59	6
181	60	6
182	112	6
183	113	6
184	61	6
185	15	6
186	114	6
187	62	6
188	115	6
189	17	6
190	63	6
191	65	6
192	116	6
193	66	6
194	117	6
195	118	6
196	67	6
197	119	6
198	120	6
199	71	6
200	72	6
201	73	6
202	75	6
203	76	6
204	121	6
205	77	6
206	32	6
207	38	6
208	78	6
209	122	6
210	123	6
211	124	6
212	125	6
213	126	6
214	127	6
215	128	6
216	129	6
217	130	6
218	131	6
219	132	6
220	133	6
221	134	6
222	135	6
223	136	6
224	137	6
225	80	6
226	81	6
227	51	7
228	53	7
229	54	7
230	55	7
231	56	7
232	58	7
233	138	7
234	59	7
235	139	7
236	60	7
237	140	7
238	61	7
239	15	7
240	62	7
241	17	7
242	63	7
243	65	7
244	66	7
245	67	7
246	141	7
247	71	7
248	72	7
249	73	7
250	75	7
251	76	7
252	121	7
253	25	7
254	142	7
255	77	7
256	32	7
257	38	7
258	78	7
259	81	7
260	51	8
261	53	8
262	54	8
263	55	8
264	58	8
265	59	8
266	60	8
267	140	8
268	61	8
269	15	8
270	143	8
271	62	8
272	17	8
273	63	8
274	65	8
275	66	8
276	67	8
277	144	8
278	71	8
279	72	8
280	73	8
281	75	8
282	76	8
283	121	8
284	145	8
285	146	8
286	77	8
287	32	8
288	38	8
289	78	8
290	147	8
291	80	8
292	81	8
293	51	9
294	52	9
295	53	9
296	54	9
297	55	9
298	56	9
299	148	9
300	149	9
301	58	9
302	59	9
303	60	9
304	61	9
305	15	9
306	62	9
307	17	9
308	63	9
309	64	9
310	65	9
311	66	9
312	67	9
313	71	9
314	72	9
315	73	9
316	74	9
317	75	9
318	76	9
319	25	9
320	150	9
321	77	9
322	32	9
323	38	9
324	78	9
325	80	9
326	81	9
327	1	10
328	2	10
329	3	10
330	4	10
331	5	10
332	6	10
333	7	10
334	8	10
335	9	10
336	10	10
337	12	10
338	13	10
339	14	10
340	15	10
341	16	10
342	17	10
343	18	10
344	19	10
345	20	10
346	151	10
347	21	10
348	22	10
349	23	10
350	24	10
351	25	10
352	26	10
353	27	10
354	28	10
355	29	10
356	30	10
357	31	10
358	152	10
359	153	10
360	32	10
361	33	10
362	34	10
363	35	10
364	36	10
365	37	10
366	38	10
367	39	10
368	40	10
369	41	10
370	154	10
371	42	10
372	43	10
373	44	10
374	45	10
375	46	10
376	47	10
377	48	10
378	50	10
379	95	11
380	5	11
381	6	11
382	96	11
383	97	11
384	155	11
385	98	11
386	99	11
387	156	11
388	17	11
389	100	11
390	101	11
391	157	11
392	36	11
393	102	11
394	38	11
395	41	11
396	103	11
397	104	11
398	105	11
399	46	11
400	47	11
401	106	11
402	158	12
403	159	12
404	160	12
405	161	12
406	12	12
407	162	12
408	17	12
409	163	12
410	164	12
411	165	12
412	166	12
413	167	12
414	168	12
415	36	12
416	38	12
417	169	12
418	46	12
419	47	12
420	170	12
421	95	13
422	5	13
423	6	13
424	96	13
425	171	13
426	97	13
427	98	13
428	99	13
429	17	13
430	172	13
431	100	13
432	101	13
433	173	13
434	36	13
435	102	13
436	38	13
437	41	13
438	103	13
439	174	13
440	104	13
441	105	13
442	46	13
443	47	13
444	106	13
445	1	14
446	175	14
447	2	14
448	3	14
449	4	14
450	5	14
451	6	14
452	176	14
453	177	14
454	178	14
455	15	14
456	16	14
457	179	14
458	17	14
459	19	14
460	180	14
461	23	14
462	181	14
463	121	14
464	182	14
465	27	14
466	183	14
467	184	14
468	29	14
469	30	14
470	153	14
471	185	14
472	32	14
473	33	14
474	34	14
475	186	14
476	35	14
477	36	14
478	37	14
479	187	14
480	38	14
481	39	14
482	40	14
483	41	14
484	154	14
485	42	14
486	188	14
487	43	14
488	44	14
489	189	14
490	45	14
491	190	14
492	48	14
493	49	14
494	106	14
495	191	14
496	51	15
497	53	15
498	54	15
499	55	15
500	56	15
501	192	15
502	58	15
503	59	15
504	60	15
505	193	15
506	194	15
507	61	15
508	195	15
509	15	15
510	62	15
511	17	15
512	63	15
513	65	15
514	66	15
515	67	15
516	196	15
517	197	15
518	71	15
519	72	15
520	73	15
521	75	15
522	76	15
523	121	15
524	77	15
525	32	15
526	38	15
527	78	15
528	80	15
529	81	15
530	198	16
531	3	16
532	4	16
533	5	16
534	6	16
535	7	16
536	8	16
537	9	16
538	199	16
539	10	16
540	12	16
541	13	16
542	15	16
543	16	16
544	17	16
545	200	16
546	201	16
547	18	16
548	19	16
549	20	16
550	21	16
551	23	16
552	24	16
553	25	16
554	26	16
555	27	16
556	28	16
557	29	16
558	30	16
559	31	16
560	32	16
561	33	16
562	202	16
563	35	16
564	36	16
565	37	16
566	38	16
567	39	16
568	40	16
569	41	16
570	154	16
571	42	16
572	43	16
573	44	16
574	45	16
575	46	16
576	47	16
577	48	16
578	49	16
579	50	16
580	106	16
581	1	17
582	2	17
583	3	17
584	4	17
585	7	17
586	8	17
587	203	17
588	9	17
589	204	17
590	10	17
591	205	17
592	12	17
593	13	17
594	14	17
595	15	17
596	16	17
597	17	17
598	18	17
599	19	17
600	20	17
601	21	17
602	23	17
603	24	17
604	25	17
605	26	17
606	27	17
607	28	17
608	29	17
609	30	17
610	31	17
611	152	17
612	153	17
613	32	17
614	33	17
615	34	17
616	35	17
617	36	17
618	37	17
619	38	17
620	39	17
621	40	17
622	41	17
623	154	17
624	42	17
625	43	17
626	44	17
627	45	17
628	46	17
629	47	17
630	48	17
631	49	17
632	50	17
633	95	18
634	5	18
635	107	18
636	96	18
637	97	18
638	98	18
639	206	18
640	99	18
641	17	18
642	100	18
643	101	18
644	207	18
645	36	18
646	102	18
647	38	18
648	41	18
649	103	18
650	104	18
651	105	18
652	46	18
653	47	18
654	106	18
655	1	19
656	175	19
657	2	19
658	3	19
659	4	19
660	5	19
661	6	19
662	176	19
663	208	19
664	209	19
665	177	19
666	15	19
667	16	19
668	179	19
669	17	19
670	19	19
671	23	19
672	181	19
673	121	19
674	27	19
675	153	19
676	185	19
677	32	19
678	33	19
679	34	19
680	186	19
681	35	19
682	36	19
683	37	19
684	187	19
685	38	19
686	210	19
687	39	19
688	40	19
689	41	19
690	169	19
691	154	19
692	42	19
693	188	19
694	43	19
695	44	19
696	189	19
697	45	19
698	190	19
699	48	19
700	49	19
701	106	19
702	191	19
703	1	20
704	2	20
705	3	20
706	4	20
707	5	20
708	6	20
709	7	20
710	8	20
711	9	20
712	211	20
713	10	20
714	12	20
715	13	20
716	14	20
717	15	20
718	16	20
719	212	20
720	17	20
721	18	20
722	19	20
723	20	20
724	21	20
725	22	20
726	23	20
727	24	20
728	25	20
729	26	20
730	27	20
731	28	20
732	29	20
733	30	20
734	31	20
735	152	20
736	153	20
737	32	20
738	33	20
739	34	20
740	35	20
741	36	20
742	37	20
743	38	20
744	39	20
745	40	20
746	41	20
747	154	20
748	42	20
749	43	20
750	44	20
751	45	20
752	46	20
753	47	20
754	48	20
755	49	20
756	50	20
757	4	21
758	213	21
759	5	21
760	6	21
761	214	21
762	215	21
763	60	21
764	216	21
765	217	21
766	15	21
767	218	21
768	17	21
769	23	21
770	219	21
771	220	21
772	221	21
773	222	21
774	223	21
775	38	21
776	224	21
777	46	21
778	47	21
779	225	21
780	226	21
781	227	21
782	95	22
783	5	22
784	107	22
785	96	22
786	97	22
787	98	22
788	99	22
789	17	22
790	228	22
791	229	22
792	100	22
793	101	22
794	36	22
795	102	22
796	38	22
797	41	22
798	103	22
799	104	22
800	105	22
801	46	22
802	47	22
803	106	22
804	1	23
805	2	23
806	3	23
807	4	23
808	5	23
809	6	23
810	7	23
811	230	23
812	231	23
813	232	23
814	233	23
815	234	23
816	235	23
817	8	23
818	9	23
819	236	23
820	237	23
821	238	23
822	10	23
823	12	23
824	13	23
825	14	23
826	15	23
827	16	23
828	17	23
829	239	23
830	240	23
831	18	23
832	19	23
833	20	23
834	21	23
835	22	23
836	23	23
837	24	23
838	25	23
839	26	23
840	27	23
841	28	23
842	29	23
843	30	23
844	31	23
845	152	23
846	153	23
847	241	23
848	222	23
849	32	23
850	33	23
851	34	23
852	35	23
853	36	23
854	37	23
855	38	23
856	39	23
857	40	23
858	41	23
859	242	23
860	154	23
861	42	23
862	43	23
863	44	23
864	45	23
865	243	23
866	244	23
867	245	23
868	46	23
869	47	23
870	48	23
871	49	23
872	50	23
873	1	24
874	2	24
875	3	24
876	4	24
877	6	24
878	246	24
879	8	24
880	9	24
881	10	24
882	12	24
883	13	24
884	14	24
885	15	24
886	16	24
887	17	24
888	18	24
889	19	24
890	20	24
891	21	24
892	23	24
893	24	24
894	25	24
895	26	24
896	27	24
897	28	24
898	29	24
899	30	24
900	31	24
901	152	24
902	32	24
903	33	24
904	34	24
905	35	24
906	36	24
907	37	24
908	38	24
909	39	24
910	40	24
911	41	24
912	154	24
913	42	24
914	43	24
915	44	24
916	45	24
917	243	24
918	244	24
919	247	24
920	248	24
921	249	24
922	250	24
923	251	24
924	252	24
925	253	24
926	254	24
927	255	24
928	46	24
929	47	24
930	48	24
931	49	24
932	50	24
933	1	25
934	2	25
935	3	25
936	4	25
937	5	25
938	6	25
939	7	25
940	8	25
941	9	25
942	10	25
943	12	25
944	13	25
945	14	25
946	15	25
947	16	25
948	17	25
949	18	25
950	19	25
951	20	25
952	21	25
953	22	25
954	23	25
955	24	25
956	25	25
957	26	25
958	27	25
959	28	25
960	29	25
961	30	25
962	31	25
963	152	25
964	153	25
965	32	25
966	33	25
967	34	25
968	35	25
969	36	25
970	37	25
971	38	25
972	39	25
973	40	25
974	41	25
975	154	25
976	42	25
977	43	25
978	44	25
979	45	25
980	46	25
981	47	25
982	48	25
983	49	25
984	50	25
985	1	26
986	2	26
987	3	26
988	4	26
989	256	26
990	5	26
991	6	26
992	7	26
993	8	26
994	257	26
995	258	26
996	9	26
997	10	26
998	12	26
999	13	26
1000	15	26
1001	16	26
1002	17	26
1003	259	26
1004	18	26
1005	19	26
1006	20	26
1007	21	26
1008	23	26
1009	24	26
1010	25	26
1011	260	26
1012	26	26
1013	27	26
1014	28	26
1015	29	26
1016	30	26
1017	31	26
1018	152	26
1019	153	26
1020	77	26
1021	32	26
1022	33	26
1023	202	26
1024	35	26
1025	36	26
1026	37	26
1027	38	26
1028	39	26
1029	40	26
1030	41	26
1031	154	26
1032	42	26
1033	43	26
1034	44	26
1035	45	26
1036	46	26
1037	47	26
1038	48	26
1039	49	26
1040	50	26
1041	106	26
1042	1	27
1043	2	27
1044	3	27
1045	4	27
1046	7	27
1047	8	27
1048	9	27
1049	10	27
1050	12	27
1051	13	27
1052	15	27
1053	16	27
1054	17	27
1055	18	27
1056	19	27
1057	261	27
1058	20	27
1059	21	27
1060	23	27
1061	262	27
1062	24	27
1063	25	27
1064	26	27
1065	27	27
1066	28	27
1067	29	27
1068	30	27
1069	31	27
1070	152	27
1071	153	27
1072	77	27
1073	32	27
1074	33	27
1075	202	27
1076	35	27
1077	36	27
1078	37	27
1079	38	27
1080	39	27
1081	40	27
1082	41	27
1083	154	27
1084	42	27
1085	43	27
1086	44	27
1087	45	27
1088	46	27
1089	47	27
1090	48	27
1091	49	27
1092	50	27
1093	106	27
1094	51	28
1095	53	28
1096	54	28
1097	55	28
1098	56	28
1099	263	28
1100	264	28
1101	58	28
1102	265	28
1103	59	28
1104	60	28
1105	61	28
1106	15	28
1107	62	28
1108	17	28
1109	63	28
1110	65	28
1111	66	28
1112	266	28
1113	67	28
1114	267	28
1115	71	28
1116	72	28
1117	73	28
1118	268	28
1119	75	28
1120	76	28
1121	25	28
1122	269	28
1123	77	28
1124	32	28
1125	38	28
1126	78	28
1127	80	28
1128	81	28
1129	1	29
1130	175	29
1131	2	29
1132	3	29
1133	4	29
1134	5	29
1135	6	29
1136	176	29
1137	177	29
1138	15	29
1139	16	29
1140	179	29
1141	17	29
1142	19	29
1143	23	29
1144	181	29
1145	121	29
1146	187	29
1147	38	29
1148	39	29
1149	40	29
1150	41	29
1151	154	29
1152	42	29
1153	188	29
1154	43	29
1155	44	29
1156	189	29
1157	45	29
1158	190	29
1159	48	29
1160	49	29
1161	106	29
1162	191	29
1163	1	30
1164	270	30
1165	2	30
1166	3	30
1167	4	30
1168	5	30
1169	6	30
1170	8	30
1171	9	30
1172	10	30
1173	12	30
1174	13	30
1175	15	30
1176	16	30
1177	17	30
1178	18	30
1179	19	30
1180	20	30
1181	271	30
1182	21	30
1183	272	30
1184	23	30
1185	24	30
1186	25	30
1187	26	30
1188	27	30
1189	28	30
1190	29	30
1191	30	30
1192	31	30
1193	152	30
1194	153	30
1195	77	30
1196	32	30
1197	33	30
1198	202	30
1199	35	30
1200	36	30
1201	37	30
1202	38	30
1203	39	30
1204	40	30
1205	41	30
1206	42	30
1207	43	30
1208	44	30
1209	45	30
1210	46	30
1211	47	30
1212	48	30
1213	49	30
1214	50	30
1215	106	30
1216	51	31
1217	52	31
1218	53	31
1219	54	31
1220	55	31
1221	56	31
1222	273	31
1223	58	31
1224	59	31
1225	60	31
1226	61	31
1227	15	31
1228	62	31
1229	17	31
1230	63	31
1231	64	31
1232	65	31
1233	66	31
1234	67	31
1235	71	31
1236	72	31
1237	73	31
1238	274	31
1239	74	31
1240	75	31
1241	76	31
1242	25	31
1243	77	31
1244	32	31
1245	38	31
1246	78	31
1247	80	31
1248	81	31
1249	1	32
1250	175	32
1251	2	32
1252	3	32
1253	4	32
1254	5	32
1255	6	32
1256	176	32
1257	209	32
1258	177	32
1259	15	32
1260	16	32
1261	179	32
1262	17	32
1263	19	32
1264	23	32
1265	181	32
1266	121	32
1267	182	32
1268	27	32
1269	28	32
1270	29	32
1271	30	32
1272	153	32
1273	185	32
1274	32	32
1275	33	32
1276	34	32
1277	186	32
1278	35	32
1279	36	32
1280	37	32
1281	187	32
1282	38	32
1283	210	32
1284	39	32
1285	40	32
1286	41	32
1287	169	32
1288	154	32
1289	42	32
1290	188	32
1291	43	32
1292	44	32
1293	189	32
1294	45	32
1295	190	32
1296	48	32
1297	49	32
1298	106	32
1299	191	32
1300	1	33
1301	2	33
1302	3	33
1303	4	33
1304	275	33
1305	7	33
1306	8	33
1307	276	33
1308	9	33
1309	10	33
1310	12	33
1311	13	33
1312	15	33
1313	16	33
1314	277	33
1315	17	33
1316	278	33
1317	18	33
1318	19	33
1319	20	33
1320	21	33
1321	279	33
1322	23	33
1323	262	33
1324	280	33
1325	24	33
1326	25	33
1327	26	33
1328	27	33
1329	281	33
1330	28	33
1331	29	33
1332	30	33
1333	31	33
1334	152	33
1335	77	33
1336	33	33
1337	202	33
1338	36	33
1339	38	33
1340	39	33
1341	40	33
1342	41	33
1343	282	33
1344	154	33
1345	42	33
1346	43	33
1347	44	33
1348	283	33
1349	284	33
1350	46	33
1351	47	33
1352	48	33
1353	50	33
1354	106	33
1355	1	34
1356	198	34
1357	3	34
1358	4	34
1359	5	34
1360	176	34
1361	177	34
1362	15	34
1363	16	34
1364	179	34
1365	17	34
1366	19	34
1367	23	34
1368	181	34
1369	121	34
1370	27	34
1371	184	34
1372	29	34
1373	30	34
1374	185	34
1375	32	34
1376	33	34
1377	34	34
1378	186	34
1379	35	34
1380	36	34
1381	37	34
1382	187	34
1383	38	34
1384	39	34
1385	40	34
1386	41	34
1387	154	34
1388	42	34
1389	188	34
1390	43	34
1391	44	34
1392	189	34
1393	45	34
1394	285	34
1395	48	34
1396	106	34
1397	191	34
1398	51	35
1399	53	35
1400	54	35
1401	55	35
1402	56	35
1403	58	35
1404	59	35
1405	286	35
1406	60	35
1407	61	35
1408	15	35
1409	62	35
1410	17	35
1411	287	35
1412	63	35
1413	65	35
1414	240	35
1415	66	35
1416	288	35
1417	67	35
1418	289	35
1419	71	35
1420	72	35
1421	73	35
1422	290	35
1423	75	35
1424	76	35
1425	121	35
1426	77	35
1427	32	35
1428	38	35
1429	78	35
1430	291	35
1431	80	35
1432	81	35
1433	1	36
1434	2	36
1435	3	36
1436	4	36
1437	5	36
1438	6	36
1439	7	36
1440	8	36
1441	292	36
1442	9	36
1443	10	36
1444	293	36
1445	12	36
1446	13	36
1447	14	36
1448	15	36
1449	16	36
1450	17	36
1451	18	36
1452	19	36
1453	20	36
1454	151	36
1455	21	36
1456	22	36
1457	23	36
1458	24	36
1459	25	36
1460	26	36
1461	27	36
1462	28	36
1463	29	36
1464	30	36
1465	31	36
1466	152	36
1467	32	36
1468	33	36
1469	34	36
1470	35	36
1471	36	36
1472	37	36
1473	38	36
1474	39	36
1475	40	36
1476	41	36
1477	154	36
1478	42	36
1479	43	36
1480	44	36
1481	45	36
1482	46	36
1483	47	36
1484	48	36
1485	49	36
1486	50	36
1487	95	37
1488	5	37
1489	107	37
1490	96	37
1491	97	37
1492	98	37
1493	99	37
1494	17	37
1495	294	37
1496	295	37
1497	68	37
1498	69	37
1499	70	37
1500	100	37
1501	101	37
1502	36	37
1503	102	37
1504	38	37
1505	41	37
1506	103	37
1507	104	37
1508	105	37
1509	46	37
1510	47	37
1511	106	37
1512	1	38
1513	3	38
1514	4	38
1515	5	38
1516	6	38
1517	9	38
1518	10	38
1519	296	38
1520	12	38
1521	14	38
1522	15	38
1523	16	38
1524	17	38
1525	22	38
1526	23	38
1527	28	38
1528	29	38
1529	30	38
1530	31	38
1531	153	38
1532	297	38
1533	32	38
1534	33	38
1535	298	38
1536	35	38
1537	36	38
1538	37	38
1539	38	38
1540	39	38
1541	154	38
1542	42	38
1543	44	38
1544	45	38
1545	299	38
1546	300	38
1547	301	38
1548	302	38
1549	46	38
1550	47	38
1551	303	38
1552	304	38
1553	305	38
1554	306	38
1555	307	38
1556	308	38
1557	309	38
1558	310	38
1559	311	38
1560	312	38
1561	313	38
1562	314	38
1563	315	38
1564	316	38
1565	317	38
1566	318	38
1567	319	38
1568	320	38
1569	321	38
1570	322	38
1571	323	38
1572	324	38
1573	325	38
1574	326	38
1575	327	38
1576	328	38
1577	329	38
1578	330	38
1579	331	38
1580	332	38
1581	333	38
1582	334	38
1583	335	38
1584	336	38
1585	337	38
1586	338	38
1587	339	38
1588	340	38
1589	341	38
1590	342	38
1591	343	38
1592	344	38
1593	345	38
1594	346	38
1595	347	38
1596	348	38
1597	349	38
1598	350	38
1599	351	38
1600	352	38
1601	353	38
1602	354	38
1603	355	38
1604	356	38
1605	357	38
1606	358	38
1607	359	38
1608	360	38
1609	361	38
1610	362	38
1611	363	38
1612	364	38
1613	365	38
1614	366	38
1615	367	38
1616	368	38
1617	369	38
1618	370	38
1619	371	38
1620	372	38
1621	373	38
1622	374	38
1623	375	38
1624	376	38
1625	377	38
1626	378	38
1627	379	38
1628	380	38
1629	381	38
1630	48	38
1631	49	38
1632	382	38
1633	383	38
1634	384	38
1635	385	38
1636	386	38
1637	387	38
1638	388	38
1639	389	38
1640	390	38
1641	391	38
1642	392	38
1643	393	38
1644	50	38
1645	394	38
1646	395	38
1647	396	38
1648	397	38
1649	398	38
1650	399	38
1651	400	38
1652	401	38
1653	402	38
1654	403	38
1655	404	38
1656	405	38
1657	406	38
1658	407	38
1659	408	38
1660	409	38
1661	410	38
1662	411	38
1663	412	38
1664	413	38
1665	414	38
1666	415	38
1667	416	38
1668	417	38
1669	418	38
1670	419	38
1671	420	38
1672	421	38
1673	422	38
1674	423	38
1675	424	38
1676	425	38
1677	426	38
1678	427	38
1679	428	38
1680	429	38
1681	430	38
1682	431	38
1683	432	38
1684	433	38
1685	434	38
1686	435	38
1687	436	38
1688	437	38
1689	438	38
1690	439	38
1691	440	38
1692	441	38
1693	1	39
1694	175	39
1695	2	39
1696	3	39
1697	4	39
1698	5	39
1699	6	39
1700	176	39
1701	177	39
1702	15	39
1703	16	39
1704	179	39
1705	17	39
1706	19	39
1707	23	39
1708	181	39
1709	121	39
1710	182	39
1711	27	39
1712	183	39
1713	184	39
1714	29	39
1715	30	39
1716	153	39
1717	185	39
1718	32	39
1719	33	39
1720	34	39
1721	186	39
1722	35	39
1723	36	39
1724	37	39
1725	187	39
1726	38	39
1727	39	39
1728	40	39
1729	41	39
1730	154	39
1731	42	39
1732	188	39
1733	43	39
1734	44	39
1735	189	39
1736	45	39
1737	190	39
1738	48	39
1739	49	39
1740	106	39
1741	191	39
1742	3	40
1743	4	40
1744	5	40
1745	6	40
1746	7	40
1747	8	40
1748	9	40
1749	10	40
1750	12	40
1751	13	40
1752	14	40
1753	15	40
1754	16	40
1755	17	40
1756	18	40
1757	19	40
1758	20	40
1759	21	40
1760	442	40
1761	22	40
1762	23	40
1763	24	40
1764	25	40
1765	26	40
1766	27	40
1767	28	40
1768	29	40
1769	30	40
1770	31	40
1771	32	40
1772	33	40
1773	34	40
1774	35	40
1775	36	40
1776	37	40
1777	38	40
1778	39	40
1779	40	40
1780	41	40
1781	154	40
1782	42	40
1783	43	40
1784	44	40
1785	45	40
1786	46	40
1787	47	40
1788	48	40
1789	49	40
1790	50	40
1791	1	41
1792	2	41
1793	3	41
1794	4	41
1795	5	41
1796	6	41
1797	443	41
1798	209	41
1799	177	41
1800	444	41
1801	15	41
1802	179	41
1803	17	41
1804	19	41
1805	23	41
1806	181	41
1807	121	41
1808	182	41
1809	27	41
1810	184	41
1811	29	41
1812	30	41
1813	153	41
1814	185	41
1815	32	41
1816	33	41
1817	34	41
1818	186	41
1819	35	41
1820	36	41
1821	37	41
1822	187	41
1823	38	41
1824	39	41
1825	40	41
1826	41	41
1827	42	41
1828	188	41
1829	43	41
1830	44	41
1831	189	41
1832	45	41
1833	190	41
1834	48	41
1835	49	41
1836	106	41
1837	191	41
1838	1	42
1839	198	42
1840	3	42
1841	4	42
1842	5	42
1843	176	42
1844	177	42
1845	15	42
1846	16	42
1847	179	42
1848	17	42
1849	19	42
1850	445	42
1851	23	42
1852	181	42
1853	121	42
1854	27	42
1855	183	42
1856	184	42
1857	29	42
1858	30	42
1859	153	42
1860	185	42
1861	32	42
1862	33	42
1863	34	42
1864	186	42
1865	35	42
1866	36	42
1867	37	42
1868	187	42
1869	38	42
1870	39	42
1871	40	42
1872	41	42
1873	154	42
1874	42	42
1875	188	42
1876	43	42
1877	44	42
1878	189	42
1879	45	42
1880	285	42
1881	48	42
1882	106	42
1883	191	42
1884	51	43
1885	53	43
1886	54	43
1887	55	43
1888	56	43
1889	58	43
1890	59	43
1891	60	43
1892	61	43
1893	15	43
1894	446	43
1895	62	43
1896	17	43
1897	447	43
1898	63	43
1899	65	43
1900	66	43
1901	67	43
1902	448	43
1903	449	43
1904	71	43
1905	450	43
1906	72	43
1907	73	43
1908	75	43
1909	76	43
1910	25	43
1911	77	43
1912	32	43
1913	38	43
1914	78	43
1915	80	43
1916	81	43
1917	1	44
1918	2	44
1919	3	44
1920	4	44
1921	7	44
1922	8	44
1923	9	44
1924	10	44
1925	12	44
1926	13	44
1927	15	44
1928	16	44
1929	17	44
1930	18	44
1931	19	44
1932	20	44
1933	21	44
1934	451	44
1935	23	44
1936	262	44
1937	24	44
1938	25	44
1939	26	44
1940	27	44
1941	281	44
1942	28	44
1943	29	44
1944	30	44
1945	31	44
1946	152	44
1947	153	44
1948	77	44
1949	32	44
1950	33	44
1951	202	44
1952	35	44
1953	36	44
1954	37	44
1955	38	44
1956	39	44
1957	40	44
1958	41	44
1959	154	44
1960	42	44
1961	43	44
1962	44	44
1963	283	44
1964	284	44
1965	46	44
1966	47	44
1967	48	44
1968	49	44
1969	50	44
1970	106	44
1971	51	45
1972	53	45
1973	54	45
1974	55	45
1975	452	45
1976	56	45
1977	453	45
1978	58	45
1979	59	45
1980	60	45
1981	61	45
1982	15	45
1983	62	45
1984	454	45
1985	17	45
1986	63	45
1987	65	45
1988	455	45
1989	66	45
1990	67	45
1991	71	45
1992	72	45
1993	73	45
1994	456	45
1995	75	45
1996	76	45
1997	77	45
1998	32	45
1999	38	45
2000	78	45
2001	80	45
2002	81	45
2003	51	46
2004	53	46
2005	54	46
2006	55	46
2007	56	46
2008	457	46
2009	58	46
2010	59	46
2011	60	46
2012	61	46
2013	15	46
2014	162	46
2015	62	46
2016	17	46
2017	63	46
2018	65	46
2019	66	46
2020	458	46
2021	67	46
2022	71	46
2023	72	46
2024	73	46
2025	75	46
2026	76	46
2027	121	46
2028	25	46
2029	77	46
2030	32	46
2031	38	46
2032	78	46
2033	80	46
2034	81	46
2035	51	47
2036	53	47
2037	54	47
2038	55	47
2039	56	47
2040	459	47
2041	460	47
2042	461	47
2043	58	47
2044	10	47
2045	59	47
2046	60	47
2047	61	47
2048	15	47
2049	62	47
2050	462	47
2051	17	47
2052	63	47
2053	65	47
2054	66	47
2055	67	47
2056	71	47
2057	463	47
2058	72	47
2059	73	47
2060	464	47
2061	75	47
2062	76	47
2063	465	47
2064	77	47
2065	32	47
2066	38	47
2067	78	47
2068	291	47
2069	466	47
2070	80	47
2071	81	47
2072	467	48
2073	468	48
2074	469	48
2075	470	48
2076	471	48
2077	472	48
2078	473	48
2079	17	48
2080	474	48
2081	475	48
2082	476	48
2083	477	48
2084	38	48
2085	51	49
2086	52	49
2087	53	49
2088	54	49
2089	55	49
2090	56	49
2091	161	49
2092	58	49
2093	443	49
2094	59	49
2095	60	49
2096	61	49
2097	15	49
2098	62	49
2099	17	49
2100	63	49
2101	64	49
2102	65	49
2103	66	49
2104	478	49
2105	67	49
2106	68	49
2107	69	49
2108	70	49
2109	71	49
2110	72	49
2111	73	49
2112	479	49
2113	480	49
2114	74	49
2115	75	49
2116	76	49
2117	25	49
2118	481	49
2119	77	49
2120	32	49
2121	38	49
2122	78	49
2123	482	49
2124	79	49
2125	483	49
2126	484	49
2127	80	49
2128	81	49
2129	51	50
2130	53	50
2131	54	50
2132	55	50
2133	56	50
2134	58	50
2135	59	50
2136	485	50
2137	60	50
2138	61	50
2139	15	50
2140	162	50
2141	62	50
2142	17	50
2143	63	50
2144	65	50
2145	66	50
2146	67	50
2147	486	50
2148	71	50
2149	72	50
2150	73	50
2151	75	50
2152	76	50
2153	487	50
2154	488	50
2155	77	50
2156	32	50
2157	38	50
2158	78	50
2159	80	50
2160	81	50
2161	1	51
2162	2	51
2163	3	51
2164	4	51
2165	5	51
2166	6	51
2167	7	51
2168	8	51
2169	9	51
2170	10	51
2171	12	51
2172	13	51
2173	15	51
2174	16	51
2175	17	51
2176	489	51
2177	18	51
2178	19	51
2179	490	51
2180	20	51
2181	21	51
2182	23	51
2183	24	51
2184	25	51
2185	26	51
2186	27	51
2187	28	51
2188	29	51
2189	30	51
2190	31	51
2191	152	51
2192	153	51
2193	77	51
2194	32	51
2195	33	51
2196	202	51
2197	35	51
2198	36	51
2199	37	51
2200	38	51
2201	39	51
2202	40	51
2203	41	51
2204	154	51
2205	42	51
2206	43	51
2207	44	51
2208	45	51
2209	46	51
2210	47	51
2211	48	51
2212	49	51
2213	50	51
2214	106	51
2215	1	52
2216	491	52
2217	198	52
2218	3	52
2219	4	52
2220	492	52
2221	7	52
2222	493	52
2223	8	52
2224	9	52
2225	10	52
2226	494	52
2227	12	52
2228	13	52
2229	14	52
2230	15	52
2231	16	52
2232	495	52
2233	496	52
2234	17	52
2235	63	52
2236	497	52
2237	18	52
2238	19	52
2239	20	52
2240	21	52
2241	22	52
2242	23	52
2243	24	52
2244	498	52
2245	25	52
2246	499	52
2247	500	52
2248	501	52
2249	502	52
2250	503	52
2251	281	52
2252	504	52
2253	28	52
2254	29	52
2255	30	52
2256	31	52
2257	223	52
2258	35	52
2259	36	52
2260	37	52
2261	38	52
2262	39	52
2263	40	52
2264	41	52
2265	154	52
2266	42	52
2267	43	52
2268	44	52
2269	45	52
2270	46	52
2271	47	52
2272	48	52
2273	50	52
2274	505	53
2275	51	53
2276	53	53
2277	54	53
2278	55	53
2279	56	53
2280	506	53
2281	507	53
2282	58	53
2283	59	53
2284	60	53
2285	140	53
2286	61	53
2287	15	53
2288	162	53
2289	62	53
2290	17	53
2291	63	53
2292	65	53
2293	66	53
2294	508	53
2295	509	53
2296	510	53
2297	73	53
2298	75	53
2299	76	53
2300	25	53
2301	145	53
2302	146	53
2303	77	53
2304	32	53
2305	38	53
2306	78	53
2307	511	53
2308	80	53
2309	81	53
2310	1	54
2311	175	54
2312	2	54
2313	3	54
2314	4	54
2315	5	54
2316	6	54
2317	264	54
2318	176	54
2319	177	54
2320	15	54
2321	16	54
2322	179	54
2323	17	54
2324	19	54
2325	512	54
2326	513	54
2327	68	54
2328	69	54
2329	70	54
2330	23	54
2331	181	54
2332	121	54
2333	182	54
2334	27	54
2335	184	54
2336	29	54
2337	30	54
2338	153	54
2339	185	54
2340	32	54
2341	33	54
2342	34	54
2343	186	54
2344	35	54
2345	36	54
2346	37	54
2347	187	54
2348	38	54
2349	39	54
2350	40	54
2351	41	54
2352	154	54
2353	42	54
2354	188	54
2355	43	54
2356	44	54
2357	189	54
2358	45	54
2359	190	54
2360	48	54
2361	49	54
2362	106	54
2363	191	54
2364	1	55
2365	175	55
2366	2	55
2367	3	55
2368	4	55
2369	5	55
2370	6	55
2371	176	55
2372	177	55
2373	15	55
2374	16	55
2375	179	55
2376	17	55
2377	19	55
2378	23	55
2379	181	55
2380	121	55
2381	182	55
2382	27	55
2383	184	55
2384	29	55
2385	30	55
2386	153	55
2387	185	55
2388	32	55
2389	33	55
2390	34	55
2391	186	55
2392	35	55
2393	36	55
2394	37	55
2395	187	55
2396	38	55
2397	40	55
2398	41	55
2399	154	55
2400	42	55
2401	188	55
2402	43	55
2403	44	55
2404	189	55
2405	514	55
2406	106	55
2407	515	55
2408	1	56
2409	2	56
2410	3	56
2411	4	56
2412	5	56
2413	6	56
2414	7	56
2415	8	56
2416	9	56
2417	10	56
2418	12	56
2419	13	56
2420	14	56
2421	15	56
2422	16	56
2423	17	56
2424	18	56
2425	19	56
2426	20	56
2427	21	56
2428	22	56
2429	23	56
2430	24	56
2431	26	56
2432	27	56
2433	28	56
2434	29	56
2435	30	56
2436	31	56
2437	152	56
2438	32	56
2439	33	56
2440	34	56
2441	35	56
2442	36	56
2443	37	56
2444	38	56
2445	39	56
2446	40	56
2447	41	56
2448	154	56
2449	42	56
2450	43	56
2451	44	56
2452	283	56
2453	48	56
2454	51	57
2455	53	57
2456	54	57
2457	55	57
2458	56	57
2459	58	57
2460	59	57
2461	60	57
2462	61	57
2463	15	57
2464	62	57
2465	17	57
2466	63	57
2467	65	57
2468	516	57
2469	66	57
2470	517	57
2471	67	57
2472	448	57
2473	71	57
2474	72	57
2475	73	57
2476	75	57
2477	76	57
2478	77	57
2479	32	57
2480	38	57
2481	78	57
2482	80	57
2483	81	57
2484	1	58
2485	2	58
2486	3	58
2487	4	58
2488	5	58
2489	6	58
2490	7	58
2491	8	58
2492	9	58
2493	518	58
2494	10	58
2495	12	58
2496	13	58
2497	14	58
2498	15	58
2499	16	58
2500	17	58
2501	18	58
2502	19	58
2503	20	58
2504	151	58
2505	21	58
2506	22	58
2507	23	58
2508	24	58
2509	25	58
2510	26	58
2511	27	58
2512	28	58
2513	29	58
2514	30	58
2515	31	58
2516	152	58
2517	153	58
2518	32	58
2519	33	58
2520	34	58
2521	35	58
2522	36	58
2523	37	58
2524	38	58
2525	39	58
2526	40	58
2527	41	58
2528	154	58
2529	42	58
2530	43	58
2531	44	58
2532	45	58
2533	46	58
2534	47	58
2535	48	58
2536	49	58
2537	50	58
2538	95	59
2539	5	59
2540	6	59
2541	96	59
2542	519	59
2543	97	59
2544	98	59
2545	99	59
2546	520	59
2547	17	59
2548	100	59
2549	101	59
2550	521	59
2551	522	59
2552	36	59
2553	102	59
2554	38	59
2555	41	59
2556	103	59
2557	104	59
2558	105	59
2559	46	59
2560	47	59
2561	106	59
2562	95	60
2563	523	60
2564	5	60
2565	6	60
2566	96	60
2567	97	60
2568	524	60
2569	525	60
2570	98	60
2571	99	60
2572	17	60
2573	526	60
2574	527	60
2575	100	60
2576	101	60
2577	528	60
2578	529	60
2579	36	60
2580	102	60
2581	38	60
2582	41	60
2583	103	60
2584	104	60
2585	105	60
2586	46	60
2587	47	60
2588	106	60
2589	1	61
2590	2	61
2591	3	61
2592	4	61
2593	5	61
2594	6	61
2595	7	61
2596	8	61
2597	530	61
2598	9	61
2599	10	61
2600	12	61
2601	13	61
2602	14	61
2603	15	61
2604	16	61
2605	17	61
2606	18	61
2607	19	61
2608	20	61
2609	21	61
2610	22	61
2611	23	61
2612	24	61
2613	26	61
2614	27	61
2615	28	61
2616	29	61
2617	30	61
2618	31	61
2619	152	61
2620	32	61
2621	33	61
2622	34	61
2623	35	61
2624	36	61
2625	37	61
2626	38	61
2627	39	61
2628	40	61
2629	41	61
2630	154	61
2631	42	61
2632	43	61
2633	44	61
2634	283	61
2635	48	61
2636	1	62
2637	175	62
2638	2	62
2639	3	62
2640	4	62
2641	531	62
2642	176	62
2643	177	62
2644	15	62
2645	16	62
2646	179	62
2647	17	62
2648	19	62
2649	23	62
2650	181	62
2651	121	62
2652	532	62
2653	27	62
2654	183	62
2655	184	62
2656	29	62
2657	30	62
2658	153	62
2659	185	62
2660	32	62
2661	33	62
2662	34	62
2663	186	62
2664	35	62
2665	36	62
2666	37	62
2667	187	62
2668	38	62
2669	39	62
2670	40	62
2671	41	62
2672	154	62
2673	42	62
2674	188	62
2675	43	62
2676	44	62
2677	189	62
2678	190	62
2679	1	63
2680	2	63
2681	3	63
2682	4	63
2683	7	63
2684	8	63
2685	9	63
2686	10	63
2687	533	63
2688	534	63
2689	12	63
2690	13	63
2691	14	63
2692	15	63
2693	16	63
2694	17	63
2695	18	63
2696	19	63
2697	20	63
2698	151	63
2699	21	63
2700	23	63
2701	24	63
2702	25	63
2703	26	63
2704	27	63
2705	28	63
2706	29	63
2707	30	63
2708	31	63
2709	152	63
2710	153	63
2711	32	63
2712	33	63
2713	34	63
2714	35	63
2715	36	63
2716	37	63
2717	38	63
2718	39	63
2719	40	63
2720	41	63
2721	154	63
2722	42	63
2723	43	63
2724	44	63
2725	45	63
2726	46	63
2727	47	63
2728	48	63
2729	49	63
2730	50	63
2731	51	64
2732	53	64
2733	54	64
2734	55	64
2735	56	64
2736	535	64
2737	58	64
2738	59	64
2739	536	64
2740	60	64
2741	61	64
2742	15	64
2743	62	64
2744	17	64
2745	63	64
2746	65	64
2747	66	64
2748	67	64
2749	537	64
2750	448	64
2751	71	64
2752	72	64
2753	73	64
2754	75	64
2755	76	64
2756	25	64
2757	77	64
2758	32	64
2759	38	64
2760	78	64
2761	80	64
2762	81	64
2763	1	65
2764	2	65
2765	3	65
2766	4	65
2767	5	65
2768	6	65
2769	7	65
2770	8	65
2771	538	65
2772	9	65
2773	10	65
2774	12	65
2775	13	65
2776	14	65
2777	15	65
2778	16	65
2779	17	65
2780	18	65
2781	19	65
2782	20	65
2783	21	65
2784	22	65
2785	23	65
2786	24	65
2787	26	65
2788	27	65
2789	29	65
2790	30	65
2791	31	65
2792	152	65
2793	153	65
2794	32	65
2795	33	65
2796	34	65
2797	35	65
2798	36	65
2799	37	65
2800	38	65
2801	39	65
2802	40	65
2803	41	65
2804	42	65
2805	43	65
2806	44	65
2807	45	65
2808	46	65
2809	47	65
2810	48	65
2811	49	65
2812	50	65
2813	539	66
2814	540	66
2815	541	66
2816	17	66
2817	542	66
2818	146	66
2819	38	66
2820	224	66
2821	1	67
2822	175	67
2823	2	67
2824	3	67
2825	4	67
2826	5	67
2827	176	67
2828	543	67
2829	177	67
2830	15	67
2831	16	67
2832	179	67
2833	17	67
2834	19	67
2835	544	67
2836	23	67
2837	181	67
2838	121	67
2839	27	67
2840	153	67
2841	185	67
2842	33	67
2843	34	67
2844	186	67
2845	36	67
2846	37	67
2847	187	67
2848	38	67
2849	39	67
2850	40	67
2851	41	67
2852	154	67
2853	42	67
2854	188	67
2855	43	67
2856	44	67
2857	189	67
2858	45	67
2859	285	67
2860	48	67
2861	106	67
2862	191	67
2863	95	68
2864	5	68
2865	107	68
2866	96	68
2867	97	68
2868	98	68
2869	99	68
2870	17	68
2871	100	68
2872	101	68
2873	36	68
2874	102	68
2875	38	68
2876	41	68
2877	103	68
2878	104	68
2879	105	68
2880	46	68
2881	106	68
2882	1	69
2883	2	69
2884	3	69
2885	4	69
2886	5	69
2887	6	69
2888	7	69
2889	8	69
2890	9	69
2891	10	69
2892	12	69
2893	13	69
2894	14	69
2895	15	69
2896	16	69
2897	17	69
2898	18	69
2899	19	69
2900	20	69
2901	21	69
2902	22	69
2903	23	69
2904	24	69
2905	25	69
2906	27	69
2907	28	69
2908	29	69
2909	30	69
2910	31	69
2911	152	69
2912	153	69
2913	32	69
2914	33	69
2915	34	69
2916	35	69
2917	36	69
2918	37	69
2919	38	69
2920	39	69
2921	40	69
2922	41	69
2923	154	69
2924	42	69
2925	43	69
2926	44	69
2927	45	69
2928	243	69
2929	244	69
2930	247	69
2931	248	69
2932	249	69
2933	250	69
2934	251	69
2935	252	69
2936	253	69
2937	46	69
2938	47	69
2939	48	69
2940	49	69
2941	50	69
2942	1	70
2943	2	70
2944	3	70
2945	4	70
2946	5	70
2947	6	70
2948	176	70
2949	177	70
2950	15	70
2951	179	70
2952	17	70
2953	19	70
2954	545	70
2955	23	70
2956	181	70
2957	121	70
2958	182	70
2959	27	70
2960	183	70
2961	184	70
2962	29	70
2963	30	70
2964	153	70
2965	185	70
2966	32	70
2967	33	70
2968	34	70
2969	186	70
2970	35	70
2971	36	70
2972	37	70
2973	187	70
2974	38	70
2975	39	70
2976	40	70
2977	41	70
2978	154	70
2979	42	70
2980	188	70
2981	43	70
2982	44	70
2983	189	70
2984	45	70
2985	546	70
2986	190	70
2987	48	70
2988	49	70
2989	106	70
2990	191	70
2991	1	71
2992	175	71
2993	2	71
2994	3	71
2995	4	71
2996	5	71
2997	6	71
2998	176	71
2999	177	71
3000	15	71
3001	16	71
3002	179	71
3003	17	71
3004	19	71
3005	119	71
3006	23	71
3007	181	71
3008	121	71
3009	182	71
3010	27	71
3011	183	71
3012	184	71
3013	29	71
3014	30	71
3015	153	71
3016	185	71
3017	32	71
3018	33	71
3019	34	71
3020	186	71
3021	35	71
3022	36	71
3023	37	71
3024	187	71
3025	38	71
3026	39	71
3027	40	71
3028	41	71
3029	547	71
3030	154	71
3031	42	71
3032	188	71
3033	43	71
3034	44	71
3035	189	71
3036	45	71
3037	190	71
3038	48	71
3039	49	71
3040	106	71
3041	191	71
3042	1	72
3043	270	72
3044	2	72
3045	3	72
3046	4	72
3047	5	72
3048	6	72
3049	7	72
3050	8	72
3051	9	72
3052	10	72
3053	12	72
3054	13	72
3055	15	72
3056	16	72
3057	548	72
3058	17	72
3059	18	72
3060	19	72
3061	20	72
3062	21	72
3063	23	72
3064	262	72
3065	24	72
3066	25	72
3067	26	72
3068	27	72
3069	28	72
3070	29	72
3071	30	72
3072	31	72
3073	152	72
3074	153	72
3075	77	72
3076	32	72
3077	33	72
3078	202	72
3079	35	72
3080	36	72
3081	37	72
3082	38	72
3083	39	72
3084	40	72
3085	41	72
3086	42	72
3087	43	72
3088	44	72
3089	45	72
3090	46	72
3091	47	72
3092	48	72
3093	49	72
3094	50	72
3095	106	72
3096	1	73
3097	2	73
3098	3	73
3099	4	73
3100	5	73
3101	6	73
3102	7	73
3103	8	73
3104	9	73
3105	10	73
3106	12	73
3107	13	73
3108	14	73
3109	15	73
3110	16	73
3111	17	73
3112	18	73
3113	19	73
3114	20	73
3115	21	73
3116	22	73
3117	23	73
3118	24	73
3119	25	73
3120	26	73
3121	27	73
3122	28	73
3123	29	73
3124	30	73
3125	31	73
3126	152	73
3127	153	73
3128	32	73
3129	33	73
3130	34	73
3131	35	73
3132	36	73
3133	37	73
3134	38	73
3135	39	73
3136	40	73
3137	41	73
3138	154	73
3139	42	73
3140	43	73
3141	44	73
3142	45	73
3143	46	73
3144	47	73
3145	48	73
3146	50	73
3147	1	74
3148	2	74
3149	3	74
3150	4	74
3151	5	74
3152	6	74
3153	7	74
3154	8	74
3155	9	74
3156	10	74
3157	12	74
3158	13	74
3159	14	74
3160	15	74
3161	16	74
3162	17	74
3163	18	74
3164	19	74
3165	20	74
3166	21	74
3167	549	74
3168	22	74
3169	23	74
3170	24	74
3171	25	74
3172	26	74
3173	27	74
3174	28	74
3175	29	74
3176	30	74
3177	31	74
3178	152	74
3179	153	74
3180	32	74
3181	33	74
3182	34	74
3183	35	74
3184	36	74
3185	37	74
3186	38	74
3187	39	74
3188	40	74
3189	41	74
3190	154	74
3191	42	74
3192	43	74
3193	44	74
3194	45	74
3195	46	74
3196	47	74
3197	48	74
3198	49	74
3199	50	74
3200	1	75
3201	2	75
3202	3	75
3203	4	75
3204	5	75
3205	6	75
3206	7	75
3207	8	75
3208	9	75
3209	10	75
3210	550	75
3211	12	75
3212	13	75
3213	14	75
3214	15	75
3215	16	75
3216	17	75
3217	18	75
3218	19	75
3219	20	75
3220	21	75
3221	22	75
3222	23	75
3223	24	75
3224	25	75
3225	26	75
3226	27	75
3227	28	75
3228	29	75
3229	30	75
3230	31	75
3231	152	75
3232	153	75
3233	32	75
3234	33	75
3235	34	75
3236	35	75
3237	36	75
3238	37	75
3239	38	75
3240	39	75
3241	40	75
3242	41	75
3243	154	75
3244	42	75
3245	43	75
3246	44	75
3247	45	75
3248	46	75
3249	47	75
3250	48	75
3251	49	75
3252	50	75
3253	95	76
3254	5	76
3255	6	76
3256	551	76
3257	96	76
3258	97	76
3259	98	76
3260	99	76
3261	552	76
3262	17	76
3263	526	76
3264	553	76
3265	554	76
3266	555	76
3267	556	76
3268	557	76
3269	558	76
3270	559	76
3271	560	76
3272	68	76
3273	69	76
3274	70	76
3275	100	76
3276	101	76
3277	36	76
3278	102	76
3279	38	76
3280	39	76
3281	41	76
3282	103	76
3283	104	76
3284	105	76
3285	46	76
3286	47	76
3287	561	76
3288	106	76
3289	51	77
3290	52	77
3291	53	77
3292	54	77
3293	55	77
3294	56	77
3295	58	77
3296	562	77
3297	59	77
3298	60	77
3299	61	77
3300	15	77
3301	62	77
3302	17	77
3303	63	77
3304	64	77
3305	65	77
3306	66	77
3307	67	77
3308	71	77
3309	72	77
3310	73	77
3311	74	77
3312	75	77
3313	76	77
3314	77	77
3315	32	77
3316	38	77
3317	78	77
3318	80	77
3319	81	77
3320	51	78
3321	563	78
3322	53	78
3323	54	78
3324	55	78
3325	56	78
3326	58	78
3327	59	78
3328	60	78
3329	61	78
3330	15	78
3331	62	78
3332	564	78
3333	17	78
3334	63	78
3335	565	78
3336	65	78
3337	66	78
3338	566	78
3339	67	78
3340	448	78
3341	71	78
3342	72	78
3343	73	78
3344	567	78
3345	75	78
3346	76	78
3347	25	78
3348	568	78
3349	77	78
3350	32	78
3351	38	78
3352	78	78
3353	80	78
3354	81	78
3355	1	79
3356	2	79
3357	3	79
3358	4	79
3359	256	79
3360	5	79
3361	6	79
3362	7	79
3363	8	79
3364	258	79
3365	9	79
3366	10	79
3367	12	79
3368	13	79
3369	15	79
3370	16	79
3371	212	79
3372	17	79
3373	569	79
3374	259	79
3375	18	79
3376	19	79
3377	20	79
3378	21	79
3379	23	79
3380	570	79
3381	25	79
3382	26	79
3383	27	79
3384	28	79
3385	29	79
3386	30	79
3387	31	79
3388	152	79
3389	153	79
3390	77	79
3391	32	79
3392	33	79
3393	202	79
3394	35	79
3395	36	79
3396	37	79
3397	38	79
3398	39	79
3399	40	79
3400	41	79
3401	154	79
3402	42	79
3403	43	79
3404	44	79
3405	45	79
3406	46	79
3407	47	79
3408	48	79
3409	49	79
3410	50	79
3411	106	79
3412	95	80
3413	96	80
3414	571	80
3415	236	80
3416	97	80
3417	98	80
3418	99	80
3419	17	80
3420	572	80
3421	100	80
3422	101	80
3423	36	80
3424	102	80
3425	38	80
3426	41	80
3427	103	80
3428	573	80
3429	104	80
3430	105	80
3431	46	80
3432	47	80
3433	106	80
3434	574	81
3435	95	81
3436	5	81
3437	6	81
3438	96	81
3439	579	81
3440	97	81
3441	98	81
3442	99	81
3443	583	81
3444	584	81
3445	17	81
3446	586	81
3447	100	81
3448	101	81
3449	36	81
3450	102	81
3451	38	81
3452	41	81
3453	103	81
3454	104	81
3455	105	81
3456	46	81
3457	47	81
3458	106	81
3459	1	82
3460	491	82
3461	3	82
3462	4	82
3463	5	82
3464	6	82
3465	7	82
3466	493	82
3467	8	82
3468	9	82
3469	607	82
3470	10	82
3471	12	82
3472	13	82
3473	14	82
3474	15	82
3475	16	82
3476	17	82
3477	63	82
3478	497	82
3479	18	82
3480	19	82
3481	20	82
3482	21	82
3483	22	82
3484	23	82
3485	24	82
3486	498	82
3487	25	82
3488	499	82
3489	626	82
3490	503	82
3491	281	82
3492	504	82
3493	28	82
3494	29	82
3495	30	82
3496	31	82
3497	32	82
3498	33	82
3499	636	82
3500	223	82
3501	35	82
3502	36	82
3503	37	82
3504	38	82
3505	39	82
3506	40	82
3507	41	82
3508	154	82
3509	42	82
3510	43	82
3511	44	82
3512	45	82
3513	647	82
3514	46	82
3515	47	82
3516	48	82
3517	49	82
3518	50	82
3519	51	83
3520	52	83
3521	653	83
3522	53	83
3523	54	83
3524	55	83
3525	56	83
3526	658	83
3527	58	83
3528	59	83
3529	60	83
3530	61	83
3531	663	83
3532	15	83
3533	62	83
3534	17	83
3535	63	83
3536	64	83
3537	65	83
3538	66	83
3539	67	83
3540	71	83
3541	72	83
3542	73	83
3543	74	83
3544	75	83
3545	76	83
3546	77	83
3547	32	83
3548	38	83
3549	78	83
3550	80	83
3551	81	83
3552	51	84
3553	54	84
3554	56	84
3555	679	84
3556	680	84
3557	681	84
3558	682	84
3559	683	84
3560	115	84
3561	685	84
3562	17	84
3563	63	84
3564	65	84
3565	686	84
3566	18	84
3567	67	84
3568	71	84
3569	72	84
3570	76	84
3571	146	84
3572	77	84
3573	32	84
3574	38	84
3575	78	84
3576	291	84
3577	80	84
3578	81	84
3579	1	85
3580	2	85
3581	3	85
3582	4	85
3583	690	85
3584	5	85
3585	6	85
3586	7	85
3587	8	85
3588	9	85
3589	10	85
3590	691	85
3591	692	85
3592	12	85
3593	13	85
3594	14	85
3595	15	85
3596	16	85
3597	17	85
3598	18	85
3599	19	85
3600	20	85
3601	21	85
3602	22	85
3603	23	85
3604	24	85
3605	25	85
3606	26	85
3607	27	85
3608	28	85
3609	29	85
3610	30	85
3611	31	85
3612	152	85
3613	153	85
3614	32	85
3615	33	85
3616	34	85
3617	35	85
3618	36	85
3619	37	85
3620	38	85
3621	39	85
3622	40	85
3623	41	85
3624	154	85
3625	42	85
3626	43	85
3627	44	85
3628	45	85
3629	46	85
3630	47	85
3631	48	85
3632	49	85
3633	50	85
3634	1	86
3635	175	86
3636	2	86
3637	3	86
3638	4	86
3639	5	86
3640	6	86
3641	176	86
3642	543	86
3643	177	86
3644	15	86
3645	16	86
3646	179	86
3647	17	86
3648	19	86
3649	544	86
3650	23	86
3651	181	86
3652	121	86
3653	27	86
3654	187	86
3655	38	86
3656	39	86
3657	40	86
3658	41	86
3659	154	86
3660	42	86
3661	188	86
3662	43	86
3663	44	86
3664	189	86
3665	45	86
3666	285	86
3667	48	86
3668	106	86
3669	191	86
3670	1	87
3671	2	87
3672	3	87
3673	4	87
3674	5	87
3675	6	87
3676	7	87
3677	8	87
3678	9	87
3679	10	87
3680	12	87
3681	13	87
3682	14	87
3683	15	87
3684	16	87
3685	17	87
3686	18	87
3687	19	87
3688	20	87
3689	21	87
3690	22	87
3691	23	87
3692	24	87
3693	25	87
3694	26	87
3695	27	87
3696	28	87
3697	29	87
3698	30	87
3699	31	87
3700	152	87
3701	153	87
3702	32	87
3703	33	87
3704	34	87
3705	35	87
3706	36	87
3707	37	87
3708	38	87
3709	39	87
3710	40	87
3711	41	87
3712	154	87
3713	42	87
3714	43	87
3715	44	87
3716	45	87
3717	46	87
3718	47	87
3719	48	87
3720	49	87
3721	50	87
3722	1	88
3723	2	88
3724	3	88
3725	4	88
3726	5	88
3727	6	88
3728	7	88
3729	8	88
3730	258	88
3731	9	88
3732	10	88
3733	12	88
3734	13	88
3735	15	88
3736	16	88
3737	17	88
3738	712	88
3739	713	88
3740	18	88
3741	19	88
3742	20	88
3743	21	88
3744	23	88
3745	25	88
3746	26	88
3747	27	88
3748	28	88
3749	29	88
3750	30	88
3751	31	88
3752	152	88
3753	38	88
3754	39	88
3755	40	88
3756	41	88
3757	154	88
3758	42	88
3759	43	88
3760	44	88
3761	45	88
3762	46	88
3763	47	88
3764	48	88
3765	49	88
3766	50	88
3767	106	88
3768	1	89
3769	2	89
3770	3	89
3771	4	89
3772	5	89
3773	6	89
3774	7	89
3775	8	89
3776	9	89
3777	10	89
3778	12	89
3779	13	89
3780	14	89
3781	15	89
3782	16	89
3783	17	89
3784	18	89
3785	19	89
3786	20	89
3787	151	89
3788	21	89
3789	22	89
3790	23	89
3791	24	89
3792	25	89
3793	26	89
3794	27	89
3795	28	89
3796	29	89
3797	30	89
3798	31	89
3799	152	89
3800	153	89
3801	32	89
3802	33	89
3803	34	89
3804	35	89
3805	36	89
3806	37	89
3807	38	89
3808	39	89
3809	40	89
3810	41	89
3811	154	89
3812	42	89
3813	43	89
3814	44	89
3815	45	89
3816	46	89
3817	47	89
3818	48	89
3819	49	89
3820	50	89
3821	95	90
3822	5	90
3823	6	90
3824	96	90
3825	97	90
3826	98	90
3827	99	90
3828	715	90
3829	17	90
3830	100	90
3831	101	90
3832	36	90
3833	102	90
3834	38	90
3835	41	90
3836	103	90
3837	104	90
3838	105	90
3839	46	90
3840	47	90
3841	106	90
3842	95	91
3843	5	91
3844	6	91
3845	96	91
3846	97	91
3847	98	91
3848	716	91
3849	99	91
3850	17	91
3851	566	91
3852	100	91
3853	101	91
3854	36	91
3855	102	91
3856	38	91
3857	41	91
3858	103	91
3859	104	91
3860	105	91
3861	46	91
3862	47	91
3863	106	91
3864	1	92
3865	2	92
3866	3	92
3867	4	92
3868	5	92
3869	6	92
3870	718	92
3871	7	92
3872	8	92
3873	9	92
3874	719	92
3875	10	92
3876	12	92
3877	13	92
3878	14	92
3879	15	92
3880	16	92
3881	17	92
3882	18	92
3883	19	92
3884	20	92
3885	21	92
3886	22	92
3887	23	92
3888	24	92
3889	25	92
3890	26	92
3891	27	92
3892	28	92
3893	29	92
3894	30	92
3895	31	92
3896	152	92
3897	153	92
3898	32	92
3899	33	92
3900	34	92
3901	35	92
3902	36	92
3903	37	92
3904	38	92
3905	39	92
3906	40	92
3907	41	92
3908	154	92
3909	42	92
3910	43	92
3911	44	92
3912	45	92
3913	46	92
3914	47	92
3915	48	92
3916	49	92
3917	50	92
3918	1	93
3919	2	93
3920	3	93
3921	4	93
3922	5	93
3923	6	93
3924	7	93
3925	8	93
3926	9	93
3927	10	93
3928	12	93
3929	14	93
3930	15	93
3931	16	93
3932	17	93
3933	18	93
3934	19	93
3935	20	93
3936	21	93
3937	22	93
3938	23	93
3939	24	93
3940	25	93
3941	26	93
3942	27	93
3943	28	93
3944	29	93
3945	30	93
3946	31	93
3947	152	93
3948	153	93
3949	38	93
3950	39	93
3951	40	93
3952	41	93
3953	154	93
3954	42	93
3955	43	93
3956	44	93
3957	45	93
3958	720	93
3959	721	93
3960	546	93
3961	723	93
3962	724	93
3963	725	93
3964	726	93
3965	727	93
3966	728	93
3967	729	93
3968	730	93
3969	731	93
3970	46	93
3971	47	93
3972	48	93
3973	49	93
3974	50	93
3975	732	93
3976	733	93
3977	734	93
3978	735	93
3979	736	93
3980	737	93
3981	738	93
3982	739	93
3983	740	93
3984	741	93
3985	742	93
3986	743	93
3987	744	93
3988	745	93
3989	746	93
3990	747	93
3991	748	93
3992	749	93
3993	95	94
3994	5	94
3995	6	94
3996	96	94
3997	97	94
3998	98	94
3999	99	94
4000	750	94
4001	17	94
4002	751	94
4003	100	94
4004	101	94
4005	36	94
4006	102	94
4007	38	94
4008	41	94
4009	103	94
4010	104	94
4011	105	94
4012	46	94
4013	47	94
4014	106	94
4015	51	95
4016	752	95
4017	52	95
4018	53	95
4019	54	95
4020	55	95
4021	753	95
4022	56	95
4023	754	95
4024	58	95
4025	755	95
4026	59	95
4027	60	95
4028	756	95
4029	61	95
4030	15	95
4031	62	95
4032	17	95
4033	63	95
4034	64	95
4035	65	95
4036	66	95
4037	67	95
4038	757	95
4039	71	95
4040	72	95
4041	73	95
4042	74	95
4043	75	95
4044	76	95
4045	25	95
4046	758	95
4047	77	95
4048	759	95
4049	38	95
4050	78	95
4051	80	95
4052	81	95
4053	51	96
4054	54	96
4055	55	96
4056	56	96
4057	263	96
4058	761	96
4059	762	96
4060	58	96
4061	59	96
4062	60	96
4063	61	96
4064	15	96
4065	62	96
4066	17	96
4067	63	96
4068	65	96
4069	66	96
4070	763	96
4071	764	96
4072	67	96
4073	765	96
4074	766	96
4075	767	96
4076	71	96
4077	72	96
4078	73	96
4079	76	96
4080	25	96
4081	77	96
4082	32	96
4083	38	96
4084	78	96
4085	291	96
4086	80	96
4087	81	96
4088	1	97
4089	2	97
4090	3	97
4091	4	97
4092	5	97
4093	6	97
4094	768	97
4095	7	97
4096	8	97
4097	9	97
4098	10	97
4099	12	97
4100	13	97
4101	14	97
4102	15	97
4103	16	97
4104	17	97
4105	769	97
4106	18	97
4107	19	97
4108	20	97
4109	770	97
4110	21	97
4111	22	97
4112	23	97
4113	24	97
4114	771	97
4115	25	97
4116	26	97
4117	27	97
4118	28	97
4119	29	97
4120	30	97
4121	31	97
4122	152	97
4123	32	97
4124	33	97
4125	34	97
4126	35	97
4127	36	97
4128	37	97
4129	38	97
4130	39	97
4131	40	97
4132	41	97
4133	154	97
4134	42	97
4135	43	97
4136	44	97
4137	45	97
4138	46	97
4139	47	97
4140	48	97
4141	49	97
4142	50	97
4143	1	98
4144	198	98
4145	3	98
4146	4	98
4147	5	98
4148	8	98
4149	9	98
4150	10	98
4151	12	98
4152	13	98
4153	14	98
4154	15	98
4155	16	98
4156	17	98
4157	18	98
4158	19	98
4159	20	98
4160	773	98
4161	21	98
4162	22	98
4163	23	98
4164	24	98
4165	26	98
4166	27	98
4167	28	98
4168	29	98
4169	30	98
4170	31	98
4171	152	98
4172	32	98
4173	33	98
4174	34	98
4175	35	98
4176	36	98
4177	37	98
4178	38	98
4179	39	98
4180	40	98
4181	41	98
4182	154	98
4183	42	98
4184	43	98
4185	44	98
4186	45	98
4187	46	98
4188	47	98
4189	48	98
4190	50	98
4191	1	99
4192	2	99
4193	3	99
4194	4	99
4195	5	99
4196	6	99
4197	7	99
4198	8	99
4199	9	99
4200	774	99
4201	10	99
4202	12	99
4203	13	99
4204	14	99
4205	15	99
4206	16	99
4207	17	99
4208	18	99
4209	19	99
4210	20	99
4211	21	99
4212	22	99
4213	23	99
4214	24	99
4215	25	99
4216	26	99
4217	27	99
4218	28	99
4219	29	99
4220	30	99
4221	31	99
4222	152	99
4223	32	99
4224	33	99
4225	34	99
4226	35	99
4227	36	99
4228	37	99
4229	38	99
4230	39	99
4231	40	99
4232	41	99
4233	154	99
4234	42	99
4235	43	99
4236	44	99
4237	45	99
4238	254	99
4239	255	99
4240	46	99
4241	47	99
4242	48	99
4243	49	99
4244	50	99
4245	51	100
4246	53	100
4247	54	100
4248	55	100
4249	56	100
4250	263	100
4251	777	100
4252	58	100
4253	265	100
4254	59	100
4255	779	100
4256	60	100
4257	61	100
4258	15	100
4259	62	100
4260	780	100
4261	781	100
4262	782	100
4263	783	100
4264	784	100
4265	17	100
4266	63	100
4267	65	100
4268	66	100
4269	67	100
4270	68	100
4271	69	100
4272	70	100
4273	71	100
4274	72	100
4275	73	100
4276	268	100
4277	75	100
4278	76	100
4279	25	100
4280	269	100
4281	790	100
4282	77	100
4283	32	100
4284	38	100
4285	78	100
4286	80	100
4287	81	100
4288	95	101
4289	5	101
4290	6	101
4291	96	101
4292	97	101
4293	98	101
4294	99	101
4295	17	101
4296	120	101
4297	100	101
4298	101	101
4299	792	101
4300	36	101
4301	102	101
4302	38	101
4303	41	101
4304	103	101
4305	104	101
4306	105	101
4307	46	101
4308	47	101
4309	106	101
4310	1	102
4311	491	102
4312	2	102
4313	3	102
4314	4	102
4315	5	102
4316	6	102
4317	7	102
4318	8	102
4319	9	102
4320	793	102
4321	10	102
4322	794	102
4323	795	102
4324	796	102
4325	12	102
4326	13	102
4327	14	102
4328	15	102
4329	16	102
4330	797	102
4331	17	102
4332	63	102
4333	18	102
4334	19	102
4335	798	102
4336	20	102
4337	21	102
4338	22	102
4339	799	102
4340	23	102
4341	24	102
4342	25	102
4343	800	102
4344	801	102
4345	802	102
4346	803	102
4347	26	102
4348	804	102
4349	503	102
4350	281	102
4351	28	102
4352	29	102
4353	30	102
4354	31	102
4355	152	102
4356	153	102
4357	185	102
4358	806	102
4359	32	102
4360	33	102
4361	636	102
4362	223	102
4363	35	102
4364	36	102
4365	37	102
4366	38	102
4367	39	102
4368	40	102
4369	41	102
4370	154	102
4371	42	102
4372	43	102
4373	44	102
4374	45	102
4375	46	102
4376	47	102
4377	48	102
4378	49	102
4379	50	102
4380	1	103
4381	2	103
4382	3	103
4383	4	103
4384	5	103
4385	6	103
4386	7	103
4387	8	103
4388	9	103
4389	10	103
4390	12	103
4391	13	103
4392	15	103
4393	16	103
4394	17	103
4395	18	103
4396	19	103
4397	807	103
4398	20	103
4399	21	103
4400	23	103
4401	262	103
4402	24	103
4403	25	103
4404	26	103
4405	27	103
4406	28	103
4407	29	103
4408	30	103
4409	31	103
4410	152	103
4411	153	103
4412	241	103
4413	77	103
4414	32	103
4415	33	103
4416	202	103
4417	35	103
4418	36	103
4419	37	103
4420	38	103
4421	39	103
4422	40	103
4423	41	103
4424	154	103
4425	42	103
4426	43	103
4427	44	103
4428	45	103
4429	46	103
4430	47	103
4431	48	103
4432	49	103
4433	50	103
4434	106	103
4435	1	104
4436	2	104
4437	3	104
4438	4	104
4439	275	104
4440	5	104
4441	6	104
4442	7	104
4443	8	104
4444	812	104
4445	9	104
4446	10	104
4447	12	104
4448	13	104
4449	15	104
4450	16	104
4451	17	104
4452	18	104
4453	813	104
4454	19	104
4455	20	104
4456	21	104
4457	23	104
4458	262	104
4459	280	104
4460	24	104
4461	25	104
4462	26	104
4463	27	104
4464	281	104
4465	28	104
4466	29	104
4467	30	104
4468	31	104
4469	152	104
4470	153	104
4471	77	104
4472	32	104
4473	33	104
4474	202	104
4475	35	104
4476	36	104
4477	37	104
4478	38	104
4479	39	104
4480	40	104
4481	41	104
4482	154	104
4483	42	104
4484	43	104
4485	44	104
4486	283	104
4487	284	104
4488	46	104
4489	47	104
4490	48	104
4491	50	104
4492	106	104
4493	1	105
4494	2	105
4495	3	105
4496	4	105
4497	5	105
4498	6	105
4499	7	105
4500	8	105
4501	9	105
4502	10	105
4503	817	105
4504	12	105
4505	13	105
4506	14	105
4507	15	105
4508	16	105
4509	17	105
4510	18	105
4511	19	105
4512	20	105
4513	21	105
4514	22	105
4515	23	105
4516	24	105
4517	25	105
4518	26	105
4519	27	105
4520	28	105
4521	29	105
4522	30	105
4523	31	105
4524	152	105
4525	153	105
4526	32	105
4527	33	105
4528	34	105
4529	35	105
4530	36	105
4531	37	105
4532	38	105
4533	818	105
4534	39	105
4535	40	105
4536	41	105
4537	154	105
4538	42	105
4539	43	105
4540	44	105
4541	45	105
4542	46	105
4543	47	105
4544	48	105
4545	49	105
4546	50	105
4547	1	106
4548	2	106
4549	3	106
4550	4	106
4551	5	106
4552	6	106
4553	7	106
4554	8	106
4555	9	106
4556	10	106
4557	12	106
4558	13	106
4559	14	106
4560	15	106
4561	16	106
4562	17	106
4563	18	106
4564	19	106
4565	20	106
4566	151	106
4567	21	106
4568	22	106
4569	819	106
4570	23	106
4571	219	106
4572	24	106
4573	25	106
4574	26	106
4575	27	106
4576	28	106
4577	29	106
4578	30	106
4579	31	106
4580	152	106
4581	153	106
4582	32	106
4583	33	106
4584	34	106
4585	35	106
4586	36	106
4587	37	106
4588	38	106
4589	39	106
4590	40	106
4591	41	106
4592	154	106
4593	42	106
4594	43	106
4595	44	106
4596	45	106
4597	46	106
4598	47	106
4599	48	106
4600	49	106
4601	50	106
4602	1	107
4603	3	107
4604	4	107
4605	5	107
4606	6	107
4607	7	107
4608	8	107
4609	9	107
4610	10	107
4611	821	107
4612	12	107
4613	14	107
4614	15	107
4615	16	107
4616	17	107
4617	822	107
4618	18	107
4619	19	107
4620	20	107
4621	21	107
4622	69	107
4623	70	107
4624	23	107
4625	24	107
4626	26	107
4627	27	107
4628	28	107
4629	29	107
4630	30	107
4631	31	107
4632	152	107
4633	153	107
4634	32	107
4635	33	107
4636	34	107
4637	35	107
4638	36	107
4639	37	107
4640	38	107
4641	39	107
4642	40	107
4643	41	107
4644	154	107
4645	42	107
4646	43	107
4647	44	107
4648	45	107
4649	46	107
4650	47	107
4651	823	107
4652	48	107
4653	49	107
4654	50	107
4655	51	108
4656	53	108
4657	54	108
4658	55	108
4659	56	108
4660	263	108
4661	58	108
4662	59	108
4663	60	108
4664	824	108
4665	61	108
4666	15	108
4667	62	108
4668	83	108
4669	17	108
4670	63	108
4671	65	108
4672	66	108
4673	67	108
4674	71	108
4675	72	108
4676	73	108
4677	826	108
4678	75	108
4679	76	108
4680	827	108
4681	77	108
4682	32	108
4683	38	108
4684	78	108
4685	80	108
4686	81	108
4687	1	109
4688	2	109
4689	3	109
4690	4	109
4691	5	109
4692	6	109
4693	7	109
4694	8	109
4695	828	109
4696	9	109
4697	10	109
4698	12	109
4699	13	109
4700	15	109
4701	16	109
4702	17	109
4703	18	109
4704	19	109
4705	829	109
4706	20	109
4707	21	109
4708	830	109
4709	23	109
4710	262	109
4711	24	109
4712	25	109
4713	26	109
4714	27	109
4715	28	109
4716	29	109
4717	30	109
4718	31	109
4719	152	109
4720	153	109
4721	77	109
4722	32	109
4723	33	109
4724	202	109
4725	35	109
4726	36	109
4727	37	109
4728	38	109
4729	39	109
4730	40	109
4731	41	109
4732	154	109
4733	42	109
4734	43	109
4735	44	109
4736	45	109
4737	48	109
4738	50	109
4739	106	109
4740	51	110
4741	53	110
4742	54	110
4743	55	110
4744	56	110
4745	58	110
4746	59	110
4747	60	110
4748	61	110
4749	15	110
4750	62	110
4751	17	110
4752	63	110
4753	65	110
4754	66	110
4755	67	110
4756	831	110
4757	71	110
4758	72	110
4759	73	110
4760	75	110
4761	76	110
4762	77	110
4763	32	110
4764	38	110
4765	78	110
4766	80	110
4767	95	111
4768	5	111
4769	6	111
4770	96	111
4771	97	111
4772	98	111
4773	99	111
4774	832	111
4775	17	111
4776	526	111
4777	100	111
4778	101	111
4779	36	111
4780	102	111
4781	38	111
4782	41	111
4783	103	111
4784	104	111
4785	105	111
4786	46	111
4787	47	111
4788	106	111
4789	1	112
4790	2	112
4791	3	112
4792	4	112
4793	256	112
4794	5	112
4795	6	112
4796	7	112
4797	8	112
4798	258	112
4799	9	112
4800	10	112
4801	12	112
4802	13	112
4803	15	112
4804	16	112
4805	212	112
4806	836	112
4807	17	112
4808	259	112
4809	838	112
4810	18	112
4811	19	112
4812	20	112
4813	839	112
4814	21	112
4815	840	112
4816	24	112
4817	25	112
4818	26	112
4819	841	112
4820	27	112
4821	281	112
4822	28	112
4823	29	112
4824	30	112
4825	31	112
4826	152	112
4827	153	112
4828	842	112
4829	77	112
4830	806	112
4831	32	112
4832	33	112
4833	202	112
4834	35	112
4835	36	112
4836	37	112
4837	38	112
4838	39	112
4839	40	112
4840	41	112
4841	154	112
4842	42	112
4843	43	112
4844	44	112
4845	45	112
4846	46	112
4847	47	112
4848	48	112
4849	49	112
4850	50	112
4851	106	112
4852	95	113
4853	5	113
4854	6	113
4855	96	113
4856	97	113
4857	98	113
4858	99	113
4859	843	113
4860	17	113
4861	100	113
4862	101	113
4863	844	113
4864	36	113
4865	38	113
4866	103	113
4867	845	113
4868	104	113
4869	105	113
4870	46	113
4871	47	113
4872	106	113
4873	846	114
4874	847	114
4875	848	114
4876	17	114
4877	849	114
4878	850	114
4879	278	114
4880	852	114
4881	853	114
4882	854	114
4883	855	114
4884	856	114
4885	857	114
4886	38	114
4887	858	114
4888	255	114
4889	106	114
4890	51	115
4891	52	115
4892	53	115
4893	54	115
4894	55	115
4895	56	115
4896	148	115
4897	58	115
4898	59	115
4899	60	115
4900	61	115
4901	15	115
4902	62	115
4903	860	115
4904	17	115
4905	63	115
4906	64	115
4907	65	115
4908	66	115
4909	67	115
4910	71	115
4911	72	115
4912	73	115
4913	74	115
4914	75	115
4915	76	115
4916	25	115
4917	77	115
4918	32	115
4919	38	115
4920	78	115
4921	80	115
4922	81	115
4923	1	116
4924	2	116
4925	3	116
4926	4	116
4927	5	116
4928	6	116
4929	7	116
4930	8	116
4931	9	116
4932	10	116
4933	12	116
4934	13	116
4935	14	116
4936	15	116
4937	16	116
4938	17	116
4939	18	116
4940	19	116
4941	20	116
4942	151	116
4943	21	116
4944	22	116
4945	23	116
4946	24	116
4947	25	116
4948	26	116
4949	27	116
4950	28	116
4951	29	116
4952	30	116
4953	31	116
4954	152	116
4955	32	116
4956	33	116
4957	34	116
4958	35	116
4959	36	116
4960	37	116
4961	38	116
4962	39	116
4963	40	116
4964	41	116
4965	154	116
4966	42	116
4967	43	116
4968	44	116
4969	45	116
4970	46	116
4971	47	116
4972	48	116
4973	49	116
4974	50	116
4975	1	117
4976	2	117
4977	3	117
4978	4	117
4979	5	117
4980	6	117
4981	7	117
4982	8	117
4983	9	117
4984	10	117
4985	12	117
4986	13	117
4987	15	117
4988	16	117
4989	861	117
4990	17	117
4991	18	117
4992	19	117
4993	20	117
4994	21	117
4995	22	117
4996	23	117
4997	24	117
4998	25	117
4999	26	117
5000	27	117
5001	28	117
5002	29	117
5003	30	117
5004	31	117
5005	152	117
5006	153	117
5007	32	117
5008	33	117
5009	34	117
5010	35	117
5011	36	117
5012	37	117
5013	38	117
5014	39	117
5015	40	117
5016	41	117
5017	154	117
5018	42	117
5019	43	117
5020	44	117
5021	862	117
5022	45	117
5023	46	117
5024	47	117
5025	48	117
5026	49	117
5027	50	117
5028	1	118
5029	2	118
5030	3	118
5031	4	118
5032	5	118
5033	6	118
5034	7	118
5035	863	118
5036	9	118
5037	864	118
5038	10	118
5039	12	118
5040	13	118
5041	15	118
5042	16	118
5043	17	118
5044	18	118
5045	19	118
5046	20	118
5047	21	118
5048	23	118
5049	262	118
5050	24	118
5051	25	118
5052	865	118
5053	26	118
5054	27	118
5055	28	118
5056	29	118
5057	30	118
5058	31	118
5059	152	118
5060	153	118
5061	77	118
5062	32	118
5063	33	118
5064	202	118
5065	35	118
5066	36	118
5067	37	118
5068	38	118
5069	39	118
5070	40	118
5071	41	118
5072	154	118
5073	42	118
5074	43	118
5075	44	118
5076	45	118
5077	46	118
5078	48	118
5079	50	118
5080	96	119
5081	17	119
5082	38	119
5083	41	119
5084	103	119
5085	95	120
5086	5	120
5087	6	120
5088	96	120
5089	866	120
5090	97	120
5091	215	120
5092	98	120
5093	99	120
5094	868	120
5095	869	120
5096	17	120
5097	870	120
5098	100	120
5099	101	120
5100	36	120
5101	102	120
5102	38	120
5103	41	120
5104	103	120
5105	104	120
5106	105	120
5107	46	120
5108	47	120
5109	106	120
5110	1	121
5111	2	121
5112	3	121
5113	4	121
5114	5	121
5115	6	121
5116	7	121
5117	246	121
5118	8	121
5119	9	121
5120	10	121
5121	872	121
5122	12	121
5123	13	121
5124	14	121
5125	15	121
5126	16	121
5127	873	121
5128	17	121
5129	18	121
5130	19	121
5131	20	121
5132	874	121
5133	21	121
5134	22	121
5135	23	121
5136	24	121
5137	25	121
5138	26	121
5139	27	121
5140	28	121
5141	29	121
5142	30	121
5143	31	121
5144	152	121
5145	153	121
5146	32	121
5147	33	121
5148	34	121
5149	35	121
5150	36	121
5151	37	121
5152	38	121
5153	39	121
5154	40	121
5155	41	121
5156	154	121
5157	42	121
5158	43	121
5159	44	121
5160	45	121
5161	46	121
5162	47	121
5163	48	121
5164	49	121
5165	50	121
5166	1	122
5167	175	122
5168	2	122
5169	3	122
5170	4	122
5171	5	122
5172	6	122
5173	176	122
5174	177	122
5175	15	122
5176	16	122
5177	179	122
5178	17	122
5179	19	122
5180	23	122
5181	181	122
5182	121	122
5183	27	122
5184	183	122
5185	184	122
5186	29	122
5187	30	122
5188	153	122
5189	185	122
5190	32	122
5191	33	122
5192	34	122
5193	186	122
5194	35	122
5195	36	122
5196	37	122
5197	187	122
5198	38	122
5199	39	122
5200	40	122
5201	41	122
5202	154	122
5203	42	122
5204	188	122
5205	43	122
5206	44	122
5207	189	122
5208	45	122
5209	190	122
5210	879	122
5211	106	122
5212	191	122
5213	1	123
5214	2	123
5215	3	123
5216	4	123
5217	5	123
5218	6	123
5219	7	123
5220	8	123
5221	9	123
5222	10	123
5223	880	123
5224	12	123
5225	14	123
5226	15	123
5227	16	123
5228	881	123
5229	17	123
5230	18	123
5231	19	123
5232	20	123
5233	21	123
5234	22	123
5235	882	123
5236	23	123
5237	24	123
5238	26	123
5239	27	123
5240	28	123
5241	29	123
5242	30	123
5243	31	123
5244	152	123
5245	153	123
5246	222	123
5247	38	123
5248	39	123
5249	40	123
5250	41	123
5251	242	123
5252	154	123
5253	42	123
5254	43	123
5255	44	123
5256	45	123
5257	46	123
5258	47	123
5259	48	123
5260	49	123
5261	50	123
5262	1	124
5263	175	124
5264	2	124
5265	3	124
5266	4	124
5267	5	124
5268	6	124
5269	176	124
5270	177	124
5271	15	124
5272	16	124
5273	179	124
5274	17	124
5275	813	124
5276	19	124
5277	23	124
5278	181	124
5279	121	124
5280	27	124
5281	183	124
5282	187	124
5283	38	124
5284	39	124
5285	40	124
5286	41	124
5287	154	124
5288	42	124
5289	188	124
5290	43	124
5291	44	124
5292	189	124
5293	45	124
5294	190	124
5295	48	124
5296	49	124
5297	106	124
5298	191	124
5299	1	125
5300	175	125
5301	2	125
5302	3	125
5303	4	125
5304	5	125
5305	6	125
5306	176	125
5307	177	125
5308	15	125
5309	16	125
5310	179	125
5311	17	125
5312	19	125
5313	23	125
5314	181	125
5315	121	125
5316	153	125
5317	185	125
5318	32	125
5319	33	125
5320	34	125
5321	186	125
5322	35	125
5323	36	125
5324	37	125
5325	187	125
5326	38	125
5327	39	125
5328	40	125
5329	41	125
5330	154	125
5331	42	125
5332	188	125
5333	43	125
5334	44	125
5335	189	125
5336	45	125
5337	285	125
5338	48	125
5339	106	125
5340	191	125
5341	1	126
5342	2	126
5343	3	126
5344	4	126
5345	5	126
5346	6	126
5347	7	126
5348	8	126
5349	9	126
5350	10	126
5351	12	126
5352	13	126
5353	14	126
5354	15	126
5355	16	126
5356	17	126
5357	18	126
5358	19	126
5359	20	126
5360	21	126
5361	22	126
5362	23	126
5363	24	126
5364	25	126
5365	26	126
5366	27	126
5367	28	126
5368	29	126
5369	30	126
5370	31	126
5371	152	126
5372	153	126
5373	32	126
5374	33	126
5375	34	126
5376	35	126
5377	36	126
5378	37	126
5379	38	126
5380	39	126
5381	40	126
5382	41	126
5383	154	126
5384	42	126
5385	43	126
5386	44	126
5387	45	126
5388	46	126
5389	47	126
5390	48	126
5391	49	126
5392	50	126
5393	1	127
5394	198	127
5395	3	127
5396	4	127
5397	256	127
5398	5	127
5399	7	127
5400	8	127
5401	258	127
5402	9	127
5403	10	127
5404	885	127
5405	12	127
5406	13	127
5407	15	127
5408	16	127
5409	212	127
5410	17	127
5411	259	127
5412	18	127
5413	19	127
5414	20	127
5415	21	127
5416	23	127
5417	24	127
5418	25	127
5419	26	127
5420	27	127
5421	28	127
5422	29	127
5423	30	127
5424	31	127
5425	153	127
5426	77	127
5427	32	127
5428	33	127
5429	202	127
5430	35	127
5431	36	127
5432	37	127
5433	38	127
5434	39	127
5435	40	127
5436	41	127
5437	154	127
5438	42	127
5439	43	127
5440	44	127
5441	45	127
5442	46	127
5443	47	127
5444	48	127
5445	50	127
5446	106	127
5447	1	128
5448	3	128
5449	4	128
5450	886	128
5451	5	128
5452	6	128
5453	7	128
5454	8	128
5455	887	128
5456	9	128
5457	10	128
5458	12	128
5459	13	128
5460	15	128
5461	16	128
5462	17	128
5463	18	128
5464	19	128
5465	20	128
5466	21	128
5467	448	128
5468	23	128
5469	262	128
5470	889	128
5471	24	128
5472	890	128
5473	25	128
5474	26	128
5475	27	128
5476	28	128
5477	29	128
5478	30	128
5479	31	128
5480	152	128
5481	77	128
5482	32	128
5483	33	128
5484	202	128
5485	35	128
5486	36	128
5487	37	128
5488	38	128
5489	39	128
5490	40	128
5491	41	128
5492	154	128
5493	42	128
5494	43	128
5495	44	128
5496	45	128
5497	254	128
5498	255	128
5499	46	128
5500	47	128
5501	48	128
5502	49	128
5503	50	128
5504	106	128
5505	51	129
5506	53	129
5507	54	129
5508	55	129
5509	56	129
5510	891	129
5511	892	129
5512	893	129
5513	58	129
5514	59	129
5515	60	129
5516	61	129
5517	15	129
5518	894	129
5519	62	129
5520	17	129
5521	63	129
5522	65	129
5523	66	129
5524	67	129
5525	71	129
5526	72	129
5527	73	129
5528	75	129
5529	76	129
5530	25	129
5531	77	129
5532	32	129
5533	38	129
5534	78	129
5535	80	129
5536	81	129
5537	1	130
5538	2	130
5539	3	130
5540	4	130
5541	256	130
5542	5	130
5543	6	130
5544	7	130
5545	8	130
5546	258	130
5547	9	130
5548	10	130
5549	12	130
5550	13	130
5551	15	130
5552	16	130
5553	212	130
5554	17	130
5555	259	130
5556	18	130
5557	19	130
5558	20	130
5559	21	130
5560	23	130
5561	24	130
5562	25	130
5563	26	130
5564	27	130
5565	28	130
5566	29	130
5567	30	130
5568	31	130
5569	152	130
5570	153	130
5571	77	130
5572	32	130
5573	33	130
5574	202	130
5575	38	130
5576	39	130
5577	40	130
5578	41	130
5579	154	130
5580	42	130
5581	43	130
5582	44	130
5583	45	130
5584	46	130
5585	47	130
5586	48	130
5587	49	130
5588	50	130
5589	106	130
5590	95	131
5591	5	131
5592	6	131
5593	96	131
5594	97	131
5595	895	131
5596	98	131
5597	896	131
5598	99	131
5599	897	131
5600	17	131
5601	100	131
5602	101	131
5603	36	131
5604	102	131
5605	38	131
5606	41	131
5607	103	131
5608	898	131
5609	104	131
5610	105	131
5611	46	131
5612	47	131
5613	106	131
5614	1	132
5615	2	132
5616	3	132
5617	4	132
5618	7	132
5619	8	132
5620	899	132
5621	9	132
5622	10	132
5623	12	132
5624	13	132
5625	15	132
5626	16	132
5627	17	132
5628	18	132
5629	19	132
5630	20	132
5631	21	132
5632	23	132
5633	262	132
5634	24	132
5635	25	132
5636	26	132
5637	27	132
5638	281	132
5639	28	132
5640	29	132
5641	30	132
5642	31	132
5643	152	132
5644	153	132
5645	77	132
5646	32	132
5647	33	132
5648	202	132
5649	35	132
5650	36	132
5651	37	132
5652	38	132
5653	39	132
5654	40	132
5655	41	132
5656	154	132
5657	42	132
5658	43	132
5659	44	132
5660	283	132
5661	284	132
5662	46	132
5663	47	132
5664	48	132
5665	49	132
5666	50	132
5667	106	132
5668	1	133
5669	175	133
5670	2	133
5671	3	133
5672	4	133
5673	5	133
5674	6	133
5675	900	133
5676	176	133
5677	177	133
5678	15	133
5679	16	133
5680	179	133
5681	17	133
5682	19	133
5683	23	133
5684	181	133
5685	121	133
5686	182	133
5687	27	133
5688	183	133
5689	184	133
5690	29	133
5691	30	133
5692	153	133
5693	185	133
5694	32	133
5695	33	133
5696	34	133
5697	186	133
5698	35	133
5699	36	133
5700	37	133
5701	187	133
5702	38	133
5703	39	133
5704	40	133
5705	41	133
5706	154	133
5707	42	133
5708	188	133
5709	43	133
5710	44	133
5711	189	133
5712	45	133
5713	190	133
5714	48	133
5715	49	133
5716	106	133
5717	191	133
5718	51	134
5719	563	134
5720	53	134
5721	54	134
5722	55	134
5723	903	134
5724	56	134
5725	59	134
5726	60	134
5727	61	134
5728	15	134
5729	62	134
5730	564	134
5731	17	134
5732	63	134
5733	65	134
5734	66	134
5735	566	134
5736	67	134
5737	141	134
5738	448	134
5739	71	134
5740	72	134
5741	73	134
5742	75	134
5743	76	134
5744	25	134
5745	77	134
5746	32	134
5747	38	134
5748	78	134
5749	81	134
5750	51	135
5751	52	135
5752	53	135
5753	54	135
5754	55	135
5755	56	135
5756	58	135
5757	59	135
5758	60	135
5759	61	135
5760	15	135
5761	62	135
5762	715	135
5763	17	135
5764	63	135
5765	64	135
5766	65	135
5767	66	135
5768	906	135
5769	67	135
5770	71	135
5771	72	135
5772	73	135
5773	74	135
5774	75	135
5775	76	135
5776	77	135
5777	32	135
5778	38	135
5779	78	135
5780	80	135
5781	81	135
5782	1	136
5783	198	136
5784	3	136
5785	4	136
5786	907	136
5787	5	136
5788	7	136
5789	8	136
5790	9	136
5791	908	136
5792	10	136
5793	12	136
5794	13	136
5795	14	136
5796	15	136
5797	16	136
5798	909	136
5799	17	136
5800	18	136
5801	19	136
5802	20	136
5803	21	136
5804	22	136
5805	23	136
5806	24	136
5807	26	136
5808	27	136
5809	28	136
5810	29	136
5811	30	136
5812	31	136
5813	152	136
5814	32	136
5815	33	136
5816	34	136
5817	35	136
5818	36	136
5819	37	136
5820	38	136
5821	39	136
5822	40	136
5823	41	136
5824	154	136
5825	42	136
5826	43	136
5827	44	136
5828	45	136
5829	46	136
5830	47	136
5831	48	136
5832	50	136
5833	95	137
5834	5	137
5835	107	137
5836	96	137
5837	97	137
5838	98	137
5839	99	137
5840	17	137
5841	911	137
5842	100	137
5843	101	137
5844	36	137
5845	102	137
5846	38	137
5847	41	137
5848	103	137
5849	912	137
5850	104	137
5851	105	137
5852	46	137
5853	47	137
5854	106	137
5855	51	138
5856	53	138
5857	54	138
5858	55	138
5859	56	138
5860	58	138
5861	59	138
5862	60	138
5863	913	138
5864	61	138
5865	914	138
5866	15	138
5867	894	138
5868	62	138
5869	17	138
5870	63	138
5871	65	138
5872	66	138
5873	67	138
5874	915	138
5875	71	138
5876	72	138
5877	73	138
5878	75	138
5879	76	138
5880	25	138
5881	77	138
5882	32	138
5883	38	138
5884	78	138
5885	80	138
5886	81	138
5887	1	139
5888	175	139
5889	2	139
5890	3	139
5891	4	139
5892	5	139
5893	6	139
5894	176	139
5895	543	139
5896	177	139
5897	15	139
5898	16	139
5899	179	139
5900	17	139
5901	19	139
5902	544	139
5903	916	139
5904	23	139
5905	181	139
5906	121	139
5907	182	139
5908	27	139
5909	184	139
5910	29	139
5911	30	139
5912	153	139
5913	185	139
5914	32	139
5915	33	139
5916	34	139
5917	186	139
5918	35	139
5919	36	139
5920	37	139
5921	187	139
5922	38	139
5923	39	139
5924	40	139
5925	41	139
5926	154	139
5927	42	139
5928	188	139
5929	43	139
5930	44	139
5931	189	139
5932	45	139
5933	190	139
5934	48	139
5935	49	139
5936	106	139
5937	191	139
5938	198	140
5939	3	140
5940	4	140
5941	5	140
5942	7	140
5943	8	140
5944	9	140
5945	10	140
5946	917	140
5947	918	140
5948	12	140
5949	13	140
5950	14	140
5951	15	140
5952	16	140
5953	17	140
5954	18	140
5955	19	140
5956	20	140
5957	21	140
5958	22	140
5959	23	140
5960	24	140
5961	25	140
5962	26	140
5963	27	140
5964	28	140
5965	29	140
5966	30	140
5967	31	140
5968	153	140
5969	32	140
5970	33	140
5971	34	140
5972	35	140
5973	36	140
5974	37	140
5975	38	140
5976	39	140
5977	40	140
5978	41	140
5979	154	140
5980	42	140
5981	43	140
5982	44	140
5983	45	140
5984	46	140
5985	47	140
5986	48	140
5987	50	140
5988	1	141
5989	175	141
5990	2	141
5991	3	141
5992	4	141
5993	5	141
5994	6	141
5995	919	141
5996	176	141
5997	543	141
5998	177	141
5999	15	141
6000	16	141
6001	179	141
6002	17	141
6003	19	141
6004	544	141
6005	920	141
6006	23	141
6007	181	141
6008	121	141
6009	182	141
6010	27	141
6011	184	141
6012	29	141
6013	30	141
6014	153	141
6015	185	141
6016	32	141
6017	33	141
6018	34	141
6019	186	141
6020	35	141
6021	36	141
6022	37	141
6023	187	141
6024	38	141
6025	39	141
6026	40	141
6027	41	141
6028	154	141
6029	42	141
6030	188	141
6031	43	141
6032	44	141
6033	189	141
6034	45	141
6035	190	141
6036	48	141
6037	49	141
6038	106	141
6039	191	141
6040	1	142
6041	2	142
6042	3	142
6043	4	142
6044	5	142
6045	6	142
6046	7	142
6047	8	142
6048	9	142
6049	12	142
6050	13	142
6051	15	142
6052	16	142
6053	17	142
6054	18	142
6055	19	142
6056	20	142
6057	21	142
6058	23	142
6059	262	142
6060	24	142
6061	25	142
6062	26	142
6063	27	142
6064	28	142
6065	29	142
6066	30	142
6067	31	142
6068	152	142
6069	153	142
6070	77	142
6071	32	142
6072	33	142
6073	202	142
6074	35	142
6075	36	142
6076	37	142
6077	38	142
6078	39	142
6079	40	142
6080	41	142
6081	154	142
6082	42	142
6083	43	142
6084	44	142
6085	45	142
6086	46	142
6087	47	142
6088	48	142
6089	49	142
6090	50	142
6091	106	142
6092	1	143
6093	2	143
6094	3	143
6095	4	143
6096	5	143
6097	6	143
6098	7	143
6099	8	143
6100	9	143
6101	10	143
6102	921	143
6103	12	143
6104	13	143
6105	15	143
6106	16	143
6107	17	143
6108	18	143
6109	19	143
6110	20	143
6111	21	143
6112	22	143
6113	23	143
6114	24	143
6115	25	143
6116	26	143
6117	27	143
6118	28	143
6119	29	143
6120	30	143
6121	31	143
6122	152	143
6123	153	143
6124	32	143
6125	33	143
6126	34	143
6127	35	143
6128	36	143
6129	37	143
6130	38	143
6131	39	143
6132	40	143
6133	41	143
6134	154	143
6135	42	143
6136	43	143
6137	44	143
6138	45	143
6139	46	143
6140	47	143
6141	48	143
6142	49	143
6143	50	143
6144	1	144
6145	2	144
6146	3	144
6147	4	144
6148	5	144
6149	6	144
6150	7	144
6151	8	144
6152	9	144
6153	10	144
6154	12	144
6155	13	144
6156	15	144
6157	16	144
6158	17	144
6159	18	144
6160	19	144
6161	20	144
6162	21	144
6163	22	144
6164	23	144
6165	24	144
6166	25	144
6167	26	144
6168	27	144
6169	28	144
6170	29	144
6171	30	144
6172	31	144
6173	152	144
6174	153	144
6175	32	144
6176	33	144
6177	34	144
6178	35	144
6179	36	144
6180	37	144
6181	38	144
6182	39	144
6183	40	144
6184	41	144
6185	154	144
6186	42	144
6187	43	144
6188	44	144
6189	45	144
6190	46	144
6191	47	144
6192	48	144
6193	49	144
6194	50	144
6195	1	145
6196	2	145
6197	3	145
6198	4	145
6199	5	145
6200	6	145
6201	7	145
6202	8	145
6203	9	145
6204	10	145
6205	922	145
6206	12	145
6207	13	145
6208	923	145
6209	15	145
6210	16	145
6211	17	145
6212	239	145
6213	18	145
6214	925	145
6215	19	145
6216	20	145
6217	21	145
6218	23	145
6219	262	145
6220	24	145
6221	25	145
6222	26	145
6223	27	145
6224	281	145
6225	28	145
6226	29	145
6227	30	145
6228	31	145
6229	152	145
6230	153	145
6231	77	145
6232	32	145
6233	33	145
6234	202	145
6235	35	145
6236	36	145
6237	37	145
6238	38	145
6239	39	145
6240	40	145
6241	41	145
6242	154	145
6243	42	145
6244	43	145
6245	44	145
6246	45	145
6247	243	145
6248	244	145
6249	247	145
6250	248	145
6251	249	145
6252	250	145
6253	251	145
6254	252	145
6255	253	145
6256	935	145
6257	936	145
6258	46	145
6259	47	145
6260	48	145
6261	49	145
6262	50	145
6263	106	145
6264	1	146
6265	2	146
6266	3	146
6267	4	146
6268	5	146
6269	6	146
6270	7	146
6271	8	146
6272	9	146
6273	10	146
6274	821	146
6275	937	146
6276	12	146
6277	13	146
6278	14	146
6279	15	146
6280	16	146
6281	17	146
6282	822	146
6283	18	146
6284	19	146
6285	20	146
6286	21	146
6287	22	146
6288	23	146
6289	24	146
6290	25	146
6291	26	146
6292	27	146
6293	28	146
6294	29	146
6295	30	146
6296	31	146
6297	152	146
6298	153	146
6299	32	146
6300	33	146
6301	34	146
6302	35	146
6303	36	146
6304	37	146
6305	38	146
6306	39	146
6307	40	146
6308	41	146
6309	154	146
6310	42	146
6311	43	146
6312	44	146
6313	45	146
6314	46	146
6315	47	146
6316	823	146
6317	48	146
6318	49	146
6319	50	146
6320	1	147
6321	2	147
6322	3	147
6323	4	147
6324	256	147
6325	5	147
6326	6	147
6327	7	147
6328	8	147
6329	258	147
6330	9	147
6331	10	147
6332	938	147
6333	12	147
6334	13	147
6335	15	147
6336	16	147
6337	212	147
6338	836	147
6339	17	147
6340	939	147
6341	259	147
6342	838	147
6343	18	147
6344	19	147
6345	20	147
6346	21	147
6347	840	147
6348	24	147
6349	25	147
6350	26	147
6351	27	147
6352	281	147
6353	28	147
6354	29	147
6355	30	147
6356	31	147
6357	152	147
6358	153	147
6359	842	147
6360	77	147
6361	806	147
6362	32	147
6363	33	147
6364	202	147
6365	35	147
6366	36	147
6367	37	147
6368	38	147
6369	39	147
6370	40	147
6371	154	147
6372	42	147
6373	43	147
6374	44	147
6375	46	147
6376	47	147
6377	50	147
6378	106	147
6379	1	148
6380	2	148
6381	3	148
6382	4	148
6383	5	148
6384	6	148
6385	7	148
6386	8	148
6387	9	148
6388	940	148
6389	10	148
6390	12	148
6391	13	148
6392	14	148
6393	15	148
6394	16	148
6395	17	148
6396	18	148
6397	19	148
6398	20	148
6399	21	148
6400	22	148
6401	23	148
6402	24	148
6403	26	148
6404	27	148
6405	28	148
6406	29	148
6407	30	148
6408	31	148
6409	152	148
6410	941	148
6411	32	148
6412	33	148
6413	34	148
6414	35	148
6415	36	148
6416	37	148
6417	38	148
6418	39	148
6419	40	148
6420	41	148
6421	154	148
6422	42	148
6423	43	148
6424	44	148
6425	45	148
6426	46	148
6427	47	148
6428	942	148
6429	943	148
6430	944	148
6431	48	148
6432	49	148
6433	50	148
6434	1	149
6435	2	149
6436	3	149
6437	4	149
6438	5	149
6439	6	149
6440	7	149
6441	8	149
6442	9	149
6443	10	149
6444	12	149
6445	13	149
6446	14	149
6447	15	149
6448	16	149
6449	17	149
6450	18	149
6451	19	149
6452	20	149
6453	21	149
6454	22	149
6455	23	149
6456	24	149
6457	25	149
6458	26	149
6459	27	149
6460	28	149
6461	29	149
6462	30	149
6463	31	149
6464	152	149
6465	153	149
6466	32	149
6467	34	149
6468	35	149
6469	36	149
6470	37	149
6471	38	149
6472	39	149
6473	40	149
6474	41	149
6475	154	149
6476	42	149
6477	43	149
6478	44	149
6479	45	149
6480	46	149
6481	47	149
6482	48	149
6483	49	149
6484	50	149
6485	1	150
6486	2	150
6487	3	150
6488	4	150
6489	5	150
6490	6	150
6491	177	150
6492	15	150
6493	179	150
6494	17	150
6495	945	150
6496	19	150
6497	23	150
6498	181	150
6499	121	150
6500	182	150
6501	27	150
6502	183	150
6503	184	150
6504	29	150
6505	30	150
6506	153	150
6507	185	150
6508	32	150
6509	33	150
6510	34	150
6511	186	150
6512	35	150
6513	36	150
6514	37	150
6515	187	150
6516	38	150
6517	39	150
6518	40	150
6519	41	150
6520	154	150
6521	42	150
6522	188	150
6523	43	150
6524	44	150
6525	189	150
6526	45	150
6527	190	150
6528	48	150
6529	49	150
6530	106	150
6531	191	150
6532	1	151
6533	2	151
6534	3	151
6535	4	151
6536	5	151
6537	6	151
6538	946	151
6539	947	151
6540	177	151
6541	15	151
6542	179	151
6543	17	151
6544	240	151
6545	19	151
6546	949	151
6547	23	151
6548	181	151
6549	121	151
6550	27	151
6551	184	151
6552	29	151
6553	30	151
6554	153	151
6555	185	151
6556	32	151
6557	33	151
6558	34	151
6559	186	151
6560	35	151
6561	36	151
6562	37	151
6563	187	151
6564	38	151
6565	39	151
6566	40	151
6567	41	151
6568	154	151
6569	42	151
6570	188	151
6571	43	151
6572	44	151
6573	189	151
6574	950	151
6575	45	151
6576	190	151
6577	48	151
6578	49	151
6579	106	151
6580	191	151
6581	1	152
6582	2	152
6583	3	152
6584	4	152
6585	5	152
6586	6	152
6587	7	152
6588	8	152
6589	951	152
6590	9	152
6591	10	152
6592	12	152
6593	13	152
6594	14	152
6595	15	152
6596	16	152
6597	952	152
6598	953	152
6599	17	152
6600	18	152
6601	19	152
6602	20	152
6603	21	152
6604	22	152
6605	23	152
6606	24	152
6607	25	152
6608	26	152
6609	27	152
6610	28	152
6611	29	152
6612	30	152
6613	31	152
6614	152	152
6615	38	152
6616	39	152
6617	954	152
6618	40	152
6619	41	152
6620	154	152
6621	42	152
6622	43	152
6623	44	152
6624	45	152
6625	46	152
6626	47	152
6627	48	152
6628	49	152
6629	50	152
6630	51	153
6631	53	153
6632	54	153
6633	55	153
6634	56	153
6635	955	153
6636	264	153
6637	58	153
6638	59	153
6639	60	153
6640	140	153
6641	61	153
6642	15	153
6643	62	153
6644	958	153
6645	17	153
6646	63	153
6647	65	153
6648	959	153
6649	66	153
6650	67	153
6651	960	153
6652	961	153
6653	71	153
6654	72	153
6655	73	153
6656	75	153
6657	76	153
6658	25	153
6659	77	153
6660	32	153
6661	38	153
6662	78	153
6663	81	153
6664	51	154
6665	54	154
6666	55	154
6667	56	154
6668	962	154
6669	58	154
6670	59	154
6671	60	154
6672	61	154
6673	15	154
6674	894	154
6675	62	154
6676	17	154
6677	63	154
6678	963	154
6679	65	154
6680	201	154
6681	66	154
6682	67	154
6683	71	154
6684	965	154
6685	72	154
6686	73	154
6687	76	154
6688	77	154
6689	32	154
6690	38	154
6691	78	154
6692	291	154
6693	80	154
6694	81	154
6695	1	155
6696	2	155
6697	3	155
6698	4	155
6699	966	155
6700	5	155
6701	6	155
6702	7	155
6703	8	155
6704	9	155
6705	10	155
6706	533	155
6707	12	155
6708	13	155
6709	14	155
6710	15	155
6711	16	155
6712	17	155
6713	18	155
6714	19	155
6715	20	155
6716	151	155
6717	21	155
6718	22	155
6719	23	155
6720	24	155
6721	25	155
6722	26	155
6723	27	155
6724	28	155
6725	29	155
6726	30	155
6727	31	155
6728	152	155
6729	153	155
6730	32	155
6731	33	155
6732	34	155
6733	35	155
6734	36	155
6735	37	155
6736	38	155
6737	39	155
6738	40	155
6739	41	155
6740	154	155
6741	42	155
6742	43	155
6743	44	155
6744	45	155
6745	46	155
6746	47	155
6747	48	155
6748	49	155
6749	50	155
6750	1	156
6751	198	156
6752	3	156
6753	4	156
6754	5	156
6755	7	156
6756	8	156
6757	9	156
6758	968	156
6759	10	156
6760	140	156
6761	12	156
6762	13	156
6763	14	156
6764	15	156
6765	16	156
6766	17	156
6767	18	156
6768	19	156
6769	20	156
6770	21	156
6771	22	156
6772	23	156
6773	24	156
6774	26	156
6775	27	156
6776	28	156
6777	29	156
6778	30	156
6779	31	156
6780	152	156
6781	32	156
6782	33	156
6783	34	156
6784	35	156
6785	36	156
6786	37	156
6787	38	156
6788	39	156
6789	40	156
6790	41	156
6791	154	156
6792	42	156
6793	43	156
6794	44	156
6795	45	156
6796	46	156
6797	47	156
6798	48	156
6799	50	156
6800	1	157
6801	2	157
6802	3	157
6803	4	157
6804	5	157
6805	6	157
6806	7	157
6807	8	157
6808	9	157
6809	10	157
6810	969	157
6811	12	157
6812	13	157
6813	15	157
6814	16	157
6815	17	157
6816	18	157
6817	19	157
6818	20	157
6819	970	157
6820	21	157
6821	23	157
6822	262	157
6823	24	157
6824	25	157
6825	26	157
6826	27	157
6827	28	157
6828	29	157
6829	30	157
6830	31	157
6831	152	157
6832	153	157
6833	77	157
6834	32	157
6835	33	157
6836	202	157
6837	35	157
6838	36	157
6839	37	157
6840	38	157
6841	39	157
6842	40	157
6843	41	157
6844	154	157
6845	42	157
6846	43	157
6847	44	157
6848	971	157
6849	45	157
6850	48	157
6851	50	157
6852	106	157
6853	5	158
6854	6	158
6855	972	158
6856	973	158
6857	974	158
6858	975	158
6859	976	158
6860	977	158
6861	978	158
6862	17	158
6863	979	158
6864	980	158
6865	981	158
6866	38	158
6867	466	158
6868	51	159
6869	53	159
6870	54	159
6871	55	159
6872	56	159
6873	58	159
6874	59	159
6875	60	159
6876	140	159
6877	61	159
6878	15	159
6879	983	159
6880	62	159
6881	17	159
6882	63	159
6883	65	159
6884	66	159
6885	984	159
6886	67	159
6887	73	159
6888	75	159
6889	76	159
6890	25	159
6891	77	159
6892	32	159
6893	38	159
6894	78	159
6895	985	159
6896	81	159
6897	986	160
6898	95	160
6899	5	160
6900	107	160
6901	96	160
6902	987	160
6903	97	160
6904	98	160
6905	99	160
6906	17	160
6907	988	160
6908	100	160
6909	989	160
6910	101	160
6911	36	160
6912	102	160
6913	38	160
6914	41	160
6915	103	160
6916	104	160
6917	105	160
6918	46	160
6919	47	160
6920	106	160
6921	1	161
6922	2	161
6923	3	161
6924	4	161
6925	7	161
6926	8	161
6927	9	161
6928	10	161
6929	990	161
6930	991	161
6931	12	161
6932	13	161
6933	15	161
6934	16	161
6935	992	161
6936	17	161
6937	18	161
6938	19	161
6939	20	161
6940	21	161
6941	23	161
6942	262	161
6943	24	161
6944	25	161
6945	26	161
6946	27	161
6947	28	161
6948	29	161
6949	30	161
6950	31	161
6951	152	161
6952	32	161
6953	33	161
6954	202	161
6955	35	161
6956	36	161
6957	37	161
6958	38	161
6959	39	161
6960	40	161
6961	41	161
6962	154	161
6963	42	161
6964	43	161
6965	44	161
6966	45	161
6967	46	161
6968	47	161
6969	48	161
6970	49	161
6971	50	161
6972	106	161
6973	1	162
6974	3	162
6975	4	162
6976	7	162
6977	8	162
6978	9	162
6979	10	162
6980	993	162
6981	12	162
6982	13	162
6983	14	162
6984	15	162
6985	16	162
6986	17	162
6987	18	162
6988	19	162
6989	20	162
6990	994	162
6991	995	162
6992	21	162
6993	23	162
6994	24	162
6995	25	162
6996	26	162
6997	27	162
6998	28	162
6999	29	162
7000	30	162
7001	31	162
7002	152	162
7003	153	162
7004	32	162
7005	33	162
7006	34	162
7007	35	162
7008	36	162
7009	37	162
7010	38	162
7011	39	162
7012	40	162
7013	41	162
7014	154	162
7015	42	162
7016	43	162
7017	44	162
7018	45	162
7019	46	162
7020	47	162
7021	48	162
7022	49	162
7023	50	162
7024	1	163
7025	175	163
7026	2	163
7027	3	163
7028	4	163
7029	5	163
7030	6	163
7031	996	163
7032	176	163
7033	177	163
7034	15	163
7035	16	163
7036	179	163
7037	17	163
7038	19	163
7039	110	163
7040	23	163
7041	181	163
7042	121	163
7043	182	163
7044	27	163
7045	184	163
7046	29	163
7047	30	163
7048	153	163
7049	185	163
7050	34	163
7051	186	163
7052	35	163
7053	36	163
7054	37	163
7055	187	163
7056	38	163
7057	39	163
7058	40	163
7059	41	163
7060	154	163
7061	42	163
7062	188	163
7063	43	163
7064	44	163
7065	189	163
7066	998	163
7067	45	163
7068	190	163
7069	48	163
7070	49	163
7071	106	163
7072	191	163
7073	1	164
7074	2	164
7075	3	164
7076	4	164
7077	5	164
7078	6	164
7079	7	164
7080	8	164
7081	9	164
7082	999	164
7083	10	164
7084	12	164
7085	13	164
7086	14	164
7087	15	164
7088	16	164
7089	1000	164
7090	17	164
7091	18	164
7092	19	164
7093	20	164
7094	21	164
7095	22	164
7096	23	164
7097	24	164
7098	25	164
7099	26	164
7100	27	164
7101	28	164
7102	29	164
7103	30	164
7104	31	164
7105	152	164
7106	32	164
7107	33	164
7108	34	164
7109	35	164
7110	36	164
7111	37	164
7112	38	164
7113	39	164
7114	40	164
7115	41	164
7116	42	164
7117	43	164
7118	44	164
7119	45	164
7120	254	164
7121	255	164
7122	46	164
7123	47	164
7124	48	164
7125	49	164
7126	50	164
7127	1	165
7128	2	165
7129	3	165
7130	4	165
7131	5	165
7132	6	165
7133	7	165
7134	8	165
7135	9	165
7136	10	165
7137	12	165
7138	13	165
7139	15	165
7140	16	165
7141	17	165
7142	18	165
7143	19	165
7144	20	165
7145	21	165
7146	23	165
7147	262	165
7148	24	165
7149	25	165
7150	26	165
7151	27	165
7152	28	165
7153	29	165
7154	30	165
7155	31	165
7156	152	165
7157	153	165
7158	77	165
7159	32	165
7160	33	165
7161	202	165
7162	35	165
7163	36	165
7164	37	165
7165	38	165
7166	39	165
7167	40	165
7168	41	165
7169	154	165
7170	42	165
7171	43	165
7172	44	165
7173	45	165
7174	243	165
7175	244	165
7176	247	165
7177	248	165
7178	249	165
7179	250	165
7180	251	165
7181	252	165
7182	253	165
7183	935	165
7184	936	165
7185	46	165
7186	47	165
7187	48	165
7188	49	165
7189	50	165
7190	106	165
7191	1	166
7192	175	166
7193	2	166
7194	4	166
7195	5	166
7196	6	166
7197	176	166
7198	15	166
7199	16	166
7200	179	166
7201	17	166
7202	1001	166
7203	1002	166
7204	19	166
7205	23	166
7206	181	166
7207	121	166
7208	182	166
7209	32	166
7210	33	166
7211	34	166
7212	186	166
7213	35	166
7214	36	166
7215	37	166
7216	187	166
7217	38	166
7218	39	166
7219	40	166
7220	41	166
7221	43	166
7222	44	166
7223	189	166
7224	45	166
7225	190	166
7226	48	166
7227	49	166
7228	106	166
7229	191	166
7230	51	167
7231	53	167
7232	54	167
7233	55	167
7234	56	167
7235	58	167
7236	1003	167
7237	59	167
7238	60	167
7239	61	167
7240	15	167
7241	62	167
7242	17	167
7243	63	167
7244	65	167
7245	66	167
7246	67	167
7247	68	167
7248	69	167
7249	70	167
7250	448	167
7251	71	167
7252	72	167
7253	73	167
7254	75	167
7255	76	167
7256	25	167
7257	77	167
7258	32	167
7259	38	167
7260	78	167
7261	482	167
7262	79	167
7263	483	167
7264	484	167
7265	80	167
7266	81	167
7267	51	168
7268	52	168
7269	54	168
7270	55	168
7271	56	168
7272	1008	168
7273	58	168
7274	1009	168
7275	59	168
7276	60	168
7277	61	168
7278	15	168
7279	62	168
7280	17	168
7281	1010	168
7282	63	168
7283	65	168
7284	66	168
7285	67	168
7286	71	168
7287	72	168
7288	73	168
7289	74	168
7290	76	168
7291	25	168
7292	77	168
7293	32	168
7294	38	168
7295	78	168
7296	1011	168
7297	291	168
7298	80	168
7299	81	168
7300	95	169
7301	5	169
7302	6	169
7303	1012	169
7304	96	169
7305	1013	169
7306	1014	169
7307	97	169
7308	98	169
7309	1015	169
7310	17	169
7311	1016	169
7312	100	169
7313	101	169
7314	36	169
7315	102	169
7316	38	169
7317	41	169
7318	103	169
7319	104	169
7320	105	169
7321	46	169
7322	47	169
7323	106	169
7324	1	170
7325	3	170
7326	4	170
7327	5	170
7328	6	170
7329	8	170
7330	9	170
7331	10	170
7332	15	170
7333	18	170
7334	19	170
7335	21	170
7336	23	170
7337	24	170
7338	38	170
7339	39	170
7340	40	170
7341	41	170
7342	154	170
7343	42	170
7344	43	170
7345	44	170
7346	45	170
7347	46	170
7348	47	170
7349	48	170
7350	49	170
7351	50	170
7352	95	171
7353	5	171
7354	6	171
7355	96	171
7356	97	171
7357	98	171
7358	99	171
7359	17	171
7360	100	171
7361	101	171
7362	36	171
7363	102	171
7364	38	171
7365	41	171
7366	103	171
7367	104	171
7368	105	171
7369	106	171
7370	1	172
7371	2	172
7372	3	172
7373	4	172
7374	5	172
7375	6	172
7376	7	172
7377	8	172
7378	9	172
7379	10	172
7380	12	172
7381	13	172
7382	15	172
7383	16	172
7384	17	172
7385	18	172
7386	19	172
7387	20	172
7388	21	172
7389	23	172
7390	262	172
7391	24	172
7392	25	172
7393	26	172
7394	27	172
7395	28	172
7396	29	172
7397	30	172
7398	31	172
7399	152	172
7400	38	172
7401	39	172
7402	40	172
7403	41	172
7404	154	172
7405	42	172
7406	43	172
7407	44	172
7408	45	172
7409	46	172
7410	47	172
7411	48	172
7412	49	172
7413	50	172
7414	106	172
7415	51	173
7416	54	173
7417	55	173
7418	56	173
7419	58	173
7420	59	173
7421	1017	173
7422	60	173
7423	61	173
7424	15	173
7425	62	173
7426	17	173
7427	1018	173
7428	63	173
7429	65	173
7430	66	173
7431	67	173
7432	71	173
7433	72	173
7434	73	173
7435	76	173
7436	1019	173
7437	121	173
7438	77	173
7439	32	173
7440	38	173
7441	78	173
7442	291	173
7443	80	173
7444	1	174
7445	175	174
7446	2	174
7447	3	174
7448	4	174
7449	5	174
7450	6	174
7451	176	174
7452	1020	174
7453	177	174
7454	15	174
7455	1021	174
7456	16	174
7457	179	174
7458	17	174
7459	19	174
7460	23	174
7461	181	174
7462	121	174
7463	182	174
7464	153	174
7465	185	174
7466	32	174
7467	33	174
7468	34	174
7469	186	174
7470	35	174
7471	36	174
7472	37	174
7473	187	174
7474	38	174
7475	39	174
7476	40	174
7477	41	174
7478	154	174
7479	42	174
7480	188	174
7481	43	174
7482	44	174
7483	189	174
7484	45	174
7485	190	174
7486	48	174
7487	49	174
7488	106	174
7489	191	174
7490	1	175
7491	270	175
7492	2	175
7493	3	175
7494	4	175
7495	5	175
7496	6	175
7497	7	175
7498	8	175
7499	258	175
7500	9	175
7501	10	175
7502	12	175
7503	13	175
7504	15	175
7505	16	175
7506	17	175
7507	18	175
7508	19	175
7509	20	175
7510	21	175
7511	23	175
7512	24	175
7513	25	175
7514	26	175
7515	27	175
7516	28	175
7517	29	175
7518	30	175
7519	31	175
7520	152	175
7521	77	175
7522	32	175
7523	33	175
7524	202	175
7525	35	175
7526	36	175
7527	37	175
7528	38	175
7529	39	175
7530	40	175
7531	41	175
7532	154	175
7533	42	175
7534	43	175
7535	44	175
7536	1023	175
7537	45	175
7538	46	175
7539	47	175
7540	48	175
7541	49	175
7542	50	175
7543	106	175
7544	1	176
7545	175	176
7546	2	176
7547	3	176
7548	4	176
7549	5	176
7550	6	176
7551	176	176
7552	177	176
7553	15	176
7554	16	176
7555	179	176
7556	17	176
7557	19	176
7558	23	176
7559	181	176
7560	121	176
7561	27	176
7562	183	176
7563	184	176
7564	29	176
7565	30	176
7566	153	176
7567	185	176
7568	32	176
7569	33	176
7570	34	176
7571	186	176
7572	35	176
7573	36	176
7574	37	176
7575	187	176
7576	38	176
7577	39	176
7578	40	176
7579	41	176
7580	154	176
7581	42	176
7582	188	176
7583	43	176
7584	44	176
7585	189	176
7586	45	176
7587	190	176
7588	879	176
7589	106	176
7590	191	176
7591	1	177
7592	175	177
7593	2	177
7594	3	177
7595	4	177
7596	5	177
7597	6	177
7598	996	177
7599	176	177
7600	177	177
7601	15	177
7602	16	177
7603	179	177
7604	17	177
7605	19	177
7606	110	177
7607	23	177
7608	181	177
7609	121	177
7610	27	177
7611	153	177
7612	185	177
7613	32	177
7614	33	177
7615	34	177
7616	186	177
7617	35	177
7618	36	177
7619	37	177
7620	187	177
7621	38	177
7622	39	177
7623	40	177
7624	41	177
7625	154	177
7626	42	177
7627	188	177
7628	43	177
7629	44	177
7630	189	177
7631	998	177
7632	45	177
7633	190	177
7634	48	177
7635	49	177
7636	106	177
7637	191	177
7638	51	178
7639	53	178
7640	54	178
7641	55	178
7642	56	178
7643	58	178
7644	59	178
7645	60	178
7646	61	178
7647	15	178
7648	62	178
7649	17	178
7650	63	178
7651	65	178
7652	240	178
7653	66	178
7654	288	178
7655	67	178
7656	289	178
7657	1026	178
7658	72	178
7659	73	178
7660	290	178
7661	75	178
7662	76	178
7663	1028	178
7664	121	178
7665	25	178
7666	77	178
7667	32	178
7668	38	178
7669	78	178
7670	80	178
7671	81	178
7672	1029	179
7673	95	179
7674	5	179
7675	107	179
7676	96	179
7677	538	179
7678	108	179
7679	149	179
7680	97	179
7681	98	179
7682	99	179
7683	1033	179
7684	17	179
7685	110	179
7686	100	179
7687	101	179
7688	111	179
7689	36	179
7690	102	179
7691	38	179
7692	41	179
7693	103	179
7694	104	179
7695	105	179
7696	46	179
7697	47	179
7698	106	179
7699	1	180
7700	2	180
7701	3	180
7702	4	180
7703	5	180
7704	6	180
7705	7	180
7706	8	180
7707	9	180
7708	10	180
7709	1035	180
7710	12	180
7711	13	180
7712	15	180
7713	16	180
7714	17	180
7715	18	180
7716	19	180
7717	20	180
7718	21	180
7719	23	180
7720	262	180
7721	24	180
7722	25	180
7723	26	180
7724	27	180
7725	28	180
7726	29	180
7727	30	180
7728	31	180
7729	152	180
7730	153	180
7731	77	180
7732	32	180
7733	33	180
7734	202	180
7735	35	180
7736	36	180
7737	37	180
7738	38	180
7739	39	180
7740	40	180
7741	41	180
7742	154	180
7743	42	180
7744	43	180
7745	44	180
7746	45	180
7747	46	180
7748	47	180
7749	48	180
7750	49	180
7751	50	180
7752	106	180
\.


--
-- TOC entry 3830 (class 0 OID 17831)
-- Dependencies: 273
-- Data for Name: amino_acid_mutation_parent; Type: TABLE DATA; Schema: public; Owner: postgres
--

COPY public.amino_acid_mutation_parent (id, aminoacidmutation_id, nucleotidemutation_id) FROM stdin;
1	95	154
2	95	155
3	95	156
4	96	157
5	571	890
6	236	411
7	97	135
8	98	137
9	99	140
10	17	21
11	572	884
12	100	152
13	101	153
14	36	45
15	102	147
16	38	47
17	41	50
18	103	148
19	573	886
20	104	149
21	105	150
22	46	18
23	47	145
24	106	145
25	1	58
26	2	59
27	3	60
28	4	68
29	5	70
30	5	71
31	6	72
32	7	73
33	8	2
34	9	4
35	10	6
36	1035	1833
37	12	10
38	13	12
39	15	14
40	16	17
42	18	23
43	19	24
44	20	25
45	21	57
46	23	68
47	262	444
48	24	27
49	25	29
50	26	30
51	27	31
52	28	32
53	29	33
54	30	34
55	31	35
56	152	238
57	153	241
58	77	97
59	32	41
60	33	42
61	202	335
62	35	44
64	37	46
66	39	48
67	40	49
69	154	243
70	42	52
71	43	53
72	44	54
73	45	18
75	47	69
76	48	69
77	49	28
78	50	145
\.


--
-- TOC entry 3795 (class 0 OID 16600)
-- Dependencies: 238
-- Data for Name: annotation_type; Type: TABLE DATA; Schema: public; Owner: postgres
--

COPY public.annotation_type (id, seq_ontology, region, impact) FROM stdin;
1	synonymous_variant	\N	LOW
2	missense_variant	\N	MODERATE
4	upstream_gene_variant	\N	MODIFIER
8	downstream_gene_variant	\N	MODIFIER
36	disruptive_inframe_insertion	\N	MODERATE
79	intergenic_region	\N	MODIFIER
359	stop_lost	\N	HIGH
360	splice_region_variant	\N	HIGH
480	stop_gained	\N	HIGH
1439	frameshift_variant	\N	HIGH
1440	synonymous_variant	\N	HIGH
\.


--
-- TOC entry 3832 (class 0 OID 17837)
-- Dependencies: 275
-- Data for Name: annotation_type_mutations; Type: TABLE DATA; Schema: public; Owner: postgres
--

COPY public.annotation_type_mutations (id, annotationtype_id, nucleotidemutation_id) FROM stdin;
1	1	8
2	1	19
3	1	96
4	1	124
5	1	125
6	1	130
7	1	131
8	1	133
9	1	136
10	1	141
11	1	168
12	1	170
13	1	171
14	1	176
15	1	181
16	1	195
17	1	205
18	1	217
19	1	218
20	1	220
21	1	224
22	1	231
23	1	233
24	1	234
25	1	236
26	1	237
27	1	242
28	1	244
29	1	250
30	1	252
31	1	253
32	1	255
33	1	260
34	1	266
35	1	269
36	1	276
37	1	281
38	1	294
39	1	303
40	1	322
41	1	323
42	1	327
43	1	330
44	1	334
45	1	339
46	1	346
47	1	353
48	1	364
49	1	365
50	1	369
51	1	372
52	1	373
53	1	380
54	1	384
55	1	386
56	1	389
57	1	403
58	1	407
59	1	409
60	1	410
61	1	414
62	1	426
63	1	428
64	1	433
65	1	438
66	1	440
67	1	448
68	1	455
69	1	458
70	1	463
71	1	464
72	1	468
73	1	475
74	1	478
75	1	479
76	1	483
77	1	485
78	1	494
79	1	496
80	1	501
81	1	502
82	1	508
83	1	512
84	1	518
85	1	521
86	1	523
87	1	526
88	1	538
89	1	559
90	1	574
91	1	578
92	1	579
93	1	580
94	1	585
95	1	586
96	1	590
97	1	594
98	1	600
99	1	602
100	1	603
101	1	604
102	1	608
103	1	610
104	1	616
105	1	617
106	1	621
107	1	630
108	1	631
109	1	633
110	1	640
111	1	641
112	1	646
113	1	648
114	1	649
115	1	662
116	1	663
117	1	664
118	1	668
119	1	670
120	1	673
121	1	674
122	1	675
123	1	705
124	1	706
125	1	724
126	1	730
127	1	731
128	1	732
129	1	733
130	1	734
131	1	737
132	1	739
133	1	740
134	1	741
135	1	743
136	1	744
137	1	746
138	1	753
139	1	756
140	1	763
141	1	764
142	1	767
143	1	768
144	1	773
145	1	774
146	1	779
147	1	780
148	1	781
149	1	786
150	1	789
151	1	792
152	1	793
153	1	799
154	1	800
155	1	801
156	1	802
157	1	805
158	1	806
159	1	811
160	1	812
161	1	822
162	1	826
163	1	829
164	1	832
165	1	833
166	1	834
167	1	837
168	1	838
169	1	840
170	1	841
171	1	842
172	1	844
173	1	849
174	1	850
175	1	862
176	1	863
177	1	865
178	1	873
179	1	879
180	1	881
181	1	882
182	1	883
183	1	885
184	1	134
185	1	5
186	1	898
187	1	139
188	1	904
189	1	815
190	1	142
191	1	143
192	1	144
193	1	912
194	1	913
195	1	71
196	1	7
197	1	11
198	1	15
199	1	16
200	1	20
201	1	22
202	1	680
203	1	681
204	1	684
205	1	685
206	1	686
207	1	26
208	1	973
209	1	55
210	1	420
211	1	56
212	1	61
213	1	62
214	1	65
215	1	66
216	1	1011
217	1	81
218	1	85
219	1	1024
220	1	89
221	1	1029
222	1	1042
223	1	1049
224	1	1051
225	1	78
226	1	1067
227	1	1069
228	1	239
229	1	1078
230	1	295
231	1	301
232	1	302
233	1	1090
234	1	1101
235	1	1102
236	1	1104
237	1	1105
238	1	1107
239	1	1109
240	1	331
241	1	1111
242	1	1116
243	1	1118
244	1	1120
245	1	1121
246	1	1122
247	1	1127
248	1	1134
249	1	161
250	1	1140
251	1	257
252	1	1145
253	1	451
254	1	1164
255	1	1182
256	1	1187
257	1	447
258	1	1190
259	1	1191
260	1	450
261	1	1199
262	1	1206
263	1	105
264	1	1219
265	1	1232
266	1	625
267	1	1237
268	1	1240
269	1	437
270	1	439
271	1	1252
272	1	443
273	1	288
274	1	444
275	1	285
276	1	482
277	1	1264
278	1	1265
279	1	1267
280	1	587
281	1	491
282	1	1272
283	1	1274
284	1	1276
285	1	382
286	1	1282
287	1	1284
288	1	1285
289	1	1286
290	1	1288
291	1	1290
292	1	1291
293	1	1292
294	1	1293
295	1	1294
296	1	1298
297	1	292
298	1	1304
299	1	1306
300	1	1307
301	1	775
302	1	1312
303	1	778
304	1	1314
305	1	738
306	1	1317
307	1	877
308	1	1332
309	1	1336
310	1	1340
311	1	1342
312	1	1345
313	1	1346
314	1	1347
315	1	1349
316	1	90
317	1	1357
318	1	1361
319	1	1363
320	1	1365
321	1	1369
322	1	230
323	1	1374
324	1	1375
325	1	1376
326	1	1381
327	1	1382
328	1	1384
329	1	1387
330	1	797
331	1	1394
332	1	1396
333	1	368
334	1	1404
335	1	1407
336	1	415
337	1	1418
338	1	1419
339	1	1423
340	1	1426
341	1	1427
342	1	1429
343	1	1431
344	1	1432
345	1	1435
346	1	1437
347	1	564
348	1	1442
349	1	1455
350	1	1457
351	1	1458
352	1	1467
353	1	1468
354	1	1469
355	1	1470
356	1	1473
357	1	1474
358	1	866
359	1	867
360	1	1483
361	1	870
362	1	1485
363	1	194
364	1	727
365	1	1515
366	1	1516
367	1	1521
368	1	160
369	1	1526
370	1	1527
371	1	1528
372	1	1529
373	1	1535
374	1	1536
375	1	1539
376	1	1543
377	1	1546
378	1	1550
379	1	1553
380	1	1584
381	1	1585
382	1	560
383	1	1587
384	1	1589
385	1	1591
386	1	1595
387	1	1596
388	1	1597
389	1	1598
390	1	1599
391	1	1600
392	1	1611
393	1	1613
394	1	1617
395	1	1626
396	1	1631
397	1	188
398	1	361
399	1	771
400	1	1663
401	1	1664
402	1	1665
403	1	1671
404	1	1679
405	1	1686
406	1	1687
407	1	1690
408	1	1691
409	1	1692
410	1	1693
411	1	1694
412	1	1697
413	1	1698
414	1	1699
415	1	1703
416	1	1706
417	1	1709
418	1	1711
419	1	1712
420	1	1721
421	1	1722
422	1	1724
423	1	1726
424	1	1733
425	1	1735
426	1	1736
427	1	1737
428	1	1740
429	1	1742
430	1	1747
431	1	683
432	1	1750
433	1	1752
434	1	1753
435	1	1757
436	1	1758
437	1	1762
438	1	1764
439	1	1767
440	1	1775
441	1	1776
442	1	1780
443	1	1782
444	1	1784
445	1	1785
446	1	1787
447	1	1788
448	1	1789
449	1	699
450	1	1794
451	1	1796
452	1	1799
453	1	1801
454	1	1804
455	1	1805
456	1	1815
457	1	504
458	1	324
459	1	1821
460	1	511
461	1	1829
462	1	163
463	1	1834
464	2	9
465	2	76
466	2	120
467	2	122
468	2	126
469	2	127
470	2	128
471	2	129
472	2	172
473	2	173
474	2	174
475	2	177
476	2	178
477	2	180
478	2	182
479	2	183
480	2	190
481	2	191
482	2	193
483	2	200
484	2	219
485	2	221
486	2	223
487	2	225
488	2	232
489	2	249
490	2	251
491	2	254
492	2	256
493	2	258
494	2	265
495	2	267
496	2	268
497	2	270
498	2	271
499	2	272
500	2	274
501	2	275
502	2	277
503	2	278
504	2	279
505	2	282
506	2	283
507	2	286
508	2	287
509	2	289
510	2	290
511	2	298
512	2	315
513	2	318
514	2	319
515	2	320
516	2	321
517	2	325
518	2	326
519	2	328
520	2	332
521	2	343
522	2	344
523	2	345
524	2	349
525	2	350
526	2	351
527	2	352
528	2	354
529	2	358
530	2	367
531	2	370
532	2	371
533	2	374
534	2	375
535	2	379
536	2	381
537	2	383
538	2	385
539	2	390
540	2	391
541	2	396
542	2	397
543	2	398
544	2	399
545	2	400
546	2	401
547	2	402
548	2	404
549	2	405
550	2	406
551	2	408
552	2	411
553	2	412
554	2	413
555	2	429
556	2	434
557	2	442
558	2	452
559	2	454
560	2	466
561	2	472
562	2	473
563	2	474
564	2	477
565	2	481
566	2	484
567	2	488
568	2	489
569	2	503
570	2	505
571	2	514
572	2	515
573	2	524
574	2	525
575	2	535
576	2	557
577	2	558
578	2	565
579	2	567
580	2	568
581	2	575
582	2	576
583	2	577
584	2	582
585	2	583
586	2	588
587	2	591
588	2	592
589	2	593
590	2	596
591	2	597
592	2	599
593	2	601
594	2	606
595	2	607
596	2	609
597	2	611
598	2	613
599	2	614
600	2	620
601	2	621
602	2	624
603	2	626
604	2	627
605	2	628
606	2	629
607	2	632
608	2	634
609	2	635
610	2	636
611	2	637
612	2	638
613	2	650
614	2	651
615	2	654
616	2	655
617	2	656
618	2	657
619	2	661
620	2	665
621	2	666
622	2	667
623	2	671
624	2	672
625	2	677
626	2	678
627	2	679
628	2	690
629	2	691
630	2	696
631	2	697
632	2	698
633	2	700
634	2	701
635	2	702
636	2	703
637	2	704
638	2	707
639	2	708
640	2	735
641	2	736
642	2	742
643	2	745
644	2	747
645	2	749
646	2	750
647	2	751
648	2	752
649	2	754
650	2	755
651	2	758
652	2	759
653	2	760
654	2	762
655	2	766
656	2	769
657	2	772
658	2	776
659	2	777
660	2	782
661	2	798
662	2	803
663	2	804
664	2	807
665	2	808
666	2	823
667	2	824
668	2	825
669	2	835
670	2	836
671	2	839
672	2	843
673	2	845
674	2	846
675	2	847
676	2	848
677	2	851
678	2	852
679	2	853
680	2	854
681	2	855
682	2	856
683	2	857
684	2	858
685	2	860
686	2	864
687	2	869
688	2	872
689	2	875
690	2	876
691	2	878
692	2	880
693	2	881
694	2	884
695	2	886
696	2	888
697	2	890
698	2	896
699	2	135
700	2	137
701	2	140
702	2	902
703	2	903
704	2	21
705	2	911
706	2	45
707	2	147
708	2	47
709	2	50
710	2	148
711	2	149
712	2	150
713	2	923
714	2	152
715	2	153
716	2	154
717	2	155
718	2	156
719	2	70
720	2	72
721	2	157
722	2	676
723	2	2
724	2	4
725	2	940
726	2	6
727	2	10
728	2	12
729	2	13
730	2	14
731	2	17
732	2	86
733	2	682
734	2	23
735	2	24
736	2	25
737	2	27
738	2	687
739	2	29
740	2	688
741	2	969
742	2	692
743	2	31
744	2	487
745	2	693
746	2	32
747	2	33
748	2	34
749	2	35
750	2	36
751	2	40
752	2	41
753	2	42
754	2	983
755	2	984
756	2	378
757	2	44
758	2	46
759	2	48
760	2	49
761	2	243
762	2	52
763	2	53
764	2	54
765	2	57
766	2	58
767	2	694
768	2	60
769	2	63
770	2	64
771	2	68
772	2	73
773	2	1015
774	2	77
775	2	79
776	2	80
777	2	82
778	2	1021
779	2	84
780	2	87
781	2	88
782	2	91
783	2	93
784	2	97
785	2	98
786	2	99
787	2	100
788	2	101
789	2	109
790	2	110
791	2	111
792	2	114
793	2	1042
794	2	115
795	2	116
796	2	117
797	2	119
798	2	1050
799	2	1053
800	2	1055
801	2	1056
802	2	1057
803	2	175
804	2	1059
805	2	1061
806	2	222
807	2	1068
808	2	1070
809	2	30
810	2	238
811	2	240
812	2	241
813	2	43
814	2	59
815	2	1078
816	2	293
817	2	810
818	2	297
819	2	300
820	2	304
821	2	179
822	2	312
823	2	313
824	2	314
825	2	814
826	2	316
827	2	1103
828	2	430
829	2	1112
830	2	1113
831	2	337
832	2	246
833	2	1119
834	2	1123
835	2	871
836	2	1126
837	2	1128
838	2	1137
839	2	1139
840	2	1143
841	2	1144
842	2	1146
843	2	1147
844	2	1148
845	2	1149
846	2	1150
847	2	1151
848	2	445
849	2	1154
850	2	1155
851	2	1158
852	2	1159
853	2	1161
854	2	1165
855	2	1166
856	2	1167
857	2	1168
858	2	1169
859	2	1170
860	2	1171
861	2	1175
862	2	1184
863	2	1188
864	2	449
865	2	1193
866	2	1196
867	2	1197
868	2	1198
869	2	1200
870	2	1202
871	2	1203
872	2	1204
873	2	453
874	2	1209
875	2	102
876	2	106
877	2	107
878	2	456
879	2	1225
880	2	184
881	2	1233
882	2	1235
883	2	1236
884	2	1238
885	2	1239
886	2	1241
887	2	1242
888	2	1243
889	2	1244
890	2	1245
891	2	1246
892	2	310
893	2	1248
894	2	1249
895	2	441
896	2	1254
897	2	418
898	2	335
899	2	444
900	2	1262
901	2	1266
902	2	491
903	2	492
904	2	1273
905	2	1275
906	2	1277
907	2	382
908	2	1280
909	2	1281
910	2	1287
911	2	123
912	2	1295
913	2	1296
914	2	1297
915	2	1301
916	2	1305
917	2	1309
918	2	121
919	2	1318
920	2	1320
921	2	757
922	2	359
923	2	1325
924	2	431
925	2	1327
926	2	1328
927	2	1329
928	2	1330
929	2	1331
930	2	1332
931	2	435
932	2	1337
933	2	1339
934	2	1340
935	2	1343
936	2	1344
937	2	1348
938	2	1350
939	2	1351
940	2	486
941	2	1353
942	2	1354
943	2	1356
944	2	1358
945	2	1359
946	2	1360
947	2	1362
948	2	228
949	2	1372
950	2	1377
951	2	1378
952	2	1379
953	2	1383
954	2	1385
955	2	1388
956	2	1393
957	2	366
958	2	1397
959	2	1399
960	2	1400
961	2	425
962	2	1403
963	2	1405
964	2	1406
965	2	308
966	2	309
967	2	311
968	2	1415
969	2	1417
970	2	377
971	2	419
972	2	1422
973	2	1434
974	2	1440
975	2	1443
976	2	581
977	2	1446
978	2	1448
979	2	1449
980	2	1450
981	2	1459
982	2	1462
983	2	1463
984	2	1464
985	2	1465
986	2	1466
987	2	1472
988	2	868
989	2	874
990	2	1503
991	2	1517
992	2	1520
993	2	1522
994	2	1523
995	2	1530
996	2	1531
997	2	167
998	2	1534
999	2	1537
1000	2	1538
1001	2	1540
1002	2	1542
1003	2	1544
1004	2	1545
1005	2	1549
1006	2	1552
1007	2	1583
1008	2	1590
1009	2	1592
1010	2	416
1011	2	1594
1012	2	1607
1013	2	1608
1014	2	1609
1015	2	1612
1016	2	1614
1017	2	1621
1018	2	1623
1019	2	1624
1020	2	417
1021	2	1627
1022	2	1628
1023	2	1630
1024	2	1632
1025	2	1633
1026	2	1634
1027	2	1635
1028	2	446
1029	2	192
1030	2	1640
1031	2	1642
1032	2	1647
1033	2	1649
1034	2	1650
1035	2	1656
1036	2	1658
1037	2	333
1038	2	1660
1039	2	770
1040	2	1667
1041	2	1668
1042	2	1672
1043	2	1673
1044	2	1674
1045	2	1678
1046	2	1680
1047	2	1681
1048	2	1682
1049	2	1683
1050	2	1684
1051	2	1685
1052	2	1688
1053	2	1689
1054	2	618
1055	2	1696
1056	2	1702
1057	2	1705
1058	2	1707
1059	2	1713
1060	2	1714
1061	2	1715
1062	2	1716
1063	2	1717
1064	2	1723
1065	2	1725
1066	2	1727
1067	2	1728
1068	2	1729
1069	2	261
1070	2	262
1071	2	1734
1072	2	1738
1073	2	1739
1074	2	1743
1075	2	165
1076	2	1745
1077	2	1746
1078	2	1748
1079	2	1755
1080	2	1756
1081	2	1759
1082	2	1772
1083	2	1773
1084	2	1774
1085	2	1777
1086	2	1778
1087	2	1781
1088	2	1783
1089	2	1786
1090	2	1790
1091	2	1791
1092	2	1800
1093	2	1802
1094	2	1803
1095	2	1806
1096	2	1807
1097	2	1808
1098	2	1811
1099	2	506
1100	2	1818
1101	2	510
1102	2	1822
1103	2	511
1104	2	783
1105	2	159
1106	2	229
1107	2	1828
1108	2	162
1109	2	1832
1110	2	1833
1111	4	19
1112	4	96
1113	4	124
1114	4	125
1115	4	126
1116	4	127
1117	4	128
1118	4	129
1119	4	130
1120	4	131
1121	4	141
1122	4	164
1123	4	174
1124	4	177
1125	4	178
1126	4	180
1127	4	181
1128	4	182
1129	4	183
1130	4	193
1131	4	195
1132	4	200
1133	4	205
1134	4	219
1135	4	220
1136	4	221
1137	4	223
1138	4	224
1139	4	225
1140	4	231
1141	4	232
1142	4	233
1143	4	242
1144	4	244
1145	4	253
1146	4	254
1147	4	255
1148	4	256
1149	4	258
1150	4	260
1151	4	268
1152	4	270
1153	4	271
1154	4	272
1155	4	274
1156	4	275
1157	4	276
1158	4	277
1159	4	278
1160	4	279
1161	4	280
1162	4	281
1163	4	287
1164	4	289
1165	4	290
1166	4	298
1167	4	303
1168	4	315
1169	4	321
1170	4	322
1171	4	323
1172	4	325
1173	4	326
1174	4	330
1175	4	334
1176	4	339
1177	4	346
1178	4	350
1179	4	353
1180	4	354
1181	4	369
1182	4	370
1183	4	371
1184	4	373
1185	4	374
1186	4	375
1187	4	379
1188	4	380
1189	4	381
1190	4	390
1191	4	391
1192	4	393
1193	4	394
1194	4	426
1195	4	433
1196	4	434
1197	4	442
1198	4	452
1199	4	454
1200	4	455
1201	4	458
1202	4	461
1203	4	463
1204	4	466
1205	4	468
1206	4	469
1207	4	477
1208	4	478
1209	4	479
1210	4	488
1211	4	489
1212	4	496
1213	4	499
1214	4	508
1215	4	523
1216	4	525
1217	4	557
1218	4	558
1219	4	559
1220	4	565
1221	4	568
1222	4	575
1223	4	576
1224	4	578
1225	4	579
1226	4	580
1227	4	582
1228	4	583
1229	4	586
1230	4	588
1231	4	593
1232	4	594
1233	4	595
1234	4	596
1235	4	601
1236	4	602
1237	4	603
1238	4	610
1239	4	611
1240	4	613
1241	4	614
1242	4	616
1243	4	617
1244	4	620
1245	4	630
1246	4	631
1247	4	632
1248	4	633
1249	4	634
1250	4	635
1251	4	636
1252	4	646
1253	4	649
1254	4	650
1255	4	651
1256	4	654
1257	4	655
1258	4	656
1259	4	657
1260	4	663
1261	4	665
1262	4	666
1263	4	667
1264	4	668
1265	4	672
1266	4	673
1267	4	677
1268	4	678
1269	4	679
1270	4	690
1271	4	691
1272	4	700
1273	4	701
1274	4	702
1275	4	703
1276	4	704
1277	4	706
1278	4	707
1279	4	708
1280	4	735
1281	4	736
1282	4	737
1283	4	739
1284	4	740
1285	4	744
1286	4	747
1287	4	749
1288	4	750
1289	4	751
1290	4	752
1291	4	756
1292	4	758
1293	4	759
1294	4	764
1295	4	767
1296	4	768
1297	4	769
1298	4	772
1299	4	773
1300	4	779
1301	4	780
1302	4	781
1303	4	782
1304	4	803
1305	4	804
1306	4	805
1307	4	806
1308	4	807
1309	4	812
1310	4	823
1311	4	824
1312	4	825
1313	4	826
1314	4	832
1315	4	833
1316	4	834
1317	4	835
1318	4	840
1319	4	841
1320	4	842
1321	4	843
1322	4	844
1323	4	845
1324	4	846
1325	4	847
1326	4	848
1327	4	849
1328	4	850
1329	4	851
1330	4	852
1331	4	853
1332	4	854
1333	4	855
1334	4	856
1335	4	857
1336	4	858
1337	4	865
1338	4	872
1339	4	873
1340	4	875
1341	4	876
1342	4	884
1343	4	885
1344	4	886
1345	4	888
1346	4	892
1347	4	1
1348	4	815
1349	4	911
1350	4	912
1351	4	913
1352	4	45
1353	4	147
1354	4	47
1355	4	50
1356	4	148
1357	4	149
1358	4	150
1359	4	923
1360	4	151
1361	4	152
1362	4	153
1363	4	154
1364	4	155
1365	4	156
1366	4	10
1367	4	11
1368	4	12
1369	4	13
1370	4	14
1371	4	15
1372	4	16
1373	4	17
1374	4	20
1375	4	684
1376	4	23
1377	4	685
1378	4	24
1379	4	686
1380	4	25
1381	4	26
1382	4	27
1383	4	687
1384	4	29
1385	4	688
1386	4	969
1387	4	692
1388	4	31
1389	4	487
1390	4	973
1391	4	693
1392	4	32
1393	4	33
1394	4	34
1395	4	35
1396	4	36
1397	4	40
1398	4	41
1399	4	42
1400	4	983
1401	4	984
1402	4	378
1403	4	44
1404	4	46
1405	4	48
1406	4	49
1407	4	243
1408	4	52
1409	4	53
1410	4	54
1411	4	55
1412	4	420
1413	4	56
1414	4	57
1415	4	58
1416	4	694
1417	4	60
1418	4	61
1419	4	62
1420	4	63
1421	4	64
1422	4	65
1423	4	66
1424	4	695
1425	4	67
1426	4	75
1427	4	81
1428	4	82
1429	4	1021
1430	4	84
1431	4	85
1432	4	1024
1433	4	89
1434	4	91
1435	4	1029
1436	4	93
1437	4	97
1438	4	98
1439	4	99
1440	4	100
1441	4	101
1442	4	109
1443	4	110
1444	4	111
1445	4	1056
1446	4	1057
1447	4	175
1448	4	1059
1449	4	1061
1450	4	222
1451	4	30
1452	4	238
1453	4	239
1454	4	240
1455	4	241
1456	4	43
1457	4	59
1458	4	1080
1459	4	300
1460	4	301
1461	4	1090
1462	4	304
1463	4	179
1464	4	312
1465	4	313
1466	4	314
1467	4	814
1468	4	316
1469	4	1104
1470	4	1105
1471	4	1109
1472	4	331
1473	4	1112
1474	4	1113
1475	4	337
1476	4	1116
1477	4	246
1478	4	1118
1479	4	1119
1480	4	1120
1481	4	1121
1482	4	1122
1483	4	871
1484	4	1130
1485	4	1134
1486	4	1137
1487	4	1139
1488	4	1140
1489	4	257
1490	4	166
1491	4	1147
1492	4	1148
1493	4	1149
1494	4	1150
1495	4	451
1496	4	1158
1497	4	1159
1498	4	1161
1499	4	1164
1500	4	1165
1501	4	1166
1502	4	1169
1503	4	1170
1504	4	1175
1505	4	1187
1506	4	1196
1507	4	1197
1508	4	1198
1509	4	1199
1510	4	1200
1511	4	1202
1512	4	1203
1513	4	1204
1514	4	1206
1515	4	453
1516	4	1209
1517	4	102
1518	4	103
1519	4	104
1520	4	105
1521	4	106
1522	4	107
1523	4	108
1524	4	456
1525	4	1225
1526	4	184
1527	4	748
1528	4	1239
1529	4	1240
1530	4	1241
1531	4	1242
1532	4	1243
1533	4	1244
1534	4	1245
1535	4	1246
1536	4	310
1537	4	1248
1538	4	1249
1539	4	439
1540	4	1252
1541	4	441
1542	4	1254
1543	4	418
1544	4	335
1545	4	443
1546	4	288
1547	4	340
1548	4	1264
1549	4	1265
1550	4	1266
1551	4	1267
1552	4	587
1553	4	1275
1554	4	1277
1555	4	1281
1556	4	1282
1557	4	1288
1558	4	123
1559	4	1292
1560	4	1293
1561	4	1294
1562	4	1295
1563	4	1296
1564	4	1304
1565	4	1305
1566	4	1306
1567	4	1307
1568	4	1309
1569	4	1314
1570	4	738
1571	4	1317
1572	4	1318
1573	4	1320
1574	4	757
1575	4	359
1576	4	431
1577	4	1327
1578	4	1328
1579	4	1329
1580	4	1330
1581	4	1331
1582	4	1335
1583	4	1337
1584	4	1339
1585	4	1346
1586	4	1347
1587	4	1348
1588	4	486
1589	4	1353
1590	4	1354
1591	4	90
1592	4	1356
1593	4	1357
1594	4	1358
1595	4	1359
1596	4	1360
1597	4	1361
1598	4	1362
1599	4	1363
1600	4	1364
1601	4	1365
1602	4	230
1603	4	1372
1604	4	1373
1605	4	1377
1606	4	1379
1607	4	1380
1608	4	1387
1609	4	1388
1610	4	1399
1611	4	1404
1612	4	1405
1613	4	1406
1614	4	1407
1615	4	1409
1616	4	308
1617	4	309
1618	4	311
1619	4	415
1620	4	1417
1621	4	1419
1622	4	377
1623	4	419
1624	4	1422
1625	4	1429
1626	4	1435
1627	4	1437
1628	4	1443
1629	4	581
1630	4	1458
1631	4	1459
1632	4	1464
1633	4	1465
1634	4	1469
1635	4	1470
1636	4	1474
1637	4	307
1638	4	1485
1639	4	194
1640	4	874
1641	4	727
1642	4	1515
1643	4	1516
1644	4	1517
1645	4	1522
1646	4	1527
1647	4	1528
1648	4	1529
1649	4	1530
1650	4	1531
1651	4	1537
1652	4	1538
1653	4	1539
1654	4	1540
1655	4	1542
1656	4	1550
1657	4	1552
1658	4	1584
1659	4	1585
1660	4	560
1661	4	1587
1662	4	1592
1663	4	1594
1664	4	1595
1665	4	1596
1666	4	1597
1667	4	1598
1668	4	1599
1669	4	1613
1670	4	1614
1671	4	1618
1672	4	417
1673	4	1626
1674	4	1627
1675	4	1628
1676	4	1632
1677	4	1633
1678	4	1634
1679	4	1640
1680	4	1642
1681	4	1647
1682	4	1649
1683	4	1650
1684	4	361
1685	4	1660
1686	4	1663
1687	4	1664
1688	4	1665
1689	4	1673
1690	4	1674
1691	4	1676
1692	4	1677
1693	4	1683
1694	4	1684
1695	4	1685
1696	4	1686
1697	4	1687
1698	4	1688
1699	4	1689
1700	4	1690
1701	4	1691
1702	4	1692
1703	4	1693
1704	4	1694
1705	4	618
1706	4	1696
1707	4	1697
1708	4	1698
1709	4	1699
1710	4	1702
1711	4	1703
1712	4	1705
1713	4	1706
1714	4	1707
1715	4	1712
1716	4	1713
1717	4	1714
1718	4	1715
1719	4	1716
1720	4	1726
1721	4	1728
1722	4	1729
1723	4	1734
1724	4	1735
1725	4	1736
1726	4	1738
1727	4	1739
1728	4	1740
1729	4	1742
1730	4	1743
1731	4	165
1732	4	1748
1733	4	683
1734	4	1750
1735	4	1752
1736	4	1755
1737	4	1756
1738	4	1762
1739	4	1764
1740	4	1767
1741	4	1769
1742	4	1775
1743	4	1776
1744	4	1778
1745	4	1780
1746	4	1786
1747	4	1788
1748	4	1789
1749	4	1790
1750	4	1796
1751	4	264
1752	4	1801
1753	4	1803
1754	4	1804
1755	4	1805
1756	4	1807
1757	4	1808
1758	4	1811
1759	4	1814
1760	4	504
1761	4	506
1762	4	1818
1763	4	324
1764	4	510
1765	4	1821
1766	4	1822
1767	4	1829
1768	4	162
1769	4	163
1770	4	1832
1771	4	1834
1772	8	96
1773	8	128
1774	8	129
1775	8	130
1776	8	131
1777	8	133
1778	8	164
1779	8	168
1780	8	176
1781	8	177
1782	8	180
1783	8	181
1784	8	182
1785	8	183
1786	8	200
1787	8	205
1788	8	209
1789	8	220
1790	8	221
1791	8	223
1792	8	224
1793	8	225
1794	8	226
1795	8	231
1796	8	232
1797	8	233
1798	8	234
1799	8	242
1800	8	244
1801	8	255
1802	8	256
1803	8	258
1804	8	260
1805	8	269
1806	8	270
1807	8	271
1808	8	272
1809	8	274
1810	8	275
1811	8	276
1812	8	277
1813	8	278
1814	8	279
1815	8	280
1816	8	281
1817	8	282
1818	8	283
1819	8	287
1820	8	289
1821	8	290
1822	8	303
1823	8	315
1824	8	323
1825	8	325
1826	8	326
1827	8	327
1828	8	332
1829	8	339
1830	8	341
1831	8	346
1832	8	350
1833	8	353
1834	8	354
1835	8	372
1836	8	374
1837	8	375
1838	8	379
1839	8	380
1840	8	381
1841	8	383
1842	8	384
1843	8	385
1844	8	386
1845	8	389
1846	8	391
1847	8	421
1848	8	426
1849	8	428
1850	8	434
1851	8	440
1852	8	454
1853	8	455
1854	8	464
1855	8	466
1856	8	468
1857	8	469
1858	8	471
1859	8	477
1860	8	479
1861	8	483
1862	8	484
1863	8	485
1864	8	488
1865	8	489
1866	8	499
1867	8	505
1868	8	508
1869	8	518
1870	8	524
1871	8	525
1872	8	526
1873	8	557
1874	8	558
1875	8	559
1876	8	565
1877	8	573
1878	8	574
1879	8	575
1880	8	577
1881	8	578
1882	8	580
1883	8	582
1884	8	583
1885	8	584
1886	8	586
1887	8	588
1888	8	592
1889	8	593
1890	8	594
1891	8	595
1892	8	596
1893	8	597
1894	8	600
1895	8	602
1896	8	603
1897	8	604
1898	8	605
1899	8	614
1900	8	616
1901	8	617
1902	8	620
1903	8	621
1904	8	632
1905	8	633
1906	8	634
1907	8	635
1908	8	636
1909	8	637
1910	8	638
1911	8	639
1912	8	648
1913	8	651
1914	8	654
1915	8	655
1916	8	656
1917	8	657
1918	8	659
1919	8	664
1920	8	665
1921	8	666
1922	8	667
1923	8	668
1924	8	670
1925	8	671
1926	8	672
1927	8	673
1928	8	674
1929	8	690
1930	8	691
1931	8	696
1932	8	701
1933	8	702
1934	8	703
1935	8	704
1936	8	733
1937	8	734
1938	8	735
1939	8	739
1940	8	740
1941	8	743
1942	8	744
1943	8	749
1944	8	750
1945	8	751
1946	8	752
1947	8	758
1948	8	759
1949	8	760
1950	8	761
1951	8	764
1952	8	769
1953	8	773
1954	8	779
1955	8	781
1956	8	782
1957	8	792
1958	8	793
1959	8	806
1960	8	807
1961	8	808
1962	8	809
1963	8	822
1964	8	823
1965	8	824
1966	8	832
1967	8	834
1968	8	835
1969	8	837
1970	8	860
1971	8	861
1972	8	865
1973	8	869
1974	8	872
1975	8	873
1976	8	875
1977	8	876
1978	8	880
1979	8	881
1980	8	884
1981	8	886
1982	8	888
1983	8	890
1984	8	21
1985	8	142
1986	8	143
1987	8	144
1988	8	911
1989	8	912
1990	8	45
1991	8	147
1992	8	47
1993	8	50
1994	8	148
1995	8	149
1996	8	150
1997	8	923
1998	8	151
1999	8	152
2000	8	153
2001	8	154
2002	8	155
2003	8	156
2004	8	70
2005	8	71
2006	8	72
2007	8	157
2008	8	86
2009	8	22
2010	8	680
2011	8	681
2012	8	682
2013	8	684
2014	8	23
2015	8	685
2016	8	24
2017	8	27
2018	8	687
2019	8	29
2020	8	688
2021	8	969
2022	8	692
2023	8	31
2024	8	487
2025	8	973
2026	8	693
2027	8	32
2028	8	33
2029	8	34
2030	8	35
2031	8	36
2032	8	40
2033	8	41
2034	8	42
2035	8	983
2036	8	984
2037	8	378
2038	8	44
2039	8	46
2040	8	48
2041	8	49
2042	8	243
2043	8	52
2044	8	53
2045	8	54
2046	8	55
2047	8	420
2048	8	56
2049	8	57
2050	8	58
2051	8	694
2052	8	60
2053	8	61
2054	8	62
2055	8	63
2056	8	64
2057	8	65
2058	8	66
2059	8	695
2060	8	67
2061	8	68
2062	8	1011
2063	8	73
2064	8	87
2065	8	88
2066	8	93
2067	8	97
2068	8	98
2069	8	99
2070	8	100
2071	8	101
2072	8	109
2073	8	110
2074	8	111
2075	8	114
2076	8	1042
2077	8	115
2078	8	116
2079	8	117
2080	8	119
2081	8	187
2082	8	1061
2083	8	222
2084	8	1065
2085	8	30
2086	8	238
2087	8	239
2088	8	240
2089	8	241
2090	8	43
2091	8	59
2092	8	1078
2093	8	302
2094	8	304
2095	8	179
2096	8	312
2097	8	313
2098	8	314
2099	8	814
2100	8	316
2101	8	1102
2102	8	1103
2103	8	1104
2104	8	1105
2105	8	1111
2106	8	1112
2107	8	1113
2108	8	337
2109	8	246
2110	8	1118
2111	8	1127
2112	8	1128
2113	8	1134
2114	8	161
2115	8	1140
2116	8	257
2117	8	166
2118	8	1147
2119	8	1148
2120	8	1149
2121	8	1150
2122	8	1151
2123	8	1161
2124	8	1164
2125	8	1165
2126	8	1166
2127	8	1168
2128	8	1169
2129	8	1170
2130	8	1171
2131	8	500
2132	8	1187
2133	8	1206
2134	8	453
2135	8	1209
2136	8	102
2137	8	103
2138	8	104
2139	8	105
2140	8	106
2141	8	107
2142	8	108
2143	8	456
2144	8	1219
2145	8	1225
2146	8	184
2147	8	748
2148	8	1240
2149	8	1242
2150	8	1243
2151	8	1244
2152	8	1245
2153	8	1246
2154	8	310
2155	8	1248
2156	8	1249
2157	8	441
2158	8	418
2159	8	335
2160	8	443
2161	8	288
2162	8	340
2163	8	444
2164	8	1265
2165	8	1266
2166	8	1267
2167	8	587
2168	8	491
2169	8	492
2170	8	1272
2171	8	1274
2172	8	1275
2173	8	1276
2174	8	1277
2175	8	382
2176	8	347
2177	8	1281
2178	8	1282
2179	8	1290
2180	8	1291
2181	8	1292
2182	8	1293
2183	8	1294
2184	8	1295
2185	8	1296
2186	8	1297
2187	8	1298
2188	8	1299
2189	8	1304
2190	8	1305
2191	8	1309
2192	8	1314
2193	8	1317
2194	8	1318
2195	8	757
2196	8	1325
2197	8	431
2198	8	1327
2199	8	1328
2200	8	1329
2201	8	1330
2202	8	1331
2203	8	1332
2204	8	435
2205	8	1339
2206	8	1340
2207	8	1349
2208	8	1350
2209	8	1351
2210	8	486
2211	8	1353
2212	8	1354
2213	8	1358
2214	8	1359
2215	8	1360
2216	8	1361
2217	8	1362
2218	8	1363
2219	8	1364
2220	8	1365
2221	8	1367
2222	8	1368
2223	8	1378
2224	8	1379
2225	8	1380
2226	8	1381
2227	8	1382
2228	8	1387
2229	8	1388
2230	8	1390
2231	8	1400
2232	8	1406
2233	8	1409
2234	8	308
2235	8	309
2236	8	311
2237	8	1418
2238	8	1419
2239	8	377
2240	8	419
2241	8	1422
2242	8	1423
2243	8	1432
2244	8	1437
2245	8	1443
2246	8	581
2247	8	1446
2248	8	1465
2249	8	1468
2250	8	1470
2251	8	1474
2252	8	307
2253	8	867
2254	8	868
2255	8	1483
2256	8	870
2257	8	1485
2258	8	874
2259	8	1503
2260	8	1504
2261	8	211
2262	8	212
2263	8	213
2264	8	214
2265	8	215
2266	8	727
2267	8	1515
2268	8	622
2269	8	1519
2270	8	1523
2271	8	1528
2272	8	1529
2273	8	1530
2274	8	1531
2275	8	167
2276	8	1539
2277	8	1540
2278	8	1542
2279	8	1546
2280	8	1552
2281	8	1553
2282	8	560
2283	8	1587
2284	8	416
2285	8	1594
2286	8	1597
2287	8	1598
2288	8	1599
2289	8	1600
2290	8	1601
2291	8	1603
2292	8	1604
2293	8	765
2294	8	1609
2295	8	1614
2296	8	1621
2297	8	417
2298	8	1627
2299	8	1628
2300	8	1629
2301	8	1634
2302	8	1649
2303	8	1650
2304	8	361
2305	8	1653
2306	8	1654
2307	8	1658
2308	8	333
2309	8	1660
2310	8	1664
2311	8	1665
2312	8	1667
2313	8	1674
2314	8	1688
2315	8	1689
2316	8	1690
2317	8	1694
2318	8	618
2319	8	1696
2320	8	1697
2321	8	1698
2322	8	1699
2323	8	1700
2324	8	1705
2325	8	1706
2326	8	1707
2327	8	1709
2328	8	1710
2329	8	1714
2330	8	1715
2331	8	1716
2332	8	1717
2333	8	1727
2334	8	1728
2335	8	1729
2336	8	261
2337	8	262
2338	8	1737
2339	8	1739
2340	8	1740
2341	8	1743
2342	8	165
2343	8	1745
2344	8	683
2345	8	1752
2346	8	1755
2347	8	1756
2348	8	1767
2349	8	1769
2350	8	1777
2351	8	1778
2352	8	1780
2353	8	1787
2354	8	1789
2355	8	1790
2356	8	1791
2357	8	1796
2358	8	1802
2359	8	1803
2360	8	1804
2361	8	1805
2362	8	1808
2363	8	1811
2364	8	1818
2365	8	324
2366	8	510
2367	8	1821
2368	8	1822
2369	8	511
2370	8	1824
2371	8	162
2372	8	163
2373	8	1832
2374	36	164
2375	36	103
2376	36	1409
2377	36	307
2378	79	209
2379	79	226
2380	79	280
2381	79	341
2382	79	393
2383	79	394
2384	79	421
2385	79	461
2386	79	471
2387	79	499
2388	79	573
2389	79	584
2390	79	605
2391	79	639
2392	79	659
2393	79	761
2394	79	809
2395	79	861
2396	79	892
2397	79	1
2398	79	67
2399	79	75
2400	79	187
2401	79	1065
2402	79	1080
2403	79	1130
2404	79	340
2405	79	347
2406	79	1299
2407	79	1335
2408	79	1364
2409	79	1367
2410	79	1368
2411	79	1373
2412	79	1390
2413	79	1504
2414	79	211
2415	79	212
2416	79	213
2417	79	214
2418	79	215
2419	79	622
2420	79	1519
2421	79	1601
2422	79	1603
2423	79	1604
2424	79	765
2425	79	1618
2426	79	1629
2427	79	1653
2428	79	1654
2429	79	1676
2430	79	1677
2431	79	1700
2432	79	1710
2433	79	264
2434	79	1814
2435	79	1824
2436	359	469
2437	359	108
2438	360	469
2439	360	108
2440	480	595
2441	480	151
2442	480	695
2443	480	166
2444	480	104
2445	480	748
2446	480	1380
2447	480	1769
2448	1439	500
2449	1439	108
2450	1440	500
\.


--
-- TOC entry 3779 (class 0 OID 16408)
-- Dependencies: 222
-- Data for Name: auth_group; Type: TABLE DATA; Schema: public; Owner: postgres
--

COPY public.auth_group (id, name) FROM stdin;
\.


--
-- TOC entry 3781 (class 0 OID 16416)
-- Dependencies: 224
-- Data for Name: auth_group_permissions; Type: TABLE DATA; Schema: public; Owner: postgres
--

COPY public.auth_group_permissions (id, group_id, permission_id) FROM stdin;
\.


--
-- TOC entry 3777 (class 0 OID 16402)
-- Dependencies: 220
-- Data for Name: auth_permission; Type: TABLE DATA; Schema: public; Owner: postgres
--

COPY public.auth_permission (id, name, content_type_id, codename) FROM stdin;
1	Can add log entry	1	add_logentry
2	Can change log entry	1	change_logentry
3	Can delete log entry	1	delete_logentry
4	Can view log entry	1	view_logentry
5	Can add permission	2	add_permission
6	Can change permission	2	change_permission
7	Can delete permission	2	delete_permission
8	Can view permission	2	view_permission
9	Can add group	3	add_group
10	Can change group	3	change_group
11	Can delete group	3	delete_group
12	Can view group	3	view_group
13	Can add user	4	add_user
14	Can change user	4	change_user
15	Can delete user	4	delete_user
16	Can view user	4	view_user
17	Can add content type	5	add_contenttype
18	Can change content type	5	change_contenttype
19	Can delete content type	5	delete_contenttype
20	Can view content type	5	view_contenttype
21	Can add session	6	add_session
22	Can change session	6	change_session
23	Can delete session	6	delete_session
24	Can view session	6	view_session
25	Can add alignment	7	add_alignment
26	Can change alignment	7	change_alignment
27	Can delete alignment	7	delete_alignment
28	Can view alignment	7	view_alignment
29	Can add annotation type	8	add_annotationtype
30	Can change annotation type	8	change_annotationtype
31	Can delete annotation type	8	delete_annotationtype
32	Can view annotation type	8	view_annotationtype
33	Can add property	9	add_property
34	Can change property	9	change_property
35	Can delete property	9	delete_property
36	Can view property	9	view_property
37	Can add sequence	10	add_sequence
38	Can change sequence	10	change_sequence
39	Can delete sequence	10	delete_sequence
40	Can view sequence	10	view_sequence
41	Can add sample	11	add_sample
42	Can change sample	11	change_sample
43	Can delete sample	11	delete_sample
44	Can view sample	11	view_sample
45	Can add reference	12	add_reference
46	Can change reference	12	change_reference
47	Can delete reference	12	delete_reference
48	Can view reference	12	view_reference
49	Can add sample2 property	13	add_sample2property
50	Can change sample2 property	13	change_sample2property
51	Can delete sample2 property	13	delete_sample2property
52	Can view sample2 property	13	view_sample2property
53	Can add gene	14	add_gene
54	Can change gene	14	change_gene
55	Can delete gene	14	delete_gene
56	Can view gene	14	view_gene
57	Can add replicon	15	add_replicon
58	Can change replicon	15	change_replicon
59	Can delete replicon	15	delete_replicon
60	Can view replicon	15	view_replicon
61	Can add gene segment	16	add_genesegment
62	Can change gene segment	16	change_genesegment
63	Can delete gene segment	16	delete_genesegment
64	Can view gene segment	16	view_genesegment
65	Can add lineage	17	add_lineage
66	Can change lineage	17	change_lineage
67	Can delete lineage	17	delete_lineage
68	Can view lineage	17	view_lineage
69	Can add import log	18	add_importlog
70	Can change import log	18	change_importlog
71	Can delete import log	18	delete_importlog
72	Can view import log	18	view_importlog
73	Can add file processing	19	add_fileprocessing
74	Can change file processing	19	change_fileprocessing
75	Can delete file processing	19	delete_fileprocessing
76	Can view file processing	19	view_fileprocessing
77	Can add processing job	20	add_processingjob
78	Can change processing job	20	change_processingjob
79	Can delete processing job	20	delete_processingjob
80	Can view processing job	20	view_processingjob
81	Can add nucleotide mutation	21	add_nucleotidemutation
82	Can change nucleotide mutation	21	change_nucleotidemutation
83	Can delete nucleotide mutation	21	delete_nucleotidemutation
84	Can view nucleotide mutation	21	view_nucleotidemutation
85	Can add amino acid mutation	22	add_aminoacidmutation
86	Can change amino acid mutation	22	change_aminoacidmutation
87	Can delete amino acid mutation	22	delete_aminoacidmutation
88	Can view amino acid mutation	22	view_aminoacidmutation
89	Can add django job	23	add_djangojob
90	Can change django job	23	change_djangojob
91	Can delete django job	23	delete_djangojob
92	Can view django job	23	view_djangojob
93	Can add django job execution	24	add_djangojobexecution
94	Can change django job execution	24	change_djangojobexecution
95	Can delete django job execution	24	delete_djangojobexecution
96	Can view django job execution	24	view_djangojobexecution
\.


--
-- TOC entry 3783 (class 0 OID 16422)
-- Dependencies: 226
-- Data for Name: auth_user; Type: TABLE DATA; Schema: public; Owner: postgres
--

COPY public.auth_user (id, password, last_login, is_superuser, username, first_name, last_name, email, is_staff, is_active, date_joined) FROM stdin;
\.


--
-- TOC entry 3785 (class 0 OID 16430)
-- Dependencies: 228
-- Data for Name: auth_user_groups; Type: TABLE DATA; Schema: public; Owner: postgres
--

COPY public.auth_user_groups (id, user_id, group_id) FROM stdin;
\.


--
-- TOC entry 3787 (class 0 OID 16436)
-- Dependencies: 230
-- Data for Name: auth_user_user_permissions; Type: TABLE DATA; Schema: public; Owner: postgres
--

COPY public.auth_user_user_permissions (id, user_id, permission_id) FROM stdin;
\.


--
-- TOC entry 3789 (class 0 OID 16494)
-- Dependencies: 232
-- Data for Name: django_admin_log; Type: TABLE DATA; Schema: public; Owner: postgres
--

COPY public.django_admin_log (id, action_time, object_id, object_repr, action_flag, change_message, content_type_id, user_id) FROM stdin;
\.


--
-- TOC entry 3790 (class 0 OID 16523)
-- Dependencies: 233
-- Data for Name: django_apscheduler_djangojob; Type: TABLE DATA; Schema: public; Owner: postgres
--

COPY public.django_apscheduler_djangojob (id, next_run_time, job_state) FROM stdin;
data_import	\N	\\x8005954b010000000000007d94288c0776657273696f6e944b018c026964948c0b646174615f696d706f7274948c0466756e63948c40726573745f6170692e6d616e6167656d656e742e636f6d6d616e64732e72756e61707363686564756c65723a7363686564756c65645f646174615f656e747279948c0774726967676572948c2b726573745f6170692e6d616e6167656d656e742e636f6d6d616e64732e72756e61707363686564756c6572948c114d616e75616c4f6e6c79547269676765729493942981948c086578656375746f72948c0764656661756c74948c046172677394298c066b7761726773947d948c046e616d65948c147363686564756c65645f646174615f656e747279948c126d6973666972655f67726163655f74696d65944b018c08636f616c6573636594888c0d6d61785f696e7374616e636573944b018c0d6e6578745f72756e5f74696d65944e752e
delete_old_job_executions	2025-01-27 00:00:00+00	\\x80059553040000000000007d94288c0776657273696f6e944b018c026964948c1964656c6574655f6f6c645f6a6f625f657865637574696f6e73948c0466756e63948c45726573745f6170692e6d616e6167656d656e742e636f6d6d616e64732e72756e61707363686564756c65723a64656c6574655f6f6c645f6a6f625f657865637574696f6e73948c0774726967676572948c1961707363686564756c65722e74726967676572732e63726f6e948c0b43726f6e547269676765729493942981947d942868014b028c0874696d657a6f6e65948c086275696c74696e73948c07676574617474729493948c087a6f6e65696e666f948c085a6f6e65496e666f9493948c095f756e7069636b6c6594869452948c03555443944b01869452948c0a73746172745f64617465944e8c08656e645f64617465944e8c066669656c6473945d94288c2061707363686564756c65722e74726967676572732e63726f6e2e6669656c6473948c09426173654669656c649493942981947d94288c046e616d65948c0479656172948c0a69735f64656661756c7494888c0b65787072657373696f6e73945d948c2561707363686564756c65722e74726967676572732e63726f6e2e65787072657373696f6e73948c0d416c6c45787072657373696f6e9493942981947d948c0473746570944e7362617562681d8c0a4d6f6e74684669656c649493942981947d942868228c056d6f6e74689468248868255d9468292981947d94682c4e7362617562681d8c0f4461794f664d6f6e74684669656c649493942981947d942868228c036461799468248868255d9468292981947d94682c4e7362617562681d8c095765656b4669656c649493942981947d942868228c047765656b9468248868255d9468292981947d94682c4e7362617562681d8c0e4461794f665765656b4669656c649493942981947d942868228c0b6461795f6f665f7765656b9468248968255d9468278c165765656b64617952616e676545787072657373696f6e9493942981947d9428682c4e8c056669727374944b008c046c617374944b007562617562681f2981947d942868228c04686f75729468248968255d9468278c0f52616e676545787072657373696f6e9493942981947d9428682c4e684f4b0068504b007562617562681f2981947d942868228c066d696e7574659468248968255d9468562981947d9428682c4e684f4b0068504b007562617562681f2981947d942868228c067365636f6e649468248868255d9468562981947d9428682c4e684f4b0068504b007562617562658c066a6974746572944e75628c086578656375746f72948c0764656661756c74948c046172677394298c066b7761726773947d94682268038c126d6973666972655f67726163655f74696d65944b018c08636f616c6573636594888c0d6d61785f696e7374616e636573944b018c0d6e6578745f72756e5f74696d65948c086461746574696d65948c086461746574696d65949394430a07e9011b00000000000094681886945294752e
\.


--
-- TOC entry 3792 (class 0 OID 16533)
-- Dependencies: 235
-- Data for Name: django_apscheduler_djangojobexecution; Type: TABLE DATA; Schema: public; Owner: postgres
--

COPY public.django_apscheduler_djangojobexecution (id, status, run_time, duration, finished, exception, traceback, job_id) FROM stdin;
\.


--
-- TOC entry 3775 (class 0 OID 16394)
-- Dependencies: 218
-- Data for Name: django_content_type; Type: TABLE DATA; Schema: public; Owner: postgres
--

COPY public.django_content_type (id, app_label, model) FROM stdin;
1	admin	logentry
2	auth	permission
3	auth	group
4	auth	user
5	contenttypes	contenttype
6	sessions	session
7	rest_api	alignment
8	rest_api	annotationtype
9	rest_api	property
10	rest_api	sequence
11	rest_api	sample
12	rest_api	reference
13	rest_api	sample2property
14	rest_api	gene
15	rest_api	replicon
16	rest_api	genesegment
17	rest_api	lineage
18	rest_api	importlog
19	rest_api	fileprocessing
20	rest_api	processingjob
21	rest_api	nucleotidemutation
22	rest_api	aminoacidmutation
23	django_apscheduler	djangojob
24	django_apscheduler	djangojobexecution
\.


--
-- TOC entry 3773 (class 0 OID 16386)
-- Dependencies: 216
-- Data for Name: django_migrations; Type: TABLE DATA; Schema: public; Owner: postgres
--

COPY public.django_migrations (id, app, name, applied) FROM stdin;
1	contenttypes	0001_initial	2025-01-21 14:11:17.950802+00
2	auth	0001_initial	2025-01-21 14:11:18.007196+00
3	admin	0001_initial	2025-01-21 14:11:18.021301+00
4	admin	0002_logentry_remove_auto_add	2025-01-21 14:11:18.027106+00
5	admin	0003_logentry_add_action_flag_choices	2025-01-21 14:11:18.033537+00
6	contenttypes	0002_remove_content_type_name	2025-01-21 14:11:18.046623+00
7	auth	0002_alter_permission_name_max_length	2025-01-21 14:11:18.053739+00
8	auth	0003_alter_user_email_max_length	2025-01-21 14:11:18.060228+00
9	auth	0004_alter_user_username_opts	2025-01-21 14:11:18.068466+00
10	auth	0005_alter_user_last_login_null	2025-01-21 14:11:18.080825+00
11	auth	0006_require_contenttypes_0002	2025-01-21 14:11:18.081891+00
12	auth	0007_alter_validators_add_error_messages	2025-01-21 14:11:18.08748+00
13	auth	0008_alter_user_username_max_length	2025-01-21 14:11:18.096413+00
14	auth	0009_alter_user_last_name_max_length	2025-01-21 14:11:18.103345+00
15	auth	0010_alter_group_name_max_length	2025-01-21 14:11:18.11046+00
16	auth	0011_update_proxy_permissions	2025-01-21 14:11:18.115583+00
17	auth	0012_alter_user_first_name_max_length	2025-01-21 14:11:18.12265+00
18	django_apscheduler	0001_initial	2025-01-21 14:11:18.143526+00
19	django_apscheduler	0002_auto_20180412_0758	2025-01-21 14:11:18.14796+00
20	django_apscheduler	0003_auto_20200716_1632	2025-01-21 14:11:18.165189+00
21	django_apscheduler	0004_auto_20200717_1043	2025-01-21 14:11:18.200719+00
22	django_apscheduler	0005_migrate_name_to_id	2025-01-21 14:11:18.21768+00
23	django_apscheduler	0006_remove_djangojob_name	2025-01-21 14:11:18.221+00
24	django_apscheduler	0007_auto_20200717_1404	2025-01-21 14:11:18.237457+00
25	django_apscheduler	0008_remove_djangojobexecution_started	2025-01-21 14:11:18.249851+00
26	django_apscheduler	0009_djangojobexecution_unique_job_executions	2025-01-21 14:11:18.254731+00
27	rest_api	0001_initial	2025-01-21 14:11:18.476843+00
28	rest_api	0002_alter_sample2property_value_varchar_and_more	2025-01-21 14:11:18.487857+00
29	rest_api	0003_sample_properties_alter_element_accession_and_more	2025-01-21 14:11:18.601127+00
30	rest_api	0004_sample_properties_alter_sample2property_value_text	2025-01-21 14:11:18.623226+00
31	rest_api	0005_alter_alignment_id_alter_element_id_and_more	2025-01-21 14:11:18.725346+00
32	rest_api	0006_alignment2mutation_mutation_mutation2annotation_and_more	2025-01-21 14:11:19.008415+00
33	rest_api	0007_entereddata	2025-01-21 14:11:19.01277+00
34	rest_api	0008_alter_entereddata_name	2025-01-21 14:11:19.015599+00
35	rest_api	0009_remove_mutation_aa_profile_and_more	2025-01-21 14:11:19.186712+00
36	rest_api	0010_alter_mutation_unique_together	2025-01-21 14:11:19.204716+00
37	rest_api	0011_alter_mutation_unique_together	2025-01-21 14:11:19.215941+00
38	rest_api	0012_alter_mutation_unique_together	2025-01-21 14:11:19.230953+00
39	rest_api	0013_alter_entereddata_unique_together_and_more	2025-01-21 14:11:19.239566+00
40	rest_api	0014_sample_collection_date_sample_country_and_more	2025-01-21 14:11:19.2885+00
41	rest_api	0015_gene_genepart_sourceelement_remove_element_molecule_and_more	2025-01-21 14:11:19.378023+00
42	rest_api	0016_alter_gene_table	2025-01-21 14:11:19.383239+00
43	rest_api	0017_remove_gene_symbol	2025-01-21 14:11:19.388086+00
44	rest_api	0018_alter_mutation_element	2025-01-21 14:11:19.403448+00
45	rest_api	0019_replicon_rename_genepart_genesegment_and_more	2025-01-21 14:11:19.536484+00
46	rest_api	0020_remove_reference_standard	2025-01-21 14:11:19.539883+00
47	rest_api	0021_remove_alignment_element_remove_mutation_element_and_more	2025-01-21 14:11:19.582662+00
48	rest_api	0022_mutation_type	2025-01-21 14:11:19.589123+00
49	rest_api	0023_mutation_mutation_gene_id_2f1f1c_idx_and_more	2025-01-21 14:11:19.634238+00
50	rest_api	0024_mutation_mutation_label_94967f_idx	2025-01-21 14:11:19.642561+00
51	rest_api	0025_alignment_alignment_gene_id_81f250_idx	2025-01-21 14:11:19.652422+00
52	rest_api	0026_alignment2mutation_alignment2m_alignme_d1c719_idx	2025-01-21 14:11:19.660282+00
53	rest_api	0027_mutation_mutation_type_bf4ac1_idx	2025-01-21 14:11:19.672762+00
54	rest_api	0028_remove_mutation_mutation_label_94967f_idx_and_more	2025-01-21 14:11:19.722895+00
55	rest_api	0029_remove_alignment_alignment_gene_id_81f250_idx_and_more	2025-01-21 14:11:19.776245+00
56	rest_api	0030_delete_mutation2property	2025-01-21 14:11:19.783086+00
57	rest_api	0031_remove_annotationtype_test	2025-01-21 14:11:19.791056+00
58	rest_api	0032_annotationtype_impact	2025-01-21 14:11:19.794212+00
59	rest_api	0033_alter_alignment_id_alter_annotationtype_id_and_more	2025-01-21 14:11:19.869939+00
60	rest_api	0034_mutation_unique_mutation	2025-01-21 14:11:19.880896+00
61	rest_api	0035_mutation_unique_mutation_null_gene	2025-01-21 14:11:19.892915+00
62	rest_api	0036_alter_alignment2mutation_unique_together_and_more	2025-01-21 14:11:19.956657+00
63	rest_api	0037_mutation_unique_mutation_null_alt_and_more	2025-01-21 14:11:19.979486+00
64	rest_api	0038_annotationtype_unique_annotation_null_region	2025-01-21 14:11:19.983825+00
65	rest_api	0039_alter_gene_cds_accession_alter_gene_cds_symbol_and_more	2025-01-21 14:11:20.461753+00
66	rest_api	0040_alter_mutation_alt_alter_mutation_ref	2025-01-21 14:11:20.521772+00
67	rest_api	0041_reference_translation_id	2025-01-21 14:11:20.533985+00
68	rest_api	0042_alter_mutation_ref	2025-01-21 14:11:20.556472+00
69	rest_api	0043_alter_alignment_replicon_and_more	2025-01-21 14:11:20.686767+00
70	rest_api	0044_alter_mutation_gene_alter_mutation_replicon	2025-01-21 14:11:20.720254+00
71	rest_api	0045_alter_alignment_sequence	2025-01-21 14:11:20.734936+00
72	rest_api	0046_alter_alignment2mutation_mutation_and_more	2025-01-21 14:11:20.774951+00
73	rest_api	0047_alter_sample2property_value_float	2025-01-21 14:11:20.787919+00
74	rest_api	0048_lineage_lineagealias_delete_lineages_and_more	2025-01-21 14:11:20.835848+00
75	rest_api	0049_alter_mutation_alt	2025-01-21 14:11:20.857326+00
76	rest_api	0050_alter_sample_sequence	2025-01-21 14:11:20.871151+00
77	rest_api	0051_importlog_delete_entereddata_alter_sample_sequence_and_more	2025-01-21 14:11:20.889541+00
78	rest_api	0052_alter_mutation2annotation_alignment_and_more	2025-01-21 14:11:20.952001+00
79	rest_api	0053_fileprocessing_processingjob_and_more	2025-01-21 14:11:20.997781+00
80	rest_api	0054_alter_processingjob_entry_time_and_more	2025-01-21 14:11:21.010362+00
81	rest_api	0055_alter_gene_gene_accession	2025-01-21 14:11:21.024801+00
82	rest_api	0056_alter_mutation_alt_alter_mutation_ref	2025-01-21 14:11:21.062271+00
83	rest_api	0057_remove_sample_processing_date_and_more	2025-01-21 14:11:21.086099+00
84	rest_api	0058_remove_lineagealias_lineage_and_more	2025-01-21 14:11:21.112564+00
85	rest_api	0059_lineage_unique_lineage_parent_null	2025-01-21 14:11:21.117227+00
86	rest_api	0060_alter_importlog_type	2025-01-21 14:11:21.122643+00
87	rest_api	0061_auto_20241031_1135	2025-01-21 14:11:21.132112+00
88	rest_api	0062_sample_sample_name_be7a19_idx_and_more	2025-01-21 14:11:21.191695+00
89	rest_api	0063_remove_mutation_parent_id_mutation_parent	2025-01-21 14:11:21.218608+00
90	rest_api	0064_remove_mutation_alignments_remove_mutation_gene_and_more	2025-01-21 14:11:21.737813+00
91	rest_api	0065_nucleotidemutation_unique_nt_mutation_null_alt_null_ref	2025-01-21 14:11:21.751567+00
92	rest_api	0066_remove_nucleotidemutation_unique_nt_mutation_null_alt_and_more	2025-01-21 14:11:21.810534+00
93	rest_api	0067_remove_aminoacidmutation_unique_aa_mutation_null_gene_and_more	2025-01-21 14:11:22.004593+00
94	sessions	0001_initial	2025-01-21 14:11:22.016418+00
\.


--
-- TOC entry 3833 (class 0 OID 17946)
-- Dependencies: 276
-- Data for Name: django_session; Type: TABLE DATA; Schema: public; Owner: postgres
--

COPY public.django_session (session_key, session_data, expire_date) FROM stdin;
\.


--
-- TOC entry 3818 (class 0 OID 17669)
-- Dependencies: 261
-- Data for Name: file_processing; Type: TABLE DATA; Schema: public; Owner: postgres
--

COPY public.file_processing (id, file_name, processing_job_id) FROM stdin;
1	2025-01-21_14-13-45.364.784f12.zip	1
2	2025-01-21_14-13-51.333.024231.zip	1
3	2025-01-21_14-13-55.039.cli_prop_18737cea-2d9d-4731-b9b7-03458677bf28.zip	3
4	2025-01-21_14-22-44.522.cli_prop_0d709edd-fe86-4146-bee6-f61a4f4fb880.zip	4
\.


--
-- TOC entry 3808 (class 0 OID 17029)
-- Dependencies: 251
-- Data for Name: gene; Type: TABLE DATA; Schema: public; Owner: postgres
--

COPY public.gene (id, description, start, "end", strand, gene_symbol, gene_accession, gene_sequence, cds_sequence, replicon_id, cds_accession, cds_symbol) FROM stdin;
1	envelope protein	26244	26472	1	E	E	ATGTACTCATTCGTTTCGGAAGAGACAGGTACGTTAATAGTTAATAGCGTACTTCTTTTTCTTGCTTTCGTGGTATTCTTGCTAGTTACACTAGCCATCCTTACTGCGCTTCGATTGTGTGCGTACTGCTGCAATATTGTTAACGTGAGTCTTGTAAAACCTTCTTTTTACGTTTACTCTCGTGTTAAAAATCTGAATTCTTCTAGAGTTCCTGATCTTCTGGTCTAA	MYSFVSEETGTLIVNSVLLFLAFVVFLLVTLAILTALRLCAYCCNIVNVSLVKPSFYVYSRVKNLNSSRVPDLLV	1	QHD43418.1	E
2	membrane glycoprotein	26522	27191	1	M	M	ATGGCAGATTCCAACGGTACTATTACCGTTGAAGAGCTTAAAAAGCTCCTTGAACAATGGAACCTAGTAATAGGTTTCCTATTCCTTACATGGATTTGTCTTCTACAATTTGCCTATGCCAACAGGAATAGGTTTTTGTATATAATTAAGTTAATTTTCCTCTGGCTGTTATGGCCAGTAACTTTAGCTTGTTTTGTGCTTGCTGCTGTTTACAGAATAAATTGGATCACCGGTGGAATTGCTATCGCAATGGCTTGTCTTGTAGGCTTGATGTGGCTCAGCTACTTCATTGCTTCTTTCAGACTGTTTGCGCGTACGCGTTCCATGTGGTCATTCAATCCAGAAACTAACATTCTTCTCAACGTGCCACTCCATGGCACTATTCTGACCAGACCGCTTCTAGAAAGTGAACTCGTAATCGGAGCTGTGATCCTTCGTGGACATCTTCGTATTGCTGGACACCATCTAGGACGCTGTGACATCAAGGACCTGCCTAAAGAAATCACTGTTGCTACATCACGAACGCTTTCTTATTACAAATTGGGAGCTTCGCAGCGTGTAGCAGGTGACTCAGGTTTTGCTGCATACAGTCGCTACAGGATTGGCAACTATAAATTAAACACAGACCATTCCAGTAGCAGTGACAATATTGCTTTGCTTGTACAGTAA	MADSNGTITVEELKKLLEQWNLVIGFLFLTWICLLQFAYANRNRFLYIIKLIFLWLLWPVTLACFVLAAVYRINWITGGIAIAMACLVGLMWLSYFIASFRLFARTRSMWSFNPETNILLNVPLHGTILTRPLLESELVIGAVILRGHLRIAGHHLGRCDIKDLPKEITVATSRTLSYYKLGASQRVAGDSGFAAYSRYRIGNYKLNTDHSSSSDNIALLVQ	1	QHD43419.1	M
3	nucleocapsid phosphoprotein	28273	29533	1	N	N	ATGTCTGATAATGGACCCCAAAATCAGCGAAATGCACCCCGCATTACGTTTGGTGGACCCTCAGATTCAACTGGCAGTAACCAGAATGGAGAACGCAGTGGGGCGCGATCAAAACAACGTCGGCCCCAAGGTTTACCCAATAATACTGCGTCTTGGTTCACCGCTCTCACTCAACATGGCAAGGAAGACCTTAAATTCCCTCGAGGACAAGGCGTTCCAATTAACACCAATAGCAGTCCAGATGACCAAATTGGCTACTACCGAAGAGCTACCAGACGAATTCGTGGTGGTGACGGTAAAATGAAAGATCTCAGTCCAAGATGGTATTTCTACTACCTAGGAACTGGGCCAGAAGCTGGACTTCCCTATGGTGCTAACAAAGACGGCATCATATGGGTTGCAACTGAGGGAGCCTTGAATACACCAAAAGATCACATTGGCACCCGCAATCCTGCTAACAATGCTGCAATCGTGCTACAACTTCCTCAAGGAACAACATTGCCAAAAGGCTTCTACGCAGAAGGGAGCAGAGGCGGCAGTCAAGCCTCTTCTCGTTCCTCATCACGTAGTCGCAACAGTTCAAGAAATTCAACTCCAGGCAGCAGTAGGGGAACTTCTCCTGCTAGAATGGCTGGCAATGGCGGTGATGCTGCTCTTGCTTTGCTGCTGCTTGACAGATTGAACCAGCTTGAGAGCAAAATGTCTGGTAAAGGCCAACAACAACAAGGCCAAACTGTCACTAAGAAATCTGCTGCTGAGGCTTCTAAGAAGCCTCGGCAAAAACGTACTGCCACTAAAGCATACAATGTAACACAAGCTTTCGGCAGACGTGGTCCAGAACAAACCCAAGGAAATTTTGGGGACCAGGAACTAATCAGACAAGGAACTGATTACAAACATTGGCCGCAAATTGCACAATTTGCCCCCAGCGCTTCAGCGTTCTTCGGAATGTCGCGCATTGGCATGGAAGTCACACCTTCGGGAACGTGGTTGACCTACACAGGTGCCATCAAATTGGATGACAAAGATCCAAATTTCAAAGATCAAGTCATTTTGCTGAATAAGCATATTGACGCATACAAAACATTCCCACCAACAGAGCCTAAAAAGGACAAAAAGAAGAAGGCTGATGAAACTCAAGCCTTACCGCAGAGACAGAAGAAACAGCAAACTGTGACTCTTCTTCCTGCTGCAGATTTGGATGATTTCTCCAAACAATTGCAACAATCCATGAGCAGTGCTGACTCAACTCAGGCCTAA	MSDNGPQNQRNAPRITFGGPSDSTGSNQNGERSGARSKQRRPQGLPNNTASWFTALTQHGKEDLKFPRGQGVPINTNSSPDDQIGYYRRATRRIRGGDGKMKDLSPRWYFYYLGTGPEAGLPYGANKDGIIWVATEGALNTPKDHIGTRNPANNAAIVLQLPQGTTLPKGFYAEGSRGGSQASSRSSSRSRNSSRNSTPGSSRGTSPARMAGNGGDAALALLLLDRLNQLESKMSGKGQQQQGQTVTKKSAAEASKKPRQKRTATKAYNVTQAFGRRGPEQTQGNFGDQELIRQGTDYKHWPQIAQFAPSASAFFGMSRIGMEVTPSGTWLTYTGAIKLDDKDPNFKDQVILLNKHIDAYKTFPPTEPKKDKKKKADETQALPQRQKKQQTVTLLPAADLDDFSKQLQQSMSSADSTQA	1	QHD43423.2	N
4		265	13468	1	ORF1a	ORF1a	ATGGAGAGCCTTGTCCCTGGTTTCAACGAGAAAACACACGTCCAACTCAGTTTGCCTGTTTTACAGGTTCGCGACGTGCTCGTACGTGGCTTTGGAGACTCCGTGGAGGAGGTCTTATCAGAGGCACGTCAACATCTTAAAGATGGCACTTGTGGCTTAGTAGAAGTTGAAAAAGGCGTTTTGCCTCAACTTGAACAGCCCTATGTGTTCATCAAACGTTCGGATGCTCGAACTGCACCTCATGGTCATGTTATGGTTGAGCTGGTAGCAGAACTCGAAGGCATTCAGTACGGTCGTAGTGGTGAGACACTTGGTGTCCTTGTCCCTCATGTGGGCGAAATACCAGTGGCTTACCGCAAGGTTCTTCTTCGTAAGAACGGTAATAAAGGAGCTGGTGGCCATAGTTACGGCGCCGATCTAAAGTCATTTGACTTAGGCGACGAGCTTGGCACTGATCCTTATGAAGATTTTCAAGAAAACTGGAACACTAAACATAGCAGTGGTGTTACCCGTGAACTCATGCGTGAGCTTAACGGAGGGGCATACACTCGCTATGTCGATAACAACTTCTGTGGCCCTGATGGCTACCCTCTTGAGTGCATTAAAGACCTTCTAGCACGTGCTGGTAAAGCTTCATGCACTTTGTCCGAACAACTGGACTTTATTGACACTAAGAGGGGTGTATACTGCTGCCGTGAACATGAGCATGAAATTGCTTGGTACACGGAACGTTCTGAAAAGAGCTATGAATTGCAGACACCTTTTGAAATTAAATTGGCAAAGAAATTTGACACCTTCAATGGGGAATGTCCAAATTTTGTATTTCCCTTAAATTCCATAATCAAGACTATTCAACCAAGGGTTGAAAAGAAAAAGCTTGATGGCTTTATGGGTAGAATTCGATCTGTCTATCCAGTTGCGTCACCAAATGAATGCAACCAAATGTGCCTTTCAACTCTCATGAAGTGTGATCATTGTGGTGAAACTTCATGGCAGACGGGCGATTTTGTTAAAGCCACTTGCGAATTTTGTGGCACTGAGAATTTGACTAAAGAAGGTGCCACTACTTGTGGTTACTTACCCCAAAATGCTGTTGTTAAAATTTATTGTCCAGCATGTCACAATTCAGAAGTAGGACCTGAGCATAGTCTTGCCGAATACCATAATGAATCTGGCTTGAAAACCATTCTTCGTAAGGGTGGTCGCACTATTGCCTTTGGAGGCTGTGTGTTCTCTTATGTTGGTTGCCATAACAAGTGTGCCTATTGGGTTCCACGTGCTAGCGCTAACATAGGTTGTAACCATACAGGTGTTGTTGGAGAAGGTTCCGAAGGTCTTAATGACAACCTTCTTGAAATACTCCAAAAAGAGAAAGTCAACATCAATATTGTTGGTGACTTTAAACTTAATGAAGAGATCGCCATTATTTTGGCATCTTTTTCTGCTTCCACAAGTGCTTTTGTGGAAACTGTGAAAGGTTTGGATTATAAAGCATTCAAACAAATTGTTGAATCCTGTGGTAATTTTAAAGTTACAAAAGGAAAAGCTAAAAAAGGTGCCTGGAATATTGGTGAACAGAAATCAATACTGAGTCCTCTTTATGCATTTGCATCAGAGGCTGCTCGTGTTGTACGATCAATTTTCTCCCGCACTCTTGAAACTGCTCAAAATTCTGTGCGTGTTTTACAGAAGGCCGCTATAACAATACTAGATGGAATTTCACAGTATTCACTGAGACTCATTGATGCTATGATGTTCACATCTGATTTGGCTACTAACAATCTAGTTGTAATGGCCTACATTACAGGTGGTGTTGTTCAGTTGACTTCGCAGTGGCTAACTAACATCTTTGGCACTGTTTATGAAAAACTCAAACCCGTCCTTGATTGGCTTGAAGAGAAGTTTAAGGAAGGTGTAGAGTTTCTTAGAGACGGTTGGGAAATTGTTAAATTTATCTCAACCTGTGCTTGTGAAATTGTCGGTGGACAAATTGTCACCTGTGCAAAGGAAATTAAGGAGAGTGTTCAGACATTCTTTAAGCTTGTAAATAAATTTTTGGCTTTGTGTGCTGACTCTATCATTATTGGTGGAGCTAAACTTAAAGCCTTGAATTTAGGTGAAACATTTGTCACGCACTCAAAGGGATTGTACAGAAAGTGTGTTAAATCCAGAGAAGAAACTGGCCTACTCATGCCTCTAAAAGCCCCAAAAGAAATTATCTTCTTAGAGGGAGAAACACTTCCCACAGAAGTGTTAACAGAGGAAGTTGTCTTGAAAACTGGTGATTTACAACCATTAGAACAACCTACTAGTGAAGCTGTTGAAGCTCCATTGGTTGGTACACCAGTTTGTATTAACGGGCTTATGTTGCTCGAAATCAAAGACACAGAAAAGTACTGTGCCCTTGCACCTAATATGATGGTAACAAACAATACCTTCACACTCAAAGGCGGTGCACCAACAAAGGTTACTTTTGGTGATGACACTGTGATAGAAGTGCAAGGTTACAAGAGTGTGAATATCACTTTTGAACTTGATGAAAGGATTGATAAAGTACTTAATGAGAAGTGCTCTGCCTATACAGTTGAACTCGGTACAGAAGTAAATGAGTTCGCCTGTGTTGTGGCAGATGCTGTCATAAAAACTTTGCAACCAGTATCTGAATTACTTACACCACTGGGCATTGATTTAGATGAGTGGAGTATGGCTACATACTACTTATTTGATGAGTCTGGTGAGTTTAAATTGGCTTCACATATGTATTGTTCTTTCTACCCTCCAGATGAGGATGAAGAAGAAGGTGATTGTGAAGAAGAAGAGTTTGAGCCATCAACTCAATATGAGTATGGTACTGAAGATGATTACCAAGGTAAACCTTTGGAATTTGGTGCCACTTCTGCTGCTCTTCAACCTGAAGAAGAGCAAGAAGAAGATTGGTTAGATGATGATAGTCAACAAACTGTTGGTCAACAAGACGGCAGTGAGGACAATCAGACAACTACTATTCAAACAATTGTTGAGGTTCAACCTCAATTAGAGATGGAACTTACACCAGTTGTTCAGACTATTGAAGTGAATAGTTTTAGTGGTTATTTAAAACTTACTGACAATGTATACATTAAAAATGCAGACATTGTGGAAGAAGCTAAAAAGGTAAAACCAACAGTGGTTGTTAATGCAGCCAATGTTTACCTTAAACATGGAGGAGGTGTTGCAGGAGCCTTAAATAAGGCTACTAACAATGCCATGCAAGTTGAATCTGATGATTACATAGCTACTAATGGACCACTTAAAGTGGGTGGTAGTTGTGTTTTAAGCGGACACAATCTTGCTAAACACTGTCTTCATGTTGTCGGCCCAAATGTTAACAAAGGTGAAGACATTCAACTTCTTAAGAGTGCTTATGAAAATTTTAATCAGCACGAAGTTCTACTTGCACCATTATTATCAGCTGGTATTTTTGGTGCTGACCCTATACATTCTTTAAGAGTTTGTGTAGATACTGTTCGCACAAATGTCTACTTAGCTGTCTTTGATAAAAATCTCTATGACAAACTTGTTTCAAGCTTTTTGGAAATGAAGAGTGAAAAGCAAGTTGAACAAAAGATCGCTGAGATTCCTAAAGAGGAAGTTAAGCCATTTATAACTGAAAGTAAACCTTCAGTTGAACAGAGAAAACAAGATGATAAGAAAATCAAAGCTTGTGTTGAAGAAGTTACAACAACTCTGGAAGAAACTAAGTTCCTCACAGAAAACTTGTTACTTTATATTGACATTAATGGCAATCTTCATCCAGATTCTGCCACTCTTGTTAGTGACATTGACATCACTTTCTTAAAGAAAGATGCTCCATATATAGTGGGTGATGTTGTTCAAGAGGGTGTTTTAACTGCTGTGGTTATACCTACTAAAAAGGCTGGTGGCACTACTGAAATGCTAGCGAAAGCTTTGAGAAAAGTGCCAACAGACAATTATATAACCACTTACCCGGGTCAGGGTTTAAATGGTTACACTGTAGAGGAGGCAAAGACAGTGCTTAAAAAGTGTAAAAGTGCCTTTTACATTCTACCATCTATTATCTCTAATGAGAAGCAAGAAATTCTTGGAACTGTTTCTTGGAATTTGCGAGAAATGCTTGCACATGCAGAAGAAACACGCAAATTAATGCCTGTCTGTGTGGAAACTAAAGCCATAGTTTCAACTATACAGCGTAAATATAAGGGTATTAAAATACAAGAGGGTGTGGTTGATTATGGTGCTAGATTTTACTTTTACACCAGTAAAACAACTGTAGCGTCACTTATCAACACACTTAACGATCTAAATGAAACTCTTGTTACAATGCCACTTGGCTATGTAACACATGGCTTAAATTTGGAAGAAGCTGCTCGGTATATGAGATCTCTCAAAGTGCCAGCTACAGTTTCTGTTTCTTCACCTGATGCTGTTACAGCGTATAATGGTTATCTTACTTCTTCTTCTAAAACACCTGAAGAACATTTTATTGAAACCATCTCACTTGCTGGTTCCTATAAAGATTGGTCCTATTCTGGACAATCTACACAACTAGGTATAGAATTTCTTAAGAGAGGTGATAAAAGTGTATATTACACTAGTAATCCTACCACATTCCACCTAGATGGTGAAGTTATCACCTTTGACAATCTTAAGACACTTCTTTCTTTGAGAGAAGTGAGGACTATTAAGGTGTTTACAACAGTAGACAACATTAACCTCCACACGCAAGTTGTGGACATGTCAATGACATATGGACAACAGTTTGGTCCAACTTATTTGGATGGAGCTGATGTTACTAAAATAAAACCTCATAATTCACATGAAGGTAAAACATTTTATGTTTTACCTAATGATGACACTCTACGTGTTGAGGCTTTTGAGTACTACCACACAACTGATCCTAGTTTTCTGGGTAGGTACATGTCAGCATTAAATCACACTAAAAAGTGGAAATACCCACAAGTTAATGGTTTAACTTCTATTAAATGGGCAGATAACAACTGTTATCTTGCCACTGCATTGTTAACACTCCAACAAATAGAGTTGAAGTTTAATCCACCTGCTCTACAAGATGCTTATTACAGAGCAAGGGCTGGTGAAGCTGCTAACTTTTGTGCACTTATCTTAGCCTACTGTAATAAGACAGTAGGTGAGTTAGGTGATGTTAGAGAAACAATGAGTTACTTGTTTCAACATGCCAATTTAGATTCTTGCAAAAGAGTCTTGAACGTGGTGTGTAAAACTTGTGGACAACAGCAGACAACCCTTAAGGGTGTAGAAGCTGTTATGTACATGGGCACACTTTCTTATGAACAATTTAAGAAAGGTGTTCAGATACCTTGTACGTGTGGTAAACAAGCTACAAAATATCTAGTACAACAGGAGTCACCTTTTGTTATGATGTCAGCACCACCTGCTCAGTATGAACTTAAGCATGGTACATTTACTTGTGCTAGTGAGTACACTGGTAATTACCAGTGTGGTCACTATAAACATATAACTTCTAAAGAAACTTTGTATTGCATAGACGGTGCTTTACTTACAAAGTCCTCAGAATACAAAGGTCCTATTACGGATGTTTTCTACAAAGAAAACAGTTACACAACAACCATAAAACCAGTTACTTATAAATTGGATGGTGTTGTTTGTACAGAAATTGACCCTAAGTTGGACAATTATTATAAGAAAGACAATTCTTATTTCACAGAGCAACCAATTGATCTTGTACCAAACCAACCATATCCAAACGCAAGCTTCGATAATTTTAAGTTTGTATGTGATAATATCAAATTTGCTGATGATTTAAACCAGTTAACTGGTTATAAGAAACCTGCTTCAAGAGAGCTTAAAGTTACATTTTTCCCTGACTTAAATGGTGATGTGGTGGCTATTGATTATAAACACTACACACCCTCTTTTAAGAAAGGAGCTAAATTGTTACATAAACCTATTGTTTGGCATGTTAACAATGCAACTAATAAAGCCACGTATAAACCAAATACCTGGTGTATACGTTGTCTTTGGAGCACAAAACCAGTTGAAACATCAAATTCGTTTGATGTACTGAAGTCAGAGGACGCGCAGGGAATGGATAATCTTGCCTGCGAAGATCTAAAACCAGTCTCTGAAGAAGTAGTGGAAAATCCTACCATACAGAAAGACGTTCTTGAGTGTAATGTGAAAACTACCGAAGTTGTAGGAGACATTATACTTAAACCAGCAAATAATAGTTTAAAAATTACAGAAGAGGTTGGCCACACAGATCTAATGGCTGCTTATGTAGACAATTCTAGTCTTACTATTAAGAAACCTAATGAATTATCTAGAGTATTAGGTTTGAAAACCCTTGCTACTCATGGTTTAGCTGCTGTTAATAGTGTCCCTTGGGATACTATAGCTAATTATGCTAAGCCTTTTCTTAACAAAGTTGTTAGTACAACTACTAACATAGTTACACGGTGTTTAAACCGTGTTTGTACTAATTATATGCCTTATTTCTTTACTTTATTGCTACAATTGTGTACTTTTACTAGAAGTACAAATTCTAGAATTAAAGCATCTATGCCGACTACTATAGCAAAGAATACTGTTAAGAGTGTCGGTAAATTTTGTCTAGAGGCTTCATTTAATTATTTGAAGTCACCTAATTTTTCTAAACTGATAAATATTATAATTTGGTTTTTACTATTAAGTGTTTGCCTAGGTTCTTTAATCTACTCAACCGCTGCTTTAGGTGTTTTAATGTCTAATTTAGGCATGCCTTCTTACTGTACTGGTTACAGAGAAGGCTATTTGAACTCTACTAATGTCACTATTGCAACCTACTGTACTGGTTCTATACCTTGTAGTGTTTGTCTTAGTGGTTTAGATTCTTTAGACACCTATCCTTCTTTAGAAACTATACAAATTACCATTTCATCTTTTAAATGGGATTTAACTGCTTTTGGCTTAGTTGCAGAGTGGTTTTTGGCATATATTCTTTTCACTAGGTTTTTCTATGTACTTGGATTGGCTGCAATCATGCAATTGTTTTTCAGCTATTTTGCAGTACATTTTATTAGTAATTCTTGGCTTATGTGGTTAATAATTAATCTTGTACAAATGGCCCCGATTTCAGCTATGGTTAGAATGTACATCTTCTTTGCATCATTTTATTATGTATGGAAAAGTTATGTGCATGTTGTAGACGGTTGTAATTCATCAACTTGTATGATGTGTTACAAACGTAATAGAGCAACAAGAGTCGAATGTACAACTATTGTTAATGGTGTTAGAAGGTCCTTTTATGTCTATGCTAATGGAGGTAAAGGCTTTTGCAAACTACACAATTGGAATTGTGTTAATTGTGATACATTCTGTGCTGGTAGTACATTTATTAGTGATGAAGTTGCGAGAGACTTGTCACTACAGTTTAAAAGACCAATAAATCCTACTGACCAGTCTTCTTACATCGTTGATAGTGTTACAGTGAAGAATGGTTCCATCCATCTTTACTTTGATAAAGCTGGTCAAAAGACTTATGAAAGACATTCTCTCTCTCATTTTGTTAACTTAGACAACCTGAGAGCTAATAACACTAAAGGTTCATTGCCTATTAATGTTATAGTTTTTGATGGTAAATCAAAATGTGAAGAATCATCTGCAAAATCAGCGTCTGTTTACTACAGTCAGCTTATGTGTCAACCTATACTGTTACTAGATCAGGCATTAGTGTCTGATGTTGGTGATAGTGCGGAAGTTGCAGTTAAAATGTTTGATGCTTACGTTAATACGTTTTCATCAACTTTTAACGTACCAATGGAAAAACTCAAAACACTAGTTGCAACTGCAGAAGCTGAACTTGCAAAGAATGTGTCCTTAGACAATGTCTTATCTACTTTTATTTCAGCAGCTCGGCAAGGGTTTGTTGATTCAGATGTAGAAACTAAAGATGTTGTTGAATGTCTTAAATTGTCACATCAATCTGACATAGAAGTTACTGGCGATAGTTGTAATAACTATATGCTCACCTATAACAAAGTTGAAAACATGACACCCCGTGACCTTGGTGCTTGTATTGACTGTAGTGCGCGTCATATTAATGCGCAGGTAGCAAAAAGTCACAACATTGCTTTGATATGGAACGTTAAAGATTTCATGTCATTGTCTGAACAACTACGAAAACAAATACGTAGTGCTGCTAAAAAGAATAACTTACCTTTTAAGTTGACATGTGCAACTACTAGACAAGTTGTTAATGTTGTAACAACAAAGATAGCACTTAAGGGTGGTAAAATTGTTAATAATTGGTTGAAGCAGTTAATTAAAGTTACACTTGTGTTCCTTTTTGTTGCTGCTATTTTCTATTTAATAACACCTGTTCATGTCATGTCTAAACATACTGACTTTTCAAGTGAAATCATAGGATACAAGGCTATTGATGGTGGTGTCACTCGTGACATAGCATCTACAGATACTTGTTTTGCTAACAAACATGCTGATTTTGACACATGGTTTAGCCAGCGTGGTGGTAGTTATACTAATGACAAAGCTTGCCCATTGATTGCTGCAGTCATAACAAGAGAAGTGGGTTTTGTCGTGCCTGGTTTGCCTGGCACGATATTACGCACAACTAATGGTGACTTTTTGCATTTCTTACCTAGAGTTTTTAGTGCAGTTGGTAACATCTGTTACACACCATCAAAACTTATAGAGTACACTGACTTTGCAACATCAGCTTGTGTTTTGGCTGCTGAATGTACAATTTTTAAAGATGCTTCTGGTAAGCCAGTACCATATTGTTATGATACCAATGTACTAGAAGGTTCTGTTGCTTATGAAAGTTTACGCCCTGACACACGTTATGTGCTCATGGATGGCTCTATTATTCAATTTCCTAACACCTACCTTGAAGGTTCTGTTAGAGTGGTAACAACTTTTGATTCTGAGTACTGTAGGCACGGCACTTGTGAAAGATCAGAAGCTGGTGTTTGTGTATCTACTAGTGGTAGATGGGTACTTAACAATGATTATTACAGATCTTTACCAGGAGTTTTCTGTGGTGTAGATGCTGTAAATTTACTTACTAATATGTTTACACCACTAATTCAACCTATTGGTGCTTTGGACATATCAGCATCTATAGTAGCTGGTGGTATTGTAGCTATCGTAGTAACATGCCTTGCCTACTATTTTATGAGGTTTAGAAGAGCTTTTGGTGAATACAGTCATGTAGTTGCCTTTAATACTTTACTATTCCTTATGTCATTCACTGTACTCTGTTTAACACCAGTTTACTCATTCTTACCTGGTGTTTATTCTGTTATTTACTTGTACTTGACATTTTATCTTACTAATGATGTTTCTTTTTTAGCACATATTCAGTGGATGGTTATGTTCACACCTTTAGTACCTTTCTGGATAACAATTGCTTATATCATTTGTATTTCCACAAAGCATTTCTATTGGTTCTTTAGTAATTACCTAAAGAGACGTGTAGTCTTTAATGGTGTTTCCTTTAGTACTTTTGAAGAAGCTGCGCTGTGCACCTTTTTGTTAAATAAAGAAATGTATCTAAAGTTGCGTAGTGATGTGCTATTACCTCTTACGCAATATAATAGATACTTAGCTCTTTATAATAAGTACAAGTATTTTAGTGGAGCAATGGATACAACTAGCTACAGAGAAGCTGCTTGTTGTCATCTCGCAAAGGCTCTCAATGACTTCAGTAACTCAGGTTCTGATGTTCTTTACCAACCACCACAAACCTCTATCACCTCAGCTGTTTTGCAGAGTGGTTTTAGAAAAATGGCATTCCCATCTGGTAAAGTTGAGGGTTGTATGGTACAAGTAACTTGTGGTACAACTACACTTAACGGTCTTTGGCTTGATGACGTAGTTTACTGTCCAAGACATGTGATCTGCACCTCTGAAGACATGCTTAACCCTAATTATGAAGATTTACTCATTCGTAAGTCTAATCATAATTTCTTGGTACAGGCTGGTAATGTTCAACTCAGGGTTATTGGACATTCTATGCAAAATTGTGTACTTAAGCTTAAGGTTGATACAGCCAATCCTAAGACACCTAAGTATAAGTTTGTTCGCATTCAACCAGGACAGACTTTTTCAGTGTTAGCTTGTTACAATGGTTCACCATCTGGTGTTTACCAATGTGCTATGAGGCCCAATTTCACTATTAAGGGTTCATTCCTTAATGGTTCATGTGGTAGTGTTGGTTTTAACATAGATTATGACTGTGTCTCTTTTTGTTACATGCACCATATGGAATTACCAACTGGAGTTCATGCTGGCACAGACTTAGAAGGTAACTTTTATGGACCTTTTGTTGACAGGCAAACAGCACAAGCAGCTGGTACGGACACAACTATTACAGTTAATGTTTTAGCTTGGTTGTACGCTGCTGTTATAAATGGAGACAGGTGGTTTCTCAATCGATTTACCACAACTCTTAATGACTTTAACCTTGTGGCTATGAAGTACAATTATGAACCTCTAACACAAGACCATGTTGACATACTAGGACCTCTTTCTGCTCAAACTGGAATTGCCGTTTTAGATATGTGTGCTTCATTAAAAGAATTACTGCAAAATGGTATGAATGGACGTACCATATTGGGTAGTGCTTTATTAGAAGATGAATTTACACCTTTTGATGTTGTTAGACAATGCTCAGGTGTTACTTTCCAAAGTGCAGTGAAAAGAACAATCAAGGGTACACACCACTGGTTGTTACTCACAATTTTGACTTCACTTTTAGTTTTAGTCCAGAGTACTCAATGGTCTTTGTTCTTTTTTTTGTATGAAAATGCCTTTTTACCTTTTGCTATGGGTATTATTGCTATGTCTGCTTTTGCAATGATGTTTGTCAAACATAAGCATGCATTTCTCTGTTTGTTTTTGTTACCTTCTCTTGCCACTGTAGCTTATTTTAATATGGTCTATATGCCTGCTAGTTGGGTGATGCGTATTATGACATGGTTGGATATGGTTGATACTAGTTTGTCTGGTTTTAAGCTAAAAGACTGTGTTATGTATGCATCAGCTGTAGTGTTACTAATCCTTATGACAGCAAGAACTGTGTATGATGATGGTGCTAGGAGAGTGTGGACACTTATGAATGTCTTGACACTCGTTTATAAAGTTTATTATGGTAATGCTTTAGATCAAGCCATTTCCATGTGGGCTCTTATAATCTCTGTTACTTCTAACTACTCAGGTGTAGTTACAACTGTCATGTTTTTGGCCAGAGGTATTGTTTTTATGTGTGTTGAGTATTGCCCTATTTTCTTCATAACTGGTAATACACTTCAGTGTATAATGCTAGTTTATTGTTTCTTAGGCTATTTTTGTACTTGTTACTTTGGCCTCTTTTGTTTACTCAACCGCTACTTTAGACTGACTCTTGGTGTTTATGATTACTTAGTTTCTACACAGGAGTTTAGATATATGAATTCACAGGGACTACTCCCACCCAAGAATAGCATAGATGCCTTCAAACTCAACATTAAATTGTTGGGTGTTGGTGGCAAACCTTGTATCAAAGTAGCCACTGTACAGTCTAAAATGTCAGATGTAAAGTGCACATCAGTAGTCTTACTCTCAGTTTTGCAACAACTCAGAGTAGAATCATCATCTAAATTGTGGGCTCAATGTGTCCAGTTACACAATGACATTCTCTTAGCTAAAGATACTACTGAAGCCTTTGAAAAAATGGTTTCACTACTTTCTGTTTTGCTTTCCATGCAGGGTGCTGTAGACATAAACAAGCTTTGTGAAGAAATGCTGGACAACAGGGCAACCTTACAAGCTATAGCCTCAGAGTTTAGTTCCCTTCCATCATATGCAGCTTTTGCTACTGCTCAAGAAGCTTATGAGCAGGCTGTTGCTAATGGTGATTCTGAAGTTGTTCTTAAAAAGTTGAAGAAGTCTTTGAATGTGGCTAAATCTGAATTTGACCGTGATGCAGCCATGCAACGTAAGTTGGAAAAGATGGCTGATCAAGCTATGACCCAAATGTATAAACAGGCTAGATCTGAGGACAAGAGGGCAAAAGTTACTAGTGCTATGCAGACAATGCTTTTCACTATGCTTAGAAAGTTGGATAATGATGCACTCAACAACATTATCAACAATGCAAGAGATGGTTGTGTTCCCTTGAACATAATACCTCTTACAACAGCAGCCAAACTAATGGTTGTCATACCAGACTATAACACATATAAAAATACGTGTGATGGTACAACATTTACTTATGCATCAGCATTGTGGGAAATCCAACAGGTTGTAGATGCAGATAGTAAAATTGTTCAACTTAGTGAAATTAGTATGGACAATTCACCTAATTTAGCATGGCCTCTTATTGTAACAGCTTTAAGGGCCAATTCTGCTGTCAAATTACAGAATAATGAGCTTAGTCCTGTTGCACTACGACAGATGTCTTGTGCTGCCGGTACTACACAAACTGCTTGCACTGATGACAATGCGTTAGCTTACTACAACACAACAAAGGGAGGTAGGTTTGTACTTGCACTGTTATCCGATTTACAGGATTTGAAATGGGCTAGATTCCCTAAGAGTGATGGAACTGGTACTATCTATACAGAACTGGAACCACCTTGTAGGTTTGTTACAGACACACCTAAAGGTCCTAAAGTGAAGTATTTATACTTTATTAAAGGATTAAACAACCTAAATAGAGGTATGGTACTTGGTAGTTTAGCTGCCACAGTACGTCTACAAGCTGGTAATGCAACAGAAGTGCCTGCCAATTCAACTGTATTATCTTTCTGTGCTTTTGCTGTAGATGCTGCTAAAGCTTACAAAGATTATCTAGCTAGTGGGGGACAACCAATCACTAATTGTGTTAAGATGTTGTGTACACACACTGGTACTGGTCAGGCAATAACAGTTACACCGGAAGCCAATATGGATCAAGAATCCTTTGGTGGTGCATCGTGTTGTCTGTACTGCCGTTGCCACATAGATCATCCAAATCCTAAAGGATTTTGTGACTTAAAAGGTAAGTATGTACAAATACCTACAACTTGTGCTAATGACCCTGTGGGTTTTACACTTAAAAACACAGTCTGTACCGTCTGCGGTATGTGGAAAGGTTATGGCTGTAGTTGTGATCAACTCCGCGAACCCATGCTTCAGTCAGCTGATGCACAATCGTTTTTAAAC	MESLVPGFNEKTHVQLSLPVLQVRDVLVRGFGDSVEEVLSEARQHLKDGTCGLVEVEKGVLPQLEQPYVFIKRSDARTAPHGHVMVELVAELEGIQYGRSGETLGVLVPHVGEIPVAYRKVLLRKNGNKGAGGHSYGADLKSFDLGDELGTDPYEDFQENWNTKHSSGVTRELMRELNGGAYTRYVDNNFCGPDGYPLECIKDLLARAGKASCTLSEQLDFIDTKRGVYCCREHEHEIAWYTERSEKSYELQTPFEIKLAKKFDTFNGECPNFVFPLNSIIKTIQPRVEKKKLDGFMGRIRSVYPVASPNECNQMCLSTLMKCDHCGETSWQTGDFVKATCEFCGTENLTKEGATTCGYLPQNAVVKIYCPACHNSEVGPEHSLAEYHNESGLKTILRKGGRTIAFGGCVFSYVGCHNKCAYWVPRASANIGCNHTGVVGEGSEGLNDNLLEILQKEKVNINIVGDFKLNEEIAIILASFSASTSAFVETVKGLDYKAFKQIVESCGNFKVTKGKAKKGAWNIGEQKSILSPLYAFASEAARVVRSIFSRTLETAQNSVRVLQKAAITILDGISQYSLRLIDAMMFTSDLATNNLVVMAYITGGVVQLTSQWLTNIFGTVYEKLKPVLDWLEEKFKEGVEFLRDGWEIVKFISTCACEIVGGQIVTCAKEIKESVQTFFKLVNKFLALCADSIIIGGAKLKALNLGETFVTHSKGLYRKCVKSREETGLLMPLKAPKEIIFLEGETLPTEVLTEEVVLKTGDLQPLEQPTSEAVEAPLVGTPVCINGLMLLEIKDTEKYCALAPNMMVTNNTFTLKGGAPTKVTFGDDTVIEVQGYKSVNITFELDERIDKVLNEKCSAYTVELGTEVNEFACVVADAVIKTLQPVSELLTPLGIDLDEWSMATYYLFDESGEFKLASHMYCSFYPPDEDEEEGDCEEEEFEPSTQYEYGTEDDYQGKPLEFGATSAALQPEEEQEEDWLDDDSQQTVGQQDGSEDNQTTTIQTIVEVQPQLEMELTPVVQTIEVNSFSGYLKLTDNVYIKNADIVEEAKKVKPTVVVNAANVYLKHGGGVAGALNKATNNAMQVESDDYIATNGPLKVGGSCVLSGHNLAKHCLHVVGPNVNKGEDIQLLKSAYENFNQHEVLLAPLLSAGIFGADPIHSLRVCVDTVRTNVYLAVFDKNLYDKLVSSFLEMKSEKQVEQKIAEIPKEEVKPFITESKPSVEQRKQDDKKIKACVEEVTTTLEETKFLTENLLLYIDINGNLHPDSATLVSDIDITFLKKDAPYIVGDVVQEGVLTAVVIPTKKAGGTTEMLAKALRKVPTDNYITTYPGQGLNGYTVEEAKTVLKKCKSAFYILPSIISNEKQEILGTVSWNLREMLAHAEETRKLMPVCVETKAIVSTIQRKYKGIKIQEGVVDYGARFYFYTSKTTVASLINTLNDLNETLVTMPLGYVTHGLNLEEAARYMRSLKVPATVSVSSPDAVTAYNGYLTSSSKTPEEHFIETISLAGSYKDWSYSGQSTQLGIEFLKRGDKSVYYTSNPTTFHLDGEVITFDNLKTLLSLREVRTIKVFTTVDNINLHTQVVDMSMTYGQQFGPTYLDGADVTKIKPHNSHEGKTFYVLPNDDTLRVEAFEYYHTTDPSFLGRYMSALNHTKKWKYPQVNGLTSIKWADNNCYLATALLTLQQIELKFNPPALQDAYYRARAGEAANFCALILAYCNKTVGELGDVRETMSYLFQHANLDSCKRVLNVVCKTCGQQQTTLKGVEAVMYMGTLSYEQFKKGVQIPCTCGKQATKYLVQQESPFVMMSAPPAQYELKHGTFTCASEYTGNYQCGHYKHITSKETLYCIDGALLTKSSEYKGPITDVFYKENSYTTTIKPVTYKLDGVVCTEIDPKLDNYYKKDNSYFTEQPIDLVPNQPYPNASFDNFKFVCDNIKFADDLNQLTGYKKPASRELKVTFFPDLNGDVVAIDYKHYTPSFKKGAKLLHKPIVWHVNNATNKATYKPNTWCIRCLWSTKPVETSNSFDVLKSEDAQGMDNLACEDLKPVSEEVVENPTIQKDVLECNVKTTEVVGDIILKPANNSLKITEEVGHTDLMAAYVDNSSLTIKKPNELSRVLGLKTLATHGLAAVNSVPWDTIANYAKPFLNKVVSTTTNIVTRCLNRVCTNYMPYFFTLLLQLCTFTRSTNSRIKASMPTTIAKNTVKSVGKFCLEASFNYLKSPNFSKLINIIIWFLLLSVCLGSLIYSTAALGVLMSNLGMPSYCTGYREGYLNSTNVTIATYCTGSIPCSVCLSGLDSLDTYPSLETIQITISSFKWDLTAFGLVAEWFLAYILFTRFFYVLGLAAIMQLFFSYFAVHFISNSWLMWLIINLVQMAPISAMVRMYIFFASFYYVWKSYVHVVDGCNSSTCMMCYKRNRATRVECTTIVNGVRRSFYVYANGGKGFCKLHNWNCVNCDTFCAGSTFISDEVARDLSLQFKRPINPTDQSSYIVDSVTVKNGSIHLYFDKAGQKTYERHSLSHFVNLDNLRANNTKGSLPINVIVFDGKSKCEESSAKSASVYYSQLMCQPILLLDQALVSDVGDSAEVAVKMFDAYVNTFSSTFNVPMEKLKTLVATAEAELAKNVSLDNVLSTFISAARQGFVDSDVETKDVVECLKLSHQSDIEVTGDSCNNYMLTYNKVENMTPRDLGACIDCSARHINAQVAKSHNIALIWNVKDFMSLSEQLRKQIRSAAKKNNLPFKLTCATTRQVVNVVTTKIALKGGKIVNNWLKQLIKVTLVFLFVAAIFYLITPVHVMSKHTDFSSEIIGYKAIDGGVTRDIASTDTCFANKHADFDTWFSQRGGSYTNDKACPLIAAVITREVGFVVPGLPGTILRTTNGDFLHFLPRVFSAVGNICYTPSKLIEYTDFATSACVLAAECTIFKDASGKPVPYCYDTNVLEGSVAYESLRPDTRYVLMDGSIIQFPNTYLEGSVRVVTTFDSEYCRHGTCERSEAGVCVSTSGRWVLNNDYYRSLPGVFCGVDAVNLLTNMFTPLIQPIGALDISASIVAGGIVAIVVTCLAYYFMRFRRAFGEYSHVVAFNTLLFLMSFTVLCLTPVYSFLPGVYSVIYLYLTFYLTNDVSFLAHIQWMVMFTPLVPFWITIAYIICISTKHFYWFFSNYLKRRVVFNGVSFSTFEEAALCTFLLNKEMYLKLRSDVLLPLTQYNRYLALYNKYKYFSGAMDTTSYREAACCHLAKALNDFSNSGSDVLYQPPQTSITSAVLQSGFRKMAFPSGKVEGCMVQVTCGTTTLNGLWLDDVVYCPRHVICTSEDMLNPNYEDLLIRKSNHNFLVQAGNVQLRVIGHSMQNCVLKLKVDTANPKTPKYKFVRIQPGQTFSVLACYNGSPSGVYQCAMRPNFTIKGSFLNGSCGSVGFNIDYDCVSFCYMHHMELPTGVHAGTDLEGNFYGPFVDRQTAQAAGTDTTITVNVLAWLYAAVINGDRWFLNRFTTTLNDFNLVAMKYNYEPLTQDHVDILGPLSAQTGIAVLDMCASLKELLQNGMNGRTILGSALLEDEFTPFDVVRQCSGVTFQSAVKRTIKGTHHWLLLTILTSLLVLVQSTQWSLFFFLYENAFLPFAMGIIAMSAFAMMFVKHKHAFLCLFLLPSLATVAYFNMVYMPASWVMRIMTWLDMVDTSLSGFKLKDCVMYASAVVLLILMTARTVYDDGARRVWTLMNVLTLVYKVYYGNALDQAISMWALIISVTSNYSGVVTTVMFLARGIVFMCVEYCPIFFITGNTLQCIMLVYCFLGYFCTCYFGLFCLLNRYFRLTLGVYDYLVSTQEFRYMNSQGLLPPKNSIDAFKLNIKLLGVGGKPCIKVATVQSKMSDVKCTSVVLLSVLQQLRVESSSKLWAQCVQLHNDILLAKDTTEAFEKMVSLLSVLLSMQGAVDINKLCEEMLDNRATLQAIASEFSSLPSYAAFATAQEAYEQAVANGDSEVVLKKLKKSLNVAKSEFDRDAAMQRKLEKMADQAMTQMYKQARSEDKRAKVTSAMQTMLFTMLRKLDNDALNNIINNARDGCVPLNIIPLTTAAKLMVVIPDYNTYKNTCDGTTFTYASALWEIQQVVDADSKIVQLSEISMDNSPNLAWPLIVTALRANSAVKLQNNELSPVALRQMSCAAGTTQTACTDDNALAYYNTTKGGRFVLALLSDLQDLKWARFPKSDGTGTIYTELEPPCRFVTDTPKGPKVKYLYFIKGLNNLNRGMVLGSLAATVRLQAGNATEVPANSTVLSFCAFAVDAAKAYKDYLASGGQPITNCVKMLCTHTGTGQAITVTPEANMDQESFGGASCCLYCRCHIDHPNPKGFCDLKGKYVQIPTTCANDPVGFTLKNTVCTVCGMWKGYGCSCDQLREPMLQSADAQSFLN	1	ORF1a	ORF1a
5		13467	21555	1	ORF1b	ORF1b	CGGGTTTGCGGTGTAAGTGCAGCCCGTCTTACACCGTGCGGCACAGGCACTAGTACTGATGTCGTATACAGGGCTTTTGACATCTACAATGATAAAGTAGCTGGTTTTGCTAAATTCCTAAAAACTAATTGTTGTCGCTTCCAAGAAAAGGACGAAGATGACAATTTAATTGATTCTTACTTTGTAGTTAAGAGACACACTTTCTCTAACTACCAACATGAAGAAACAATTTATAATTTACTTAAGGATTGTCCAGCTGTTGCTAAACATGACTTCTTTAAGTTTAGAATAGACGGTGACATGGTACCACATATATCACGTCAACGTCTTACTAAATACACAATGGCAGACCTCGTCTATGCTTTAAGGCATTTTGATGAAGGTAATTGTGACACATTAAAAGAAATACTTGTCACATACAATTGTTGTGATGATGATTATTTCAATAAAAAGGACTGGTATGATTTTGTAGAAAACCCAGATATATTACGCGTATACGCCAACTTAGGTGAACGTGTACGCCAAGCTTTGTTAAAAACAGTACAATTCTGTGATGCCATGCGAAATGCTGGTATTGTTGGTGTACTGACATTAGATAATCAAGATCTCAATGGTAACTGGTATGATTTCGGTGATTTCATACAAACCACGCCAGGTAGTGGAGTTCCTGTTGTAGATTCTTATTATTCATTGTTAATGCCTATATTAACCTTGACCAGGGCTTTAACTGCAGAGTCACATGTTGACACTGACTTAACAAAGCCTTACATTAAGTGGGATTTGTTAAAATATGACTTCACGGAAGAGAGGTTAAAACTCTTTGACCGTTATTTTAAATATTGGGATCAGACATACCACCCAAATTGTGTTAACTGTTTGGATGACAGATGCATTCTGCATTGTGCAAACTTTAATGTTTTATTCTCTACAGTGTTCCCACCTACAAGTTTTGGACCACTAGTGAGAAAAATATTTGTTGATGGTGTTCCATTTGTAGTTTCAACTGGATACCACTTCAGAGAGCTAGGTGTTGTACATAATCAGGATGTAAACTTACATAGCTCTAGACTTAGTTTTAAGGAATTACTTGTGTATGCTGCTGACCCTGCTATGCACGCTGCTTCTGGTAATCTATTACTAGATAAACGCACTACGTGCTTTTCAGTAGCTGCACTTACTAACAATGTTGCTTTTCAAACTGTCAAACCCGGTAATTTTAACAAAGACTTCTATGACTTTGCTGTGTCTAAGGGTTTCTTTAAGGAAGGAAGTTCTGTTGAATTAAAACACTTCTTCTTTGCTCAGGATGGTAATGCTGCTATCAGCGATTATGACTACTATCGTTATAATCTACCAACAATGTGTGATATCAGACAACTACTATTTGTAGTTGAAGTTGTTGATAAGTACTTTGATTGTTACGATGGTGGCTGTATTAATGCTAACCAAGTCATCGTCAACAACCTAGACAAATCAGCTGGTTTTCCATTTAATAAATGGGGTAAGGCTAGACTTTATTATGATTCAATGAGTTATGAGGATCAAGATGCACTTTTCGCATATACAAAACGTAATGTCATCCCTACTATAACTCAAATGAATCTTAAGTATGCCATTAGTGCAAAGAATAGAGCTCGCACCGTAGCTGGTGTCTCTATCTGTAGTACTATGACCAATAGACAGTTTCATCAAAAATTATTGAAATCAATAGCCGCCACTAGAGGAGCTACTGTAGTAATTGGAACAAGCAAATTCTATGGTGGTTGGCACAACATGTTAAAAACTGTTTATAGTGATGTAGAAAACCCTCACCTTATGGGTTGGGATTATCCTAAATGTGATAGAGCCATGCCTAACATGCTTAGAATTATGGCCTCACTTGTTCTTGCTCGCAAACATACAACGTGTTGTAGCTTGTCACACCGTTTCTATAGATTAGCTAATGAGTGTGCTCAAGTATTGAGTGAAATGGTCATGTGTGGCGGTTCACTATATGTTAAACCAGGTGGAACCTCATCAGGAGATGCCACAACTGCTTATGCTAATAGTGTTTTTAACATTTGTCAAGCTGTCACGGCCAATGTTAATGCACTTTTATCTACTGATGGTAACAAAATTGCCGATAAGTATGTCCGCAATTTACAACACAGACTTTATGAGTGTCTCTATAGAAATAGAGATGTTGACACAGACTTTGTGAATGAGTTTTACGCATATTTGCGTAAACATTTCTCAATGATGATACTCTCTGACGATGCTGTTGTGTGTTTCAATAGCACTTATGCATCTCAAGGTCTAGTGGCTAGCATAAAGAACTTTAAGTCAGTTCTTTATTATCAAAACAATGTTTTTATGTCTGAAGCAAAATGTTGGACTGAGACTGACCTTACTAAAGGACCTCATGAATTTTGCTCTCAACATACAATGCTAGTTAAACAGGGTGATGATTATGTGTACCTTCCTTACCCAGATCCATCAAGAATCCTAGGGGCCGGCTGTTTTGTAGATGATATCGTAAAAACAGATGGTACACTTATGATTGAACGGTTCGTGTCTTTAGCTATAGATGCTTACCCACTTACTAAACATCCTAATCAGGAGTATGCTGATGTCTTTCATTTGTACTTACAATACATAAGAAAGCTACATGATGAGTTAACAGGACACATGTTAGACATGTATTCTGTTATGCTTACTAATGATAACACTTCAAGGTATTGGGAACCTGAGTTTTATGAGGCTATGTACACACCGCATACAGTCTTACAGGCTGTTGGGGCTTGTGTTCTTTGCAATTCACAGACTTCATTAAGATGTGGTGCTTGCATACGTAGACCATTCTTATGTTGTAAATGCTGTTACGACCATGTCATATCAACATCACATAAATTAGTCTTGTCTGTTAATCCGTATGTTTGCAATGCTCCAGGTTGTGATGTCACAGATGTGACTCAACTTTACTTAGGAGGTATGAGCTATTATTGTAAATCACATAAACCACCCATTAGTTTTCCATTGTGTGCTAATGGACAAGTTTTTGGTTTATATAAAAATACATGTGTTGGTAGCGATAATGTTACTGACTTTAATGCAATTGCAACATGTGACTGGACAAATGCTGGTGATTACATTTTAGCTAACACCTGTACTGAAAGACTCAAGCTTTTTGCAGCAGAAACGCTCAAAGCTACTGAGGAGACATTTAAACTGTCTTATGGTATTGCTACTGTACGTGAAGTGCTGTCTGACAGAGAATTACATCTTTCATGGGAAGTTGGTAAACCTAGACCACCACTTAACCGAAATTATGTCTTTACTGGTTATCGTGTAACTAAAAACAGTAAAGTACAAATAGGAGAGTACACCTTTGAAAAAGGTGACTATGGTGATGCTGTTGTTTACCGAGGTACAACAACTTACAAATTAAATGTTGGTGATTATTTTGTGCTGACATCACATACAGTAATGCCATTAAGTGCACCTACACTAGTGCCACAAGAGCACTATGTTAGAATTACTGGCTTATACCCAACACTCAATATCTCAGATGAGTTTTCTAGCAATGTTGCAAATTATCAAAAGGTTGGTATGCAAAAGTATTCTACACTCCAGGGACCACCTGGTACTGGTAAGAGTCATTTTGCTATTGGCCTAGCTCTCTACTACCCTTCTGCTCGCATAGTGTATACAGCTTGCTCTCATGCCGCTGTTGATGCACTATGTGAGAAGGCATTAAAATATTTGCCTATAGATAAATGTAGTAGAATTATACCTGCACGTGCTCGTGTAGAGTGTTTTGATAAATTCAAAGTGAATTCAACATTAGAACAGTATGTCTTTTGTACTGTAAATGCATTGCCTGAGACGACAGCAGATATAGTTGTCTTTGATGAAATTTCAATGGCCACAAATTATGATTTGAGTGTTGTCAATGCCAGATTACGTGCTAAGCACTATGTGTACATTGGCGACCCTGCTCAATTACCTGCACCACGCACATTGCTAACTAAGGGCACACTAGAACCAGAATATTTCAATTCAGTGTGTAGACTTATGAAAACTATAGGTCCAGACATGTTCCTCGGAACTTGTCGGCGTTGTCCTGCTGAAATTGTTGACACTGTGAGTGCTTTGGTTTATGATAATAAGCTTAAAGCACATAAAGACAAATCAGCTCAATGCTTTAAAATGTTTTATAAGGGTGTTATCACGCATGATGTTTCATCTGCAATTAACAGGCCACAAATAGGCGTGGTAAGAGAATTCCTTACACGTAACCCTGCTTGGAGAAAAGCTGTCTTTATTTCACCTTATAATTCACAGAATGCTGTAGCCTCAAAGATTTTGGGACTACCAACTCAAACTGTTGATTCATCACAGGGCTCAGAATATGACTATGTCATATTCACTCAAACCACTGAAACAGCTCACTCTTGTAATGTAAACAGATTTAATGTTGCTATTACCAGAGCAAAAGTAGGCATACTTTGCATAATGTCTGATAGAGACCTTTATGACAAGTTGCAATTTACAAGTCTTGAAATTCCACGTAGGAATGTGGCAACTTTACAAGCTGAAAATGTAACAGGACTCTTTAAAGATTGTAGTAAGGTAATCACTGGGTTACATCCTACACAGGCACCTACACACCTCAGTGTTGACACTAAATTCAAAACTGAAGGTTTATGTGTTGACATACCTGGCATACCTAAGGACATGACCTATAGAAGACTCATCTCTATGATGGGTTTTAAAATGAATTATCAAGTTAATGGTTACCCTAACATGTTTATCACCCGCGAAGAAGCTATAAGACATGTACGTGCATGGATTGGCTTCGATGTCGAGGGGTGTCATGCTACTAGAGAAGCTGTTGGTACCAATTTACCTTTACAGCTAGGTTTTTCTACAGGTGTTAACCTAGTTGCTGTACCTACAGGTTATGTTGATACACCTAATAATACAGATTTTTCCAGAGTTAGTGCTAAACCACCGCCTGGAGATCAATTTAAACACCTCATACCACTTATGTACAAAGGACTTCCTTGGAATGTAGTGCGTATAAAGATTGTACAAATGTTAAGTGACACACTTAAAAATCTCTCTGACAGAGTCGTATTTGTCTTATGGGCACATGGCTTTGAGTTGACATCTATGAAGTATTTTGTGAAAATAGGACCTGAGCGCACCTGTTGTCTATGTGATAGACGTGCCACATGCTTTTCCACTGCTTCAGACACTTATGCCTGTTGGCATCATTCTATTGGATTTGATTACGTCTATAATCCGTTTATGATTGATGTTCAACAATGGGGTTTTACAGGTAACCTACAAAGCAACCATGATCTGTATTGTCAAGTCCATGGTAATGCACATGTAGCTAGTTGTGATGCAATCATGACTAGGTGTCTAGCTGTCCACGAGTGCTTTGTTAAGCGTGTTGACTGGACTATTGAATATCCTATAATTGGTGATGAACTGAAGATTAATGCGGCTTGTAGAAAGGTTCAACACATGGTTGTTAAAGCTGCATTATTAGCAGACAAATTCCCAGTTCTTCACGACATTGGTAACCCTAAAGCTATTAAGTGTGTACCTCAAGCTGATGTAGAATGGAAGTTCTATGATGCACAGCCTTGTAGTGACAAAGCTTATAAAATAGAAGAATTATTCTATTCTTATGCCACACATTCTGACAAATTCACAGATGGTGTATGCCTATTTTGGAATTGCAATGTCGATAGATATCCTGCTAATTCCATTGTTTGTAGATTTGACACTAGAGTGCTATCTAACCTTAACTTGCCTGGTTGTGATGGTGGCAGTTTGTATGTAAATAAACATGCATTCCACACACCAGCTTTTGATAAAAGTGCTTTTGTTAATTTAAAACAATTACCATTTTTCTATTACTCTGACAGTCCATGTGAGTCTCATGGAAAACAAGTAGTGTCAGATATAGATTATGTACCACTAAAGTCTGCTACGTGTATAACACGTTGCAATTTAGGTGGTGCTGTCTGTAGACATCATGCTAATGAGTACAGATTGTATCTCGATGCTTATAACATGATGATCTCAGCTGGCTTTAGCTTGTGGGTTTACAAACAATTTGATACTTATAACCTCTGGAACACTTTTACAAGACTTCAGAGTTTAGAAAATGTGGCTTTTAATGTTGTAAATAAGGGACACTTTGATGGACAACAGGGTGAAGTACCAGTTTCTATCATTAATAACACTGTTTACACAAAAGTTGATGGTGTTGATGTAGAATTGTTTGAAAATAAAACAACATTACCTGTTAATGTAGCATTTGAGCTTTGGGCTAAGCGCAACATTAAACCAGTACCAGAGGTGAAAATACTCAATAATTTGGGTGTGGACATTGCTGCTAATACTGTGATCTGGGACTACAAAAGAGATGCTCCAGCACATATATCTACTATTGGTGTTTGTTCTATGACTGACATAGCCAAGAAACCAACTGAAACGATTTGTGCACCACTCACTGTCTTTTTTGATGGTAGAGTTGATGGTCAAGTAGACTTATTTAGAAATGCCCGTAATGGTGTTCTTATTACAGAAGGTAGTGTTAAAGGTTTACAACCATCTGTAGGTCCCAAACAAGCTAGTCTTAATGGAGTCACATTAATTGGAGAAGCCGTAAAAACACAGTTCAATTATTATAAGAAAGTTGATGGTGTTGTCCAACAATTACCTGAAACTTACTTTACTCAGAGTAGAAATTTACAAGAATTTAAACCCAGGAGTCAAATGGAAATTGATTTCTTAGAATTAGCTATGGATGAATTCATTGAACGGTATAAATTAGAAGGCTATGCCTTCGAACATATCGTTTATGGAGATTTTAGTCATAGTCAGTTAGGTGGTTTACATCTACTGATTGGACTAGCTAAACGTTTTAAGGAATCACCTTTTGAATTAGAAGATTTTATTCCTATGGACAGTACAGTTAAAAACTATTTCATAACAGATGCGCAAACAGGTTCATCTAAGTGTGTGTGTTCTGTTATTGATTTATTACTTGATGATTTTGTTGAAATAATAAAATCCCAAGATTTATCTGTAGTTTCTAAGGTTGTCAAAGTGACTATTGACTATACAGAAATTTCATTTATGCTTTGGTGTAAAGATGGCCATGTAGAAACATTTTACCCAAAATTACAATCTAGTCAAGCGTGGCAACCGGGTGTTGCTATGCCTAATCTTTACAAAATGCAAAGAATGCTATTAGAAAAGTGTGACCTTCAAAATTATGGTGATAGTGCAACATTACCTAAAGGCATAATGATGAATGTCGCAAAATATACTCAACTGTGTCAATATTTAAACACATTAACATTAGCTGTACCCTATAATATGAGAGTTATACATTTTGGTGCTGGTTCTGATAAAGGAGTTGCACCAGGTACAGCTGTTTTAAGACAGTGGTTGCCTACGGGTACGCTGCTTGTCGATTCAGATCTTAATGACTTTGTCTCTGATGCAGATTCAACTTTGATTGGTGATTGTGCAACTGTACATACAGCTAATAAATGGGATCTCATTATTAGTGATATGTACGACCCTAAGACTAAAAATGTTACAAAAGAAAATGACTCTAAAGAGGGTTTTTTCACTTACATTTGTGGGTTTATACAACAAAAGCTAGCTCTTGGAGGTTCCGTGGCTATAAAGATAACAGAACATTCTTGGAATGCTGATCTTTATAAGCTCATGGGACACTTCGCATGGTGGACAGCCTTTGTTACTAATGTGAATGCGTCATCATCTGAAGCATTTTTAATTGGATGTAATTATCTTGGCAAACCACGCGAACAAATAGATGGTTATGTCATGCATGCAAATTACATATTTTGGAGGAATACAAATCCAATTCAGTTGTCTTCCTATTCTTTATTTGACATGAGTAAATTTCCCCTTAAATTAAGGGGTACTGCTGTTATGTCTTTAAAAGAAGGTCAAATCAATGATATGATTTTATCTCTTCTTAGTAAAGGTAGACTTATAATTAGAGAAAACAACAGAGTTGTTATTTCTAGTGATGTTCTTGTTAACAACTAA	RVCGVSAARLTPCGTGTSTDVVYRAFDIYNDKVAGFAKFLKTNCCRFQEKDEDDNLIDSYFVVKRHTFSNYQHEETIYNLLKDCPAVAKHDFFKFRIDGDMVPHISRQRLTKYTMADLVYALRHFDEGNCDTLKEILVTYNCCDDDYFNKKDWYDFVENPDILRVYANLGERVRQALLKTVQFCDAMRNAGIVGVLTLDNQDLNGNWYDFGDFIQTTPGSGVPVVDSYYSLLMPILTLTRALTAESHVDTDLTKPYIKWDLLKYDFTEERLKLFDRYFKYWDQTYHPNCVNCLDDRCILHCANFNVLFSTVFPPTSFGPLVRKIFVDGVPFVVSTGYHFRELGVVHNQDVNLHSSRLSFKELLVYAADPAMHAASGNLLLDKRTTCFSVAALTNNVAFQTVKPGNFNKDFYDFAVSKGFFKEGSSVELKHFFFAQDGNAAISDYDYYRYNLPTMCDIRQLLFVVEVVDKYFDCYDGGCINANQVIVNNLDKSAGFPFNKWGKARLYYDSMSYEDQDALFAYTKRNVIPTITQMNLKYAISAKNRARTVAGVSICSTMTNRQFHQKLLKSIAATRGATVVIGTSKFYGGWHNMLKTVYSDVENPHLMGWDYPKCDRAMPNMLRIMASLVLARKHTTCCSLSHRFYRLANECAQVLSEMVMCGGSLYVKPGGTSSGDATTAYANSVFNICQAVTANVNALLSTDGNKIADKYVRNLQHRLYECLYRNRDVDTDFVNEFYAYLRKHFSMMILSDDAVVCFNSTYASQGLVASIKNFKSVLYYQNNVFMSEAKCWTETDLTKGPHEFCSQHTMLVKQGDDYVYLPYPDPSRILGAGCFVDDIVKTDGTLMIERFVSLAIDAYPLTKHPNQEYADVFHLYLQYIRKLHDELTGHMLDMYSVMLTNDNTSRYWEPEFYEAMYTPHTVLQAVGACVLCNSQTSLRCGACIRRPFLCCKCCYDHVISTSHKLVLSVNPYVCNAPGCDVTDVTQLYLGGMSYYCKSHKPPISFPLCANGQVFGLYKNTCVGSDNVTDFNAIATCDWTNAGDYILANTCTERLKLFAAETLKATEETFKLSYGIATVREVLSDRELHLSWEVGKPRPPLNRNYVFTGYRVTKNSKVQIGEYTFEKGDYGDAVVYRGTTTYKLNVGDYFVLTSHTVMPLSAPTLVPQEHYVRITGLYPTLNISDEFSSNVANYQKVGMQKYSTLQGPPGTGKSHFAIGLALYYPSARIVYTACSHAAVDALCEKALKYLPIDKCSRIIPARARVECFDKFKVNSTLEQYVFCTVNALPETTADIVVFDEISMATNYDLSVVNARLRAKHYVYIGDPAQLPAPRTLLTKGTLEPEYFNSVCRLMKTIGPDMFLGTCRRCPAEIVDTVSALVYDNKLKAHKDKSAQCFKMFYKGVITHDVSSAINRPQIGVVREFLTRNPAWRKAVFISPYNSQNAVASKILGLPTQTVDSSQGSEYDYVIFTQTTETAHSCNVNRFNVAITRAKVGILCIMSDRDLYDKLQFTSLEIPRRNVATLQAENVTGLFKDCSKVITGLHPTQAPTHLSVDTKFKTEGLCVDIPGIPKDMTYRRLISMMGFKMNYQVNGYPNMFITREEAIRHVRAWIGFDVEGCHATREAVGTNLPLQLGFSTGVNLVAVPTGYVDTPNNTDFSRVSAKPPPGDQFKHLIPLMYKGLPWNVVRIKIVQMLSDTLKNLSDRVVFVLWAHGFELTSMKYFVKIGPERTCCLCDRRATCFSTASDTYACWHHSIGFDYVYNPFMIDVQQWGFTGNLQSNHDLYCQVHGNAHVASCDAIMTRCLAVHECFVKRVDWTIEYPIIGDELKINAACRKVQHMVVKAALLADKFPVLHDIGNPKAIKCVPQADVEWKFYDAQPCSDKAYKIEELFYSYATHSDKFTDGVCLFWNCNVDRYPANSIVCRFDTRVLSNLNLPGCDGGSLYVNKHAFHTPAFDKSAFVNLKQLPFFYYSDSPCESHGKQVVSDIDYVPLKSATCITRCNLGGAVCRHHANEYRLYLDAYNMMISAGFSLWVYKQFDTYNLWNTFTRLQSLENVAFNVVNKGHFDGQQGEVPVSIINNTVYTKVDGVDVELFENKTTLPVNVAFELWAKRNIKPVPEVKILNNLGVDIAANTVIWDYKRDAPAHISTIGVCSMTDIAKKPTETICAPLTVFFDGRVDGQVDLFRNARNGVLITEGSVKGLQPSVGPKQASLNGVTLIGEAVKTQFNYYKKVDGVVQQLPETYFTQSRNLQEFKPRSQMEIDFLELAMDEFIERYKLEGYAFEHIVYGDFSHSQLGGLHLLIGLAKRFKESPFELEDFIPMDSTVKNYFITDAQTGSSKCVCSVIDLLLDDFVEIIKSQDLSVVSKVVKVTIDYTEISFMLWCKDGHVETFYPKLQSSQAWQPGVAMPNLYKMQRMLLEKCDLQNYGDSATLPKGIMMNVAKYTQLCQYLNTLTLAVPYNMRVIHFGAGSDKGVAPGTAVLRQWLPTGTLLVDSDLNDFVSDADSTLIGDCATVHTANKWDLIISDMYDPKTKNVTKENDSKEGFFTYICGFIQQKLALGGSVAIKITEHSWNADLYKLMGHFAWWTAFVTNVNASSSEAFLIGCNYLGKPREQIDGYVMHANYIFWRNTNPIQLSSYSLFDMSKFPLKLRGTAVMSLKEGQINDMILSLLSKGRLIIRENNRVVISSDVLVNN	1	ORF1b	ORF1b
6	ORF3a protein	25392	26220	1	ORF3a	ORF3a	ATGGATTTGTTTATGAGAATCTTCACAATTGGAACTGTAACTTTGAAGCAAGGTGAAATCAAGGATGCTACTCCTTCAGATTTTGTTCGCGCTACTGCAACGATACCGATACAAGCCTCACTCCCTTTCGGATGGCTTATTGTTGGCGTTGCACTTCTTGCTGTTTTTCAGAGCGCTTCCAAAATCATAACCCTCAAAAAGAGATGGCAACTAGCACTCTCCAAGGGTGTTCACTTTGTTTGCAACTTGCTGTTGTTGTTTGTAACAGTTTACTCACACCTTTTGCTCGTTGCTGCTGGCCTTGAAGCCCCTTTTCTCTATCTTTATGCTTTAGTCTACTTCTTGCAGAGTATAAACTTTGTAAGAATAATAATGAGGCTTTGGCTTTGCTGGAAATGCCGTTCCAAAAACCCATTACTTTATGATGCCAACTATTTTCTTTGCTGGCATACTAATTGTTACGACTATTGTATACCTTACAATAGTGTAACTTCTTCAATTGTCATTACTTCAGGTGATGGCACAACAAGTCCTATTTCTGAACATGACTACCAGATTGGTGGTTATACTGAAAAATGGGAATCTGGAGTAAAAGACTGTGTTGTATTACACAGTTACTTCACTTCAGACTATTACCAGCTGTACTCAACTCAATTGAGTACAGACACTGGTGTTGAACATGTTACCTTCTTCATCTACAATAAAATTGTTGATGAGCCTGAAGAACATGTCCAAATTCACACAATCGACGGTTCATCCGGAGTTGTTAATCCAGTAATGGAACCAATTTATGATGAACCGACGACGACTACTAGCGTGCCTTTGTAA	MDLFMRIFTIGTVTLKQGEIKDATPSDFVRATATIPIQASLPFGWLIVGVALLAVFQSASKIITLKKRWQLALSKGVHFVCNLLLLFVTVYSHLLLVAAGLEAPFLYLYALVYFLQSINFVRIIMRLWLCWKCRSKNPLLYDANYFLCWHTNCYDYCIPYNSVTSSIVITSGDGTTSPISEHDYQIGGYTEKWESGVKDCVVLHSYFTSDYYQLYSTQLSTDTGVEHVTFFIYNKIVDEPEEHVQIHTIDGSSGVVNPVMEPIYDEPTTTTSVPL	1	QHD43417.1	ORF3a
7	ORF6 protein	27201	27387	1	ORF6	ORF6	ATGTTTCATCTCGTTGACTTTCAGGTTACTATAGCAGAGATATTACTAATTATTATGAGGACTTTTAAAGTTTCCATTTGGAATCTTGATTACATCATAAACCTCATAATTAAAAATTTATCTAAGTCACTAACTGAGAATAAATATTCTCAATTAGATGAAGAGCAACCAATGGAGATTGATTAA	MFHLVDFQVTIAEILLIIMRTFKVSIWNLDYIINLIIKNLSKSLTENKYSQLDEEQPMEID	1	QHD43420.1	ORF6
8	ORF7a protein	27393	27759	1	ORF7a	ORF7a	ATGAAAATTATTCTTTTCTTGGCACTGATAACACTCGCTACTTGTGAGCTTTATCACTACCAAGAGTGTGTTAGAGGTACAACAGTACTTTTAAAAGAACCTTGCTCTTCTGGAACATACGAGGGCAATTCACCATTTCATCCTCTAGCTGATAACAAATTTGCACTGACTTGCTTTAGCACTCAATTTGCTTTTGCTTGTCCTGACGGCGTAAAACACGTCTATCAGTTACGTGCCAGATCAGTTTCACCTAAACTGTTCATCAGACAAGAGGAAGTTCAAGAACTTTACTCTCCAATTTTTCTTATTGTTGCGGCAATAGTGTTTATAACACTTTGCTTCACACTCAAAAGAAAGACAGAATGA	MKIILFLALITLATCELYHYQECVRGTTVLLKEPCSSGTYEGNSPFHPLADNKFALTCFSTQFAFACPDGVKHVYQLRARSVSPKLFIRQEEVQELYSPIFLIVAAIVFITLCFTLKRKTE	1	QHD43421.1	ORF7a
9		27755	27887	1	ORF7b	ORF7b	ATGATTGAACTTTCATTAATTGACTTCTATTTGTGCTTTTTAGCCTTTCTGCTATTCCTTGTTTTAATTATGCTTATTATCTTTTGGTTCTCACTTGAACTGCAAGATCATAATGAAACTTGTCACGCCTAA	MIELSLIDFYLCFLAFLLFLVLIMLIIFWFSLELQDHNETCHA	1	ORF7b	ORF7b
10	ORF8 protein	27893	28259	1	ORF8	ORF8	ATGAAATTTCTTGTTTTCTTAGGAATCATCACAACTGTAGCTGCATTTCACCAAGAATGTAGTTTACAGTCATGTACTCAACATCAACCATATGTAGTTGATGACCCGTGTCCTATTCACTTCTATTCTAAATGGTATATTAGAGTAGGAGCTAGAAAATCAGCACCTTTAATTGAATTGTGCGTGGATGAGGCTGGTTCTAAATCACCCATTCAGTACATCGATATCGGTAATTATACAGTTTCCTGTTTACCTTTTACAATTAATTGCCAGGAACCTAAATTGGGTAGTCTTGTAGTGCGTTGTTCGTTCTATGAAGACTTTTTAGAGTATCATGACGTTCGTGTTGTTTTAGATTTCATCTAA	MKFLVFLGIITTVAAFHQECSLQSCTQHQPYVVDDPCPIHFYSKWYIRVGARKSAPLIELCVDEAGSKSPIQYIDIGNYTVSCLPFTINCQEPKLGSLVVRCSFYEDFLEYHDVRVVLDFI	1	QHD43422.1	ORF8
11		28283	28577	1	ORF9b	ORF9b	ATGGACCCCAAAATCAGCGAAATGCACCCCGCATTACGTTTGGTGGACCCTCAGATTCAACTGGCAGTAACCAGAATGGAGAACGCAGTGGGGCGCGATCAAAACAACGTCGGCCCCAAGGTTTACCCAATAATACTGCGTCTTGGTTCACCGCTCTCACTCAACATGGCAAGGAAGACCTTAAATTCCCTCGAGGACAAGGCGTTCCAATTAACACCAATAGCAGTCCAGATGACCAAATTGGCTACTACCGAAGAGCTACCAGACGAATTCGTGGTGGTGACGGTAAAATGA	MDPKISEMHPALRLVDPQIQLAVTRMENAVGRDQNNVGPKVYPIILRLGSPLSLNMARKTLNSLEDKAFQLTPIAVQMTKLATTEELPDEFVVVTVK	1	ORF9b	ORF9b
12	surface glycoprotein	21562	25384	1	S	S	ATGTTTGTTTTTCTTGTTTTATTGCCACTAGTCTCTAGTCAGTGTGTTAATCTTACAACCAGAACTCAATTACCCCCTGCATACACTAATTCTTTCACACGTGGTGTTTATTACCCTGACAAAGTTTTCAGATCCTCAGTTTTACATTCAACTCAGGACTTGTTCTTACCTTTCTTTTCCAATGTTACTTGGTTCCATGCTATACATGTCTCTGGGACCAATGGTACTAAGAGGTTTGATAACCCTGTCCTACCATTTAATGATGGTGTTTATTTTGCTTCCACTGAGAAGTCTAACATAATAAGAGGCTGGATTTTTGGTACTACTTTAGATTCGAAGACCCAGTCCCTACTTATTGTTAATAACGCTACTAATGTTGTTATTAAAGTCTGTGAATTTCAATTTTGTAATGATCCATTTTTGGGTGTTTATTACCACAAAAACAACAAAAGTTGGATGGAAAGTGAGTTCAGAGTTTATTCTAGTGCGAATAATTGCACTTTTGAATATGTCTCTCAGCCTTTTCTTATGGACCTTGAAGGAAAACAGGGTAATTTCAAAAATCTTAGGGAATTTGTGTTTAAGAATATTGATGGTTATTTTAAAATATATTCTAAGCACACGCCTATTAATTTAGTGCGTGATCTCCCTCAGGGTTTTTCGGCTTTAGAACCATTGGTAGATTTGCCAATAGGTATTAACATCACTAGGTTTCAAACTTTACTTGCTTTACATAGAAGTTATTTGACTCCTGGTGATTCTTCTTCAGGTTGGACAGCTGGTGCTGCAGCTTATTATGTGGGTTATCTTCAACCTAGGACTTTTCTATTAAAATATAATGAAAATGGAACCATTACAGATGCTGTAGACTGTGCACTTGACCCTCTCTCAGAAACAAAGTGTACGTTGAAATCCTTCACTGTAGAAAAAGGAATCTATCAAACTTCTAACTTTAGAGTCCAACCAACAGAATCTATTGTTAGATTTCCTAATATTACAAACTTGTGCCCTTTTGGTGAAGTTTTTAACGCCACCAGATTTGCATCTGTTTATGCTTGGAACAGGAAGAGAATCAGCAACTGTGTTGCTGATTATTCTGTCCTATATAATTCCGCATCATTTTCCACTTTTAAGTGTTATGGAGTGTCTCCTACTAAATTAAATGATCTCTGCTTTACTAATGTCTATGCAGATTCATTTGTAATTAGAGGTGATGAAGTCAGACAAATCGCTCCAGGGCAAACTGGAAAGATTGCTGATTATAATTATAAATTACCAGATGATTTTACAGGCTGCGTTATAGCTTGGAATTCTAACAATCTTGATTCTAAGGTTGGTGGTAATTATAATTACCTGTATAGATTGTTTAGGAAGTCTAATCTCAAACCTTTTGAGAGAGATATTTCAACTGAAATCTATCAGGCCGGTAGCACACCTTGTAATGGTGTTGAAGGTTTTAATTGTTACTTTCCTTTACAATCATATGGTTTCCAACCCACTAATGGTGTTGGTTACCAACCATACAGAGTAGTAGTACTTTCTTTTGAACTTCTACATGCACCAGCAACTGTTTGTGGACCTAAAAAGTCTACTAATTTGGTTAAAAACAAATGTGTCAATTTCAACTTCAATGGTTTAACAGGCACAGGTGTTCTTACTGAGTCTAACAAAAAGTTTCTGCCTTTCCAACAATTTGGCAGAGACATTGCTGACACTACTGATGCTGTCCGTGATCCACAGACACTTGAGATTCTTGACATTACACCATGTTCTTTTGGTGGTGTCAGTGTTATAACACCAGGAACAAATACTTCTAACCAGGTTGCTGTTCTTTATCAGGATGTTAACTGCACAGAAGTCCCTGTTGCTATTCATGCAGATCAACTTACTCCTACTTGGCGTGTTTATTCTACAGGTTCTAATGTTTTTCAAACACGTGCAGGCTGTTTAATAGGGGCTGAACATGTCAACAACTCATATGAGTGTGACATACCCATTGGTGCAGGTATATGCGCTAGTTATCAGACTCAGACTAATTCTCCTCGGCGGGCACGTAGTGTAGCTAGTCAATCCATCATTGCCTACACTATGTCACTTGGTGCAGAAAATTCAGTTGCTTACTCTAATAACTCTATTGCCATACCCACAAATTTTACTATTAGTGTTACCACAGAAATTCTACCAGTGTCTATGACCAAGACATCAGTAGATTGTACAATGTACATTTGTGGTGATTCAACTGAATGCAGCAATCTTTTGTTGCAATATGGCAGTTTTTGTACACAATTAAACCGTGCTTTAACTGGAATAGCTGTTGAACAAGACAAAAACACCCAAGAAGTTTTTGCACAAGTCAAACAAATTTACAAAACACCACCAATTAAAGATTTTGGTGGTTTTAATTTTTCACAAATATTACCAGATCCATCAAAACCAAGCAAGAGGTCATTTATTGAAGATCTACTTTTCAACAAAGTGACACTTGCAGATGCTGGCTTCATCAAACAATATGGTGATTGCCTTGGTGATATTGCTGCTAGAGACCTCATTTGTGCACAAAAGTTTAACGGCCTTACTGTTTTGCCACCTTTGCTCACAGATGAAATGATTGCTCAATACACTTCTGCACTGTTAGCGGGTACAATCACTTCTGGTTGGACCTTTGGTGCAGGTGCTGCATTACAAATACCATTTGCTATGCAAATGGCTTATAGGTTTAATGGTATTGGAGTTACACAGAATGTTCTCTATGAGAACCAAAAATTGATTGCCAACCAATTTAATAGTGCTATTGGCAAAATTCAAGACTCACTTTCTTCCACAGCAAGTGCACTTGGAAAACTTCAAGATGTGGTCAACCAAAATGCACAAGCTTTAAACACGCTTGTTAAACAACTTAGCTCCAATTTTGGTGCAATTTCAAGTGTTTTAAATGATATCCTTTCACGTCTTGACAAAGTTGAGGCTGAAGTGCAAATTGATAGGTTGATCACAGGCAGACTTCAAAGTTTGCAGACATATGTGACTCAACAATTAATTAGAGCTGCAGAAATCAGAGCTTCTGCTAATCTTGCTGCTACTAAAATGTCAGAGTGTGTACTTGGACAATCAAAAAGAGTTGATTTTTGTGGAAAGGGCTATCATCTTATGTCCTTCCCTCAGTCAGCACCTCATGGTGTAGTCTTCTTGCATGTGACTTATGTCCCTGCACAAGAAAAGAACTTCACAACTGCTCCTGCCATTTGTCATGATGGAAAAGCACACTTTCCTCGTGAAGGTGTCTTTGTTTCAAATGGCACACACTGGTTTGTAACACAAAGGAATTTTTATGAACCACAAATCATTACTACAGACAACACATTTGTGTCTGGTAACTGTGATGTTGTAATAGGAATTGTCAACAACACAGTTTATGATCCTTTGCAACCTGAATTAGACTCATTCAAGGAGGAGTTAGATAAATATTTTAAGAATCATACATCACCAGATGTTGATTTAGGTGACATCTCTGGCATTAATGCTTCAGTTGTAAACATTCAAAAAGAAATTGACCGCCTCAATGAGGTTGCCAAGAATTTAAATGAATCTCTCATCGATCTCCAAGAACTTGGAAAGTATGAGCAGTATATAAAATGGCCATGGTACATTTGGCTAGGTTTTATAGCTGGCTTGATTGCCATAGTAATGGTGACAATTATGCTTTGCTGTATGACCAGTTGCTGTAGTTGTCTCAAGGGCTGTTGTTCTTGTGGATCCTGCTGCAAATTTGATGAAGACGACTCTGAGCCAGTGCTCAAAGGAGTCAAATTACATTACACATAA	MFVFLVLLPLVSSQCVNLTTRTQLPPAYTNSFTRGVYYPDKVFRSSVLHSTQDLFLPFFSNVTWFHAIHVSGTNGTKRFDNPVLPFNDGVYFASTEKSNIIRGWIFGTTLDSKTQSLLIVNNATNVVIKVCEFQFCNDPFLGVYYHKNNKSWMESEFRVYSSANNCTFEYVSQPFLMDLEGKQGNFKNLREFVFKNIDGYFKIYSKHTPINLVRDLPQGFSALEPLVDLPIGINITRFQTLLALHRSYLTPGDSSSGWTAGAAAYYVGYLQPRTFLLKYNENGTITDAVDCALDPLSETKCTLKSFTVEKGIYQTSNFRVQPTESIVRFPNITNLCPFGEVFNATRFASVYAWNRKRISNCVADYSVLYNSASFSTFKCYGVSPTKLNDLCFTNVYADSFVIRGDEVRQIAPGQTGKIADYNYKLPDDFTGCVIAWNSNNLDSKVGGNYNYLYRLFRKSNLKPFERDISTEIYQAGSTPCNGVEGFNCYFPLQSYGFQPTNGVGYQPYRVVVLSFELLHAPATVCGPKKSTNLVKNKCVNFNFNGLTGTGVLTESNKKFLPFQQFGRDIADTTDAVRDPQTLEILDITPCSFGGVSVITPGTNTSNQVAVLYQDVNCTEVPVAIHADQLTPTWRVYSTGSNVFQTRAGCLIGAEHVNNSYECDIPIGAGICASYQTQTNSPRRARSVASQSIIAYTMSLGAENSVAYSNNSIAIPTNFTISVTTEILPVSMTKTSVDCTMYICGDSTECSNLLLQYGSFCTQLNRALTGIAVEQDKNTQEVFAQVKQIYKTPPIKDFGGFNFSQILPDPSKPSKRSFIEDLLFNKVTLADAGFIKQYGDCLGDIAARDLICAQKFNGLTVLPPLLTDEMIAQYTSALLAGTITSGWTFGAGAALQIPFAMQMAYRFNGIGVTQNVLYENQKLIANQFNSAIGKIQDSLSSTASALGKLQDVVNQNAQALNTLVKQLSSNFGAISSVLNDILSRLDKVEAEVQIDRLITGRLQSLQTYVTQQLIRAAEIRASANLAATKMSECVLGQSKRVDFCGKGYHLMSFPQSAPHGVVFLHVTYVPAQEKNFTTAPAICHDGKAHFPREGVFVSNGTHWFVTQRNFYEPQIITTDNTFVSGNCDVVIGIVNNTVYDPLQPELDSFKEELDKYFKNHTSPDVDLGDISGINASVVNIQKEIDRLNEVAKNLNESLIDLQELGKYEQYIKWPWYIWLGFIAGLIAIVMVTIMLCCMTSCCSCLKGCCSCGSCCKFDEDDSEPVLKGVKLHYT	1	QHD43416.1	S
\.


--
-- TOC entry 3810 (class 0 OID 17041)
-- Dependencies: 253
-- Data for Name: gene_segment; Type: TABLE DATA; Schema: public; Owner: postgres
--

COPY public.gene_segment (id, start, "end", strand, base, segment, gene_id) FROM stdin;
1	26244	26472	1	0	1	1
2	26522	27191	1	0	1	2
3	28273	29533	1	0	1	3
4	265	13468	1	0	1	4
5	13467	21555	1	0	1	5
6	25392	26220	1	0	1	6
7	27201	27387	1	0	1	7
8	27393	27759	1	0	1	8
9	27755	27887	1	0	1	9
10	27893	28259	1	0	1	10
11	28283	28577	1	0	1	11
12	21562	25384	1	0	1	12
\.


--
-- TOC entry 3816 (class 0 OID 17644)
-- Dependencies: 259
-- Data for Name: import_log; Type: TABLE DATA; Schema: public; Owner: postgres
--

COPY public.import_log (id, type, file_id, updated, success, exception_text, stack_trace) FROM stdin;
1	SMP	2025-01-21_14-13-45.364.784f12.zip	2025-01-21 14:13:50.904507+00	t	\N	\N
2	ANN	2025-01-21_14-13-51.333.024231.zip	2025-01-21 14:13:52.694305+00	t	\N	\N
3	PTY	2025-01-21_14-13-55.039.cli_prop_18737cea-2d9d-4731-b9b7-03458677bf28.zip	2025-01-21 14:13:55.587131+00	f	Property Import Error: Failed or interrupted batch job: 'igs_id'	Traceback (most recent call last):\n  File "/code/rest_api/data_entry/sample_entry_job.py", line 134, in import_archive\n    import_property(\n  File "/code/rest_api/data_entry/sample_entry_job.py", line 629, in import_property\n    raise Exception(f"Property Import Error: {result[1]}")\nException: Property Import Error: Failed or interrupted batch job: 'igs_id'\n
4	PTY	2025-01-21_14-22-44.522.cli_prop_0d709edd-fe86-4146-bee6-f61a4f4fb880.zip	2025-01-21 14:22:45.400242+00	t	\N	\N
\.


--
-- TOC entry 3814 (class 0 OID 17615)
-- Dependencies: 257
-- Data for Name: lineage; Type: TABLE DATA; Schema: public; Owner: postgres
--

COPY public.lineage (id, name, parent_id) FROM stdin;
85	B	\N
86	BA.1	\N
87	BA.1.1	\N
88	BA.1.17	\N
89	B.1.617	\N
90	BA.5	\N
91	BA.5.2	\N
92	BA.2	\N
93	BA.5.3	\N
94	AY.4	\N
95	B.1.617.2	\N
96	B.1	85
97	BA.1	85
98	BA.5	85
99	BA.2	85
100	BA.1.1	86
101	BC.1	86
102	BC.2	86
103	BA.1.2	86
104	BA.1.3	86
105	BA.1.4	86
106	BA.1.5	86
107	BA.1.6	86
108	BA.1.7	86
109	BA.1.8	86
110	BA.1.9	86
111	BA.1.10	86
112	BA.1.12	86
113	BA.1.13	86
114	BA.1.13.1	86
115	BA.1.14	86
116	BA.1.14.1	86
117	BA.1.14.2	86
118	BA.1.15	86
119	BA.1.16	86
120	BA.1.17	86
121	BD.1	86
122	BA.1.18	86
123	BA.1.19	86
124	BA.1.20	86
125	BA.1.21	86
126	BA.1.22	86
127	BA.1.23	86
128	BA.1.24	86
129	B.1.617	86
130	BA.1.1.1	87
131	BA.1.1.2	87
132	BA.1.1.3	87
133	BA.1.1.4	87
134	BA.1.1.5	87
135	BA.1.1.6	87
136	BA.1.1.7	87
137	BA.1.1.8	87
138	BA.1.1.9	87
139	BA.1.17.1	88
140	BA.1.17.2	88
141	B.1.617.2	89
142	BA.5.2	90
143	BF.2	90
144	BA.5.3	90
145	BA.5.2.1	91
146	BA.5.2.6	91
147	BA.2.36	92
148	BA.2.9	92
149	BA.5.3.1	93
150	AY.4.1	94
151	AY.4.2	94
152	AY.4.3	94
153	AY.4.4	94
154	AY.4.5	94
155	AY.4.6	94
156	AY.4.7	94
157	AY.4.8	94
158	AY.4.9	94
159	AY.4.10	94
160	AY.4.11	94
161	AY.4.12	94
162	AY.4.13	94
163	AY.4.14	94
164	AY.4.15	94
165	AY.4.16	94
166	AY.4.17	94
167	AY.4	95
168	AY.98	95
\.


--
-- TOC entry 3822 (class 0 OID 17803)
-- Dependencies: 265
-- Data for Name: nucleotide_mutation; Type: TABLE DATA; Schema: public; Owner: postgres
--

COPY public.nucleotide_mutation (id, ref, alt, start, "end", replicon_id) FROM stdin;
8	G	T	4509	4510	1
9	C	T	6197	6198	1
19	C	T	12780	12781	1
76	C	T	3737	3738	1
83			9623	9628	1
96	C	T	22596	22597	1
120	C	T	505	506	1
122	G	C	7755	7756	1
124	C	T	11619	11620	1
125	T	C	18758	18759	1
126	C	T	20131	20132	1
127	C	T	20593	20594	1
128	A	T	22003	22004	1
129	C	T	22087	22088	1
130	T	G	22998	22999	1
131	A	G	24579	24580	1
132			27701	27741	1
133	C	T	29235	29236	1
136	C	T	5220	5221	1
138	C	M	5580	5581	1
141	G	T	10869	10870	1
164	G	GCCC	25698	25699	1
168	C	T	29295	29296	1
170	G	A	4023	4024	1
171	T	C	4659	4660	1
172	G	T	7451	7452	1
173	C	A	8317	8318	1
174	G	T	11082	11083	1
176	C	T	14924	14925	1
177	G	T	16812	16813	1
178	A	G	21136	21137	1
180	A	C	24109	24110	1
181	C	T	25338	25339	1
182	A	C	25438	25439	1
183	C	T	25512	25513	1
185			27265	27268	1
186			27537	27628	1
189	C	Y	4753	4754	1
190	C	T	6193	6194	1
191	C	T	6493	6494	1
193	G	A	9928	9929	1
195	A	G	20261	20262	1
200	G	T	22225	22226	1
205	C	T	27653	27654	1
209	G	C	29785	29786	1
217	C	T	1347	1348	1
218	C	T	1972	1973	1
219	C	T	11002	11003	1
220	T	C	17039	17040	1
221	T	C	21994	21995	1
223	G	C	25351	25352	1
224	C	T	25613	25614	1
225	T	C	27241	27242	1
226	G	A	29673	29674	1
227			29855	29903	1
231	G	T	17561	17562	1
232	G	T	22898	22899	1
233	G	T	23517	23518	1
234	C	T	29118	29119	1
235			0	4	1
236	A	C	1584	1585	1
237	G	T	7392	7393	1
242	T	C	23457	23458	1
244	T	C	24705	24706	1
245	G	S	25336	25337	1
248			0	33	1
249	C	T	3652	3653	1
250	T	C	5652	5653	1
251	T	A	6271	6272	1
252	T	G	6558	6559	1
253	C	T	10035	10036	1
254	T	G	13032	13033	1
255	T	C	22282	22283	1
256	G	T	22603	22604	1
258	G	T	25454	25455	1
259	T	K	26493	26494	1
260	G	T	28000	28001	1
265	C	T	1058	1059	1
266	A	T	2691	2692	1
267	G	T	5229	5230	1
268	A	G	10322	10323	1
269	C	T	14483	14484	1
270	C	T	21766	21767	1
271	A	C	21800	21801	1
272	A	G	22205	22206	1
273			22280	22289	1
274	G	A	23011	23012	1
275	C	T	23663	23664	1
276	G	A	25499	25500	1
277	G	T	25562	25563	1
278	C	T	25903	25904	1
279	C	T	26455	26456	1
280	T	C	27192	27193	1
281	C	T	28252	28253	1
282	G	C	28654	28655	1
283	C	T	28886	28887	1
284	C	Y	39	40	1
286	C	T	2522	2523	1
287	A	G	23779	23780	1
289	C	T	27624	27625	1
290	C	T	28235	28236	1
291	C	M	29869	29870	1
294	G	T	4224	4225	1
298	T	C	8684	8685	1
303	T	C	17750	17751	1
315	G	C	25815	25816	1
317			0	7	1
318	G	A	2245	2246	1
319	C	T	7298	7299	1
320	A	C	8419	8420	1
321	A	T	9293	9294	1
322	G	A	12210	12211	1
323	T	C	21654	21655	1
325	G	T	25646	25647	1
326	G	T	27462	27463	1
327	G	T	29421	29422	1
328	G	T	3773	3774	1
330	T	C	10749	10750	1
332	A	G	15123	15124	1
334	T	C	20033	20034	1
339	T	C	27437	27438	1
341	C	T	29665	29666	1
342			0	55	1
343	G	T	2328	2329	1
344	C	T	3316	3317	1
345	T	C	6352	6353	1
346	C	T	27740	27741	1
349	A	G	5890	5891	1
350	C	T	22294	22295	1
351	A	G	3460	3461	1
352	G	A	5923	5924	1
353	C	T	22623	22624	1
354	T	C	23488	23489	1
357	C	Y	240	241	1
358	C	T	2840	2841	1
360	C	Y	21845	21846	1
362			29738	29903	1
363			0	36	1
364	C	T	1266	1267	1
365	T	C	1428	1429	1
367	T	G	7423	7424	1
369	C	T	9856	9857	1
370	T	C	9866	9867	1
371	G	A	10096	10097	1
372	C	T	13535	13536	1
373	T	C	20630	20631	1
374	G	T	21785	21786	1
375	C	T	21788	21789	1
376			22298	22319	1
379	G	T	23586	23587	1
380	C	T	23730	23731	1
381	C	A	24137	24138	1
383	G	T	28844	28845	1
384	C	T	28848	28849	1
385	G	T	28912	28913	1
386	C	T	29310	29311	1
387			29856	29903	1
388			0	1	1
389	T	C	14294	14295	1
390	C	T	19117	19118	1
391	C	T	27764	27765	1
392			77	113	1
393	G	A	113	114	1
394	C	T	116	117	1
395			122	281	1
396	C	T	281	282	1
397	G	C	283	284	1
398	A	G	289	290	1
399	A	G	290	291	1
400	C	A	291	292	1
401	G	A	292	293	1
402	A	G	293	294	1
403	G	A	294	295	1
404	A	G	295	296	1
405	A	T	297	298	1
406	C	G	299	300	1
407	A	G	300	301	1
408	C	T	301	302	1
409	C	T	852	853	1
410	C	T	2136	2137	1
411	C	T	3095	3096	1
412	G	A	3445	3446	1
413	A	G	3503	3504	1
414	C	T	5202	5203	1
421	G	T	29778	29779	1
422			29844	29903	1
423			0	319	1
426	C	T	17009	17010	1
427			29803	29903	1
428	A	G	16457	16458	1
429	C	T	1624	1625	1
432	G	K	18588	18589	1
433	A	G	19238	19239	1
434	G	T	22020	22021	1
438	C	T	5496	5497	1
440	T	C	16022	16023	1
442	T	G	18999	19000	1
448	C	T	4437	4438	1
452	A	G	20002	20003	1
454	G	C	25854	25855	1
455	A	G	25967	25968	1
458	C	T	12114	12115	1
461	A	T	68	69	1
462	G	K	8016	8017	1
463	G	A	8880	8881	1
464	T	C	14045	14046	1
465	A	R	22000	22001	1
466	C	A	25671	25672	1
468	G	C	26950	26951	1
469	A	T	28258	28259	1
470	A	M	29509	29510	1
471	C	T	29613	29614	1
472	C	T	1669	1670	1
473	C	T	6400	6401	1
474	G	T	6864	6865	1
475	C	A	8176	8177	1
477	C	T	28092	28093	1
478	T	C	13017	13018	1
479	T	C	22689	22690	1
481	T	C	745	746	1
483	C	T	13676	13677	1
484	C	T	14182	14183	1
485	T	C	14597	14598	1
488	C	T	23654	23655	1
489	G	T	27280	27281	1
494	G	T	5514	5515	1
496	C	T	11652	11653	1
499	C	T	27392	27393	1
501	C	T	5757	5758	1
502	C	T	5811	5812	1
503	G	T	6453	6454	1
505	G	T	14655	14656	1
508	G	T	22707	22708	1
512	A	G	603	604	1
513	A	W	1595	1596	1
514	C	T	2090	2091	1
515	G	T	7359	7360	1
516	C	Y	8388	8389	1
517	C	Y	26536	26537	1
518	A	G	28698	28699	1
519	G	S	28984	28985	1
520	T	K	29007	29008	1
521	C	T	4330	4331	1
523	C	T	10506	10507	1
524	C	T	16174	16175	1
525	G	T	25905	25906	1
526	C	T	29148	29149	1
527			0	2	1
528	T	Y	231	232	1
529	G	D	388	389	1
530	A	R	412	413	1
531	C	S	420	421	1
532	G	D	424	425	1
533	A	R	426	427	1
534	T	B	669	670	1
535	C	T	5300	5301	1
536	G	D	8055	8056	1
537	G	D	8083	8084	1
538	C	T	8298	8299	1
539	C	Y	9533	9534	1
540			9629	9653	1
541	G	R	10446	10447	1
542	A	D	11536	11537	1
543			15010	15039	1
544	T	Y	15046	15047	1
545	C	Y	17409	17410	1
546	A	D	18162	18163	1
547	C	Y	19954	19955	1
548	G	D	20547	20548	1
549	G	D	20567	20568	1
550	G	D	20568	20569	1
551	G	D	20577	20578	1
552	G	D	20579	20580	1
553			20725	20727	1
554			21113	21929	1
555	T	D	22199	22200	1
556	G	D	22577	22578	1
557	T	A	22928	22929	1
558	A	T	23039	23040	1
559	C	T	23706	23707	1
561	G	D	25906	25907	1
562	A	V	29509	29510	1
563			29729	29903	1
565	T	C	27286	27287	1
567	C	T	5671	5672	1
568	T	C	8651	8652	1
570	C	Y	15239	15240	1
571	G	K	17907	17908	1
573	T	C	29771	29772	1
574	T	C	13736	13737	1
575	C	T	27493	27494	1
576	C	T	10448	10449	1
577	C	T	15276	15277	1
578	C	T	17303	17304	1
579	T	C	20255	20256	1
580	C	T	22857	22858	1
582	T	C	27622	27623	1
583	C	T	27688	27689	1
584	C	T	29678	29679	1
585	T	C	445	446	1
586	T	C	24138	24139	1
588	C	G	27475	27476	1
590	C	T	877	878	1
591	G	A	4111	4112	1
592	G	T	13626	13627	1
593	A	G	16692	16693	1
594	G	T	24927	24928	1
595	C	T	27351	27352	1
596	C	T	28044	28045	1
597	C	T	29252	29253	1
599	C	T	1592	1593	1
600	C	T	13970	13971	1
601	C	A	21300	21301	1
602	C	T	23634	23635	1
603	C	T	25206	25207	1
604	G	T	29178	29179	1
605	C	T	29836	29837	1
606	C	T	1757	1758	1
607	A	G	2617	2618	1
608	T	C	2745	2746	1
609	A	T	3939	3940	1
610	G	T	10641	10642	1
611	C	T	12080	12081	1
612	T	Y	16247	16248	1
613	A	T	20066	20067	1
614	G	T	21799	21800	1
615	T	Y	22333	22334	1
616	C	T	22992	22993	1
617	C	T	23682	23683	1
619			27697	27700	1
620	A	G	27744	27745	1
621	G	T	28395	28396	1
623			29710	29711	1
624	C	T	2369	2370	1
626	C	T	5525	5526	1
627	A	G	6029	6030	1
628	C	T	6542	6543	1
629	C	T	7520	7521	1
630	C	T	10746	10747	1
631	C	T	20805	20806	1
632	C	T	21997	21998	1
633	G	A	23382	23383	1
634	G	T	25428	25429	1
635	C	T	25915	25916	1
636	G	A	25995	25996	1
637	G	T	28726	28727	1
638	C	T	28853	28854	1
639	A	C	29739	29740	1
640	T	C	1569	1570	1
641	C	T	5511	5512	1
644			10965	10967	1
646	C	T	12753	12754	1
648	G	A	15686	15687	1
649	G	A	18635	18636	1
650	C	T	19894	19895	1
651	G	C	22204	22205	1
652			26439	26441	1
654	G	T	28002	28003	1
655	A	T	28227	28228	1
656	T	A	28228	28229	1
657	G	A	28229	28230	1
659	G	T	29701	29702	1
660			0	37	1
661	A	G	6530	6531	1
662	C	T	7038	7039	1
663	T	C	8736	8737	1
664	C	T	14804	14805	1
665	A	G	21646	21647	1
666	C	T	22310	22311	1
667	G	T	27582	27583	1
668	G	T	27650	27651	1
669			29859	29903	1
670	T	C	16061	16062	1
671	C	T	16375	16376	1
672	G	T	18209	18210	1
673	C	T	26533	26534	1
674	C	T	28936	28937	1
675	C	T	345	346	1
677	C	T	8747	8748	1
678	A	G	12209	12210	1
679	C	T	13457	13458	1
689	C	S	22108	22109	1
690	T	A	22199	22200	1
691	G	T	22316	22317	1
696	C	T	28724	28725	1
697	C	T	2705	2706	1
698	G	A	3562	3563	1
700	C	T	20602	20603	1
701	C	T	23996	23997	1
702	A	T	25588	25589	1
703	C	T	26109	26110	1
704	G	T	26525	26526	1
705	G	A	5616	5617	1
706	T	C	11967	11968	1
707	T	C	18585	18586	1
708	C	T	21033	21034	1
710	C	Y	1092	1093	1
711	C	Y	2469	2470	1
712	A	R	3420	3421	1
713	C	Y	9222	9223	1
714			11282	11286	1
715	G	K	20068	20069	1
716			21986	21992	1
717	G	R	22598	22599	1
718	C	Y	23524	23525	1
719	T	Y	23688	23689	1
720			28361	28365	1
721	A	R	28674	28675	1
723	A	R	2902	2903	1
724	G	A	8130	8131	1
725	T	Y	11074	11075	1
728			28360	28367	1
729	G	S	29758	29759	1
730	G	T	4206	4207	1
731	A	T	5370	5371	1
732	C	T	7278	7279	1
733	A	G	14549	14550	1
734	C	T	15578	15579	1
735	C	T	17011	17012	1
736	A	G	20464	20465	1
737	C	T	20789	20790	1
739	T	C	21882	21883	1
740	T	C	26608	26609	1
741	C	T	354	355	1
742	C	T	3509	3510	1
743	C	T	14936	14937	1
744	C	T	22569	22570	1
745	A	T	1642	1643	1
746	C	T	2484	2485	1
747	A	G	8836	8837	1
749	A	G	28130	28131	1
750	C	A	28131	28132	1
751	T	G	28244	28245	1
752	T	C	28250	28251	1
753	C	T	822	823	1
754	C	T	4193	4194	1
755	G	A	5011	5012	1
756	G	T	9804	9805	1
758	A	T	27661	27662	1
759	C	T	28226	28227	1
760	C	T	28307	28308	1
761	G	T	29756	29757	1
762	C	T	935	936	1
763	C	T	7833	7834	1
764	A	G	23766	23767	1
766	C	T	2188	2189	1
767	T	C	8970	8971	1
768	C	T	9723	9724	1
769	G	T	22339	22340	1
772	C	T	8726	8727	1
773	T	C	17687	17688	1
774	T	G	1536	1537	1
776	A	C	3328	3329	1
777	C	T	6577	6578	1
779	G	A	17018	17019	1
780	T	A	20879	20880	1
781	C	T	26536	26537	1
782	G	T	27515	27516	1
784	T	K	1870	1871	1
785	A	R	1896	1897	1
786	G	A	3891	3892	1
787	G	R	4141	4142	1
789	C	T	4831	4832	1
790	C	Y	10197	10198	1
791	T	Y	14209	14210	1
792	T	C	15308	15309	1
793	C	T	15323	15324	1
794	C	Y	22673	22674	1
795	C	Y	25599	25600	1
798	G	A	1856	1857	1
799	C	T	4998	4999	1
800	C	T	5169	5170	1
801	C	T	6285	6286	1
802	C	T	8139	8140	1
803	G	T	11131	11132	1
804	C	T	11915	11916	1
805	G	C	21254	21255	1
806	C	G	26800	26801	1
807	C	T	27981	27982	1
808	C	T	28931	28932	1
809	G	T	29644	29645	1
811	C	T	5865	5866	1
812	C	T	13206	13207	1
813	G	S	22138	22139	1
816			11287	11295	1
819			0	320	1
820			29733	29903	1
822	T	C	15899	15900	1
823	C	T	27878	27879	1
824	G	A	23611	23612	1
825	A	G	11455	11456	1
826	C	T	12615	12616	1
827			0	45	1
828	A	V	329	330	1
829	T	C	1116	1117	1
830	G	K	2245	2246	1
831	T	W	2427	2428	1
832	G	T	26195	26196	1
833	T	C	13338	13339	1
834	C	T	26057	26058	1
835	T	C	27295	27296	1
836	A	G	8000	8001	1
837	T	C	16230	16231	1
838	C	T	6144	6145	1
839	G	A	8083	8084	1
840	T	C	11226	11227	1
841	C	T	11496	11497	1
842	C	T	12024	12025	1
843	A	C	21511	21512	1
844	A	C	21516	21517	1
845	G	A	21517	21518	1
846	G	C	21519	21520	1
847	G	T	21522	21523	1
848	T	C	21523	21524	1
849	T	G	21524	21525	1
850	T	C	21527	21528	1
851	A	T	21531	21532	1
852	G	A	21534	21535	1
853	A	G	21535	21536	1
854	T	A	21536	21537	1
855	G	T	21537	21538	1
856	T	C	21538	21539	1
857	C	G	21540	21541	1
858	G	C	21543	21544	1
859			21545	21551	1
860	G	T	28894	28895	1
861	C	T	29624	29625	1
862	C	T	1326	1327	1
863	C	T	2487	2488	1
864	C	A	6025	6026	1
865	T	G	25721	25722	1
869	G	T	15626	15627	1
872	C	T	22322	22323	1
873	G	T	26438	26439	1
875	C	A	27229	27230	1
876	G	A	28236	28237	1
878	G	T	3870	3871	1
879	T	C	6699	6700	1
880	C	T	15367	15368	1
881	C	T	28431	28432	1
882	C	T	6394	6395	1
883	C	T	7164	7165	1
884	G	A	18254	18255	1
885	T	C	20408	20409	1
886	C	T	24377	24378	1
887			28094	28095	1
888	A	T	28095	28096	1
889			28880	28884	1
890	G	C	29299	29300	1
722			0	38	1
892	C	T	99	100	1
1	C	T	240	241	1
134	C	T	912	913	1
5	C	T	3036	3037	1
896	C	T	3092	3093	1
135	C	T	3266	3267	1
898	T	C	4119	4120	1
137	C	A	5387	5388	1
139	C	T	5985	5986	1
140	T	C	6953	6954	1
902	C	T	7055	7056	1
903	C	T	7748	7749	1
904	C	T	7857	7858	1
815	C	T	10155	10156	1
18			11287	11296	1
21	C	T	14407	14408	1
142	C	T	14675	14676	1
143	C	T	15278	15279	1
144	T	C	16175	16176	1
911	G	A	17640	17641	1
912	C	T	18251	18252	1
913	G	T	20678	20679	1
145			21764	21770	1
146			21990	21993	1
45	A	T	23062	23063	1
147	C	A	23270	23271	1
47	A	G	23402	23403	1
50	C	A	23603	23604	1
148	C	T	23708	23709	1
149	T	G	24505	24506	1
150	G	C	24913	24914	1
923	C	T	26814	26815	1
151	C	T	27971	27972	1
152	G	T	28047	28048	1
153	A	G	28110	28111	1
113			28270	28271	1
154	G	C	28279	28280	1
155	A	T	28280	28281	1
156	T	A	28281	28282	1
70	G	A	28880	28881	1
71	G	A	28881	28882	1
72	G	C	28882	28883	1
157	C	T	28976	28977	1
935			29852	29903	1
676	A	G	404	405	1
937			510	516	1
2	T	G	669	670	1
4	C	T	2789	2790	1
940	G	A	2857	2858	1
6	G	A	4183	4184	1
7	C	T	4320	4321	1
10	C	T	9343	9344	1
11	A	G	9423	9424	1
12	C	T	9533	9534	1
13	C	T	9865	9866	1
14	C	T	10028	10029	1
15	C	T	10197	10198	1
16	G	A	10446	10447	1
17	C	A	10448	10449	1
20	C	T	12879	12880	1
86	G	A	15450	15451	1
22	C	T	15713	15714	1
680	C	T	15737	15738	1
681	T	C	15938	15939	1
682	T	C	16341	16342	1
684	T	C	17123	17124	1
23	C	T	17409	17410	1
685	T	C	17858	17859	1
24	A	G	18162	18163	1
686	A	G	19325	19326	1
25	C	T	19954	19955	1
26	A	G	20054	20055	1
27	C	T	21617	21618	1
28			21632	21641	1
687	T	C	21809	21810	1
29	G	A	21986	21987	1
688	C	A	21999	22000	1
969	C	G	22108	22109	1
692	G	C	22576	22577	1
31	G	A	22577	22578	1
487	G	C	22598	22599	1
973	T	A	22650	22651	1
693	C	A	22663	22664	1
32	C	T	22673	22674	1
33	T	C	22678	22679	1
34	C	T	22685	22686	1
35	A	G	22687	22688	1
36	G	A	22774	22775	1
40	G	A	22991	22992	1
41	C	A	22994	22995	1
42	A	C	23012	23013	1
983	T	C	23017	23018	1
984	T	C	23018	23019	1
378	T	C	23030	23031	1
44	A	G	23054	23055	1
46	T	C	23074	23075	1
48	C	T	23524	23525	1
49	T	G	23598	23599	1
243	C	A	23853	23854	1
52	G	T	23947	23948	1
53	A	T	24423	24424	1
54	T	A	24468	24469	1
55	C	T	24999	25000	1
420	C	T	25415	25416	1
56	C	T	25583	25584	1
57	C	T	26059	26060	1
58	C	T	26269	26270	1
694	A	G	26274	26275	1
60	G	A	26708	26709	1
61	C	T	26857	26858	1
62	A	C	27258	27259	1
63	G	C	27381	27382	1
64	A	T	27382	27383	1
65	T	C	27383	27384	1
66	C	T	27806	27807	1
695	G	T	27914	27915	1
67	A	T	28270	28271	1
68	C	T	28310	28311	1
69			28361	28370	1
1011	C	T	29094	29095	1
73	A	C	29509	29510	1
74			29733	29759	1
75	G	T	209	210	1
1015	A	G	1268	1269	1
77	G	T	4180	4181	1
79	C	T	6401	6402	1
80	C	T	7123	7124	1
81	C	T	8985	8986	1
82	G	T	9052	9053	1
1021	G	T	9525	9526	1
84	A	G	11200	11201	1
85	A	G	11331	11332	1
1024	T	C	12144	12145	1
87	C	A	15951	15952	1
88	C	T	16465	16466	1
89	C	T	18743	18744	1
91	C	T	19219	19220	1
1029	C	T	20177	20178	1
93	C	G	21617	21618	1
94			22028	22034	1
97	T	G	22916	22917	1
98	C	G	23603	23604	1
99	G	A	24409	24410	1
100	C	T	25468	25469	1
101	T	C	26766	26767	1
109	T	C	27637	27638	1
110	C	T	27751	27752	1
111	C	T	27873	27874	1
112			28247	28253	1
114	A	T	28298	28299	1
1042	T	C	28321	28322	1
115	A	G	28460	28461	1
116	G	T	28880	28881	1
117	G	T	28915	28916	1
119	G	T	29401	29402	1
187	G	T	29741	29742	1
355			29864	29903	1
1049	T	C	3142	3143	1
1050	G	A	3895	3896	1
1051	C	T	4533	4534	1
78	C	T	5143	5144	1
1053	C	T	5183	5184	1
1054	A	R	5583	5584	1
1055	C	T	6448	6449	1
1056	C	T	9890	9891	1
1057	T	C	11417	11418	1
175	C	T	11513	11514	1
1059	C	T	11563	11564	1
1060	C	Y	13018	13019	1
1061	C	T	17124	17125	1
222	C	T	22226	22227	1
509	G	R	24409	24410	1
1064	A	R	28460	28461	1
1065	C	T	29768	29769	1
436			0	54	1
1067	G	A	528	529	1
1068	A	G	4910	4911	1
1069	C	T	5391	5392	1
1070	G	T	8082	8083	1
30	T	G	22199	22200	1
238	A	C	22785	22786	1
239	C	T	22791	22792	1
240	G	T	22812	22813	1
241	T	G	22881	22882	1
43	A	G	23039	23040	1
59	C	G	26576	26577	1
1078	T	C	28339	28340	1
1079			29840	29903	1
1080	C	T	221	222	1
293	A	G	2831	2832	1
295	T	G	5385	5386	1
810	C	T	5729	5730	1
296			6512	6515	1
297	G	A	8392	8393	1
495			11282	11287	1
300	A	G	11536	11537	1
301	T	C	13194	13195	1
302	C	T	15239	15240	1
1090	G	A	18872	18873	1
304	C	T	21761	21762	1
179	C	T	21845	21846	1
305			21986	21995	1
306			22193	22196	1
312	C	A	23201	23202	1
313	C	A	24129	24130	1
314	C	T	24502	24503	1
814	G	T	25854	25855	1
316	A	G	26529	26530	1
247			28361	28369	1
1101	C	T	6249	6250	1
1102	A	G	15368	15369	1
1103	G	A	15772	15773	1
1104	T	C	24792	24793	1
1105	T	C	27157	27158	1
348			29836	29903	1
1107	T	C	1035	1036	1
430	C	A	1930	1931	1
1109	C	T	11073	11074	1
331	G	A	12159	12160	1
1111	T	C	14072	14073	1
1112	C	T	16579	16580	1
1113	G	A	16717	16718	1
337	G	A	26528	26529	1
158			0	30	1
1116	C	T	12438	12439	1
246	C	T	25623	25624	1
1118	T	C	27431	27432	1
1119	C	T	12524	12525	1
1120	C	T	12969	12970	1
1121	A	C	20831	20832	1
1122	C	T	21395	21396	1
1123	C	T	6680	6681	1
871	C	T	20824	20825	1
1125			29853	29903	1
1126	G	A	3481	3482	1
1127	T	C	28758	28759	1
1128	C	T	29249	29250	1
1129			0	21	1
1130	C	T	43	44	1
821			509	518	1
1132			9492	9545	1
1133			22969	23074	1
1134	C	T	26752	26753	1
1135			29524	29549	1
1136			29794	29903	1
1137	C	T	11194	11195	1
161	T	C	15095	15096	1
1139	C	T	21007	21008	1
1140	T	C	21801	21802	1
257	C	T	23757	23758	1
166	A	T	28094	28095	1
1143	G	A	2882	2883	1
1144	C	T	4463	4464	1
1145	C	T	6729	6730	1
1146	C	T	7430	7431	1
1147	G	T	22345	22346	1
1148	C	G	22994	22995	1
1149	G	A	26823	26824	1
1150	G	T	27270	27271	1
1151	C	T	29248	29249	1
1152			29863	29903	1
445	G	T	525	526	1
1154	G	A	2179	2180	1
1155	G	A	3968	3969	1
1156	C	Y	7317	7318	1
451	C	T	19523	19524	1
1158	G	T	19683	19684	1
1159	A	G	21214	21215	1
1160	C	Y	22481	22482	1
1161	G	T	25488	25489	1
572	A	M	25600	25601	1
796	C	Y	25623	25624	1
1164	C	T	25679	25680	1
1165	G	T	25725	25726	1
1166	T	C	27310	27311	1
1167	C	A	497	498	1
1168	T	C	15930	15931	1
1169	T	C	21764	21765	1
1170	A	G	25947	25948	1
1171	C	T	29420	29421	1
1172	T	Y	1887	1888	1
329	C	Y	4320	4321	1
1174	C	S	8353	8354	1
1175	C	T	21213	21214	1
507	G	R	21986	21987	1
39	T	K	22881	22882	1
497	C	Y	24999	25000	1
338	C	S	26576	26577	1
500	G	AC	28881	28882	1
1181			508	520	1
1182	T	G	522	523	1
3	A	M	1572	1573	1
1184	A	G	3302	3303	1
788	T	Y	4164	4165	1
38	G	K	22812	22813	1
1187	C	T	27683	27684	1
1188	G	T	1209	1210	1
447	G	T	2517	2518	1
1190	C	T	2637	2638	1
1191	C	T	4542	4543	1
449	G	T	5436	5437	1
1193	G	T	6801	6802	1
450	C	T	7767	7768	1
522			9623	9627	1
1196	G	C	12247	12248	1
1197	G	C	12250	12251	1
1198	C	A	12251	12252	1
1199	C	G	12252	12253	1
1200	T	C	12254	12255	1
1201			12255	12258	1
1202	G	T	12260	12261	1
1203	A	G	12262	12263	1
1204	T	A	12265	12266	1
92			20524	20527	1
1206	C	T	21741	21742	1
453	C	T	22313	22314	1
95			22487	22488	1
1209	A	C	22803	22804	1
102	G	C	27365	27366	1
103	A	ACTTTCGATCTCT	27372	27373	1
104	G	T	27375	27376	1
105	T	C	27380	27381	1
106	G	T	27381	27382	1
107	A	G	27382	27383	1
108	T	TTCTC	27383	27384	1
456	G	T	28085	28086	1
118			28963	28965	1
1219	C	T	29352	29353	1
1220	C	Y	8949	8950	1
1221	G	K	11633	11634	1
1222	A	R	14001	14002	1
1223	C	Y	19523	19524	1
1224	C	Y	21233	21234	1
1225	C	T	21574	21575	1
1226	T	Y	23030	23031	1
1227	C	Y	24394	24395	1
1228	G	K	25643	25644	1
184	C	T	25843	25844	1
748	C	T	27576	27577	1
1231	T	Y	29523	29524	1
1232	C	T	3795	3796	1
1233	C	T	3926	3927	1
625	C	T	4585	4586	1
1235	A	G	5005	5006	1
1236	C	T	5182	5183	1
1237	G	A	7935	7936	1
1238	C	T	8089	8090	1
1239	A	G	12443	12444	1
1240	C	T	17933	17934	1
1241	G	A	18582	18583	1
1242	A	G	22000	22001	1
1243	T	C	22015	22016	1
1244	C	A	22032	22033	1
1245	A	G	22189	22190	1
1246	G	A	22330	22331	1
310	G	A	22897	22898	1
1248	T	G	22941	22942	1
1249	A	G	27399	27400	1
437	C	T	1626	1627	1
439	G	A	12309	12310	1
1252	G	A	12768	12769	1
441	C	A	16615	16616	1
1254	A	G	18565	18566	1
418	A	G	22892	22893	1
335	T	G	23017	23018	1
443	C	T	27011	27012	1
288	C	T	27512	27513	1
340	C	T	27888	27889	1
444	A	G	28329	28330	1
285	C	T	1287	1288	1
1262	C	T	2569	2570	1
482	C	T	7527	7528	1
1264	C	T	13431	13432	1
1265	A	G	17621	17622	1
1266	C	T	17746	17747	1
1267	C	T	26872	26873	1
587	A	G	27037	27038	1
490			28360	28369	1
491	A	T	28369	28370	1
492	G	T	28370	28371	1
1272	A	G	28776	28777	1
1273	C	T	6316	6317	1
1274	C	T	15359	15360	1
1275	G	T	23428	23429	1
1276	G	A	28680	28681	1
1277	C	G	27405	27406	1
382	C	T	28434	28435	1
347	C	T	29761	29762	1
1280	C	T	5848	5849	1
1281	G	T	17241	17242	1
1282	C	T	27001	27002	1
1283			27790	27799	1
1284	G	A	2943	2944	1
1285	C	T	3810	3811	1
1286	A	G	4332	4333	1
1287	T	C	7751	7752	1
1288	A	G	9192	9193	1
123	G	T	11416	11417	1
1290	T	C	13901	13902	1
1291	G	T	14054	14055	1
1292	C	T	17501	17502	1
1293	A	G	18140	18141	1
1294	T	C	21885	21886	1
1295	G	C	22379	22380	1
1296	G	C	22380	22381	1
1297	C	A	28418	28419	1
1298	C	T	28956	28957	1
1299	G	C	29735	29736	1
169			29866	29903	1
1301	G	T	2143	2144	1
292	C	T	2469	2470	1
1303			11285	11289	1
1304	T	C	16604	16605	1
1305	A	C	18252	18253	1
1306	C	T	18485	18486	1
1307	C	T	18813	18814	1
817			21764	21769	1
1309	T	C	27809	27810	1
121	G	T	1047	1048	1
775	A	G	2907	2908	1
1312	T	C	5196	5197	1
778	C	T	7419	7420	1
1314	T	C	18416	18417	1
738	G	T	20936	20937	1
1316			22027	22029	1
1317	T	C	24687	24688	1
1318	T	C	25824	25825	1
1319	C	Y	27526	27527	1
1320	C	T	10276	10277	1
757	A	G	17614	17615	1
1322			0	25	1
877	T	C	2953	2954	1
359	C	T	11749	11750	1
1325	T	C	14256	14257	1
431	G	A	16934	16935	1
1327	A	G	17038	17039	1
1328	C	T	22210	22211	1
1329	A	C	22892	22893	1
1330	T	A	22941	22942	1
1331	A	G	25865	25866	1
1332	C	T	28311	28312	1
435	G	T	28680	28681	1
263			29843	29903	1
1335	C	A	185	186	1
1336	C	T	306	307	1
1337	G	T	8998	8999	1
1338			21765	21770	1
1339	G	T	24094	24095	1
1340	C	T	28497	28498	1
1341			513	522	1
1342	C	T	828	829	1
1343	C	T	5174	5175	1
1344	T	C	7766	7767	1
1345	C	T	8046	8047	1
1346	A	G	10089	10090	1
1347	A	G	10107	10108	1
1348	G	T	12987	12988	1
1349	C	T	14696	14697	1
1350	G	A	15597	15598	1
1351	C	T	16393	16394	1
486	C	T	17103	17104	1
1353	G	T	18027	18028	1
1354	C	T	18175	18176	1
90	C	T	18980	18981	1
1356	G	T	19397	19398	1
1357	A	G	20267	20268	1
1358	C	T	22126	22127	1
1359	C	A	22878	22879	1
1360	G	A	23875	23876	1
1361	T	C	24909	24910	1
1362	G	T	25946	25947	1
1363	T	C	26971	26972	1
1364	C	T	27388	27389	1
1365	C	A	27799	27800	1
1366	G	K	28082	28083	1
1367	C	T	29584	29585	1
1368	G	C	29733	29734	1
1369	T	C	945	946	1
228	C	T	2105	2106	1
230	A	G	11781	11782	1
1372	C	T	12137	12138	1
1373	C	T	63	64	1
1374	C	T	682	683	1
1375	A	T	3480	3481	1
1376	C	T	4038	4039	1
1377	C	T	12650	12651	1
1378	G	A	14691	14692	1
1379	G	C	24892	24893	1
1380	C	T	27944	27945	1
1381	C	T	28743	28744	1
1382	G	A	29139	29140	1
1383	C	T	2305	2306	1
1384	C	A	2508	2509	1
1385	G	T	3163	3164	1
1386			11287	11294	1
1387	T	C	17642	17643	1
1388	G	T	22103	22104	1
1389			26158	26159	1
1390	G	A	29867	29868	1
797	T	C	444	445	1
216			0	35	1
1393	A	G	1312	1313	1
1394	T	C	1374	1375	1
366	C	T	4001	4002	1
1396	C	T	5466	5467	1
1397	G	A	7271	7272	1
368	C	T	7764	7765	1
1399	C	T	12932	12933	1
1400	A	C	16537	16538	1
1401			29862	29903	1
425	C	T	634	635	1
1403	C	T	5146	5147	1
1404	C	T	11757	11758	1
1405	C	T	13273	13274	1
1406	C	T	25720	25721	1
1407	T	C	10056	10057	1
299			11282	11291	1
1409	G	GGAGCCAGAA	22204	22205	1
308	G	A	22598	22599	1
309	T	C	22672	22673	1
311	G	A	23047	23048	1
1413			28362	28370	1
1414			0	50	1
1415	T	C	7097	7098	1
415	C	T	11673	11674	1
1417	A	G	11956	11957	1
1418	T	C	15008	15009	1
1419	C	T	21720	21721	1
377	T	A	22916	22917	1
419	C	T	23672	23673	1
1422	T	C	27406	27407	1
1423	A	G	28683	28684	1
1424			29804	29903	1
1425			0	48	1
1426	C	T	1593	1594	1
1427	A	G	1896	1897	1
1428	C	Y	20	21	1
1429	C	T	10740	10741	1
476	G	K	17258	17259	1
1431	C	T	312	313	1
1432	C	T	14084	14085	1
460	C	Y	43	44	1
1434	C	T	5627	5628	1
1435	C	T	9558	9559	1
37	A	M	22785	22786	1
1437	T	C	27483	27484	1
457			0	39	1
424			507	522	1
1440	G	A	1943	1944	1
564	C	T	5364	5365	1
1442	C	T	5832	5833	1
1443	T	C	21920	21921	1
581	C	T	27526	27527	1
1445			27578	27581	1
1446	A	T	28482	28483	1
1447			29828	29903	1
1448	G	A	346	347	1
1449	T	A	489	490	1
1450	A	G	2129	2130	1
1451	T	K	3667	3668	1
1452	G	K	3670	3671	1
1453	A	M	3679	3680	1
1454	C	M	3682	3683	1
1455	C	T	6309	6310	1
1456	G	R	6455	6456	1
1457	C	T	8325	8326	1
1458	A	G	9258	9259	1
1459	C	T	10976	10977	1
1460			0	42	1
1461			29842	29903	1
1462	A	G	3947	3948	1
1463	C	T	6632	6633	1
1464	T	C	8600	8601	1
1465	C	T	24443	24444	1
1466	T	C	1936	1937	1
1467	C	T	2694	2695	1
1468	A	G	14456	14457	1
1469	C	T	19982	19983	1
1470	C	T	27611	27612	1
589			28360	28371	1
1472	C	T	397	398	1
1473	T	C	6393	6394	1
1474	C	T	21594	21595	1
307	T	TGAGCCAGAA	22203	22204	1
1476	A	W	2774	2775	1
1477	G	K	4180	4181	1
1478	G	S	5742	5743	1
1479	T	Y	5743	5744	1
866	T	C	8193	8194	1
867	C	T	14177	14178	1
868	G	T	14186	14187	1
1483	T	C	14948	14949	1
870	C	T	15809	15810	1
1485	G	T	18317	18318	1
194	C	T	19010	19011	1
1487	T	Y	21527	21528	1
196	C	S	21529	21530	1
1489	A	W	21531	21532	1
197	T	W	21533	21534	1
198	G	K	21534	21535	1
199	A	M	21535	21536	1
1493	T	Y	21538	21539	1
1494	A	W	24941	24942	1
201	A	R	25376	25377	1
1496	C	Y	25377	25378	1
1497	A	W	25378	25379	1
202	C	S	25379	25380	1
203	A	M	25380	25381	1
874	A	G	26801	26802	1
204	A	M	27378	27379	1
206			28247	28248	1
1503	C	T	29006	29007	1
1504	A	G	29699	29700	1
207	A	M	29781	29782	1
208	G	K	29782	29783	1
1507	G	S	29785	29786	1
210			29788	29825	1
211	T	C	29828	29829	1
212	G	A	29829	29830	1
213	C	T	29830	29831	1
214	A	G	29832	29833	1
215	C	T	29834	29835	1
727	C	T	17549	17550	1
1515	T	C	17762	17763	1
1516	G	T	18815	18816	1
1517	C	T	21004	21005	1
622	G	T	29556	29557	1
1519	C	T	29773	29774	1
1520	G	T	3430	3431	1
1521	T	C	5910	5911	1
1522	C	T	12170	12171	1
1523	C	T	28867	28868	1
356			0	31	1
160	C	T	5943	5944	1
1526	C	T	6567	6568	1
1527	C	T	12048	12049	1
1528	A	G	17336	17337	1
1529	T	C	18017	18018	1
1530	C	T	24236	24237	1
1531	C	T	25885	25886	1
167	G	C	28883	28884	1
1533			0	46	1
1534	G	A	563	564	1
1535	G	A	4974	4975	1
1536	A	G	6255	6256	1
1537	G	T	8926	8927	1
1538	C	A	9514	9515	1
1539	T	C	22407	22408	1
1540	G	T	27540	27541	1
1541			29799	29903	1
1542	G	A	27932	27933	1
1543	C	T	6195	6196	1
1544	G	A	6361	6362	1
1545	C	T	7481	7482	1
1546	C	T	15539	15540	1
1547	C	Y	19268	19269	1
336	C	Y	26269	26270	1
1549	G	A	1457	1458	1
1550	C	A	10038	10039	1
709			22565	22567	1
1552	C	T	28169	28170	1
1553	C	T	28719	28720	1
1554	T	Y	898	899	1
1555	C	Y	1626	1627	1
1556	C	M	1930	1931	1
1557	T	Y	2953	2954	1
1558	G	R	3561	3562	1
1559	G	R	4183	4184	1
1560	A	R	4527	4528	1
1561	A	R	5644	5645	1
1562	C	Y	7527	7528	1
1563	C	Y	9890	9891	1
1564	C	Y	11749	11750	1
1565	G	R	12309	12310	1
1566	G	S	14180	14181	1
1567	T	Y	14256	14257	1
1568	C	M	16615	16616	1
1569	G	R	16934	16935	1
1570	A	R	17038	17039	1
1571			21995	21998	1
1572	G	S	22020	22021	1
1573	G	S	22598	22599	1
1574	A	R	22892	22893	1
1575	C	Y	25699	25700	1
1576	G	K	26198	26199	1
1577	C	Y	27011	27012	1
1578	A	R	27037	27038	1
1579	A	R	27261	27262	1
1580	C	Y	27512	27513	1
1581	C	Y	27531	27532	1
1582	C	Y	28169	28170	1
1583	C	T	6427	6428	1
1584	G	A	12273	12274	1
1585	C	G	18590	18591	1
560	C	T	25586	25587	1
1587	C	T	17396	17397	1
1588			0	330	1
1589	T	G	456	457	1
1590	T	C	6404	6405	1
1591	T	A	6408	6409	1
1592	A	T	9700	9701	1
416	T	A	15520	15521	1
1594	A	G	17961	17962	1
1595	G	T	19253	19254	1
1596	T	C	20027	20028	1
1597	C	T	21910	21911	1
1598	T	C	25556	25557	1
1599	C	T	25625	25626	1
1600	C	T	28707	28708	1
1601	T	C	29727	29728	1
1602			29728	29756	1
1603	G	A	29756	29757	1
1604	T	C	29757	29758	1
765	G	C	29758	29759	1
1606			29827	29903	1
1607	C	T	7711	7712	1
1608	G	A	7760	7761	1
1609	T	G	15938	15939	1
1610			29877	29903	1
1611	C	T	1449	1450	1
1612	C	T	3713	3714	1
1613	C	T	12042	12043	1
1614	A	C	22811	22812	1
1615			27628	27640	1
1616			27689	27696	1
1617	C	T	1959	1960	1
1618	C	T	20	21	1
566	A	R	2831	2832	1
569	C	M	10448	10449	1
1621	A	G	16063	16064	1
498	A	R	26529	26530	1
1623	T	C	3103	3104	1
1624	C	A	3217	3218	1
417	C	T	16725	16726	1
1626	C	T	20435	20436	1
1627	G	A	25351	25352	1
1628	A	C	27674	27675	1
1629	C	T	29631	29632	1
1630	C	T	2387	2388	1
1631	C	T	6090	6091	1
1632	C	T	10781	10782	1
1633	G	A	10985	10986	1
1634	G	C	23592	23593	1
1635	C	T	1213	1214	1
188	A	G	1740	1741	1
446	G	A	1819	1820	1
192	C	T	7850	7851	1
1639	T	Y	10967	10968	1
1640	G	A	12800	12801	1
1641	A	R	18584	18585	1
1642	G	T	18588	18589	1
1643	C	S	18590	18591	1
1644	G	K	18595	18596	1
1645	T	W	18602	18603	1
1646	T	K	18606	18607	1
1647	G	T	18633	18634	1
1648	T	K	21002	21003	1
1649	C	T	25608	25609	1
1650	C	T	25657	25658	1
361	A	C	25767	25768	1
1652	A	M	28539	28540	1
1653	C	T	29639	29640	1
1654	C	T	29707	29708	1
1655			29713	29903	1
1656	C	T	1925	1926	1
1657	C	Y	8325	8326	1
1658	G	T	15905	15906	1
333	A	G	16540	16541	1
1660	C	T	27643	27644	1
770	A	G	4456	4457	1
771	T	C	6582	6583	1
1663	C	T	18893	18894	1
1664	T	A	21846	21847	1
1665	C	T	22497	22498	1
1666			26407	26408	1
1667	T	G	28704	28705	1
1668	A	G	2968	2969	1
1669	T	Y	4629	4630	1
1670	C	Y	5645	5646	1
1671	C	T	1203	1204	1
1672	G	T	5742	5743	1
1673	G	T	21371	21372	1
1674	G	T	25243	25244	1
1675			0	28	1
1676	G	T	60	61	1
1677	C	A	65	66	1
1678	C	T	1375	1376	1
1679	T	C	1441	1442	1
1680	A	G	1831	1832	1
1681	G	T	2154	2155	1
1682	C	T	4319	4320	1
1683	G	C	10412	10413	1
1684	C	T	11234	11235	1
1685	G	A	11515	11516	1
1686	T	C	11772	11773	1
1687	C	T	12399	12400	1
1688	G	T	16852	16853	1
1689	C	T	17284	17285	1
1690	C	T	18170	18171	1
1691	C	T	18680	18681	1
1692	G	T	19871	19872	1
1693	C	A	19943	19944	1
1694	T	C	22206	22207	1
618	G	T	24793	24794	1
1696	G	T	25597	25598	1
1697	G	A	25946	25947	1
1698	C	A	26468	26469	1
1699	C	A	28255	28256	1
1700	C	T	29723	29724	1
1701			29867	29903	1
1702	C	T	11198	11199	1
1703	C	T	11746	11747	1
1704	G	K	18633	18634	1
1705	G	A	24841	24842	1
1706	C	T	24864	24865	1
1707	A	T	25449	25450	1
1708	A	M	25767	25768	1
1709	T	C	29205	29206	1
1710	G	A	29702	29703	1
1711	C	T	1512	1513	1
1712	C	T	12468	12469	1
1713	C	T	19861	19862	1
1714	C	T	26832	26833	1
1715	G	A	27543	27544	1
1716	C	T	28086	28087	1
1717	C	T	29408	29409	1
598			29857	29903	1
480			0	245	1
1720			515	518	1
1721	C	T	2880	2881	1
1722	T	C	3375	3376	1
1723	C	T	6467	6468	1
1724	T	G	6978	6979	1
1725	G	A	8101	8102	1
1726	C	T	9966	9967	1
1727	G	T	14397	14398	1
1728	A	T	22002	22003	1
1729	G	A	27860	27861	1
261	A	T	28876	28877	1
262	G	C	28877	28878	1
493			29694	29903	1
1733	T	C	6507	6508	1
1734	C	T	8990	8991	1
1735	C	T	9802	9803	1
1736	T	C	12015	12016	1
1737	C	T	15653	15654	1
1738	C	T	21076	21077	1
1739	C	T	25809	25810	1
1740	C	T	26644	26645	1
1741			0	34	1
1742	T	C	10134	10135	1
1743	A	G	24802	24803	1
165	C	T	25707	25708	1
1745	A	G	29300	29301	1
1746	C	T	3175	3176	1
1747	C	T	4617	4618	1
1748	G	A	11112	11113	1
683	C	T	16886	16887	1
1750	C	T	19016	19017	1
51	C	M	23853	23854	1
1752	C	T	27296	27297	1
1753	A	G	3858	3859	1
459			29845	29903	1
1755	G	A	16743	16744	1
1756	G	T	17258	17259	1
1757	A	G	360	361	1
1758	C	T	834	835	1
1759	C	T	4654	4655	1
642			5975	5981	1
643			9623	9629	1
1762	C	T	10278	10279	1
1763			10965	10966	1
1764	C	T	11901	11902	1
645			12104	12109	1
647			14843	14846	1
1767	C	T	25005	25006	1
1768			26439	26440	1
1769	G	T	27504	27505	1
653			27557	27561	1
658			28537	28539	1
1772	C	T	1916	1917	1
1773	G	T	2271	2272	1
1774	G	A	5926	5927	1
1775	T	C	9045	9046	1
1776	T	C	12759	12760	1
1777	C	T	15279	15280	1
1778	G	T	24097	24098	1
1779	G	K	27213	27214	1
1780	C	T	27572	27573	1
1781	A	G	904	905	1
1782	C	T	2118	2119	1
1783	G	T	3211	3212	1
1784	C	T	4020	4021	1
1785	C	T	7978	7979	1
1786	G	A	12865	12866	1
1787	C	T	13550	13551	1
1788	A	G	18563	18564	1
1789	C	T	25637	25638	1
1790	C	T	27424	27425	1
1791	C	T	28895	28896	1
1792	C	Y	702	703	1
699	C	T	6967	6968	1
1794	C	T	7734	7735	1
726			11287	11289	1
1796	T	C	24627	24628	1
818	A	W	28094	28095	1
264	G	T	173	174	1
1799	C	T	5412	5413	1
1800	C	T	6407	6408	1
1801	C	T	13137	13138	1
1802	C	T	15025	15026	1
1803	C	T	21757	21758	1
1804	A	G	25002	25003	1
1805	T	A	27016	27017	1
1806	A	C	5010	5011	1
1807	C	T	10115	10116	1
1808	C	A	24502	24503	1
467	G	R	26528	26529	1
1810	A	M	27507	27508	1
1811	A	G	27748	27749	1
1812	G	K	28680	28681	1
1813	T	Y	28692	28693	1
1814	T	C	208	209	1
1815	T	C	6948	6949	1
504	C	T	13167	13168	1
506	C	T	19858	19859	1
1818	C	T	21647	21648	1
324	C	T	23556	23557	1
510	G	T	25995	25996	1
1821	G	A	27046	27047	1
1822	C	T	27736	27737	1
511	G	A	28395	28396	1
1824	G	T	29689	29690	1
783	C	T	1472	1473	1
159	G	T	2493	2494	1
229	C	T	3176	3177	1
1828	C	T	7100	7101	1
1829	G	T	13458	13459	1
162	C	T	21854	21855	1
163	A	T	23361	23362	1
1832	G	T	26685	26686	1
1833	G	A	6652	6653	1
1834	C	T	9564	9565	1
\.


--
-- TOC entry 3824 (class 0 OID 17811)
-- Dependencies: 267
-- Data for Name: nucleotide_mutation_alignments; Type: TABLE DATA; Schema: public; Owner: postgres
--

COPY public.nucleotide_mutation_alignments (id, nucleotidemutation_id, alignment_id) FROM stdin;
1	1	1
2	2	1
3	3	1
4	4	1
5	5	1
6	6	1
7	7	1
8	8	1
9	9	1
10	10	1
11	11	1
12	12	1
13	13	1
14	14	1
15	15	1
16	16	1
17	17	1
18	18	1
19	19	1
20	20	1
21	21	1
22	22	1
23	23	1
24	24	1
25	25	1
26	26	1
27	27	1
28	28	1
29	29	1
30	30	1
31	31	1
32	32	1
33	33	1
34	34	1
35	35	1
36	36	1
37	37	1
38	38	1
39	39	1
40	40	1
41	41	1
42	42	1
43	43	1
44	44	1
45	45	1
46	46	1
47	47	1
48	48	1
49	49	1
50	50	1
51	51	1
52	52	1
53	53	1
54	54	1
55	55	1
56	56	1
57	57	1
58	58	1
59	59	1
60	60	1
61	61	1
62	62	1
63	63	1
64	64	1
65	65	1
66	66	1
67	67	1
68	68	1
69	69	1
70	70	1
71	71	1
72	72	1
73	73	1
74	74	1
75	75	2
76	1	2
77	5	2
78	76	2
79	77	2
80	78	2
81	79	2
82	80	2
83	81	2
84	82	2
85	83	2
86	14	2
87	84	2
88	85	2
89	21	2
90	86	2
91	87	2
92	88	2
93	89	2
94	90	2
95	91	2
96	92	2
97	93	2
98	29	2
99	94	2
100	95	2
101	96	2
102	97	2
103	41	2
104	47	2
105	98	2
106	99	2
107	100	2
108	101	2
109	102	2
110	103	2
111	104	2
112	105	2
113	106	2
114	107	2
115	108	2
116	109	2
117	110	2
118	111	2
119	112	2
120	113	2
121	114	2
122	115	2
123	116	2
124	117	2
125	118	2
126	119	2
127	75	3
128	1	3
129	120	3
130	121	3
131	5	3
132	77	3
133	79	3
134	80	3
135	122	3
136	81	3
137	82	3
138	14	3
139	84	3
140	85	3
141	123	3
142	124	3
143	21	3
144	86	3
145	88	3
146	125	3
147	91	3
148	126	3
149	127	3
150	93	3
151	29	3
152	128	3
153	94	3
154	129	3
155	97	3
156	41	3
157	130	3
158	47	3
159	98	3
160	99	3
161	131	3
162	100	3
163	101	3
164	102	3
165	103	3
166	104	3
167	105	3
168	106	3
169	107	3
170	108	3
171	132	3
172	110	3
173	111	3
174	112	3
175	113	3
176	115	3
177	116	3
178	117	3
179	133	3
180	119	3
181	1	4
182	134	4
183	5	4
184	135	4
185	136	4
186	137	4
187	138	4
188	139	4
189	140	4
190	141	4
191	18	4
192	21	4
193	142	4
194	143	4
195	144	4
196	145	4
197	146	4
198	45	4
199	147	4
200	47	4
201	50	4
202	148	4
203	149	4
204	150	4
205	151	4
206	152	4
207	153	4
208	113	4
209	154	4
210	155	4
211	156	4
212	70	4
213	71	4
214	72	4
215	157	4
216	158	5
217	1	5
218	134	5
219	159	5
220	5	5
221	135	5
222	137	5
223	160	5
224	139	5
225	140	5
226	18	5
227	21	5
228	142	5
229	161	5
230	143	5
231	144	5
232	145	5
233	162	5
234	146	5
235	45	5
236	147	5
237	163	5
238	47	5
239	50	5
240	148	5
241	149	5
242	150	5
243	164	5
244	165	5
245	151	5
246	152	5
247	166	5
248	153	5
249	113	5
250	154	5
251	155	5
252	156	5
253	70	5
254	71	5
255	72	5
256	167	5
257	157	5
258	168	5
259	169	5
260	75	6
261	1	6
262	5	6
263	170	6
264	77	6
265	171	6
266	79	6
267	80	6
268	172	6
269	173	6
270	81	6
271	82	6
272	14	6
273	174	6
274	84	6
275	85	6
276	175	6
277	21	6
278	176	6
279	86	6
280	88	6
281	177	6
282	91	6
283	178	6
284	93	6
285	179	6
286	94	6
287	97	6
288	41	6
289	47	6
290	98	6
291	180	6
292	99	6
293	181	6
294	182	6
295	100	6
296	183	6
297	184	6
298	101	6
299	185	6
300	186	6
301	109	6
302	110	6
303	111	6
304	112	6
305	113	6
306	115	6
307	116	6
308	117	6
309	119	6
310	187	6
311	75	7
312	1	7
313	188	7
314	5	7
315	77	7
316	189	7
317	190	7
318	79	7
319	191	7
320	80	7
321	192	7
322	81	7
323	82	7
324	193	7
325	14	7
326	84	7
327	85	7
328	21	7
329	86	7
330	88	7
331	194	7
332	91	7
333	195	7
334	196	7
335	197	7
336	198	7
337	199	7
338	93	7
339	179	7
340	29	7
341	94	7
342	200	7
343	97	7
344	41	7
345	47	7
346	98	7
347	99	7
348	201	7
349	202	7
350	203	7
351	100	7
352	101	7
353	204	7
354	109	7
355	205	7
356	110	7
357	111	7
358	206	7
359	113	7
360	115	7
361	116	7
362	117	7
363	119	7
364	187	7
365	207	7
366	208	7
367	209	7
368	210	7
369	211	7
370	212	7
371	213	7
372	214	7
373	215	7
374	216	8
375	75	8
376	1	8
377	217	8
378	218	8
379	5	8
380	77	8
381	79	8
382	80	8
383	192	8
384	81	8
385	82	8
386	14	8
387	219	8
388	84	8
389	85	8
390	21	8
391	86	8
392	88	8
393	220	8
394	91	8
395	93	8
396	179	8
397	221	8
398	94	8
399	222	8
400	97	8
401	41	8
402	47	8
403	98	8
404	99	8
405	223	8
406	100	8
407	224	8
408	101	8
409	225	8
410	109	8
411	110	8
412	111	8
413	112	8
414	113	8
415	115	8
416	116	8
417	117	8
418	226	8
419	187	8
420	227	8
421	75	9
422	1	9
423	228	9
424	5	9
425	229	9
426	77	9
427	79	9
428	80	9
429	81	9
430	82	9
431	14	9
432	84	9
433	85	9
434	230	9
435	21	9
436	86	9
437	87	9
438	88	9
439	231	9
440	89	9
441	91	9
442	93	9
443	29	9
444	94	9
445	232	9
446	97	9
447	41	9
448	47	9
449	233	9
450	98	9
451	99	9
452	100	9
453	101	9
454	109	9
455	110	9
456	111	9
457	112	9
458	113	9
459	114	9
460	115	9
461	116	9
462	117	9
463	234	9
464	119	9
465	235	10
466	2	10
467	236	10
468	4	10
469	5	10
470	6	10
471	7	10
472	237	10
473	10	10
474	11	10
475	12	10
476	13	10
477	14	10
478	15	10
479	16	10
480	17	10
481	18	10
482	20	10
483	21	10
484	22	10
485	23	10
486	24	10
487	25	10
488	26	10
489	27	10
490	28	10
491	29	10
492	30	10
493	31	10
494	32	10
495	33	10
496	34	10
497	35	10
498	36	10
499	238	10
500	239	10
501	240	10
502	241	10
503	40	10
504	41	10
505	42	10
506	43	10
507	44	10
508	45	10
509	46	10
510	47	10
511	242	10
512	48	10
513	49	10
514	50	10
515	243	10
516	52	10
517	53	10
518	54	10
519	244	10
520	55	10
521	245	10
522	56	10
523	246	10
524	57	10
525	58	10
526	59	10
527	60	10
528	61	10
529	62	10
530	63	10
531	64	10
532	65	10
533	66	10
534	67	10
535	68	10
536	247	10
537	70	10
538	71	10
539	72	10
540	73	10
541	74	10
542	248	11
543	1	11
544	134	11
545	5	11
546	135	11
547	249	11
548	137	11
549	250	11
550	139	11
551	251	11
552	252	11
553	140	11
554	253	11
555	18	11
556	254	11
557	21	11
558	142	11
559	143	11
560	144	11
561	145	11
562	146	11
563	255	11
564	256	11
565	45	11
566	147	11
567	47	11
568	50	11
569	148	11
570	257	11
571	149	11
572	150	11
573	258	11
574	259	11
575	151	11
576	260	11
577	152	11
578	153	11
579	113	11
580	154	11
581	155	11
582	156	11
583	261	11
584	262	11
585	70	11
586	71	11
587	72	11
588	157	11
589	263	11
590	264	12
591	1	12
592	265	12
593	266	12
594	5	12
595	267	12
596	10	12
597	268	12
598	18	12
599	21	12
600	269	12
601	270	12
602	271	12
603	272	12
604	273	12
605	240	12
606	274	12
607	45	12
608	47	12
609	275	12
610	276	12
611	277	12
612	278	12
613	279	12
614	280	12
615	281	12
616	282	12
617	283	12
618	284	13
619	1	13
620	134	13
621	285	13
622	286	13
623	5	13
624	135	13
625	137	13
626	139	13
627	140	13
628	18	13
629	21	13
630	142	13
631	143	13
632	144	13
633	145	13
634	45	13
635	147	13
636	47	13
637	50	13
638	148	13
639	287	13
640	149	13
641	150	13
642	288	13
643	289	13
644	151	13
645	152	13
646	153	13
647	290	13
648	154	13
649	155	13
650	156	13
651	70	13
652	71	13
653	72	13
654	157	13
655	291	13
656	1	14
657	292	14
658	293	14
659	5	14
660	294	14
661	295	14
662	296	14
663	297	14
664	298	14
665	14	14
666	17	14
667	299	14
668	300	14
669	301	14
670	21	14
671	302	14
672	303	14
673	24	14
674	304	14
675	145	14
676	179	14
677	305	14
678	306	14
679	307	14
680	31	14
681	308	14
682	309	14
683	32	14
684	33	14
685	34	14
686	240	14
687	241	14
688	310	14
689	40	14
690	41	14
691	42	14
692	43	14
693	311	14
694	44	14
695	45	14
696	46	14
697	312	14
698	47	14
699	48	14
700	49	14
701	50	14
702	243	14
703	52	14
704	313	14
705	53	14
706	54	14
707	314	14
708	55	14
709	56	14
710	315	14
711	58	14
712	316	14
713	59	14
714	60	14
715	62	14
716	66	14
717	67	14
718	68	14
719	69	14
720	70	14
721	71	14
722	72	14
723	317	15
724	75	15
725	1	15
726	318	15
727	5	15
728	77	15
729	79	15
730	80	15
731	319	15
732	320	15
733	81	15
734	82	15
735	321	15
736	14	15
737	84	15
738	85	15
739	322	15
740	21	15
741	86	15
742	88	15
743	91	15
744	93	15
745	323	15
746	179	15
747	94	15
748	97	15
749	41	15
750	47	15
751	324	15
752	98	15
753	99	15
754	100	15
755	325	15
756	101	15
757	326	15
758	109	15
759	110	15
760	111	15
761	112	15
762	113	15
763	115	15
764	116	15
765	117	15
766	119	15
767	327	15
768	187	15
769	1	16
770	2	16
771	4	16
772	5	16
773	328	16
774	6	16
775	329	16
776	10	16
777	11	16
778	12	16
779	14	16
780	15	16
781	16	16
782	17	16
783	330	16
784	18	16
785	331	16
786	20	16
787	21	16
788	332	16
789	22	16
790	333	16
791	23	16
792	24	16
793	25	16
794	334	16
795	26	16
796	27	16
797	28	16
798	145	16
799	29	16
800	30	16
801	31	16
802	32	16
803	33	16
804	34	16
805	35	16
806	40	16
807	41	16
808	42	16
809	335	16
810	44	16
811	45	16
812	46	16
813	47	16
814	48	16
815	49	16
816	50	16
817	243	16
818	52	16
819	53	16
820	54	16
821	55	16
822	56	16
823	57	16
824	336	16
825	337	16
826	338	16
827	60	16
828	339	16
829	66	16
830	340	16
831	67	16
832	68	16
833	69	16
834	70	16
835	71	16
836	72	16
837	73	16
838	341	16
839	342	17
840	1	17
841	2	17
842	343	17
843	4	17
844	5	17
845	344	17
846	6	17
847	7	17
848	345	17
849	10	17
850	11	17
851	12	17
852	13	17
853	14	17
854	15	17
855	16	17
856	17	17
857	18	17
858	20	17
859	21	17
860	22	17
861	23	17
862	24	17
863	25	17
864	26	17
865	27	17
866	28	17
867	29	17
868	30	17
869	31	17
870	32	17
871	33	17
872	34	17
873	35	17
874	36	17
875	238	17
876	240	17
877	241	17
878	40	17
879	41	17
880	42	17
881	43	17
882	44	17
883	45	17
884	46	17
885	47	17
886	48	17
887	49	17
888	50	17
889	243	17
890	52	17
891	53	17
892	54	17
893	55	17
894	56	17
895	57	17
896	58	17
897	59	17
898	60	17
899	61	17
900	62	17
901	63	17
902	346	17
903	66	17
904	67	17
905	68	17
906	69	17
907	70	17
908	73	17
909	74	17
910	347	17
911	348	17
912	1	18
913	134	18
914	5	18
915	135	18
916	137	18
917	349	18
918	140	18
919	18	18
920	21	18
921	142	18
922	161	18
923	143	18
924	144	18
925	145	18
926	146	18
927	350	18
928	45	18
929	147	18
930	47	18
931	50	18
932	148	18
933	149	18
934	150	18
935	151	18
936	152	18
937	166	18
938	153	18
939	113	18
940	154	18
941	155	18
942	156	18
943	70	18
944	71	18
945	72	18
946	167	18
947	157	18
948	158	19
949	1	19
950	293	19
951	5	19
952	351	19
953	295	19
954	352	19
955	296	19
956	297	19
957	14	19
958	17	19
959	299	19
960	300	19
961	301	19
962	21	19
963	302	19
964	24	19
965	304	19
966	145	19
967	179	19
968	305	19
969	306	19
970	31	19
971	353	19
972	241	19
973	310	19
974	40	19
975	41	19
976	42	19
977	43	19
978	311	19
979	44	19
980	45	19
981	46	19
982	312	19
983	47	19
984	354	19
985	48	19
986	49	19
987	50	19
988	275	19
989	243	19
990	52	19
991	313	19
992	53	19
993	54	19
994	314	19
995	55	19
996	56	19
997	58	19
998	316	19
999	59	19
1000	60	19
1001	62	19
1002	66	19
1003	67	19
1004	68	19
1005	69	19
1006	70	19
1007	71	19
1008	72	19
1009	355	19
1010	356	20
1011	357	20
1012	2	20
1013	4	20
1014	358	20
1015	5	20
1016	6	20
1017	7	20
1018	10	20
1019	11	20
1020	12	20
1021	13	20
1022	14	20
1023	15	20
1024	16	20
1025	17	20
1026	18	20
1027	359	20
1028	20	20
1029	21	20
1030	22	20
1031	23	20
1032	24	20
1033	25	20
1034	26	20
1035	27	20
1036	28	20
1037	360	20
1038	29	20
1039	30	20
1040	31	20
1041	32	20
1042	33	20
1043	34	20
1044	35	20
1045	36	20
1046	238	20
1047	240	20
1048	241	20
1049	40	20
1050	41	20
1051	42	20
1052	43	20
1053	44	20
1054	45	20
1055	46	20
1056	47	20
1057	48	20
1058	49	20
1059	50	20
1060	243	20
1061	52	20
1062	53	20
1063	54	20
1064	55	20
1065	56	20
1066	361	20
1067	57	20
1068	58	20
1069	59	20
1070	60	20
1071	61	20
1072	62	20
1073	63	20
1074	64	20
1075	65	20
1076	66	20
1077	67	20
1078	68	20
1079	69	20
1080	70	20
1081	71	20
1082	72	20
1083	73	20
1084	362	20
1085	363	21
1086	1	21
1087	364	21
1088	365	21
1089	5	21
1090	366	21
1091	80	21
1092	367	21
1093	368	21
1094	369	21
1095	370	21
1096	14	21
1097	371	21
1098	18	21
1099	372	21
1100	21	21
1101	373	21
1102	374	21
1103	375	21
1104	376	21
1105	377	21
1106	378	21
1107	47	21
1108	379	21
1109	380	21
1110	381	21
1111	281	21
1112	67	21
1113	68	21
1114	382	21
1115	383	21
1116	384	21
1117	70	21
1118	71	21
1119	72	21
1120	385	21
1121	386	21
1122	387	21
1123	388	22
1124	1	22
1125	134	22
1126	5	22
1127	135	22
1128	137	22
1129	160	22
1130	139	22
1131	140	22
1132	18	22
1133	389	22
1134	21	22
1135	142	22
1136	161	22
1137	143	22
1138	144	22
1139	390	22
1140	145	22
1141	146	22
1142	45	22
1143	147	22
1144	47	22
1145	50	22
1146	148	22
1147	149	22
1148	150	22
1149	391	22
1150	151	22
1151	152	22
1152	166	22
1153	153	22
1154	113	22
1155	154	22
1156	155	22
1157	156	22
1158	70	22
1159	71	22
1160	72	22
1161	167	22
1162	157	22
1163	248	23
1164	392	23
1165	393	23
1166	394	23
1167	395	23
1168	396	23
1169	397	23
1170	398	23
1171	399	23
1172	400	23
1173	401	23
1174	402	23
1175	403	23
1176	404	23
1177	405	23
1178	406	23
1179	407	23
1180	408	23
1181	2	23
1182	409	23
1183	410	23
1184	4	23
1185	5	23
1186	411	23
1187	412	23
1188	413	23
1189	6	23
1190	7	23
1191	414	23
1192	10	23
1193	11	23
1194	12	23
1195	13	23
1196	14	23
1197	15	23
1198	16	23
1199	17	23
1200	141	23
1201	18	23
1202	415	23
1203	20	23
1204	21	23
1205	416	23
1206	22	23
1207	417	23
1208	23	23
1209	24	23
1210	25	23
1211	26	23
1212	27	23
1213	28	23
1214	29	23
1215	30	23
1216	31	23
1217	32	23
1218	33	23
1219	34	23
1220	35	23
1221	36	23
1222	238	23
1223	240	23
1224	241	23
1225	418	23
1226	377	23
1227	40	23
1228	41	23
1229	42	23
1230	43	23
1231	44	23
1232	45	23
1233	46	23
1234	47	23
1235	48	23
1236	49	23
1237	50	23
1238	419	23
1239	243	23
1240	52	23
1241	53	23
1242	54	23
1243	55	23
1244	420	23
1245	56	23
1246	57	23
1247	58	23
1248	59	23
1249	60	23
1250	61	23
1251	62	23
1252	63	23
1253	64	23
1254	65	23
1255	205	23
1256	66	23
1257	67	23
1258	68	23
1259	69	23
1260	70	23
1261	71	23
1262	72	23
1263	73	23
1264	74	23
1265	421	23
1266	422	23
1267	423	24
1268	424	24
1269	425	24
1270	2	24
1271	4	24
1272	5	24
1273	6	24
1274	7	24
1275	10	24
1276	11	24
1277	12	24
1278	13	24
1279	14	24
1280	15	24
1281	16	24
1282	17	24
1283	18	24
1284	20	24
1285	21	24
1286	22	24
1287	426	24
1288	23	24
1289	24	24
1290	25	24
1291	26	24
1292	27	24
1293	28	24
1294	29	24
1295	30	24
1296	31	24
1297	32	24
1298	33	24
1299	34	24
1300	35	24
1301	36	24
1302	238	24
1303	239	24
1304	240	24
1305	40	24
1306	41	24
1307	42	24
1308	43	24
1309	44	24
1310	45	24
1311	46	24
1312	47	24
1313	48	24
1314	49	24
1315	50	24
1316	243	24
1317	52	24
1318	53	24
1319	54	24
1320	55	24
1321	56	24
1322	57	24
1323	58	24
1324	59	24
1325	60	24
1326	61	24
1327	62	24
1328	63	24
1329	65	24
1330	66	24
1331	67	24
1332	68	24
1333	69	24
1334	70	24
1335	72	24
1336	427	24
1337	2	25
1338	4	25
1339	5	25
1340	6	25
1341	7	25
1342	10	25
1343	11	25
1344	12	25
1345	13	25
1346	14	25
1347	15	25
1348	16	25
1349	17	25
1350	18	25
1351	20	25
1352	21	25
1353	22	25
1354	428	25
1355	23	25
1356	24	25
1357	25	25
1358	26	25
1359	27	25
1360	28	25
1361	29	25
1362	30	25
1363	31	25
1364	32	25
1365	33	25
1366	34	25
1367	35	25
1368	36	25
1369	238	25
1370	240	25
1371	241	25
1372	40	25
1373	41	25
1374	42	25
1375	43	25
1376	44	25
1377	45	25
1378	46	25
1379	47	25
1380	48	25
1381	49	25
1382	50	25
1383	243	25
1384	52	25
1385	53	25
1386	54	25
1387	55	25
1388	56	25
1389	57	25
1390	58	25
1391	59	25
1392	60	25
1393	61	25
1394	62	25
1395	63	25
1396	64	25
1397	65	25
1398	66	25
1399	67	25
1400	68	25
1401	69	25
1402	70	25
1403	71	25
1404	72	25
1405	73	25
1406	1	26
1407	2	26
1408	429	26
1409	430	26
1410	4	26
1411	5	26
1412	6	26
1413	7	26
1414	10	26
1415	11	26
1416	12	26
1417	14	26
1418	15	26
1419	16	26
1420	17	26
1421	18	26
1422	331	26
1423	20	26
1424	21	26
1425	22	26
1426	431	26
1427	23	26
1428	24	26
1429	432	26
1430	433	26
1431	25	26
1432	26	26
1433	27	26
1434	28	26
1435	145	26
1436	29	26
1437	434	26
1438	30	26
1439	31	26
1440	32	26
1441	33	26
1442	34	26
1443	35	26
1444	36	26
1445	238	26
1446	240	26
1447	241	26
1448	97	26
1449	40	26
1450	41	26
1451	42	26
1452	335	26
1453	44	26
1454	45	26
1455	46	26
1456	47	26
1457	48	26
1458	49	26
1459	50	26
1460	243	26
1461	52	26
1462	53	26
1463	54	26
1464	55	26
1465	56	26
1466	57	26
1467	58	26
1468	337	26
1469	59	26
1470	60	26
1471	66	26
1472	340	26
1473	67	26
1474	68	26
1475	69	26
1476	435	26
1477	70	26
1478	71	26
1479	72	26
1480	73	26
1481	436	27
1482	1	27
1483	2	27
1484	437	27
1485	4	27
1486	5	27
1487	6	27
1488	7	27
1489	438	27
1490	10	27
1491	11	27
1492	12	27
1493	14	27
1494	15	27
1495	16	27
1496	17	27
1497	18	27
1498	331	27
1499	439	27
1500	20	27
1501	21	27
1502	22	27
1503	440	27
1504	441	27
1505	23	27
1506	24	27
1507	442	27
1508	25	27
1509	26	27
1510	27	27
1511	28	27
1512	145	27
1513	29	27
1514	30	27
1515	31	27
1516	32	27
1517	33	27
1518	34	27
1519	35	27
1520	36	27
1521	238	27
1522	240	27
1523	241	27
1524	97	27
1525	40	27
1526	41	27
1527	42	27
1528	335	27
1529	44	27
1530	45	27
1531	46	27
1532	47	27
1533	48	27
1534	49	27
1535	50	27
1536	243	27
1537	52	27
1538	53	27
1539	54	27
1540	55	27
1541	56	27
1542	57	27
1543	58	27
1544	337	27
1545	59	27
1546	60	27
1547	443	27
1548	288	27
1549	66	27
1550	340	27
1551	67	27
1552	68	27
1553	444	27
1554	69	27
1555	70	27
1556	73	27
1557	74	27
1558	348	27
1559	75	28
1560	1	28
1561	445	28
1562	446	28
1563	447	28
1564	5	28
1565	77	28
1566	448	28
1567	449	28
1568	79	28
1569	80	28
1570	450	28
1571	81	28
1572	82	28
1573	14	28
1574	84	28
1575	85	28
1576	21	28
1577	86	28
1578	88	28
1579	91	28
1580	451	28
1581	452	28
1582	26	28
1583	93	28
1584	29	28
1585	94	28
1586	453	28
1587	97	28
1588	41	28
1589	47	28
1590	98	28
1591	99	28
1592	100	28
1593	454	28
1594	455	28
1595	101	28
1596	109	28
1597	110	28
1598	111	28
1599	456	28
1600	112	28
1601	113	28
1602	115	28
1603	116	28
1604	117	28
1605	119	28
1606	187	28
1607	457	29
1608	1	29
1609	292	29
1610	293	29
1611	5	29
1612	295	29
1613	296	29
1614	297	29
1615	14	29
1616	17	29
1617	299	29
1618	300	29
1619	458	29
1620	301	29
1621	21	29
1622	302	29
1623	24	29
1624	304	29
1625	145	29
1626	179	29
1627	305	29
1628	312	29
1629	47	29
1630	48	29
1631	49	29
1632	50	29
1633	243	29
1634	52	29
1635	313	29
1636	53	29
1637	54	29
1638	314	29
1639	55	29
1640	56	29
1641	58	29
1642	316	29
1643	59	29
1644	60	29
1645	62	29
1646	66	29
1647	67	29
1648	68	29
1649	69	29
1650	70	29
1651	71	29
1652	72	29
1653	459	29
1654	460	30
1655	461	30
1656	1	30
1657	2	30
1658	4	30
1659	5	30
1660	6	30
1661	7	30
1662	462	30
1663	463	30
1664	10	30
1665	11	30
1666	12	30
1667	14	30
1668	15	30
1669	16	30
1670	17	30
1671	18	30
1672	331	30
1673	20	30
1674	464	30
1675	21	30
1676	22	30
1677	23	30
1678	24	30
1679	25	30
1680	26	30
1681	27	30
1682	28	30
1683	145	30
1684	29	30
1685	146	30
1686	465	30
1687	30	30
1688	31	30
1689	32	30
1690	33	30
1691	34	30
1692	35	30
1693	36	30
1694	238	30
1695	38	30
1696	241	30
1697	97	30
1698	40	30
1699	41	30
1700	42	30
1701	335	30
1702	44	30
1703	45	30
1704	46	30
1705	47	30
1706	48	30
1707	49	30
1708	50	30
1709	51	30
1710	52	30
1711	53	30
1712	54	30
1713	55	30
1714	56	30
1715	466	30
1716	57	30
1717	58	30
1718	467	30
1719	59	30
1720	60	30
1721	468	30
1722	339	30
1723	66	30
1724	340	30
1725	469	30
1726	67	30
1727	68	30
1728	69	30
1729	70	30
1730	71	30
1731	72	30
1732	470	30
1733	471	30
1734	341	30
1735	74	30
1736	75	31
1737	1	31
1738	472	31
1739	5	31
1740	77	31
1741	473	31
1742	79	31
1743	474	31
1744	80	31
1745	475	31
1746	81	31
1747	82	31
1748	14	31
1749	84	31
1750	85	31
1751	21	31
1752	86	31
1753	87	31
1754	88	31
1755	476	31
1756	89	31
1757	91	31
1758	93	31
1759	29	31
1760	94	31
1761	97	31
1762	41	31
1763	47	31
1764	98	31
1765	99	31
1766	100	31
1767	101	31
1768	109	31
1769	110	31
1770	111	31
1771	477	31
1772	112	31
1773	113	31
1774	114	31
1775	115	31
1776	116	31
1777	117	31
1778	119	31
1779	187	31
1780	436	32
1781	1	32
1782	293	32
1783	5	32
1784	295	32
1785	352	32
1786	296	32
1787	297	32
1788	14	32
1789	17	32
1790	299	32
1791	300	32
1792	478	32
1793	301	32
1794	21	32
1795	302	32
1796	24	32
1797	304	32
1798	145	32
1799	179	32
1800	305	32
1801	306	32
1802	307	32
1803	31	32
1804	32	32
1805	33	32
1806	34	32
1807	479	32
1808	240	32
1809	241	32
1810	310	32
1811	40	32
1812	41	32
1813	42	32
1814	43	32
1815	311	32
1816	44	32
1817	45	32
1818	46	32
1819	312	32
1820	47	32
1821	354	32
1822	48	32
1823	49	32
1824	50	32
1825	275	32
1826	243	32
1827	52	32
1828	313	32
1829	53	32
1830	54	32
1831	314	32
1832	55	32
1833	56	32
1834	58	32
1835	316	32
1836	59	32
1837	60	32
1838	62	32
1839	66	32
1840	67	32
1841	68	32
1842	69	32
1843	70	32
1844	71	32
1845	72	32
1846	348	32
1847	480	33
1848	2	33
1849	481	33
1850	437	33
1851	4	33
1852	5	33
1853	6	33
1854	7	33
1855	482	33
1856	10	33
1857	11	33
1858	12	33
1859	14	33
1860	15	33
1861	16	33
1862	17	33
1863	18	33
1864	331	33
1865	20	33
1866	483	33
1867	484	33
1868	21	33
1869	485	33
1870	22	33
1871	486	33
1872	23	33
1873	24	33
1874	25	33
1875	26	33
1876	27	33
1877	28	33
1878	145	33
1879	29	33
1880	30	33
1881	31	33
1882	487	33
1883	32	33
1884	33	33
1885	34	33
1886	35	33
1887	36	33
1888	238	33
1889	240	33
1890	97	33
1891	40	33
1892	41	33
1893	42	33
1894	335	33
1895	45	33
1896	47	33
1897	48	33
1898	49	33
1899	50	33
1900	488	33
1901	243	33
1902	52	33
1903	53	33
1904	54	33
1905	55	33
1906	56	33
1907	57	33
1908	58	33
1909	59	33
1910	60	33
1911	489	33
1912	66	33
1913	340	33
1914	67	33
1915	68	33
1916	444	33
1917	490	33
1918	491	33
1919	492	33
1920	73	33
1921	493	33
1922	1	34
1923	293	34
1924	5	34
1925	295	34
1926	494	34
1927	296	34
1928	297	34
1929	14	34
1930	17	34
1931	495	34
1932	300	34
1933	496	34
1934	301	34
1935	21	34
1936	302	34
1937	24	34
1938	304	34
1939	145	34
1940	179	34
1941	305	34
1942	306	34
1943	31	34
1944	309	34
1945	32	34
1946	33	34
1947	34	34
1948	240	34
1949	39	34
1950	310	34
1951	40	34
1952	41	34
1953	42	34
1954	43	34
1955	311	34
1956	44	34
1957	45	34
1958	46	34
1959	312	34
1960	47	34
1961	48	34
1962	49	34
1963	50	34
1964	243	34
1965	52	34
1966	313	34
1967	53	34
1968	54	34
1969	314	34
1970	497	34
1971	56	34
1972	58	34
1973	498	34
1974	338	34
1975	60	34
1976	62	34
1977	499	34
1978	66	34
1979	67	34
1980	68	34
1981	247	34
1982	70	34
1983	71	34
1984	500	34
1985	75	35
1986	1	35
1987	5	35
1988	77	35
1989	501	35
1990	502	35
1991	79	35
1992	503	35
1993	80	35
1994	81	35
1995	82	35
1996	14	35
1997	84	35
1998	85	35
1999	504	35
2000	21	35
2001	505	35
2002	86	35
2003	88	35
2004	417	35
2005	91	35
2006	506	35
2007	93	35
2008	179	35
2009	507	35
2010	94	35
2011	508	35
2012	97	35
2013	41	35
2014	47	35
2015	324	35
2016	98	35
2017	509	35
2018	100	35
2019	510	35
2020	101	35
2021	109	35
2022	110	35
2023	111	35
2024	112	35
2025	511	35
2026	115	35
2027	116	35
2028	117	35
2029	119	35
2030	187	35
2031	512	36
2032	2	36
2033	3	36
2034	513	36
2035	514	36
2036	4	36
2037	5	36
2038	6	36
2039	7	36
2040	515	36
2041	516	36
2042	10	36
2043	11	36
2044	12	36
2045	13	36
2046	14	36
2047	15	36
2048	16	36
2049	17	36
2050	18	36
2051	20	36
2052	21	36
2053	22	36
2054	23	36
2055	24	36
2056	25	36
2057	26	36
2058	27	36
2059	28	36
2060	29	36
2061	30	36
2062	31	36
2063	32	36
2064	33	36
2065	34	36
2066	35	36
2067	36	36
2068	238	36
2069	239	36
2070	38	36
2071	39	36
2072	40	36
2073	41	36
2074	42	36
2075	43	36
2076	44	36
2077	45	36
2078	46	36
2079	47	36
2080	48	36
2081	49	36
2082	50	36
2083	243	36
2084	52	36
2085	53	36
2086	54	36
2087	55	36
2088	56	36
2089	246	36
2090	57	36
2091	58	36
2092	517	36
2093	59	36
2094	60	36
2095	61	36
2096	62	36
2097	63	36
2098	64	36
2099	65	36
2100	66	36
2101	67	36
2102	68	36
2103	69	36
2104	518	36
2105	70	36
2106	71	36
2107	72	36
2108	519	36
2109	520	36
2110	73	36
2111	1	37
2112	134	37
2113	5	37
2114	135	37
2115	521	37
2116	137	37
2117	140	37
2118	522	37
2119	523	37
2120	18	37
2121	21	37
2122	142	37
2123	161	37
2124	143	37
2125	524	37
2126	144	37
2127	92	37
2128	145	37
2129	146	37
2130	95	37
2131	45	37
2132	147	37
2133	47	37
2134	50	37
2135	148	37
2136	149	37
2137	150	37
2138	525	37
2139	102	37
2140	103	37
2141	104	37
2142	105	37
2143	106	37
2144	107	37
2145	108	37
2146	151	37
2147	152	37
2148	166	37
2149	153	37
2150	113	37
2151	154	37
2152	155	37
2153	156	37
2154	70	37
2155	71	37
2156	72	37
2157	167	37
2158	118	37
2159	157	37
2160	526	37
2161	168	37
2162	527	38
2163	528	38
2164	529	38
2165	530	38
2166	531	38
2167	532	38
2168	533	38
2169	534	38
2170	4	38
2171	5	38
2172	6	38
2173	7	38
2174	535	38
2175	536	38
2176	537	38
2177	538	38
2178	10	38
2179	11	38
2180	539	38
2181	540	38
2182	13	38
2183	14	38
2184	15	38
2185	541	38
2186	17	38
2187	18	38
2188	542	38
2189	20	38
2190	21	38
2191	543	38
2192	544	38
2193	545	38
2194	546	38
2195	547	38
2196	26	38
2197	548	38
2198	549	38
2199	550	38
2200	551	38
2201	552	38
2202	553	38
2203	554	38
2204	555	38
2205	556	38
2206	32	38
2207	33	38
2208	34	38
2209	35	38
2210	36	38
2211	240	38
2212	241	38
2213	557	38
2214	40	38
2215	41	38
2216	42	38
2217	558	38
2218	44	38
2219	45	38
2220	46	38
2221	47	38
2222	48	38
2223	559	38
2224	243	38
2225	52	38
2226	54	38
2227	56	38
2228	560	38
2229	561	38
2230	58	38
2231	60	38
2232	61	38
2233	62	38
2234	63	38
2235	64	38
2236	65	38
2237	66	38
2238	67	38
2239	68	38
2240	69	38
2241	70	38
2242	71	38
2243	72	38
2244	562	38
2245	563	38
2246	248	39
2247	1	39
2248	292	39
2249	293	39
2250	5	39
2251	295	39
2252	296	39
2253	297	39
2254	14	39
2255	17	39
2256	299	39
2257	300	39
2258	301	39
2259	21	39
2260	302	39
2261	24	39
2262	304	39
2263	145	39
2264	179	39
2265	305	39
2266	306	39
2267	307	39
2268	31	39
2269	308	39
2270	309	39
2271	32	39
2272	33	39
2273	34	39
2274	241	39
2275	310	39
2276	40	39
2277	41	39
2278	42	39
2279	43	39
2280	311	39
2281	44	39
2282	45	39
2283	46	39
2284	312	39
2285	47	39
2286	48	39
2287	49	39
2288	50	39
2289	243	39
2290	52	39
2291	313	39
2292	53	39
2293	54	39
2294	314	39
2295	55	39
2296	56	39
2297	58	39
2298	316	39
2299	59	39
2300	60	39
2301	62	39
2302	66	39
2303	67	39
2304	68	39
2305	69	39
2306	70	39
2307	71	39
2308	72	39
2309	355	39
2310	1	40
2311	2	40
2312	4	40
2313	5	40
2314	6	40
2315	7	40
2316	564	40
2317	10	40
2318	11	40
2319	12	40
2320	13	40
2321	14	40
2322	15	40
2323	16	40
2324	17	40
2325	18	40
2326	20	40
2327	21	40
2328	22	40
2329	23	40
2330	24	40
2331	25	40
2332	26	40
2333	27	40
2334	28	40
2335	29	40
2336	30	40
2337	31	40
2338	32	40
2339	33	40
2340	34	40
2341	35	40
2342	36	40
2343	241	40
2344	40	40
2345	41	40
2346	42	40
2347	43	40
2348	44	40
2349	45	40
2350	46	40
2351	47	40
2352	48	40
2353	49	40
2354	50	40
2355	243	40
2356	52	40
2357	53	40
2358	54	40
2359	55	40
2360	56	40
2361	57	40
2362	60	40
2363	61	40
2364	62	40
2365	565	40
2366	63	40
2367	64	40
2368	65	40
2369	66	40
2370	67	40
2371	68	40
2372	69	40
2373	70	40
2374	71	40
2375	72	40
2376	73	40
2377	74	40
2378	1	41
2379	566	41
2380	5	41
2381	295	41
2382	567	41
2383	352	41
2384	296	41
2385	297	41
2386	568	41
2387	14	41
2388	569	41
2389	299	41
2390	300	41
2391	301	41
2392	21	41
2393	570	41
2394	571	41
2395	24	41
2396	304	41
2397	145	41
2398	179	41
2399	305	41
2400	306	41
2401	307	41
2402	31	41
2403	309	41
2404	32	41
2405	33	41
2406	34	41
2407	241	41
2408	310	41
2409	40	41
2410	41	41
2411	42	41
2412	43	41
2413	311	41
2414	44	41
2415	45	41
2416	46	41
2417	312	41
2418	47	41
2419	48	41
2420	49	41
2421	50	41
2422	51	41
2423	52	41
2424	313	41
2425	53	41
2426	54	41
2427	314	41
2428	55	41
2429	56	41
2430	572	41
2431	58	41
2432	498	41
2433	59	41
2434	60	41
2435	62	41
2436	66	41
2437	67	41
2438	68	41
2439	69	41
2440	70	41
2441	71	41
2442	72	41
2443	573	41
2444	1	42
2445	292	42
2446	293	42
2447	5	42
2448	295	42
2449	296	42
2450	297	42
2451	14	42
2452	17	42
2453	495	42
2454	300	42
2455	301	42
2456	574	42
2457	21	42
2458	302	42
2459	24	42
2460	304	42
2461	145	42
2462	179	42
2463	305	42
2464	306	42
2465	31	42
2466	308	42
2467	309	42
2468	32	42
2469	33	42
2470	34	42
2471	240	42
2472	241	42
2473	310	42
2474	40	42
2475	41	42
2476	42	42
2477	43	42
2478	311	42
2479	44	42
2480	45	42
2481	46	42
2482	312	42
2483	47	42
2484	48	42
2485	49	42
2486	50	42
2487	243	42
2488	52	42
2489	313	42
2490	53	42
2491	54	42
2492	314	42
2493	497	42
2494	56	42
2495	58	42
2496	498	42
2497	338	42
2498	60	42
2499	62	42
2500	575	42
2501	66	42
2502	67	42
2503	68	42
2504	247	42
2505	70	42
2506	71	42
2507	500	42
2508	75	43
2509	1	43
2510	121	43
2511	5	43
2512	77	43
2513	79	43
2514	80	43
2515	81	43
2516	82	43
2517	14	43
2518	576	43
2519	84	43
2520	85	43
2521	21	43
2522	577	43
2523	86	43
2524	88	43
2525	476	43
2526	578	43
2527	91	43
2528	579	43
2529	93	43
2530	29	43
2531	94	43
2532	580	43
2533	97	43
2534	41	43
2535	47	43
2536	98	43
2537	99	43
2538	100	43
2539	101	43
2540	581	43
2541	582	43
2542	109	43
2543	583	43
2544	110	43
2545	111	43
2546	112	43
2547	113	43
2548	115	43
2549	116	43
2550	117	43
2551	119	43
2552	584	43
2553	187	43
2554	436	44
2555	1	44
2556	585	44
2557	2	44
2558	437	44
2559	4	44
2560	5	44
2561	6	44
2562	7	44
2563	482	44
2564	10	44
2565	11	44
2566	12	44
2567	14	44
2568	15	44
2569	16	44
2570	17	44
2571	18	44
2572	331	44
2573	20	44
2574	21	44
2575	22	44
2576	23	44
2577	24	44
2578	25	44
2579	26	44
2580	27	44
2581	28	44
2582	145	44
2583	29	44
2584	30	44
2585	31	44
2586	487	44
2587	32	44
2588	33	44
2589	34	44
2590	35	44
2591	36	44
2592	238	44
2593	240	44
2594	241	44
2595	97	44
2596	40	44
2597	41	44
2598	42	44
2599	335	44
2600	44	44
2601	45	44
2602	46	44
2603	47	44
2604	48	44
2605	49	44
2606	50	44
2607	243	44
2608	52	44
2609	586	44
2610	53	44
2611	54	44
2612	55	44
2613	56	44
2614	57	44
2615	58	44
2616	337	44
2617	59	44
2618	60	44
2619	587	44
2620	588	44
2621	66	44
2622	340	44
2623	67	44
2624	68	44
2625	444	44
2626	589	44
2627	70	44
2628	73	44
2629	74	44
2630	348	44
2631	158	45
2632	75	45
2633	1	45
2634	590	45
2635	134	45
2636	5	45
2637	591	45
2638	77	45
2639	79	45
2640	80	45
2641	81	45
2642	82	45
2643	14	45
2644	84	45
2645	85	45
2646	592	45
2647	21	45
2648	86	45
2649	88	45
2650	593	45
2651	91	45
2652	93	45
2653	94	45
2654	97	45
2655	41	45
2656	47	45
2657	98	45
2658	594	45
2659	100	45
2660	101	45
2661	595	45
2662	499	45
2663	109	45
2664	110	45
2665	111	45
2666	596	45
2667	112	45
2668	113	45
2669	115	45
2670	116	45
2671	117	45
2672	597	45
2673	119	45
2674	187	45
2675	598	45
2676	248	46
2677	75	46
2678	1	46
2679	599	46
2680	5	46
2681	77	46
2682	79	46
2683	80	46
2684	81	46
2685	82	46
2686	14	46
2687	268	46
2688	84	46
2689	85	46
2690	600	46
2691	21	46
2692	86	46
2693	88	46
2694	91	46
2695	601	46
2696	93	46
2697	179	46
2698	29	46
2699	94	46
2700	97	46
2701	41	46
2702	47	46
2703	98	46
2704	602	46
2705	99	46
2706	603	46
2707	100	46
2708	101	46
2709	109	46
2710	110	46
2711	111	46
2712	112	46
2713	113	46
2714	115	46
2715	116	46
2716	117	46
2717	604	46
2718	119	46
2719	187	46
2720	605	46
2721	263	46
2722	75	47
2723	1	47
2724	121	47
2725	606	47
2726	607	47
2727	608	47
2728	5	47
2729	609	47
2730	77	47
2731	6	47
2732	79	47
2733	80	47
2734	81	47
2735	82	47
2736	14	47
2737	610	47
2738	84	47
2739	85	47
2740	611	47
2741	21	47
2742	86	47
2743	612	47
2744	88	47
2745	91	47
2746	613	47
2747	93	47
2748	614	47
2749	507	47
2750	94	47
2751	615	47
2752	97	47
2753	616	47
2754	41	47
2755	47	47
2756	98	47
2757	617	47
2758	509	47
2759	618	47
2760	100	47
2761	101	47
2762	109	47
2763	619	47
2764	620	47
2765	110	47
2766	111	47
2767	112	47
2768	621	47
2769	115	47
2770	116	47
2771	117	47
2772	119	47
2773	622	47
2774	623	47
2775	187	47
2776	285	48
2777	624	48
2778	5	48
2779	625	48
2780	267	48
2781	626	48
2782	627	48
2783	628	48
2784	629	48
2785	630	48
2786	21	48
2787	631	48
2788	632	48
2789	633	48
2790	47	48
2791	634	48
2792	635	48
2793	636	48
2794	637	48
2795	638	48
2796	639	48
2797	75	49
2798	1	49
2799	265	49
2800	640	49
2801	5	49
2802	77	49
2803	641	49
2804	567	49
2805	642	49
2806	79	49
2807	80	49
2808	81	49
2809	82	49
2810	643	49
2811	14	49
2812	644	49
2813	84	49
2814	85	49
2815	645	49
2816	646	49
2817	21	49
2818	647	49
2819	86	49
2820	648	49
2821	87	49
2822	88	49
2823	649	49
2824	91	49
2825	650	49
2826	93	49
2827	29	49
2828	94	49
2829	651	49
2830	97	49
2831	41	49
2832	47	49
2833	98	49
2834	99	49
2835	100	49
2836	652	49
2837	101	49
2838	102	49
2839	103	49
2840	104	49
2841	105	49
2842	106	49
2843	107	49
2844	108	49
2845	653	49
2846	109	49
2847	110	49
2848	111	49
2849	654	49
2850	655	49
2851	656	49
2852	657	49
2853	112	49
2854	113	49
2855	114	49
2856	115	49
2857	658	49
2858	116	49
2859	117	49
2860	119	49
2861	659	49
2862	660	50
2863	75	50
2864	1	50
2865	5	50
2866	77	50
2867	79	50
2868	661	50
2869	662	50
2870	80	50
2871	663	50
2872	81	50
2873	82	50
2874	14	50
2875	268	50
2876	84	50
2877	85	50
2878	21	50
2879	664	50
2880	86	50
2881	88	50
2882	91	50
2883	93	50
2884	665	50
2885	94	50
2886	666	50
2887	97	50
2888	41	50
2889	47	50
2890	98	50
2891	99	50
2892	100	50
2893	56	50
2894	101	50
2895	667	50
2896	109	50
2897	668	50
2898	110	50
2899	111	50
2900	112	50
2901	113	50
2902	115	50
2903	116	50
2904	117	50
2905	119	50
2906	187	50
2907	669	50
2908	1	51
2909	2	51
2910	4	51
2911	5	51
2912	6	51
2913	7	51
2914	10	51
2915	11	51
2916	12	51
2917	14	51
2918	15	51
2919	16	51
2920	17	51
2921	18	51
2922	331	51
2923	20	51
2924	21	51
2925	22	51
2926	670	51
2927	671	51
2928	23	51
2929	24	51
2930	672	51
2931	25	51
2932	26	51
2933	27	51
2934	28	51
2935	145	51
2936	29	51
2937	30	51
2938	31	51
2939	32	51
2940	33	51
2941	34	51
2942	35	51
2943	36	51
2944	238	51
2945	240	51
2946	241	51
2947	97	51
2948	40	51
2949	41	51
2950	42	51
2951	335	51
2952	44	51
2953	45	51
2954	46	51
2955	47	51
2956	48	51
2957	49	51
2958	50	51
2959	243	51
2960	52	51
2961	53	51
2962	54	51
2963	55	51
2964	56	51
2965	57	51
2966	58	51
2967	337	51
2968	673	51
2969	59	51
2970	60	51
2971	66	51
2972	340	51
2973	67	51
2974	68	51
2975	69	51
2976	70	51
2977	71	51
2978	72	51
2979	674	51
2980	73	51
2981	675	52
2982	676	52
2983	2	52
2984	4	52
2985	5	52
2986	6	52
2987	7	52
2988	677	52
2989	10	52
2990	11	52
2991	12	52
2992	13	52
2993	14	52
2994	15	52
2995	16	52
2996	17	52
2997	18	52
2998	678	52
2999	20	52
3000	679	52
3001	21	52
3002	86	52
3003	22	52
3004	680	52
3005	681	52
3006	682	52
3007	683	52
3008	684	52
3009	23	52
3010	685	52
3011	24	52
3012	686	52
3013	25	52
3014	26	52
3015	27	52
3016	28	52
3017	687	52
3018	29	52
3019	688	52
3020	689	52
3021	690	52
3022	691	52
3023	692	52
3024	31	52
3025	487	52
3026	693	52
3027	32	52
3028	33	52
3029	34	52
3030	35	52
3031	36	52
3032	378	52
3033	44	52
3034	45	52
3035	46	52
3036	47	52
3037	48	52
3038	49	52
3039	50	52
3040	243	52
3041	52	52
3042	53	52
3043	54	52
3044	55	52
3045	420	52
3046	56	52
3047	57	52
3048	58	52
3049	694	52
3050	338	52
3051	60	52
3052	61	52
3053	62	52
3054	63	52
3055	64	52
3056	65	52
3057	66	52
3058	695	52
3059	67	52
3060	68	52
3061	247	52
3062	696	52
3063	70	52
3064	73	52
3065	75	53
3066	1	53
3067	697	53
3068	5	53
3069	698	53
3070	77	53
3071	79	53
3072	699	53
3073	80	53
3074	192	53
3075	81	53
3076	82	53
3077	14	53
3078	268	53
3079	84	53
3080	85	53
3081	21	53
3082	86	53
3083	88	53
3084	220	53
3085	91	53
3086	700	53
3087	93	53
3088	29	53
3089	221	53
3090	94	53
3091	222	53
3092	97	53
3093	41	53
3094	47	53
3095	98	53
3096	701	53
3097	99	53
3098	702	53
3099	224	53
3100	703	53
3101	704	53
3102	101	53
3103	111	53
3104	112	53
3105	113	53
3106	115	53
3107	116	53
3108	117	53
3109	119	53
3110	187	53
3111	1	54
3112	446	54
3113	293	54
3114	5	54
3115	295	54
3116	705	54
3117	296	54
3118	297	54
3119	14	54
3120	17	54
3121	299	54
3122	300	54
3123	706	54
3124	301	54
3125	21	54
3126	302	54
3127	24	54
3128	707	54
3129	708	54
3130	304	54
3131	145	54
3132	179	54
3133	305	54
3134	306	54
3135	307	54
3136	709	54
3137	31	54
3138	309	54
3139	32	54
3140	33	54
3141	34	54
3142	240	54
3143	241	54
3144	310	54
3145	40	54
3146	41	54
3147	42	54
3148	43	54
3149	311	54
3150	44	54
3151	45	54
3152	46	54
3153	312	54
3154	47	54
3155	48	54
3156	49	54
3157	50	54
3158	243	54
3159	52	54
3160	313	54
3161	53	54
3162	54	54
3163	314	54
3164	55	54
3165	56	54
3166	58	54
3167	316	54
3168	59	54
3169	60	54
3170	62	54
3171	102	54
3172	103	54
3173	104	54
3174	105	54
3175	106	54
3176	107	54
3177	108	54
3178	66	54
3179	67	54
3180	68	54
3181	69	54
3182	70	54
3183	71	54
3184	72	54
3185	1	55
3186	710	55
3187	711	55
3188	293	55
3189	5	55
3190	712	55
3191	295	55
3192	297	55
3193	713	55
3194	14	55
3195	17	55
3196	714	55
3197	300	55
3198	301	55
3199	21	55
3200	302	55
3201	24	55
3202	715	55
3203	196	55
3204	197	55
3205	198	55
3206	199	55
3207	304	55
3208	145	55
3209	179	55
3210	716	55
3211	307	55
3212	31	55
3213	717	55
3214	309	55
3215	32	55
3216	33	55
3217	34	55
3218	240	55
3219	241	55
3220	310	55
3221	40	55
3222	41	55
3223	42	55
3224	43	55
3225	311	55
3226	44	55
3227	45	55
3228	46	55
3229	312	55
3230	47	55
3231	718	55
3232	49	55
3233	50	55
3234	719	55
3235	243	55
3236	52	55
3237	313	55
3238	53	55
3239	54	55
3240	314	55
3241	55	55
3242	203	55
3243	56	55
3244	58	55
3245	316	55
3246	59	55
3247	60	55
3248	62	55
3249	66	55
3250	67	55
3251	68	55
3252	720	55
3253	721	55
3254	70	55
3255	71	55
3256	72	55
3257	207	55
3258	208	55
3259	209	55
3260	210	55
3261	211	55
3262	212	55
3263	213	55
3264	214	55
3265	215	55
3266	722	56
3267	1	56
3268	2	56
3269	4	56
3270	723	56
3271	5	56
3272	6	56
3273	7	56
3274	724	56
3275	10	56
3276	11	56
3277	12	56
3278	13	56
3279	14	56
3280	16	56
3281	17	56
3282	725	56
3283	726	56
3284	20	56
3285	21	56
3286	22	56
3287	23	56
3288	727	56
3289	24	56
3290	25	56
3291	26	56
3292	27	56
3293	507	56
3294	30	56
3295	31	56
3296	32	56
3297	33	56
3298	34	56
3299	35	56
3300	36	56
3301	238	56
3302	240	56
3303	39	56
3304	40	56
3305	41	56
3306	42	56
3307	43	56
3308	44	56
3309	45	56
3310	46	56
3311	47	56
3312	48	56
3313	49	56
3314	50	56
3315	243	56
3316	52	56
3317	53	56
3318	54	56
3319	497	56
3320	56	56
3321	57	56
3322	58	56
3323	59	56
3324	60	56
3325	61	56
3326	62	56
3327	63	56
3328	64	56
3329	65	56
3330	66	56
3331	67	56
3332	68	56
3333	728	56
3334	70	56
3335	71	56
3336	72	56
3337	73	56
3338	729	56
3339	669	56
3340	158	57
3341	75	57
3342	1	57
3343	121	57
3344	5	57
3345	77	57
3346	730	57
3347	731	57
3348	79	57
3349	474	57
3350	80	57
3351	732	57
3352	81	57
3353	82	57
3354	14	57
3355	84	57
3356	85	57
3357	21	57
3358	733	57
3359	86	57
3360	734	57
3361	88	57
3362	735	57
3363	91	57
3364	736	57
3365	737	57
3366	738	57
3367	93	57
3368	739	57
3369	94	57
3370	97	57
3371	41	57
3372	47	57
3373	98	57
3374	99	57
3375	100	57
3376	56	57
3377	740	57
3378	101	57
3379	581	57
3380	109	57
3381	110	57
3382	111	57
3383	112	57
3384	113	57
3385	115	57
3386	116	57
3387	117	57
3388	119	57
3389	187	57
3390	169	57
3391	741	58
3392	2	58
3393	4	58
3394	5	58
3395	742	58
3396	6	58
3397	7	58
3398	10	58
3399	11	58
3400	12	58
3401	13	58
3402	14	58
3403	15	58
3404	16	58
3405	17	58
3406	18	58
3407	20	58
3408	21	58
3409	743	58
3410	22	58
3411	23	58
3412	24	58
3413	25	58
3414	26	58
3415	27	58
3416	28	58
3417	29	58
3418	30	58
3419	744	58
3420	31	58
3421	32	58
3422	33	58
3423	34	58
3424	35	58
3425	36	58
3426	238	58
3427	239	58
3428	240	58
3429	241	58
3430	40	58
3431	41	58
3432	42	58
3433	43	58
3434	44	58
3435	45	58
3436	46	58
3437	47	58
3438	48	58
3439	49	58
3440	50	58
3441	243	58
3442	52	58
3443	53	58
3444	54	58
3445	55	58
3446	56	58
3447	246	58
3448	57	58
3449	58	58
3450	59	58
3451	60	58
3452	61	58
3453	62	58
3454	63	58
3455	64	58
3456	65	58
3457	66	58
3458	67	58
3459	68	58
3460	69	58
3461	70	58
3462	71	58
3463	72	58
3464	73	58
3465	1	59
3466	134	59
3467	745	59
3468	746	59
3469	5	59
3470	135	59
3471	137	59
3472	139	59
3473	140	59
3474	747	59
3475	18	59
3476	21	59
3477	142	59
3478	143	59
3479	144	59
3480	145	59
3481	146	59
3482	45	59
3483	147	59
3484	47	59
3485	50	59
3486	148	59
3487	149	59
3488	150	59
3489	748	59
3490	151	59
3491	152	59
3492	153	59
3493	749	59
3494	750	59
3495	751	59
3496	752	59
3497	113	59
3498	154	59
3499	155	59
3500	156	59
3501	70	59
3502	71	59
3503	72	59
3504	157	59
3505	1	60
3506	753	60
3507	134	60
3508	5	60
3509	135	60
3510	754	60
3511	755	60
3512	137	60
3513	139	60
3514	140	60
3515	756	60
3516	18	60
3517	21	60
3518	142	60
3519	143	60
3520	144	60
3521	757	60
3522	145	60
3523	146	60
3524	45	60
3525	147	60
3526	47	60
3527	50	60
3528	148	60
3529	149	60
3530	150	60
3531	758	60
3532	151	60
3533	152	60
3534	153	60
3535	759	60
3536	113	60
3537	154	60
3538	155	60
3539	156	60
3540	760	60
3541	70	60
3542	71	60
3543	72	60
3544	157	60
3545	761	60
3546	235	61
3547	1	61
3548	2	61
3549	762	61
3550	4	61
3551	5	61
3552	6	61
3553	7	61
3554	763	61
3555	10	61
3556	11	61
3557	12	61
3558	13	61
3559	14	61
3560	15	61
3561	16	61
3562	17	61
3563	726	61
3564	20	61
3565	21	61
3566	22	61
3567	23	61
3568	24	61
3569	25	61
3570	26	61
3571	27	61
3572	507	61
3573	30	61
3574	31	61
3575	32	61
3576	33	61
3577	34	61
3578	35	61
3579	36	61
3580	238	61
3581	239	61
3582	38	61
3583	39	61
3584	40	61
3585	41	61
3586	42	61
3587	43	61
3588	44	61
3589	45	61
3590	46	61
3591	47	61
3592	48	61
3593	49	61
3594	50	61
3595	764	61
3596	243	61
3597	52	61
3598	53	61
3599	54	61
3600	497	61
3601	56	61
3602	57	61
3603	58	61
3604	59	61
3605	60	61
3606	61	61
3607	62	61
3608	63	61
3609	64	61
3610	65	61
3611	66	61
3612	67	61
3613	68	61
3614	728	61
3615	70	61
3616	71	61
3617	72	61
3618	73	61
3619	765	61
3620	480	62
3621	766	62
3622	293	62
3623	5	62
3624	295	62
3625	297	62
3626	767	62
3627	768	62
3628	14	62
3629	17	62
3630	299	62
3631	300	62
3632	301	62
3633	21	62
3634	302	62
3635	24	62
3636	304	62
3637	179	62
3638	769	62
3639	31	62
3640	308	62
3641	309	62
3642	32	62
3643	33	62
3644	34	62
3645	240	62
3646	241	62
3647	310	62
3648	40	62
3649	41	62
3650	42	62
3651	43	62
3652	311	62
3653	44	62
3654	45	62
3655	46	62
3656	312	62
3657	47	62
3658	48	62
3659	49	62
3660	50	62
3661	243	62
3662	52	62
3663	313	62
3664	53	62
3665	54	62
3666	314	62
3667	55	62
3668	56	62
3669	58	62
3670	316	62
3671	59	62
3672	60	62
3673	62	62
3674	66	62
3675	67	62
3676	68	62
3677	261	62
3678	262	62
3679	493	62
3680	436	63
3681	1	63
3682	2	63
3683	4	63
3684	5	63
3685	6	63
3686	7	63
3687	770	63
3688	771	63
3689	772	63
3690	10	63
3691	11	63
3692	12	63
3693	13	63
3694	14	63
3695	15	63
3696	16	63
3697	17	63
3698	18	63
3699	20	63
3700	21	63
3701	22	63
3702	23	63
3703	773	63
3704	24	63
3705	25	63
3706	26	63
3707	27	63
3708	28	63
3709	29	63
3710	30	63
3711	31	63
3712	32	63
3713	33	63
3714	34	63
3715	35	63
3716	36	63
3717	238	63
3718	239	63
3719	240	63
3720	241	63
3721	40	63
3722	41	63
3723	42	63
3724	43	63
3725	44	63
3726	45	63
3727	46	63
3728	47	63
3729	48	63
3730	49	63
3731	50	63
3732	243	63
3733	52	63
3734	53	63
3735	54	63
3736	55	63
3737	56	63
3738	246	63
3739	57	63
3740	58	63
3741	59	63
3742	60	63
3743	61	63
3744	62	63
3745	66	63
3746	67	63
3747	68	63
3748	69	63
3749	70	63
3750	73	63
3751	74	63
3752	348	63
3753	75	64
3754	1	64
3755	121	64
3756	774	64
3757	775	64
3758	5	64
3759	776	64
3760	77	64
3761	79	64
3762	777	64
3763	80	64
3764	778	64
3765	81	64
3766	82	64
3767	14	64
3768	84	64
3769	85	64
3770	21	64
3771	86	64
3772	88	64
3773	779	64
3774	91	64
3775	780	64
3776	93	64
3777	29	64
3778	94	64
3779	97	64
3780	41	64
3781	47	64
3782	98	64
3783	99	64
3784	100	64
3785	781	64
3786	101	64
3787	782	64
3788	581	64
3789	109	64
3790	110	64
3791	111	64
3792	112	64
3793	113	64
3794	115	64
3795	116	64
3796	117	64
3797	119	64
3798	1	65
3799	2	65
3800	783	65
3801	3	65
3802	784	65
3803	785	65
3804	4	65
3805	723	65
3806	5	65
3807	786	65
3808	787	65
3809	788	65
3810	6	65
3811	7	65
3812	789	65
3813	10	65
3814	11	65
3815	12	65
3816	13	65
3817	14	65
3818	790	65
3819	16	65
3820	17	65
3821	18	65
3822	20	65
3823	791	65
3824	21	65
3825	792	65
3826	793	65
3827	22	65
3828	23	65
3829	24	65
3830	25	65
3831	26	65
3832	27	65
3833	28	65
3834	507	65
3835	30	65
3836	31	65
3837	794	65
3838	33	65
3839	34	65
3840	35	65
3841	36	65
3842	238	65
3843	239	65
3844	241	65
3845	40	65
3846	41	65
3847	42	65
3848	43	65
3849	44	65
3850	45	65
3851	46	65
3852	47	65
3853	48	65
3854	49	65
3855	50	65
3856	51	65
3857	52	65
3858	53	65
3859	54	65
3860	55	65
3861	56	65
3862	795	65
3863	572	65
3864	796	65
3865	57	65
3866	58	65
3867	59	65
3868	60	65
3869	61	65
3870	62	65
3871	63	65
3872	64	65
3873	65	65
3874	66	65
3875	67	65
3876	68	65
3877	69	65
3878	70	65
3879	71	65
3880	72	65
3881	520	65
3882	73	65
3883	74	65
3884	1	66
3885	797	66
3886	798	66
3887	5	66
3888	799	66
3889	800	66
3890	801	66
3891	802	66
3892	803	66
3893	804	66
3894	21	66
3895	805	66
3896	222	66
3897	47	66
3898	379	66
3899	806	66
3900	807	66
3901	808	66
3902	809	66
3903	1	67
3904	293	67
3905	5	67
3906	295	67
3907	810	67
3908	811	67
3909	296	67
3910	297	67
3911	14	67
3912	17	67
3913	495	67
3914	300	67
3915	301	67
3916	812	67
3917	21	67
3918	302	67
3919	24	67
3920	304	67
3921	145	67
3922	179	67
3923	305	67
3924	813	67
3925	31	67
3926	309	67
3927	240	67
3928	241	67
3929	310	67
3930	42	67
3931	43	67
3932	311	67
3933	45	67
3934	46	67
3935	312	67
3936	47	67
3937	48	67
3938	49	67
3939	50	67
3940	243	67
3941	52	67
3942	313	67
3943	53	67
3944	54	67
3945	314	67
3946	55	67
3947	56	67
3948	814	67
3949	58	67
3950	316	67
3951	59	67
3952	60	67
3953	62	67
3954	66	67
3955	67	67
3956	68	67
3957	247	67
3958	70	67
3959	71	67
3960	500	67
3961	1	68
3962	134	68
3963	5	68
3964	135	68
3965	137	68
3966	160	68
3967	139	68
3968	140	68
3969	815	68
3970	816	68
3971	21	68
3972	142	68
3973	161	68
3974	143	68
3975	144	68
3976	817	68
3977	45	68
3978	147	68
3979	47	68
3980	50	68
3981	148	68
3982	149	68
3983	150	68
3984	151	68
3985	152	68
3986	818	68
3987	153	68
3988	154	68
3989	155	68
3990	156	68
3991	70	68
3992	71	68
3993	72	68
3994	167	68
3995	157	68
3996	819	69
3997	2	69
3998	4	69
3999	5	69
4000	6	69
4001	7	69
4002	10	69
4003	11	69
4004	12	69
4005	13	69
4006	14	69
4007	16	69
4008	17	69
4009	18	69
4010	20	69
4011	21	69
4012	22	69
4013	23	69
4014	24	69
4015	25	69
4016	26	69
4017	27	69
4018	28	69
4019	29	69
4020	31	69
4021	32	69
4022	33	69
4023	34	69
4024	35	69
4025	36	69
4026	238	69
4027	239	69
4028	240	69
4029	241	69
4030	40	69
4031	41	69
4032	42	69
4033	43	69
4034	44	69
4035	45	69
4036	46	69
4037	47	69
4038	48	69
4039	49	69
4040	50	69
4041	243	69
4042	52	69
4043	53	69
4044	54	69
4045	55	69
4046	56	69
4047	57	69
4048	58	69
4049	59	69
4050	60	69
4051	61	69
4052	62	69
4053	63	69
4054	64	69
4055	65	69
4056	66	69
4057	67	69
4058	68	69
4059	69	69
4060	70	69
4061	71	69
4062	72	69
4063	73	69
4064	820	69
4065	1	70
4066	821	70
4067	3	70
4068	292	70
4069	293	70
4070	5	70
4071	788	70
4072	295	70
4073	296	70
4074	297	70
4075	14	70
4076	569	70
4077	299	70
4078	300	70
4079	301	70
4080	21	70
4081	302	70
4082	822	70
4083	24	70
4084	304	70
4085	145	70
4086	179	70
4087	305	70
4088	306	70
4089	307	70
4090	31	70
4091	308	70
4092	309	70
4093	32	70
4094	33	70
4095	34	70
4096	241	70
4097	310	70
4098	40	70
4099	41	70
4100	42	70
4101	43	70
4102	311	70
4103	44	70
4104	45	70
4105	46	70
4106	312	70
4107	47	70
4108	48	70
4109	49	70
4110	50	70
4111	243	70
4112	52	70
4113	313	70
4114	53	70
4115	54	70
4116	314	70
4117	55	70
4118	56	70
4119	572	70
4120	796	70
4121	58	70
4122	498	70
4123	59	70
4124	60	70
4125	62	70
4126	66	70
4127	823	70
4128	67	70
4129	68	70
4130	69	70
4131	70	70
4132	71	70
4133	72	70
4134	519	70
4135	158	71
4136	1	71
4137	292	71
4138	293	71
4139	5	71
4140	295	71
4141	296	71
4142	297	71
4143	14	71
4144	17	71
4145	299	71
4146	300	71
4147	301	71
4148	21	71
4149	302	71
4150	24	71
4151	304	71
4152	145	71
4153	179	71
4154	305	71
4155	306	71
4156	307	71
4157	31	71
4158	308	71
4159	309	71
4160	32	71
4161	33	71
4162	34	71
4163	240	71
4164	241	71
4165	310	71
4166	40	71
4167	41	71
4168	42	71
4169	43	71
4170	311	71
4171	44	71
4172	45	71
4173	46	71
4174	312	71
4175	47	71
4176	48	71
4177	49	71
4178	50	71
4179	824	71
4180	243	71
4181	52	71
4182	313	71
4183	53	71
4184	54	71
4185	314	71
4186	55	71
4187	183	71
4188	56	71
4189	58	71
4190	316	71
4191	59	71
4192	60	71
4193	62	71
4194	66	71
4195	67	71
4196	68	71
4197	69	71
4198	70	71
4199	71	71
4200	72	71
4201	598	71
4202	1	72
4203	2	72
4204	3	72
4205	437	72
4206	4	72
4207	5	72
4208	6	72
4209	7	72
4210	10	72
4211	11	72
4212	12	72
4213	14	72
4214	15	72
4215	16	72
4216	17	72
4217	18	72
4218	825	72
4219	331	72
4220	439	72
4221	826	72
4222	20	72
4223	21	72
4224	22	72
4225	441	72
4226	23	72
4227	24	72
4228	25	72
4229	26	72
4230	27	72
4231	28	72
4232	145	72
4233	29	72
4234	30	72
4235	31	72
4236	32	72
4237	33	72
4238	34	72
4239	35	72
4240	36	72
4241	238	72
4242	38	72
4243	241	72
4244	97	72
4245	40	72
4246	41	72
4247	42	72
4248	335	72
4249	44	72
4250	45	72
4251	46	72
4252	47	72
4253	48	72
4254	49	72
4255	50	72
4256	51	72
4257	52	72
4258	53	72
4259	54	72
4260	55	72
4261	56	72
4262	57	72
4263	58	72
4264	467	72
4265	59	72
4266	60	72
4267	443	72
4268	288	72
4269	66	72
4270	340	72
4271	67	72
4272	68	72
4273	444	72
4274	69	72
4275	70	72
4276	71	72
4277	72	72
4278	73	72
4279	74	72
4280	827	73
4281	828	73
4282	2	73
4283	829	73
4284	830	73
4285	831	73
4286	4	73
4287	5	73
4288	6	73
4289	7	73
4290	10	73
4291	11	73
4292	12	73
4293	13	73
4294	14	73
4295	15	73
4296	16	73
4297	17	73
4298	18	73
4299	20	73
4300	21	73
4301	22	73
4302	23	73
4303	24	73
4304	25	73
4305	26	73
4306	27	73
4307	28	73
4308	29	73
4309	30	73
4310	31	73
4311	32	73
4312	33	73
4313	34	73
4314	35	73
4315	36	73
4316	238	73
4317	240	73
4318	241	73
4319	40	73
4320	41	73
4321	42	73
4322	43	73
4323	44	73
4324	45	73
4325	46	73
4326	47	73
4327	48	73
4328	49	73
4329	50	73
4330	243	73
4331	52	73
4332	53	73
4333	54	73
4334	55	73
4335	420	73
4336	56	73
4337	57	73
4338	832	73
4339	58	73
4340	59	73
4341	60	73
4342	61	73
4343	62	73
4344	63	73
4345	64	73
4346	65	73
4347	66	73
4348	67	73
4349	68	73
4350	247	73
4351	70	73
4352	71	73
4353	72	73
4354	73	73
4355	74	73
4356	1	74
4357	2	74
4358	4	74
4359	5	74
4360	6	74
4361	7	74
4362	10	74
4363	11	74
4364	12	74
4365	13	74
4366	14	74
4367	15	74
4368	16	74
4369	17	74
4370	18	74
4371	20	74
4372	833	74
4373	21	74
4374	22	74
4375	23	74
4376	24	74
4377	25	74
4378	26	74
4379	27	74
4380	28	74
4381	29	74
4382	30	74
4383	31	74
4384	32	74
4385	33	74
4386	34	74
4387	35	74
4388	36	74
4389	238	74
4390	240	74
4391	241	74
4392	40	74
4393	41	74
4394	42	74
4395	43	74
4396	44	74
4397	45	74
4398	46	74
4399	47	74
4400	48	74
4401	49	74
4402	50	74
4403	243	74
4404	52	74
4405	53	74
4406	54	74
4407	55	74
4408	56	74
4409	834	74
4410	57	74
4411	58	74
4412	59	74
4413	60	74
4414	61	74
4415	62	74
4416	835	74
4417	63	74
4418	64	74
4419	65	74
4420	66	74
4421	67	74
4422	68	74
4423	69	74
4424	70	74
4425	71	74
4426	72	74
4427	73	74
4428	1	75
4429	2	75
4430	4	75
4431	5	75
4432	6	75
4433	7	75
4434	836	75
4435	10	75
4436	11	75
4437	12	75
4438	13	75
4439	14	75
4440	15	75
4441	16	75
4442	17	75
4443	18	75
4444	20	75
4445	21	75
4446	22	75
4447	837	75
4448	23	75
4449	24	75
4450	25	75
4451	26	75
4452	27	75
4453	28	75
4454	29	75
4455	30	75
4456	709	75
4457	31	75
4458	32	75
4459	33	75
4460	34	75
4461	35	75
4462	36	75
4463	238	75
4464	239	75
4465	240	75
4466	241	75
4467	40	75
4468	41	75
4469	42	75
4470	43	75
4471	44	75
4472	45	75
4473	46	75
4474	47	75
4475	48	75
4476	49	75
4477	50	75
4478	764	75
4479	243	75
4480	52	75
4481	53	75
4482	54	75
4483	55	75
4484	56	75
4485	57	75
4486	58	75
4487	59	75
4488	60	75
4489	61	75
4490	62	75
4491	63	75
4492	64	75
4493	65	75
4494	66	75
4495	67	75
4496	68	75
4497	69	75
4498	70	75
4499	71	75
4500	72	75
4501	73	75
4502	1	76
4503	134	76
4504	5	76
4505	135	76
4506	137	76
4507	139	76
4508	838	76
4509	140	76
4510	839	76
4511	522	76
4512	840	76
4513	18	76
4514	841	76
4515	842	76
4516	21	76
4517	142	76
4518	143	76
4519	144	76
4520	757	76
4521	92	76
4522	843	76
4523	844	76
4524	845	76
4525	846	76
4526	847	76
4527	848	76
4528	849	76
4529	850	76
4530	851	76
4531	852	76
4532	853	76
4533	854	76
4534	855	76
4535	856	76
4536	857	76
4537	858	76
4538	859	76
4539	145	76
4540	146	76
4541	95	76
4542	45	76
4543	147	76
4544	47	76
4545	48	76
4546	50	76
4547	148	76
4548	149	76
4549	150	76
4550	102	76
4551	103	76
4552	104	76
4553	105	76
4554	106	76
4555	107	76
4556	108	76
4557	151	76
4558	152	76
4559	153	76
4560	113	76
4561	154	76
4562	155	76
4563	156	76
4564	70	76
4565	71	76
4566	72	76
4567	860	76
4568	118	76
4569	157	76
4570	861	76
4571	722	77
4572	75	77
4573	1	77
4574	862	77
4575	863	77
4576	5	77
4577	77	77
4578	864	77
4579	79	77
4580	80	77
4581	81	77
4582	82	77
4583	14	77
4584	84	77
4585	85	77
4586	21	77
4587	86	77
4588	87	77
4589	88	77
4590	91	77
4591	93	77
4592	94	77
4593	97	77
4594	41	77
4595	47	77
4596	98	77
4597	99	77
4598	100	77
4599	865	77
4600	101	77
4601	109	77
4602	110	77
4603	111	77
4604	112	77
4605	113	77
4606	114	77
4607	115	77
4608	116	77
4609	117	77
4610	119	77
4611	187	77
4612	459	77
4613	75	78
4614	1	78
4615	121	78
4616	5	78
4617	77	78
4618	79	78
4619	80	78
4620	866	78
4621	81	78
4622	82	78
4623	14	78
4624	84	78
4625	85	78
4626	867	78
4627	868	78
4628	21	78
4629	86	78
4630	869	78
4631	870	78
4632	88	78
4633	91	78
4634	871	78
4635	93	78
4636	29	78
4637	94	78
4638	872	78
4639	97	78
4640	41	78
4641	47	78
4642	98	78
4643	99	78
4644	100	78
4645	873	78
4646	101	78
4647	874	78
4648	875	78
4649	581	78
4650	109	78
4651	110	78
4652	111	78
4653	876	78
4654	112	78
4655	113	78
4656	115	78
4657	116	78
4658	117	78
4659	119	78
4660	1	79
4661	2	79
4662	430	79
4663	4	79
4664	877	79
4665	5	79
4666	878	79
4667	6	79
4668	7	79
4669	879	79
4670	10	79
4671	11	79
4672	12	79
4673	14	79
4674	15	79
4675	16	79
4676	17	79
4677	18	79
4678	359	79
4679	331	79
4680	20	79
4681	21	79
4682	880	79
4683	22	79
4684	431	79
4685	23	79
4686	24	79
4687	25	79
4688	28	79
4689	145	79
4690	29	79
4691	30	79
4692	31	79
4693	32	79
4694	33	79
4695	34	79
4696	35	79
4697	36	79
4698	238	79
4699	240	79
4700	241	79
4701	97	79
4702	40	79
4703	41	79
4704	42	79
4705	335	79
4706	44	79
4707	45	79
4708	46	79
4709	47	79
4710	48	79
4711	49	79
4712	50	79
4713	243	79
4714	52	79
4715	53	79
4716	54	79
4717	55	79
4718	56	79
4719	57	79
4720	58	79
4721	337	79
4722	59	79
4723	60	79
4724	66	79
4725	340	79
4726	67	79
4727	68	79
4728	69	79
4729	881	79
4730	435	79
4731	70	79
4732	71	79
4733	72	79
4734	73	79
4735	1	80
4736	134	80
4737	5	80
4738	411	80
4739	135	80
4740	137	80
4741	139	80
4742	882	80
4743	140	80
4744	883	80
4745	18	80
4746	21	80
4747	142	80
4748	161	80
4749	143	80
4750	144	80
4751	884	80
4752	885	80
4753	145	80
4754	146	80
4755	45	80
4756	147	80
4757	47	80
4758	50	80
4759	148	80
4760	886	80
4761	149	80
4762	150	80
4763	151	80
4764	152	80
4765	887	80
4766	888	80
4767	153	80
4768	113	80
4769	154	80
4770	155	80
4771	156	80
4772	889	80
4773	157	80
4774	890	80
4775	471	80
4776	722	81
4777	892	81
4778	1	81
4779	134	81
4780	5	81
4781	896	81
4782	135	81
4783	898	81
4784	137	81
4785	139	81
4786	140	81
4787	902	81
4788	903	81
4789	904	81
4790	815	81
4791	18	81
4792	21	81
4793	142	81
4794	143	81
4795	144	81
4796	911	81
4797	912	81
4798	913	81
4799	145	81
4800	146	81
4801	45	81
4802	147	81
4803	47	81
4804	50	81
4805	148	81
4806	149	81
4807	150	81
4808	923	81
4809	151	81
4810	152	81
4811	153	81
4812	113	81
4813	154	81
4814	155	81
4815	156	81
4816	70	81
4817	71	81
4818	72	81
4819	157	81
4820	935	81
4821	676	82
4822	937	82
4823	2	82
4824	4	82
4825	940	82
4826	5	82
4827	6	82
4828	7	82
4829	10	82
4830	11	82
4831	12	82
4832	13	82
4833	14	82
4834	15	82
4835	16	82
4836	17	82
4837	18	82
4838	20	82
4839	21	82
4840	86	82
4841	22	82
4842	680	82
4843	681	82
4844	682	82
4845	684	82
4846	23	82
4847	685	82
4848	24	82
4849	686	82
4850	25	82
4851	26	82
4852	27	82
4853	28	82
4854	687	82
4855	29	82
4856	146	82
4857	688	82
4858	969	82
4859	692	82
4860	31	82
4861	487	82
4862	973	82
4863	693	82
4864	32	82
4865	33	82
4866	34	82
4867	35	82
4868	36	82
4869	40	82
4870	41	82
4871	42	82
4872	983	82
4873	984	82
4874	378	82
4875	44	82
4876	45	82
4877	46	82
4878	47	82
4879	48	82
4880	49	82
4881	50	82
4882	243	82
4883	52	82
4884	53	82
4885	54	82
4886	55	82
4887	420	82
4888	56	82
4889	57	82
4890	58	82
4891	694	82
4892	60	82
4893	61	82
4894	62	82
4895	63	82
4896	64	82
4897	65	82
4898	66	82
4899	695	82
4900	67	82
4901	68	82
4902	69	82
4903	70	82
4904	71	82
4905	72	82
4906	1011	82
4907	73	82
4908	74	82
4909	722	83
4910	75	83
4911	1	83
4912	1015	83
4913	5	83
4914	77	83
4915	79	83
4916	80	83
4917	81	83
4918	82	83
4919	1021	83
4920	14	83
4921	84	83
4922	85	83
4923	1024	83
4924	21	83
4925	86	83
4926	87	83
4927	88	83
4928	89	83
4929	91	83
4930	1029	83
4931	93	83
4932	94	83
4933	97	83
4934	41	83
4935	47	83
4936	98	83
4937	99	83
4938	100	83
4939	101	83
4940	109	83
4941	110	83
4942	111	83
4943	112	83
4944	113	83
4945	114	83
4946	1042	83
4947	115	83
4948	116	83
4949	117	83
4950	119	83
4951	187	83
4952	355	83
4953	75	84
4954	1	84
4955	5	84
4956	1049	84
4957	1050	84
4958	1051	84
4959	78	84
4960	1053	84
4961	1054	84
4962	1055	84
4963	1056	84
4964	1057	84
4965	175	84
4966	1059	84
4967	1060	84
4968	21	84
4969	86	84
4970	88	84
4971	1061	84
4972	23	84
4973	93	84
4974	94	84
4975	222	84
4976	97	84
4977	41	84
4978	47	84
4979	98	84
4980	509	84
4981	100	84
4982	101	84
4983	109	84
4984	110	84
4985	112	84
4986	113	84
4987	1064	84
4988	116	84
4989	119	84
4990	187	84
4991	1065	84
4992	436	85
4993	1	85
4994	1067	85
4995	2	85
4996	4	85
4997	5	85
4998	6	85
4999	7	85
5000	1068	85
5001	1069	85
5002	1070	85
5003	10	85
5004	11	85
5005	12	85
5006	13	85
5007	14	85
5008	15	85
5009	16	85
5010	17	85
5011	18	85
5012	20	85
5013	21	85
5014	22	85
5015	23	85
5016	24	85
5017	25	85
5018	26	85
5019	27	85
5020	28	85
5021	29	85
5022	30	85
5023	31	85
5024	32	85
5025	33	85
5026	34	85
5027	35	85
5028	36	85
5029	238	85
5030	239	85
5031	240	85
5032	241	85
5033	40	85
5034	41	85
5035	42	85
5036	43	85
5037	44	85
5038	45	85
5039	46	85
5040	47	85
5041	48	85
5042	49	85
5043	50	85
5044	243	85
5045	52	85
5046	53	85
5047	54	85
5048	55	85
5049	56	85
5050	57	85
5051	58	85
5052	59	85
5053	60	85
5054	61	85
5055	62	85
5056	63	85
5057	64	85
5058	65	85
5059	66	85
5060	67	85
5061	68	85
5062	1078	85
5063	69	85
5064	70	85
5065	71	85
5066	72	85
5067	73	85
5068	74	85
5069	1079	85
5070	1080	86
5071	1	86
5072	293	86
5073	5	86
5074	295	86
5075	810	86
5076	296	86
5077	297	86
5078	14	86
5079	17	86
5080	495	86
5081	300	86
5082	301	86
5083	21	86
5084	302	86
5085	24	86
5086	1090	86
5087	304	86
5088	145	86
5089	179	86
5090	305	86
5091	306	86
5092	31	86
5093	312	86
5094	47	86
5095	48	86
5096	49	86
5097	50	86
5098	243	86
5099	52	86
5100	313	86
5101	53	86
5102	54	86
5103	314	86
5104	55	86
5105	56	86
5106	814	86
5107	58	86
5108	316	86
5109	59	86
5110	60	86
5111	62	86
5112	66	86
5113	67	86
5114	68	86
5115	247	86
5116	70	86
5117	71	86
5118	72	86
5119	436	87
5120	1	87
5121	2	87
5122	4	87
5123	5	87
5124	6	87
5125	7	87
5126	1101	87
5127	10	87
5128	11	87
5129	12	87
5130	13	87
5131	14	87
5132	15	87
5133	16	87
5134	17	87
5135	18	87
5136	20	87
5137	21	87
5138	1102	87
5139	22	87
5140	1103	87
5141	23	87
5142	24	87
5143	25	87
5144	26	87
5145	27	87
5146	28	87
5147	29	87
5148	30	87
5149	31	87
5150	32	87
5151	33	87
5152	34	87
5153	35	87
5154	36	87
5155	238	87
5156	240	87
5157	241	87
5158	40	87
5159	41	87
5160	42	87
5161	43	87
5162	44	87
5163	45	87
5164	46	87
5165	47	87
5166	48	87
5167	49	87
5168	50	87
5169	243	87
5170	52	87
5171	53	87
5172	54	87
5173	1104	87
5174	55	87
5175	56	87
5176	57	87
5177	58	87
5178	59	87
5179	60	87
5180	61	87
5181	1105	87
5182	62	87
5183	63	87
5184	64	87
5185	65	87
5186	66	87
5187	67	87
5188	68	87
5189	69	87
5190	70	87
5191	71	87
5192	72	87
5193	73	87
5194	74	87
5195	348	87
5196	2	88
5197	1107	88
5198	430	88
5199	4	88
5200	5	88
5201	6	88
5202	7	88
5203	10	88
5204	11	88
5205	12	88
5206	14	88
5207	15	88
5208	16	88
5209	17	88
5210	1109	88
5211	18	88
5212	331	88
5213	20	88
5214	1111	88
5215	21	88
5216	22	88
5217	1112	88
5218	1113	88
5219	23	88
5220	24	88
5221	25	88
5222	26	88
5223	28	88
5224	145	88
5225	29	88
5226	30	88
5227	31	88
5228	32	88
5229	33	88
5230	34	88
5231	35	88
5232	36	88
5233	238	88
5234	240	88
5235	47	88
5236	48	88
5237	49	88
5238	50	88
5239	243	88
5240	52	88
5241	53	88
5242	54	88
5243	55	88
5244	56	88
5245	57	88
5246	58	88
5247	337	88
5248	59	88
5249	60	88
5250	61	88
5251	66	88
5252	67	88
5253	68	88
5254	69	88
5255	70	88
5256	71	88
5257	72	88
5258	73	88
5259	74	88
5260	158	89
5261	1	89
5262	2	89
5263	4	89
5264	5	89
5265	6	89
5266	7	89
5267	10	89
5268	11	89
5269	12	89
5270	13	89
5271	14	89
5272	16	89
5273	17	89
5274	18	89
5275	1116	89
5276	20	89
5277	21	89
5278	22	89
5279	23	89
5280	24	89
5281	25	89
5282	26	89
5283	27	89
5284	28	89
5285	29	89
5286	30	89
5287	31	89
5288	32	89
5289	33	89
5290	34	89
5291	35	89
5292	36	89
5293	238	89
5294	239	89
5295	240	89
5296	241	89
5297	40	89
5298	41	89
5299	42	89
5300	43	89
5301	44	89
5302	45	89
5303	46	89
5304	47	89
5305	48	89
5306	49	89
5307	50	89
5308	243	89
5309	52	89
5310	53	89
5311	54	89
5312	55	89
5313	56	89
5314	246	89
5315	57	89
5316	58	89
5317	59	89
5318	60	89
5319	61	89
5320	62	89
5321	63	89
5322	64	89
5323	65	89
5324	1118	89
5325	66	89
5326	67	89
5327	68	89
5328	69	89
5329	70	89
5330	71	89
5331	72	89
5332	73	89
5333	74	89
5334	348	89
5335	1	90
5336	134	90
5337	5	90
5338	135	90
5339	137	90
5340	139	90
5341	140	90
5342	18	90
5343	1119	90
5344	1120	90
5345	21	90
5346	142	90
5347	143	90
5348	144	90
5349	1121	90
5350	1122	90
5351	145	90
5352	146	90
5353	45	90
5354	147	90
5355	47	90
5356	50	90
5357	148	90
5358	149	90
5359	150	90
5360	151	90
5361	152	90
5362	153	90
5363	113	90
5364	154	90
5365	155	90
5366	156	90
5367	70	90
5368	71	90
5369	72	90
5370	157	90
5371	722	91
5372	1	91
5373	134	91
5374	5	91
5375	135	91
5376	137	91
5377	139	91
5378	1123	91
5379	140	91
5380	18	91
5381	21	91
5382	142	91
5383	143	91
5384	144	91
5385	871	91
5386	145	91
5387	146	91
5388	45	91
5389	147	91
5390	47	91
5391	50	91
5392	148	91
5393	149	91
5394	150	91
5395	151	91
5396	152	91
5397	153	91
5398	113	91
5399	154	91
5400	155	91
5401	156	91
5402	70	91
5403	71	91
5404	72	91
5405	157	91
5406	1125	91
5407	1	92
5408	2	92
5409	4	92
5410	5	92
5411	1126	92
5412	6	92
5413	7	92
5414	10	92
5415	11	92
5416	12	92
5417	13	92
5418	14	92
5419	15	92
5420	16	92
5421	17	92
5422	18	92
5423	20	92
5424	21	92
5425	22	92
5426	23	92
5427	24	92
5428	25	92
5429	26	92
5430	27	92
5431	28	92
5432	29	92
5433	30	92
5434	31	92
5435	32	92
5436	33	92
5437	34	92
5438	35	92
5439	36	92
5440	238	92
5441	240	92
5442	241	92
5443	40	92
5444	41	92
5445	42	92
5446	43	92
5447	44	92
5448	45	92
5449	46	92
5450	47	92
5451	48	92
5452	49	92
5453	50	92
5454	243	92
5455	52	92
5456	53	92
5457	54	92
5458	55	92
5459	56	92
5460	57	92
5461	58	92
5462	59	92
5463	60	92
5464	61	92
5465	62	92
5466	63	92
5467	64	92
5468	65	92
5469	66	92
5470	67	92
5471	68	92
5472	69	92
5473	1127	92
5474	70	92
5475	71	92
5476	72	92
5477	1128	92
5478	73	92
5479	1129	93
5480	1130	93
5481	1	93
5482	821	93
5483	2	93
5484	4	93
5485	5	93
5486	6	93
5487	7	93
5488	10	93
5489	11	93
5490	1132	93
5491	13	93
5492	14	93
5493	15	93
5494	16	93
5495	17	93
5496	18	93
5497	20	93
5498	21	93
5499	22	93
5500	23	93
5501	24	93
5502	25	93
5503	26	93
5504	27	93
5505	28	93
5506	29	93
5507	30	93
5508	31	93
5509	32	93
5510	33	93
5511	34	93
5512	35	93
5513	36	93
5514	238	93
5515	239	93
5516	240	93
5517	241	93
5518	1133	93
5519	47	93
5520	48	93
5521	49	93
5522	50	93
5523	243	93
5524	52	93
5525	53	93
5526	54	93
5527	55	93
5528	56	93
5529	57	93
5530	58	93
5531	59	93
5532	60	93
5533	1134	93
5534	61	93
5535	62	93
5536	63	93
5537	64	93
5538	65	93
5539	66	93
5540	67	93
5541	68	93
5542	69	93
5543	70	93
5544	71	93
5545	72	93
5546	73	93
5547	1135	93
5548	74	93
5549	1136	93
5550	1	94
5551	134	94
5552	5	94
5553	135	94
5554	137	94
5555	139	94
5556	140	94
5557	1137	94
5558	18	94
5559	21	94
5560	142	94
5561	161	94
5562	143	94
5563	144	94
5564	1139	94
5565	145	94
5566	1140	94
5567	146	94
5568	45	94
5569	147	94
5570	47	94
5571	50	94
5572	148	94
5573	257	94
5574	149	94
5575	150	94
5576	151	94
5577	152	94
5578	166	94
5579	153	94
5580	113	94
5581	154	94
5582	155	94
5583	156	94
5584	70	94
5585	71	94
5586	72	94
5587	157	94
5588	158	95
5589	75	95
5590	1	95
5591	1143	95
5592	5	95
5593	77	95
5594	1144	95
5595	79	95
5596	1145	95
5597	80	95
5598	1146	95
5599	81	95
5600	82	95
5601	14	95
5602	84	95
5603	85	95
5604	21	95
5605	86	95
5606	87	95
5607	88	95
5608	89	95
5609	91	95
5610	93	95
5611	29	95
5612	94	95
5613	1147	95
5614	97	95
5615	1148	95
5616	47	95
5617	98	95
5618	99	95
5619	100	95
5620	101	95
5621	1149	95
5622	1150	95
5623	109	95
5624	110	95
5625	111	95
5626	112	95
5627	113	95
5628	114	95
5629	115	95
5630	116	95
5631	117	95
5632	1151	95
5633	119	95
5634	187	95
5635	1152	95
5636	75	96
5637	1	96
5638	445	96
5639	1154	96
5640	5	96
5641	1155	96
5642	77	96
5643	79	96
5644	80	96
5645	1156	96
5646	81	96
5647	82	96
5648	14	96
5649	84	96
5650	85	96
5651	21	96
5652	86	96
5653	88	96
5654	91	96
5655	451	96
5656	1158	96
5657	1159	96
5658	93	96
5659	29	96
5660	94	96
5661	1160	96
5662	97	96
5663	41	96
5664	47	96
5665	98	96
5666	509	96
5667	100	96
5668	1161	96
5669	572	96
5670	796	96
5671	1164	96
5672	1165	96
5673	101	96
5674	1166	96
5675	109	96
5676	110	96
5677	111	96
5678	112	96
5679	113	96
5680	1064	96
5681	116	96
5682	117	96
5683	119	96
5684	187	96
5685	436	97
5686	1	97
5687	1167	97
5688	2	97
5689	4	97
5690	5	97
5691	6	97
5692	7	97
5693	10	97
5694	11	97
5695	12	97
5696	13	97
5697	14	97
5698	15	97
5699	16	97
5700	17	97
5701	18	97
5702	20	97
5703	21	97
5704	22	97
5705	1168	97
5706	23	97
5707	24	97
5708	25	97
5709	26	97
5710	27	97
5711	28	97
5712	1169	97
5713	29	97
5714	30	97
5715	31	97
5716	32	97
5717	33	97
5718	34	97
5719	35	97
5720	36	97
5721	238	97
5722	239	97
5723	240	97
5724	40	97
5725	41	97
5726	42	97
5727	43	97
5728	44	97
5729	45	97
5730	46	97
5731	47	97
5732	48	97
5733	49	97
5734	50	97
5735	243	97
5736	52	97
5737	53	97
5738	54	97
5739	55	97
5740	56	97
5741	1170	97
5742	57	97
5743	58	97
5744	59	97
5745	60	97
5746	61	97
5747	62	97
5748	63	97
5749	64	97
5750	65	97
5751	66	97
5752	67	97
5753	68	97
5754	69	97
5755	70	97
5756	71	97
5757	72	97
5758	1171	97
5759	73	97
5760	74	97
5761	348	97
5762	1	98
5763	2	98
5764	1172	98
5765	4	98
5766	5	98
5767	6	98
5768	329	98
5769	1174	98
5770	10	98
5771	11	98
5772	12	98
5773	13	98
5774	14	98
5775	16	98
5776	17	98
5777	18	98
5778	20	98
5779	21	98
5780	22	98
5781	23	98
5782	24	98
5783	25	98
5784	26	98
5785	1175	98
5786	27	98
5787	28	98
5788	507	98
5789	30	98
5790	31	98
5791	32	98
5792	33	98
5793	34	98
5794	35	98
5795	36	98
5796	238	98
5797	239	98
5798	240	98
5799	39	98
5800	40	98
5801	41	98
5802	42	98
5803	43	98
5804	44	98
5805	45	98
5806	46	98
5807	47	98
5808	48	98
5809	49	98
5810	50	98
5811	243	98
5812	52	98
5813	53	98
5814	54	98
5815	497	98
5816	56	98
5817	57	98
5818	58	98
5819	338	98
5820	60	98
5821	61	98
5822	62	98
5823	63	98
5824	64	98
5825	65	98
5826	66	98
5827	67	98
5828	68	98
5829	247	98
5830	70	98
5831	71	98
5832	500	98
5833	1	99
5834	1181	99
5835	1182	99
5836	2	99
5837	3	99
5838	4	99
5839	5	99
5840	1184	99
5841	788	99
5842	6	99
5843	7	99
5844	10	99
5845	11	99
5846	12	99
5847	13	99
5848	14	99
5849	16	99
5850	17	99
5851	18	99
5852	20	99
5853	21	99
5854	22	99
5855	23	99
5856	24	99
5857	25	99
5858	26	99
5859	27	99
5860	28	99
5861	29	99
5862	30	99
5863	31	99
5864	32	99
5865	33	99
5866	34	99
5867	35	99
5868	36	99
5869	238	99
5870	38	99
5871	39	99
5872	40	99
5873	41	99
5874	42	99
5875	43	99
5876	44	99
5877	45	99
5878	46	99
5879	47	99
5880	48	99
5881	49	99
5882	50	99
5883	243	99
5884	52	99
5885	53	99
5886	54	99
5887	55	99
5888	420	99
5889	56	99
5890	572	99
5891	796	99
5892	57	99
5893	58	99
5894	59	99
5895	60	99
5896	61	99
5897	62	99
5898	63	99
5899	64	99
5900	65	99
5901	1187	99
5902	66	99
5903	67	99
5904	68	99
5905	69	99
5906	70	99
5907	71	99
5908	72	99
5909	73	99
5910	74	99
5911	75	100
5912	1	100
5913	445	100
5914	1188	100
5915	447	100
5916	1190	100
5917	5	100
5918	77	100
5919	1191	100
5920	449	100
5921	79	100
5922	1193	100
5923	80	100
5924	450	100
5925	81	100
5926	82	100
5927	522	100
5928	14	100
5929	84	100
5930	85	100
5931	1196	100
5932	1197	100
5933	1198	100
5934	1199	100
5935	1200	100
5936	1201	100
5937	1202	100
5938	1203	100
5939	1204	100
5940	21	100
5941	86	100
5942	680	100
5943	88	100
5944	91	100
5945	451	100
5946	92	100
5947	93	100
5948	1206	100
5949	29	100
5950	94	100
5951	453	100
5952	95	100
5953	1209	100
5954	97	100
5955	41	100
5956	47	100
5957	98	100
5958	99	100
5959	100	100
5960	101	100
5961	102	100
5962	103	100
5963	104	100
5964	105	100
5965	106	100
5966	107	100
5967	108	100
5968	109	100
5969	110	100
5970	111	100
5971	456	100
5972	112	100
5973	113	100
5974	115	100
5975	116	100
5976	117	100
5977	118	100
5978	1219	100
5979	119	100
5980	1	101
5981	134	101
5982	5	101
5983	135	101
5984	137	101
5985	139	101
5986	140	101
5987	1220	101
5988	18	101
5989	1221	101
5990	1222	101
5991	21	101
5992	142	101
5993	143	101
5994	144	101
5995	1223	101
5996	1224	101
5997	1225	101
5998	145	101
5999	146	101
6000	1226	101
6001	45	101
6002	147	101
6003	47	101
6004	50	101
6005	148	101
6006	1227	101
6007	149	101
6008	150	101
6009	1228	101
6010	184	101
6011	748	101
6012	151	101
6013	152	101
6014	153	101
6015	113	101
6016	154	101
6017	155	101
6018	156	101
6019	70	101
6020	71	101
6021	72	101
6022	157	101
6023	1231	101
6024	2	102
6025	4	102
6026	5	102
6027	1232	102
6028	1233	102
6029	6	102
6030	7	102
6031	625	102
6032	1235	102
6033	1236	102
6034	1237	102
6035	1238	102
6036	10	102
6037	11	102
6038	12	102
6039	13	102
6040	14	102
6041	15	102
6042	16	102
6043	17	102
6044	18	102
6045	1239	102
6046	20	102
6047	21	102
6048	86	102
6049	22	102
6050	23	102
6051	1240	102
6052	24	102
6053	1241	102
6054	25	102
6055	26	102
6056	27	102
6057	28	102
6058	29	102
6059	1242	102
6060	1243	102
6061	1244	102
6062	1245	102
6063	30	102
6064	1246	102
6065	692	102
6066	31	102
6067	487	102
6068	32	102
6069	33	102
6070	34	102
6071	35	102
6072	36	102
6073	238	102
6074	240	102
6075	241	102
6076	310	102
6077	1248	102
6078	40	102
6079	41	102
6080	42	102
6081	983	102
6082	984	102
6083	378	102
6084	44	102
6085	45	102
6086	46	102
6087	47	102
6088	48	102
6089	49	102
6090	50	102
6091	243	102
6092	52	102
6093	53	102
6094	54	102
6095	55	102
6096	420	102
6097	56	102
6098	57	102
6099	58	102
6100	694	102
6101	59	102
6102	60	102
6103	61	102
6104	62	102
6105	63	102
6106	64	102
6107	65	102
6108	1249	102
6109	66	102
6110	67	102
6111	68	102
6112	69	102
6113	70	102
6114	71	102
6115	72	102
6116	73	102
6117	1	103
6118	2	103
6119	437	103
6120	4	103
6121	5	103
6122	6	103
6123	7	103
6124	10	103
6125	11	103
6126	12	103
6127	14	103
6128	15	103
6129	16	103
6130	17	103
6131	18	103
6132	331	103
6133	439	103
6134	1252	103
6135	20	103
6136	21	103
6137	22	103
6138	441	103
6139	23	103
6140	24	103
6141	1254	103
6142	25	103
6143	26	103
6144	27	103
6145	28	103
6146	145	103
6147	29	103
6148	30	103
6149	31	103
6150	32	103
6151	33	103
6152	34	103
6153	35	103
6154	36	103
6155	238	103
6156	240	103
6157	241	103
6158	418	103
6159	97	103
6160	40	103
6161	41	103
6162	42	103
6163	335	103
6164	44	103
6165	45	103
6166	46	103
6167	47	103
6168	48	103
6169	49	103
6170	50	103
6171	243	103
6172	52	103
6173	53	103
6174	54	103
6175	55	103
6176	56	103
6177	57	103
6178	58	103
6179	337	103
6180	59	103
6181	60	103
6182	443	103
6183	288	103
6184	66	103
6185	340	103
6186	67	103
6187	68	103
6188	444	103
6189	69	103
6190	70	103
6191	71	103
6192	72	103
6193	73	103
6194	74	103
6195	1	104
6196	2	104
6197	285	104
6198	437	104
6199	1262	104
6200	4	104
6201	5	104
6202	6	104
6203	7	104
6204	482	104
6205	10	104
6206	11	104
6207	12	104
6208	14	104
6209	15	104
6210	16	104
6211	17	104
6212	18	104
6213	331	104
6214	20	104
6215	1264	104
6216	21	104
6217	22	104
6218	23	104
6219	1265	104
6220	1266	104
6221	24	104
6222	25	104
6223	26	104
6224	27	104
6225	28	104
6226	145	104
6227	29	104
6228	30	104
6229	31	104
6230	487	104
6231	32	104
6232	33	104
6233	34	104
6234	35	104
6235	36	104
6236	238	104
6237	240	104
6238	241	104
6239	97	104
6240	40	104
6241	41	104
6242	42	104
6243	335	104
6244	44	104
6245	45	104
6246	46	104
6247	47	104
6248	48	104
6249	49	104
6250	50	104
6251	243	104
6252	52	104
6253	53	104
6254	54	104
6255	55	104
6256	56	104
6257	57	104
6258	58	104
6259	337	104
6260	59	104
6261	60	104
6262	1267	104
6263	587	104
6264	340	104
6265	67	104
6266	68	104
6267	444	104
6268	490	104
6269	491	104
6270	492	104
6271	1272	104
6272	70	104
6273	71	104
6274	72	104
6275	73	104
6276	2	105
6277	4	105
6278	5	105
6279	6	105
6280	7	105
6281	1273	105
6282	10	105
6283	11	105
6284	12	105
6285	13	105
6286	14	105
6287	15	105
6288	16	105
6289	17	105
6290	18	105
6291	20	105
6292	21	105
6293	1274	105
6294	22	105
6295	23	105
6296	24	105
6297	25	105
6298	26	105
6299	27	105
6300	28	105
6301	29	105
6302	30	105
6303	31	105
6304	32	105
6305	33	105
6306	34	105
6307	35	105
6308	36	105
6309	238	105
6310	240	105
6311	241	105
6312	40	105
6313	41	105
6314	42	105
6315	43	105
6316	44	105
6317	45	105
6318	46	105
6319	47	105
6320	1275	105
6321	48	105
6322	49	105
6323	50	105
6324	243	105
6325	52	105
6326	53	105
6327	54	105
6328	55	105
6329	56	105
6330	57	105
6331	58	105
6332	59	105
6333	60	105
6334	61	105
6335	62	105
6336	63	105
6337	64	105
6338	65	105
6339	66	105
6340	67	105
6341	68	105
6342	69	105
6343	1276	105
6344	70	105
6345	71	105
6346	72	105
6347	73	105
6348	1130	106
6349	1	106
6350	2	106
6351	4	106
6352	5	106
6353	6	106
6354	7	106
6355	10	106
6356	11	106
6357	12	106
6358	13	106
6359	14	106
6360	15	106
6361	16	106
6362	17	106
6363	18	106
6364	20	106
6365	21	106
6366	22	106
6367	23	106
6368	24	106
6369	25	106
6370	26	106
6371	27	106
6372	28	106
6373	29	106
6374	30	106
6375	31	106
6376	32	106
6377	33	106
6378	34	106
6379	35	106
6380	36	106
6381	238	106
6382	239	106
6383	240	106
6384	241	106
6385	40	106
6386	41	106
6387	42	106
6388	43	106
6389	44	106
6390	45	106
6391	46	106
6392	47	106
6393	48	106
6394	49	106
6395	50	106
6396	243	106
6397	52	106
6398	53	106
6399	54	106
6400	55	106
6401	56	106
6402	246	106
6403	57	106
6404	58	106
6405	59	106
6406	60	106
6407	61	106
6408	62	106
6409	63	106
6410	64	106
6411	65	106
6412	1277	106
6413	748	106
6414	66	106
6415	67	106
6416	68	106
6417	69	106
6418	382	106
6419	70	106
6420	71	106
6421	72	106
6422	73	106
6423	74	106
6424	347	106
6425	2	107
6426	4	107
6427	5	107
6428	6	107
6429	7	107
6430	1280	107
6431	10	107
6432	11	107
6433	13	107
6434	14	107
6435	15	107
6436	16	107
6437	17	107
6438	18	107
6439	20	107
6440	21	107
6441	22	107
6442	1281	107
6443	23	107
6444	24	107
6445	25	107
6446	26	107
6447	27	107
6448	28	107
6449	30	107
6450	31	107
6451	32	107
6452	33	107
6453	34	107
6454	35	107
6455	36	107
6456	238	107
6457	240	107
6458	241	107
6459	40	107
6460	41	107
6461	42	107
6462	43	107
6463	44	107
6464	45	107
6465	46	107
6466	47	107
6467	48	107
6468	49	107
6469	50	107
6470	243	107
6471	52	107
6472	53	107
6473	54	107
6474	55	107
6475	56	107
6476	57	107
6477	58	107
6478	60	107
6479	61	107
6480	1282	107
6481	62	107
6482	102	107
6483	103	107
6484	104	107
6485	105	107
6486	106	107
6487	107	107
6488	108	107
6489	1283	107
6490	66	107
6491	67	107
6492	68	107
6493	69	107
6494	70	107
6495	71	107
6496	72	107
6497	73	107
6498	158	108
6499	75	108
6500	1	108
6501	445	108
6502	1284	108
6503	5	108
6504	1285	108
6505	77	108
6506	1286	108
6507	79	108
6508	80	108
6509	1287	108
6510	81	108
6511	82	108
6512	1288	108
6513	14	108
6514	84	108
6515	85	108
6516	123	108
6517	1290	108
6518	1291	108
6519	21	108
6520	86	108
6521	88	108
6522	1292	108
6523	1293	108
6524	91	108
6525	451	108
6526	93	108
6527	1294	108
6528	94	108
6529	1295	108
6530	1296	108
6531	97	108
6532	41	108
6533	47	108
6534	98	108
6535	99	108
6536	100	108
6537	101	108
6538	109	108
6539	110	108
6540	111	108
6541	112	108
6542	113	108
6543	1297	108
6544	115	108
6545	116	108
6546	117	108
6547	1298	108
6548	119	108
6549	1299	108
6550	187	108
6551	169	108
6552	1130	109
6553	2	109
6554	437	109
6555	1301	109
6556	292	109
6557	4	109
6558	5	109
6559	6	109
6560	7	109
6561	10	109
6562	11	109
6563	12	109
6564	14	109
6565	15	109
6566	16	109
6567	17	109
6568	1303	109
6569	331	109
6570	439	109
6571	20	109
6572	21	109
6573	22	109
6574	1304	109
6575	23	109
6576	24	109
6577	1305	109
6578	1306	109
6579	1307	109
6580	25	109
6581	26	109
6582	27	109
6583	28	109
6584	817	109
6585	29	109
6586	30	109
6587	31	109
6588	32	109
6589	33	109
6590	34	109
6591	35	109
6592	36	109
6593	238	109
6594	240	109
6595	241	109
6596	97	109
6597	40	109
6598	41	109
6599	42	109
6600	335	109
6601	44	109
6602	45	109
6603	46	109
6604	47	109
6605	48	109
6606	49	109
6607	50	109
6608	243	109
6609	52	109
6610	53	109
6611	54	109
6612	55	109
6613	56	109
6614	57	109
6615	58	109
6616	337	109
6617	59	109
6618	60	109
6619	66	109
6620	1309	109
6621	340	109
6622	67	109
6623	68	109
6624	444	109
6625	247	109
6626	70	109
6627	71	109
6628	72	109
6629	73	109
6630	74	109
6631	75	110
6632	1	110
6633	121	110
6634	775	110
6635	5	110
6636	77	110
6637	1312	110
6638	79	110
6639	80	110
6640	778	110
6641	81	110
6642	82	110
6643	14	110
6644	84	110
6645	85	110
6646	21	110
6647	86	110
6648	88	110
6649	1314	110
6650	91	110
6651	738	110
6652	93	110
6653	1316	110
6654	97	110
6655	41	110
6656	47	110
6657	98	110
6658	99	110
6659	1317	110
6660	100	110
6661	1318	110
6662	101	110
6663	1319	110
6664	109	110
6665	110	110
6666	111	110
6667	112	110
6668	115	110
6669	116	110
6670	117	110
6671	119	110
6672	187	110
6673	134	111
6674	5	111
6675	135	111
6676	137	111
6677	139	111
6678	140	111
6679	522	111
6680	1320	111
6681	18	111
6682	21	111
6683	142	111
6684	143	111
6685	144	111
6686	757	111
6687	92	111
6688	145	111
6689	146	111
6690	95	111
6691	45	111
6692	147	111
6693	47	111
6694	50	111
6695	148	111
6696	149	111
6697	150	111
6698	151	111
6699	152	111
6700	153	111
6701	113	111
6702	154	111
6703	155	111
6704	156	111
6705	70	111
6706	71	111
6707	72	111
6708	118	111
6709	157	111
6710	1322	112
6711	1	112
6712	2	112
6713	430	112
6714	4	112
6715	877	112
6716	5	112
6717	6	112
6718	7	112
6719	10	112
6720	11	112
6721	12	112
6722	14	112
6723	15	112
6724	16	112
6725	17	112
6726	18	112
6727	359	112
6728	331	112
6729	20	112
6730	1325	112
6731	21	112
6732	22	112
6733	431	112
6734	1327	112
6735	23	112
6736	24	112
6737	25	112
6738	26	112
6739	27	112
6740	28	112
6741	145	112
6742	29	112
6743	146	112
6744	30	112
6745	1328	112
6746	31	112
6747	487	112
6748	32	112
6749	33	112
6750	34	112
6751	35	112
6752	36	112
6753	238	112
6754	240	112
6755	241	112
6756	1329	112
6757	97	112
6758	1330	112
6759	40	112
6760	41	112
6761	42	112
6762	335	112
6763	44	112
6764	45	112
6765	46	112
6766	47	112
6767	48	112
6768	49	112
6769	50	112
6770	243	112
6771	52	112
6772	53	112
6773	54	112
6774	55	112
6775	56	112
6776	1331	112
6777	57	112
6778	58	112
6779	337	112
6780	59	112
6781	60	112
6782	66	112
6783	340	112
6784	67	112
6785	68	112
6786	1332	112
6787	69	112
6788	435	112
6789	70	112
6790	71	112
6791	72	112
6792	73	112
6793	74	112
6794	263	112
6795	1335	113
6796	1	113
6797	1336	113
6798	134	113
6799	5	113
6800	135	113
6801	137	113
6802	139	113
6803	140	113
6804	1337	113
6805	18	113
6806	1120	113
6807	21	113
6808	142	113
6809	143	113
6810	144	113
6811	1338	113
6812	146	113
6813	45	113
6814	47	113
6815	148	113
6816	1339	113
6817	149	113
6818	150	113
6819	151	113
6820	152	113
6821	153	113
6822	113	113
6823	154	113
6824	155	113
6825	156	113
6826	1340	113
6827	70	113
6828	71	113
6829	72	113
6830	157	113
6831	1	114
6832	1341	114
6833	1342	114
6834	5	114
6835	1343	114
6836	1344	114
6837	1345	114
6838	1346	114
6839	1347	114
6840	1348	114
6841	21	114
6842	1349	114
6843	1350	114
6844	1351	114
6845	486	114
6846	1353	114
6847	1354	114
6848	90	114
6849	1356	114
6850	1357	114
6851	145	114
6852	1358	114
6853	1359	114
6854	47	114
6855	1360	114
6856	1361	114
6857	1362	114
6858	1363	114
6859	1364	114
6860	1365	114
6861	1366	114
6862	1367	114
6863	1368	114
6864	75	115
6865	1	115
6866	1369	115
6867	228	115
6868	5	115
6869	77	115
6870	79	115
6871	80	115
6872	81	115
6873	82	115
6874	14	115
6875	84	115
6876	85	115
6877	230	115
6878	1372	115
6879	21	115
6880	86	115
6881	87	115
6882	88	115
6883	89	115
6884	91	115
6885	93	115
6886	29	115
6887	94	115
6888	97	115
6889	41	115
6890	47	115
6891	98	115
6892	99	115
6893	100	115
6894	101	115
6895	109	115
6896	110	115
6897	111	115
6898	112	115
6899	113	115
6900	114	115
6901	115	115
6902	116	115
6903	117	115
6904	119	115
6905	187	115
6906	436	116
6907	1373	116
6908	1	116
6909	2	116
6910	4	116
6911	5	116
6912	6	116
6913	7	116
6914	10	116
6915	11	116
6916	12	116
6917	13	116
6918	14	116
6919	15	116
6920	16	116
6921	17	116
6922	18	116
6923	20	116
6924	21	116
6925	22	116
6926	23	116
6927	24	116
6928	25	116
6929	26	116
6930	27	116
6931	28	116
6932	29	116
6933	30	116
6934	31	116
6935	32	116
6936	33	116
6937	34	116
6938	35	116
6939	36	116
6940	238	116
6941	239	116
6942	240	116
6943	40	116
6944	41	116
6945	42	116
6946	43	116
6947	44	116
6948	45	116
6949	46	116
6950	47	116
6951	48	116
6952	49	116
6953	50	116
6954	243	116
6955	52	116
6956	53	116
6957	54	116
6958	55	116
6959	56	116
6960	246	116
6961	57	116
6962	58	116
6963	59	116
6964	60	116
6965	61	116
6966	62	116
6967	63	116
6968	64	116
6969	65	116
6970	66	116
6971	67	116
6972	68	116
6973	69	116
6974	70	116
6975	71	116
6976	72	116
6977	73	116
6978	74	116
6979	348	116
6980	1	117
6981	2	117
6982	1374	117
6983	4	117
6984	5	117
6985	1375	117
6986	1376	117
6987	6	117
6988	7	117
6989	10	117
6990	11	117
6991	12	117
6992	14	117
6993	15	117
6994	16	117
6995	17	117
6996	18	117
6997	1377	117
6998	20	117
6999	21	117
7000	1378	117
7001	22	117
7002	23	117
7003	24	117
7004	25	117
7005	26	117
7006	27	117
7007	28	117
7008	29	117
7009	30	117
7010	31	117
7011	32	117
7012	33	117
7013	34	117
7014	35	117
7015	36	117
7016	238	117
7017	240	117
7018	241	117
7019	40	117
7020	41	117
7021	42	117
7022	43	117
7023	44	117
7024	45	117
7025	46	117
7026	47	117
7027	48	117
7028	49	117
7029	50	117
7030	243	117
7031	52	117
7032	53	117
7033	54	117
7034	1379	117
7035	55	117
7036	56	117
7037	57	117
7038	58	117
7039	59	117
7040	60	117
7041	61	117
7042	62	117
7043	63	117
7044	64	117
7045	65	117
7046	66	117
7047	1380	117
7048	67	117
7049	68	117
7050	69	117
7051	1381	117
7052	70	117
7053	71	117
7054	72	117
7055	1382	117
7056	73	117
7057	187	117
7058	437	118
7059	1383	118
7060	1384	118
7061	4	118
7062	5	118
7063	1385	118
7064	6	118
7065	7	118
7066	10	118
7067	12	118
7068	14	118
7069	15	118
7070	16	118
7071	17	118
7072	1386	118
7073	331	118
7074	439	118
7075	1116	118
7076	20	118
7077	21	118
7078	22	118
7079	441	118
7080	23	118
7081	1387	118
7082	24	118
7083	25	118
7084	26	118
7085	27	118
7086	28	118
7087	29	118
7088	1388	118
7089	30	118
7090	31	118
7091	32	118
7092	33	118
7093	34	118
7094	35	118
7095	36	118
7096	238	118
7097	240	118
7098	241	118
7099	97	118
7100	40	118
7101	41	118
7102	42	118
7103	335	118
7104	44	118
7105	45	118
7106	46	118
7107	47	118
7108	48	118
7109	49	118
7110	50	118
7111	243	118
7112	52	118
7113	53	118
7114	54	118
7115	55	118
7116	56	118
7117	57	118
7118	1389	118
7119	58	118
7120	337	118
7121	59	118
7122	60	118
7123	443	118
7124	288	118
7125	66	118
7126	340	118
7127	67	118
7128	68	118
7129	444	118
7130	247	118
7131	70	118
7132	71	118
7133	72	118
7134	73	118
7135	74	118
7136	1390	118
7137	1	119
7138	797	119
7139	134	119
7140	5	119
7141	21	119
7142	47	119
7143	50	119
7144	148	119
7145	157	119
7146	216	120
7147	1	120
7148	134	120
7149	1393	120
7150	1394	120
7151	5	120
7152	135	120
7153	366	120
7154	137	120
7155	1396	120
7156	139	120
7157	140	120
7158	1397	120
7159	368	120
7160	18	120
7161	1399	120
7162	21	120
7163	142	120
7164	143	120
7165	144	120
7166	1400	120
7167	145	120
7168	146	120
7169	45	120
7170	147	120
7171	47	120
7172	50	120
7173	148	120
7174	149	120
7175	150	120
7176	151	120
7177	152	120
7178	153	120
7179	113	120
7180	154	120
7181	155	120
7182	156	120
7183	70	120
7184	71	120
7185	72	120
7186	157	120
7187	1401	120
7188	1	121
7189	425	121
7190	2	121
7191	4	121
7192	5	121
7193	6	121
7194	7	121
7195	1403	121
7196	10	121
7197	11	121
7198	12	121
7199	13	121
7200	14	121
7201	15	121
7202	16	121
7203	17	121
7204	18	121
7205	1404	121
7206	20	121
7207	1405	121
7208	21	121
7209	22	121
7210	23	121
7211	24	121
7212	25	121
7213	26	121
7214	27	121
7215	28	121
7216	29	121
7217	30	121
7218	31	121
7219	32	121
7220	33	121
7221	34	121
7222	35	121
7223	36	121
7224	238	121
7225	239	121
7226	240	121
7227	241	121
7228	40	121
7229	41	121
7230	42	121
7231	43	121
7232	44	121
7233	45	121
7234	46	121
7235	47	121
7236	48	121
7237	49	121
7238	50	121
7239	243	121
7240	52	121
7241	53	121
7242	54	121
7243	55	121
7244	56	121
7245	1406	121
7246	57	121
7247	58	121
7248	59	121
7249	60	121
7250	61	121
7251	62	121
7252	63	121
7253	64	121
7254	65	121
7255	66	121
7256	67	121
7257	68	121
7258	69	121
7259	70	121
7260	71	121
7261	72	121
7262	73	121
7263	1	122
7264	292	122
7265	293	122
7266	5	122
7267	295	122
7268	296	122
7269	297	122
7270	14	122
7271	1407	122
7272	17	122
7273	299	122
7274	300	122
7275	301	122
7276	21	122
7277	302	122
7278	24	122
7279	304	122
7280	145	122
7281	179	122
7282	305	122
7283	306	122
7284	1409	122
7285	31	122
7286	308	122
7287	309	122
7288	32	122
7289	33	122
7290	34	122
7291	240	122
7292	241	122
7293	310	122
7294	40	122
7295	41	122
7296	42	122
7297	43	122
7298	311	122
7299	44	122
7300	45	122
7301	46	122
7302	312	122
7303	47	122
7304	48	122
7305	49	122
7306	50	122
7307	243	122
7308	52	122
7309	313	122
7310	53	122
7311	54	122
7312	314	122
7313	55	122
7314	56	122
7315	58	122
7316	316	122
7317	59	122
7318	60	122
7319	62	122
7320	66	122
7321	67	122
7322	68	122
7323	1413	122
7324	70	122
7325	71	122
7326	72	122
7327	1414	123
7328	2	123
7329	4	123
7330	5	123
7331	6	123
7332	7	123
7333	1415	123
7334	10	123
7335	11	123
7336	13	123
7337	14	123
7338	15	123
7339	16	123
7340	17	123
7341	18	123
7342	415	123
7343	1417	123
7344	20	123
7345	21	123
7346	1418	123
7347	22	123
7348	23	123
7349	24	123
7350	25	123
7351	26	123
7352	27	123
7353	28	123
7354	1419	123
7355	30	123
7356	31	123
7357	32	123
7358	33	123
7359	34	123
7360	35	123
7361	36	123
7362	238	123
7363	240	123
7364	241	123
7365	377	123
7366	47	123
7367	48	123
7368	49	123
7369	50	123
7370	419	123
7371	243	123
7372	52	123
7373	53	123
7374	54	123
7375	55	123
7376	420	123
7377	57	123
7378	58	123
7379	59	123
7380	60	123
7381	61	123
7382	62	123
7383	63	123
7384	64	123
7385	65	123
7386	1422	123
7387	66	123
7388	67	123
7389	68	123
7390	69	123
7391	1423	123
7392	70	123
7393	71	123
7394	72	123
7395	73	123
7396	74	123
7397	1424	123
7398	1425	124
7399	1	124
7400	1426	124
7401	1427	124
7402	292	124
7403	293	124
7404	5	124
7405	295	124
7406	296	124
7407	297	124
7408	14	124
7409	17	124
7410	299	124
7411	300	124
7412	301	124
7413	21	124
7414	302	124
7415	1266	124
7416	24	124
7417	304	124
7418	145	124
7419	179	124
7420	305	124
7421	31	124
7422	308	124
7423	312	124
7424	47	124
7425	48	124
7426	49	124
7427	50	124
7428	243	124
7429	52	124
7430	313	124
7431	53	124
7432	54	124
7433	314	124
7434	55	124
7435	56	124
7436	58	124
7437	316	124
7438	59	124
7439	60	124
7440	62	124
7441	66	124
7442	67	124
7443	68	124
7444	69	124
7445	70	124
7446	71	124
7447	72	124
7448	348	124
7449	1428	125
7450	1	125
7451	293	125
7452	5	125
7453	295	125
7454	296	125
7455	297	125
7456	14	125
7457	17	125
7458	1429	125
7459	495	125
7460	300	125
7461	301	125
7462	21	125
7463	302	125
7464	476	125
7465	24	125
7466	304	125
7467	145	125
7468	179	125
7469	305	125
7470	306	125
7471	240	125
7472	241	125
7473	310	125
7474	40	125
7475	41	125
7476	42	125
7477	43	125
7478	311	125
7479	44	125
7480	45	125
7481	46	125
7482	312	125
7483	47	125
7484	48	125
7485	49	125
7486	50	125
7487	243	125
7488	52	125
7489	313	125
7490	53	125
7491	54	125
7492	314	125
7493	55	125
7494	56	125
7495	58	125
7496	316	125
7497	59	125
7498	60	125
7499	62	125
7500	66	125
7501	67	125
7502	68	125
7503	247	125
7504	70	125
7505	71	125
7506	72	125
7507	1	126
7508	1431	126
7509	2	126
7510	4	126
7511	5	126
7512	6	126
7513	7	126
7514	10	126
7515	11	126
7516	12	126
7517	13	126
7518	14	126
7519	15	126
7520	16	126
7521	17	126
7522	18	126
7523	20	126
7524	1432	126
7525	21	126
7526	22	126
7527	23	126
7528	24	126
7529	25	126
7530	26	126
7531	27	126
7532	28	126
7533	29	126
7534	30	126
7535	31	126
7536	32	126
7537	33	126
7538	34	126
7539	35	126
7540	36	126
7541	238	126
7542	239	126
7543	240	126
7544	241	126
7545	40	126
7546	41	126
7547	42	126
7548	43	126
7549	44	126
7550	45	126
7551	46	126
7552	47	126
7553	48	126
7554	49	126
7555	50	126
7556	243	126
7557	52	126
7558	53	126
7559	54	126
7560	55	126
7561	56	126
7562	57	126
7563	58	126
7564	59	126
7565	60	126
7566	61	126
7567	62	126
7568	63	126
7569	64	126
7570	65	126
7571	66	126
7572	67	126
7573	68	126
7574	69	126
7575	70	126
7576	71	126
7577	72	126
7578	73	126
7579	460	127
7580	1	127
7581	2	127
7582	430	127
7583	4	127
7584	877	127
7585	5	127
7586	6	127
7587	7	127
7588	1434	127
7589	10	127
7590	11	127
7591	12	127
7592	1435	127
7593	14	127
7594	15	127
7595	16	127
7596	17	127
7597	18	127
7598	359	127
7599	331	127
7600	20	127
7601	21	127
7602	22	127
7603	431	127
7604	23	127
7605	24	127
7606	25	127
7607	26	127
7608	27	127
7609	28	127
7610	817	127
7611	29	127
7612	30	127
7613	31	127
7614	32	127
7615	33	127
7616	34	127
7617	35	127
7618	36	127
7619	37	127
7620	240	127
7621	241	127
7622	97	127
7623	40	127
7624	41	127
7625	42	127
7626	335	127
7627	44	127
7628	45	127
7629	46	127
7630	47	127
7631	48	127
7632	49	127
7633	50	127
7634	243	127
7635	52	127
7636	53	127
7637	54	127
7638	55	127
7639	56	127
7640	57	127
7641	58	127
7642	337	127
7643	338	127
7644	60	127
7645	1437	127
7646	66	127
7647	340	127
7648	67	127
7649	68	127
7650	247	127
7651	435	127
7652	70	127
7653	71	127
7654	500	127
7655	73	127
7656	457	128
7657	1	128
7658	424	128
7659	2	128
7660	1440	128
7661	4	128
7662	5	128
7663	6	128
7664	7	128
7665	564	128
7666	1442	128
7667	10	128
7668	11	128
7669	12	128
7670	14	128
7671	16	128
7672	17	128
7673	18	128
7674	331	128
7675	439	128
7676	20	128
7677	21	128
7678	22	128
7679	23	128
7680	24	128
7681	25	128
7682	26	128
7683	27	128
7684	28	128
7685	145	128
7686	1443	128
7687	29	128
7688	30	128
7689	31	128
7690	32	128
7691	33	128
7692	34	128
7693	35	128
7694	36	128
7695	238	128
7696	240	128
7697	97	128
7698	40	128
7699	41	128
7700	42	128
7701	335	128
7702	44	128
7703	45	128
7704	46	128
7705	47	128
7706	48	128
7707	49	128
7708	50	128
7709	243	128
7710	52	128
7711	53	128
7712	54	128
7713	55	128
7714	56	128
7715	57	128
7716	58	128
7717	337	128
7718	60	128
7719	581	128
7720	1445	128
7721	66	128
7722	340	128
7723	67	128
7724	68	128
7725	444	128
7726	69	128
7727	1446	128
7728	70	128
7729	71	128
7730	72	128
7731	73	128
7732	1447	128
7733	75	129
7734	1	129
7735	1448	129
7736	1449	129
7737	1450	129
7738	5	129
7739	1451	129
7740	1452	129
7741	1453	129
7742	1454	129
7743	77	129
7744	1455	129
7745	79	129
7746	1456	129
7747	80	129
7748	368	129
7749	1457	129
7750	81	129
7751	82	129
7752	1458	129
7753	14	129
7754	1459	129
7755	84	129
7756	85	129
7757	21	129
7758	86	129
7759	88	129
7760	91	129
7761	93	129
7762	29	129
7763	94	129
7764	97	129
7765	41	129
7766	47	129
7767	98	129
7768	99	129
7769	100	129
7770	101	129
7771	109	129
7772	110	129
7773	111	129
7774	112	129
7775	113	129
7776	115	129
7777	116	129
7778	117	129
7779	119	129
7780	187	129
7781	1460	130
7782	1130	130
7783	1	130
7784	2	130
7785	430	130
7786	4	130
7787	877	130
7788	5	130
7789	6	130
7790	7	130
7791	10	130
7792	11	130
7793	12	130
7794	14	130
7795	15	130
7796	16	130
7797	17	130
7798	18	130
7799	359	130
7800	331	130
7801	20	130
7802	21	130
7803	22	130
7804	431	130
7805	23	130
7806	24	130
7807	25	130
7808	26	130
7809	27	130
7810	28	130
7811	145	130
7812	29	130
7813	30	130
7814	31	130
7815	32	130
7816	33	130
7817	34	130
7818	35	130
7819	36	130
7820	238	130
7821	240	130
7822	241	130
7823	97	130
7824	40	130
7825	41	130
7826	42	130
7827	335	130
7828	47	130
7829	48	130
7830	49	130
7831	50	130
7832	243	130
7833	52	130
7834	53	130
7835	54	130
7836	55	130
7837	56	130
7838	57	130
7839	58	130
7840	337	130
7841	59	130
7842	60	130
7843	66	130
7844	340	130
7845	67	130
7846	68	130
7847	69	130
7848	435	130
7849	70	130
7850	71	130
7851	72	130
7852	73	130
7853	74	130
7854	1461	130
7855	1	131
7856	134	131
7857	5	131
7858	135	131
7859	1462	131
7860	137	131
7861	139	131
7862	1463	131
7863	140	131
7864	1464	131
7865	18	131
7866	21	131
7867	142	131
7868	143	131
7869	144	131
7870	145	131
7871	146	131
7872	45	131
7873	147	131
7874	47	131
7875	50	131
7876	148	131
7877	1465	131
7878	149	131
7879	150	131
7880	151	131
7881	152	131
7882	153	131
7883	113	131
7884	154	131
7885	155	131
7886	156	131
7887	70	131
7888	71	131
7889	72	131
7890	157	131
7891	436	132
7892	1	132
7893	2	132
7894	437	132
7895	1466	132
7896	1467	132
7897	4	132
7898	5	132
7899	6	132
7900	7	132
7901	482	132
7902	10	132
7903	11	132
7904	12	132
7905	14	132
7906	15	132
7907	16	132
7908	17	132
7909	18	132
7910	331	132
7911	20	132
7912	21	132
7913	1468	132
7914	22	132
7915	23	132
7916	24	132
7917	25	132
7918	1469	132
7919	26	132
7920	27	132
7921	28	132
7922	145	132
7923	29	132
7924	30	132
7925	31	132
7926	487	132
7927	32	132
7928	33	132
7929	34	132
7930	35	132
7931	36	132
7932	238	132
7933	240	132
7934	241	132
7935	97	132
7936	40	132
7937	41	132
7938	42	132
7939	335	132
7940	44	132
7941	45	132
7942	46	132
7943	47	132
7944	48	132
7945	49	132
7946	50	132
7947	243	132
7948	52	132
7949	53	132
7950	54	132
7951	55	132
7952	56	132
7953	57	132
7954	58	132
7955	337	132
7956	59	132
7957	60	132
7958	587	132
7959	1470	132
7960	66	132
7961	340	132
7962	67	132
7963	68	132
7964	444	132
7965	589	132
7966	70	132
7967	73	132
7968	74	132
7969	348	132
7970	1	133
7971	1472	133
7972	292	133
7973	293	133
7974	5	133
7975	295	133
7976	1473	133
7977	296	133
7978	297	133
7979	14	133
7980	17	133
7981	299	133
7982	300	133
7983	301	133
7984	21	133
7985	302	133
7986	24	133
7987	1474	133
7988	304	133
7989	145	133
7990	179	133
7991	305	133
7992	306	133
7993	307	133
7994	31	133
7995	308	133
7996	309	133
7997	32	133
7998	33	133
7999	34	133
8000	240	133
8001	241	133
8002	310	133
8003	40	133
8004	41	133
8005	42	133
8006	43	133
8007	311	133
8008	44	133
8009	45	133
8010	46	133
8011	312	133
8012	47	133
8013	48	133
8014	49	133
8015	50	133
8016	243	133
8017	52	133
8018	313	133
8019	53	133
8020	54	133
8021	314	133
8022	55	133
8023	56	133
8024	58	133
8025	316	133
8026	59	133
8027	60	133
8028	62	133
8029	66	133
8030	67	133
8031	68	133
8032	69	133
8033	70	133
8034	71	133
8035	72	133
8036	75	134
8037	1	134
8038	121	134
8039	1476	134
8040	5	134
8041	1477	134
8042	1478	134
8043	1479	134
8044	79	134
8045	80	134
8046	866	134
8047	81	134
8048	82	134
8049	14	134
8050	84	134
8051	85	134
8052	867	134
8053	868	134
8054	21	134
8055	1483	134
8056	86	134
8057	870	134
8058	88	134
8059	1485	134
8060	194	134
8061	91	134
8062	871	134
8063	1487	134
8064	196	134
8065	1489	134
8066	197	134
8067	198	134
8068	199	134
8069	1493	134
8070	93	134
8071	29	134
8072	94	134
8073	97	134
8074	41	134
8075	47	134
8076	98	134
8077	99	134
8078	1494	134
8079	201	134
8080	1496	134
8081	1497	134
8082	202	134
8083	203	134
8084	100	134
8085	101	134
8086	874	134
8087	204	134
8088	581	134
8089	109	134
8090	110	134
8091	111	134
8092	206	134
8093	113	134
8094	115	134
8095	116	134
8096	117	134
8097	1503	134
8098	119	134
8099	1504	134
8100	187	134
8101	207	134
8102	208	134
8103	1507	134
8104	210	134
8105	211	134
8106	212	134
8107	213	134
8108	214	134
8109	215	134
8110	158	135
8111	75	135
8112	1	135
8113	5	135
8114	77	135
8115	79	135
8116	80	135
8117	81	135
8118	82	135
8119	14	135
8120	84	135
8121	85	135
8122	1119	135
8123	21	135
8124	86	135
8125	87	135
8126	88	135
8127	727	135
8128	1515	135
8129	89	135
8130	1516	135
8131	91	135
8132	1517	135
8133	93	135
8134	94	135
8135	97	135
8136	41	135
8137	47	135
8138	98	135
8139	99	135
8140	100	135
8141	101	135
8142	109	135
8143	110	135
8144	111	135
8145	112	135
8146	113	135
8147	114	135
8148	115	135
8149	116	135
8150	117	135
8151	119	135
8152	622	135
8153	187	135
8154	1519	135
8155	169	135
8156	460	136
8157	1	136
8158	2	136
8159	4	136
8160	5	136
8161	1520	136
8162	6	136
8163	7	136
8164	1521	136
8165	10	136
8166	11	136
8167	12	136
8168	13	136
8169	14	136
8170	15	136
8171	16	136
8172	17	136
8173	18	136
8174	1522	136
8175	20	136
8176	21	136
8177	22	136
8178	23	136
8179	24	136
8180	25	136
8181	26	136
8182	27	136
8183	28	136
8184	507	136
8185	30	136
8186	31	136
8187	32	136
8188	33	136
8189	34	136
8190	35	136
8191	36	136
8192	238	136
8193	239	136
8194	240	136
8195	39	136
8196	40	136
8197	41	136
8198	42	136
8199	43	136
8200	44	136
8201	45	136
8202	46	136
8203	47	136
8204	48	136
8205	49	136
8206	50	136
8207	243	136
8208	52	136
8209	53	136
8210	54	136
8211	497	136
8212	56	136
8213	57	136
8214	58	136
8215	338	136
8216	60	136
8217	61	136
8218	62	136
8219	63	136
8220	64	136
8221	65	136
8222	66	136
8223	67	136
8224	68	136
8225	247	136
8226	1523	136
8227	70	136
8228	71	136
8229	500	136
8230	73	136
8231	74	136
8232	356	137
8233	1	137
8234	134	137
8235	5	137
8236	135	137
8237	137	137
8238	160	137
8239	139	137
8240	1526	137
8241	140	137
8242	18	137
8243	1527	137
8244	21	137
8245	142	137
8246	161	137
8247	143	137
8248	144	137
8249	1528	137
8250	1529	137
8251	145	137
8252	146	137
8253	45	137
8254	147	137
8255	47	137
8256	50	137
8257	148	137
8258	1530	137
8259	149	137
8260	150	137
8261	1531	137
8262	151	137
8263	152	137
8264	166	137
8265	153	137
8266	113	137
8267	154	137
8268	155	137
8269	156	137
8270	70	137
8271	71	137
8272	72	137
8273	167	137
8274	157	137
8275	1401	137
8276	1533	138
8277	75	138
8278	1	138
8279	1534	138
8280	5	138
8281	77	138
8282	1535	138
8283	1536	138
8284	1455	138
8285	79	138
8286	80	138
8287	1457	138
8288	1537	138
8289	81	138
8290	82	138
8291	1538	138
8292	14	138
8293	1459	138
8294	84	138
8295	85	138
8296	21	138
8297	86	138
8298	88	138
8299	91	138
8300	93	138
8301	29	138
8302	94	138
8303	1539	138
8304	97	138
8305	41	138
8306	47	138
8307	98	138
8308	99	138
8309	100	138
8310	101	138
8311	1540	138
8312	109	138
8313	110	138
8314	111	138
8315	112	138
8316	113	138
8317	115	138
8318	116	138
8319	117	138
8320	119	138
8321	187	138
8322	1541	138
8323	158	139
8324	1	139
8325	293	139
8326	5	139
8327	295	139
8328	810	139
8329	296	139
8330	297	139
8331	14	139
8332	17	139
8333	299	139
8334	300	139
8335	301	139
8336	21	139
8337	302	139
8338	24	139
8339	304	139
8340	145	139
8341	179	139
8342	305	139
8343	306	139
8344	307	139
8345	31	139
8346	309	139
8347	32	139
8348	33	139
8349	34	139
8350	240	139
8351	241	139
8352	310	139
8353	40	139
8354	41	139
8355	42	139
8356	43	139
8357	311	139
8358	44	139
8359	45	139
8360	46	139
8361	312	139
8362	47	139
8363	48	139
8364	49	139
8365	50	139
8366	243	139
8367	52	139
8368	313	139
8369	53	139
8370	54	139
8371	314	139
8372	55	139
8373	56	139
8374	814	139
8375	58	139
8376	316	139
8377	59	139
8378	60	139
8379	62	139
8380	66	139
8381	1542	139
8382	67	139
8383	68	139
8384	69	139
8385	70	139
8386	71	139
8387	72	139
8388	348	139
8389	460	140
8390	1	140
8391	2	140
8392	4	140
8393	5	140
8394	6	140
8395	7	140
8396	1543	140
8397	1544	140
8398	1545	140
8399	10	140
8400	11	140
8401	12	140
8402	13	140
8403	14	140
8404	15	140
8405	16	140
8406	17	140
8407	18	140
8408	20	140
8409	21	140
8410	1546	140
8411	22	140
8412	23	140
8413	24	140
8414	1547	140
8415	25	140
8416	26	140
8417	27	140
8418	28	140
8419	29	140
8420	30	140
8421	31	140
8422	32	140
8423	33	140
8424	34	140
8425	35	140
8426	36	140
8427	37	140
8428	240	140
8429	241	140
8430	40	140
8431	41	140
8432	42	140
8433	43	140
8434	44	140
8435	45	140
8436	46	140
8437	47	140
8438	48	140
8439	49	140
8440	50	140
8441	243	140
8442	52	140
8443	53	140
8444	54	140
8445	55	140
8446	56	140
8447	57	140
8448	336	140
8449	338	140
8450	60	140
8451	61	140
8452	62	140
8453	63	140
8454	64	140
8455	65	140
8456	66	140
8457	67	140
8458	68	140
8459	247	140
8460	70	140
8461	71	140
8462	500	140
8463	73	140
8464	74	140
8465	1	141
8466	1342	141
8467	1549	141
8468	293	141
8469	5	141
8470	295	141
8471	810	141
8472	296	141
8473	297	141
8474	14	141
8475	1550	141
8476	17	141
8477	299	141
8478	300	141
8479	301	141
8480	21	141
8481	302	141
8482	24	141
8483	304	141
8484	145	141
8485	179	141
8486	305	141
8487	306	141
8488	307	141
8489	709	141
8490	31	141
8491	309	141
8492	32	141
8493	33	141
8494	34	141
8495	240	141
8496	241	141
8497	310	141
8498	40	141
8499	41	141
8500	42	141
8501	43	141
8502	311	141
8503	44	141
8504	45	141
8505	46	141
8506	312	141
8507	47	141
8508	48	141
8509	49	141
8510	50	141
8511	243	141
8512	52	141
8513	313	141
8514	53	141
8515	54	141
8516	314	141
8517	55	141
8518	56	141
8519	814	141
8520	58	141
8521	316	141
8522	59	141
8523	60	141
8524	62	141
8525	66	141
8526	1552	141
8527	67	141
8528	68	141
8529	69	141
8530	1553	141
8531	70	141
8532	71	141
8533	72	141
8534	1	142
8535	2	142
8536	1554	142
8537	1555	142
8538	1556	142
8539	4	142
8540	1557	142
8541	5	142
8542	1558	142
8543	1559	142
8544	7	142
8545	1560	142
8546	1561	142
8547	1562	142
8548	10	142
8549	11	142
8550	12	142
8551	1563	142
8552	14	142
8553	15	142
8554	16	142
8555	17	142
8556	18	142
8557	1564	142
8558	331	142
8559	1565	142
8560	20	142
8561	1566	142
8562	1567	142
8563	21	142
8564	22	142
8565	1568	142
8566	1569	142
8567	1570	142
8568	23	142
8569	24	142
8570	25	142
8571	26	142
8572	27	142
8573	28	142
8574	145	142
8575	29	142
8576	1571	142
8577	1572	142
8578	30	142
8579	31	142
8580	1573	142
8581	32	142
8582	33	142
8583	34	142
8584	35	142
8585	36	142
8586	238	142
8587	240	142
8588	241	142
8589	1574	142
8590	97	142
8591	40	142
8592	41	142
8593	42	142
8594	335	142
8595	44	142
8596	45	142
8597	46	142
8598	47	142
8599	48	142
8600	49	142
8601	50	142
8602	243	142
8603	52	142
8604	53	142
8605	54	142
8606	55	142
8607	56	142
8608	1575	142
8609	57	142
8610	1576	142
8611	58	142
8612	337	142
8613	59	142
8614	60	142
8615	1577	142
8616	1578	142
8617	1579	142
8618	1580	142
8619	1581	142
8620	66	142
8621	340	142
8622	1582	142
8623	67	142
8624	68	142
8625	444	142
8626	69	142
8627	70	142
8628	71	142
8629	72	142
8630	73	142
8631	74	142
8632	1	143
8633	2	143
8634	4	143
8635	5	143
8636	6	143
8637	7	143
8638	1583	143
8639	10	143
8640	11	143
8641	12	143
8642	14	143
8643	15	143
8644	16	143
8645	17	143
8646	18	143
8647	1584	143
8648	20	143
8649	21	143
8650	22	143
8651	23	143
8652	24	143
8653	1585	143
8654	25	143
8655	26	143
8656	27	143
8657	28	143
8658	29	143
8659	30	143
8660	31	143
8661	32	143
8662	33	143
8663	34	143
8664	35	143
8665	36	143
8666	238	143
8667	240	143
8668	241	143
8669	40	143
8670	41	143
8671	42	143
8672	43	143
8673	44	143
8674	45	143
8675	46	143
8676	47	143
8677	48	143
8678	49	143
8679	50	143
8680	243	143
8681	52	143
8682	53	143
8683	54	143
8684	55	143
8685	56	143
8686	560	143
8687	57	143
8688	58	143
8689	59	143
8690	60	143
8691	61	143
8692	62	143
8693	63	143
8694	64	143
8695	65	143
8696	66	143
8697	67	143
8698	68	143
8699	69	143
8700	70	143
8701	71	143
8702	72	143
8703	73	143
8704	1	144
8705	2	144
8706	4	144
8707	5	144
8708	6	144
8709	7	144
8710	10	144
8711	11	144
8712	12	144
8713	14	144
8714	15	144
8715	16	144
8716	17	144
8717	18	144
8718	20	144
8719	21	144
8720	22	144
8721	1587	144
8722	23	144
8723	24	144
8724	25	144
8725	26	144
8726	27	144
8727	28	144
8728	29	144
8729	30	144
8730	31	144
8731	32	144
8732	33	144
8733	34	144
8734	35	144
8735	36	144
8736	238	144
8737	240	144
8738	241	144
8739	40	144
8740	41	144
8741	42	144
8742	43	144
8743	44	144
8744	45	144
8745	46	144
8746	47	144
8747	48	144
8748	49	144
8749	50	144
8750	243	144
8751	52	144
8752	53	144
8753	54	144
8754	55	144
8755	56	144
8756	57	144
8757	58	144
8758	59	144
8759	60	144
8760	61	144
8761	62	144
8762	63	144
8763	64	144
8764	65	144
8765	66	144
8766	67	144
8767	68	144
8768	69	144
8769	70	144
8770	71	144
8771	72	144
8772	73	144
8773	1588	145
8774	1589	145
8775	2	145
8776	437	145
8777	4	145
8778	5	145
8779	6	145
8780	7	145
8781	1590	145
8782	1591	145
8783	10	145
8784	11	145
8785	12	145
8786	1592	145
8787	14	145
8788	15	145
8789	16	145
8790	17	145
8791	18	145
8792	331	145
8793	439	145
8794	20	145
8795	21	145
8796	416	145
8797	22	145
8798	441	145
8799	23	145
8800	1594	145
8801	24	145
8802	1595	145
8803	25	145
8804	1596	145
8805	26	145
8806	27	145
8807	28	145
8808	145	145
8809	1597	145
8810	29	145
8811	30	145
8812	31	145
8813	487	145
8814	32	145
8815	33	145
8816	34	145
8817	35	145
8818	36	145
8819	238	145
8820	240	145
8821	241	145
8822	97	145
8823	40	145
8824	41	145
8825	42	145
8826	335	145
8827	44	145
8828	45	145
8829	46	145
8830	47	145
8831	48	145
8832	49	145
8833	50	145
8834	243	145
8835	52	145
8836	53	145
8837	54	145
8838	55	145
8839	1598	145
8840	56	145
8841	1599	145
8842	57	145
8843	58	145
8844	337	145
8845	59	145
8846	60	145
8847	288	145
8848	66	145
8849	340	145
8850	67	145
8851	68	145
8852	444	145
8853	69	145
8854	1600	145
8855	70	145
8856	71	145
8857	72	145
8858	73	145
8859	1601	145
8860	1602	145
8861	1603	145
8862	1604	145
8863	765	145
8864	1606	145
8865	1	146
8866	2	146
8867	4	146
8868	5	146
8869	6	146
8870	7	146
8871	1280	146
8872	1607	146
8873	10	146
8874	11	146
8875	12	146
8876	13	146
8877	14	146
8878	15	146
8879	16	146
8880	17	146
8881	18	146
8882	20	146
8883	21	146
8884	22	146
8885	1281	146
8886	23	146
8887	24	146
8888	25	146
8889	26	146
8890	27	146
8891	28	146
8892	29	146
8893	30	146
8894	31	146
8895	32	146
8896	33	146
8897	34	146
8898	35	146
8899	36	146
8900	238	146
8901	240	146
8902	241	146
8903	40	146
8904	41	146
8905	42	146
8906	43	146
8907	44	146
8908	45	146
8909	46	146
8910	47	146
8911	48	146
8912	49	146
8913	50	146
8914	243	146
8915	52	146
8916	53	146
8917	54	146
8918	55	146
8919	56	146
8920	57	146
8921	58	146
8922	59	146
8923	60	146
8924	61	146
8925	1282	146
8926	62	146
8927	63	146
8928	64	146
8929	65	146
8930	1283	146
8931	66	146
8932	67	146
8933	68	146
8934	69	146
8935	70	146
8936	71	146
8937	72	146
8938	73	146
8939	1130	147
8940	1	147
8941	2	147
8942	430	147
8943	4	147
8944	877	147
8945	5	147
8946	6	147
8947	7	147
8948	1608	147
8949	10	147
8950	11	147
8951	12	147
8952	14	147
8953	15	147
8954	16	147
8955	17	147
8956	18	147
8957	359	147
8958	331	147
8959	20	147
8960	1325	147
8961	21	147
8962	22	147
8963	1609	147
8964	431	147
8965	1327	147
8966	23	147
8967	24	147
8968	25	147
8969	26	147
8970	27	147
8971	28	147
8972	145	147
8973	29	147
8974	30	147
8975	31	147
8976	487	147
8977	32	147
8978	33	147
8979	34	147
8980	35	147
8981	36	147
8982	238	147
8983	240	147
8984	241	147
8985	1329	147
8986	97	147
8987	1330	147
8988	40	147
8989	41	147
8990	42	147
8991	335	147
8992	44	147
8993	45	147
8994	46	147
8995	47	147
8996	48	147
8997	49	147
8998	243	147
8999	52	147
9000	53	147
9001	54	147
9002	55	147
9003	56	147
9004	57	147
9005	58	147
9006	337	147
9007	59	147
9008	60	147
9009	66	147
9010	340	147
9011	67	147
9012	68	147
9013	1332	147
9014	435	147
9015	70	147
9016	71	147
9017	72	147
9018	1011	147
9019	73	147
9020	1610	147
9021	1	148
9022	2	148
9023	1611	148
9024	3	148
9025	4	148
9026	5	148
9027	1612	148
9028	6	148
9029	7	148
9030	10	148
9031	11	148
9032	12	148
9033	13	148
9034	14	148
9035	15	148
9036	16	148
9037	17	148
9038	18	148
9039	1613	148
9040	20	148
9041	21	148
9042	22	148
9043	23	148
9044	24	148
9045	25	148
9046	26	148
9047	27	148
9048	28	148
9049	507	148
9050	30	148
9051	31	148
9052	32	148
9053	33	148
9054	34	148
9055	35	148
9056	36	148
9057	238	148
9058	1614	148
9059	240	148
9060	40	148
9061	41	148
9062	42	148
9063	43	148
9064	44	148
9065	45	148
9066	46	148
9067	47	148
9068	48	148
9069	49	148
9070	50	148
9071	243	148
9072	52	148
9073	53	148
9074	54	148
9075	55	148
9076	56	148
9077	572	148
9078	796	148
9079	57	148
9080	58	148
9081	59	148
9082	60	148
9083	61	148
9084	62	148
9085	63	148
9086	64	148
9087	65	148
9088	1615	148
9089	1616	148
9090	66	148
9091	67	148
9092	68	148
9093	69	148
9094	70	148
9095	71	148
9096	72	148
9097	73	148
9098	1504	148
9099	74	148
9100	1519	148
9101	722	149
9102	2	149
9103	1617	149
9104	4	149
9105	5	149
9106	6	149
9107	7	149
9108	10	149
9109	11	149
9110	12	149
9111	13	149
9112	14	149
9113	15	149
9114	16	149
9115	17	149
9116	18	149
9117	20	149
9118	21	149
9119	22	149
9120	23	149
9121	24	149
9122	25	149
9123	26	149
9124	27	149
9125	28	149
9126	29	149
9127	30	149
9128	31	149
9129	32	149
9130	33	149
9131	34	149
9132	35	149
9133	36	149
9134	238	149
9135	239	149
9136	240	149
9137	241	149
9138	40	149
9139	41	149
9140	43	149
9141	44	149
9142	45	149
9143	46	149
9144	47	149
9145	48	149
9146	49	149
9147	50	149
9148	243	149
9149	52	149
9150	53	149
9151	54	149
9152	55	149
9153	56	149
9154	57	149
9155	58	149
9156	59	149
9157	60	149
9158	61	149
9159	62	149
9160	63	149
9161	64	149
9162	65	149
9163	66	149
9164	67	149
9165	68	149
9166	69	149
9167	70	149
9168	71	149
9169	72	149
9170	73	149
9171	74	149
9172	348	149
9173	1618	150
9174	1	150
9175	566	150
9176	5	150
9177	295	150
9178	296	150
9179	297	150
9180	14	150
9181	569	150
9182	299	150
9183	300	150
9184	301	150
9185	21	150
9186	302	150
9187	1621	150
9188	24	150
9189	304	150
9190	145	150
9191	179	150
9192	305	150
9193	306	150
9194	307	150
9195	31	150
9196	308	150
9197	309	150
9198	32	150
9199	33	150
9200	34	150
9201	38	150
9202	241	150
9203	310	150
9204	40	150
9205	41	150
9206	42	150
9207	43	150
9208	311	150
9209	44	150
9210	45	150
9211	46	150
9212	312	150
9213	47	150
9214	48	150
9215	49	150
9216	50	150
9217	243	150
9218	52	150
9219	313	150
9220	53	150
9221	54	150
9222	314	150
9223	55	150
9224	56	150
9225	58	150
9226	498	150
9227	59	150
9228	60	150
9229	62	150
9230	66	150
9231	67	150
9232	68	150
9233	69	150
9234	70	150
9235	71	150
9236	72	150
9237	1	151
9238	566	151
9239	5	151
9240	1623	151
9241	1624	151
9242	295	151
9243	296	151
9244	297	151
9245	14	151
9246	569	151
9247	299	151
9248	300	151
9249	301	151
9250	21	151
9251	302	151
9252	417	151
9253	24	151
9254	1626	151
9255	304	151
9256	145	151
9257	179	151
9258	305	151
9259	306	151
9260	31	151
9261	309	151
9262	32	151
9263	33	151
9264	34	151
9265	38	151
9266	241	151
9267	310	151
9268	40	151
9269	41	151
9270	42	151
9271	43	151
9272	311	151
9273	44	151
9274	45	151
9275	46	151
9276	312	151
9277	47	151
9278	48	151
9279	49	151
9280	50	151
9281	243	151
9282	52	151
9283	313	151
9284	53	151
9285	54	151
9286	314	151
9287	55	151
9288	1627	151
9289	56	151
9290	58	151
9291	498	151
9292	59	151
9293	60	151
9294	62	151
9295	1628	151
9296	66	151
9297	67	151
9298	68	151
9299	69	151
9300	70	151
9301	71	151
9302	72	151
9303	1629	151
9304	2	152
9305	1630	152
9306	4	152
9307	5	152
9308	6	152
9309	7	152
9310	1631	152
9311	10	152
9312	11	152
9313	12	152
9314	13	152
9315	14	152
9316	15	152
9317	16	152
9318	17	152
9319	1632	152
9320	1633	152
9321	18	152
9322	20	152
9323	21	152
9324	22	152
9325	23	152
9326	24	152
9327	25	152
9328	26	152
9329	27	152
9330	28	152
9331	29	152
9332	30	152
9333	31	152
9334	32	152
9335	33	152
9336	34	152
9337	35	152
9338	36	152
9339	238	152
9340	239	152
9341	240	152
9342	47	152
9343	48	152
9344	1634	152
9345	49	152
9346	50	152
9347	243	152
9348	52	152
9349	53	152
9350	54	152
9351	55	152
9352	56	152
9353	57	152
9354	58	152
9355	59	152
9356	60	152
9357	61	152
9358	62	152
9359	63	152
9360	64	152
9361	65	152
9362	66	152
9363	67	152
9364	68	152
9365	69	152
9366	70	152
9367	71	152
9368	72	152
9369	73	152
9370	74	152
9371	356	153
9372	75	153
9373	1	153
9374	1635	153
9375	188	153
9376	446	153
9377	5	153
9378	77	153
9379	79	153
9380	80	153
9381	192	153
9382	81	153
9383	82	153
9384	14	153
9385	1639	153
9386	84	153
9387	85	153
9388	1640	153
9389	21	153
9390	86	153
9391	88	153
9392	1641	153
9393	1642	153
9394	1643	153
9395	1644	153
9396	1645	153
9397	1646	153
9398	1647	153
9399	91	153
9400	1648	153
9401	93	153
9402	29	153
9403	94	153
9404	97	153
9405	41	153
9406	47	153
9407	98	153
9408	99	153
9409	100	153
9410	1649	153
9411	1650	153
9412	361	153
9413	101	153
9414	109	153
9415	110	153
9416	111	153
9417	113	153
9418	115	153
9419	1652	153
9420	116	153
9421	117	153
9422	119	153
9423	1653	153
9424	1654	153
9425	1655	153
9426	75	154
9427	1	154
9428	1656	154
9429	5	154
9430	77	154
9431	1535	154
9432	1455	154
9433	79	154
9434	80	154
9435	1657	154
9436	81	154
9437	82	154
9438	14	154
9439	1459	154
9440	84	154
9441	85	154
9442	21	154
9443	86	154
9444	1658	154
9445	88	154
9446	333	154
9447	91	154
9448	93	154
9449	94	154
9450	97	154
9451	41	154
9452	47	154
9453	98	154
9454	509	154
9455	100	154
9456	101	154
9457	109	154
9458	1660	154
9459	110	154
9460	111	154
9461	1380	154
9462	112	154
9463	113	154
9464	1064	154
9465	116	154
9466	117	154
9467	119	154
9468	187	154
9469	2	155
9470	4	155
9471	5	155
9472	6	155
9473	7	155
9474	770	155
9475	771	155
9476	10	155
9477	11	155
9478	12	155
9479	13	155
9480	14	155
9481	15	155
9482	16	155
9483	17	155
9484	18	155
9485	20	155
9486	21	155
9487	22	155
9488	23	155
9489	24	155
9490	1663	155
9491	25	155
9492	26	155
9493	27	155
9494	28	155
9495	1664	155
9496	29	155
9497	30	155
9498	1665	155
9499	31	155
9500	32	155
9501	33	155
9502	34	155
9503	35	155
9504	36	155
9505	238	155
9506	239	155
9507	240	155
9508	241	155
9509	40	155
9510	41	155
9511	42	155
9512	43	155
9513	44	155
9514	45	155
9515	46	155
9516	47	155
9517	48	155
9518	49	155
9519	50	155
9520	243	155
9521	52	155
9522	53	155
9523	54	155
9524	55	155
9525	56	155
9526	246	155
9527	57	155
9528	58	155
9529	1666	155
9530	59	155
9531	60	155
9532	61	155
9533	62	155
9534	63	155
9535	64	155
9536	65	155
9537	66	155
9538	67	155
9539	68	155
9540	69	155
9541	1667	155
9542	70	155
9543	71	155
9544	72	155
9545	73	155
9546	74	155
9547	460	156
9548	1	156
9549	2	156
9550	4	156
9551	1668	156
9552	5	156
9553	6	156
9554	7	156
9555	1669	156
9556	1670	156
9557	192	156
9558	10	156
9559	11	156
9560	12	156
9561	13	156
9562	14	156
9563	15	156
9564	16	156
9565	17	156
9566	18	156
9567	20	156
9568	21	156
9569	22	156
9570	23	156
9571	24	156
9572	25	156
9573	26	156
9574	27	156
9575	28	156
9576	507	156
9577	30	156
9578	31	156
9579	32	156
9580	33	156
9581	34	156
9582	35	156
9583	36	156
9584	238	156
9585	240	156
9586	39	156
9587	40	156
9588	41	156
9589	42	156
9590	43	156
9591	44	156
9592	45	156
9593	46	156
9594	47	156
9595	48	156
9596	49	156
9597	50	156
9598	243	156
9599	52	156
9600	53	156
9601	54	156
9602	497	156
9603	56	156
9604	57	156
9605	58	156
9606	338	156
9607	60	156
9608	61	156
9609	62	156
9610	63	156
9611	64	156
9612	65	156
9613	66	156
9614	67	156
9615	68	156
9616	247	156
9617	70	156
9618	71	156
9619	500	156
9620	73	156
9621	74	156
9622	1130	157
9623	2	157
9624	1671	157
9625	437	157
9626	4	157
9627	5	157
9628	6	157
9629	7	157
9630	1672	157
9631	10	157
9632	11	157
9633	12	157
9634	14	157
9635	15	157
9636	16	157
9637	17	157
9638	1303	157
9639	331	157
9640	439	157
9641	20	157
9642	21	157
9643	22	157
9644	441	157
9645	23	157
9646	24	157
9647	25	157
9648	26	157
9649	1673	157
9650	27	157
9651	28	157
9652	817	157
9653	29	157
9654	30	157
9655	31	157
9656	32	157
9657	33	157
9658	34	157
9659	35	157
9660	36	157
9661	238	157
9662	240	157
9663	241	157
9664	97	157
9665	40	157
9666	41	157
9667	42	157
9668	335	157
9669	44	157
9670	45	157
9671	46	157
9672	47	157
9673	48	157
9674	49	157
9675	50	157
9676	243	157
9677	52	157
9678	53	157
9679	54	157
9680	55	157
9681	1674	157
9682	56	157
9683	57	157
9684	58	157
9685	337	157
9686	59	157
9687	60	157
9688	443	157
9689	288	157
9690	66	157
9691	340	157
9692	67	157
9693	68	157
9694	444	157
9695	247	157
9696	70	157
9697	71	157
9698	72	157
9699	73	157
9700	74	157
9701	1675	158
9702	1676	158
9703	1677	158
9704	1	158
9705	1431	158
9706	1678	158
9707	1679	158
9708	1680	158
9709	1681	158
9710	5	158
9711	1682	158
9712	1683	158
9713	1684	158
9714	1685	158
9715	1686	158
9716	1687	158
9717	21	158
9718	1688	158
9719	1689	158
9720	1690	158
9721	1691	158
9722	1692	158
9723	1693	158
9724	1694	158
9725	47	158
9726	618	158
9727	1696	158
9728	1697	158
9729	1698	158
9730	1699	158
9731	1381	158
9732	70	158
9733	71	158
9734	72	158
9735	1700	158
9736	1701	158
9737	356	159
9738	75	159
9739	1	159
9740	188	159
9741	5	159
9742	77	159
9743	79	159
9744	80	159
9745	192	159
9746	81	159
9747	82	159
9748	14	159
9749	1702	159
9750	84	159
9751	85	159
9752	1703	159
9753	21	159
9754	86	159
9755	88	159
9756	1641	159
9757	1642	159
9758	1643	159
9759	1644	159
9760	1646	159
9761	1704	159
9762	91	159
9763	93	159
9764	29	159
9765	94	159
9766	97	159
9767	41	159
9768	47	159
9769	98	159
9770	99	159
9771	1705	159
9772	1706	159
9773	1707	159
9774	100	159
9775	1708	159
9776	101	159
9777	111	159
9778	115	159
9779	116	159
9780	117	159
9781	1709	159
9782	119	159
9783	1710	159
9784	1655	159
9785	216	160
9786	1	160
9787	134	160
9788	1711	160
9789	5	160
9790	135	160
9791	137	160
9792	139	160
9793	140	160
9794	18	160
9795	1712	160
9796	21	160
9797	142	160
9798	161	160
9799	143	160
9800	144	160
9801	1713	160
9802	145	160
9803	146	160
9804	45	160
9805	147	160
9806	47	160
9807	50	160
9808	148	160
9809	149	160
9810	150	160
9811	1714	160
9812	1715	160
9813	151	160
9814	152	160
9815	1716	160
9816	166	160
9817	153	160
9818	113	160
9819	154	160
9820	155	160
9821	156	160
9822	70	160
9823	71	160
9824	72	160
9825	167	160
9826	157	160
9827	1717	160
9828	598	160
9829	480	161
9830	1720	161
9831	2	161
9832	437	161
9833	4	161
9834	1721	161
9835	5	161
9836	1722	161
9837	6	161
9838	7	161
9839	1723	161
9840	1724	161
9841	1725	161
9842	10	161
9843	11	161
9844	12	161
9845	1726	161
9846	14	161
9847	15	161
9848	16	161
9849	17	161
9850	18	161
9851	331	161
9852	20	161
9853	1727	161
9854	21	161
9855	22	161
9856	23	161
9857	24	161
9858	25	161
9859	26	161
9860	27	161
9861	28	161
9862	145	161
9863	29	161
9864	1728	161
9865	30	161
9866	31	161
9867	32	161
9868	33	161
9869	34	161
9870	35	161
9871	36	161
9872	238	161
9873	240	161
9874	40	161
9875	41	161
9876	42	161
9877	335	161
9878	44	161
9879	45	161
9880	46	161
9881	47	161
9882	48	161
9883	49	161
9884	50	161
9885	243	161
9886	52	161
9887	53	161
9888	54	161
9889	55	161
9890	56	161
9891	57	161
9892	58	161
9893	59	161
9894	60	161
9895	587	161
9896	66	161
9897	1729	161
9898	340	161
9899	67	161
9900	68	161
9901	444	161
9902	69	161
9903	261	161
9904	262	161
9905	73	161
9906	493	161
9907	436	162
9908	1	162
9909	2	162
9910	4	162
9911	5	162
9912	6	162
9913	7	162
9914	1733	162
9915	1734	162
9916	10	162
9917	11	162
9918	12	162
9919	1435	162
9920	1735	162
9921	13	162
9922	14	162
9923	15	162
9924	16	162
9925	17	162
9926	18	162
9927	1736	162
9928	20	162
9929	21	162
9930	1737	162
9931	22	162
9932	23	162
9933	24	162
9934	25	162
9935	26	162
9936	1738	162
9937	27	162
9938	28	162
9939	29	162
9940	30	162
9941	31	162
9942	32	162
9943	33	162
9944	34	162
9945	35	162
9946	36	162
9947	238	162
9948	240	162
9949	241	162
9950	40	162
9951	41	162
9952	42	162
9953	43	162
9954	44	162
9955	45	162
9956	46	162
9957	47	162
9958	48	162
9959	49	162
9960	50	162
9961	243	162
9962	52	162
9963	53	162
9964	54	162
9965	55	162
9966	56	162
9967	1739	162
9968	57	162
9969	58	162
9970	1740	162
9971	60	162
9972	61	162
9973	62	162
9974	63	162
9975	66	162
9976	67	162
9977	68	162
9978	69	162
9979	70	162
9980	73	162
9981	74	162
9982	348	162
9983	1741	163
9984	1	163
9985	293	163
9986	5	163
9987	295	163
9988	296	163
9989	297	163
9990	14	163
9991	1742	163
9992	17	163
9993	299	163
9994	300	163
9995	301	163
9996	21	163
9997	302	163
9998	24	163
9999	304	163
10000	145	163
10001	179	163
10002	305	163
10003	306	163
10004	307	163
10005	31	163
10006	309	163
10007	32	163
10008	33	163
10009	34	163
10010	240	163
10011	241	163
10012	310	163
10013	42	163
10014	43	163
10015	311	163
10016	44	163
10017	45	163
10018	46	163
10019	312	163
10020	47	163
10021	48	163
10022	49	163
10023	50	163
10024	243	163
10025	52	163
10026	313	163
10027	53	163
10028	54	163
10029	314	163
10030	1743	163
10031	55	163
10032	56	163
10033	165	163
10034	58	163
10035	316	163
10036	59	163
10037	60	163
10038	62	163
10039	66	163
10040	67	163
10041	68	163
10042	69	163
10043	70	163
10044	71	163
10045	72	163
10046	1745	163
10047	263	163
10048	1	164
10049	424	164
10050	2	164
10051	3	164
10052	4	164
10053	5	164
10054	1746	164
10055	6	164
10056	7	164
10057	1747	164
10058	10	164
10059	11	164
10060	12	164
10061	13	164
10062	14	164
10063	15	164
10064	16	164
10065	17	164
10066	1748	164
10067	18	164
10068	20	164
10069	21	164
10070	22	164
10071	683	164
10072	23	164
10073	24	164
10074	1750	164
10075	25	164
10076	26	164
10077	27	164
10078	28	164
10079	29	164
10080	30	164
10081	31	164
10082	32	164
10083	33	164
10084	34	164
10085	35	164
10086	36	164
10087	238	164
10088	239	164
10089	38	164
10090	39	164
10091	40	164
10092	41	164
10093	42	164
10094	43	164
10095	44	164
10096	45	164
10097	46	164
10098	47	164
10099	48	164
10100	49	164
10101	50	164
10102	51	164
10103	52	164
10104	53	164
10105	54	164
10106	55	164
10107	56	164
10108	572	164
10109	796	164
10110	57	164
10111	58	164
10112	59	164
10113	60	164
10114	61	164
10115	62	164
10116	1752	164
10117	63	164
10118	64	164
10119	65	164
10120	66	164
10121	67	164
10122	68	164
10123	69	164
10124	70	164
10125	71	164
10126	72	164
10127	73	164
10128	74	164
10129	1588	165
10130	2	165
10131	437	165
10132	4	165
10133	5	165
10134	1753	165
10135	6	165
10136	7	165
10137	1724	165
10138	10	165
10139	11	165
10140	12	165
10141	14	165
10142	15	165
10143	16	165
10144	17	165
10145	18	165
10146	331	165
10147	20	165
10148	21	165
10149	22	165
10150	23	165
10151	24	165
10152	25	165
10153	26	165
10154	27	165
10155	28	165
10156	145	165
10157	29	165
10158	30	165
10159	31	165
10160	32	165
10161	33	165
10162	34	165
10163	35	165
10164	36	165
10165	238	165
10166	240	165
10167	241	165
10168	97	165
10169	40	165
10170	41	165
10171	42	165
10172	335	165
10173	44	165
10174	45	165
10175	46	165
10176	47	165
10177	48	165
10178	49	165
10179	50	165
10180	243	165
10181	52	165
10182	53	165
10183	54	165
10184	55	165
10185	56	165
10186	57	165
10187	58	165
10188	337	165
10189	59	165
10190	60	165
10191	66	165
10192	340	165
10193	67	165
10194	68	165
10195	444	165
10196	69	165
10197	70	165
10198	71	165
10199	72	165
10200	73	165
10201	74	165
10202	459	165
10203	1	166
10204	293	166
10205	5	166
10206	295	166
10207	296	166
10208	14	166
10209	17	166
10210	299	166
10211	300	166
10212	301	166
10213	21	166
10214	302	166
10215	1755	166
10216	1756	166
10217	24	166
10218	304	166
10219	145	166
10220	179	166
10221	305	166
10222	306	166
10223	307	166
10224	240	166
10225	40	166
10226	41	166
10227	42	166
10228	43	166
10229	311	166
10230	44	166
10231	45	166
10232	46	166
10233	312	166
10234	47	166
10235	48	166
10236	49	166
10237	50	166
10238	53	166
10239	54	166
10240	314	166
10241	55	166
10242	58	166
10243	316	166
10244	59	166
10245	66	166
10246	67	166
10247	68	166
10248	69	166
10249	70	166
10250	71	166
10251	72	166
10252	75	167
10253	1	167
10254	1757	167
10255	1758	167
10256	121	167
10257	775	167
10258	5	167
10259	77	167
10260	1759	167
10261	642	167
10262	79	167
10263	80	167
10264	778	167
10265	81	167
10266	82	167
10267	643	167
10268	14	167
10269	1762	167
10270	1763	167
10271	84	167
10272	85	167
10273	1764	167
10274	645	167
10275	21	167
10276	647	167
10277	86	167
10278	88	167
10279	91	167
10280	738	167
10281	93	167
10282	29	167
10283	94	167
10284	97	167
10285	41	167
10286	47	167
10287	98	167
10288	99	167
10289	1767	167
10290	100	167
10291	1768	167
10292	101	167
10293	1267	167
10294	102	167
10295	103	167
10296	104	167
10297	105	167
10298	106	167
10299	107	167
10300	108	167
10301	1769	167
10302	581	167
10303	653	167
10304	109	167
10305	110	167
10306	111	167
10307	112	167
10308	113	167
10309	115	167
10310	658	167
10311	116	167
10312	117	167
10313	119	167
10314	75	168
10315	1	168
10316	121	168
10317	1772	168
10318	1773	168
10319	5	168
10320	77	168
10321	1774	168
10322	79	168
10323	80	168
10324	81	168
10325	1775	168
10326	82	168
10327	14	168
10328	84	168
10329	85	168
10330	1776	168
10331	21	168
10332	1777	168
10333	86	168
10334	88	168
10335	91	168
10336	93	168
10337	29	168
10338	94	168
10339	97	168
10340	41	168
10341	47	168
10342	98	168
10343	1778	168
10344	509	168
10345	100	168
10346	101	168
10347	1779	168
10348	1319	168
10349	1780	168
10350	109	168
10351	110	168
10352	111	168
10353	112	168
10354	113	168
10355	114	168
10356	1064	168
10357	116	168
10358	117	168
10359	119	168
10360	187	168
10361	1	169
10362	1781	169
10363	134	169
10364	1782	169
10365	5	169
10366	1783	169
10367	135	169
10368	1784	169
10369	137	169
10370	139	169
10371	1785	169
10372	18	169
10373	1786	169
10374	1120	169
10375	1787	169
10376	21	169
10377	142	169
10378	143	169
10379	144	169
10380	1788	169
10381	1585	169
10382	145	169
10383	146	169
10384	45	169
10385	147	169
10386	47	169
10387	50	169
10388	148	169
10389	149	169
10390	150	169
10391	1789	169
10392	1790	169
10393	151	169
10394	152	169
10395	153	169
10396	113	169
10397	154	169
10398	155	169
10399	156	169
10400	70	169
10401	71	169
10402	72	169
10403	1791	169
10404	157	169
10405	1	170
10406	2	170
10407	4	170
10408	5	170
10409	6	170
10410	14	170
10411	18	170
10412	23	170
10413	24	170
10414	27	170
10415	28	170
10416	240	170
10417	47	170
10418	48	170
10419	49	170
10420	50	170
10421	243	170
10422	52	170
10423	53	170
10424	54	170
10425	55	170
10426	56	170
10427	57	170
10428	58	170
10429	60	170
10430	62	170
10431	66	170
10432	67	170
10433	68	170
10434	69	170
10435	70	170
10436	71	170
10437	72	170
10438	74	170
10439	1	171
10440	1792	171
10441	134	171
10442	5	171
10443	135	171
10444	137	171
10445	139	171
10446	140	171
10447	699	171
10448	1794	171
10449	726	171
10450	21	171
10451	142	171
10452	143	171
10453	144	171
10454	683	171
10455	817	171
10456	45	171
10457	147	171
10458	47	171
10459	50	171
10460	148	171
10461	149	171
10462	1796	171
10463	150	171
10464	151	171
10465	152	171
10466	818	171
10467	153	171
10468	154	171
10469	155	171
10470	156	171
10471	70	171
10472	71	171
10473	72	171
10474	157	171
10475	2	172
10476	437	172
10477	4	172
10478	5	172
10479	6	172
10480	7	172
10481	1724	172
10482	10	172
10483	11	172
10484	12	172
10485	14	172
10486	15	172
10487	16	172
10488	17	172
10489	18	172
10490	331	172
10491	20	172
10492	21	172
10493	22	172
10494	23	172
10495	24	172
10496	25	172
10497	26	172
10498	27	172
10499	28	172
10500	145	172
10501	29	172
10502	30	172
10503	31	172
10504	32	172
10505	33	172
10506	34	172
10507	35	172
10508	36	172
10509	238	172
10510	240	172
10511	47	172
10512	48	172
10513	49	172
10514	50	172
10515	243	172
10516	52	172
10517	53	172
10518	54	172
10519	55	172
10520	56	172
10521	57	172
10522	58	172
10523	337	172
10524	59	172
10525	60	172
10526	587	172
10527	66	172
10528	340	172
10529	67	172
10530	68	172
10531	444	172
10532	69	172
10533	70	172
10534	71	172
10535	72	172
10536	73	172
10537	74	172
10538	264	173
10539	75	173
10540	1	173
10541	5	173
10542	77	173
10543	1799	173
10544	79	173
10545	1800	173
10546	80	173
10547	81	173
10548	82	173
10549	14	173
10550	84	173
10551	85	173
10552	1801	173
10553	21	173
10554	1802	173
10555	86	173
10556	88	173
10557	91	173
10558	93	173
10559	1803	173
10560	179	173
10561	97	173
10562	41	173
10563	47	173
10564	98	173
10565	509	173
10566	1804	173
10567	100	173
10568	101	173
10569	1805	173
10570	109	173
10571	110	173
10572	111	173
10573	112	173
10574	113	173
10575	1064	173
10576	116	173
10577	117	173
10578	119	173
10579	187	173
10580	1	174
10581	292	174
10582	293	174
10583	5	174
10584	1806	174
10585	295	174
10586	296	174
10587	297	174
10588	14	174
10589	1807	174
10590	17	174
10591	299	174
10592	300	174
10593	301	174
10594	21	174
10595	302	174
10596	24	174
10597	304	174
10598	145	174
10599	179	174
10600	305	174
10601	306	174
10602	307	174
10603	240	174
10604	241	174
10605	310	174
10606	40	174
10607	41	174
10608	42	174
10609	43	174
10610	311	174
10611	44	174
10612	45	174
10613	46	174
10614	312	174
10615	47	174
10616	48	174
10617	49	174
10618	50	174
10619	243	174
10620	52	174
10621	313	174
10622	53	174
10623	54	174
10624	314	174
10625	55	174
10626	56	174
10627	58	174
10628	316	174
10629	59	174
10630	60	174
10631	62	174
10632	66	174
10633	67	174
10634	68	174
10635	69	174
10636	70	174
10637	71	174
10638	72	174
10639	1	175
10640	2	175
10641	430	175
10642	4	175
10643	5	175
10644	788	175
10645	6	175
10646	7	175
10647	10	175
10648	11	175
10649	12	175
10650	14	175
10651	15	175
10652	16	175
10653	17	175
10654	18	175
10655	331	175
10656	20	175
10657	21	175
10658	22	175
10659	23	175
10660	24	175
10661	25	175
10662	26	175
10663	27	175
10664	28	175
10665	145	175
10666	29	175
10667	30	175
10668	31	175
10669	32	175
10670	33	175
10671	34	175
10672	35	175
10673	36	175
10674	238	175
10675	38	175
10676	39	175
10677	97	175
10678	40	175
10679	41	175
10680	42	175
10681	335	175
10682	44	175
10683	45	175
10684	46	175
10685	47	175
10686	48	175
10687	49	175
10688	50	175
10689	243	175
10690	52	175
10691	53	175
10692	54	175
10693	1808	175
10694	55	175
10695	56	175
10696	57	175
10697	58	175
10698	467	175
10699	59	175
10700	60	175
10701	1810	175
10702	1811	175
10703	66	175
10704	340	175
10705	67	175
10706	68	175
10707	69	175
10708	1812	175
10709	1813	175
10710	70	175
10711	71	175
10712	72	175
10713	73	175
10714	74	175
10715	1	176
10716	292	176
10717	293	176
10718	5	176
10719	295	176
10720	296	176
10721	297	176
10722	14	176
10723	17	176
10724	299	176
10725	300	176
10726	301	176
10727	21	176
10728	302	176
10729	24	176
10730	304	176
10731	145	176
10732	179	176
10733	305	176
10734	306	176
10735	1409	176
10736	31	176
10737	308	176
10738	309	176
10739	32	176
10740	33	176
10741	34	176
10742	240	176
10743	241	176
10744	310	176
10745	40	176
10746	41	176
10747	42	176
10748	43	176
10749	311	176
10750	44	176
10751	45	176
10752	46	176
10753	312	176
10754	47	176
10755	48	176
10756	49	176
10757	50	176
10758	243	176
10759	52	176
10760	313	176
10761	53	176
10762	54	176
10763	314	176
10764	55	176
10765	56	176
10766	58	176
10767	316	176
10768	59	176
10769	60	176
10770	62	176
10771	66	176
10772	67	176
10773	68	176
10774	1413	176
10775	70	176
10776	71	176
10777	72	176
10778	158	177
10779	1	177
10780	293	177
10781	5	177
10782	295	177
10783	296	177
10784	297	177
10785	14	177
10786	1742	177
10787	17	177
10788	299	177
10789	300	177
10790	301	177
10791	21	177
10792	302	177
10793	24	177
10794	304	177
10795	145	177
10796	179	177
10797	305	177
10798	306	177
10799	31	177
10800	241	177
10801	310	177
10802	40	177
10803	41	177
10804	42	177
10805	43	177
10806	311	177
10807	44	177
10808	45	177
10809	46	177
10810	312	177
10811	47	177
10812	48	177
10813	49	177
10814	50	177
10815	243	177
10816	52	177
10817	313	177
10818	53	177
10819	54	177
10820	314	177
10821	1743	177
10822	55	177
10823	56	177
10824	165	177
10825	58	177
10826	316	177
10827	59	177
10828	60	177
10829	62	177
10830	66	177
10831	67	177
10832	68	177
10833	69	177
10834	70	177
10835	71	177
10836	72	177
10837	1745	177
10838	348	177
10839	1814	178
10840	75	178
10841	1	178
10842	5	178
10843	77	178
10844	79	178
10845	1815	178
10846	80	178
10847	81	178
10848	82	178
10849	14	178
10850	84	178
10851	85	178
10852	504	178
10853	21	178
10854	86	178
10855	88	178
10856	417	178
10857	1585	178
10858	91	178
10859	506	178
10860	93	178
10861	1818	178
10862	179	178
10863	29	178
10864	94	178
10865	97	178
10866	41	178
10867	47	178
10868	324	178
10869	98	178
10870	99	178
10871	100	178
10872	510	178
10873	101	178
10874	1821	178
10875	1822	178
10876	110	178
10877	111	178
10878	112	178
10879	113	178
10880	511	178
10881	115	178
10882	116	178
10883	117	178
10884	119	178
10885	1824	178
10886	158	179
10887	1	179
10888	134	179
10889	783	179
10890	159	179
10891	5	179
10892	229	179
10893	135	179
10894	137	179
10895	160	179
10896	139	179
10897	140	179
10898	1828	179
10899	18	179
10900	1829	179
10901	21	179
10902	142	179
10903	161	179
10904	143	179
10905	144	179
10906	145	179
10907	162	179
10908	146	179
10909	45	179
10910	147	179
10911	163	179
10912	47	179
10913	50	179
10914	148	179
10915	149	179
10916	150	179
10917	165	179
10918	1832	179
10919	151	179
10920	152	179
10921	166	179
10922	153	179
10923	113	179
10924	154	179
10925	155	179
10926	156	179
10927	70	179
10928	71	179
10929	72	179
10930	167	179
10931	157	179
10932	1401	179
10933	2	180
10934	437	180
10935	4	180
10936	5	180
10937	6	180
10938	7	180
10939	1833	180
10940	10	180
10941	11	180
10942	12	180
10943	1834	180
10944	14	180
10945	15	180
10946	16	180
10947	17	180
10948	18	180
10949	331	180
10950	439	180
10951	20	180
10952	21	180
10953	22	180
10954	441	180
10955	23	180
10956	24	180
10957	25	180
10958	26	180
10959	27	180
10960	28	180
10961	145	180
10962	29	180
10963	30	180
10964	31	180
10965	32	180
10966	33	180
10967	34	180
10968	35	180
10969	36	180
10970	238	180
10971	240	180
10972	241	180
10973	97	180
10974	40	180
10975	41	180
10976	42	180
10977	335	180
10978	44	180
10979	45	180
10980	46	180
10981	47	180
10982	48	180
10983	49	180
10984	50	180
10985	243	180
10986	52	180
10987	53	180
10988	54	180
10989	55	180
10990	56	180
10991	57	180
10992	58	180
10993	337	180
10994	59	180
10995	60	180
10996	443	180
10997	288	180
10998	66	180
10999	340	180
11000	67	180
11001	68	180
11002	444	180
11003	69	180
11004	261	180
11005	262	180
11006	70	180
11007	71	180
11008	72	180
11009	73	180
11010	74	180
\.


--
-- TOC entry 3820 (class 0 OID 17677)
-- Dependencies: 263
-- Data for Name: processing_job; Type: TABLE DATA; Schema: public; Owner: postgres
--

COPY public.processing_job (id, job_name, status, entry_time) FROM stdin;
1	cli_edf65077-dbd1-484a-bcaf-24188e9d4de5	C	2025-01-21 14:13:45.376942+00
3	cli_prop_18737cea-2d9d-4731-b9b7-03458677bf28	F	2025-01-21 14:13:55.05391+00
4	cli_prop_0d709edd-fe86-4146-bee6-f61a4f4fb880	C	2025-01-21 14:22:44.536739+00
\.


--
-- TOC entry 3796 (class 0 OID 16622)
-- Dependencies: 239
-- Data for Name: property; Type: TABLE DATA; Schema: public; Owner: postgres
--

COPY public.property (id, name, datatype, querytype, description, target, standard) FROM stdin;
1	sequencing_reason	value_varchar	\N	Sampling reason	\N	\N
2	isolation_source	value_varchar	\N	Isolation Source	\N	\N
3	sample_type	value_varchar	\N	Sample Type	\N	\N
\.


--
-- TOC entry 3800 (class 0 OID 16661)
-- Dependencies: 243
-- Data for Name: reference; Type: TABLE DATA; Schema: public; Owner: postgres
--

COPY public.reference (id, accession, description, organism, collection_date, country, db_xref, host, isolate, mol_type, name, translation_id) FROM stdin;
1	MN908947.3	(Wuhan-Hu-1/2019)	Severe acute respiratory syndrome coronavirus 2	2019-12-01	China	taxon:2697049	Homo sapiens	Wuhan-Hu-1	genomic RNA	/sonar/data/import/gbks/MN908947.nextclade.gb	1
\.


--
-- TOC entry 3812 (class 0 OID 17086)
-- Dependencies: 255
-- Data for Name: replicon; Type: TABLE DATA; Schema: public; Owner: postgres
--

COPY public.replicon (id, length, sequence, accession, description, type, segment_number, reference_id) FROM stdin;
1	29903	ATTAAAGGTTTATACCTTCCCAGGTAACAAACCAACCAACTTTCGATCTCTTGTAGATCTGTTCTCTAAACGAACTTTAAAATCTGTGTGGCTGTCACTCGGCTGCATGCTTAGTGCACTCACGCAGTATAATTAATAACTAATTACTGTCGTTGACAGGACACGAGTAACTCGTCTATCTTCTGCAGGCTGCTTACGGTTTCGTCCGTGTTGCAGCCGATCATCAGCACATCTAGGTTTCGTCCGGGTGTGACCGAAAGGTAAGATGGAGAGCCTTGTCCCTGGTTTCAACGAGAAAACACACGTCCAACTCAGTTTGCCTGTTTTACAGGTTCGCGACGTGCTCGTACGTGGCTTTGGAGACTCCGTGGAGGAGGTCTTATCAGAGGCACGTCAACATCTTAAAGATGGCACTTGTGGCTTAGTAGAAGTTGAAAAAGGCGTTTTGCCTCAACTTGAACAGCCCTATGTGTTCATCAAACGTTCGGATGCTCGAACTGCACCTCATGGTCATGTTATGGTTGAGCTGGTAGCAGAACTCGAAGGCATTCAGTACGGTCGTAGTGGTGAGACACTTGGTGTCCTTGTCCCTCATGTGGGCGAAATACCAGTGGCTTACCGCAAGGTTCTTCTTCGTAAGAACGGTAATAAAGGAGCTGGTGGCCATAGTTACGGCGCCGATCTAAAGTCATTTGACTTAGGCGACGAGCTTGGCACTGATCCTTATGAAGATTTTCAAGAAAACTGGAACACTAAACATAGCAGTGGTGTTACCCGTGAACTCATGCGTGAGCTTAACGGAGGGGCATACACTCGCTATGTCGATAACAACTTCTGTGGCCCTGATGGCTACCCTCTTGAGTGCATTAAAGACCTTCTAGCACGTGCTGGTAAAGCTTCATGCACTTTGTCCGAACAACTGGACTTTATTGACACTAAGAGGGGTGTATACTGCTGCCGTGAACATGAGCATGAAATTGCTTGGTACACGGAACGTTCTGAAAAGAGCTATGAATTGCAGACACCTTTTGAAATTAAATTGGCAAAGAAATTTGACACCTTCAATGGGGAATGTCCAAATTTTGTATTTCCCTTAAATTCCATAATCAAGACTATTCAACCAAGGGTTGAAAAGAAAAAGCTTGATGGCTTTATGGGTAGAATTCGATCTGTCTATCCAGTTGCGTCACCAAATGAATGCAACCAAATGTGCCTTTCAACTCTCATGAAGTGTGATCATTGTGGTGAAACTTCATGGCAGACGGGCGATTTTGTTAAAGCCACTTGCGAATTTTGTGGCACTGAGAATTTGACTAAAGAAGGTGCCACTACTTGTGGTTACTTACCCCAAAATGCTGTTGTTAAAATTTATTGTCCAGCATGTCACAATTCAGAAGTAGGACCTGAGCATAGTCTTGCCGAATACCATAATGAATCTGGCTTGAAAACCATTCTTCGTAAGGGTGGTCGCACTATTGCCTTTGGAGGCTGTGTGTTCTCTTATGTTGGTTGCCATAACAAGTGTGCCTATTGGGTTCCACGTGCTAGCGCTAACATAGGTTGTAACCATACAGGTGTTGTTGGAGAAGGTTCCGAAGGTCTTAATGACAACCTTCTTGAAATACTCCAAAAAGAGAAAGTCAACATCAATATTGTTGGTGACTTTAAACTTAATGAAGAGATCGCCATTATTTTGGCATCTTTTTCTGCTTCCACAAGTGCTTTTGTGGAAACTGTGAAAGGTTTGGATTATAAAGCATTCAAACAAATTGTTGAATCCTGTGGTAATTTTAAAGTTACAAAAGGAAAAGCTAAAAAAGGTGCCTGGAATATTGGTGAACAGAAATCAATACTGAGTCCTCTTTATGCATTTGCATCAGAGGCTGCTCGTGTTGTACGATCAATTTTCTCCCGCACTCTTGAAACTGCTCAAAATTCTGTGCGTGTTTTACAGAAGGCCGCTATAACAATACTAGATGGAATTTCACAGTATTCACTGAGACTCATTGATGCTATGATGTTCACATCTGATTTGGCTACTAACAATCTAGTTGTAATGGCCTACATTACAGGTGGTGTTGTTCAGTTGACTTCGCAGTGGCTAACTAACATCTTTGGCACTGTTTATGAAAAACTCAAACCCGTCCTTGATTGGCTTGAAGAGAAGTTTAAGGAAGGTGTAGAGTTTCTTAGAGACGGTTGGGAAATTGTTAAATTTATCTCAACCTGTGCTTGTGAAATTGTCGGTGGACAAATTGTCACCTGTGCAAAGGAAATTAAGGAGAGTGTTCAGACATTCTTTAAGCTTGTAAATAAATTTTTGGCTTTGTGTGCTGACTCTATCATTATTGGTGGAGCTAAACTTAAAGCCTTGAATTTAGGTGAAACATTTGTCACGCACTCAAAGGGATTGTACAGAAAGTGTGTTAAATCCAGAGAAGAAACTGGCCTACTCATGCCTCTAAAAGCCCCAAAAGAAATTATCTTCTTAGAGGGAGAAACACTTCCCACAGAAGTGTTAACAGAGGAAGTTGTCTTGAAAACTGGTGATTTACAACCATTAGAACAACCTACTAGTGAAGCTGTTGAAGCTCCATTGGTTGGTACACCAGTTTGTATTAACGGGCTTATGTTGCTCGAAATCAAAGACACAGAAAAGTACTGTGCCCTTGCACCTAATATGATGGTAACAAACAATACCTTCACACTCAAAGGCGGTGCACCAACAAAGGTTACTTTTGGTGATGACACTGTGATAGAAGTGCAAGGTTACAAGAGTGTGAATATCACTTTTGAACTTGATGAAAGGATTGATAAAGTACTTAATGAGAAGTGCTCTGCCTATACAGTTGAACTCGGTACAGAAGTAAATGAGTTCGCCTGTGTTGTGGCAGATGCTGTCATAAAAACTTTGCAACCAGTATCTGAATTACTTACACCACTGGGCATTGATTTAGATGAGTGGAGTATGGCTACATACTACTTATTTGATGAGTCTGGTGAGTTTAAATTGGCTTCACATATGTATTGTTCTTTCTACCCTCCAGATGAGGATGAAGAAGAAGGTGATTGTGAAGAAGAAGAGTTTGAGCCATCAACTCAATATGAGTATGGTACTGAAGATGATTACCAAGGTAAACCTTTGGAATTTGGTGCCACTTCTGCTGCTCTTCAACCTGAAGAAGAGCAAGAAGAAGATTGGTTAGATGATGATAGTCAACAAACTGTTGGTCAACAAGACGGCAGTGAGGACAATCAGACAACTACTATTCAAACAATTGTTGAGGTTCAACCTCAATTAGAGATGGAACTTACACCAGTTGTTCAGACTATTGAAGTGAATAGTTTTAGTGGTTATTTAAAACTTACTGACAATGTATACATTAAAAATGCAGACATTGTGGAAGAAGCTAAAAAGGTAAAACCAACAGTGGTTGTTAATGCAGCCAATGTTTACCTTAAACATGGAGGAGGTGTTGCAGGAGCCTTAAATAAGGCTACTAACAATGCCATGCAAGTTGAATCTGATGATTACATAGCTACTAATGGACCACTTAAAGTGGGTGGTAGTTGTGTTTTAAGCGGACACAATCTTGCTAAACACTGTCTTCATGTTGTCGGCCCAAATGTTAACAAAGGTGAAGACATTCAACTTCTTAAGAGTGCTTATGAAAATTTTAATCAGCACGAAGTTCTACTTGCACCATTATTATCAGCTGGTATTTTTGGTGCTGACCCTATACATTCTTTAAGAGTTTGTGTAGATACTGTTCGCACAAATGTCTACTTAGCTGTCTTTGATAAAAATCTCTATGACAAACTTGTTTCAAGCTTTTTGGAAATGAAGAGTGAAAAGCAAGTTGAACAAAAGATCGCTGAGATTCCTAAAGAGGAAGTTAAGCCATTTATAACTGAAAGTAAACCTTCAGTTGAACAGAGAAAACAAGATGATAAGAAAATCAAAGCTTGTGTTGAAGAAGTTACAACAACTCTGGAAGAAACTAAGTTCCTCACAGAAAACTTGTTACTTTATATTGACATTAATGGCAATCTTCATCCAGATTCTGCCACTCTTGTTAGTGACATTGACATCACTTTCTTAAAGAAAGATGCTCCATATATAGTGGGTGATGTTGTTCAAGAGGGTGTTTTAACTGCTGTGGTTATACCTACTAAAAAGGCTGGTGGCACTACTGAAATGCTAGCGAAAGCTTTGAGAAAAGTGCCAACAGACAATTATATAACCACTTACCCGGGTCAGGGTTTAAATGGTTACACTGTAGAGGAGGCAAAGACAGTGCTTAAAAAGTGTAAAAGTGCCTTTTACATTCTACCATCTATTATCTCTAATGAGAAGCAAGAAATTCTTGGAACTGTTTCTTGGAATTTGCGAGAAATGCTTGCACATGCAGAAGAAACACGCAAATTAATGCCTGTCTGTGTGGAAACTAAAGCCATAGTTTCAACTATACAGCGTAAATATAAGGGTATTAAAATACAAGAGGGTGTGGTTGATTATGGTGCTAGATTTTACTTTTACACCAGTAAAACAACTGTAGCGTCACTTATCAACACACTTAACGATCTAAATGAAACTCTTGTTACAATGCCACTTGGCTATGTAACACATGGCTTAAATTTGGAAGAAGCTGCTCGGTATATGAGATCTCTCAAAGTGCCAGCTACAGTTTCTGTTTCTTCACCTGATGCTGTTACAGCGTATAATGGTTATCTTACTTCTTCTTCTAAAACACCTGAAGAACATTTTATTGAAACCATCTCACTTGCTGGTTCCTATAAAGATTGGTCCTATTCTGGACAATCTACACAACTAGGTATAGAATTTCTTAAGAGAGGTGATAAAAGTGTATATTACACTAGTAATCCTACCACATTCCACCTAGATGGTGAAGTTATCACCTTTGACAATCTTAAGACACTTCTTTCTTTGAGAGAAGTGAGGACTATTAAGGTGTTTACAACAGTAGACAACATTAACCTCCACACGCAAGTTGTGGACATGTCAATGACATATGGACAACAGTTTGGTCCAACTTATTTGGATGGAGCTGATGTTACTAAAATAAAACCTCATAATTCACATGAAGGTAAAACATTTTATGTTTTACCTAATGATGACACTCTACGTGTTGAGGCTTTTGAGTACTACCACACAACTGATCCTAGTTTTCTGGGTAGGTACATGTCAGCATTAAATCACACTAAAAAGTGGAAATACCCACAAGTTAATGGTTTAACTTCTATTAAATGGGCAGATAACAACTGTTATCTTGCCACTGCATTGTTAACACTCCAACAAATAGAGTTGAAGTTTAATCCACCTGCTCTACAAGATGCTTATTACAGAGCAAGGGCTGGTGAAGCTGCTAACTTTTGTGCACTTATCTTAGCCTACTGTAATAAGACAGTAGGTGAGTTAGGTGATGTTAGAGAAACAATGAGTTACTTGTTTCAACATGCCAATTTAGATTCTTGCAAAAGAGTCTTGAACGTGGTGTGTAAAACTTGTGGACAACAGCAGACAACCCTTAAGGGTGTAGAAGCTGTTATGTACATGGGCACACTTTCTTATGAACAATTTAAGAAAGGTGTTCAGATACCTTGTACGTGTGGTAAACAAGCTACAAAATATCTAGTACAACAGGAGTCACCTTTTGTTATGATGTCAGCACCACCTGCTCAGTATGAACTTAAGCATGGTACATTTACTTGTGCTAGTGAGTACACTGGTAATTACCAGTGTGGTCACTATAAACATATAACTTCTAAAGAAACTTTGTATTGCATAGACGGTGCTTTACTTACAAAGTCCTCAGAATACAAAGGTCCTATTACGGATGTTTTCTACAAAGAAAACAGTTACACAACAACCATAAAACCAGTTACTTATAAATTGGATGGTGTTGTTTGTACAGAAATTGACCCTAAGTTGGACAATTATTATAAGAAAGACAATTCTTATTTCACAGAGCAACCAATTGATCTTGTACCAAACCAACCATATCCAAACGCAAGCTTCGATAATTTTAAGTTTGTATGTGATAATATCAAATTTGCTGATGATTTAAACCAGTTAACTGGTTATAAGAAACCTGCTTCAAGAGAGCTTAAAGTTACATTTTTCCCTGACTTAAATGGTGATGTGGTGGCTATTGATTATAAACACTACACACCCTCTTTTAAGAAAGGAGCTAAATTGTTACATAAACCTATTGTTTGGCATGTTAACAATGCAACTAATAAAGCCACGTATAAACCAAATACCTGGTGTATACGTTGTCTTTGGAGCACAAAACCAGTTGAAACATCAAATTCGTTTGATGTACTGAAGTCAGAGGACGCGCAGGGAATGGATAATCTTGCCTGCGAAGATCTAAAACCAGTCTCTGAAGAAGTAGTGGAAAATCCTACCATACAGAAAGACGTTCTTGAGTGTAATGTGAAAACTACCGAAGTTGTAGGAGACATTATACTTAAACCAGCAAATAATAGTTTAAAAATTACAGAAGAGGTTGGCCACACAGATCTAATGGCTGCTTATGTAGACAATTCTAGTCTTACTATTAAGAAACCTAATGAATTATCTAGAGTATTAGGTTTGAAAACCCTTGCTACTCATGGTTTAGCTGCTGTTAATAGTGTCCCTTGGGATACTATAGCTAATTATGCTAAGCCTTTTCTTAACAAAGTTGTTAGTACAACTACTAACATAGTTACACGGTGTTTAAACCGTGTTTGTACTAATTATATGCCTTATTTCTTTACTTTATTGCTACAATTGTGTACTTTTACTAGAAGTACAAATTCTAGAATTAAAGCATCTATGCCGACTACTATAGCAAAGAATACTGTTAAGAGTGTCGGTAAATTTTGTCTAGAGGCTTCATTTAATTATTTGAAGTCACCTAATTTTTCTAAACTGATAAATATTATAATTTGGTTTTTACTATTAAGTGTTTGCCTAGGTTCTTTAATCTACTCAACCGCTGCTTTAGGTGTTTTAATGTCTAATTTAGGCATGCCTTCTTACTGTACTGGTTACAGAGAAGGCTATTTGAACTCTACTAATGTCACTATTGCAACCTACTGTACTGGTTCTATACCTTGTAGTGTTTGTCTTAGTGGTTTAGATTCTTTAGACACCTATCCTTCTTTAGAAACTATACAAATTACCATTTCATCTTTTAAATGGGATTTAACTGCTTTTGGCTTAGTTGCAGAGTGGTTTTTGGCATATATTCTTTTCACTAGGTTTTTCTATGTACTTGGATTGGCTGCAATCATGCAATTGTTTTTCAGCTATTTTGCAGTACATTTTATTAGTAATTCTTGGCTTATGTGGTTAATAATTAATCTTGTACAAATGGCCCCGATTTCAGCTATGGTTAGAATGTACATCTTCTTTGCATCATTTTATTATGTATGGAAAAGTTATGTGCATGTTGTAGACGGTTGTAATTCATCAACTTGTATGATGTGTTACAAACGTAATAGAGCAACAAGAGTCGAATGTACAACTATTGTTAATGGTGTTAGAAGGTCCTTTTATGTCTATGCTAATGGAGGTAAAGGCTTTTGCAAACTACACAATTGGAATTGTGTTAATTGTGATACATTCTGTGCTGGTAGTACATTTATTAGTGATGAAGTTGCGAGAGACTTGTCACTACAGTTTAAAAGACCAATAAATCCTACTGACCAGTCTTCTTACATCGTTGATAGTGTTACAGTGAAGAATGGTTCCATCCATCTTTACTTTGATAAAGCTGGTCAAAAGACTTATGAAAGACATTCTCTCTCTCATTTTGTTAACTTAGACAACCTGAGAGCTAATAACACTAAAGGTTCATTGCCTATTAATGTTATAGTTTTTGATGGTAAATCAAAATGTGAAGAATCATCTGCAAAATCAGCGTCTGTTTACTACAGTCAGCTTATGTGTCAACCTATACTGTTACTAGATCAGGCATTAGTGTCTGATGTTGGTGATAGTGCGGAAGTTGCAGTTAAAATGTTTGATGCTTACGTTAATACGTTTTCATCAACTTTTAACGTACCAATGGAAAAACTCAAAACACTAGTTGCAACTGCAGAAGCTGAACTTGCAAAGAATGTGTCCTTAGACAATGTCTTATCTACTTTTATTTCAGCAGCTCGGCAAGGGTTTGTTGATTCAGATGTAGAAACTAAAGATGTTGTTGAATGTCTTAAATTGTCACATCAATCTGACATAGAAGTTACTGGCGATAGTTGTAATAACTATATGCTCACCTATAACAAAGTTGAAAACATGACACCCCGTGACCTTGGTGCTTGTATTGACTGTAGTGCGCGTCATATTAATGCGCAGGTAGCAAAAAGTCACAACATTGCTTTGATATGGAACGTTAAAGATTTCATGTCATTGTCTGAACAACTACGAAAACAAATACGTAGTGCTGCTAAAAAGAATAACTTACCTTTTAAGTTGACATGTGCAACTACTAGACAAGTTGTTAATGTTGTAACAACAAAGATAGCACTTAAGGGTGGTAAAATTGTTAATAATTGGTTGAAGCAGTTAATTAAAGTTACACTTGTGTTCCTTTTTGTTGCTGCTATTTTCTATTTAATAACACCTGTTCATGTCATGTCTAAACATACTGACTTTTCAAGTGAAATCATAGGATACAAGGCTATTGATGGTGGTGTCACTCGTGACATAGCATCTACAGATACTTGTTTTGCTAACAAACATGCTGATTTTGACACATGGTTTAGCCAGCGTGGTGGTAGTTATACTAATGACAAAGCTTGCCCATTGATTGCTGCAGTCATAACAAGAGAAGTGGGTTTTGTCGTGCCTGGTTTGCCTGGCACGATATTACGCACAACTAATGGTGACTTTTTGCATTTCTTACCTAGAGTTTTTAGTGCAGTTGGTAACATCTGTTACACACCATCAAAACTTATAGAGTACACTGACTTTGCAACATCAGCTTGTGTTTTGGCTGCTGAATGTACAATTTTTAAAGATGCTTCTGGTAAGCCAGTACCATATTGTTATGATACCAATGTACTAGAAGGTTCTGTTGCTTATGAAAGTTTACGCCCTGACACACGTTATGTGCTCATGGATGGCTCTATTATTCAATTTCCTAACACCTACCTTGAAGGTTCTGTTAGAGTGGTAACAACTTTTGATTCTGAGTACTGTAGGCACGGCACTTGTGAAAGATCAGAAGCTGGTGTTTGTGTATCTACTAGTGGTAGATGGGTACTTAACAATGATTATTACAGATCTTTACCAGGAGTTTTCTGTGGTGTAGATGCTGTAAATTTACTTACTAATATGTTTACACCACTAATTCAACCTATTGGTGCTTTGGACATATCAGCATCTATAGTAGCTGGTGGTATTGTAGCTATCGTAGTAACATGCCTTGCCTACTATTTTATGAGGTTTAGAAGAGCTTTTGGTGAATACAGTCATGTAGTTGCCTTTAATACTTTACTATTCCTTATGTCATTCACTGTACTCTGTTTAACACCAGTTTACTCATTCTTACCTGGTGTTTATTCTGTTATTTACTTGTACTTGACATTTTATCTTACTAATGATGTTTCTTTTTTAGCACATATTCAGTGGATGGTTATGTTCACACCTTTAGTACCTTTCTGGATAACAATTGCTTATATCATTTGTATTTCCACAAAGCATTTCTATTGGTTCTTTAGTAATTACCTAAAGAGACGTGTAGTCTTTAATGGTGTTTCCTTTAGTACTTTTGAAGAAGCTGCGCTGTGCACCTTTTTGTTAAATAAAGAAATGTATCTAAAGTTGCGTAGTGATGTGCTATTACCTCTTACGCAATATAATAGATACTTAGCTCTTTATAATAAGTACAAGTATTTTAGTGGAGCAATGGATACAACTAGCTACAGAGAAGCTGCTTGTTGTCATCTCGCAAAGGCTCTCAATGACTTCAGTAACTCAGGTTCTGATGTTCTTTACCAACCACCACAAACCTCTATCACCTCAGCTGTTTTGCAGAGTGGTTTTAGAAAAATGGCATTCCCATCTGGTAAAGTTGAGGGTTGTATGGTACAAGTAACTTGTGGTACAACTACACTTAACGGTCTTTGGCTTGATGACGTAGTTTACTGTCCAAGACATGTGATCTGCACCTCTGAAGACATGCTTAACCCTAATTATGAAGATTTACTCATTCGTAAGTCTAATCATAATTTCTTGGTACAGGCTGGTAATGTTCAACTCAGGGTTATTGGACATTCTATGCAAAATTGTGTACTTAAGCTTAAGGTTGATACAGCCAATCCTAAGACACCTAAGTATAAGTTTGTTCGCATTCAACCAGGACAGACTTTTTCAGTGTTAGCTTGTTACAATGGTTCACCATCTGGTGTTTACCAATGTGCTATGAGGCCCAATTTCACTATTAAGGGTTCATTCCTTAATGGTTCATGTGGTAGTGTTGGTTTTAACATAGATTATGACTGTGTCTCTTTTTGTTACATGCACCATATGGAATTACCAACTGGAGTTCATGCTGGCACAGACTTAGAAGGTAACTTTTATGGACCTTTTGTTGACAGGCAAACAGCACAAGCAGCTGGTACGGACACAACTATTACAGTTAATGTTTTAGCTTGGTTGTACGCTGCTGTTATAAATGGAGACAGGTGGTTTCTCAATCGATTTACCACAACTCTTAATGACTTTAACCTTGTGGCTATGAAGTACAATTATGAACCTCTAACACAAGACCATGTTGACATACTAGGACCTCTTTCTGCTCAAACTGGAATTGCCGTTTTAGATATGTGTGCTTCATTAAAAGAATTACTGCAAAATGGTATGAATGGACGTACCATATTGGGTAGTGCTTTATTAGAAGATGAATTTACACCTTTTGATGTTGTTAGACAATGCTCAGGTGTTACTTTCCAAAGTGCAGTGAAAAGAACAATCAAGGGTACACACCACTGGTTGTTACTCACAATTTTGACTTCACTTTTAGTTTTAGTCCAGAGTACTCAATGGTCTTTGTTCTTTTTTTTGTATGAAAATGCCTTTTTACCTTTTGCTATGGGTATTATTGCTATGTCTGCTTTTGCAATGATGTTTGTCAAACATAAGCATGCATTTCTCTGTTTGTTTTTGTTACCTTCTCTTGCCACTGTAGCTTATTTTAATATGGTCTATATGCCTGCTAGTTGGGTGATGCGTATTATGACATGGTTGGATATGGTTGATACTAGTTTGTCTGGTTTTAAGCTAAAAGACTGTGTTATGTATGCATCAGCTGTAGTGTTACTAATCCTTATGACAGCAAGAACTGTGTATGATGATGGTGCTAGGAGAGTGTGGACACTTATGAATGTCTTGACACTCGTTTATAAAGTTTATTATGGTAATGCTTTAGATCAAGCCATTTCCATGTGGGCTCTTATAATCTCTGTTACTTCTAACTACTCAGGTGTAGTTACAACTGTCATGTTTTTGGCCAGAGGTATTGTTTTTATGTGTGTTGAGTATTGCCCTATTTTCTTCATAACTGGTAATACACTTCAGTGTATAATGCTAGTTTATTGTTTCTTAGGCTATTTTTGTACTTGTTACTTTGGCCTCTTTTGTTTACTCAACCGCTACTTTAGACTGACTCTTGGTGTTTATGATTACTTAGTTTCTACACAGGAGTTTAGATATATGAATTCACAGGGACTACTCCCACCCAAGAATAGCATAGATGCCTTCAAACTCAACATTAAATTGTTGGGTGTTGGTGGCAAACCTTGTATCAAAGTAGCCACTGTACAGTCTAAAATGTCAGATGTAAAGTGCACATCAGTAGTCTTACTCTCAGTTTTGCAACAACTCAGAGTAGAATCATCATCTAAATTGTGGGCTCAATGTGTCCAGTTACACAATGACATTCTCTTAGCTAAAGATACTACTGAAGCCTTTGAAAAAATGGTTTCACTACTTTCTGTTTTGCTTTCCATGCAGGGTGCTGTAGACATAAACAAGCTTTGTGAAGAAATGCTGGACAACAGGGCAACCTTACAAGCTATAGCCTCAGAGTTTAGTTCCCTTCCATCATATGCAGCTTTTGCTACTGCTCAAGAAGCTTATGAGCAGGCTGTTGCTAATGGTGATTCTGAAGTTGTTCTTAAAAAGTTGAAGAAGTCTTTGAATGTGGCTAAATCTGAATTTGACCGTGATGCAGCCATGCAACGTAAGTTGGAAAAGATGGCTGATCAAGCTATGACCCAAATGTATAAACAGGCTAGATCTGAGGACAAGAGGGCAAAAGTTACTAGTGCTATGCAGACAATGCTTTTCACTATGCTTAGAAAGTTGGATAATGATGCACTCAACAACATTATCAACAATGCAAGAGATGGTTGTGTTCCCTTGAACATAATACCTCTTACAACAGCAGCCAAACTAATGGTTGTCATACCAGACTATAACACATATAAAAATACGTGTGATGGTACAACATTTACTTATGCATCAGCATTGTGGGAAATCCAACAGGTTGTAGATGCAGATAGTAAAATTGTTCAACTTAGTGAAATTAGTATGGACAATTCACCTAATTTAGCATGGCCTCTTATTGTAACAGCTTTAAGGGCCAATTCTGCTGTCAAATTACAGAATAATGAGCTTAGTCCTGTTGCACTACGACAGATGTCTTGTGCTGCCGGTACTACACAAACTGCTTGCACTGATGACAATGCGTTAGCTTACTACAACACAACAAAGGGAGGTAGGTTTGTACTTGCACTGTTATCCGATTTACAGGATTTGAAATGGGCTAGATTCCCTAAGAGTGATGGAACTGGTACTATCTATACAGAACTGGAACCACCTTGTAGGTTTGTTACAGACACACCTAAAGGTCCTAAAGTGAAGTATTTATACTTTATTAAAGGATTAAACAACCTAAATAGAGGTATGGTACTTGGTAGTTTAGCTGCCACAGTACGTCTACAAGCTGGTAATGCAACAGAAGTGCCTGCCAATTCAACTGTATTATCTTTCTGTGCTTTTGCTGTAGATGCTGCTAAAGCTTACAAAGATTATCTAGCTAGTGGGGGACAACCAATCACTAATTGTGTTAAGATGTTGTGTACACACACTGGTACTGGTCAGGCAATAACAGTTACACCGGAAGCCAATATGGATCAAGAATCCTTTGGTGGTGCATCGTGTTGTCTGTACTGCCGTTGCCACATAGATCATCCAAATCCTAAAGGATTTTGTGACTTAAAAGGTAAGTATGTACAAATACCTACAACTTGTGCTAATGACCCTGTGGGTTTTACACTTAAAAACACAGTCTGTACCGTCTGCGGTATGTGGAAAGGTTATGGCTGTAGTTGTGATCAACTCCGCGAACCCATGCTTCAGTCAGCTGATGCACAATCGTTTTTAAACGGGTTTGCGGTGTAAGTGCAGCCCGTCTTACACCGTGCGGCACAGGCACTAGTACTGATGTCGTATACAGGGCTTTTGACATCTACAATGATAAAGTAGCTGGTTTTGCTAAATTCCTAAAAACTAATTGTTGTCGCTTCCAAGAAAAGGACGAAGATGACAATTTAATTGATTCTTACTTTGTAGTTAAGAGACACACTTTCTCTAACTACCAACATGAAGAAACAATTTATAATTTACTTAAGGATTGTCCAGCTGTTGCTAAACATGACTTCTTTAAGTTTAGAATAGACGGTGACATGGTACCACATATATCACGTCAACGTCTTACTAAATACACAATGGCAGACCTCGTCTATGCTTTAAGGCATTTTGATGAAGGTAATTGTGACACATTAAAAGAAATACTTGTCACATACAATTGTTGTGATGATGATTATTTCAATAAAAAGGACTGGTATGATTTTGTAGAAAACCCAGATATATTACGCGTATACGCCAACTTAGGTGAACGTGTACGCCAAGCTTTGTTAAAAACAGTACAATTCTGTGATGCCATGCGAAATGCTGGTATTGTTGGTGTACTGACATTAGATAATCAAGATCTCAATGGTAACTGGTATGATTTCGGTGATTTCATACAAACCACGCCAGGTAGTGGAGTTCCTGTTGTAGATTCTTATTATTCATTGTTAATGCCTATATTAACCTTGACCAGGGCTTTAACTGCAGAGTCACATGTTGACACTGACTTAACAAAGCCTTACATTAAGTGGGATTTGTTAAAATATGACTTCACGGAAGAGAGGTTAAAACTCTTTGACCGTTATTTTAAATATTGGGATCAGACATACCACCCAAATTGTGTTAACTGTTTGGATGACAGATGCATTCTGCATTGTGCAAACTTTAATGTTTTATTCTCTACAGTGTTCCCACCTACAAGTTTTGGACCACTAGTGAGAAAAATATTTGTTGATGGTGTTCCATTTGTAGTTTCAACTGGATACCACTTCAGAGAGCTAGGTGTTGTACATAATCAGGATGTAAACTTACATAGCTCTAGACTTAGTTTTAAGGAATTACTTGTGTATGCTGCTGACCCTGCTATGCACGCTGCTTCTGGTAATCTATTACTAGATAAACGCACTACGTGCTTTTCAGTAGCTGCACTTACTAACAATGTTGCTTTTCAAACTGTCAAACCCGGTAATTTTAACAAAGACTTCTATGACTTTGCTGTGTCTAAGGGTTTCTTTAAGGAAGGAAGTTCTGTTGAATTAAAACACTTCTTCTTTGCTCAGGATGGTAATGCTGCTATCAGCGATTATGACTACTATCGTTATAATCTACCAACAATGTGTGATATCAGACAACTACTATTTGTAGTTGAAGTTGTTGATAAGTACTTTGATTGTTACGATGGTGGCTGTATTAATGCTAACCAAGTCATCGTCAACAACCTAGACAAATCAGCTGGTTTTCCATTTAATAAATGGGGTAAGGCTAGACTTTATTATGATTCAATGAGTTATGAGGATCAAGATGCACTTTTCGCATATACAAAACGTAATGTCATCCCTACTATAACTCAAATGAATCTTAAGTATGCCATTAGTGCAAAGAATAGAGCTCGCACCGTAGCTGGTGTCTCTATCTGTAGTACTATGACCAATAGACAGTTTCATCAAAAATTATTGAAATCAATAGCCGCCACTAGAGGAGCTACTGTAGTAATTGGAACAAGCAAATTCTATGGTGGTTGGCACAACATGTTAAAAACTGTTTATAGTGATGTAGAAAACCCTCACCTTATGGGTTGGGATTATCCTAAATGTGATAGAGCCATGCCTAACATGCTTAGAATTATGGCCTCACTTGTTCTTGCTCGCAAACATACAACGTGTTGTAGCTTGTCACACCGTTTCTATAGATTAGCTAATGAGTGTGCTCAAGTATTGAGTGAAATGGTCATGTGTGGCGGTTCACTATATGTTAAACCAGGTGGAACCTCATCAGGAGATGCCACAACTGCTTATGCTAATAGTGTTTTTAACATTTGTCAAGCTGTCACGGCCAATGTTAATGCACTTTTATCTACTGATGGTAACAAAATTGCCGATAAGTATGTCCGCAATTTACAACACAGACTTTATGAGTGTCTCTATAGAAATAGAGATGTTGACACAGACTTTGTGAATGAGTTTTACGCATATTTGCGTAAACATTTCTCAATGATGATACTCTCTGACGATGCTGTTGTGTGTTTCAATAGCACTTATGCATCTCAAGGTCTAGTGGCTAGCATAAAGAACTTTAAGTCAGTTCTTTATTATCAAAACAATGTTTTTATGTCTGAAGCAAAATGTTGGACTGAGACTGACCTTACTAAAGGACCTCATGAATTTTGCTCTCAACATACAATGCTAGTTAAACAGGGTGATGATTATGTGTACCTTCCTTACCCAGATCCATCAAGAATCCTAGGGGCCGGCTGTTTTGTAGATGATATCGTAAAAACAGATGGTACACTTATGATTGAACGGTTCGTGTCTTTAGCTATAGATGCTTACCCACTTACTAAACATCCTAATCAGGAGTATGCTGATGTCTTTCATTTGTACTTACAATACATAAGAAAGCTACATGATGAGTTAACAGGACACATGTTAGACATGTATTCTGTTATGCTTACTAATGATAACACTTCAAGGTATTGGGAACCTGAGTTTTATGAGGCTATGTACACACCGCATACAGTCTTACAGGCTGTTGGGGCTTGTGTTCTTTGCAATTCACAGACTTCATTAAGATGTGGTGCTTGCATACGTAGACCATTCTTATGTTGTAAATGCTGTTACGACCATGTCATATCAACATCACATAAATTAGTCTTGTCTGTTAATCCGTATGTTTGCAATGCTCCAGGTTGTGATGTCACAGATGTGACTCAACTTTACTTAGGAGGTATGAGCTATTATTGTAAATCACATAAACCACCCATTAGTTTTCCATTGTGTGCTAATGGACAAGTTTTTGGTTTATATAAAAATACATGTGTTGGTAGCGATAATGTTACTGACTTTAATGCAATTGCAACATGTGACTGGACAAATGCTGGTGATTACATTTTAGCTAACACCTGTACTGAAAGACTCAAGCTTTTTGCAGCAGAAACGCTCAAAGCTACTGAGGAGACATTTAAACTGTCTTATGGTATTGCTACTGTACGTGAAGTGCTGTCTGACAGAGAATTACATCTTTCATGGGAAGTTGGTAAACCTAGACCACCACTTAACCGAAATTATGTCTTTACTGGTTATCGTGTAACTAAAAACAGTAAAGTACAAATAGGAGAGTACACCTTTGAAAAAGGTGACTATGGTGATGCTGTTGTTTACCGAGGTACAACAACTTACAAATTAAATGTTGGTGATTATTTTGTGCTGACATCACATACAGTAATGCCATTAAGTGCACCTACACTAGTGCCACAAGAGCACTATGTTAGAATTACTGGCTTATACCCAACACTCAATATCTCAGATGAGTTTTCTAGCAATGTTGCAAATTATCAAAAGGTTGGTATGCAAAAGTATTCTACACTCCAGGGACCACCTGGTACTGGTAAGAGTCATTTTGCTATTGGCCTAGCTCTCTACTACCCTTCTGCTCGCATAGTGTATACAGCTTGCTCTCATGCCGCTGTTGATGCACTATGTGAGAAGGCATTAAAATATTTGCCTATAGATAAATGTAGTAGAATTATACCTGCACGTGCTCGTGTAGAGTGTTTTGATAAATTCAAAGTGAATTCAACATTAGAACAGTATGTCTTTTGTACTGTAAATGCATTGCCTGAGACGACAGCAGATATAGTTGTCTTTGATGAAATTTCAATGGCCACAAATTATGATTTGAGTGTTGTCAATGCCAGATTACGTGCTAAGCACTATGTGTACATTGGCGACCCTGCTCAATTACCTGCACCACGCACATTGCTAACTAAGGGCACACTAGAACCAGAATATTTCAATTCAGTGTGTAGACTTATGAAAACTATAGGTCCAGACATGTTCCTCGGAACTTGTCGGCGTTGTCCTGCTGAAATTGTTGACACTGTGAGTGCTTTGGTTTATGATAATAAGCTTAAAGCACATAAAGACAAATCAGCTCAATGCTTTAAAATGTTTTATAAGGGTGTTATCACGCATGATGTTTCATCTGCAATTAACAGGCCACAAATAGGCGTGGTAAGAGAATTCCTTACACGTAACCCTGCTTGGAGAAAAGCTGTCTTTATTTCACCTTATAATTCACAGAATGCTGTAGCCTCAAAGATTTTGGGACTACCAACTCAAACTGTTGATTCATCACAGGGCTCAGAATATGACTATGTCATATTCACTCAAACCACTGAAACAGCTCACTCTTGTAATGTAAACAGATTTAATGTTGCTATTACCAGAGCAAAAGTAGGCATACTTTGCATAATGTCTGATAGAGACCTTTATGACAAGTTGCAATTTACAAGTCTTGAAATTCCACGTAGGAATGTGGCAACTTTACAAGCTGAAAATGTAACAGGACTCTTTAAAGATTGTAGTAAGGTAATCACTGGGTTACATCCTACACAGGCACCTACACACCTCAGTGTTGACACTAAATTCAAAACTGAAGGTTTATGTGTTGACATACCTGGCATACCTAAGGACATGACCTATAGAAGACTCATCTCTATGATGGGTTTTAAAATGAATTATCAAGTTAATGGTTACCCTAACATGTTTATCACCCGCGAAGAAGCTATAAGACATGTACGTGCATGGATTGGCTTCGATGTCGAGGGGTGTCATGCTACTAGAGAAGCTGTTGGTACCAATTTACCTTTACAGCTAGGTTTTTCTACAGGTGTTAACCTAGTTGCTGTACCTACAGGTTATGTTGATACACCTAATAATACAGATTTTTCCAGAGTTAGTGCTAAACCACCGCCTGGAGATCAATTTAAACACCTCATACCACTTATGTACAAAGGACTTCCTTGGAATGTAGTGCGTATAAAGATTGTACAAATGTTAAGTGACACACTTAAAAATCTCTCTGACAGAGTCGTATTTGTCTTATGGGCACATGGCTTTGAGTTGACATCTATGAAGTATTTTGTGAAAATAGGACCTGAGCGCACCTGTTGTCTATGTGATAGACGTGCCACATGCTTTTCCACTGCTTCAGACACTTATGCCTGTTGGCATCATTCTATTGGATTTGATTACGTCTATAATCCGTTTATGATTGATGTTCAACAATGGGGTTTTACAGGTAACCTACAAAGCAACCATGATCTGTATTGTCAAGTCCATGGTAATGCACATGTAGCTAGTTGTGATGCAATCATGACTAGGTGTCTAGCTGTCCACGAGTGCTTTGTTAAGCGTGTTGACTGGACTATTGAATATCCTATAATTGGTGATGAACTGAAGATTAATGCGGCTTGTAGAAAGGTTCAACACATGGTTGTTAAAGCTGCATTATTAGCAGACAAATTCCCAGTTCTTCACGACATTGGTAACCCTAAAGCTATTAAGTGTGTACCTCAAGCTGATGTAGAATGGAAGTTCTATGATGCACAGCCTTGTAGTGACAAAGCTTATAAAATAGAAGAATTATTCTATTCTTATGCCACACATTCTGACAAATTCACAGATGGTGTATGCCTATTTTGGAATTGCAATGTCGATAGATATCCTGCTAATTCCATTGTTTGTAGATTTGACACTAGAGTGCTATCTAACCTTAACTTGCCTGGTTGTGATGGTGGCAGTTTGTATGTAAATAAACATGCATTCCACACACCAGCTTTTGATAAAAGTGCTTTTGTTAATTTAAAACAATTACCATTTTTCTATTACTCTGACAGTCCATGTGAGTCTCATGGAAAACAAGTAGTGTCAGATATAGATTATGTACCACTAAAGTCTGCTACGTGTATAACACGTTGCAATTTAGGTGGTGCTGTCTGTAGACATCATGCTAATGAGTACAGATTGTATCTCGATGCTTATAACATGATGATCTCAGCTGGCTTTAGCTTGTGGGTTTACAAACAATTTGATACTTATAACCTCTGGAACACTTTTACAAGACTTCAGAGTTTAGAAAATGTGGCTTTTAATGTTGTAAATAAGGGACACTTTGATGGACAACAGGGTGAAGTACCAGTTTCTATCATTAATAACACTGTTTACACAAAAGTTGATGGTGTTGATGTAGAATTGTTTGAAAATAAAACAACATTACCTGTTAATGTAGCATTTGAGCTTTGGGCTAAGCGCAACATTAAACCAGTACCAGAGGTGAAAATACTCAATAATTTGGGTGTGGACATTGCTGCTAATACTGTGATCTGGGACTACAAAAGAGATGCTCCAGCACATATATCTACTATTGGTGTTTGTTCTATGACTGACATAGCCAAGAAACCAACTGAAACGATTTGTGCACCACTCACTGTCTTTTTTGATGGTAGAGTTGATGGTCAAGTAGACTTATTTAGAAATGCCCGTAATGGTGTTCTTATTACAGAAGGTAGTGTTAAAGGTTTACAACCATCTGTAGGTCCCAAACAAGCTAGTCTTAATGGAGTCACATTAATTGGAGAAGCCGTAAAAACACAGTTCAATTATTATAAGAAAGTTGATGGTGTTGTCCAACAATTACCTGAAACTTACTTTACTCAGAGTAGAAATTTACAAGAATTTAAACCCAGGAGTCAAATGGAAATTGATTTCTTAGAATTAGCTATGGATGAATTCATTGAACGGTATAAATTAGAAGGCTATGCCTTCGAACATATCGTTTATGGAGATTTTAGTCATAGTCAGTTAGGTGGTTTACATCTACTGATTGGACTAGCTAAACGTTTTAAGGAATCACCTTTTGAATTAGAAGATTTTATTCCTATGGACAGTACAGTTAAAAACTATTTCATAACAGATGCGCAAACAGGTTCATCTAAGTGTGTGTGTTCTGTTATTGATTTATTACTTGATGATTTTGTTGAAATAATAAAATCCCAAGATTTATCTGTAGTTTCTAAGGTTGTCAAAGTGACTATTGACTATACAGAAATTTCATTTATGCTTTGGTGTAAAGATGGCCATGTAGAAACATTTTACCCAAAATTACAATCTAGTCAAGCGTGGCAACCGGGTGTTGCTATGCCTAATCTTTACAAAATGCAAAGAATGCTATTAGAAAAGTGTGACCTTCAAAATTATGGTGATAGTGCAACATTACCTAAAGGCATAATGATGAATGTCGCAAAATATACTCAACTGTGTCAATATTTAAACACATTAACATTAGCTGTACCCTATAATATGAGAGTTATACATTTTGGTGCTGGTTCTGATAAAGGAGTTGCACCAGGTACAGCTGTTTTAAGACAGTGGTTGCCTACGGGTACGCTGCTTGTCGATTCAGATCTTAATGACTTTGTCTCTGATGCAGATTCAACTTTGATTGGTGATTGTGCAACTGTACATACAGCTAATAAATGGGATCTCATTATTAGTGATATGTACGACCCTAAGACTAAAAATGTTACAAAAGAAAATGACTCTAAAGAGGGTTTTTTCACTTACATTTGTGGGTTTATACAACAAAAGCTAGCTCTTGGAGGTTCCGTGGCTATAAAGATAACAGAACATTCTTGGAATGCTGATCTTTATAAGCTCATGGGACACTTCGCATGGTGGACAGCCTTTGTTACTAATGTGAATGCGTCATCATCTGAAGCATTTTTAATTGGATGTAATTATCTTGGCAAACCACGCGAACAAATAGATGGTTATGTCATGCATGCAAATTACATATTTTGGAGGAATACAAATCCAATTCAGTTGTCTTCCTATTCTTTATTTGACATGAGTAAATTTCCCCTTAAATTAAGGGGTACTGCTGTTATGTCTTTAAAAGAAGGTCAAATCAATGATATGATTTTATCTCTTCTTAGTAAAGGTAGACTTATAATTAGAGAAAACAACAGAGTTGTTATTTCTAGTGATGTTCTTGTTAACAACTAAACGAACAATGTTTGTTTTTCTTGTTTTATTGCCACTAGTCTCTAGTCAGTGTGTTAATCTTACAACCAGAACTCAATTACCCCCTGCATACACTAATTCTTTCACACGTGGTGTTTATTACCCTGACAAAGTTTTCAGATCCTCAGTTTTACATTCAACTCAGGACTTGTTCTTACCTTTCTTTTCCAATGTTACTTGGTTCCATGCTATACATGTCTCTGGGACCAATGGTACTAAGAGGTTTGATAACCCTGTCCTACCATTTAATGATGGTGTTTATTTTGCTTCCACTGAGAAGTCTAACATAATAAGAGGCTGGATTTTTGGTACTACTTTAGATTCGAAGACCCAGTCCCTACTTATTGTTAATAACGCTACTAATGTTGTTATTAAAGTCTGTGAATTTCAATTTTGTAATGATCCATTTTTGGGTGTTTATTACCACAAAAACAACAAAAGTTGGATGGAAAGTGAGTTCAGAGTTTATTCTAGTGCGAATAATTGCACTTTTGAATATGTCTCTCAGCCTTTTCTTATGGACCTTGAAGGAAAACAGGGTAATTTCAAAAATCTTAGGGAATTTGTGTTTAAGAATATTGATGGTTATTTTAAAATATATTCTAAGCACACGCCTATTAATTTAGTGCGTGATCTCCCTCAGGGTTTTTCGGCTTTAGAACCATTGGTAGATTTGCCAATAGGTATTAACATCACTAGGTTTCAAACTTTACTTGCTTTACATAGAAGTTATTTGACTCCTGGTGATTCTTCTTCAGGTTGGACAGCTGGTGCTGCAGCTTATTATGTGGGTTATCTTCAACCTAGGACTTTTCTATTAAAATATAATGAAAATGGAACCATTACAGATGCTGTAGACTGTGCACTTGACCCTCTCTCAGAAACAAAGTGTACGTTGAAATCCTTCACTGTAGAAAAAGGAATCTATCAAACTTCTAACTTTAGAGTCCAACCAACAGAATCTATTGTTAGATTTCCTAATATTACAAACTTGTGCCCTTTTGGTGAAGTTTTTAACGCCACCAGATTTGCATCTGTTTATGCTTGGAACAGGAAGAGAATCAGCAACTGTGTTGCTGATTATTCTGTCCTATATAATTCCGCATCATTTTCCACTTTTAAGTGTTATGGAGTGTCTCCTACTAAATTAAATGATCTCTGCTTTACTAATGTCTATGCAGATTCATTTGTAATTAGAGGTGATGAAGTCAGACAAATCGCTCCAGGGCAAACTGGAAAGATTGCTGATTATAATTATAAATTACCAGATGATTTTACAGGCTGCGTTATAGCTTGGAATTCTAACAATCTTGATTCTAAGGTTGGTGGTAATTATAATTACCTGTATAGATTGTTTAGGAAGTCTAATCTCAAACCTTTTGAGAGAGATATTTCAACTGAAATCTATCAGGCCGGTAGCACACCTTGTAATGGTGTTGAAGGTTTTAATTGTTACTTTCCTTTACAATCATATGGTTTCCAACCCACTAATGGTGTTGGTTACCAACCATACAGAGTAGTAGTACTTTCTTTTGAACTTCTACATGCACCAGCAACTGTTTGTGGACCTAAAAAGTCTACTAATTTGGTTAAAAACAAATGTGTCAATTTCAACTTCAATGGTTTAACAGGCACAGGTGTTCTTACTGAGTCTAACAAAAAGTTTCTGCCTTTCCAACAATTTGGCAGAGACATTGCTGACACTACTGATGCTGTCCGTGATCCACAGACACTTGAGATTCTTGACATTACACCATGTTCTTTTGGTGGTGTCAGTGTTATAACACCAGGAACAAATACTTCTAACCAGGTTGCTGTTCTTTATCAGGATGTTAACTGCACAGAAGTCCCTGTTGCTATTCATGCAGATCAACTTACTCCTACTTGGCGTGTTTATTCTACAGGTTCTAATGTTTTTCAAACACGTGCAGGCTGTTTAATAGGGGCTGAACATGTCAACAACTCATATGAGTGTGACATACCCATTGGTGCAGGTATATGCGCTAGTTATCAGACTCAGACTAATTCTCCTCGGCGGGCACGTAGTGTAGCTAGTCAATCCATCATTGCCTACACTATGTCACTTGGTGCAGAAAATTCAGTTGCTTACTCTAATAACTCTATTGCCATACCCACAAATTTTACTATTAGTGTTACCACAGAAATTCTACCAGTGTCTATGACCAAGACATCAGTAGATTGTACAATGTACATTTGTGGTGATTCAACTGAATGCAGCAATCTTTTGTTGCAATATGGCAGTTTTTGTACACAATTAAACCGTGCTTTAACTGGAATAGCTGTTGAACAAGACAAAAACACCCAAGAAGTTTTTGCACAAGTCAAACAAATTTACAAAACACCACCAATTAAAGATTTTGGTGGTTTTAATTTTTCACAAATATTACCAGATCCATCAAAACCAAGCAAGAGGTCATTTATTGAAGATCTACTTTTCAACAAAGTGACACTTGCAGATGCTGGCTTCATCAAACAATATGGTGATTGCCTTGGTGATATTGCTGCTAGAGACCTCATTTGTGCACAAAAGTTTAACGGCCTTACTGTTTTGCCACCTTTGCTCACAGATGAAATGATTGCTCAATACACTTCTGCACTGTTAGCGGGTACAATCACTTCTGGTTGGACCTTTGGTGCAGGTGCTGCATTACAAATACCATTTGCTATGCAAATGGCTTATAGGTTTAATGGTATTGGAGTTACACAGAATGTTCTCTATGAGAACCAAAAATTGATTGCCAACCAATTTAATAGTGCTATTGGCAAAATTCAAGACTCACTTTCTTCCACAGCAAGTGCACTTGGAAAACTTCAAGATGTGGTCAACCAAAATGCACAAGCTTTAAACACGCTTGTTAAACAACTTAGCTCCAATTTTGGTGCAATTTCAAGTGTTTTAAATGATATCCTTTCACGTCTTGACAAAGTTGAGGCTGAAGTGCAAATTGATAGGTTGATCACAGGCAGACTTCAAAGTTTGCAGACATATGTGACTCAACAATTAATTAGAGCTGCAGAAATCAGAGCTTCTGCTAATCTTGCTGCTACTAAAATGTCAGAGTGTGTACTTGGACAATCAAAAAGAGTTGATTTTTGTGGAAAGGGCTATCATCTTATGTCCTTCCCTCAGTCAGCACCTCATGGTGTAGTCTTCTTGCATGTGACTTATGTCCCTGCACAAGAAAAGAACTTCACAACTGCTCCTGCCATTTGTCATGATGGAAAAGCACACTTTCCTCGTGAAGGTGTCTTTGTTTCAAATGGCACACACTGGTTTGTAACACAAAGGAATTTTTATGAACCACAAATCATTACTACAGACAACACATTTGTGTCTGGTAACTGTGATGTTGTAATAGGAATTGTCAACAACACAGTTTATGATCCTTTGCAACCTGAATTAGACTCATTCAAGGAGGAGTTAGATAAATATTTTAAGAATCATACATCACCAGATGTTGATTTAGGTGACATCTCTGGCATTAATGCTTCAGTTGTAAACATTCAAAAAGAAATTGACCGCCTCAATGAGGTTGCCAAGAATTTAAATGAATCTCTCATCGATCTCCAAGAACTTGGAAAGTATGAGCAGTATATAAAATGGCCATGGTACATTTGGCTAGGTTTTATAGCTGGCTTGATTGCCATAGTAATGGTGACAATTATGCTTTGCTGTATGACCAGTTGCTGTAGTTGTCTCAAGGGCTGTTGTTCTTGTGGATCCTGCTGCAAATTTGATGAAGACGACTCTGAGCCAGTGCTCAAAGGAGTCAAATTACATTACACATAAACGAACTTATGGATTTGTTTATGAGAATCTTCACAATTGGAACTGTAACTTTGAAGCAAGGTGAAATCAAGGATGCTACTCCTTCAGATTTTGTTCGCGCTACTGCAACGATACCGATACAAGCCTCACTCCCTTTCGGATGGCTTATTGTTGGCGTTGCACTTCTTGCTGTTTTTCAGAGCGCTTCCAAAATCATAACCCTCAAAAAGAGATGGCAACTAGCACTCTCCAAGGGTGTTCACTTTGTTTGCAACTTGCTGTTGTTGTTTGTAACAGTTTACTCACACCTTTTGCTCGTTGCTGCTGGCCTTGAAGCCCCTTTTCTCTATCTTTATGCTTTAGTCTACTTCTTGCAGAGTATAAACTTTGTAAGAATAATAATGAGGCTTTGGCTTTGCTGGAAATGCCGTTCCAAAAACCCATTACTTTATGATGCCAACTATTTTCTTTGCTGGCATACTAATTGTTACGACTATTGTATACCTTACAATAGTGTAACTTCTTCAATTGTCATTACTTCAGGTGATGGCACAACAAGTCCTATTTCTGAACATGACTACCAGATTGGTGGTTATACTGAAAAATGGGAATCTGGAGTAAAAGACTGTGTTGTATTACACAGTTACTTCACTTCAGACTATTACCAGCTGTACTCAACTCAATTGAGTACAGACACTGGTGTTGAACATGTTACCTTCTTCATCTACAATAAAATTGTTGATGAGCCTGAAGAACATGTCCAAATTCACACAATCGACGGTTCATCCGGAGTTGTTAATCCAGTAATGGAACCAATTTATGATGAACCGACGACGACTACTAGCGTGCCTTTGTAAGCACAAGCTGATGAGTACGAACTTATGTACTCATTCGTTTCGGAAGAGACAGGTACGTTAATAGTTAATAGCGTACTTCTTTTTCTTGCTTTCGTGGTATTCTTGCTAGTTACACTAGCCATCCTTACTGCGCTTCGATTGTGTGCGTACTGCTGCAATATTGTTAACGTGAGTCTTGTAAAACCTTCTTTTTACGTTTACTCTCGTGTTAAAAATCTGAATTCTTCTAGAGTTCCTGATCTTCTGGTCTAAACGAACTAAATATTATATTAGTTTTTCTGTTTGGAACTTTAATTTTAGCCATGGCAGATTCCAACGGTACTATTACCGTTGAAGAGCTTAAAAAGCTCCTTGAACAATGGAACCTAGTAATAGGTTTCCTATTCCTTACATGGATTTGTCTTCTACAATTTGCCTATGCCAACAGGAATAGGTTTTTGTATATAATTAAGTTAATTTTCCTCTGGCTGTTATGGCCAGTAACTTTAGCTTGTTTTGTGCTTGCTGCTGTTTACAGAATAAATTGGATCACCGGTGGAATTGCTATCGCAATGGCTTGTCTTGTAGGCTTGATGTGGCTCAGCTACTTCATTGCTTCTTTCAGACTGTTTGCGCGTACGCGTTCCATGTGGTCATTCAATCCAGAAACTAACATTCTTCTCAACGTGCCACTCCATGGCACTATTCTGACCAGACCGCTTCTAGAAAGTGAACTCGTAATCGGAGCTGTGATCCTTCGTGGACATCTTCGTATTGCTGGACACCATCTAGGACGCTGTGACATCAAGGACCTGCCTAAAGAAATCACTGTTGCTACATCACGAACGCTTTCTTATTACAAATTGGGAGCTTCGCAGCGTGTAGCAGGTGACTCAGGTTTTGCTGCATACAGTCGCTACAGGATTGGCAACTATAAATTAAACACAGACCATTCCAGTAGCAGTGACAATATTGCTTTGCTTGTACAGTAAGTGACAACAGATGTTTCATCTCGTTGACTTTCAGGTTACTATAGCAGAGATATTACTAATTATTATGAGGACTTTTAAAGTTTCCATTTGGAATCTTGATTACATCATAAACCTCATAATTAAAAATTTATCTAAGTCACTAACTGAGAATAAATATTCTCAATTAGATGAAGAGCAACCAATGGAGATTGATTAAACGAACATGAAAATTATTCTTTTCTTGGCACTGATAACACTCGCTACTTGTGAGCTTTATCACTACCAAGAGTGTGTTAGAGGTACAACAGTACTTTTAAAAGAACCTTGCTCTTCTGGAACATACGAGGGCAATTCACCATTTCATCCTCTAGCTGATAACAAATTTGCACTGACTTGCTTTAGCACTCAATTTGCTTTTGCTTGTCCTGACGGCGTAAAACACGTCTATCAGTTACGTGCCAGATCAGTTTCACCTAAACTGTTCATCAGACAAGAGGAAGTTCAAGAACTTTACTCTCCAATTTTTCTTATTGTTGCGGCAATAGTGTTTATAACACTTTGCTTCACACTCAAAAGAAAGACAGAATGATTGAACTTTCATTAATTGACTTCTATTTGTGCTTTTTAGCCTTTCTGCTATTCCTTGTTTTAATTATGCTTATTATCTTTTGGTTCTCACTTGAACTGCAAGATCATAATGAAACTTGTCACGCCTAAACGAACATGAAATTTCTTGTTTTCTTAGGAATCATCACAACTGTAGCTGCATTTCACCAAGAATGTAGTTTACAGTCATGTACTCAACATCAACCATATGTAGTTGATGACCCGTGTCCTATTCACTTCTATTCTAAATGGTATATTAGAGTAGGAGCTAGAAAATCAGCACCTTTAATTGAATTGTGCGTGGATGAGGCTGGTTCTAAATCACCCATTCAGTACATCGATATCGGTAATTATACAGTTTCCTGTTTACCTTTTACAATTAATTGCCAGGAACCTAAATTGGGTAGTCTTGTAGTGCGTTGTTCGTTCTATGAAGACTTTTTAGAGTATCATGACGTTCGTGTTGTTTTAGATTTCATCTAAACGAACAAACTAAAATGTCTGATAATGGACCCCAAAATCAGCGAAATGCACCCCGCATTACGTTTGGTGGACCCTCAGATTCAACTGGCAGTAACCAGAATGGAGAACGCAGTGGGGCGCGATCAAAACAACGTCGGCCCCAAGGTTTACCCAATAATACTGCGTCTTGGTTCACCGCTCTCACTCAACATGGCAAGGAAGACCTTAAATTCCCTCGAGGACAAGGCGTTCCAATTAACACCAATAGCAGTCCAGATGACCAAATTGGCTACTACCGAAGAGCTACCAGACGAATTCGTGGTGGTGACGGTAAAATGAAAGATCTCAGTCCAAGATGGTATTTCTACTACCTAGGAACTGGGCCAGAAGCTGGACTTCCCTATGGTGCTAACAAAGACGGCATCATATGGGTTGCAACTGAGGGAGCCTTGAATACACCAAAAGATCACATTGGCACCCGCAATCCTGCTAACAATGCTGCAATCGTGCTACAACTTCCTCAAGGAACAACATTGCCAAAAGGCTTCTACGCAGAAGGGAGCAGAGGCGGCAGTCAAGCCTCTTCTCGTTCCTCATCACGTAGTCGCAACAGTTCAAGAAATTCAACTCCAGGCAGCAGTAGGGGAACTTCTCCTGCTAGAATGGCTGGCAATGGCGGTGATGCTGCTCTTGCTTTGCTGCTGCTTGACAGATTGAACCAGCTTGAGAGCAAAATGTCTGGTAAAGGCCAACAACAACAAGGCCAAACTGTCACTAAGAAATCTGCTGCTGAGGCTTCTAAGAAGCCTCGGCAAAAACGTACTGCCACTAAAGCATACAATGTAACACAAGCTTTCGGCAGACGTGGTCCAGAACAAACCCAAGGAAATTTTGGGGACCAGGAACTAATCAGACAAGGAACTGATTACAAACATTGGCCGCAAATTGCACAATTTGCCCCCAGCGCTTCAGCGTTCTTCGGAATGTCGCGCATTGGCATGGAAGTCACACCTTCGGGAACGTGGTTGACCTACACAGGTGCCATCAAATTGGATGACAAAGATCCAAATTTCAAAGATCAAGTCATTTTGCTGAATAAGCATATTGACGCATACAAAACATTCCCACCAACAGAGCCTAAAAAGGACAAAAAGAAGAAGGCTGATGAAACTCAAGCCTTACCGCAGAGACAGAAGAAACAGCAAACTGTGACTCTTCTTCCTGCTGCAGATTTGGATGATTTCTCCAAACAATTGCAACAATCCATGAGCAGTGCTGACTCAACTCAGGCCTAAACTCATGCAGACCACACAAGGCAGATGGGCTATATAAACGTTTTCGCTTTTCCGTTTACGATATATAGTCTACTCTTGTGCAGAATGAATTCTCGTAACTACATAGCACAAGTAGATGTAGTTAACTTTAATCTCACATAGCAATCTTTAATCAGTGTGTAACATTAGGGAGGACTTGAAAGAGCCACCACATTTTCACCGAGGCCACGCGGAGTACGATCGAGTGTACAGTGAACAATGCTAGGGAGAGCTGCCTATATGGAAGAGCCCTAATGTGTAAAATTAATTTTAGTAGTGCTATCCCCATGTGATTTTAATAGCTTCTTAGGAGAATGACAAAAAAAAAAAAAAAAAAAAAAAAAAAAAAAAA	MN908947.3	(Wuhan-Hu-1/2019)	\N	\N	1
\.


--
-- TOC entry 3799 (class 0 OID 16652)
-- Dependencies: 242
-- Data for Name: sample; Type: TABLE DATA; Schema: public; Owner: postgres
--

COPY public.sample (id, name, datahash, sequence_id, collection_date, country, genome_completeness, host, lab, length, lineage, sequencing_tech, zip_code, init_upload_date, last_update_date) FROM stdin;
1	IMS-10013-CVDP-DC40B306-3433-4E7B-BA93-19C07EACF2E8		1	2022-04-22	\N	\N	\N	\N	29850	BA.2	ILLUMINA	4779.0	2025-01-21 14:13:45.755389+00	2025-01-21 14:22:44.589961+00
2	IMS-10122-CVDP-EA7F9D2E-1F1E-4CD8-BEE6-2204634E43BC		2	2021-09-09	\N	\N	\N	\N	29895	AY.43	ILLUMINA	76131.0	2025-01-21 14:13:45.755435+00	2025-01-21 14:22:44.592805+00
3	IMS-10122-CVDP-86900F3A-F6FF-4F7C-BA30-34B7BE0F1FCF		3	2022-01-03	\N	\N	\N	\N	29877	AY.122	ILLUMINA	76131.0	2025-01-21 14:13:45.755462+00	2025-01-21 14:22:44.594636+00
4	IMS-10594-CVDP-E2969A8A-9C87-4178-AB05-CBFD7825539F		4	2021-04-06	\N	\N	\N	\N	29884	B.1.1.7	ILLUMINA	55131.0	2025-01-21 14:13:45.75549+00	2025-01-21 14:22:44.596784+00
5	IMS-10150-CVDP-540E4D53-B938-46EC-83E4-EB157DE0B1F8		5	2021-06-09	\N	\N	\N	\N	29820	B.1.1.7	ILLUMINA	92637.0	2025-01-21 14:13:45.755519+00	2025-01-21 14:22:44.599013+00
6	IMS-10116-CVDP-DC8D627A-0978-4787-A125-B9B04FBA0C4F		6	2021-12-17	\N	\N	\N	\N	29796	AY.126	ILLUMINA	69126.0	2025-01-21 14:13:45.755542+00	2025-01-21 14:22:44.601494+00
7	IMS-10023-CVDP-B0CD7947-5EEE-47D5-BC85-C4E17318E196		7	2021-12-15	\N	\N	\N	\N	29904	AY.4	ILLUMINA	9221.0	2025-01-21 14:13:45.755564+00	2025-01-21 14:22:44.603362+00
8	IMS-10150-CVDP-83A63361-F295-4852-AFF0-1ABB7E01C7E2		8	2021-12-01	\N	\N	\N	\N	29807	AY.4.2.2	ILLUMINA	92637.0	2025-01-21 14:13:45.755592+00	2025-01-21 14:22:44.605166+00
9	IMS-10116-CVDP-22A5373C-63B5-4D88-9F54-0B594C19D5AF		9	2021-12-27	\N	\N	\N	\N	29890	AY.43	ILLUMINA	69126.0	2025-01-21 14:13:45.755614+00	2025-01-21 14:22:44.606855+00
10	IMS-10272-CVDP-A34470E9-CB81-432D-9761-2D1C04AA7CF5		10	2022-05-02	\N	\N	\N	\N	29847	BA.2.9	ILLUMINA	85764.0	2025-01-21 14:13:45.755636+00	2025-01-21 14:22:44.608582+00
11	IMS-10587-CVDP-1F79BF03-518C-4D9D-9A9D-568C8BB64B47		11	2021-06-08	\N	\N	\N	\N	29791	B.1.1.7	ILLUMINA	20251.0	2025-01-21 14:13:45.755658+00	2025-01-21 14:22:44.610324+00
12	IMS-10020-CVDP-3227FBC7-B012-4D9F-97C7-1E63BE2B5A83		12	2021-03-24	\N	\N	\N	\N	29885	B.1.351	ILLUMINA	7745.0	2025-01-21 14:13:45.755679+00	2025-01-21 14:22:44.612067+00
13	IMS-10565-CVDP-0EC97717-59E8-4F77-AC1A-FD888CF39CBC		13	2021-04-20	\N	\N	\N	\N	29888	B.1.1.7	ILLUMINA	23845.0	2025-01-21 14:13:45.755701+00	2025-01-21 14:22:44.613768+00
14	IMS-10209-CVDP-C3EF1871-77B7-46F2-94E9-223770C2453E		14	2022-02-24	\N	\N	\N	\N	29873	BA.1.1	ILLUMINA	78467.0	2025-01-21 14:13:45.755721+00	2025-01-21 14:22:44.615391+00
15	IMS-10261-CVDP-529F1224-91A6-498F-9EC5-1204174B026F		15	2021-10-04	\N	\N	\N	\N	29883	AY.112	ILLUMINA	32105.0	2025-01-21 14:13:45.755742+00	2025-01-21 14:22:44.617008+00
16	IMS-10594-CVDP-6B4DDB5C-C6DA-4369-B57C-7C17105970F2		16	2022-10-12	\N	\N	\N	\N	29870	BA.5.1	ILLUMINA	55131.0	2025-01-21 14:13:45.755763+00	2025-01-21 14:22:44.618642+00
17	IMS-10150-CVDP-7DE03E73-CFEC-401A-BF75-759AD7DBC7C7		17	2022-04-14	\N	\N	\N	\N	29728	BA.2.5	ILLUMINA	92637.0	2025-01-21 14:13:45.755784+00	2025-01-21 14:22:44.62035+00
18	IMS-10020-CVDP-D9F774D3-8405-48E1-AE19-CE0CF118C18E		18	2021-03-17	\N	\N	\N	\N	29884	B.1.1.7	ILLUMINA	7745.0	2025-01-21 14:13:45.755805+00	2025-01-21 14:22:44.621998+00
19	IMS-10150-CVDP-C81AA5B8-AAF9-41C9-B64D-1EEBF0E9A01A		19	2022-01-11	\N	\N	\N	\N	29795	BA.1.17.2	ILLUMINA	92637.0	2025-01-21 14:13:45.755825+00	2025-01-21 14:22:44.623745+00
20	IMS-10338-CVDP-9F73A006-7436-46A3-8216-CDF54DD19980		20	2022-02-28	\N	\N	\N	\N	29680	BA.2	ILLUMINA		2025-01-21 14:13:45.755846+00	2025-01-21 14:22:44.625495+00
21	IMS-10150-CVDP-A2EEE32B-A191-4837-A0F4-92AA60F2B549		21	2021-05-29	\N	\N	\N	\N	29790	C.37	ILLUMINA	92637.0	2025-01-21 14:13:45.755866+00	2025-01-21 14:22:44.627504+00
22	IMS-10261-CVDP-E6C05A27-899B-4371-A7E5-EF37C88FF9DD		22	2021-03-09	\N	\N	\N	\N	29883	B.1.1.7	ILLUMINA	32105.0	2025-01-21 14:13:45.755887+00	2025-01-21 14:22:44.629906+00
23	IMS-10350-CVDP-EE69C56E-DFA9-40F4-A6CB-141559C8EFF6		23	2022-07-21	\N	\N	\N	\N	29791	BA.2.12.1	ILLUMINA	85354.0	2025-01-21 14:13:45.755907+00	2025-01-21 14:22:44.632266+00
24	IMS-10150-CVDP-4F5A6C19-91AE-4A83-A0A0-03C266196FC8		24	2022-04-27	\N	\N	\N	\N	29442	BA.2	ILLUMINA	92637.0	2025-01-21 14:13:45.755928+00	2025-01-21 14:22:44.634576+00
25	IMS-10122-CVDP-51E277A5-13D2-41A8-82D7-571536678DE2		25	2022-02-23	\N	\N	\N	\N	29876	BA.2	ILLUMINA	76131.0	2025-01-21 14:13:45.755948+00	2025-01-21 14:22:44.636562+00
26	IMS-10033-CVDP-671EDA08-8174-482B-8092-FC01B2916199		26	2022-06-30	\N	\N	\N	\N	29870	BE.1	ILLUMINA	13353.0	2025-01-21 14:13:45.755969+00	2025-01-21 14:22:44.638278+00
27	IMS-10150-CVDP-BB9DC06B-A4EA-401D-9A1F-7CEC223B1250		27	2022-06-21	\N	\N	\N	\N	29723	BA.5.2	ILLUMINA	92637.0	2025-01-21 14:13:45.755989+00	2025-01-21 14:22:44.639776+00
28	IMS-10375-CVDP-5B1CBF53-06B1-4122-908D-32187F0BA893		28	2021-10-20	\N	\N	\N	\N	29890	AY.98.1	ILLUMINA	69120.0	2025-01-21 14:13:45.756009+00	2025-01-21 14:22:44.64128+00
29	IMS-10036-CVDP-FB6D4D55-1649-444A-BCEE-1C6AA184D66A		29	2022-01-10	\N	\N	\N	\N	29770	BA.1.1	ILLUMINA	16321.0	2025-01-21 14:13:45.75603+00	2025-01-21 14:22:44.642834+00
30	IMS-10013-CVDP-7BC51640-3C2A-4D39-85A6-DE6B601BDB4B		30	2022-09-15	\N	\N	\N	\N	29841	BA.5.1.1	ILLUMINA	4779.0	2025-01-21 14:13:45.756051+00	2025-01-21 14:22:44.644367+00
31	IMS-10375-CVDP-0E907F83-08C1-4A0C-929F-404EBC04C111		31	2021-11-30	\N	\N	\N	\N	29890	AY.43	ILLUMINA	69120.0	2025-01-21 14:13:45.756071+00	2025-01-21 14:22:44.645839+00
32	IMS-10150-CVDP-D9C21C51-2E50-46BC-B8C6-677EA20915F4		32	2022-01-25	\N	\N	\N	\N	29752	BA.1.17.2	ILLUMINA	92637.0	2025-01-21 14:13:45.756092+00	2025-01-21 14:22:44.647242+00
33	IMS-10186-CVDP-3501ED66-017B-48C0-94F1-B794B25DD435		33	2022-09-14	\N	\N	\N	\N	29416	BF.7.23	ILLUMINA	40210.0	2025-01-21 14:13:45.756112+00	2025-01-21 14:22:44.648753+00
34	IMS-10087-CVDP-51A7F66D-D3DE-493E-BA78-E486A58EF722		34	2022-01-11	\N	\N	\N	\N	29870	BA.1	ILLUMINA	50858.0	2025-01-21 14:13:45.756133+00	2025-01-21 14:22:44.650292+00
35	IMS-10087-CVDP-3878C0FA-FC53-49AF-9752-B08AB8F3DA62		35	2021-12-20	\N	\N	\N	\N	29891	AY.121	ILLUMINA	50858.0	2025-01-21 14:13:45.756154+00	2025-01-21 14:22:44.651803+00
36	IMS-10013-CVDP-15B53245-20F6-4115-BC34-AE0CEDBD759D		36	2022-05-19	\N	\N	\N	\N	29876	BA.2.9	ILLUMINA	4779.0	2025-01-21 14:13:45.756174+00	2025-01-21 14:22:44.653288+00
37	IMS-10122-CVDP-B6B5D6F9-8E1C-47D6-A684-AF48B1B20C72		37	2021-03-05	\N	\N	\N	\N	29890	B.1.1.7	ILLUMINA	76131.0	2025-01-21 14:13:45.756194+00	2025-01-21 14:22:44.654706+00
38	IMS-10259-CVDP-3A88C5D5-D88B-458A-9040-843D8CBCEA2D		38	2022-05-17	\N	\N	\N	\N	29088	BA.2	ILLUMINA	45147.0	2025-01-21 14:13:45.756214+00	2025-01-21 14:22:44.656223+00
39	IMS-10150-CVDP-65F4F562-AEDA-4EA4-8DEE-00E7AFAAEB7F		39	2021-12-21	\N	\N	\N	\N	29801	BA.1.1	ILLUMINA	92637.0	2025-01-21 14:13:45.756235+00	2025-01-21 14:22:44.657745+00
40	IMS-10213-CVDP-7914799D-2400-4382-9407-255AA93C1782		40	2022-04-25	\N	\N	\N	\N	29850	BA.2	ILLUMINA	1307.0	2025-01-21 14:13:45.756256+00	2025-01-21 14:22:44.659261+00
41	IMS-10013-CVDP-2A3571CE-57E7-44A4-B7A8-A5A270933528		41	2022-01-03	\N	\N	\N	\N	29873	BA.1.17	ILLUMINA	4779.0	2025-01-21 14:13:45.756276+00	2025-01-21 14:22:44.660802+00
42	IMS-10087-CVDP-0F5511FB-D61F-4307-8C7D-80DF6E5E8371		42	2022-02-14	\N	\N	\N	\N	29870	BA.1.1	ILLUMINA	50858.0	2025-01-21 14:13:45.756296+00	2025-01-21 14:22:44.662294+00
43	IMS-10375-CVDP-2090DAFB-19BE-46A2-A6AB-CEBF332B2BFE		43	2021-11-22	\N	\N	\N	\N	29890	AY.122	ILLUMINA	69120.0	2025-01-21 14:13:45.756317+00	2025-01-21 14:22:44.663887+00
44	IMS-10061-CVDP-E6251DD4-A83B-4A47-BC7D-8BDBED7A145F		44	2022-11-11	\N	\N	\N	\N	29721	BF.7	ILLUMINA	30159.0	2025-01-21 14:13:45.756337+00	2025-01-21 14:22:44.665457+00
45	IMS-10004-CVDP-428DCD5E-17AE-44D0-BC7B-6B59AB0E948D		45	2021-09-01	\N	\N	\N	\N	29814	AY.5	ILLUMINA	21502.0	2025-01-21 14:13:45.756358+00	2025-01-21 14:22:44.666988+00
46	IMS-10587-CVDP-8FE44A9B-A822-4E6D-AF0E-C44B40174C8A		46	2021-07-25	\N	\N	\N	\N	29797	AY.124	ILLUMINA	20251.0	2025-01-21 14:13:45.756378+00	2025-01-21 14:22:44.668529+00
47	IMS-10087-CVDP-AD9AD78B-0E0F-4EEC-B586-C93E0C5C2215		47	2021-10-12	\N	\N	\N	\N	29887	AY.122	ILLUMINA	50858.0	2025-01-21 14:13:45.756399+00	2025-01-21 14:22:44.670045+00
48	IMS-10197-CVDP-00074		48	2021-02-09	\N	\N	\N	\N	29903	B.1	ILLUMINA	39124.0	2025-01-21 14:13:45.75642+00	2025-01-21 14:22:44.671624+00
49	IMS-10122-CVDP-FBF4957F-7F90-4D8B-B532-0436D312E21F		49	2022-01-05	\N	\N	\N	\N	29876	AY.43	ILLUMINA	76131.0	2025-01-21 14:13:45.756441+00	2025-01-21 14:22:44.673199+00
50	IMS-10150-CVDP-A8A35131-8CA6-4488-94FF-B662686595C9		50	2021-10-20	\N	\N	\N	\N	29809	AY.33	ILLUMINA	92637.0	2025-01-21 14:13:45.756462+00	2025-01-21 14:22:44.674847+00
51	IMS-10082-CVDP-76479295-447B-458C-9190-4F71337EDA20		51	2022-07-21	\N	\N	\N	\N	29870	BA.5	OXFORD_NANOPORE	45879.0	2025-01-21 14:13:45.756482+00	2025-01-21 14:22:44.6764+00
52	IMS-10087-CVDP-4FD7F76C-AA0D-48E0-BC67-5BAC180ACD2B		52	2023-02-24	\N	\N	\N	\N	29877	XBB.1	ILLUMINA	50858.0	2025-01-21 14:13:45.756503+00	2025-01-21 14:22:44.677919+00
53	IMS-10103-CVDP-D5BBF9A5-EE32-4AEC-9ADD-5A20CEEE9CF5		53	2021-11-09	\N	\N	\N	\N	29890	AY.4.2.3	ILLUMINA	60437.0	2025-01-21 14:13:45.756523+00	2025-01-21 14:22:44.679424+00
54	IMS-10122-CVDP-9FA51B45-58A9-4E3D-958D-07860906224B		54	2022-01-18	\N	\N	\N	\N	29887	BA.1.19	ILLUMINA	76131.0	2025-01-21 14:13:45.756544+00	2025-01-21 14:22:44.68096+00
55	IMS-10023-CVDP-0E428B50-D29B-4173-97B4-D7575296CD84		55	2022-01-13	\N	\N	\N	\N	29901	BA.1	ILLUMINA	9221.0	2025-01-21 14:13:45.756564+00	2025-01-21 14:22:44.682441+00
56	IMS-10082-CVDP-5A9D6BA5-0668-42C5-B3CC-EC5E4B566A14		56	2022-03-30	\N	\N	\N	\N	29812	BA.2	ILLUMINA	45879.0	2025-01-21 14:13:45.756585+00	2025-01-21 14:22:44.684019+00
57	IMS-10061-CVDP-7CAF4878-C64A-4692-9089-25C76AD9D338		57	2021-11-05	\N	\N	\N	\N	29823	AY.122	ILLUMINA	30159.0	2025-01-21 14:13:45.756605+00	2025-01-21 14:22:44.685632+00
58	IMS-10122-CVDP-3DA3B4F5-BF66-4654-ADF7-B84C1992122D		58	2022-03-09	\N	\N	\N	\N	29876	BA.2.9	ILLUMINA	76131.0	2025-01-21 14:13:45.756626+00	2025-01-21 14:22:44.6872+00
59	IMS-10020-CVDP-118C382F-3B9E-4DBB-B032-5E0D82304F8C		59	2021-03-12	\N	\N	\N	\N	29887	B.1.1.7	ILLUMINA	7745.0	2025-01-21 14:13:45.756646+00	2025-01-21 14:22:44.688785+00
60	IMS-10370-CVDP-A324AFA4-89EC-4F29-BFE6-202BAFB34548		60	2021-05-07	\N	\N	\N	\N	29884	B.1.1.7	OXFORD_NANOPORE	14467.0	2025-01-21 14:13:45.756667+00	2025-01-21 14:22:44.690382+00
61	IMS-10082-CVDP-82C1818C-9371-49A1-AF9D-69B41AA7CCCE		61	2022-05-10	\N	\N	\N	\N	29890	BA.2	ILLUMINA	45879.0	2025-01-21 14:13:45.756688+00	2025-01-21 14:22:44.692029+00
62	IMS-10186-CVDP-95BECAEB-031A-46D1-ACF1-1730927B1F6F		62	2022-03-11	\N	\N	\N	\N	29440	BA.1.1	ILLUMINA	40210.0	2025-01-21 14:13:45.756709+00	2025-01-21 14:22:44.6935+00
63	IMS-10061-CVDP-1F5A551B-CAE3-4CE1-A147-2B9876D1FB7E		63	2022-03-14	\N	\N	\N	\N	29729	BA.2.9	ILLUMINA	30159.0	2025-01-21 14:13:45.756729+00	2025-01-21 14:22:44.694956+00
64	IMS-10116-CVDP-4CD40C03-35F9-4A69-84E7-27E830FEAD95		64	2021-09-07	\N	\N	\N	\N	29890	AY.122	ILLUMINA	69126.0	2025-01-21 14:13:45.75675+00	2025-01-21 14:22:44.696349+00
65	IMS-10013-CVDP-06D67B5A-7EF0-4615-999E-992C55111509		65	2022-05-10	\N	\N	\N	\N	29850	BA.2.9	ILLUMINA	4779.0	2025-01-21 14:13:45.756771+00	2025-01-21 14:22:44.697698+00
66	IMS-10116-CVDP-38D9E52A-9F72-4B82-91F4-5789C7A1A4DB		66	2021-02-02	\N	\N	\N	\N	29903	B.1.177	ILLUMINA	69126.0	2025-01-21 14:13:45.756792+00	2025-01-21 14:22:44.699134+00
67	IMS-10087-CVDP-3CDC57E2-A284-408E-A96C-31B3F81463BD		67	2021-12-21	\N	\N	\N	\N	29874	BA.1.18	ILLUMINA	50858.0	2025-01-21 14:13:45.756814+00	2025-01-21 14:22:44.700566+00
68	IMS-10375-CVDP-65397030-CB09-4331-B138-CE8B68EB0CDA		68	2021-04-17	\N	\N	\N	\N	29890	B.1.1.7	ILLUMINA	69120.0	2025-01-21 14:13:45.756836+00	2025-01-21 14:22:44.702021+00
69	IMS-10165-CVDP-2607A891-C3E5-474C-AB57-6F0A26E13A65		69	2022-02-17	\N	\N	\N	\N	29386	BA.2	ILLUMINA	4158.0	2025-01-21 14:13:45.756857+00	2025-01-21 14:22:44.703462+00
70	IMS-10013-CVDP-6C20244D-6131-4081-B772-580355BEEECC		70	2022-02-08	\N	\N	\N	\N	29864	BA.1.1	ILLUMINA	4779.0	2025-01-21 14:13:45.756878+00	2025-01-21 14:22:44.70493+00
71	IMS-10150-CVDP-B9CD49CD-8D97-4AF9-A06A-40996DC15095		71	2022-02-08	\N	\N	\N	\N	29797	BA.1.1	ILLUMINA	92637.0	2025-01-21 14:13:45.756899+00	2025-01-21 14:22:44.706375+00
72	IMS-10013-CVDP-A38AD576-D6B0-4585-9D11-38C4BAFE862D		72	2022-09-26	\N	\N	\N	\N	29844	BA.5.2	ILLUMINA	4779.0	2025-01-21 14:13:45.756922+00	2025-01-21 14:22:44.707837+00
73	IMS-10272-CVDP-3436334E-476E-4AAA-82CD-384BF1470FA3		73	2022-03-31	\N	\N	\N	\N	29806	BA.2	ILLUMINA	85764.0	2025-01-21 14:13:45.756955+00	2025-01-21 14:22:44.709325+00
74	IMS-10209-CVDP-F0CC8095-EEDB-4C64-BE35-E5C2BB7E3CCE		74	2022-03-03	\N	\N	\N	\N	29876	BA.2	ILLUMINA	78467.0	2025-01-21 14:13:45.756978+00	2025-01-21 14:22:44.710799+00
75	IMS-10122-CVDP-B43C2117-673D-414C-AFED-77CA51CE4E45		75	2022-02-14	\N	\N	\N	\N	29874	BA.2	ILLUMINA	76131.0	2025-01-21 14:13:45.756998+00	2025-01-21 14:22:44.712242+00
76	IMS-10122-CVDP-C2067388-312F-4175-8D2D-6AA286E84F58		76	2021-04-26	\N	\N	\N	\N	29884	B.1.1.7	ILLUMINA	76131.0	2025-01-21 14:13:45.757018+00	2025-01-21 14:22:44.713665+00
77	IMS-10036-CVDP-9F541E90-5953-465B-B897-182E32CA10DF		77	2021-11-15	\N	\N	\N	\N	29794	AY.43	ILLUMINA	16321.0	2025-01-21 14:13:45.757039+00	2025-01-21 14:22:44.715098+00
78	IMS-10267-CVDP-B408DAB2-7E64-4350-9F0B-77393A08728A		78	2021-12-21	\N	\N	\N	\N	29890	AY.122	ILLUMINA	44137.0	2025-01-21 14:13:45.75706+00	2025-01-21 14:22:44.716569+00
79	IMS-10082-CVDP-68573C25-A5FF-45CA-8E95-9CBD891E5582		79	2022-10-07	\N	\N	\N	\N	29870	BE.1.1.2	OXFORD_NANOPORE	45879.0	2025-01-21 14:13:45.75708+00	2025-01-21 14:22:44.718011+00
80	IMS-10020-CVDP-09870BAB-C3B9-4391-B143-B77C25A54105		80	2021-04-06	\N	\N	\N	\N	29879	B.1.1.7	ILLUMINA	7745.0	2025-01-21 14:13:45.757101+00	2025-01-21 14:22:44.719381+00
81	IMS-10150-CVDP-F7895804-2BFC-41E5-AAB0-9A1CFFED1DB2		81	2021-06-05	\N	\N	\N	\N	29795	B.1.1.7	ILLUMINA	92637.0	2025-01-21 14:13:45.885519+00	2025-01-21 14:22:44.720769+00
82	IMS-10533-CVDP-5616C07D-0016-4CC2-A425-22ED8C0DDDD2		82	2023-02-03	\N	\N	\N	\N	29841	XBB.1.5	ILLUMINA	72076.0	2025-01-21 14:13:45.88557+00	2025-01-21 14:22:44.722193+00
83	IMS-10150-CVDP-C8E63FDB-A8B0-4C2C-9A0F-61858B656A72		83	2021-09-14	\N	\N	\N	\N	29813	AY.43	ILLUMINA	92637.0	2025-01-21 14:13:45.885598+00	2025-01-21 14:22:44.723721+00
84	IMS-10013-CVDP-FEBA9F26-3D2A-4602-A545-1550F4ADA3EB		84	2021-09-16	\N	\N	\N	\N	29890	B.1.617.2	ILLUMINA	4779.0	2025-01-21 14:13:45.885625+00	2025-01-21 14:22:44.72524+00
85	IMS-10150-CVDP-C25D1885-0CCD-4918-B1FD-CF7C95DC14CC		85	2022-03-08	\N	\N	\N	\N	29733	BA.2	ILLUMINA	92637.0	2025-01-21 14:13:45.885653+00	2025-01-21 14:22:44.726676+00
86	IMS-10302-CVDP-35F2BC5C-0A2C-4482-A78E-37C8976E18AB		86	2022-02-01	\N	\N	\N	\N	29878	BA.1.18	ILLUMINA	80336.0	2025-01-21 14:13:45.885678+00	2025-01-21 14:22:44.728513+00
87	IMS-10004-CVDP-1EBE7E10-2C1F-4433-8798-23D203983680		87	2022-04-11	\N	\N	\N	\N	29729	BA.2	ILLUMINA	21502.0	2025-01-21 14:13:45.885701+00	2025-01-21 14:22:44.730371+00
88	IMS-10184-CVDP-DFA933A8-4D1D-4E5B-BA1F-5AC638FDB9FF		88	2022-06-13	\N	\N	\N	\N	29844	BA.2	OXFORD_NANOPORE	24106.0	2025-01-21 14:13:45.885728+00	2025-01-21 14:22:44.732256+00
89	IMS-10150-CVDP-E3D797D9-FF1A-4BE8-AE50-13E30B77E18A		89	2022-03-09	\N	\N	\N	\N	29753	BA.2.9	ILLUMINA	92637.0	2025-01-21 14:13:45.88575+00	2025-01-21 14:22:44.734114+00
90	IMS-10294-CVDP-E7950848-D138-404C-BFEA-5AF079475172		90	2021-03-03	\N	\N	\N	\N	29884	B.1.1.7	OXFORD_NANOPORE	40225.0	2025-01-21 14:13:45.885772+00	2025-01-21 14:22:44.735966+00
91	IMS-10020-CVDP-12F5D5A2-C160-45FB-B62E-5BAF0EBA0E7A		91	2021-04-14	\N	\N	\N	\N	29796	B.1.1.7	ILLUMINA	7745.0	2025-01-21 14:13:45.885794+00	2025-01-21 14:22:44.737802+00
92	IMS-10116-CVDP-0DFC3212-79F9-4618-B00B-477EEECD209B		92	2022-04-01	\N	\N	\N	\N	29876	BA.2	ILLUMINA	69126.0	2025-01-21 14:13:45.885817+00	2025-01-21 14:22:44.740266+00
93	IMS-10183-CVDP-FD195D99-F8FC-4736-93BB-DA5EBA132708		93	2022-05-06	\N	\N	\N	\N	29528	BA.2	ION_TORRENT	22081.0	2025-01-21 14:13:45.885839+00	2025-01-21 14:22:44.741885+00
94	IMS-10020-CVDP-C265578A-BE32-4D58-AE95-13EFBC794066		94	2021-04-07	\N	\N	\N	\N	29884	B.1.1.7	ILLUMINA	7745.0	2025-01-21 14:13:45.88586+00	2025-01-21 14:22:44.743402+00
95	IMS-10061-CVDP-FDC70720-4331-438A-86F3-8F5AB72CAD74		95	2021-11-16	\N	\N	\N	\N	29820	AY.43	ILLUMINA	30159.0	2025-01-21 14:13:45.88588+00	2025-01-21 14:22:44.744941+00
96	IMS-10013-CVDP-D09521CA-1C8D-418B-A5E7-4E70785C7DAB		96	2021-12-14	\N	\N	\N	\N	29890	AY.98	ILLUMINA	4779.0	2025-01-21 14:13:45.885901+00	2025-01-21 14:22:44.746351+00
97	IMS-10280-CVDP-2A9F0F09-E708-4CB2-91E4-9CD5F68C9093		97	2022-06-10	\N	\N	\N	\N	29729	BA.2.36	ILLUMINA	42283.0	2025-01-21 14:13:45.885922+00	2025-01-21 14:22:44.747732+00
98	IMS-10087-CVDP-1A7C354B-C38F-4B1D-8B93-3BE9DB0E0B6D		98	2022-03-10	\N	\N	\N	\N	29878	BA.2	ILLUMINA	50858.0	2025-01-21 14:13:45.885943+00	2025-01-21 14:22:44.749839+00
99	IMS-10013-CVDP-C91AA5E6-BD00-42C8-BAF6-08A2A83BB5AA		99	2022-03-22	\N	\N	\N	\N	29838	BA.2	ILLUMINA	4779.0	2025-01-21 14:13:45.885969+00	2025-01-21 14:22:44.751205+00
100	IMS-10122-CVDP-E856B31B-4CA0-4415-AC75-8CC6F4DA5E54		100	2021-10-01	\N	\N	\N	\N	29893	AY.98.1	ILLUMINA	76131.0	2025-01-21 14:13:45.88599+00	2025-01-21 14:22:44.752528+00
101	IMS-10013-CVDP-D1CECD5C-8B2E-465A-A351-FF77D6994B6A		101	2021-05-01	\N	\N	\N	\N	29884	B.1.1.7	ILLUMINA	4779.0	2025-01-21 14:13:45.88601+00	2025-01-21 14:22:44.753874+00
102	IMS-10294-CVDP-3CAC3EA1-77C9-423B-8D0F-3F59AF9F4309		102	2022-10-28	\N	\N	\N	\N	29876	BM.1.1.1	OXFORD_NANOPORE	40225.0	2025-01-21 14:13:45.886031+00	2025-01-21 14:22:44.755192+00
103	IMS-10641-CVDP-96EA0283-4C58-4B05-A6FD-6C64635D6F1D		103	2022-10-02	\N	\N	\N	\N	29844	BA.5.2.18	ILLUMINA	6120.0	2025-01-21 14:13:45.886052+00	2025-01-21 14:22:44.756564+00
104	IMS-10116-CVDP-2F9206B9-34AB-4739-BDAA-89E44735D23C		104	2022-11-29	\N	\N	\N	\N	29870	BF.7.5	ILLUMINA	69126.0	2025-01-21 14:13:45.886073+00	2025-01-21 14:22:44.757933+00
105	IMS-10122-CVDP-AA092CE0-FB53-4246-A435-6333304666CF		105	2022-03-24	\N	\N	\N	\N	29876	BA.2	ILLUMINA	76131.0	2025-01-21 14:13:45.886106+00	2025-01-21 14:22:44.75927+00
106	IMS-10182-CVDP-7433EECA-D7DB-4FBA-8ABD-8FF82DA37251		106	2022-03-21	\N	\N	\N	\N	29850	BA.2.9	ILLUMINA	81671.0	2025-01-21 14:13:45.886126+00	2025-01-21 14:22:44.760696+00
107	IMS-10122-CVDP-D589604F-D4D0-4A8A-8A10-5FA5181A67CE		107	2022-03-01	\N	\N	\N	\N	29883	BA.2	ILLUMINA	76131.0	2025-01-21 14:13:45.886147+00	2025-01-21 14:22:44.76208+00
108	IMS-10150-CVDP-6EC46FD8-1FBA-427D-A559-411BCF94B679		108	2021-12-30	\N	\N	\N	\N	29823	AY.98	ILLUMINA	92637.0	2025-01-21 14:13:45.886167+00	2025-01-21 14:22:44.763405+00
109	IMS-10375-CVDP-361C5170-D671-43A3-9505-8EE9FF02917E		109	2022-07-19	\N	\N	\N	\N	29851	BA.5.2	ILLUMINA	69120.0	2025-01-21 14:13:45.886187+00	2025-01-21 14:22:44.764764+00
110	IMS-10087-CVDP-DF68D029-3B22-43CB-9A91-845C60D322E0		110	2021-12-08	\N	\N	\N	\N	29895	AY.122	ILLUMINA	50858.0	2025-01-21 14:13:45.886208+00	2025-01-21 14:22:44.766129+00
111	IMS-10122-CVDP-C0C7F8F5-14BE-46A9-878F-12E4703EF6D0		111	2021-03-18	\N	\N	\N	\N	29874	B.1.1.7	ILLUMINA	76131.0	2025-01-21 14:13:45.886228+00	2025-01-21 14:22:44.767474+00
112	IMS-11088-CVDP-09983EA9-4106-43A5-B584-0576053368E6		112	2023-03-30	\N	\N	\N	\N	29756	BQ.1.1	ILLUMINA	63073.0	2025-01-21 14:13:45.886248+00	2025-01-21 14:22:44.768801+00
113	IMS-10197-CVDP-074F0097-800C-4C8C-A822-E1DCA54E26EA		113	2021-04-28	\N	\N	\N	\N	29885	B.1.1.7	ILLUMINA	39124.0	2025-01-21 14:13:45.886268+00	2025-01-21 14:22:44.770114+00
114	IMS-10013-CVDP-8B1C20AA-80DE-431A-AB15-0FA6669D9EB9		114	2021-03-09	\N	\N	\N	\N	29888	B.1.258.17	ILLUMINA	4779.0	2025-01-21 14:13:45.886289+00	2025-01-21 14:22:44.771461+00
115	IMS-10370-CVDP-7B599870-C42C-4CD8-B122-92398A141BD8		115	2021-08-10	\N	\N	\N	\N	29890	AY.43	OXFORD_NANOPORE	14467.0	2025-01-21 14:13:45.886309+00	2025-01-21 14:22:44.772768+00
116	IMS-10036-CVDP-9D97CB93-D8EB-4FD8-9DDC-68781688DF7D		116	2022-03-16	\N	\N	\N	\N	29729	BA.2.9	ILLUMINA	16321.0	2025-01-21 14:13:45.886328+00	2025-01-21 14:22:44.774183+00
117	IMS-10641-CVDP-2A730C79-1088-4F76-8525-9745DF84D3C4		117	2022-04-28	\N	\N	\N	\N	29876	BA.2	ILLUMINA	6120.0	2025-01-21 14:13:45.886348+00	2025-01-21 14:22:44.775545+00
118	IMS-10375-CVDP-E76D7207-C69D-4003-A9DD-006FE96245E7		118	2022-08-06	\N	\N	\N	\N	29852	BA.5.2	ILLUMINA	69120.0	2025-01-21 14:13:45.886368+00	2025-01-21 14:22:44.776914+00
119	IMS-10020-CVDP-9E2083DD-7658-4953-AE8A-CEE8DE16404C		119	2021-02-16	\N	\N	\N	\N	29903	B.1	ILLUMINA	7745.0	2025-01-21 14:13:45.886388+00	2025-01-21 14:22:44.778292+00
120	IMS-10150-CVDP-2A9562F8-FC4C-4B58-9374-B941A9135FEB		120	2021-06-11	\N	\N	\N	\N	29808	B.1.1.7	ILLUMINA	92637.0	2025-01-21 14:13:45.886407+00	2025-01-21 14:22:44.779682+00
121	IMS-10122-CVDP-BEFE5BDF-9226-478E-96EB-CADB51E12E00		121	2022-03-30	\N	\N	\N	\N	29876	BA.2	ILLUMINA	76131.0	2025-01-21 14:13:45.886427+00	2025-01-21 14:22:44.781087+00
122	IMS-10209-CVDP-D6035001-A291-4896-AB8B-23E9F409820C		122	2021-12-16	\N	\N	\N	\N	29874	BA.1.1	ILLUMINA	78467.0	2025-01-21 14:13:45.886447+00	2025-01-21 14:22:44.782476+00
123	IMS-10077-CVDP-784295B7-CC31-4425-96AA-2681939EAB57		123	2022-06-20	\N	\N	\N	\N	29701	BA.2.12.1	ILLUMINA	41169.0	2025-01-21 14:13:45.886467+00	2025-01-21 14:22:44.783985+00
124	IMS-10150-CVDP-469B04EB-4D49-4109-9F81-0531CE275F6D		124	2022-03-07	\N	\N	\N	\N	29752	BA.1.1	ILLUMINA	92637.0	2025-01-21 14:13:45.886487+00	2025-01-21 14:22:44.785379+00
125	IMS-10375-CVDP-21865796-BDFA-4259-9BEC-2F12C35893FE		125	2022-01-16	\N	\N	\N	\N	29878	BA.1	ILLUMINA	69120.0	2025-01-21 14:13:45.886509+00	2025-01-21 14:22:44.786777+00
126	IMS-10641-CVDP-05D21E9E-ADC2-4AAD-B59E-2807058CBB94		126	2022-04-10	\N	\N	\N	\N	29876	BA.2	ILLUMINA	6120.0	2025-01-21 14:13:45.886529+00	2025-01-21 14:22:44.788189+00
127	IMS-10087-CVDP-7B8D1951-2512-4D70-BDA2-B26824C52A32		127	2022-07-27	\N	\N	\N	\N	29873	BE.1.1	ILLUMINA	50858.0	2025-01-21 14:13:45.88655+00	2025-01-21 14:22:44.789592+00
128	IMS-10004-CVDP-E244461C-ED5A-4D3F-AD6A-2354861E261E		128	2022-09-26	\N	\N	\N	\N	29738	BA.5	ILLUMINA	21502.0	2025-01-21 14:13:45.886571+00	2025-01-21 14:22:44.791057+00
129	IMS-10375-CVDP-2A079A70-4F64-45BA-89BB-9B3DCEA435B0		129	2021-11-01	\N	\N	\N	\N	29890	AY.46.6	ILLUMINA	69120.0	2025-01-21 14:13:45.88659+00	2025-01-21 14:22:44.792454+00
130	IMS-10202-CVDP-85E012F8-D4CD-4D69-B2D7-04D88C3A22C7		130	2022-05-31	\N	\N	\N	\N	29741	BE.1.1	ION_TORRENT	56068.0	2025-01-21 14:13:45.88661+00	2025-01-21 14:22:44.793898+00
131	IMS-10061-CVDP-F49F1387-7449-488D-93EE-87F8DED2D727		131	2021-03-30	\N	\N	\N	\N	29884	B.1.1.7	ILLUMINA	30159.0	2025-01-21 14:13:45.88663+00	2025-01-21 14:22:44.795338+00
132	IMS-10150-CVDP-AE6C9096-DEDC-4A4D-8379-B48D30539BE9		132	2022-10-20	\N	\N	\N	\N	29721	BF.7	ILLUMINA	92637.0	2025-01-21 14:13:45.886649+00	2025-01-21 14:22:44.796776+00
133	IMS-10582-CVDP-37F7509F-7021-40CE-A074-15BC0E57C97B		133	2022-02-14	\N	\N	\N	\N	29873	BA.1.1	OXFORD_NANOPORE	17475.0	2025-01-21 14:13:45.886669+00	2025-01-21 14:22:44.798235+00
134	IMS-10023-CVDP-CA652A26-2FB1-45A3-AAEB-20A03CC6548B		134	2022-01-06	\N	\N	\N	\N	29904	AY.122	ILLUMINA	9221.0	2025-01-21 14:13:45.886689+00	2025-01-21 14:22:44.79993+00
135	IMS-10150-CVDP-0D3A54D6-8B6E-40DC-8EC4-533037EAA9D9		135	2021-11-26	\N	\N	\N	\N	29823	AY.43	ILLUMINA	92637.0	2025-01-21 14:13:45.88671+00	2025-01-21 14:22:44.801437+00
136	IMS-10087-CVDP-ABBEFA12-0944-41C2-935E-0ABCE2F8F6FB		136	2022-04-03	\N	\N	\N	\N	29852	BA.2	ILLUMINA	50858.0	2025-01-21 14:13:45.88673+00	2025-01-21 14:22:44.80297+00
137	IMS-10150-CVDP-2D6949B0-BADE-4462-9CCF-FF088D09A105		137	2021-04-22	\N	\N	\N	\N	29812	B.1.1.7	ILLUMINA	92637.0	2025-01-21 14:13:45.88675+00	2025-01-21 14:22:44.804548+00
138	IMS-10186-CVDP-CCB1BA86-8EE8-4BCA-953B-2665BD2949AE		138	2021-11-14	\N	\N	\N	\N	29740	AY.46.6	ILLUMINA	40210.0	2025-01-21 14:13:45.88677+00	2025-01-21 14:22:44.806127+00
139	IMS-10150-CVDP-53989603-B78E-4B62-A136-B47F58565602		139	2022-01-28	\N	\N	\N	\N	29776	BA.1.18	ILLUMINA	92637.0	2025-01-21 14:13:45.886789+00	2025-01-21 14:22:44.807746+00
140	IMS-10087-CVDP-6891C9D3-5494-4E25-8D2E-B980672CEE05		140	2022-05-12	\N	\N	\N	\N	29852	BA.2	ILLUMINA	50858.0	2025-01-21 14:13:45.88681+00	2025-01-21 14:22:44.80929+00
141	IMS-10122-CVDP-AAECBBF6-2044-4546-9F67-2E624E7CE14B		141	2022-02-08	\N	\N	\N	\N	29871	BA.1.18	ILLUMINA	76131.0	2025-01-21 14:13:45.886829+00	2025-01-21 14:22:44.810802+00
142	IMS-10023-CVDP-CED09D78-BDEE-41D7-901E-6B3B8ADD6181		142	2022-11-17	\N	\N	\N	\N	29841	BA.5	ILLUMINA	9221.0	2025-01-21 14:13:45.88685+00	2025-01-21 14:22:44.812391+00
143	IMS-10116-CVDP-56DC3E5A-7BEA-4A07-91BF-7D4D6910DC18		143	2022-04-17	\N	\N	\N	\N	29876	BA.2	ILLUMINA	69126.0	2025-01-21 14:13:45.88687+00	2025-01-21 14:22:44.814001+00
144	IMS-10209-CVDP-DC3BFA3E-C676-4266-A3A2-D534A6A0A69F		144	2022-02-24	\N	\N	\N	\N	29876	BA.2	ILLUMINA	78467.0	2025-01-21 14:13:45.88689+00	2025-01-21 14:22:44.815597+00
145	IMS-10768-CVDP-0E69A26F-7AC0-4631-B0F3-192FF005FDA0		145	2023-01-18	\N	\N	\N	\N	29436	BA.5.2.6	ILLUMINA	65451.0	2025-01-21 14:13:45.88691+00	2025-01-21 14:22:44.817178+00
146	IMS-10122-CVDP-6AF04680-5E12-4760-910C-1799777E7FF0		146	2022-03-23	\N	\N	\N	\N	29867	BA.2	ILLUMINA	76131.0	2025-01-21 14:13:45.886932+00	2025-01-21 14:22:44.818773+00
147	IMS-10146-CVDP-6CEEB5A6-E2DC-4718-AFDE-9FE095057958		147	2022-12-01	\N	\N	\N	\N	29853	BQ.1.1	ILLUMINA	89073.0	2025-01-21 14:13:45.886969+00	2025-01-21 14:22:44.820354+00
148	IMS-10013-CVDP-0572F64A-6768-4876-A55B-26AE7BEBFA2C		148	2022-04-29	\N	\N	\N	\N	29831	BA.2	ILLUMINA	4779.0	2025-01-21 14:13:45.886991+00	2025-01-21 14:22:44.82188+00
149	IMS-10150-CVDP-F9F53322-F906-4258-81D4-4943E2DBA4B7		149	2022-03-21	\N	\N	\N	\N	29745	BA.2	ILLUMINA	92637.0	2025-01-21 14:13:45.887012+00	2025-01-21 14:22:44.823494+00
150	IMS-10013-CVDP-43D7FC22-03EB-4C3E-AFA3-36277D415C44		150	2022-01-12	\N	\N	\N	\N	29873	BA.1.1.1	ILLUMINA	4779.0	2025-01-21 14:13:45.887032+00	2025-01-21 14:22:44.825019+00
151	IMS-10013-CVDP-056695B3-ADA5-4A2F-9B99-2CE2F4466734		151	2022-02-12	\N	\N	\N	\N	29864	BA.1.16	ILLUMINA	4779.0	2025-01-21 14:13:45.887053+00	2025-01-21 14:22:44.826512+00
152	IMS-10116-CVDP-EA653537-11FB-4736-A08B-EA5C38E08FEE		152	2022-01-25	\N	\N	\N	\N	29850	BA.2	ILLUMINA	69126.0	2025-01-21 14:13:45.887074+00	2025-01-21 14:22:44.827962+00
153	IMS-10338-CVDP-44FC85E8-6ED0-444B-95FD-E1D81FABA12F		153	2021-12-30	\N	\N	\N	\N	29675	AY.4	ILLUMINA		2025-01-21 14:13:45.887095+00	2025-01-21 14:22:44.829403+00
154	IMS-10013-CVDP-16286CB8-45D4-492F-B741-DEC2B15B7E9D		154	2021-09-28	\N	\N	\N	\N	29890	AY.46.6	ILLUMINA	4779.0	2025-01-21 14:13:45.887115+00	2025-01-21 14:22:44.830822+00
155	IMS-10294-CVDP-A612D7AA-38B8-4D86-B1F6-8C4BAC9E90D0		155	2022-04-28	\N	\N	\N	\N	29849	BA.2.9	OXFORD_NANOPORE	40225.0	2025-01-21 14:13:45.887135+00	2025-01-21 14:22:44.832218+00
156	IMS-10087-CVDP-FA3C1E37-16BC-4952-93F3-054E454015C8		156	2022-04-03	\N	\N	\N	\N	29852	BA.2	ILLUMINA	50858.0	2025-01-21 14:13:45.887155+00	2025-01-21 14:22:44.833707+00
157	IMS-10375-CVDP-9510C800-5517-4D27-B4A8-36169F58A63D		157	2022-09-05	\N	\N	\N	\N	29851	BA.5.2	ILLUMINA	69120.0	2025-01-21 14:13:45.887178+00	2025-01-21 14:22:44.835128+00
158	IMS-10261-CVDP-E1395345-FDED-405F-ACB1-4A923BAB70E5		158	2021-02-12	\N	\N	\N	\N	29839	B.1.1	ILLUMINA	32105.0	2025-01-21 14:13:45.887202+00	2025-01-21 14:22:44.836561+00
159	IMS-10338-CVDP-BAF51380-B921-4701-98ED-8DAACF2C7D11		159	2021-12-30	\N	\N	\N	\N	29676	AY.4	ILLUMINA		2025-01-21 14:13:45.887223+00	2025-01-21 14:22:44.838057+00
160	IMS-10117-CVDP-4C8292BE-A755-4D04-890C-56EC1BB83D38		160	2021-04-22	\N	\N	\N	\N	29803	B.1.1.7	ILLUMINA	69214.0	2025-01-21 14:13:45.887244+00	2025-01-21 14:22:44.839521+00
161	IMS-10186-CVDP-D1266A01-761D-4252-938E-C338EAE21197		161	2023-01-02	\N	\N	\N	\N	29413	BF.2	ILLUMINA	40210.0	2025-01-21 14:13:45.887264+00	2025-01-21 14:22:44.841074+00
162	IMS-10061-CVDP-332BDFA6-2213-44C7-8AAC-88F56D26396E		162	2022-04-05	\N	\N	\N	\N	29729	BA.2.3	ILLUMINA	30159.0	2025-01-21 14:13:45.887285+00	2025-01-21 14:22:44.842506+00
163	IMS-10587-CVDP-3823BFB9-BA93-4520-8D98-F38A9E092CDD		163	2022-01-05	\N	\N	\N	\N	29779	BA.1.15.1	ILLUMINA	20251.0	2025-01-21 14:13:45.887305+00	2025-01-21 14:22:44.84394+00
164	IMS-10013-CVDP-FF0118C8-CACD-44BD-9FA0-A4ECFE4C168D		164	2022-05-11	\N	\N	\N	\N	29835	BA.2	ILLUMINA	4779.0	2025-01-21 14:13:45.887325+00	2025-01-21 14:22:44.845376+00
165	IMS-10350-CVDP-51AE8A62-FE1C-467D-8B93-44B9AF48920D		165	2022-09-26	\N	\N	\N	\N	29456	BA.5.2.1	ILLUMINA	85354.0	2025-01-21 14:13:45.887345+00	2025-01-21 14:22:44.846849+00
166	IMS-10294-CVDP-C06DF38D-9859-4149-AFC8-E20FDF2B7AA1		166	2022-02-03	\N	\N	\N	\N	29873	BA.1.1	OXFORD_NANOPORE	40225.0	2025-01-21 14:13:45.887365+00	2025-01-21 14:22:44.848293+00
167	IMS-10122-CVDP-F0CC816E-E341-4D1E-8F84-D2C735A4200A		167	2021-12-21	\N	\N	\N	\N	29878	AY.122	ILLUMINA	76131.0	2025-01-21 14:13:45.887385+00	2025-01-21 14:22:44.849761+00
168	IMS-10013-CVDP-665C234D-432A-4131-A047-A27D39BAC0A5		168	2021-12-15	\N	\N	\N	\N	29890	AY.43	ILLUMINA	4779.0	2025-01-21 14:13:45.887405+00	2025-01-21 14:22:44.851207+00
169	IMS-10116-CVDP-0437BD9C-E519-4AEF-B1EA-9BAFB4AD8DD7		169	2021-05-21	\N	\N	\N	\N	29884	B.1.1.7	ILLUMINA	69126.0	2025-01-21 14:13:45.887425+00	2025-01-21 14:22:44.852631+00
170	IMS-10001-CVDP-21EBA95A-C85B-47DF-9192-D887B252E100		170	2022-04-08	\N	\N	\N	\N	29850	BA.2	ILLUMINA	87437.0	2025-01-21 14:13:45.887445+00	2025-01-21 14:22:44.854079+00
171	IMS-10087-CVDP-254D4F70-7721-4EE6-8078-548845FCC1A9		171	2021-03-09	\N	\N	\N	\N	29896	B.1.1.7	ILLUMINA	50858.0	2025-01-21 14:13:45.887465+00	2025-01-21 14:22:44.855555+00
172	IMS-10116-CVDP-71CF4ED5-272E-48CA-AD53-80F03482A4B2		172	2022-07-25	\N	\N	\N	\N	29844	BA.5.2.1	ILLUMINA	69126.0	2025-01-21 14:13:45.887486+00	2025-01-21 14:22:44.857104+00
173	IMS-10013-CVDP-40EC928B-CD73-411A-B186-A1CB744C893A		173	2021-07-23	\N	\N	\N	\N	29896	AY.120.2.1	ILLUMINA	4779.0	2025-01-21 14:13:45.887506+00	2025-01-21 14:22:44.858589+00
174	IMS-10116-CVDP-77AB96B7-B9FB-46D6-B844-F9356151F2CA		174	2022-01-30	\N	\N	\N	\N	29873	BA.1.1	ILLUMINA	69126.0	2025-01-21 14:13:45.887526+00	2025-01-21 14:22:44.860071+00
175	IMS-10013-CVDP-7629957A-D507-442D-BD2A-18236F7DB38C		175	2022-06-18	\N	\N	\N	\N	29844	BA.5.3.1	ILLUMINA	4779.0	2025-01-21 14:13:45.887546+00	2025-01-21 14:22:44.861552+00
176	IMS-10209-CVDP-D41CD2AF-3332-4A93-AB5C-272065B7C2E3		176	2021-12-30	\N	\N	\N	\N	29874	BA.1.1	ILLUMINA	78467.0	2025-01-21 14:13:45.887567+00	2025-01-21 14:22:44.863019+00
177	IMS-10150-CVDP-A712540F-BAE6-46A1-AD54-D68B084204D9		177	2022-02-02	\N	\N	\N	\N	29767	BA.1.15.1	ILLUMINA	92637.0	2025-01-21 14:13:45.887587+00	2025-01-21 14:22:44.864512+00
178	IMS-10116-CVDP-25894E23-7921-402B-A2D1-485C12EEE82F		178	2021-12-02	\N	\N	\N	\N	29890	AY.121.1	ILLUMINA	69126.0	2025-01-21 14:13:45.887607+00	2025-01-21 14:22:44.866036+00
179	IMS-10150-CVDP-C05588DD-FE4B-4149-ABB7-C6A5C7CA3820		179	2021-04-24	\N	\N	\N	\N	29813	B.1.1.7	ILLUMINA	92637.0	2025-01-21 14:13:45.887626+00	2025-01-21 14:22:44.867521+00
180	IMS-10116-CVDP-50A8E783-0339-4A62-A494-875B10EE57CF		180	2022-09-15	\N	\N	\N	\N	29844	BA.5.2	ILLUMINA	69126.0	2025-01-21 14:13:45.887646+00	2025-01-21 14:22:44.868994+00
\.


--
-- TOC entry 3802 (class 0 OID 16723)
-- Dependencies: 245
-- Data for Name: sample2property; Type: TABLE DATA; Schema: public; Owner: postgres
--

COPY public.sample2property (id, value_integer, value_float, value_text, value_varchar, value_blob, value_date, value_zip, property_id, sample_id) FROM stdin;
1	\N	\N	\N	N	\N	\N	\N	1	1
2	\N	\N	\N	9b4846e3cb88c2756d4b40480d070b5a2b1b82555c707982187edf72c1ebf8c2	\N	\N	\N	3	1
3	\N	\N	\N	X	\N	\N	\N	1	2
4	\N	\N	\N	6e89cd50947416ef2b5118ddd86eb759ce37c59ecb36a6741c06be4d78efd5f5	\N	\N	\N	3	2
5	\N	\N	\N	X	\N	\N	\N	1	3
6	\N	\N	\N	47df331d4f08eafa289c6f8f6827ac2c2da42c310d1d92e53781000dbfb79f37	\N	\N	\N	3	3
7	\N	\N	\N	A	\N	\N	\N	1	4
8	\N	\N	\N	4e86c1e766a156a59821f790297de29e273d735615a569bb9edd4bf0fd61ed66	\N	\N	\N	3	4
9	\N	\N	\N	X	\N	\N	\N	1	5
10	\N	\N	\N	998424037e7be8df0f8a1a5476b3334ef455b5ca763a714e33eb69c0fba8a2da	\N	\N	\N	3	5
11	\N	\N	\N	N	\N	\N	\N	1	6
12	\N	\N	\N	f90fc42f74e0b9f4356d24c2cdf3b69f6ec813b793cc4222ee8a2438c48153ed	\N	\N	\N	3	6
13	\N	\N	\N	N	\N	\N	\N	1	7
14	\N	\N	\N	535fe346900ade8a44f6a22a727b901bcce4a8e8febbd6d225b60229d0bd1d5e	\N	\N	\N	3	7
15	\N	\N	\N	X	\N	\N	\N	1	8
16	\N	\N	\N	1d1ff60e1d0ddfd97fb250d20f36186ad2656b8b312a9451e2694f0ea9150bda	\N	\N	\N	3	8
17	\N	\N	\N	N	\N	\N	\N	1	9
18	\N	\N	\N	15e033761b401374f1d264e852b644cbe2f8ffec747c5116bb8e7cbfc30bfa98	\N	\N	\N	3	9
19	\N	\N	\N	A	\N	\N	\N	1	10
20	\N	\N	\N	38df2b234e8bcea1f98604501c3a9563d763d55a2fdb443f93170129463e1ee0	\N	\N	\N	3	10
21	\N	\N	\N	N	\N	\N	\N	1	11
22	\N	\N	\N	e7104b31361cbbf2546b51d4597321eb17e5c5c1022767d3d6c7531c61316a9d	\N	\N	\N	3	11
23	\N	\N	\N	Y	\N	\N	\N	1	12
24	\N	\N	\N	b98b49e3710d851e1125227cca636370595a73a0d7fad56651aa988cc309c82b	\N	\N	\N	3	12
25	\N	\N	\N	X	\N	\N	\N	1	13
26	\N	\N	\N	c12d128bfb26ec7ce5affb0249aeab8240f517276b0371f554a0b464d5957109	\N	\N	\N	3	13
27	\N	\N	\N	X	\N	\N	\N	1	14
28	\N	\N	\N	27f498b5cac098062956e6cfba8f86b5e2634e7de589c6801f720db1e6422511	\N	\N	\N	3	14
29	\N	\N	\N	A	\N	\N	\N	1	15
30	\N	\N	\N	134fb014783c628bbbcb2e13d5af6e5d764055a51c7f21f1351ac02df6181136	\N	\N	\N	3	15
31	\N	\N	\N	Y	\N	\N	\N	1	16
32	\N	\N	\N	0d345f4941c2b02180b44b604842dcd9a1df79c75f5bad37ee65339f7a55c11d	\N	\N	\N	3	16
33	\N	\N	\N	X	\N	\N	\N	1	17
34	\N	\N	\N	04ffaa1b94b5c71709ec2f57ca9d79c9514a9698391a864073faa930e0fce7e0	\N	\N	\N	3	17
35	\N	\N	\N	A	\N	\N	\N	1	18
36	\N	\N	\N	d21c49588c342f1b91197a3e9dffb6c8f404c976824fe8b152d67a9e67d91a22	\N	\N	\N	3	18
37	\N	\N	\N	X	\N	\N	\N	1	19
38	\N	\N	\N	2bdb2496e7d84c2ee9aea9701a0805e5eceb5688af5363c10384324cd4014dd6	\N	\N	\N	3	19
39	\N	\N	\N	N	\N	\N	\N	1	20
40	\N	\N	\N	7bbfd7fab41a9ccf0b1b2b1d5c71af0577beaf49989adfe1e11f833d22da2508	\N	\N	\N	3	20
41	\N	\N	\N	X	\N	\N	\N	1	21
42	\N	\N	\N	82f420d0cfaee6abb178ba1cfbb47c4efea6ec639766938e902747e9e5a4dc6b	\N	\N	\N	3	21
43	\N	\N	\N	A	\N	\N	\N	1	22
44	\N	\N	\N	b8df3b64a8914d12721185f543eec7689b86ca0329d855189ca95b8d61239a64	\N	\N	\N	3	22
45	\N	\N	\N	Y	\N	\N	\N	1	23
46	\N	\N	\N	ba6494d7eb9665ab08b367a3b8bf8aec45762daa4b8a977972ef565ce5fd4512	\N	\N	\N	3	23
47	\N	\N	\N	X	\N	\N	\N	1	24
48	\N	\N	\N	eca9329f2beca1c006b953cf5c0a2058101fcf89dd152ca4c305855d14696fee	\N	\N	\N	3	24
49	\N	\N	\N	X	\N	\N	\N	1	25
50	\N	\N	\N	47b09e9391f4e129d663a78e57e5be5a5eb34e9a7f07a82129cd9aa341699c96	\N	\N	\N	3	25
51	\N	\N	\N	N	\N	\N	\N	1	26
52	\N	\N	\N	92466cf8aaddc1f7a36d486bcb3ed7864e519959c1ada4c21838349a55c93f35	\N	\N	\N	3	26
53	\N	\N	\N	X	\N	\N	\N	1	27
54	\N	\N	\N	51493920ef3d3508d11cd666369db63ef55883e3b0a6a259ba138873dbb93a73	\N	\N	\N	3	27
55	\N	\N	\N	X	\N	\N	\N	1	28
56	\N	\N	\N	1923c4df9f824c91aec53c0535820ecd8f86a036178b5d4857acc483fecc97c6	\N	\N	\N	3	28
57	\N	\N	\N	N	\N	\N	\N	1	29
58	\N	\N	\N	0f8d2a9f757eceb774766f66fb0831e10fb49e050a90ca2d70cc58f54993fc2f	\N	\N	\N	3	29
59	\N	\N	\N	N	\N	\N	\N	1	30
60	\N	\N	\N	b40cc9bc91f9002ef543f9776962988024dbe31b16522bde6564db4e48821963	\N	\N	\N	3	30
61	\N	\N	\N	X	\N	\N	\N	1	31
62	\N	\N	\N	7c9f257eb5162caf7c0915027bfa3b57e68b4f03f2da8dfce543db1f173fbbde	\N	\N	\N	3	31
63	\N	\N	\N	A	\N	\N	\N	1	32
64	\N	\N	\N	9e947830c0f84a4c2b5e6e9b7d4dfb19c5f397fb33c06dab8540b57a60e44667	\N	\N	\N	3	32
65	\N	\N	\N	N	\N	\N	\N	1	33
66	\N	\N	\N	8ff26f128bed459eb10ce2177b8bddf611dc23179c5d60c90f642d02cf098579	\N	\N	\N	3	33
67	\N	\N	\N	N	\N	\N	\N	1	34
68	\N	\N	\N	1062f31deff45cd6d8806a3b11ac14b5edb3aad173466d956fc07fc9fbfce867	\N	\N	\N	3	34
69	\N	\N	\N	N	\N	\N	\N	1	35
70	\N	\N	\N	58d726a841fe78c0a6a521c982652c595bb0da18327755442d372d361e2e793d	\N	\N	\N	3	35
71	\N	\N	\N	N	\N	\N	\N	1	36
72	\N	\N	\N	2407b5c07e111b784c5866e65afdbc6d56e327ad5fc24da06227e2f92369fef2	\N	\N	\N	3	36
73	\N	\N	\N	X	\N	\N	\N	1	37
74	\N	\N	\N	edea18fcc32c2145bc05eace2d891ba471c97f9f5036f88bfdffbe5394f25f2e	\N	\N	\N	3	37
75	\N	\N	\N	N	\N	\N	\N	1	38
76	\N	\N	\N	832d87d547d1fbc804dafe1374d85f6c35ad44ee2dd5f5169aa677f13b818566	\N	\N	\N	3	38
77	\N	\N	\N	A	\N	\N	\N	1	39
78	\N	\N	\N	1a913c6f48984cf26b01b86474b521c6831e08f7b96f704a008c8c239958adeb	\N	\N	\N	3	39
79	\N	\N	\N	Y	\N	\N	\N	1	40
80	\N	\N	\N	26c3f92074a48f4c3e50f5c6dbfd6c13dcc172854da6dc08c76037417ab5f07c	\N	\N	\N	3	40
81	\N	\N	\N	N	\N	\N	\N	1	41
245	\N	\N	\N	X	\N	\N	\N	1	123
82	\N	\N	\N	f93588254ff8c9ae3bc4783662b8c2bbaedc96c2eb0061513999d8d2ca5aa666	\N	\N	\N	3	41
83	\N	\N	\N	N	\N	\N	\N	1	42
84	\N	\N	\N	634ff0c3dae63140e1f0851c13d8925763d59e67aabf724bae5c2199e5a5cba8	\N	\N	\N	3	42
85	\N	\N	\N	X	\N	\N	\N	1	43
86	\N	\N	\N	0457043b6b4cc6dbfd327b08f00a8bb077438e062599e1dc12cfbe821b4118e4	\N	\N	\N	3	43
87	\N	\N	\N	N	\N	\N	\N	1	44
88	\N	\N	\N	372bdbc4a62c5a9e0ca89c9b56736b631410dbe2dcdf33038fbecd8ea8f8508f	\N	\N	\N	3	44
89	\N	\N	\N	N	\N	\N	\N	1	45
90	\N	\N	\N	a587e1cd413ccb3d4a87dc5f2ae2ba89541df5b63d694068615ed76e4b25ea2d	\N	\N	\N	3	45
91	\N	\N	\N	N	\N	\N	\N	1	46
92	\N	\N	\N	2b1c945fed9b398fbaea9b13178e3b6fbff5b9103c27e827d54b4f32030235ac	\N	\N	\N	3	46
93	\N	\N	\N	N	\N	\N	\N	1	47
94	\N	\N	\N	b72fff810744a2663230c44b07acbb8662f0a05b9d4f65fd5dab7f76c8977eed	\N	\N	\N	3	47
95	\N	\N	\N	N	\N	\N	\N	1	48
96	\N	\N	\N	\N	\N	\N	\N	3	48
97	\N	\N	\N	X	\N	\N	\N	1	49
98	\N	\N	\N	f770d7fab5ba9e8e7193005f35065d4f1d38fb577fc24ba366c5bc624d8ea09d	\N	\N	\N	3	49
99	\N	\N	\N	X	\N	\N	\N	1	50
100	\N	\N	\N	293d8316d56a4757bf5cf186aea2dff1b10fcae21ec2f0b079c2436c20a74ddc	\N	\N	\N	3	50
101	\N	\N	\N	X	\N	\N	\N	1	51
102	\N	\N	\N	9a4f2b028836713d5964b215add8e77382f3823ab40df4d5b58a6b6971292051	\N	\N	\N	3	51
103	\N	\N	\N	N	\N	\N	\N	1	52
104	\N	\N	\N	eaaa69ee1d68534a4bc5af22371a588f82c11f2c00b6bee87fb0ec96ca9888f3	\N	\N	\N	3	52
105	\N	\N	\N	N	\N	\N	\N	1	53
106	\N	\N	\N	b6eddf71d42688448be4ad590bc2172f184ef61c79c7ce823074303439fa191a	\N	\N	\N	3	53
107	\N	\N	\N	X	\N	\N	\N	1	54
108	\N	\N	\N	005e02c4ef36e26c8badba5d0c08cc7a40b845fd6108828b03e218feb3476152	\N	\N	\N	3	54
109	\N	\N	\N	N	\N	\N	\N	1	55
110	\N	\N	\N	210c014593f13d71cb8c7566e177265f8884043c47d679253aa4ca767395c17d	\N	\N	\N	3	55
111	\N	\N	\N	X	\N	\N	\N	1	56
112	\N	\N	\N	fd575b33a6d707b3f8fc30276a4c0cec8cad1be18d5db2d842e2c029bb88112a	\N	\N	\N	3	56
113	\N	\N	\N	N	\N	\N	\N	1	57
114	\N	\N	\N	7dde9cf3a88ee95015d747821070e6089efcc30fd0a718b0697dd20718867cb2	\N	\N	\N	3	57
115	\N	\N	\N	X	\N	\N	\N	1	58
116	\N	\N	\N	0ec9542013d02453344fd06e5a8b478495b6ae7dec71aca348e51061163e19b4	\N	\N	\N	3	58
117	\N	\N	\N	A	\N	\N	\N	1	59
118	\N	\N	\N	34ae7f837eb617d5ccdb104cd55fefef9bf3b97ea5ad23f055b0e9f05869052d	\N	\N	\N	3	59
119	\N	\N	\N	A	\N	\N	\N	1	60
120	\N	\N	\N	35ad04026eeedec7060086162a13a951435daa9dd68c3bb5254cff8bf8a96aa9	\N	\N	\N	3	60
121	\N	\N	\N	X	\N	\N	\N	1	61
122	\N	\N	\N	b6c833f01cd45c527c1ab016add97777f18d92b507af6bc53e8f2413e69c0bac	\N	\N	\N	3	61
123	\N	\N	\N	N	\N	\N	\N	1	62
124	\N	\N	\N	6538741d7fb6e11a61a08321ba1fe0d0567c08f36938d7902a3d0507d79289ca	\N	\N	\N	3	62
125	\N	\N	\N	N	\N	\N	\N	1	63
126	\N	\N	\N	c59873a0e19e5d6c38832d26deeed9f5506f7f06f9f8d4b0c9598c2e7ca77c18	\N	\N	\N	3	63
127	\N	\N	\N	N	\N	\N	\N	1	64
128	\N	\N	\N	5372af4f8ad4eed66e60f290d7089404961b6a9b5960cb3571364d6f2c16333f	\N	\N	\N	3	64
129	\N	\N	\N	N	\N	\N	\N	1	65
130	\N	\N	\N	e02d7e84d2df8e8632bfb32f896a3fe2527bae921e7375395a6fd4f8c11ef8cd	\N	\N	\N	3	65
131	\N	\N	\N	N	\N	\N	\N	1	66
132	\N	\N	\N	1b69c0558223543ab4e6c762a952cdbd777f53af5983badf1023b5b46fa6c4f1	\N	\N	\N	3	66
133	\N	\N	\N	N	\N	\N	\N	1	67
134	\N	\N	\N	1c2e506a20556a6f142f44fb3d744c453bf88eb87d684fc788a0126f11468773	\N	\N	\N	3	67
135	\N	\N	\N	X	\N	\N	\N	1	68
136	\N	\N	\N	5d39cc0f293585893ff37e015f36fa3932ab28c5bd457fd253c9c4fb6decb8f2	\N	\N	\N	3	68
137	\N	\N	\N	N	\N	\N	\N	1	69
138	\N	\N	\N	6a20eee09f688c26c05574aa2c0df5c64b500e0c402ad27fb0ba4c558d20745f	\N	\N	\N	3	69
139	\N	\N	\N	N	\N	\N	\N	1	70
140	\N	\N	\N	e2665296356221b813c31fd90874839f1835a341e9ac04ab10ee92655aa226a1	\N	\N	\N	3	70
141	\N	\N	\N	X	\N	\N	\N	1	71
142	\N	\N	\N	55490ba8f5a631e30575bdfeb3dad50d1547aa4de8611243533249f5fefcc5e6	\N	\N	\N	3	71
143	\N	\N	\N	N	\N	\N	\N	1	72
144	\N	\N	\N	6aac4e605044528f610d1e25beba44262e0f54d03f1a734e321e8fbdb35fdd51	\N	\N	\N	3	72
145	\N	\N	\N	A	\N	\N	\N	1	73
146	\N	\N	\N	51b66030a46907155f028e9012418f6b1d6d3b883c6948b66361d9ae3c93a3f0	\N	\N	\N	3	73
147	\N	\N	\N	X	\N	\N	\N	1	74
148	\N	\N	\N	6d537fe2375daf8172c008124cf0d8b8d3a6c0a290583a03ab5d8eb2589ebffb	\N	\N	\N	3	74
149	\N	\N	\N	X	\N	\N	\N	1	75
150	\N	\N	\N	0f48556868623a366fbec700238c68b9fa86e8637c52fbb68a8c4f4f4c3d79d3	\N	\N	\N	3	75
151	\N	\N	\N	A	\N	\N	\N	1	76
152	\N	\N	\N	3b74045044bacde254dd480c5e9a17c34195d34aa6b13680de2a8f3665a2be04	\N	\N	\N	3	76
153	\N	\N	\N	N	\N	\N	\N	1	77
154	\N	\N	\N	413d10b12b7e9af150ef7155b31df0fd839615d6331b5dd4815c459acc7a68b6	\N	\N	\N	3	77
155	\N	\N	\N	N	\N	\N	\N	1	78
156	\N	\N	\N	3d52cf972fac4e38316036f8af90a3f00fce3bf2cc46b735c13e802842bd9e2d	\N	\N	\N	3	78
157	\N	\N	\N	N	\N	\N	\N	1	79
158	\N	\N	\N	caa848952fa9c8513adbcc7639a618b90fd8ade12185d85b5c480a71aa6f1b74	\N	\N	\N	3	79
159	\N	\N	\N	A	\N	\N	\N	1	80
160	\N	\N	\N	d3b02086c66f2c20db43b6a5227151ee1c4b736432ae26d197d154dfb9bcfb28	\N	\N	\N	3	80
161	\N	\N	\N	X	\N	\N	\N	1	81
162	\N	\N	\N	f2c52b2b3f2cd35ced3f114bc1431214068cd77450cff3c6eff82aff99577c0f	\N	\N	\N	3	81
163	\N	\N	\N	N	\N	\N	\N	1	82
164	\N	\N	\N	6c70f202e7b952d44d4a54d0464485a805917151f0b73ff16f5cf8bf1ae033b8	\N	\N	\N	3	82
165	\N	\N	\N	X	\N	\N	\N	1	83
166	\N	\N	\N	f544f31e504c48d37e6a4c1b0340f2b813b66ebc2f3c030c2ffe5a4ea41dd6ea	\N	\N	\N	3	83
167	\N	\N	\N	N	\N	\N	\N	1	84
168	\N	\N	\N	5c6e6514ea4075d7afe8d26fb1ee0fc0085e0a08cf4b7ee3275dc60765dec8e6	\N	\N	\N	3	84
169	\N	\N	\N	X	\N	\N	\N	1	85
170	\N	\N	\N	9c61f6bf819615ba1f3e3b8f407e1aa9eb258c991497215a121e3269897be580	\N	\N	\N	3	85
171	\N	\N	\N	N	\N	\N	\N	1	86
172	\N	\N	\N	6ec86a8bb09f700b3c2d3533007b89c9992e7773b70e8c6810ee9e3a93b3b35f	\N	\N	\N	3	86
173	\N	\N	\N	N	\N	\N	\N	1	87
174	\N	\N	\N	81006209f9d3b89be1b6e4bbcae076cdce4ae2ab406842c5995f388e7aee2256	\N	\N	\N	3	87
175	\N	\N	\N	N	\N	\N	\N	1	88
176	\N	\N	\N	65cfb6fd97469eadff6f49e368b849d1f8971afd797669e5e8bd142a5b43f3c7	\N	\N	\N	3	88
177	\N	\N	\N	X	\N	\N	\N	1	89
178	\N	\N	\N	298d6655bdf019e34189551fde8d049823952e3ad5306180d67b8f70dc2815fa	\N	\N	\N	3	89
179	\N	\N	\N	A	\N	\N	\N	1	90
180	\N	\N	\N	9004fa97cbb78b03a7d9b2fe7d908fd099bf5af097453a49ba232c2465a5500f	\N	\N	\N	3	90
181	\N	\N	\N	A	\N	\N	\N	1	91
182	\N	\N	\N	239bf6fb8abf25efdb62b1d45dc633b8f17f36abbb63692d06785404f9ac9fc9	\N	\N	\N	3	91
183	\N	\N	\N	N	\N	\N	\N	1	92
184	\N	\N	\N	d86356fcdf3c7d9fde643dafba0cabaf5724f7136cca7f07b14d6583ce01eae5	\N	\N	\N	3	92
185	\N	\N	\N	N	\N	\N	\N	1	93
186	\N	\N	\N	995911050bd0031fc985a4b1e9801cbeaf90cef4f89e48d7a3786e94b7bf49a6	\N	\N	\N	3	93
187	\N	\N	\N	A	\N	\N	\N	1	94
188	\N	\N	\N	a9dd4665c93dd211785537603ae18d1c4e80f2e75614d2122736da3cc66b0223	\N	\N	\N	3	94
189	\N	\N	\N	N	\N	\N	\N	1	95
190	\N	\N	\N	6bcfe6c2575571a6d7f0435167f0733f4b79b6a5d79d0e47e06c87a7d0d1ecb7	\N	\N	\N	3	95
191	\N	\N	\N	N	\N	\N	\N	1	96
192	\N	\N	\N	00142acf4396db25d5ff2d6f3d1d80a962c7e18296c6473ffdd2ec5b350f2f6d	\N	\N	\N	3	96
193	\N	\N	\N	N	\N	\N	\N	1	97
194	\N	\N	\N	11cebb8bd89ac803daef04d6e529dbac3b0c4e2492afdb42f21718b6f4982564	\N	\N	\N	3	97
195	\N	\N	\N	N	\N	\N	\N	1	98
196	\N	\N	\N	f481e11fbc72d718b0eb28845d86396a436dc59869a223d4ddb08cb83704b4a9	\N	\N	\N	3	98
197	\N	\N	\N	N	\N	\N	\N	1	99
198	\N	\N	\N	a64982489baf43483b0231d70d6bcf09e17ef38a2426e964bd7ef38295951cda	\N	\N	\N	3	99
199	\N	\N	\N	X	\N	\N	\N	1	100
200	\N	\N	\N	73c9fcc9e02131293e2c0680e0851e35a195f72c33a8af0abeee3744c0064f7b	\N	\N	\N	3	100
201	\N	\N	\N	N	\N	\N	\N	1	101
202	\N	\N	\N	49053304ae21d6282939b87b0b90e7560e54a8d73958d850eded60bc567af1b8	\N	\N	\N	3	101
203	\N	\N	\N	N	\N	\N	\N	1	102
204	\N	\N	\N	6acdd9d9979b881e9d889987d07132031172aca78c832309ddbf4608737143a1	\N	\N	\N	3	102
205	\N	\N	\N	N	\N	\N	\N	1	103
206	\N	\N	\N	f4c47489bcd1623bebd3af8016457d7d68ed69b9a858c111d97e739c4649c8d1	\N	\N	\N	3	103
207	\N	\N	\N	N	\N	\N	\N	1	104
208	\N	\N	\N	a23a1ab87c773569f57d12ae06173382b060612e210c145cb85448a2951bf628	\N	\N	\N	3	104
209	\N	\N	\N	X	\N	\N	\N	1	105
210	\N	\N	\N	7828d912b61eef0ac1992b922d944df212434381183bca3caa942bacbbf311ca	\N	\N	\N	3	105
211	\N	\N	\N	Y	\N	\N	\N	1	106
212	\N	\N	\N	0e7426b70a18c8681d981bbb8f6c2c07013bdc348e1fe2fc2f8be008950ba22e	\N	\N	\N	3	106
213	\N	\N	\N	X	\N	\N	\N	1	107
214	\N	\N	\N	c49141291d1ecf4b6b177ecc37ce6efcf8897932c6e3c76905bdd6b7d2070b95	\N	\N	\N	3	107
215	\N	\N	\N	X	\N	\N	\N	1	108
216	\N	\N	\N	4c20caa90691d2fcad905104066689bf9af66fddcdc78d051195c867e8d8049e	\N	\N	\N	3	108
217	\N	\N	\N	X	\N	\N	\N	1	109
218	\N	\N	\N	3583952978103f2f9956d1f2317dba158f9ca6e8748f98b3130d6ac9a8c70e1b	\N	\N	\N	3	109
219	\N	\N	\N	N	\N	\N	\N	1	110
220	\N	\N	\N	802fc527a78e00ac50805e0784504b7a2d9a63c060446365e1a5cb60ab08a323	\N	\N	\N	3	110
221	\N	\N	\N	A	\N	\N	\N	1	111
222	\N	\N	\N	ce32a0ad1c265ff253d771ce571b08fac3f90e54f010dc2fd8e8b60636a2ee04	\N	\N	\N	3	111
223	\N	\N	\N	N	\N	\N	\N	1	112
224	\N	\N	\N	7b6434d6a9e81b9332fcf4254781a5555ad8ab931700c18762c0f9d0d88e9b1c	\N	\N	\N	3	112
225	\N	\N	\N	N	\N	\N	\N	1	113
226	\N	\N	\N	46bf73bf92c57b1de8394596e89d179ce22de7c8b55847a8c4fc7741d9b7272f	\N	\N	\N	3	113
227	\N	\N	\N	N	\N	\N	\N	1	114
228	\N	\N	\N	26e269e2f6d91779d8f92715252be6779c60d58a9d977670f85425e75185f55a	\N	\N	\N	3	114
229	\N	\N	\N	A	\N	\N	\N	1	115
230	\N	\N	\N	8a20083e37baa0d926cd280c3a42f170c8c6a69e2dbc5d6774edb7a101d4307b	\N	\N	\N	3	115
231	\N	\N	\N	N	\N	\N	\N	1	116
232	\N	\N	\N	587c19bf05dabc7a57aefbf3b4bbb5569ed7ecac66e9483f734adb03a51312d8	\N	\N	\N	3	116
233	\N	\N	\N	N	\N	\N	\N	1	117
234	\N	\N	\N	7ef8a62230acfd9eb30eda57baf040cba973a229d74755026756aa85ee4ad7ef	\N	\N	\N	3	117
235	\N	\N	\N	X	\N	\N	\N	1	118
236	\N	\N	\N	c953b29f9710e7f003bf0486b380fe1659c0410f3fddd9345522c0dbd8879e1e	\N	\N	\N	3	118
237	\N	\N	\N	N	\N	\N	\N	1	119
238	\N	\N	\N	f798193e182de51abd2ef8717573908fa35f954a87cbebd613c436db9d3d3277	\N	\N	\N	3	119
239	\N	\N	\N	X	\N	\N	\N	1	120
240	\N	\N	\N	7f012c56c03338ac6a983c47fc1dd3f9518ddd1bdfae3fc654e1fd9cd0b032ef	\N	\N	\N	3	120
241	\N	\N	\N	X	\N	\N	\N	1	121
242	\N	\N	\N	d23da4f85f325f3ae421e6ad88792e2798d13da71fd2cc05b2763e5192ddafd6	\N	\N	\N	3	121
243	\N	\N	\N	X	\N	\N	\N	1	122
244	\N	\N	\N	c8d544bc829a20f0725865fb7f91305e5873eca65bf7fddae8d2325594c7883a	\N	\N	\N	3	122
246	\N	\N	\N	a85fe851e896d4fa82cda4eea43de4dc8731ecf08bb05614cdc6d02ac661a9c3	\N	\N	\N	3	123
247	\N	\N	\N	X	\N	\N	\N	1	124
248	\N	\N	\N	b606af372933f1e411a04544d6322654ecccb5c5347c934be61a3fa9bd02ed30	\N	\N	\N	3	124
249	\N	\N	\N	X	\N	\N	\N	1	125
250	\N	\N	\N	d231dca7e5ee9b72ead1be8f0cdfe4fe697d42e9231eda0a015bb21572f762c3	\N	\N	\N	3	125
251	\N	\N	\N	N	\N	\N	\N	1	126
252	\N	\N	\N	5a5fe695f09fe430efc34f022a277f4b169767fa4fef8696dffefb01119c9046	\N	\N	\N	3	126
253	\N	\N	\N	N	\N	\N	\N	1	127
254	\N	\N	\N	18342a7d64ce6ea126b762990472a9c8599dabc8f36b0aefd0ffbaff21d9c5ce	\N	\N	\N	3	127
255	\N	\N	\N	N	\N	\N	\N	1	128
256	\N	\N	\N	421d34898597ebdbeaafe619857532d438d8b18ed96be8b73eeeb06b099c7c39	\N	\N	\N	3	128
257	\N	\N	\N	X	\N	\N	\N	1	129
258	\N	\N	\N	9a3df873b8ded49070c9b0be5a43df3cc09a9f6a2185e7ea1fc25a03af1ae9bf	\N	\N	\N	3	129
259	\N	\N	\N	N	\N	\N	\N	1	130
260	\N	\N	\N	7b5c6c012c63a1946c62d36fea2c8d52475ea9f70a1f325cddb7bffccadf930b	\N	\N	\N	3	130
261	\N	\N	\N	N	\N	\N	\N	1	131
262	\N	\N	\N	a584cab045c833e4a5299b11bcd071f361ecfe14c1f787783fbd6c758e2cc2e1	\N	\N	\N	3	131
263	\N	\N	\N	N	\N	\N	\N	1	132
264	\N	\N	\N	29575ccfd76b63c04158f82d53ac6f1d0d48c70afa8b148f8ce7fae90301885b	\N	\N	\N	3	132
265	\N	\N	\N	N	\N	\N	\N	1	133
266	\N	\N	\N	5a4908f19eb6953e42d5d17c456a274ef0465f5024091f516871d60f16cda594	\N	\N	\N	3	133
267	\N	\N	\N	N	\N	\N	\N	1	134
268	\N	\N	\N	d91c4365c2e9a270b4cacbc8503b36a4bdc76f5b3337c4d300f3782d322a4ef9	\N	\N	\N	3	134
269	\N	\N	\N	X	\N	\N	\N	1	135
270	\N	\N	\N	0f3b3c03431cd0d8afa5fb54673a02768d9beb3abd11a26e7ae36ede1cf7e2f7	\N	\N	\N	3	135
271	\N	\N	\N	N	\N	\N	\N	1	136
272	\N	\N	\N	fab3dae390400bfa6d885105fd38db837cfced3fcade18e62bc7d235bb598d81	\N	\N	\N	3	136
273	\N	\N	\N	X	\N	\N	\N	1	137
274	\N	\N	\N	ea20a15d054ba09b4907c0db6cb7c99ad712fe5d2ddc3ace62a7b05534682475	\N	\N	\N	3	137
275	\N	\N	\N	N	\N	\N	\N	1	138
276	\N	\N	\N	2b066472bf2ffaaef79834a38810d6b01fa0b0483943a63ab9fbac542d61467f	\N	\N	\N	3	138
277	\N	\N	\N	A	\N	\N	\N	1	139
278	\N	\N	\N	97fca708c205bd3d2ff149c8d9d9bac2d60ac7e997c6c9c9add518d17368c273	\N	\N	\N	3	139
279	\N	\N	\N	N	\N	\N	\N	1	140
280	\N	\N	\N	20b3ce62299db5cf9f5b3b44ace4055e1f5bdf86d77f50515d32b2af8954785d	\N	\N	\N	3	140
281	\N	\N	\N	X	\N	\N	\N	1	141
282	\N	\N	\N	84a3c7fac35da71fabd5e74c3671330cfbd85e46f4327c9665b9c6ac238f7f77	\N	\N	\N	3	141
283	\N	\N	\N	N	\N	\N	\N	1	142
284	\N	\N	\N	bec248bffa981a2fc6b026aa361af017935c7d92029fc783de81044ff6a620e6	\N	\N	\N	3	142
285	\N	\N	\N	N	\N	\N	\N	1	143
286	\N	\N	\N	6cffd7147412309af9d8d7c9bc97af3c1054009bd0044807430ad987fe058034	\N	\N	\N	3	143
287	\N	\N	\N	X	\N	\N	\N	1	144
288	\N	\N	\N	59b41d51a7b3cacdc7b57b5f800beea1c4fe9dcf678a8d9b304693ac0bae331a	\N	\N	\N	3	144
289	\N	\N	\N	N	\N	\N	\N	1	145
290	\N	\N	\N	6816af80d80cf39982bfa40a069e89a4f2a45017efe97fa6ba937c9d23cb986a	\N	\N	\N	3	145
291	\N	\N	\N	X	\N	\N	\N	1	146
292	\N	\N	\N	8f6d621b4c7bbba456ebe95392c38e27bf91b80e4040e78c0b0d708f7ea41b70	\N	\N	\N	3	146
293	\N	\N	\N	N	\N	\N	\N	1	147
294	\N	\N	\N	4705f2e365260302e1468205a6f3c82e8dca3237ccda0435e85ac39d5ab2bc30	\N	\N	\N	3	147
295	\N	\N	\N	N	\N	\N	\N	1	148
296	\N	\N	\N	c73242ee128c911ebc9f05e8ea64209648036a56363400e4892829d9d93290cc	\N	\N	\N	3	148
297	\N	\N	\N	X	\N	\N	\N	1	149
298	\N	\N	\N	3065fac474c73daf7f1cb5437f0ebb474a922a9385ad503f50a340e52a7d054d	\N	\N	\N	3	149
299	\N	\N	\N	N	\N	\N	\N	1	150
300	\N	\N	\N	5c3184a9defcaec35e5844c44d8b56d3f844439090dda27623175ee9f0417054	\N	\N	\N	3	150
301	\N	\N	\N	N	\N	\N	\N	1	151
302	\N	\N	\N	e5434914523560833e9125745c069995af7b7ae6836b1d0a2d0845e42cfdc93d	\N	\N	\N	3	151
303	\N	\N	\N	N	\N	\N	\N	1	152
304	\N	\N	\N	b3ca813a6aab4308487b19e4b925f355436d151132dc5de3522a7f48a75ad8b3	\N	\N	\N	3	152
305	\N	\N	\N	X	\N	\N	\N	1	153
306	\N	\N	\N	889f205c1558b34e88f71d015a9a1aa402a08da854ded5b79249e6661255130e	\N	\N	\N	3	153
307	\N	\N	\N	N	\N	\N	\N	1	154
308	\N	\N	\N	06ec2877463eefde13b2e5cf7ed53d2a3e2ea50527caa153f001f9a2ecd22a59	\N	\N	\N	3	154
309	\N	\N	\N	X	\N	\N	\N	1	155
310	\N	\N	\N	7b28170bf58327bc8bb8b96e8be4fc3bf359a174f7c8ff72600a54007af283c6	\N	\N	\N	3	155
311	\N	\N	\N	N	\N	\N	\N	1	156
312	\N	\N	\N	d358c1c7da0fdc61d58a4fe685d1520755e167246fca794374a2b34f41e0dd30	\N	\N	\N	3	156
313	\N	\N	\N	Y	\N	\N	\N	1	157
314	\N	\N	\N	0aee2315dee4f6b251757f3a240c2b2cf3d376e683bb99423922efc344ffca10	\N	\N	\N	3	157
315	\N	\N	\N	N	\N	\N	\N	1	158
316	\N	\N	\N	cc74ca084afe992629b9807ca95602d41e4710945d8c6591c99ae8b13b5fd7d8	\N	\N	\N	3	158
317	\N	\N	\N	X	\N	\N	\N	1	159
318	\N	\N	\N	d7eb0d3001246890274ab4d64da0ac5425a92ddd0bf2e73a06ed9b4f6009229a	\N	\N	\N	3	159
319	\N	\N	\N	X	\N	\N	\N	1	160
320	\N	\N	\N	273028af616575942d5319faaff98ef7aacbe8297096e475be1256514a9d157c	\N	\N	\N	3	160
321	\N	\N	\N	N	\N	\N	\N	1	161
322	\N	\N	\N	894cfddbcb887b13e42d0888fa4198da26244510182668532b6b150ec17cdb4d	\N	\N	\N	3	161
323	\N	\N	\N	N	\N	\N	\N	1	162
324	\N	\N	\N	1e6c851097637f5b6969fc9873e22385163b181f8c95dc34cdd20c0dff86ed91	\N	\N	\N	3	162
325	\N	\N	\N	X	\N	\N	\N	1	163
326	\N	\N	\N	1e2cb5cffc8d34d27761ff2cc6a3b9b8fe03098bba43335aafb5545e5faa5bfb	\N	\N	\N	3	163
327	\N	\N	\N	N	\N	\N	\N	1	164
328	\N	\N	\N	099cd2fd2896157162a7de04b72833e583d54983c2d98fdaaf9d3975526280e9	\N	\N	\N	3	164
329	\N	\N	\N	Y	\N	\N	\N	1	165
330	\N	\N	\N	b4d5a98aeb6df89575ef0ea1e124a3fbad3cb9e4cceffc448f8fedc47f487c89	\N	\N	\N	3	165
331	\N	\N	\N	X	\N	\N	\N	1	166
332	\N	\N	\N	24acfd4621c5ea8c247fe52a51d5452b5f373a239eec43c2f9aaf141ff96c7d8	\N	\N	\N	3	166
333	\N	\N	\N	X	\N	\N	\N	1	167
334	\N	\N	\N	2f0accecf3076c1e3f4726d248978442a8aca8d1744f1c55d4664bd038f8ae96	\N	\N	\N	3	167
335	\N	\N	\N	N	\N	\N	\N	1	168
336	\N	\N	\N	f172e17822ef08f8264f0ea176d710d0276baf8b896cccca414db0d520ecd9e0	\N	\N	\N	3	168
337	\N	\N	\N	N	\N	\N	\N	1	169
338	\N	\N	\N	903de1496c0a58a93d78a62af55dafe13315b6fca21737dee82c0c06b69acb5f	\N	\N	\N	3	169
339	\N	\N	\N	A	\N	\N	\N	1	170
340	\N	\N	\N	fd3b47b9d1ce8e2846621872f13644bceb544db8aa9ad090833ccd20b6a5728e	\N	\N	\N	3	170
341	\N	\N	\N	Y	\N	\N	\N	1	171
342	\N	\N	\N	19b7f64a535231b6d771f1ebf86c78cd29190071e1fc435c16348454165f472f	\N	\N	\N	3	171
343	\N	\N	\N	N	\N	\N	\N	1	172
344	\N	\N	\N	2e0e46fdeba17085e0a8552d667876af1c1cd2aa160bb553c4740ee8e1c628e0	\N	\N	\N	3	172
345	\N	\N	\N	N	\N	\N	\N	1	173
346	\N	\N	\N	36eeea1b26cc5abf0b6fd1c67a33e5a2232f0656a6056994b39b9e6a20b16ac6	\N	\N	\N	3	173
347	\N	\N	\N	N	\N	\N	\N	1	174
348	\N	\N	\N	6caffc2e9f9baf45914cb6388175ab2c2037b030f4a8f32dc5199a893a2f259b	\N	\N	\N	3	174
349	\N	\N	\N	N	\N	\N	\N	1	175
350	\N	\N	\N	e946f6ebaa030f0f9099e9b7bca5f47d48c73425c3dd9bcb8c24250f4cb86091	\N	\N	\N	3	175
351	\N	\N	\N	X	\N	\N	\N	1	176
352	\N	\N	\N	528aed4bbe4a15ff58681d77484857703b7a7b69c46528c349aa42dc5247cc50	\N	\N	\N	3	176
353	\N	\N	\N	X	\N	\N	\N	1	177
354	\N	\N	\N	100ebfa995c795f31763060151041f032e2198eb28a0e9da465180e7b77f8c85	\N	\N	\N	3	177
355	\N	\N	\N	N	\N	\N	\N	1	178
356	\N	\N	\N	5e488d948e04f4b2aa6878ee3b15841de5f18f1ff985741827e30e1e3ce18a54	\N	\N	\N	3	178
357	\N	\N	\N	X	\N	\N	\N	1	179
358	\N	\N	\N	c5003e34bfe1cf0fe59ff595eb51123cd45e7c9d280fc72d995abc2a40240957	\N	\N	\N	3	179
359	\N	\N	\N	N	\N	\N	\N	1	180
360	\N	\N	\N	755d9222193845f958fa9f11bd946218f8c2967f2152e213106543b5298c150e	\N	\N	\N	3	180
\.


--
-- TOC entry 3798 (class 0 OID 16632)
-- Dependencies: 241
-- Data for Name: sequence; Type: TABLE DATA; Schema: public; Owner: postgres
--

COPY public.sequence (id, seqhash) FROM stdin;
1	a553e611b2b00f2d912a7784161f085580d98ecfbff2001943de9443b30f28f5
2	2f893c193988fad4112aecbd66c807b06cb457af2cbe05be8fbe220e124b85ee
3	d94fc09eb280254aac3e1bb44219c866e9b25db48f49c297fed98e85223ac1cc
4	37d45d49ad79d0d30bd6681bae5e4225374e1a2fc8ea8cbce3ec6ceebb4b833e
5	aadeed1a4a344efba209d2dbcfd3ea3678dccfb57d68f7415eefc83ab2b486ea
6	79fc2ca06e1dd6404fa973d49684e7f7990c5b5ff8b25c49f499e66a7f5c57ee
7	59678c86481f777db611aaed8c2267ce5e71925e77cc95a9f82dadafb109c5b0
8	db3d114d1287e958c26e75a5e383e51a6e7620870797d717bacca6a2ef8d837c
9	193359a8e7b98c1ed0351fcabfaa3d266e4131c5af5547d0e77fb449daea8f8d
10	4478fcc1f109105f81e108de58aec6890323c763cabe1768075e0ad2deca2a25
11	72eac7a38d408839b6df4f9070ec5820023a9231edba414723a4edec0e16fb50
12	ec545c58b5de719418f7213c4646964a6de049246dff9178752e7e03fa3410c9
13	f834b2a3568040d88ec05836b08e867c053b574bed796d215efa24b24ccfc451
14	2ccf4c693343f6d50780116cb8f9b812aaa02efbe2961d5bad7421a5911a4c63
15	b9915b4ec251e11468d718fc1b4411e856edfe354b94c82c7d8d53f84a7937ef
16	7179f77236f20ae5c009c3214e845dae902501acdb65a86817081d5412ef351a
17	380bfdaa2736ee2509339e7710eda2d97c938323b1e45f3b3134ab38936afb13
18	09c691cac34140a7f0c8e01c1f90b6ff76e1428d1106b9cd5796e2abf5cd722a
19	38a733cce2808b474c22ab4f36c53a701d3159c1b02207bf90fdd7767ce65faa
20	c853c71ce2c57595022a5509c87c5c3d7b62450f33142a1db584b1598701088d
21	bbc0aa79072f6ae49d3320b8a70c38ef25a7fc9a77f2bdb064d92892b920e87f
22	18dbf71869e528013470eed3965dadd0b70e54af0c74b6d2dbd37f98ab58445d
23	0dedaa21fcf8e57923ec358b39bd2d553b1e4d71b9e41cd6fc6b4df7244ac2d9
24	e67b3036b9fa277c2ac6504f881a05e34daee5ea32d060d28f56c1713c0acc9e
25	90817f271b9af6a6d8892d593529812e900c80c54a5937b115756c5e1caa9551
26	66079496c02c09e3313a3a060f356d56d560b5b166b4cebf35ca1d85813be96e
27	e0e50a79f9d7111ba8c3a6ac27e949ad25eaac2828546040ab162c1fcacfcb58
28	227368eb62dff55cc51ad053ac3d3e99c2db96dd174a82d297a5f167dacceb60
29	5c423a24fba4d3faf0d01cf869aa8254dcb77e8195731342fe80a22cfd96033b
30	9619561a0f420ef1292e2044a94bc9d797ba656885bb22b1ce40c08a56d16ab5
31	b054eda2d430401fa151734050659e5421d5b2a531f3f702676fcf53a463a4c0
32	730e29e3740879c4fdbd7b17fd8ace913db5f0dcba5e337ebeb5d1fc95b2bb97
33	2593e54d4d28c5df20c7b4aaeeaf7a56808fd958fb3c0949d5043db4e1192d23
34	05a57aba8c97113e0585cca7e9e96ad46dec9101098c2f246b2ccc65259d8a75
35	cbf6abd50cb5117042470d2b2bfee5f6c2ff7faacd23da4f534a912031eea564
36	6acf19de08aae436e6ea04cc9d9383f03975ec09da718b0931858d0854fb4930
37	1af4184764fc3302775de3f6fc3e22660445309749a5b699927d039397fb3e77
38	07ec797792fe36854b13eff45da15002d1286c91dfbceffd3482767d82fdb6a1
39	aa40c4dbf7adf5d7183441e1af6504f039c28819cc31a4bf3f2dcc0e089b5155
40	162968412b13161da8f08347865631233831f5b1a0ca1574052d4948887edfa6
41	f919bf3e1cd3160ed090be47b3d5a1e2a56f02c1093c607fab3b67bb0a3136a6
42	bc463d30192177653c6fbdaa43d4bc20479c0b965063dcadb66b68f7dc444605
43	7d4d8588657cf9f40e9db89baafea7a2106a9ea08d24f22ab6a04da3785094ab
44	8667a053be7ca60cc18f709a9d0687cbbf3f6eb642f84e87ddda3c58d4c9720f
45	5e74469ce63d016c297f59545985ee25f786a87de37f7502aadb765aa9dd5bfd
46	858f885038df86842fa52247196f59cf62a3ff4b2cab33da5e105709eb062278
47	1d66b4d6500f5fb5bd30cb20b303aec07bdfb69f378cdb5c4e9609fc0e986bf5
48	b92b28039df96a543e7b03a9196fbd02f7f8773a30aa502738bf0e155c4d42eb
49	1f878b8eec52312a01a8cdee51247ba2ca6b5555131d40d3b9db93e61f06ffd9
50	94670ccf598af810dc8778899bbec1c064a478b8370c1c48897035aef503cd55
51	2b3c869ad0f40aa09a4accd22e682130d764b263b2494f4d492ffbfde3c1c6d8
52	d9c45d8f7106391b0b929b1be3cfa8b6cfd14d241ac193e50daef5781207a8ce
53	b57a74e9aa8e283cd5c49a61096f261ed88dcd64d4372e032b693ce9ce4111ba
54	a440037c013c250cd7c5851359f6f937a11273c9004ca87f8204c8a414212bfa
55	969d9df12e15e943c929a0b950b35b4de9ffcb4c00f35f637fb0dcd44c5ce017
56	c9aa5f18fdfe0db36eb6938cd1f3ddc6b8caa3976a3d9d2ed36e69a185bd642a
57	8e808f970df4e7c4d239eed48d9747b60bee8542d95366fa8580c20d4535d882
58	c522979039e501e088f2b14d818b945f978a4cf2ab9d157cfb26fa289e5a45ac
59	513095108c82d7b21c8db48323081bc69ed48d7e54d30225e0f5817f4e607ab4
60	d1ac7b4cc3a475696532f9b2e268cf9a09966ff327d700dffb54fde87e645049
61	b69a61903c3f26d7451072bfcf95fe508e55f258859d06532c3f7e9d751ae02d
62	69621864a082dcddfca3fbe04cf3cd9c9c14e7fc8adc28b302259acfc9d43b63
63	ac2d672e250b6bcc55a7d9b95f1d0b1b6bc415597ab8be09cafd26cb615fcf54
64	c8707ee12dabcfbd912b43bb1cc137350fc41e4c0a91dd51ebbad0ce112a6e97
65	ff5d6b027a052fb8f8ba75c1cd3e45ae10fd6802a2554f8be5d54080d936b849
66	ea21ab5acc6c7f0a5425d6098096e3669fad8569ddd821bac61aa0527223521f
67	e4f9a2b6d4edfbd2109362b6ce50bf902cb953f7b9f8f14f40e39079ffd389ef
68	bf3f9cb9e7e3616d6cee7e7dc9d844ce80e3a1b9e362615dec4f72110ba72440
69	4e429c33a728b4e034c682c3885203a4629b905f8c251e63b38f13c7af45a2dd
70	b120eaef3986accf9d654af39f1ae35f8a8b7a7d0ff29b2d6651129604ca60fc
71	4bf8114fd54c7543e5d09388539c1696250f566e97398bb7af2fffd30eb24af0
72	4a9b9a95ef99fefcdcad331f89fc4b005f431f5162afc953049f21381ed19d7e
73	a8205b3e1546dc1cd73a91b61c1ac5ef37e5992fc62c7c666851132abe6d1319
74	8829b291661219fd1d26595bb16f6be1926cc5378c0b89ddbea6b51658394b0d
75	ab8db6690d91467fe4f174b0761c15d91d3fb62faaf9fa16e993b81e4db75f56
76	33d3b5df55b741925bd2da67df22ca66c0f147684daf74443a7f0811a0d936b4
77	1d6da1007760516d65ac44c03843b2f2ec2b173fd7f694ce1f014036849ca940
78	79d8cf145eabe0359636a0a19a3d364f571cff17f31b62dc7a9928a71b8da23a
79	f2dee537fa3bd5317fcc66ea8f84e08ba819ae77d12b8b0751e95bd13a20d544
80	753468c6ef3cc61f6fc584ca79c95ac1ed2b166d47064f118628b5ba60be8a64
81	8b95d5ff68f6b04f5d0e538a7ccf0793457d4c93c83e314fb7d2f256250d99b5
82	cd864e792069e1ad1d9dabe236073ae444e5295460937ad2fd48e294897936c7
83	52d0a0036e8c807b49293f512cdc0526488c77921ad6edabe714cbfaceedd32a
84	ce53255a0ed142a3ff0d1666ca133810fcd55cd455c97c2536fb377011c05877
85	ceb8d40afe19240a6d0944ff2569ebe0dcec683402b0be63a312f0294add970d
86	8c0a72d38ffcd09990e0db44b533901d749f641fd128f13908eb2aa8b40821ff
87	89e34a4e858e11f0e750856a7f5156a5b320c68ac6bb867b60b1bb31248ee644
88	664b74b1ae722bd83186f1e713a52e5884204c6675b9dcc6f56eb8994f7cfda8
89	dbff03a2fd359e7432785d96be7a9bce6c6e860d3165d2bbb82daa7aaaf4095f
90	20748ce8a7346c3faba7eb694d9bd5cf61ad2ff0170dc81cfcea27947ef02327
91	60612df5cd8e6da0ec75a9f4328dc096c461fe4c1570d21060c933444db33399
92	c4be998fb0cc4fc547fc496043a48603fddfed1760981eab205c837dd592cc7a
93	67bc44638ce2fe86ad1f88939596dffac5a4b088dd108773fc1e0dd14e96869c
94	1a1cde351086f301605fc8c41fc85492a25c87967c9461dc7a167d2a12b2169b
95	ea20fe4be69a521d71aa465560e2083700c324ca09ea9dd5fbe5082fa377824f
96	a0cb82817777d922b920a7a0b9111e63dd1d82bc27bdacabef291f6886af156b
97	096c8366c9b1707603aa80e97d30d5e12bbac4f4f3135a7117dd8fc2c6ce7412
98	aa801be6f5f0b98c06f062c99771e41157c0a0a4016807897dd9b3e7624dd7a1
99	7d3d4d778c49b0e576988933db843e2e4573e78e2d15f60fd30a0a7686e52c48
100	c51aa01fe20b891ba159e2900b980fec64c52e4822f2d6a7201ea8f46a000107
101	9a1765fac068720511b9ea547ddc5552bb3c6fcb84f5892a4434f30b32c5ad71
102	10d5ef90ca61c6980bab2055e673d8864a89de149e669dabbda0a0115ad55478
103	491cc4ea33f151571abc3ea6ade4759f049a437fe755f88e6182a3c7dd7309d1
104	41b7b064ba15d860d0abef32ffd317a7e655ae489d005c137fca8989fe25bf0f
105	2804fa825526ddbb2d050f03ae2b136b2594c146447f3acaa4f56dca27004b82
106	8acff5b21eb619aa36cc9319fbd5e6592950b70adceb0a58a8d8d71fcc511a72
107	d2b81af0ac636957e11c8c8ecc65efbfa075b5cda96961083bd5ba7dda55a9da
108	9774da801f2026c33ac1f689907a6a20b9af9ddfa71a579826fa59dc89ace51b
109	bfb838ca9993e41d1b231ad1ee633d325be238b28214e5d28f7a5cbab4847055
110	935e2620dd4eeac3a5e6047bc96049ffe3309f6fccea4c5e8775912eeca86fc1
111	a819974becdd256d1c0d910636461a1f1db08b5c5d2deafc767b3debd99627bc
112	efc735981a8f2b5a6c7339cfb3b737acfd34d2d281ea7fc581e7ae7991885080
113	a8ef3b70c539ff85ed2b718ed83f6c698b8aabae0053193071828c93a92f551e
114	40a8c09df83d455bb52aca44bd92c0a5263f840f8240a03a272b677fe3aad758
115	583770e7fe46c9f9fa58ddcd2a565289d25fef81619a36cb3ec86a0449124f7b
116	82ea9c6a3883e3ee917af1dfd06f2fd495f7179014d37e06927b1c53a0503840
117	a8e179ce6f33b7b650fc3da796229aed92809a5938fff9d3764d520c0652231b
118	8fab3947687c907de41c37a2e2c897bedc0d71a56f17db836e9e09ac86d1e4d7
119	45f569770c9a27d485fff36eb67dd8da3ab38bb86aa552c5de8363e282b34044
120	62999148f1543991bc77b850dea525f4c8093526f7e0d0b06562e52797d92e8b
121	9d5776f5846d6374909ec1880578e8b54fb0d4da57241990aedb80e42a27a806
122	57f4735382061ac5dacf8ff7b144385c387fbfac4fb73608fd4cbbacc9166221
123	784de747fe25f5612a17c1294d82dab5905384b67bf445a6d98a650db9c5c47a
124	d7adf70cb6b07449ffe8e204f9b16827da3a910bf1dccd328b6cea0656868d21
125	90f3e6a2710ed32e346c4d9146ef76dec7f8da508cdb88b6f5b2c22ac2172b62
126	beff686bf4124a7a37a421d42304e1bc76ce01ed22b1472a087abd5376150f8c
127	7cd527328442daea062946579c09984727c7dfa2e69005720bad78103ddb6549
128	3b18261b1be38a652e3a445e638768ccc6c218d4d161f0ae2a5d0093722f3d26
129	4b7c8318c47fd488fec92ce1642e4a1c7e5ff206ddd1b1f45137084dda7f359e
130	61389e4d2329298c8293bec153bf4bc1bbdaee8b2887bebc7b5a96a579ff997f
131	a44433bb23bdcc57bbbf9c2deffab871790b6676cb780553539f97348aff653f
132	3cb3c45f324da7f77107684b1c96f4517b500612970cadd63959cc220d514fd0
133	733dcc3e8658262d778f952bf050446926d7be4302950ea83d32130b0119f96d
134	2ae7a42a153de6c8b4e0f5b21ca90442298cb821017535068719936b15a400a4
135	0a49cf60f49187e22cdd038babec132d349f2040af463d72fdd9b973e4f24b13
136	85059e33846fad1fa9fa549165f4632b13e37bf5eaea867762ea04eef59ccc01
137	48038b5b2bdff70eb401f9e4f1db84c6ca320d7274acb34e4a79fcbf7c2acf9b
138	0c4e4ce83a508c6fa4505160bfb57d22a4be33a511773965723f59d26648b397
139	49f0af7a852145c0fcc842207ab827cab3b4f99175400f8649129725ea7b308c
140	6c7cdc380233be01dc80b786d0efb464099bac2809ce4bca0a567ed5ea37d1dc
141	56213728c28be398fc0a8f2dc8a88fa8c6ce37bff77e2856c423493dd685101a
142	aeb4e9f5ac49447064f17481f1fdd8abde915e5d7f377ea58233a9d4e6d2bd4f
143	ce873b1d7600fae90ce25b78959ff6f77435a82be2e468a45bb25d6995ed62ed
144	c314ce359982874745e578eeb55e5d45388c49435df2bb3fd2533bd70c142a7b
145	51f1c4bfa1632fe6f5ee2c926bbc5597a55b657ecbf9d822f1e8b2e004c496e5
146	70a82fcb728d37cfeaed434a7b293f31c75706b439a1e7b3225524fe2616f34e
147	b623a3d4b254154f37e74cc4bff220d82f244b4f979245fbac455e5497eb79eb
148	28c6ac71669e8c4a266cf679a91e5fc161bfd776879b9a0bcf39b20b806da098
149	ea6b30a0e4ecff5c269a1519a3107201e10606ca3e4cc09e81b4f38ca357d4aa
150	fa225a91945bbde25cadfb43aa65d9a97c590478fc30e8f8054fa64dff64bcd0
151	6dd387cb450be0739edd081a433689e580ba4c38452f9a38ffaf4314b6458baf
152	f6cc594be641a110d46d4aa0d29e0d9d4a788bfc10309b86566bdc0d0690a5b3
153	4d1b37341d27493bd4adaad7204d4620fe96f143aab451aee7915a4d28dd4539
154	e33ede970f355243bcc2365918ae403098f04b6875b3108eb81c402aeed7c220
155	c59c809bcdcba06448f250999cc6091240005b829c6e2d03cf8ce18d5217e156
156	0108668bf8f9317ba156e2f68b8ec4baa52becb6aa59e0acdeda8251cccb06ca
157	40cc63e8f8fd6f3458b3b29c4362028cfb270df74a82dfc9ce5c81e45220e716
158	1e5c2de4ccd9d00a08b1f855109c51bc76444aabf18a3b27e97e262b808af7a6
159	09b05391ed038a810f767e007b74bd5edb194508648b30a1fdce639474334365
160	bcfa06242d2e9a7db7e9e8ca3e2babe2c94dec31cbbfd6aca1754d62d09011e7
161	c976b4c959c81c190a9c56c12d007844f59bd4ed13a80ecee39038b0fc985ccf
162	c3d9652d8965e9a17bdd5b5f7429a43fc80d05fa975c35db751b5df5b30b88b7
163	cbea28f897dea97cd7b3e182c34406b352322c21a74b5bbf762ddf5ae62f1a8c
164	48673d334a35153acdc0275e065f91f63a0985de207a32b8fb4dfad97f3cf8f1
165	a7ba57bfcb323741b0c2c570e060cae4efd9b6b505a44a5a5df7e49d6dd7cbcc
166	04e5847fa53a19f33a30e5ad0113fbddbd47b38b3706f3bc288115b26dd7a6f2
167	49ae1afe985cd7025d2d192f21f0bab054098c2f827a5258e52e4099fa335943
168	9f68885faf9c7f0dd39c72172f9e0d90eeb33d1f9a17cd3cf86302e088036d40
169	1c14eae8455d6bd6e06697f8b241c717410c811f4269d3c8357fd1daf4bd1973
170	26f378d7a079fd3840fe51e31d56a43499ad704a85bf95cef993eb21cf19725d
171	00ec186cba3b70d39e6a8fa912ee917d7dcc0ad4d571c3a86dd66c98bc544c8c
172	f8481026725f0ac508eecd3ed57afa23f06bfd4052f5fa750c87886a0cb32009
173	185098d0bbb596930fcb971c56ca1beee86ebc9b7b9400ee4e9c02a02f7b4b4a
174	d6d1b96148bfd60c68a181746e7865b8712f33f944fb7827c5ccfee8ab784646
175	3c02255278ac729c0717621eb028cbd1d6db8fad2e9f9958a537d5a9fc61db37
176	b16892f07713e7210e7bc50179d962a4455fad76950e26fce8690044b6604552
177	e303622594ceadbdd827c3cd8b6328f10fa5de30a92b973188a18f68d025f490
178	2961c9347be215bfaed1d3781ef93b36100cae2bc72b721d56ac867a15c49b6a
179	f36d4d255948a8c038f1e4929a1afae577514633c6952dafbdf82490cec61c97
180	4b96d5030a9a7281f103b55f55470bbdd673670c10b495ad69970ab60bf39a4f
\.


--
-- TOC entry 3840 (class 0 OID 0)
-- Dependencies: 246
-- Name: alignment_id_seq; Type: SEQUENCE SET; Schema: public; Owner: postgres
--

SELECT pg_catalog.setval('public.alignment_id_seq', 180, true);


--
-- TOC entry 3841 (class 0 OID 0)
-- Dependencies: 270
-- Name: amino_acid_mutation_alignments_id_seq; Type: SEQUENCE SET; Schema: public; Owner: postgres
--

SELECT pg_catalog.setval('public.amino_acid_mutation_alignments_id_seq', 7752, true);


--
-- TOC entry 3842 (class 0 OID 0)
-- Dependencies: 268
-- Name: amino_acid_mutation_id_seq; Type: SEQUENCE SET; Schema: public; Owner: postgres
--

SELECT pg_catalog.setval('public.amino_acid_mutation_id_seq', 1035, true);


--
-- TOC entry 3843 (class 0 OID 0)
-- Dependencies: 272
-- Name: amino_acid_mutation_parent_id_seq; Type: SEQUENCE SET; Schema: public; Owner: postgres
--

SELECT pg_catalog.setval('public.amino_acid_mutation_parent_id_seq', 79, true);


--
-- TOC entry 3844 (class 0 OID 0)
-- Dependencies: 237
-- Name: annotation_type_id_seq; Type: SEQUENCE SET; Schema: public; Owner: postgres
--

SELECT pg_catalog.setval('public.annotation_type_id_seq', 2450, true);


--
-- TOC entry 3845 (class 0 OID 0)
-- Dependencies: 274
-- Name: annotation_type_mutations_id_seq; Type: SEQUENCE SET; Schema: public; Owner: postgres
--

SELECT pg_catalog.setval('public.annotation_type_mutations_id_seq', 2450, true);


--
-- TOC entry 3846 (class 0 OID 0)
-- Dependencies: 221
-- Name: auth_group_id_seq; Type: SEQUENCE SET; Schema: public; Owner: postgres
--

SELECT pg_catalog.setval('public.auth_group_id_seq', 1, false);


--
-- TOC entry 3847 (class 0 OID 0)
-- Dependencies: 223
-- Name: auth_group_permissions_id_seq; Type: SEQUENCE SET; Schema: public; Owner: postgres
--

SELECT pg_catalog.setval('public.auth_group_permissions_id_seq', 1, false);


--
-- TOC entry 3848 (class 0 OID 0)
-- Dependencies: 219
-- Name: auth_permission_id_seq; Type: SEQUENCE SET; Schema: public; Owner: postgres
--

SELECT pg_catalog.setval('public.auth_permission_id_seq', 96, true);


--
-- TOC entry 3849 (class 0 OID 0)
-- Dependencies: 227
-- Name: auth_user_groups_id_seq; Type: SEQUENCE SET; Schema: public; Owner: postgres
--

SELECT pg_catalog.setval('public.auth_user_groups_id_seq', 1, false);


--
-- TOC entry 3850 (class 0 OID 0)
-- Dependencies: 225
-- Name: auth_user_id_seq; Type: SEQUENCE SET; Schema: public; Owner: postgres
--

SELECT pg_catalog.setval('public.auth_user_id_seq', 1, false);


--
-- TOC entry 3851 (class 0 OID 0)
-- Dependencies: 229
-- Name: auth_user_user_permissions_id_seq; Type: SEQUENCE SET; Schema: public; Owner: postgres
--

SELECT pg_catalog.setval('public.auth_user_user_permissions_id_seq', 1, false);


--
-- TOC entry 3852 (class 0 OID 0)
-- Dependencies: 250
-- Name: child_element_id_seq; Type: SEQUENCE SET; Schema: public; Owner: postgres
--

SELECT pg_catalog.setval('public.child_element_id_seq', 12, true);


--
-- TOC entry 3853 (class 0 OID 0)
-- Dependencies: 231
-- Name: django_admin_log_id_seq; Type: SEQUENCE SET; Schema: public; Owner: postgres
--

SELECT pg_catalog.setval('public.django_admin_log_id_seq', 1, false);


--
-- TOC entry 3854 (class 0 OID 0)
-- Dependencies: 234
-- Name: django_apscheduler_djangojobexecution_id_seq; Type: SEQUENCE SET; Schema: public; Owner: postgres
--

SELECT pg_catalog.setval('public.django_apscheduler_djangojobexecution_id_seq', 1, false);


--
-- TOC entry 3855 (class 0 OID 0)
-- Dependencies: 217
-- Name: django_content_type_id_seq; Type: SEQUENCE SET; Schema: public; Owner: postgres
--

SELECT pg_catalog.setval('public.django_content_type_id_seq', 24, true);


--
-- TOC entry 3856 (class 0 OID 0)
-- Dependencies: 215
-- Name: django_migrations_id_seq; Type: SEQUENCE SET; Schema: public; Owner: postgres
--

SELECT pg_catalog.setval('public.django_migrations_id_seq', 94, true);


--
-- TOC entry 3857 (class 0 OID 0)
-- Dependencies: 260
-- Name: file_processing_id_seq; Type: SEQUENCE SET; Schema: public; Owner: postgres
--

SELECT pg_catalog.setval('public.file_processing_id_seq', 4, true);


--
-- TOC entry 3858 (class 0 OID 0)
-- Dependencies: 252
-- Name: gene_part_id_seq; Type: SEQUENCE SET; Schema: public; Owner: postgres
--

SELECT pg_catalog.setval('public.gene_part_id_seq', 12, true);


--
-- TOC entry 3859 (class 0 OID 0)
-- Dependencies: 258
-- Name: import_log_id_seq; Type: SEQUENCE SET; Schema: public; Owner: postgres
--

SELECT pg_catalog.setval('public.import_log_id_seq', 4, true);


--
-- TOC entry 3860 (class 0 OID 0)
-- Dependencies: 256
-- Name: lineage_id_seq; Type: SEQUENCE SET; Schema: public; Owner: postgres
--

SELECT pg_catalog.setval('public.lineage_id_seq', 168, true);


--
-- TOC entry 3861 (class 0 OID 0)
-- Dependencies: 266
-- Name: nucleotide_mutation_alignments_id_seq; Type: SEQUENCE SET; Schema: public; Owner: postgres
--

SELECT pg_catalog.setval('public.nucleotide_mutation_alignments_id_seq', 11010, true);


--
-- TOC entry 3862 (class 0 OID 0)
-- Dependencies: 264
-- Name: nucleotide_mutation_id_seq; Type: SEQUENCE SET; Schema: public; Owner: postgres
--

SELECT pg_catalog.setval('public.nucleotide_mutation_id_seq', 1834, true);


--
-- TOC entry 3863 (class 0 OID 0)
-- Dependencies: 262
-- Name: processing_job_id_seq; Type: SEQUENCE SET; Schema: public; Owner: postgres
--

SELECT pg_catalog.setval('public.processing_job_id_seq', 4, true);


--
-- TOC entry 3864 (class 0 OID 0)
-- Dependencies: 247
-- Name: property_id_seq; Type: SEQUENCE SET; Schema: public; Owner: postgres
--

SELECT pg_catalog.setval('public.property_id_seq', 3, true);


--
-- TOC entry 3865 (class 0 OID 0)
-- Dependencies: 248
-- Name: reference_id_seq; Type: SEQUENCE SET; Schema: public; Owner: postgres
--

SELECT pg_catalog.setval('public.reference_id_seq', 1, true);


--
-- TOC entry 3866 (class 0 OID 0)
-- Dependencies: 254
-- Name: replicon_id_seq; Type: SEQUENCE SET; Schema: public; Owner: postgres
--

SELECT pg_catalog.setval('public.replicon_id_seq', 1, true);


--
-- TOC entry 3867 (class 0 OID 0)
-- Dependencies: 244
-- Name: sample2property_id_seq; Type: SEQUENCE SET; Schema: public; Owner: postgres
--

SELECT pg_catalog.setval('public.sample2property_id_seq', 360, true);


--
-- TOC entry 3868 (class 0 OID 0)
-- Dependencies: 249
-- Name: sample_id_seq; Type: SEQUENCE SET; Schema: public; Owner: postgres
--

SELECT pg_catalog.setval('public.sample_id_seq', 180, true);


--
-- TOC entry 3869 (class 0 OID 0)
-- Dependencies: 240
-- Name: sequence_id_seq; Type: SEQUENCE SET; Schema: public; Owner: postgres
--

SELECT pg_catalog.setval('public.sequence_id_seq', 180, true);


--
-- TOC entry 3453 (class 2606 OID 16846)
-- Name: alignment alignment_pkey; Type: CONSTRAINT; Schema: public; Owner: postgres
--

ALTER TABLE ONLY public.alignment
    ADD CONSTRAINT alignment_pkey PRIMARY KEY (id);


--
-- TOC entry 3576 (class 2606 OID 17894)
-- Name: amino_acid_mutation_alignments amino_acid_mutation_alig_aminoacidmutation_id_ali_cb35390d_uniq; Type: CONSTRAINT; Schema: public; Owner: postgres
--

ALTER TABLE ONLY public.amino_acid_mutation_alignments
    ADD CONSTRAINT amino_acid_mutation_alig_aminoacidmutation_id_ali_cb35390d_uniq UNIQUE (aminoacidmutation_id, alignment_id);


--
-- TOC entry 3580 (class 2606 OID 17829)
-- Name: amino_acid_mutation_alignments amino_acid_mutation_alignments_pkey; Type: CONSTRAINT; Schema: public; Owner: postgres
--

ALTER TABLE ONLY public.amino_acid_mutation_alignments
    ADD CONSTRAINT amino_acid_mutation_alignments_pkey PRIMARY KEY (id);


--
-- TOC entry 3582 (class 2606 OID 17908)
-- Name: amino_acid_mutation_parent amino_acid_mutation_pare_aminoacidmutation_id_nuc_7963ea79_uniq; Type: CONSTRAINT; Schema: public; Owner: postgres
--

ALTER TABLE ONLY public.amino_acid_mutation_parent
    ADD CONSTRAINT amino_acid_mutation_pare_aminoacidmutation_id_nuc_7963ea79_uniq UNIQUE (aminoacidmutation_id, nucleotidemutation_id);


--
-- TOC entry 3586 (class 2606 OID 17835)
-- Name: amino_acid_mutation_parent amino_acid_mutation_parent_pkey; Type: CONSTRAINT; Schema: public; Owner: postgres
--

ALTER TABLE ONLY public.amino_acid_mutation_parent
    ADD CONSTRAINT amino_acid_mutation_parent_pkey PRIMARY KEY (id);


--
-- TOC entry 3571 (class 2606 OID 17823)
-- Name: amino_acid_mutation amino_acid_mutation_pkey; Type: CONSTRAINT; Schema: public; Owner: postgres
--

ALTER TABLE ONLY public.amino_acid_mutation
    ADD CONSTRAINT amino_acid_mutation_pkey PRIMARY KEY (id);


--
-- TOC entry 3588 (class 2606 OID 17922)
-- Name: annotation_type_mutations annotation_type_mutation_annotationtype_id_nucleo_3b49db54_uniq; Type: CONSTRAINT; Schema: public; Owner: postgres
--

ALTER TABLE ONLY public.annotation_type_mutations
    ADD CONSTRAINT annotation_type_mutation_annotationtype_id_nucleo_3b49db54_uniq UNIQUE (annotationtype_id, nucleotidemutation_id);


--
-- TOC entry 3592 (class 2606 OID 17841)
-- Name: annotation_type_mutations annotation_type_mutations_pkey; Type: CONSTRAINT; Schema: public; Owner: postgres
--

ALTER TABLE ONLY public.annotation_type_mutations
    ADD CONSTRAINT annotation_type_mutations_pkey PRIMARY KEY (id);


--
-- TOC entry 3460 (class 2606 OID 16604)
-- Name: annotation_type annotation_type_pkey; Type: CONSTRAINT; Schema: public; Owner: postgres
--

ALTER TABLE ONLY public.annotation_type
    ADD CONSTRAINT annotation_type_pkey PRIMARY KEY (id);


--
-- TOC entry 3413 (class 2606 OID 16520)
-- Name: auth_group auth_group_name_key; Type: CONSTRAINT; Schema: public; Owner: postgres
--

ALTER TABLE ONLY public.auth_group
    ADD CONSTRAINT auth_group_name_key UNIQUE (name);


--
-- TOC entry 3418 (class 2606 OID 16451)
-- Name: auth_group_permissions auth_group_permissions_group_id_permission_id_0cd325b0_uniq; Type: CONSTRAINT; Schema: public; Owner: postgres
--

ALTER TABLE ONLY public.auth_group_permissions
    ADD CONSTRAINT auth_group_permissions_group_id_permission_id_0cd325b0_uniq UNIQUE (group_id, permission_id);


--
-- TOC entry 3421 (class 2606 OID 16420)
-- Name: auth_group_permissions auth_group_permissions_pkey; Type: CONSTRAINT; Schema: public; Owner: postgres
--

ALTER TABLE ONLY public.auth_group_permissions
    ADD CONSTRAINT auth_group_permissions_pkey PRIMARY KEY (id);


--
-- TOC entry 3415 (class 2606 OID 16412)
-- Name: auth_group auth_group_pkey; Type: CONSTRAINT; Schema: public; Owner: postgres
--

ALTER TABLE ONLY public.auth_group
    ADD CONSTRAINT auth_group_pkey PRIMARY KEY (id);


--
-- TOC entry 3408 (class 2606 OID 16442)
-- Name: auth_permission auth_permission_content_type_id_codename_01ab375a_uniq; Type: CONSTRAINT; Schema: public; Owner: postgres
--

ALTER TABLE ONLY public.auth_permission
    ADD CONSTRAINT auth_permission_content_type_id_codename_01ab375a_uniq UNIQUE (content_type_id, codename);


--
-- TOC entry 3410 (class 2606 OID 16406)
-- Name: auth_permission auth_permission_pkey; Type: CONSTRAINT; Schema: public; Owner: postgres
--

ALTER TABLE ONLY public.auth_permission
    ADD CONSTRAINT auth_permission_pkey PRIMARY KEY (id);


--
-- TOC entry 3429 (class 2606 OID 16434)
-- Name: auth_user_groups auth_user_groups_pkey; Type: CONSTRAINT; Schema: public; Owner: postgres
--

ALTER TABLE ONLY public.auth_user_groups
    ADD CONSTRAINT auth_user_groups_pkey PRIMARY KEY (id);


--
-- TOC entry 3432 (class 2606 OID 16466)
-- Name: auth_user_groups auth_user_groups_user_id_group_id_94350c0c_uniq; Type: CONSTRAINT; Schema: public; Owner: postgres
--

ALTER TABLE ONLY public.auth_user_groups
    ADD CONSTRAINT auth_user_groups_user_id_group_id_94350c0c_uniq UNIQUE (user_id, group_id);


--
-- TOC entry 3423 (class 2606 OID 16426)
-- Name: auth_user auth_user_pkey; Type: CONSTRAINT; Schema: public; Owner: postgres
--

ALTER TABLE ONLY public.auth_user
    ADD CONSTRAINT auth_user_pkey PRIMARY KEY (id);


--
-- TOC entry 3435 (class 2606 OID 16440)
-- Name: auth_user_user_permissions auth_user_user_permissions_pkey; Type: CONSTRAINT; Schema: public; Owner: postgres
--

ALTER TABLE ONLY public.auth_user_user_permissions
    ADD CONSTRAINT auth_user_user_permissions_pkey PRIMARY KEY (id);


--
-- TOC entry 3438 (class 2606 OID 16480)
-- Name: auth_user_user_permissions auth_user_user_permissions_user_id_permission_id_14a6b632_uniq; Type: CONSTRAINT; Schema: public; Owner: postgres
--

ALTER TABLE ONLY public.auth_user_user_permissions
    ADD CONSTRAINT auth_user_user_permissions_user_id_permission_id_14a6b632_uniq UNIQUE (user_id, permission_id);


--
-- TOC entry 3426 (class 2606 OID 16515)
-- Name: auth_user auth_user_username_key; Type: CONSTRAINT; Schema: public; Owner: postgres
--

ALTER TABLE ONLY public.auth_user
    ADD CONSTRAINT auth_user_username_key UNIQUE (username);


--
-- TOC entry 3510 (class 2606 OID 17035)
-- Name: gene child_element_pkey; Type: CONSTRAINT; Schema: public; Owner: postgres
--

ALTER TABLE ONLY public.gene
    ADD CONSTRAINT child_element_pkey PRIMARY KEY (id);


--
-- TOC entry 3441 (class 2606 OID 16501)
-- Name: django_admin_log django_admin_log_pkey; Type: CONSTRAINT; Schema: public; Owner: postgres
--

ALTER TABLE ONLY public.django_admin_log
    ADD CONSTRAINT django_admin_log_pkey PRIMARY KEY (id);


--
-- TOC entry 3445 (class 2606 OID 16550)
-- Name: django_apscheduler_djangojob django_apscheduler_djangojob_pkey; Type: CONSTRAINT; Schema: public; Owner: postgres
--

ALTER TABLE ONLY public.django_apscheduler_djangojob
    ADD CONSTRAINT django_apscheduler_djangojob_pkey PRIMARY KEY (id);


--
-- TOC entry 3448 (class 2606 OID 16576)
-- Name: django_apscheduler_djangojobexecution django_apscheduler_djangojobexecution_pkey; Type: CONSTRAINT; Schema: public; Owner: postgres
--

ALTER TABLE ONLY public.django_apscheduler_djangojobexecution
    ADD CONSTRAINT django_apscheduler_djangojobexecution_pkey PRIMARY KEY (id);


--
-- TOC entry 3403 (class 2606 OID 16400)
-- Name: django_content_type django_content_type_app_label_model_76bd3d3b_uniq; Type: CONSTRAINT; Schema: public; Owner: postgres
--

ALTER TABLE ONLY public.django_content_type
    ADD CONSTRAINT django_content_type_app_label_model_76bd3d3b_uniq UNIQUE (app_label, model);


--
-- TOC entry 3405 (class 2606 OID 16398)
-- Name: django_content_type django_content_type_pkey; Type: CONSTRAINT; Schema: public; Owner: postgres
--

ALTER TABLE ONLY public.django_content_type
    ADD CONSTRAINT django_content_type_pkey PRIMARY KEY (id);


--
-- TOC entry 3401 (class 2606 OID 16392)
-- Name: django_migrations django_migrations_pkey; Type: CONSTRAINT; Schema: public; Owner: postgres
--

ALTER TABLE ONLY public.django_migrations
    ADD CONSTRAINT django_migrations_pkey PRIMARY KEY (id);


--
-- TOC entry 3595 (class 2606 OID 17952)
-- Name: django_session django_session_pkey; Type: CONSTRAINT; Schema: public; Owner: postgres
--

ALTER TABLE ONLY public.django_session
    ADD CONSTRAINT django_session_pkey PRIMARY KEY (session_key);


--
-- TOC entry 3538 (class 2606 OID 17675)
-- Name: file_processing file_processing_file_name_key; Type: CONSTRAINT; Schema: public; Owner: postgres
--

ALTER TABLE ONLY public.file_processing
    ADD CONSTRAINT file_processing_file_name_key UNIQUE (file_name);


--
-- TOC entry 3540 (class 2606 OID 17673)
-- Name: file_processing file_processing_pkey; Type: CONSTRAINT; Schema: public; Owner: postgres
--

ALTER TABLE ONLY public.file_processing
    ADD CONSTRAINT file_processing_pkey PRIMARY KEY (id);


--
-- TOC entry 3513 (class 2606 OID 17181)
-- Name: gene gene_cds_accession_key; Type: CONSTRAINT; Schema: public; Owner: postgres
--

ALTER TABLE ONLY public.gene
    ADD CONSTRAINT gene_cds_accession_key UNIQUE (cds_accession);


--
-- TOC entry 3517 (class 2606 OID 17045)
-- Name: gene_segment gene_part_pkey; Type: CONSTRAINT; Schema: public; Owner: postgres
--

ALTER TABLE ONLY public.gene_segment
    ADD CONSTRAINT gene_part_pkey PRIMARY KEY (id);


--
-- TOC entry 3533 (class 2606 OID 17650)
-- Name: import_log import_log_pkey; Type: CONSTRAINT; Schema: public; Owner: postgres
--

ALTER TABLE ONLY public.import_log
    ADD CONSTRAINT import_log_pkey PRIMARY KEY (id);


--
-- TOC entry 3526 (class 2606 OID 17619)
-- Name: lineage lineage_pkey; Type: CONSTRAINT; Schema: public; Owner: postgres
--

ALTER TABLE ONLY public.lineage
    ADD CONSTRAINT lineage_pkey PRIMARY KEY (id);


--
-- TOC entry 3559 (class 2606 OID 17868)
-- Name: nucleotide_mutation_alignments nucleotide_mutation_alig_nucleotidemutation_id_al_71d34c7b_uniq; Type: CONSTRAINT; Schema: public; Owner: postgres
--

ALTER TABLE ONLY public.nucleotide_mutation_alignments
    ADD CONSTRAINT nucleotide_mutation_alig_nucleotidemutation_id_al_71d34c7b_uniq UNIQUE (nucleotidemutation_id, alignment_id);


--
-- TOC entry 3563 (class 2606 OID 17815)
-- Name: nucleotide_mutation_alignments nucleotide_mutation_alignments_pkey; Type: CONSTRAINT; Schema: public; Owner: postgres
--

ALTER TABLE ONLY public.nucleotide_mutation_alignments
    ADD CONSTRAINT nucleotide_mutation_alignments_pkey PRIMARY KEY (id);


--
-- TOC entry 3554 (class 2606 OID 17809)
-- Name: nucleotide_mutation nucleotide_mutation_pkey; Type: CONSTRAINT; Schema: public; Owner: postgres
--

ALTER TABLE ONLY public.nucleotide_mutation
    ADD CONSTRAINT nucleotide_mutation_pkey PRIMARY KEY (id);


--
-- TOC entry 3543 (class 2606 OID 17710)
-- Name: processing_job processing_job_entry_time_a867758c_uniq; Type: CONSTRAINT; Schema: public; Owner: postgres
--

ALTER TABLE ONLY public.processing_job
    ADD CONSTRAINT processing_job_entry_time_a867758c_uniq UNIQUE (entry_time);


--
-- TOC entry 3546 (class 2606 OID 17712)
-- Name: processing_job processing_job_job_name_d910ea14_uniq; Type: CONSTRAINT; Schema: public; Owner: postgres
--

ALTER TABLE ONLY public.processing_job
    ADD CONSTRAINT processing_job_job_name_d910ea14_uniq UNIQUE (job_name);


--
-- TOC entry 3548 (class 2606 OID 17681)
-- Name: processing_job processing_job_pkey; Type: CONSTRAINT; Schema: public; Owner: postgres
--

ALTER TABLE ONLY public.processing_job
    ADD CONSTRAINT processing_job_pkey PRIMARY KEY (id);


--
-- TOC entry 3465 (class 2606 OID 17326)
-- Name: property property_name_key; Type: CONSTRAINT; Schema: public; Owner: postgres
--

ALTER TABLE ONLY public.property
    ADD CONSTRAINT property_name_key UNIQUE (name);


--
-- TOC entry 3467 (class 2606 OID 16880)
-- Name: property property_pkey; Type: CONSTRAINT; Schema: public; Owner: postgres
--

ALTER TABLE ONLY public.property
    ADD CONSTRAINT property_pkey PRIMARY KEY (id);


--
-- TOC entry 3493 (class 2606 OID 17356)
-- Name: reference reference_accession_key; Type: CONSTRAINT; Schema: public; Owner: postgres
--

ALTER TABLE ONLY public.reference
    ADD CONSTRAINT reference_accession_key UNIQUE (accession);


--
-- TOC entry 3496 (class 2606 OID 17380)
-- Name: reference reference_db_xref_key; Type: CONSTRAINT; Schema: public; Owner: postgres
--

ALTER TABLE ONLY public.reference
    ADD CONSTRAINT reference_db_xref_key UNIQUE (db_xref);


--
-- TOC entry 3499 (class 2606 OID 17438)
-- Name: reference reference_name_key; Type: CONSTRAINT; Schema: public; Owner: postgres
--

ALTER TABLE ONLY public.reference
    ADD CONSTRAINT reference_name_key UNIQUE (name);


--
-- TOC entry 3501 (class 2606 OID 16893)
-- Name: reference reference_pkey; Type: CONSTRAINT; Schema: public; Owner: postgres
--

ALTER TABLE ONLY public.reference
    ADD CONSTRAINT reference_pkey PRIMARY KEY (id);


--
-- TOC entry 3520 (class 2606 OID 17463)
-- Name: replicon replicon_accession_key; Type: CONSTRAINT; Schema: public; Owner: postgres
--

ALTER TABLE ONLY public.replicon
    ADD CONSTRAINT replicon_accession_key UNIQUE (accession);


--
-- TOC entry 3522 (class 2606 OID 17092)
-- Name: replicon replicon_pkey; Type: CONSTRAINT; Schema: public; Owner: postgres
--

ALTER TABLE ONLY public.replicon
    ADD CONSTRAINT replicon_pkey PRIMARY KEY (id);


--
-- TOC entry 3503 (class 2606 OID 16729)
-- Name: sample2property sample2property_pkey; Type: CONSTRAINT; Schema: public; Owner: postgres
--

ALTER TABLE ONLY public.sample2property
    ADD CONSTRAINT sample2property_pkey PRIMARY KEY (id);


--
-- TOC entry 3486 (class 2606 OID 17541)
-- Name: sample sample_name_key; Type: CONSTRAINT; Schema: public; Owner: postgres
--

ALTER TABLE ONLY public.sample
    ADD CONSTRAINT sample_name_key UNIQUE (name);


--
-- TOC entry 3488 (class 2606 OID 16901)
-- Name: sample sample_pkey; Type: CONSTRAINT; Schema: public; Owner: postgres
--

ALTER TABLE ONLY public.sample
    ADD CONSTRAINT sample_pkey PRIMARY KEY (id);


--
-- TOC entry 3469 (class 2606 OID 16636)
-- Name: sequence sequence_pkey; Type: CONSTRAINT; Schema: public; Owner: postgres
--

ALTER TABLE ONLY public.sequence
    ADD CONSTRAINT sequence_pkey PRIMARY KEY (id);


--
-- TOC entry 3472 (class 2606 OID 16638)
-- Name: sequence sequence_seqhash_key; Type: CONSTRAINT; Schema: public; Owner: postgres
--

ALTER TABLE ONLY public.sequence
    ADD CONSTRAINT sequence_seqhash_key UNIQUE (seqhash);


--
-- TOC entry 3574 (class 2606 OID 17856)
-- Name: amino_acid_mutation unique_aa_mutation; Type: CONSTRAINT; Schema: public; Owner: postgres
--

ALTER TABLE ONLY public.amino_acid_mutation
    ADD CONSTRAINT unique_aa_mutation UNIQUE (ref, alt, start, "end", gene_id, replicon_id);


--
-- TOC entry 3458 (class 2606 OID 17166)
-- Name: alignment unique_alignment; Type: CONSTRAINT; Schema: public; Owner: postgres
--

ALTER TABLE ONLY public.alignment
    ADD CONSTRAINT unique_alignment UNIQUE (replicon_id, sequence_id);


--
-- TOC entry 3462 (class 2606 OID 17170)
-- Name: annotation_type unique_annotation; Type: CONSTRAINT; Schema: public; Owner: postgres
--

ALTER TABLE ONLY public.annotation_type
    ADD CONSTRAINT unique_annotation UNIQUE (seq_ontology, region, impact);


--
-- TOC entry 3535 (class 2606 OID 17690)
-- Name: import_log unique_import_log; Type: CONSTRAINT; Schema: public; Owner: postgres
--

ALTER TABLE ONLY public.import_log
    ADD CONSTRAINT unique_import_log UNIQUE (file_id, updated);


--
-- TOC entry 3451 (class 2606 OID 16587)
-- Name: django_apscheduler_djangojobexecution unique_job_executions; Type: CONSTRAINT; Schema: public; Owner: postgres
--

ALTER TABLE ONLY public.django_apscheduler_djangojobexecution
    ADD CONSTRAINT unique_job_executions UNIQUE (job_id, run_time);


--
-- TOC entry 3528 (class 2606 OID 17735)
-- Name: lineage unique_lineage; Type: CONSTRAINT; Schema: public; Owner: postgres
--

ALTER TABLE ONLY public.lineage
    ADD CONSTRAINT unique_lineage UNIQUE (name, parent_id);


--
-- TOC entry 3557 (class 2606 OID 17847)
-- Name: nucleotide_mutation unique_nt_mutation; Type: CONSTRAINT; Schema: public; Owner: postgres
--

ALTER TABLE ONLY public.nucleotide_mutation
    ADD CONSTRAINT unique_nt_mutation UNIQUE (ref, alt, start, "end", replicon_id);


--
-- TOC entry 3507 (class 2606 OID 17176)
-- Name: sample2property unique_property2sample; Type: CONSTRAINT; Schema: public; Owner: postgres
--

ALTER TABLE ONLY public.sample2property
    ADD CONSTRAINT unique_property2sample UNIQUE (property_id, sample_id);


--
-- TOC entry 3454 (class 1259 OID 17160)
-- Name: alignment_replico_f9eb6b_idx; Type: INDEX; Schema: public; Owner: postgres
--

CREATE INDEX alignment_replico_f9eb6b_idx ON public.alignment USING btree (replicon_id, sequence_id);


--
-- TOC entry 3455 (class 1259 OID 17161)
-- Name: alignment_replicon_id_68bc5c6d; Type: INDEX; Schema: public; Owner: postgres
--

CREATE INDEX alignment_replicon_id_68bc5c6d ON public.alignment USING btree (replicon_id);


--
-- TOC entry 3456 (class 1259 OID 16776)
-- Name: alignment_sequence_id_7c24bc6c; Type: INDEX; Schema: public; Owner: postgres
--

CREATE INDEX alignment_sequence_id_7c24bc6c ON public.alignment USING btree (sequence_id);


--
-- TOC entry 3564 (class 1259 OID 17854)
-- Name: amino_acid__alt_1cd2ff_idx; Type: INDEX; Schema: public; Owner: postgres
--

CREATE INDEX amino_acid__alt_1cd2ff_idx ON public.amino_acid_mutation USING btree (alt);


--
-- TOC entry 3565 (class 1259 OID 17852)
-- Name: amino_acid__end_e8901f_idx; Type: INDEX; Schema: public; Owner: postgres
--

CREATE INDEX amino_acid__end_e8901f_idx ON public.amino_acid_mutation USING btree ("end");


--
-- TOC entry 3566 (class 1259 OID 17850)
-- Name: amino_acid__gene_id_d4203e_idx; Type: INDEX; Schema: public; Owner: postgres
--

CREATE INDEX amino_acid__gene_id_d4203e_idx ON public.amino_acid_mutation USING btree (gene_id);


--
-- TOC entry 3567 (class 1259 OID 17853)
-- Name: amino_acid__ref_be60a6_idx; Type: INDEX; Schema: public; Owner: postgres
--

CREATE INDEX amino_acid__ref_be60a6_idx ON public.amino_acid_mutation USING btree (ref);


--
-- TOC entry 3568 (class 1259 OID 17851)
-- Name: amino_acid__start_11ae3a_idx; Type: INDEX; Schema: public; Owner: postgres
--

CREATE INDEX amino_acid__start_11ae3a_idx ON public.amino_acid_mutation USING btree (start);


--
-- TOC entry 3577 (class 1259 OID 17906)
-- Name: amino_acid_mutation_alignments_alignment_id_490a0674; Type: INDEX; Schema: public; Owner: postgres
--

CREATE INDEX amino_acid_mutation_alignments_alignment_id_490a0674 ON public.amino_acid_mutation_alignments USING btree (alignment_id);


--
-- TOC entry 3578 (class 1259 OID 17905)
-- Name: amino_acid_mutation_alignments_aminoacidmutation_id_2ee28a92; Type: INDEX; Schema: public; Owner: postgres
--

CREATE INDEX amino_acid_mutation_alignments_aminoacidmutation_id_2ee28a92 ON public.amino_acid_mutation_alignments USING btree (aminoacidmutation_id);


--
-- TOC entry 3569 (class 1259 OID 17891)
-- Name: amino_acid_mutation_gene_id_1fe67473; Type: INDEX; Schema: public; Owner: postgres
--

CREATE INDEX amino_acid_mutation_gene_id_1fe67473 ON public.amino_acid_mutation USING btree (gene_id);


--
-- TOC entry 3583 (class 1259 OID 17919)
-- Name: amino_acid_mutation_parent_aminoacidmutation_id_7e97d480; Type: INDEX; Schema: public; Owner: postgres
--

CREATE INDEX amino_acid_mutation_parent_aminoacidmutation_id_7e97d480 ON public.amino_acid_mutation_parent USING btree (aminoacidmutation_id);


--
-- TOC entry 3584 (class 1259 OID 17920)
-- Name: amino_acid_mutation_parent_nucleotidemutation_id_28a89542; Type: INDEX; Schema: public; Owner: postgres
--

CREATE INDEX amino_acid_mutation_parent_nucleotidemutation_id_28a89542 ON public.amino_acid_mutation_parent USING btree (nucleotidemutation_id);


--
-- TOC entry 3572 (class 1259 OID 17892)
-- Name: amino_acid_mutation_replicon_id_3d9157fc; Type: INDEX; Schema: public; Owner: postgres
--

CREATE INDEX amino_acid_mutation_replicon_id_3d9157fc ON public.amino_acid_mutation USING btree (replicon_id);


--
-- TOC entry 3589 (class 1259 OID 17933)
-- Name: annotation_type_mutations_annotationtype_id_70469db6; Type: INDEX; Schema: public; Owner: postgres
--

CREATE INDEX annotation_type_mutations_annotationtype_id_70469db6 ON public.annotation_type_mutations USING btree (annotationtype_id);


--
-- TOC entry 3590 (class 1259 OID 17934)
-- Name: annotation_type_mutations_nucleotidemutation_id_d7be6a9d; Type: INDEX; Schema: public; Owner: postgres
--

CREATE INDEX annotation_type_mutations_nucleotidemutation_id_d7be6a9d ON public.annotation_type_mutations USING btree (nucleotidemutation_id);


--
-- TOC entry 3411 (class 1259 OID 16521)
-- Name: auth_group_name_a6ea08ec_like; Type: INDEX; Schema: public; Owner: postgres
--

CREATE INDEX auth_group_name_a6ea08ec_like ON public.auth_group USING btree (name varchar_pattern_ops);


--
-- TOC entry 3416 (class 1259 OID 16462)
-- Name: auth_group_permissions_group_id_b120cbf9; Type: INDEX; Schema: public; Owner: postgres
--

CREATE INDEX auth_group_permissions_group_id_b120cbf9 ON public.auth_group_permissions USING btree (group_id);


--
-- TOC entry 3419 (class 1259 OID 16463)
-- Name: auth_group_permissions_permission_id_84c5c92e; Type: INDEX; Schema: public; Owner: postgres
--

CREATE INDEX auth_group_permissions_permission_id_84c5c92e ON public.auth_group_permissions USING btree (permission_id);


--
-- TOC entry 3406 (class 1259 OID 16448)
-- Name: auth_permission_content_type_id_2f476e4b; Type: INDEX; Schema: public; Owner: postgres
--

CREATE INDEX auth_permission_content_type_id_2f476e4b ON public.auth_permission USING btree (content_type_id);


--
-- TOC entry 3427 (class 1259 OID 16478)
-- Name: auth_user_groups_group_id_97559544; Type: INDEX; Schema: public; Owner: postgres
--

CREATE INDEX auth_user_groups_group_id_97559544 ON public.auth_user_groups USING btree (group_id);


--
-- TOC entry 3430 (class 1259 OID 16477)
-- Name: auth_user_groups_user_id_6a12ed8b; Type: INDEX; Schema: public; Owner: postgres
--

CREATE INDEX auth_user_groups_user_id_6a12ed8b ON public.auth_user_groups USING btree (user_id);


--
-- TOC entry 3433 (class 1259 OID 16492)
-- Name: auth_user_user_permissions_permission_id_1fbb5f2c; Type: INDEX; Schema: public; Owner: postgres
--

CREATE INDEX auth_user_user_permissions_permission_id_1fbb5f2c ON public.auth_user_user_permissions USING btree (permission_id);


--
-- TOC entry 3436 (class 1259 OID 16491)
-- Name: auth_user_user_permissions_user_id_a95ead1b; Type: INDEX; Schema: public; Owner: postgres
--

CREATE INDEX auth_user_user_permissions_user_id_a95ead1b ON public.auth_user_user_permissions USING btree (user_id);


--
-- TOC entry 3424 (class 1259 OID 16516)
-- Name: auth_user_username_6821ab7c_like; Type: INDEX; Schema: public; Owner: postgres
--

CREATE INDEX auth_user_username_6821ab7c_like ON public.auth_user USING btree (username varchar_pattern_ops);


--
-- TOC entry 3508 (class 1259 OID 17218)
-- Name: child_element_gene_accession_52ac9c05_like; Type: INDEX; Schema: public; Owner: postgres
--

CREATE INDEX child_element_gene_accession_52ac9c05_like ON public.gene USING btree (gene_accession varchar_pattern_ops);


--
-- TOC entry 3473 (class 1259 OID 17739)
-- Name: collection_date_month_idx; Type: INDEX; Schema: public; Owner: postgres
--

CREATE INDEX collection_date_month_idx ON public.sample USING btree (EXTRACT(month FROM collection_date));


--
-- TOC entry 3474 (class 1259 OID 17738)
-- Name: collection_date_week_idx; Type: INDEX; Schema: public; Owner: postgres
--

CREATE INDEX collection_date_week_idx ON public.sample USING btree (EXTRACT(week FROM collection_date));


--
-- TOC entry 3475 (class 1259 OID 17740)
-- Name: collection_date_year_idx; Type: INDEX; Schema: public; Owner: postgres
--

CREATE INDEX collection_date_year_idx ON public.sample USING btree (EXTRACT(year FROM collection_date));


--
-- TOC entry 3439 (class 1259 OID 16512)
-- Name: django_admin_log_content_type_id_c4bce8eb; Type: INDEX; Schema: public; Owner: postgres
--

CREATE INDEX django_admin_log_content_type_id_c4bce8eb ON public.django_admin_log USING btree (content_type_id);


--
-- TOC entry 3442 (class 1259 OID 16513)
-- Name: django_admin_log_user_id_c564eba6; Type: INDEX; Schema: public; Owner: postgres
--

CREATE INDEX django_admin_log_user_id_c564eba6 ON public.django_admin_log USING btree (user_id);


--
-- TOC entry 3443 (class 1259 OID 16541)
-- Name: django_apscheduler_djangojob_next_run_time_2f022619; Type: INDEX; Schema: public; Owner: postgres
--

CREATE INDEX django_apscheduler_djangojob_next_run_time_2f022619 ON public.django_apscheduler_djangojob USING btree (next_run_time);


--
-- TOC entry 3446 (class 1259 OID 16560)
-- Name: django_apscheduler_djangojobexecution_job_id_daf5090a; Type: INDEX; Schema: public; Owner: postgres
--

CREATE INDEX django_apscheduler_djangojobexecution_job_id_daf5090a ON public.django_apscheduler_djangojobexecution USING btree (job_id);


--
-- TOC entry 3449 (class 1259 OID 16547)
-- Name: django_apscheduler_djangojobexecution_run_time_16edd96b; Type: INDEX; Schema: public; Owner: postgres
--

CREATE INDEX django_apscheduler_djangojobexecution_run_time_16edd96b ON public.django_apscheduler_djangojobexecution USING btree (run_time);


--
-- TOC entry 3593 (class 1259 OID 17954)
-- Name: django_session_expire_date_a5c62663; Type: INDEX; Schema: public; Owner: postgres
--

CREATE INDEX django_session_expire_date_a5c62663 ON public.django_session USING btree (expire_date);


--
-- TOC entry 3596 (class 1259 OID 17953)
-- Name: django_session_session_key_c0390e0f_like; Type: INDEX; Schema: public; Owner: postgres
--

CREATE INDEX django_session_session_key_c0390e0f_like ON public.django_session USING btree (session_key varchar_pattern_ops);


--
-- TOC entry 3536 (class 1259 OID 17705)
-- Name: file_processing_file_name_bacdccbd_like; Type: INDEX; Schema: public; Owner: postgres
--

CREATE INDEX file_processing_file_name_bacdccbd_like ON public.file_processing USING btree (file_name varchar_pattern_ops);


--
-- TOC entry 3541 (class 1259 OID 17708)
-- Name: file_processing_processing_job_id_46fcf01d; Type: INDEX; Schema: public; Owner: postgres
--

CREATE INDEX file_processing_processing_job_id_46fcf01d ON public.file_processing USING btree (processing_job_id);


--
-- TOC entry 3511 (class 1259 OID 17182)
-- Name: gene_cds_accession_6b5e6f72_like; Type: INDEX; Schema: public; Owner: postgres
--

CREATE INDEX gene_cds_accession_6b5e6f72_like ON public.gene USING btree (cds_accession varchar_pattern_ops);


--
-- TOC entry 3515 (class 1259 OID 17071)
-- Name: gene_part_gene_id_be41e83b; Type: INDEX; Schema: public; Owner: postgres
--

CREATE INDEX gene_part_gene_id_be41e83b ON public.gene_segment USING btree (gene_id);


--
-- TOC entry 3514 (class 1259 OID 17119)
-- Name: gene_replicon_id_7a0d0bd8; Type: INDEX; Schema: public; Owner: postgres
--

CREATE INDEX gene_replicon_id_7a0d0bd8 ON public.gene USING btree (replicon_id);


--
-- TOC entry 3530 (class 1259 OID 17698)
-- Name: import_log_file_id_7df8ad67; Type: INDEX; Schema: public; Owner: postgres
--

CREATE INDEX import_log_file_id_7df8ad67 ON public.import_log USING btree (file_id);


--
-- TOC entry 3531 (class 1259 OID 17704)
-- Name: import_log_file_id_7df8ad67_like; Type: INDEX; Schema: public; Owner: postgres
--

CREATE INDEX import_log_file_id_7df8ad67_like ON public.import_log USING btree (file_id varchar_pattern_ops);


--
-- TOC entry 3524 (class 1259 OID 17736)
-- Name: lineage_parent_id_332a5968; Type: INDEX; Schema: public; Owner: postgres
--

CREATE INDEX lineage_parent_id_332a5968 ON public.lineage USING btree (parent_id);


--
-- TOC entry 3549 (class 1259 OID 17845)
-- Name: nucleotide__alt_8605ca_idx; Type: INDEX; Schema: public; Owner: postgres
--

CREATE INDEX nucleotide__alt_8605ca_idx ON public.nucleotide_mutation USING btree (alt);


--
-- TOC entry 3550 (class 1259 OID 17843)
-- Name: nucleotide__end_003063_idx; Type: INDEX; Schema: public; Owner: postgres
--

CREATE INDEX nucleotide__end_003063_idx ON public.nucleotide_mutation USING btree ("end");


--
-- TOC entry 3551 (class 1259 OID 17844)
-- Name: nucleotide__ref_f7c83c_idx; Type: INDEX; Schema: public; Owner: postgres
--

CREATE INDEX nucleotide__ref_f7c83c_idx ON public.nucleotide_mutation USING btree (ref);


--
-- TOC entry 3552 (class 1259 OID 17842)
-- Name: nucleotide__start_6615b2_idx; Type: INDEX; Schema: public; Owner: postgres
--

CREATE INDEX nucleotide__start_6615b2_idx ON public.nucleotide_mutation USING btree (start);


--
-- TOC entry 3560 (class 1259 OID 17880)
-- Name: nucleotide_mutation_alignments_alignment_id_ca48460d; Type: INDEX; Schema: public; Owner: postgres
--

CREATE INDEX nucleotide_mutation_alignments_alignment_id_ca48460d ON public.nucleotide_mutation_alignments USING btree (alignment_id);


--
-- TOC entry 3561 (class 1259 OID 17879)
-- Name: nucleotide_mutation_alignments_nucleotidemutation_id_cab3b039; Type: INDEX; Schema: public; Owner: postgres
--

CREATE INDEX nucleotide_mutation_alignments_nucleotidemutation_id_cab3b039 ON public.nucleotide_mutation_alignments USING btree (nucleotidemutation_id);


--
-- TOC entry 3555 (class 1259 OID 17866)
-- Name: nucleotide_mutation_replicon_id_15a68443; Type: INDEX; Schema: public; Owner: postgres
--

CREATE INDEX nucleotide_mutation_replicon_id_15a68443 ON public.nucleotide_mutation USING btree (replicon_id);


--
-- TOC entry 3544 (class 1259 OID 17713)
-- Name: processing_job_job_name_d910ea14_like; Type: INDEX; Schema: public; Owner: postgres
--

CREATE INDEX processing_job_job_name_d910ea14_like ON public.processing_job USING btree (job_name varchar_pattern_ops);


--
-- TOC entry 3494 (class 1259 OID 17381)
-- Name: reference_db_xref_0f9dcc91_like; Type: INDEX; Schema: public; Owner: postgres
--

CREATE INDEX reference_db_xref_0f9dcc91_like ON public.reference USING btree (db_xref varchar_pattern_ops);


--
-- TOC entry 3497 (class 1259 OID 17439)
-- Name: reference_name_5a6362c2_like; Type: INDEX; Schema: public; Owner: postgres
--

CREATE INDEX reference_name_5a6362c2_like ON public.reference USING btree (name varchar_pattern_ops);


--
-- TOC entry 3518 (class 1259 OID 17464)
-- Name: replicon_accession_fb021954_like; Type: INDEX; Schema: public; Owner: postgres
--

CREATE INDEX replicon_accession_fb021954_like ON public.replicon USING btree (accession varchar_pattern_ops);


--
-- TOC entry 3523 (class 1259 OID 17118)
-- Name: replicon_reference_id_f0191358; Type: INDEX; Schema: public; Owner: postgres
--

CREATE INDEX replicon_reference_id_f0191358 ON public.replicon USING btree (reference_id);


--
-- TOC entry 3504 (class 1259 OID 16831)
-- Name: sample2property_property_id_c2180c6c; Type: INDEX; Schema: public; Owner: postgres
--

CREATE INDEX sample2property_property_id_c2180c6c ON public.sample2property USING btree (property_id);


--
-- TOC entry 3505 (class 1259 OID 16832)
-- Name: sample2property_sample_id_8576a658; Type: INDEX; Schema: public; Owner: postgres
--

CREATE INDEX sample2property_sample_id_8576a658 ON public.sample2property USING btree (sample_id);


--
-- TOC entry 3476 (class 1259 OID 17749)
-- Name: sample_collect_861c47_idx; Type: INDEX; Schema: public; Owner: postgres
--

CREATE INDEX sample_collect_861c47_idx ON public.sample USING btree (collection_date);


--
-- TOC entry 3477 (class 1259 OID 17743)
-- Name: sample_country_da3900_idx; Type: INDEX; Schema: public; Owner: postgres
--

CREATE INDEX sample_country_da3900_idx ON public.sample USING btree (country);


--
-- TOC entry 3478 (class 1259 OID 17748)
-- Name: sample_genome__ca4dc9_idx; Type: INDEX; Schema: public; Owner: postgres
--

CREATE INDEX sample_genome__ca4dc9_idx ON public.sample USING btree (genome_completeness);


--
-- TOC entry 3479 (class 1259 OID 17744)
-- Name: sample_host_ef80b0_idx; Type: INDEX; Schema: public; Owner: postgres
--

CREATE INDEX sample_host_ef80b0_idx ON public.sample USING btree (host);


--
-- TOC entry 3480 (class 1259 OID 17750)
-- Name: sample_init_up_6bdf99_idx; Type: INDEX; Schema: public; Owner: postgres
--

CREATE INDEX sample_init_up_6bdf99_idx ON public.sample USING btree (init_upload_date);


--
-- TOC entry 3481 (class 1259 OID 17746)
-- Name: sample_lab_f9c2e2_idx; Type: INDEX; Schema: public; Owner: postgres
--

CREATE INDEX sample_lab_f9c2e2_idx ON public.sample USING btree (lab);


--
-- TOC entry 3482 (class 1259 OID 17751)
-- Name: sample_last_up_5f4e06_idx; Type: INDEX; Schema: public; Owner: postgres
--

CREATE INDEX sample_last_up_5f4e06_idx ON public.sample USING btree (last_update_date);


--
-- TOC entry 3483 (class 1259 OID 17747)
-- Name: sample_lineage_1bf41c_idx; Type: INDEX; Schema: public; Owner: postgres
--

CREATE INDEX sample_lineage_1bf41c_idx ON public.sample USING btree (lineage);


--
-- TOC entry 3484 (class 1259 OID 17741)
-- Name: sample_name_be7a19_idx; Type: INDEX; Schema: public; Owner: postgres
--

CREATE INDEX sample_name_be7a19_idx ON public.sample USING btree (name);


--
-- TOC entry 3489 (class 1259 OID 17742)
-- Name: sample_sequenc_99b417_idx; Type: INDEX; Schema: public; Owner: postgres
--

CREATE INDEX sample_sequenc_99b417_idx ON public.sample USING btree (sequencing_tech);


--
-- TOC entry 3490 (class 1259 OID 16753)
-- Name: sample_sequence_id_ce61d347; Type: INDEX; Schema: public; Owner: postgres
--

CREATE INDEX sample_sequence_id_ce61d347 ON public.sample USING btree (sequence_id);


--
-- TOC entry 3491 (class 1259 OID 17745)
-- Name: sample_zip_cod_2b199b_idx; Type: INDEX; Schema: public; Owner: postgres
--

CREATE INDEX sample_zip_cod_2b199b_idx ON public.sample USING btree (zip_code);


--
-- TOC entry 3470 (class 1259 OID 16740)
-- Name: sequence_seqhash_85573dac_like; Type: INDEX; Schema: public; Owner: postgres
--

CREATE INDEX sequence_seqhash_85573dac_like ON public.sequence USING btree (seqhash varchar_pattern_ops);


--
-- TOC entry 3463 (class 1259 OID 17179)
-- Name: unique_annotation_null_region; Type: INDEX; Schema: public; Owner: postgres
--

CREATE UNIQUE INDEX unique_annotation_null_region ON public.annotation_type USING btree (seq_ontology, impact) WHERE (region IS NULL);


--
-- TOC entry 3529 (class 1259 OID 17737)
-- Name: unique_lineage_parent_null; Type: INDEX; Schema: public; Owner: postgres
--

CREATE UNIQUE INDEX unique_lineage_parent_null ON public.lineage USING btree (name) WHERE (parent_id IS NULL);


--
-- TOC entry 3607 (class 2606 OID 17772)
-- Name: alignment alignment_replicon_id_68bc5c6d_fk_replicon_id; Type: FK CONSTRAINT; Schema: public; Owner: postgres
--

ALTER TABLE ONLY public.alignment
    ADD CONSTRAINT alignment_replicon_id_68bc5c6d_fk_replicon_id FOREIGN KEY (replicon_id) REFERENCES public.replicon(id) DEFERRABLE INITIALLY DEFERRED;


--
-- TOC entry 3608 (class 2606 OID 17777)
-- Name: alignment alignment_sequence_id_7c24bc6c_fk_sequence_id; Type: FK CONSTRAINT; Schema: public; Owner: postgres
--

ALTER TABLE ONLY public.alignment
    ADD CONSTRAINT alignment_sequence_id_7c24bc6c_fk_sequence_id FOREIGN KEY (sequence_id) REFERENCES public.sequence(id) DEFERRABLE INITIALLY DEFERRED;


--
-- TOC entry 3623 (class 2606 OID 17900)
-- Name: amino_acid_mutation_alignments amino_acid_mutation__alignment_id_490a0674_fk_alignment; Type: FK CONSTRAINT; Schema: public; Owner: postgres
--

ALTER TABLE ONLY public.amino_acid_mutation_alignments
    ADD CONSTRAINT amino_acid_mutation__alignment_id_490a0674_fk_alignment FOREIGN KEY (alignment_id) REFERENCES public.alignment(id) DEFERRABLE INITIALLY DEFERRED;


--
-- TOC entry 3624 (class 2606 OID 17895)
-- Name: amino_acid_mutation_alignments amino_acid_mutation__aminoacidmutation_id_2ee28a92_fk_amino_aci; Type: FK CONSTRAINT; Schema: public; Owner: postgres
--

ALTER TABLE ONLY public.amino_acid_mutation_alignments
    ADD CONSTRAINT amino_acid_mutation__aminoacidmutation_id_2ee28a92_fk_amino_aci FOREIGN KEY (aminoacidmutation_id) REFERENCES public.amino_acid_mutation(id) DEFERRABLE INITIALLY DEFERRED;


--
-- TOC entry 3625 (class 2606 OID 17909)
-- Name: amino_acid_mutation_parent amino_acid_mutation__aminoacidmutation_id_7e97d480_fk_amino_aci; Type: FK CONSTRAINT; Schema: public; Owner: postgres
--

ALTER TABLE ONLY public.amino_acid_mutation_parent
    ADD CONSTRAINT amino_acid_mutation__aminoacidmutation_id_7e97d480_fk_amino_aci FOREIGN KEY (aminoacidmutation_id) REFERENCES public.amino_acid_mutation(id) DEFERRABLE INITIALLY DEFERRED;


--
-- TOC entry 3626 (class 2606 OID 17914)
-- Name: amino_acid_mutation_parent amino_acid_mutation__nucleotidemutation_i_28a89542_fk_nucleotid; Type: FK CONSTRAINT; Schema: public; Owner: postgres
--

ALTER TABLE ONLY public.amino_acid_mutation_parent
    ADD CONSTRAINT amino_acid_mutation__nucleotidemutation_i_28a89542_fk_nucleotid FOREIGN KEY (nucleotidemutation_id) REFERENCES public.nucleotide_mutation(id) DEFERRABLE INITIALLY DEFERRED;


--
-- TOC entry 3621 (class 2606 OID 17936)
-- Name: amino_acid_mutation amino_acid_mutation_gene_id_1fe67473_fk_gene_id; Type: FK CONSTRAINT; Schema: public; Owner: postgres
--

ALTER TABLE ONLY public.amino_acid_mutation
    ADD CONSTRAINT amino_acid_mutation_gene_id_1fe67473_fk_gene_id FOREIGN KEY (gene_id) REFERENCES public.gene(id) DEFERRABLE INITIALLY DEFERRED;


--
-- TOC entry 3622 (class 2606 OID 17941)
-- Name: amino_acid_mutation amino_acid_mutation_replicon_id_3d9157fc_fk_replicon_id; Type: FK CONSTRAINT; Schema: public; Owner: postgres
--

ALTER TABLE ONLY public.amino_acid_mutation
    ADD CONSTRAINT amino_acid_mutation_replicon_id_3d9157fc_fk_replicon_id FOREIGN KEY (replicon_id) REFERENCES public.replicon(id) DEFERRABLE INITIALLY DEFERRED;


--
-- TOC entry 3627 (class 2606 OID 17923)
-- Name: annotation_type_mutations annotation_type_muta_annotationtype_id_70469db6_fk_annotatio; Type: FK CONSTRAINT; Schema: public; Owner: postgres
--

ALTER TABLE ONLY public.annotation_type_mutations
    ADD CONSTRAINT annotation_type_muta_annotationtype_id_70469db6_fk_annotatio FOREIGN KEY (annotationtype_id) REFERENCES public.annotation_type(id) DEFERRABLE INITIALLY DEFERRED;


--
-- TOC entry 3628 (class 2606 OID 17928)
-- Name: annotation_type_mutations annotation_type_muta_nucleotidemutation_i_d7be6a9d_fk_nucleotid; Type: FK CONSTRAINT; Schema: public; Owner: postgres
--

ALTER TABLE ONLY public.annotation_type_mutations
    ADD CONSTRAINT annotation_type_muta_nucleotidemutation_i_d7be6a9d_fk_nucleotid FOREIGN KEY (nucleotidemutation_id) REFERENCES public.nucleotide_mutation(id) DEFERRABLE INITIALLY DEFERRED;


--
-- TOC entry 3598 (class 2606 OID 16457)
-- Name: auth_group_permissions auth_group_permissio_permission_id_84c5c92e_fk_auth_perm; Type: FK CONSTRAINT; Schema: public; Owner: postgres
--

ALTER TABLE ONLY public.auth_group_permissions
    ADD CONSTRAINT auth_group_permissio_permission_id_84c5c92e_fk_auth_perm FOREIGN KEY (permission_id) REFERENCES public.auth_permission(id) DEFERRABLE INITIALLY DEFERRED;


--
-- TOC entry 3599 (class 2606 OID 16452)
-- Name: auth_group_permissions auth_group_permissions_group_id_b120cbf9_fk_auth_group_id; Type: FK CONSTRAINT; Schema: public; Owner: postgres
--

ALTER TABLE ONLY public.auth_group_permissions
    ADD CONSTRAINT auth_group_permissions_group_id_b120cbf9_fk_auth_group_id FOREIGN KEY (group_id) REFERENCES public.auth_group(id) DEFERRABLE INITIALLY DEFERRED;


--
-- TOC entry 3597 (class 2606 OID 16443)
-- Name: auth_permission auth_permission_content_type_id_2f476e4b_fk_django_co; Type: FK CONSTRAINT; Schema: public; Owner: postgres
--

ALTER TABLE ONLY public.auth_permission
    ADD CONSTRAINT auth_permission_content_type_id_2f476e4b_fk_django_co FOREIGN KEY (content_type_id) REFERENCES public.django_content_type(id) DEFERRABLE INITIALLY DEFERRED;


--
-- TOC entry 3600 (class 2606 OID 16472)
-- Name: auth_user_groups auth_user_groups_group_id_97559544_fk_auth_group_id; Type: FK CONSTRAINT; Schema: public; Owner: postgres
--

ALTER TABLE ONLY public.auth_user_groups
    ADD CONSTRAINT auth_user_groups_group_id_97559544_fk_auth_group_id FOREIGN KEY (group_id) REFERENCES public.auth_group(id) DEFERRABLE INITIALLY DEFERRED;


--
-- TOC entry 3601 (class 2606 OID 16467)
-- Name: auth_user_groups auth_user_groups_user_id_6a12ed8b_fk_auth_user_id; Type: FK CONSTRAINT; Schema: public; Owner: postgres
--

ALTER TABLE ONLY public.auth_user_groups
    ADD CONSTRAINT auth_user_groups_user_id_6a12ed8b_fk_auth_user_id FOREIGN KEY (user_id) REFERENCES public.auth_user(id) DEFERRABLE INITIALLY DEFERRED;


--
-- TOC entry 3602 (class 2606 OID 16486)
-- Name: auth_user_user_permissions auth_user_user_permi_permission_id_1fbb5f2c_fk_auth_perm; Type: FK CONSTRAINT; Schema: public; Owner: postgres
--

ALTER TABLE ONLY public.auth_user_user_permissions
    ADD CONSTRAINT auth_user_user_permi_permission_id_1fbb5f2c_fk_auth_perm FOREIGN KEY (permission_id) REFERENCES public.auth_permission(id) DEFERRABLE INITIALLY DEFERRED;


--
-- TOC entry 3603 (class 2606 OID 16481)
-- Name: auth_user_user_permissions auth_user_user_permissions_user_id_a95ead1b_fk_auth_user_id; Type: FK CONSTRAINT; Schema: public; Owner: postgres
--

ALTER TABLE ONLY public.auth_user_user_permissions
    ADD CONSTRAINT auth_user_user_permissions_user_id_a95ead1b_fk_auth_user_id FOREIGN KEY (user_id) REFERENCES public.auth_user(id) DEFERRABLE INITIALLY DEFERRED;


--
-- TOC entry 3604 (class 2606 OID 16502)
-- Name: django_admin_log django_admin_log_content_type_id_c4bce8eb_fk_django_co; Type: FK CONSTRAINT; Schema: public; Owner: postgres
--

ALTER TABLE ONLY public.django_admin_log
    ADD CONSTRAINT django_admin_log_content_type_id_c4bce8eb_fk_django_co FOREIGN KEY (content_type_id) REFERENCES public.django_content_type(id) DEFERRABLE INITIALLY DEFERRED;


--
-- TOC entry 3605 (class 2606 OID 16507)
-- Name: django_admin_log django_admin_log_user_id_c564eba6_fk_auth_user_id; Type: FK CONSTRAINT; Schema: public; Owner: postgres
--

ALTER TABLE ONLY public.django_admin_log
    ADD CONSTRAINT django_admin_log_user_id_c564eba6_fk_auth_user_id FOREIGN KEY (user_id) REFERENCES public.auth_user(id) DEFERRABLE INITIALLY DEFERRED;


--
-- TOC entry 3606 (class 2606 OID 16569)
-- Name: django_apscheduler_djangojobexecution django_apscheduler_djangojobexecution_job_id_daf5090a_fk; Type: FK CONSTRAINT; Schema: public; Owner: postgres
--

ALTER TABLE ONLY public.django_apscheduler_djangojobexecution
    ADD CONSTRAINT django_apscheduler_djangojobexecution_job_id_daf5090a_fk FOREIGN KEY (job_id) REFERENCES public.django_apscheduler_djangojob(id) DEFERRABLE INITIALLY DEFERRED;


--
-- TOC entry 3617 (class 2606 OID 17684)
-- Name: file_processing file_processing_processing_job_id_46fcf01d_fk_processing_job_id; Type: FK CONSTRAINT; Schema: public; Owner: postgres
--

ALTER TABLE ONLY public.file_processing
    ADD CONSTRAINT file_processing_processing_job_id_46fcf01d_fk_processing_job_id FOREIGN KEY (processing_job_id) REFERENCES public.processing_job(id) DEFERRABLE INITIALLY DEFERRED;


--
-- TOC entry 3612 (class 2606 OID 17782)
-- Name: gene gene_replicon_id_7a0d0bd8_fk_replicon_id; Type: FK CONSTRAINT; Schema: public; Owner: postgres
--

ALTER TABLE ONLY public.gene
    ADD CONSTRAINT gene_replicon_id_7a0d0bd8_fk_replicon_id FOREIGN KEY (replicon_id) REFERENCES public.replicon(id) DEFERRABLE INITIALLY DEFERRED;


--
-- TOC entry 3613 (class 2606 OID 17787)
-- Name: gene_segment gene_segment_gene_id_2e6039db_fk_gene_id; Type: FK CONSTRAINT; Schema: public; Owner: postgres
--

ALTER TABLE ONLY public.gene_segment
    ADD CONSTRAINT gene_segment_gene_id_2e6039db_fk_gene_id FOREIGN KEY (gene_id) REFERENCES public.gene(id) DEFERRABLE INITIALLY DEFERRED;


--
-- TOC entry 3616 (class 2606 OID 17699)
-- Name: import_log import_log_file_id_7df8ad67_fk_file_processing_file_name; Type: FK CONSTRAINT; Schema: public; Owner: postgres
--

ALTER TABLE ONLY public.import_log
    ADD CONSTRAINT import_log_file_id_7df8ad67_fk_file_processing_file_name FOREIGN KEY (file_id) REFERENCES public.file_processing(file_name) DEFERRABLE INITIALLY DEFERRED;


--
-- TOC entry 3615 (class 2606 OID 17729)
-- Name: lineage lineage_parent_id_332a5968_fk_lineage_id; Type: FK CONSTRAINT; Schema: public; Owner: postgres
--

ALTER TABLE ONLY public.lineage
    ADD CONSTRAINT lineage_parent_id_332a5968_fk_lineage_id FOREIGN KEY (parent_id) REFERENCES public.lineage(id) DEFERRABLE INITIALLY DEFERRED;


--
-- TOC entry 3619 (class 2606 OID 17874)
-- Name: nucleotide_mutation_alignments nucleotide_mutation__alignment_id_ca48460d_fk_alignment; Type: FK CONSTRAINT; Schema: public; Owner: postgres
--

ALTER TABLE ONLY public.nucleotide_mutation_alignments
    ADD CONSTRAINT nucleotide_mutation__alignment_id_ca48460d_fk_alignment FOREIGN KEY (alignment_id) REFERENCES public.alignment(id) DEFERRABLE INITIALLY DEFERRED;


--
-- TOC entry 3620 (class 2606 OID 17869)
-- Name: nucleotide_mutation_alignments nucleotide_mutation__nucleotidemutation_i_cab3b039_fk_nucleotid; Type: FK CONSTRAINT; Schema: public; Owner: postgres
--

ALTER TABLE ONLY public.nucleotide_mutation_alignments
    ADD CONSTRAINT nucleotide_mutation__nucleotidemutation_i_cab3b039_fk_nucleotid FOREIGN KEY (nucleotidemutation_id) REFERENCES public.nucleotide_mutation(id) DEFERRABLE INITIALLY DEFERRED;


--
-- TOC entry 3618 (class 2606 OID 17861)
-- Name: nucleotide_mutation nucleotide_mutation_replicon_id_15a68443_fk_replicon_id; Type: FK CONSTRAINT; Schema: public; Owner: postgres
--

ALTER TABLE ONLY public.nucleotide_mutation
    ADD CONSTRAINT nucleotide_mutation_replicon_id_15a68443_fk_replicon_id FOREIGN KEY (replicon_id) REFERENCES public.replicon(id) DEFERRABLE INITIALLY DEFERRED;


--
-- TOC entry 3614 (class 2606 OID 17792)
-- Name: replicon replicon_reference_id_f0191358_fk_reference_id; Type: FK CONSTRAINT; Schema: public; Owner: postgres
--

ALTER TABLE ONLY public.replicon
    ADD CONSTRAINT replicon_reference_id_f0191358_fk_reference_id FOREIGN KEY (reference_id) REFERENCES public.reference(id) DEFERRABLE INITIALLY DEFERRED;


--
-- TOC entry 3610 (class 2606 OID 16886)
-- Name: sample2property sample2property_property_id_c2180c6c_fk_property_id; Type: FK CONSTRAINT; Schema: public; Owner: postgres
--

ALTER TABLE ONLY public.sample2property
    ADD CONSTRAINT sample2property_property_id_c2180c6c_fk_property_id FOREIGN KEY (property_id) REFERENCES public.property(id) DEFERRABLE INITIALLY DEFERRED;


--
-- TOC entry 3611 (class 2606 OID 16902)
-- Name: sample2property sample2property_sample_id_8576a658_fk_sample_id; Type: FK CONSTRAINT; Schema: public; Owner: postgres
--

ALTER TABLE ONLY public.sample2property
    ADD CONSTRAINT sample2property_sample_id_8576a658_fk_sample_id FOREIGN KEY (sample_id) REFERENCES public.sample(id) DEFERRABLE INITIALLY DEFERRED;


--
-- TOC entry 3609 (class 2606 OID 17797)
-- Name: sample sample_sequence_id_ce61d347_fk_sequence_id; Type: FK CONSTRAINT; Schema: public; Owner: postgres
--

ALTER TABLE ONLY public.sample
    ADD CONSTRAINT sample_sequence_id_ce61d347_fk_sequence_id FOREIGN KEY (sequence_id) REFERENCES public.sequence(id) DEFERRABLE INITIALLY DEFERRED;


-- Completed on 2025-01-21 15:36:51 CET

--
-- PostgreSQL database dump complete
--

