--
-- PostgreSQL database dump
--

-- Dumped from database version 16.4
-- Dumped by pg_dump version 17.0

-- Started on 2025-01-03 20:10:57

SET statement_timeout = 0;
SET lock_timeout = 0;
SET idle_in_transaction_session_timeout = 0;
SET client_encoding = 'UTF8';
SET standard_conforming_strings = on;
SELECT pg_catalog.set_config('search_path', '', false);
SET check_function_bodies = false;
SET xmloption = content;
SET client_min_messages = warning;
SET row_security = off;



CREATE TABLE public.alignment (
    id bigint NOT NULL,
    sequence_id bigint,
    replicon_id bigint
);


ALTER TABLE public.alignment OWNER TO postgres;

--
-- TOC entry 216 (class 1259 OID 16388)
-- Name: alignment2mutation; Type: TABLE; Schema: public; Owner: postgres
--

CREATE TABLE public.alignment2mutation (
    id bigint NOT NULL,
    alignment_id bigint NOT NULL,
    mutation_id bigint
);


ALTER TABLE public.alignment2mutation OWNER TO postgres;

--
-- TOC entry 217 (class 1259 OID 16391)
-- Name: alignment2mutation_id_seq; Type: SEQUENCE; Schema: public; Owner: postgres
--

ALTER TABLE public.alignment2mutation ALTER COLUMN id ADD GENERATED BY DEFAULT AS IDENTITY (
    SEQUENCE NAME public.alignment2mutation_id_seq
    START WITH 1
    INCREMENT BY 1
    NO MINVALUE
    NO MAXVALUE
    CACHE 1
);


--
-- TOC entry 218 (class 1259 OID 16392)
-- Name: alignment_id_seq; Type: SEQUENCE; Schema: public; Owner: postgres
--

ALTER TABLE public.alignment ALTER COLUMN id ADD GENERATED BY DEFAULT AS IDENTITY (
    SEQUENCE NAME public.alignment_id_seq
    START WITH 1
    INCREMENT BY 1
    NO MINVALUE
    NO MAXVALUE
    CACHE 1
);


--
-- TOC entry 219 (class 1259 OID 16393)
-- Name: annotation_type; Type: TABLE; Schema: public; Owner: postgres
--

CREATE TABLE public.annotation_type (
    id bigint NOT NULL,
    seq_ontology character varying(50),
    region character varying(50),
    impact character varying(20)
);


ALTER TABLE public.annotation_type OWNER TO postgres;

--
-- TOC entry 220 (class 1259 OID 16396)
-- Name: annotation_type_id_seq; Type: SEQUENCE; Schema: public; Owner: postgres
--

ALTER TABLE public.annotation_type ALTER COLUMN id ADD GENERATED BY DEFAULT AS IDENTITY (
    SEQUENCE NAME public.annotation_type_id_seq
    START WITH 1
    INCREMENT BY 1
    NO MINVALUE
    NO MAXVALUE
    CACHE 1
);


--
-- TOC entry 221 (class 1259 OID 16397)
-- Name: auth_group; Type: TABLE; Schema: public; Owner: postgres
--

CREATE TABLE public.auth_group (
    id integer NOT NULL,
    name character varying(150) NOT NULL
);


ALTER TABLE public.auth_group OWNER TO postgres;

--
-- TOC entry 222 (class 1259 OID 16400)
-- Name: auth_group_id_seq; Type: SEQUENCE; Schema: public; Owner: postgres
--

ALTER TABLE public.auth_group ALTER COLUMN id ADD GENERATED BY DEFAULT AS IDENTITY (
    SEQUENCE NAME public.auth_group_id_seq
    START WITH 1
    INCREMENT BY 1
    NO MINVALUE
    NO MAXVALUE
    CACHE 1
);


--
-- TOC entry 223 (class 1259 OID 16401)
-- Name: auth_group_permissions; Type: TABLE; Schema: public; Owner: postgres
--

CREATE TABLE public.auth_group_permissions (
    id bigint NOT NULL,
    group_id integer NOT NULL,
    permission_id integer NOT NULL
);


ALTER TABLE public.auth_group_permissions OWNER TO postgres;

--
-- TOC entry 224 (class 1259 OID 16404)
-- Name: auth_group_permissions_id_seq; Type: SEQUENCE; Schema: public; Owner: postgres
--

ALTER TABLE public.auth_group_permissions ALTER COLUMN id ADD GENERATED BY DEFAULT AS IDENTITY (
    SEQUENCE NAME public.auth_group_permissions_id_seq
    START WITH 1
    INCREMENT BY 1
    NO MINVALUE
    NO MAXVALUE
    CACHE 1
);


--
-- TOC entry 225 (class 1259 OID 16405)
-- Name: auth_permission; Type: TABLE; Schema: public; Owner: postgres
--

CREATE TABLE public.auth_permission (
    id integer NOT NULL,
    name character varying(255) NOT NULL,
    content_type_id integer NOT NULL,
    codename character varying(100) NOT NULL
);


ALTER TABLE public.auth_permission OWNER TO postgres;

--
-- TOC entry 226 (class 1259 OID 16408)
-- Name: auth_permission_id_seq; Type: SEQUENCE; Schema: public; Owner: postgres
--

ALTER TABLE public.auth_permission ALTER COLUMN id ADD GENERATED BY DEFAULT AS IDENTITY (
    SEQUENCE NAME public.auth_permission_id_seq
    START WITH 1
    INCREMENT BY 1
    NO MINVALUE
    NO MAXVALUE
    CACHE 1
);


--
-- TOC entry 227 (class 1259 OID 16409)
-- Name: auth_user; Type: TABLE; Schema: public; Owner: postgres
--

CREATE TABLE public.auth_user (
    id integer NOT NULL,
    password character varying(128) NOT NULL,
    last_login timestamp with time zone,
    is_superuser boolean NOT NULL,
    username character varying(150) NOT NULL,
    first_name character varying(150) NOT NULL,
    last_name character varying(150) NOT NULL,
    email character varying(254) NOT NULL,
    is_staff boolean NOT NULL,
    is_active boolean NOT NULL,
    date_joined timestamp with time zone NOT NULL
);


ALTER TABLE public.auth_user OWNER TO postgres;

--
-- TOC entry 228 (class 1259 OID 16414)
-- Name: auth_user_groups; Type: TABLE; Schema: public; Owner: postgres
--

CREATE TABLE public.auth_user_groups (
    id bigint NOT NULL,
    user_id integer NOT NULL,
    group_id integer NOT NULL
);


ALTER TABLE public.auth_user_groups OWNER TO postgres;

--
-- TOC entry 229 (class 1259 OID 16417)
-- Name: auth_user_groups_id_seq; Type: SEQUENCE; Schema: public; Owner: postgres
--

ALTER TABLE public.auth_user_groups ALTER COLUMN id ADD GENERATED BY DEFAULT AS IDENTITY (
    SEQUENCE NAME public.auth_user_groups_id_seq
    START WITH 1
    INCREMENT BY 1
    NO MINVALUE
    NO MAXVALUE
    CACHE 1
);


--
-- TOC entry 230 (class 1259 OID 16418)
-- Name: auth_user_id_seq; Type: SEQUENCE; Schema: public; Owner: postgres
--

ALTER TABLE public.auth_user ALTER COLUMN id ADD GENERATED BY DEFAULT AS IDENTITY (
    SEQUENCE NAME public.auth_user_id_seq
    START WITH 1
    INCREMENT BY 1
    NO MINVALUE
    NO MAXVALUE
    CACHE 1
);


--
-- TOC entry 231 (class 1259 OID 16419)
-- Name: auth_user_user_permissions; Type: TABLE; Schema: public; Owner: postgres
--

CREATE TABLE public.auth_user_user_permissions (
    id bigint NOT NULL,
    user_id integer NOT NULL,
    permission_id integer NOT NULL
);


ALTER TABLE public.auth_user_user_permissions OWNER TO postgres;

--
-- TOC entry 232 (class 1259 OID 16422)
-- Name: auth_user_user_permissions_id_seq; Type: SEQUENCE; Schema: public; Owner: postgres
--

ALTER TABLE public.auth_user_user_permissions ALTER COLUMN id ADD GENERATED BY DEFAULT AS IDENTITY (
    SEQUENCE NAME public.auth_user_user_permissions_id_seq
    START WITH 1
    INCREMENT BY 1
    NO MINVALUE
    NO MAXVALUE
    CACHE 1
);


--
-- TOC entry 233 (class 1259 OID 16423)
-- Name: gene; Type: TABLE; Schema: public; Owner: postgres
--

CREATE TABLE public.gene (
    id bigint NOT NULL,
    description character varying(100),
    start bigint,
    "end" bigint,
    strand bigint,
    gene_symbol character varying(50),
    gene_accession character varying(50),
    gene_sequence text,
    cds_sequence text,
    replicon_id bigint,
    cds_accession character varying(50),
    cds_symbol character varying(50)
);


ALTER TABLE public.gene OWNER TO postgres;

--
-- TOC entry 234 (class 1259 OID 16428)
-- Name: child_element_id_seq; Type: SEQUENCE; Schema: public; Owner: postgres
--

ALTER TABLE public.gene ALTER COLUMN id ADD GENERATED BY DEFAULT AS IDENTITY (
    SEQUENCE NAME public.child_element_id_seq
    START WITH 1
    INCREMENT BY 1
    NO MINVALUE
    NO MAXVALUE
    CACHE 1
);


--
-- TOC entry 235 (class 1259 OID 16429)
-- Name: django_admin_log; Type: TABLE; Schema: public; Owner: postgres
--

CREATE TABLE public.django_admin_log (
    id integer NOT NULL,
    action_time timestamp with time zone NOT NULL,
    object_id text,
    object_repr character varying(200) NOT NULL,
    action_flag smallint NOT NULL,
    change_message text NOT NULL,
    content_type_id integer,
    user_id integer NOT NULL,
    CONSTRAINT django_admin_log_action_flag_check CHECK ((action_flag >= 0))
);


ALTER TABLE public.django_admin_log OWNER TO postgres;

--
-- TOC entry 236 (class 1259 OID 16435)
-- Name: django_admin_log_id_seq; Type: SEQUENCE; Schema: public; Owner: postgres
--

ALTER TABLE public.django_admin_log ALTER COLUMN id ADD GENERATED BY DEFAULT AS IDENTITY (
    SEQUENCE NAME public.django_admin_log_id_seq
    START WITH 1
    INCREMENT BY 1
    NO MINVALUE
    NO MAXVALUE
    CACHE 1
);


--
-- TOC entry 237 (class 1259 OID 16436)
-- Name: django_apscheduler_djangojob; Type: TABLE; Schema: public; Owner: postgres
--

CREATE TABLE public.django_apscheduler_djangojob (
    id character varying(255) NOT NULL,
    next_run_time timestamp with time zone,
    job_state bytea NOT NULL
);


ALTER TABLE public.django_apscheduler_djangojob OWNER TO postgres;

--
-- TOC entry 238 (class 1259 OID 16441)
-- Name: django_apscheduler_djangojobexecution; Type: TABLE; Schema: public; Owner: postgres
--

CREATE TABLE public.django_apscheduler_djangojobexecution (
    id bigint NOT NULL,
    status character varying(50) NOT NULL,
    run_time timestamp with time zone NOT NULL,
    duration numeric(15,2),
    finished numeric(15,2),
    exception character varying(1000),
    traceback text,
    job_id character varying(255) NOT NULL
);


ALTER TABLE public.django_apscheduler_djangojobexecution OWNER TO postgres;

--
-- TOC entry 239 (class 1259 OID 16446)
-- Name: django_apscheduler_djangojobexecution_id_seq; Type: SEQUENCE; Schema: public; Owner: postgres
--

ALTER TABLE public.django_apscheduler_djangojobexecution ALTER COLUMN id ADD GENERATED BY DEFAULT AS IDENTITY (
    SEQUENCE NAME public.django_apscheduler_djangojobexecution_id_seq
    START WITH 1
    INCREMENT BY 1
    NO MINVALUE
    NO MAXVALUE
    CACHE 1
);


--
-- TOC entry 240 (class 1259 OID 16447)
-- Name: django_content_type; Type: TABLE; Schema: public; Owner: postgres
--

CREATE TABLE public.django_content_type (
    id integer NOT NULL,
    app_label character varying(100) NOT NULL,
    model character varying(100) NOT NULL
);


ALTER TABLE public.django_content_type OWNER TO postgres;

--
-- TOC entry 241 (class 1259 OID 16450)
-- Name: django_content_type_id_seq; Type: SEQUENCE; Schema: public; Owner: postgres
--

ALTER TABLE public.django_content_type ALTER COLUMN id ADD GENERATED BY DEFAULT AS IDENTITY (
    SEQUENCE NAME public.django_content_type_id_seq
    START WITH 1
    INCREMENT BY 1
    NO MINVALUE
    NO MAXVALUE
    CACHE 1
);


--
-- TOC entry 242 (class 1259 OID 16451)
-- Name: django_migrations; Type: TABLE; Schema: public; Owner: postgres
--

CREATE TABLE public.django_migrations (
    id bigint NOT NULL,
    app character varying(255) NOT NULL,
    name character varying(255) NOT NULL,
    applied timestamp with time zone NOT NULL
);


ALTER TABLE public.django_migrations OWNER TO postgres;

--
-- TOC entry 243 (class 1259 OID 16456)
-- Name: django_migrations_id_seq; Type: SEQUENCE; Schema: public; Owner: postgres
--

ALTER TABLE public.django_migrations ALTER COLUMN id ADD GENERATED BY DEFAULT AS IDENTITY (
    SEQUENCE NAME public.django_migrations_id_seq
    START WITH 1
    INCREMENT BY 1
    NO MINVALUE
    NO MAXVALUE
    CACHE 1
);


--
-- TOC entry 244 (class 1259 OID 16457)
-- Name: django_session; Type: TABLE; Schema: public; Owner: postgres
--

CREATE TABLE public.django_session (
    session_key character varying(40) NOT NULL,
    session_data text NOT NULL,
    expire_date timestamp with time zone NOT NULL
);


ALTER TABLE public.django_session OWNER TO postgres;

--
-- TOC entry 245 (class 1259 OID 16462)
-- Name: file_processing; Type: TABLE; Schema: public; Owner: postgres
--

CREATE TABLE public.file_processing (
    id bigint NOT NULL,
    file_name character varying(255) NOT NULL,
    processing_job_id bigint NOT NULL
);


ALTER TABLE public.file_processing OWNER TO postgres;

--
-- TOC entry 246 (class 1259 OID 16465)
-- Name: file_processing_id_seq; Type: SEQUENCE; Schema: public; Owner: postgres
--

ALTER TABLE public.file_processing ALTER COLUMN id ADD GENERATED BY DEFAULT AS IDENTITY (
    SEQUENCE NAME public.file_processing_id_seq
    START WITH 1
    INCREMENT BY 1
    NO MINVALUE
    NO MAXVALUE
    CACHE 1
);


--
-- TOC entry 247 (class 1259 OID 16466)
-- Name: gene_segment; Type: TABLE; Schema: public; Owner: postgres
--

CREATE TABLE public.gene_segment (
    id bigint NOT NULL,
    start bigint NOT NULL,
    "end" bigint NOT NULL,
    strand bigint NOT NULL,
    base double precision NOT NULL,
    segment bigint NOT NULL,
    gene_id bigint
);


ALTER TABLE public.gene_segment OWNER TO postgres;

--
-- TOC entry 248 (class 1259 OID 16469)
-- Name: gene_part_id_seq; Type: SEQUENCE; Schema: public; Owner: postgres
--

ALTER TABLE public.gene_segment ALTER COLUMN id ADD GENERATED BY DEFAULT AS IDENTITY (
    SEQUENCE NAME public.gene_part_id_seq
    START WITH 1
    INCREMENT BY 1
    NO MINVALUE
    NO MAXVALUE
    CACHE 1
);


--
-- TOC entry 249 (class 1259 OID 16470)
-- Name: import_log; Type: TABLE; Schema: public; Owner: postgres
--

CREATE TABLE public.import_log (
    id bigint NOT NULL,
    type character varying(3) NOT NULL,
    file_id character varying(255) NOT NULL,
    updated timestamp with time zone NOT NULL,
    success boolean NOT NULL,
    exception_text text,
    stack_trace text
);


ALTER TABLE public.import_log OWNER TO postgres;

--
-- TOC entry 250 (class 1259 OID 16475)
-- Name: import_log_id_seq; Type: SEQUENCE; Schema: public; Owner: postgres
--

ALTER TABLE public.import_log ALTER COLUMN id ADD GENERATED BY DEFAULT AS IDENTITY (
    SEQUENCE NAME public.import_log_id_seq
    START WITH 1
    INCREMENT BY 1
    NO MINVALUE
    NO MAXVALUE
    CACHE 1
);


--
-- TOC entry 251 (class 1259 OID 16476)
-- Name: lineage; Type: TABLE; Schema: public; Owner: postgres
--

CREATE TABLE public.lineage (
    id bigint NOT NULL,
    name character varying(50) NOT NULL,
    parent_id bigint
);


ALTER TABLE public.lineage OWNER TO postgres;

--
-- TOC entry 252 (class 1259 OID 16479)
-- Name: lineage_id_seq; Type: SEQUENCE; Schema: public; Owner: postgres
--

ALTER TABLE public.lineage ALTER COLUMN id ADD GENERATED BY DEFAULT AS IDENTITY (
    SEQUENCE NAME public.lineage_id_seq
    START WITH 1
    INCREMENT BY 1
    NO MINVALUE
    NO MAXVALUE
    CACHE 1
);


--
-- TOC entry 253 (class 1259 OID 16480)
-- Name: mutation; Type: TABLE; Schema: public; Owner: postgres
--

CREATE TABLE public.mutation (
    id bigint NOT NULL,
    ref text,
    alt text,
    start bigint,
    "end" bigint,
    parent_id bigint,
    gene_id bigint,
    type character varying(50),
    replicon_id bigint
);


ALTER TABLE public.mutation OWNER TO postgres;

--
-- TOC entry 254 (class 1259 OID 16485)
-- Name: mutation2annotation; Type: TABLE; Schema: public; Owner: postgres
--

CREATE TABLE public.mutation2annotation (
    id bigint NOT NULL,
    alignment_id bigint NOT NULL,
    annotation_id bigint NOT NULL,
    mutation_id bigint NOT NULL
);


ALTER TABLE public.mutation2annotation OWNER TO postgres;

--
-- TOC entry 255 (class 1259 OID 16488)
-- Name: mutation2annotation_id_seq; Type: SEQUENCE; Schema: public; Owner: postgres
--

ALTER TABLE public.mutation2annotation ALTER COLUMN id ADD GENERATED BY DEFAULT AS IDENTITY (
    SEQUENCE NAME public.mutation2annotation_id_seq
    START WITH 1
    INCREMENT BY 1
    NO MINVALUE
    NO MAXVALUE
    CACHE 1
);


--
-- TOC entry 256 (class 1259 OID 16489)
-- Name: mutation_id_seq; Type: SEQUENCE; Schema: public; Owner: postgres
--

ALTER TABLE public.mutation ALTER COLUMN id ADD GENERATED BY DEFAULT AS IDENTITY (
    SEQUENCE NAME public.mutation_id_seq
    START WITH 1
    INCREMENT BY 1
    NO MINVALUE
    NO MAXVALUE
    CACHE 1
);


--
-- TOC entry 257 (class 1259 OID 16490)
-- Name: processing_job; Type: TABLE; Schema: public; Owner: postgres
--

CREATE TABLE public.processing_job (
    id bigint NOT NULL,
    job_name character varying(255) NOT NULL,
    status character varying(2) NOT NULL,
    entry_time timestamp with time zone NOT NULL
);


ALTER TABLE public.processing_job OWNER TO postgres;

--
-- TOC entry 258 (class 1259 OID 16493)
-- Name: processing_job_id_seq; Type: SEQUENCE; Schema: public; Owner: postgres
--

ALTER TABLE public.processing_job ALTER COLUMN id ADD GENERATED BY DEFAULT AS IDENTITY (
    SEQUENCE NAME public.processing_job_id_seq
    START WITH 1
    INCREMENT BY 1
    NO MINVALUE
    NO MAXVALUE
    CACHE 1
);


--
-- TOC entry 259 (class 1259 OID 16494)
-- Name: property; Type: TABLE; Schema: public; Owner: postgres
--

CREATE TABLE public.property (
    id bigint NOT NULL,
    name character varying(50) NOT NULL,
    datatype character varying(50) NOT NULL,
    querytype character varying(50),
    description character varying(400),
    target character varying(50),
    standard character varying(50)
);


ALTER TABLE public.property OWNER TO postgres;

--
-- TOC entry 260 (class 1259 OID 16499)
-- Name: property_id_seq; Type: SEQUENCE; Schema: public; Owner: postgres
--

ALTER TABLE public.property ALTER COLUMN id ADD GENERATED BY DEFAULT AS IDENTITY (
    SEQUENCE NAME public.property_id_seq
    START WITH 1
    INCREMENT BY 1
    NO MINVALUE
    NO MAXVALUE
    CACHE 1
);


--
-- TOC entry 261 (class 1259 OID 16500)
-- Name: reference; Type: TABLE; Schema: public; Owner: postgres
--

CREATE TABLE public.reference (
    id bigint NOT NULL,
    accession character varying(50),
    description character varying(400),
    organism character varying(50),
    collection_date date,
    country character varying(50),
    db_xref character varying(50),
    host character varying(50),
    isolate character varying(50),
    mol_type character varying(50),
    name character varying(50),
    translation_id integer NOT NULL
);


ALTER TABLE public.reference OWNER TO postgres;

--
-- TOC entry 262 (class 1259 OID 16505)
-- Name: reference_id_seq; Type: SEQUENCE; Schema: public; Owner: postgres
--

ALTER TABLE public.reference ALTER COLUMN id ADD GENERATED BY DEFAULT AS IDENTITY (
    SEQUENCE NAME public.reference_id_seq
    START WITH 1
    INCREMENT BY 1
    NO MINVALUE
    NO MAXVALUE
    CACHE 1
);


--
-- TOC entry 263 (class 1259 OID 16506)
-- Name: replicon; Type: TABLE; Schema: public; Owner: postgres
--

CREATE TABLE public.replicon (
    id bigint NOT NULL,
    length bigint,
    sequence text,
    accession character varying(50),
    description character varying(400),
    type character varying(50),
    segment_number bigint,
    reference_id bigint
);


ALTER TABLE public.replicon OWNER TO postgres;

--
-- TOC entry 264 (class 1259 OID 16511)
-- Name: replicon_id_seq; Type: SEQUENCE; Schema: public; Owner: postgres
--

ALTER TABLE public.replicon ALTER COLUMN id ADD GENERATED BY DEFAULT AS IDENTITY (
    SEQUENCE NAME public.replicon_id_seq
    START WITH 1
    INCREMENT BY 1
    NO MINVALUE
    NO MAXVALUE
    CACHE 1
);


--
-- TOC entry 265 (class 1259 OID 16512)
-- Name: sample; Type: TABLE; Schema: public; Owner: postgres
--

CREATE TABLE public.sample (
    id bigint NOT NULL,
    name character varying(100),
    datahash character varying(50),
    sequence_id bigint,
    collection_date date,
    country character varying(50),
    genome_completeness character varying(50),
    host character varying(50),
    lab character varying(50),
    length integer,
    lineage character varying(50),
    sequencing_tech character varying(50),
    zip_code character varying(50),
    init_upload_date timestamp with time zone NOT NULL,
    last_update_date timestamp with time zone
);


ALTER TABLE public.sample OWNER TO postgres;

--
-- TOC entry 266 (class 1259 OID 16517)
-- Name: sample2property; Type: TABLE; Schema: public; Owner: postgres
--

CREATE TABLE public.sample2property (
    id bigint NOT NULL,
    value_integer bigint,
    value_float double precision,
    value_text text,
    value_varchar character varying(400),
    value_blob bytea,
    value_date date,
    value_zip character varying(100),
    property_id bigint NOT NULL,
    sample_id bigint NOT NULL
);


ALTER TABLE public.sample2property OWNER TO postgres;

--
-- TOC entry 267 (class 1259 OID 16522)
-- Name: sample2property_id_seq; Type: SEQUENCE; Schema: public; Owner: postgres
--

ALTER TABLE public.sample2property ALTER COLUMN id ADD GENERATED BY DEFAULT AS IDENTITY (
    SEQUENCE NAME public.sample2property_id_seq
    START WITH 1
    INCREMENT BY 1
    NO MINVALUE
    NO MAXVALUE
    CACHE 1
);


--
-- TOC entry 268 (class 1259 OID 16523)
-- Name: sample_id_seq; Type: SEQUENCE; Schema: public; Owner: postgres
--

ALTER TABLE public.sample ALTER COLUMN id ADD GENERATED BY DEFAULT AS IDENTITY (
    SEQUENCE NAME public.sample_id_seq
    START WITH 1
    INCREMENT BY 1
    NO MINVALUE
    NO MAXVALUE
    CACHE 1
);


--
-- TOC entry 269 (class 1259 OID 16524)
-- Name: sequence; Type: TABLE; Schema: public; Owner: postgres
--

CREATE TABLE public.sequence (
    id bigint NOT NULL,
    seqhash character varying(200) NOT NULL
);


ALTER TABLE public.sequence OWNER TO postgres;

--
-- TOC entry 270 (class 1259 OID 16527)
-- Name: sequence_id_seq; Type: SEQUENCE; Schema: public; Owner: postgres
--

ALTER TABLE public.sequence ALTER COLUMN id ADD GENERATED BY DEFAULT AS IDENTITY (
    SEQUENCE NAME public.sequence_id_seq
    START WITH 1
    INCREMENT BY 1
    NO MINVALUE
    NO MAXVALUE
    CACHE 1
);


--
-- TOC entry 3739 (class 0 OID 16385)
-- Dependencies: 215
-- Data for Name: alignment; Type: TABLE DATA; Schema: public; Owner: postgres
--

COPY public.alignment (id, sequence_id, replicon_id) FROM stdin;
1	1	1
2	2	1
3	3	1
4	4	1
5	5	1
6	6	1
7	7	1
8	8	1
9	9	1
10	10	1
11	11	1
12	12	1
13	13	1
14	14	1
15	15	1
16	16	1
17	17	1
\.


--
-- TOC entry 3740 (class 0 OID 16388)
-- Dependencies: 216
-- Data for Name: alignment2mutation; Type: TABLE DATA; Schema: public; Owner: postgres
--

COPY public.alignment2mutation (id, alignment_id, mutation_id) FROM stdin;
1	1	1
2	1	2
3	1	3
4	1	4
5	1	5
6	1	6
7	1	7
8	1	8
9	1	9
10	1	10
11	1	11
12	1	12
13	1	13
14	1	14
15	1	15
16	1	16
17	1	17
18	1	18
19	1	19
20	1	20
21	1	21
22	1	22
23	1	23
24	1	24
25	1	25
26	1	26
27	1	27
28	1	28
29	1	29
30	1	30
31	1	31
32	1	32
33	1	33
34	1	34
35	1	35
36	1	36
37	1	37
38	1	38
39	1	39
40	1	40
41	1	41
42	1	42
43	1	43
44	1	44
45	1	45
46	1	46
47	1	47
48	1	48
49	1	49
50	1	50
51	1	51
52	1	52
53	1	53
54	1	54
55	1	55
56	1	56
57	1	57
58	1	58
59	1	59
60	1	60
61	1	61
62	1	62
63	1	63
64	1	64
65	1	65
66	1	66
67	1	67
68	1	68
69	1	69
70	1	70
71	1	71
72	1	72
73	1	73
74	1	74
75	1	75
76	1	76
77	1	77
78	1	78
79	1	79
80	1	80
81	1	81
82	1	82
83	1	83
84	1	84
85	1	85
86	1	86
87	1	87
88	1	88
89	1	89
90	1	90
91	1	91
92	1	92
93	1	93
94	1	94
95	1	95
96	1	96
97	1	97
98	1	98
99	1	99
100	1	100
101	1	101
102	1	102
103	1	103
104	1	104
105	1	105
106	1	106
107	1	107
108	1	108
109	1	109
110	1	110
111	1	111
112	1	112
113	1	113
114	1	114
115	1	115
116	1	116
117	1	117
118	1	118
119	1	119
120	1	120
121	1	121
122	1	122
123	1	123
124	1	124
125	1	125
126	1	126
127	1	127
128	1	128
129	1	129
130	1	130
131	1	131
132	1	132
133	1	133
134	1	134
135	1	135
136	1	136
137	1	137
138	1	138
139	1	139
140	1	140
141	1	141
142	1	142
143	1	143
144	1	144
145	1	145
146	1	146
147	1	147
148	1	148
149	1	149
150	1	150
151	1	151
152	1	152
153	1	153
154	1	154
155	1	155
156	1	156
157	1	157
158	1	158
159	1	159
160	1	160
161	1	161
162	1	162
163	1	163
164	1	164
165	1	165
166	1	166
167	1	167
168	1	168
169	1	169
170	1	170
171	1	171
172	1	172
173	1	173
174	1	174
175	1	175
176	1	176
177	1	177
178	1	178
179	1	179
180	1	180
181	1	181
182	1	182
183	1	183
184	1	184
185	1	185
186	1	186
187	1	187
188	1	188
189	1	189
190	1	190
191	1	191
192	1	192
193	1	193
194	1	194
195	1	195
196	1	196
197	1	197
198	1	198
199	1	199
200	1	200
201	1	201
202	1	202
203	1	203
204	1	204
205	1	205
206	1	206
207	1	207
208	1	208
209	1	209
210	1	210
211	1	211
212	1	212
213	1	213
214	1	214
215	1	215
216	1	216
217	1	217
218	1	218
219	1	219
220	1	220
221	1	221
222	1	222
223	1	223
224	1	224
225	1	225
226	1	226
227	1	227
228	1	228
229	1	229
230	1	230
231	1	231
232	1	232
233	1	233
234	1	234
235	1	235
236	1	236
237	1	237
238	1	238
239	1	239
240	1	240
241	1	241
242	1	242
243	1	243
244	1	244
245	1	245
246	1	246
247	1	247
248	1	248
249	1	249
250	1	250
251	1	251
252	1	252
253	1	253
254	1	254
255	1	255
256	1	256
257	1	257
258	1	258
259	1	259
260	1	260
261	1	261
262	1	262
263	1	263
264	1	264
265	1	265
266	1	266
267	1	267
268	1	268
269	1	269
270	1	270
271	1	271
272	1	272
273	1	273
274	1	274
275	1	275
276	1	276
277	1	277
278	1	278
279	1	279
280	1	280
281	1	281
282	1	282
283	1	283
284	1	284
285	1	285
286	1	286
287	1	287
288	1	288
289	1	289
290	1	290
291	1	291
292	1	292
293	1	293
294	1	294
295	1	295
296	1	296
297	1	297
298	1	298
299	1	299
300	1	300
301	1	301
302	1	302
303	1	303
304	1	304
305	1	305
306	1	306
307	1	307
308	1	308
309	1	309
310	1	310
311	1	311
312	1	312
313	1	313
314	1	314
315	1	315
316	1	316
317	1	317
318	1	318
319	1	319
320	1	320
321	1	321
322	1	322
323	1	323
324	1	324
325	1	325
326	1	326
327	1	327
328	1	328
329	1	329
330	1	330
331	1	331
332	1	332
333	1	333
334	1	334
335	1	335
336	1	336
337	1	337
338	1	338
339	1	339
340	1	340
341	1	341
342	1	342
343	1	343
344	1	344
345	1	345
346	1	346
347	1	347
348	1	348
349	1	349
350	1	350
351	1	351
352	1	352
353	1	353
354	1	354
355	1	355
356	1	356
357	1	357
358	1	358
359	1	359
360	1	360
361	1	361
362	1	362
363	1	363
364	1	364
365	1	365
366	1	366
367	1	367
368	1	368
369	1	369
370	1	370
371	1	371
372	1	372
373	1	373
374	1	374
375	1	375
376	1	376
377	1	377
378	1	378
379	1	379
380	1	380
381	1	381
382	1	382
383	1	383
384	1	384
385	1	385
386	1	386
387	1	387
388	1	388
389	1	389
390	1	390
391	1	391
392	1	392
393	1	393
394	1	394
395	1	395
396	1	396
397	1	397
398	1	398
399	1	399
400	1	400
401	1	401
402	1	402
403	1	403
404	1	404
405	1	405
406	1	406
407	1	407
408	1	408
409	1	409
410	1	410
411	1	411
412	1	412
413	1	413
414	1	414
415	1	415
416	1	416
417	1	417
418	1	418
419	1	419
420	1	420
421	1	421
422	1	422
423	1	423
424	1	424
425	1	425
426	1	426
427	1	427
428	1	428
429	1	429
430	1	430
431	1	431
432	1	432
433	1	433
434	1	434
435	1	435
436	1	436
437	1	437
438	1	438
439	1	439
440	1	440
441	1	441
442	1	442
443	1	443
444	1	444
445	1	445
446	1	446
447	1	447
448	1	448
449	1	449
450	1	450
451	1	451
452	1	452
453	1	453
454	1	454
455	1	455
456	1	456
457	1	457
458	1	458
459	1	459
460	1	460
461	1	461
462	1	462
463	1	463
464	1	464
465	1	465
466	1	466
467	1	467
468	1	468
469	1	469
470	1	470
471	1	471
472	1	472
473	1	473
474	1	474
475	1	475
476	1	476
477	1	477
478	1	478
479	1	479
480	1	480
481	1	481
482	1	482
483	1	483
484	1	484
485	1	485
486	1	486
487	1	487
488	1	488
489	1	489
490	1	490
491	1	491
492	1	492
493	1	493
494	1	494
495	1	495
496	1	496
497	1	497
498	1	498
499	1	499
500	1	500
501	1	501
502	1	502
503	1	503
504	1	504
505	1	505
506	1	506
507	1	507
508	1	508
509	1	509
510	1	510
511	1	511
512	1	512
513	1	513
514	1	514
515	1	515
516	1	516
517	1	517
518	1	518
519	1	519
520	1	520
521	1	521
522	1	522
523	1	523
524	1	524
525	1	525
526	1	526
527	1	527
528	1	528
529	1	529
530	1	530
531	1	531
532	1	532
533	1	533
534	1	534
535	1	535
536	1	536
537	1	537
538	1	538
539	1	539
540	1	540
541	1	541
542	1	542
543	1	543
544	1	544
545	1	545
546	1	546
547	1	547
548	1	548
549	1	549
550	1	550
551	1	551
552	1	552
553	1	553
554	1	554
555	1	555
556	1	556
557	1	557
558	1	558
559	1	559
560	1	560
561	1	561
562	1	562
563	1	563
564	1	564
565	1	565
566	1	566
567	1	567
568	1	568
569	1	569
570	1	570
571	1	571
572	1	572
573	1	573
574	1	574
575	1	575
576	1	576
577	1	577
578	1	578
579	1	579
580	1	580
581	1	581
582	1	582
583	1	583
584	1	584
585	1	585
586	1	586
587	1	587
588	1	588
589	1	589
590	1	590
591	1	591
592	1	592
593	1	593
594	1	594
595	1	595
596	1	596
597	1	597
598	1	598
599	1	599
600	1	600
601	1	601
602	1	602
603	1	603
604	1	604
605	1	605
606	1	606
607	1	607
608	1	608
609	1	609
610	1	610
611	1	611
612	1	612
613	1	613
614	1	614
615	1	615
616	1	616
617	1	617
618	1	618
619	1	619
620	1	620
621	1	621
622	1	622
623	1	623
624	1	624
625	1	625
626	1	626
627	1	627
628	1	628
629	1	629
630	1	630
631	1	631
632	1	632
633	1	633
634	1	634
635	1	635
636	1	636
637	1	637
638	1	638
639	1	639
640	1	640
641	1	641
642	1	642
643	1	643
644	1	644
645	1	645
646	1	646
647	1	647
648	1	648
649	1	649
650	1	650
651	1	651
652	1	652
653	1	653
654	1	654
655	1	655
656	1	656
657	1	657
658	1	658
659	1	659
660	1	660
661	1	661
662	1	662
663	1	663
664	1	664
665	1	665
666	1	666
667	1	667
668	1	668
669	1	669
670	1	670
671	1	671
672	1	672
673	1	673
674	1	674
675	1	675
676	1	676
677	1	677
678	1	678
679	1	679
680	1	680
681	1	681
682	1	682
683	1	683
684	1	684
685	1	685
686	1	686
687	1	687
688	1	688
689	1	689
690	1	690
691	1	691
692	1	692
693	1	693
694	1	694
695	1	695
696	1	696
697	1	697
698	1	698
699	1	699
700	1	700
701	1	701
702	1	702
703	1	703
704	1	704
705	1	705
706	1	706
707	1	707
708	1	708
709	1	709
710	1	710
711	1	711
712	1	712
713	1	713
714	1	714
715	1	715
716	1	716
717	1	717
718	1	718
719	1	719
720	1	720
721	1	721
722	1	722
723	1	723
724	1	724
725	1	725
726	1	726
727	1	727
728	1	728
729	1	729
730	1	730
731	1	731
732	1	732
733	1	733
734	1	734
735	1	735
736	1	736
737	1	737
738	1	738
739	1	739
740	1	740
741	1	741
742	1	742
743	1	743
744	1	744
745	1	745
746	1	746
747	1	747
748	1	748
749	2	3
750	2	5
751	2	15
752	2	20
753	2	749
754	2	751
755	2	752
756	2	753
757	2	754
758	2	755
759	2	756
760	2	757
761	2	758
762	2	759
763	2	760
764	2	761
765	2	762
766	2	763
767	2	764
768	2	765
769	2	766
770	2	767
771	2	768
772	2	769
773	2	770
774	2	771
775	2	772
776	2	773
777	2	774
778	2	775
779	2	776
780	2	777
781	2	778
782	2	779
783	2	780
784	2	781
785	2	782
786	2	783
787	2	784
788	2	785
789	2	786
790	2	787
791	2	788
792	2	789
793	2	791
794	2	792
795	2	793
796	2	794
797	2	795
798	2	796
799	2	797
800	2	798
801	2	799
802	2	800
803	2	801
804	2	802
805	2	803
806	2	804
807	2	805
808	2	806
809	2	807
810	2	808
811	2	809
812	2	810
813	2	811
814	2	812
815	2	813
816	2	814
817	2	815
818	2	816
819	2	817
820	2	818
821	2	819
822	2	820
823	2	821
824	2	822
825	2	823
826	2	824
827	2	825
828	2	826
829	2	827
830	2	828
831	2	829
832	2	830
833	2	831
834	2	832
835	2	833
836	2	834
837	2	836
838	2	837
839	2	838
840	2	839
841	2	841
842	2	842
843	2	843
844	2	844
845	2	845
846	2	846
847	2	847
848	2	848
849	2	849
850	2	850
851	2	851
852	2	852
853	2	853
854	2	854
855	2	855
856	2	856
857	2	857
858	2	858
859	2	859
860	2	860
861	2	861
862	2	862
863	2	863
864	2	864
865	2	865
866	2	866
867	2	867
868	2	868
869	2	869
870	2	870
871	2	871
872	2	872
873	2	873
874	2	874
875	2	875
876	2	876
877	2	877
878	2	878
879	2	879
880	2	880
881	2	881
882	2	882
883	2	883
884	2	884
885	2	885
886	2	886
887	2	887
888	2	888
889	2	889
890	2	890
891	2	891
892	2	892
893	2	893
894	2	894
895	2	895
896	2	896
897	2	897
898	2	898
899	2	899
900	2	900
901	2	901
902	2	902
903	2	903
904	2	904
905	2	905
906	2	906
907	2	907
908	2	908
909	2	909
910	2	910
911	2	911
912	2	912
913	2	913
914	2	914
915	2	915
916	2	916
917	2	917
918	2	918
919	2	919
920	2	920
921	2	921
922	2	922
923	2	923
924	2	924
925	2	925
926	2	926
927	2	927
928	2	928
929	2	929
930	2	930
931	2	931
932	2	932
933	2	933
934	2	934
935	2	935
936	2	936
937	2	937
938	2	938
939	2	939
940	2	940
941	2	941
942	2	942
943	2	943
944	2	944
945	2	945
946	2	946
947	2	947
948	2	948
949	2	949
950	2	950
951	2	951
952	2	952
953	2	953
954	2	954
955	2	955
956	2	956
957	2	957
958	2	958
959	2	959
960	2	960
961	2	961
962	2	962
963	2	963
964	2	964
965	2	965
966	2	966
967	2	967
968	2	968
969	2	969
970	2	970
971	2	971
972	2	972
973	2	973
974	2	974
975	2	975
976	2	976
977	2	977
978	2	978
979	2	979
980	2	980
981	2	981
982	2	982
983	2	983
984	2	984
985	2	985
986	2	986
987	2	987
988	2	988
989	2	989
990	2	990
991	2	991
992	2	992
993	2	993
994	2	994
995	2	995
996	2	996
997	2	997
998	2	998
999	2	999
1000	2	1000
1001	2	1001
1002	2	1002
1003	2	1003
1004	2	1004
1005	2	1005
1006	2	1006
1007	2	1007
1008	2	1008
1009	2	1009
1010	2	1010
1011	2	1011
1012	2	1012
1013	2	1013
1014	2	1014
1015	2	1015
1016	2	1016
1017	2	1017
1018	2	1018
1019	2	1019
1020	2	1020
1021	2	1021
1022	2	1022
1023	2	1023
1024	2	1024
1025	2	1025
1026	2	1026
1027	2	1027
1028	2	1028
1029	2	1029
1030	2	1030
1031	2	1031
1032	2	1032
1033	2	1033
1034	2	1034
1035	2	1035
1036	2	1036
1037	2	1037
1038	2	1038
1039	2	1039
1040	2	1040
1041	2	1041
1042	2	1042
1043	2	1043
1044	2	1044
1045	2	1045
1046	2	1046
1047	2	1047
1048	2	1048
1049	2	1049
1050	2	1050
1051	2	1051
1052	2	1052
1053	2	1053
1054	2	1054
1055	2	1055
1056	2	1056
1057	2	1057
1058	2	1058
1059	2	1059
1060	2	1060
1061	2	1061
1062	2	1062
1063	2	1063
1064	2	1064
1065	2	1065
1066	2	1066
1067	2	1067
1068	2	1068
1069	2	1069
1070	2	1070
1071	2	1071
1072	2	1072
1073	2	1073
1074	2	1074
1075	2	1075
1076	2	1076
1077	2	1077
1078	2	1078
1079	2	1079
1080	2	1080
1081	2	1081
1082	2	1082
1083	2	1083
1084	2	1084
1085	2	1085
1086	2	1086
1087	2	1087
1088	2	1088
1089	2	1089
1090	2	1090
1091	2	1091
1092	2	1092
1093	2	1093
1094	2	1094
1095	2	1095
1096	2	1096
1097	2	1097
1098	2	1098
1099	2	1099
1100	2	1100
1101	2	1101
1102	2	1102
1103	2	1103
1104	2	1104
1105	2	1105
1106	2	1106
1107	2	1107
1108	2	1108
1109	2	1109
1110	2	1110
1111	2	1111
1112	2	1112
1113	2	1113
1114	2	1114
1115	2	1115
1116	2	1116
1117	2	1117
1118	2	1118
1119	2	1119
1120	2	1120
1121	2	1121
1122	2	1122
1123	2	1123
1124	2	1124
1125	2	1125
1126	2	1126
1127	2	1127
1128	2	1128
1129	2	1129
1130	2	1130
1131	2	1131
1132	2	1132
1133	2	1133
1134	2	1134
1135	2	1135
1136	2	1136
1137	2	1137
1138	2	1138
1139	2	1139
1140	2	1140
1141	2	1141
1142	2	1142
1143	2	1143
1144	2	1144
1145	2	1145
1146	2	1146
1147	2	1147
1148	2	1148
1149	2	1149
1150	2	1150
1151	2	1151
1152	2	1152
1153	2	1153
1154	2	1154
1155	2	1155
1156	2	1156
1157	2	1157
1158	2	1158
1159	2	1159
1160	2	1160
1161	2	1161
1162	2	1162
1163	2	1163
1164	2	1164
1165	2	1165
1166	2	1166
1167	2	1167
1168	2	1168
1169	2	1169
1170	2	1170
1171	2	1171
1172	2	1172
1173	2	1173
1174	2	1174
1175	2	1175
1176	2	1176
1177	2	1177
1178	2	1178
1179	2	1179
1180	2	1180
1181	2	1181
1182	2	1182
1183	2	1183
1184	2	1184
1185	2	1185
1186	2	1186
1187	2	1187
1188	2	1188
1189	2	1189
1190	2	1190
1191	2	1191
1192	2	1192
1193	2	1193
1194	2	1194
1195	2	1195
1196	2	1196
1197	2	1197
1198	2	1198
1199	2	1199
1200	2	1200
1201	2	1201
1202	2	1202
1203	2	1203
1204	2	1204
1205	2	1205
1206	2	1206
1207	2	1207
1208	2	1208
1209	2	1209
1210	2	1210
1211	2	1211
1212	2	1212
1213	2	1213
1214	2	1214
1215	2	1215
1216	2	1216
1217	2	1217
1218	2	1218
1219	2	1219
1220	2	1220
1221	2	1221
1222	2	1222
1223	2	1223
1224	2	1224
1225	2	1225
1226	2	1226
1227	2	1227
1228	2	1228
1229	2	1229
1230	2	1230
1231	2	1231
1232	2	1232
1233	2	1233
1234	2	1234
1235	2	1235
1236	2	1236
1237	2	1237
1238	2	1238
1239	2	1239
1240	2	1240
1241	2	1241
1242	2	1242
1243	2	1243
1244	2	1244
1245	2	1245
1246	2	1246
1247	2	1247
1248	2	1248
1249	2	1249
1250	2	1250
1251	2	1251
1252	2	1252
1253	2	1253
1254	2	1254
1255	2	1255
1256	2	1256
1257	2	1257
1258	2	1258
1259	2	1259
1260	2	1260
1261	2	1261
1262	2	1262
1263	2	1263
1264	2	1264
1265	2	1265
1266	2	1266
1267	2	1267
1268	2	1268
1269	2	1269
1270	2	1270
1271	2	1271
1272	2	1272
1273	2	1273
1274	2	1274
1275	2	1275
1276	2	1276
1277	2	1277
1278	2	1278
1279	2	1279
1280	2	1280
1281	2	1281
1282	2	1282
1283	2	1283
1284	2	1284
1285	2	1285
1286	2	1286
1287	2	1287
1288	2	1288
1289	2	1289
1290	2	1290
1291	2	1291
1292	2	1292
1293	2	1293
1294	2	1294
1295	2	1295
1296	2	1296
1297	2	1297
1298	2	1298
1299	2	1299
1300	2	1300
1301	2	1301
1302	2	1302
1303	2	1303
1304	2	1304
1305	2	1305
1306	2	1306
1307	2	1307
1308	2	1308
1309	2	1309
1310	2	1310
1311	2	1311
1312	2	1312
1313	2	1313
1314	2	1314
1315	2	1315
1316	2	1316
1317	2	1317
1318	2	1318
1319	2	1319
1320	2	1320
1321	2	1321
1322	2	1322
1323	2	1323
1324	2	1324
1325	2	1325
1326	2	1326
1327	2	1327
1328	2	1328
1329	2	1329
1330	2	1330
1331	2	1331
1332	2	1332
1333	2	1333
1334	2	1334
1335	2	1335
1336	2	1336
1337	2	1337
1338	2	1338
1339	2	1339
1340	2	1340
1341	2	1341
1342	2	1342
1343	2	1343
1344	2	1344
1345	2	1345
1346	2	1346
1347	2	1347
1348	2	1348
1349	2	1349
1350	2	1350
1351	2	1351
1352	2	1352
1353	2	1353
1354	2	1354
1355	2	1355
1356	2	1356
1357	2	1357
1358	2	1358
1359	2	1359
1360	2	1360
1361	2	1361
1362	2	1362
1363	2	1363
1364	2	1364
1365	2	1365
1366	2	1366
1367	2	1367
1368	2	1368
1369	2	1369
1370	2	1370
1371	2	1371
1372	2	1372
1373	2	1373
1374	2	1374
1375	2	1375
1376	2	1376
1377	2	1377
1378	2	1378
1379	2	1379
1380	2	1380
1381	2	1381
1382	2	1382
1383	2	1383
1384	2	1384
1385	2	1385
1386	2	1386
1387	2	1387
1388	2	1388
1389	2	1389
1390	2	1390
1391	2	1391
1392	2	1392
1393	2	1393
1394	2	1394
1395	2	1395
1396	2	1396
1397	2	1397
1398	2	1398
1399	2	1399
1400	2	1400
1401	2	1401
1402	2	1402
1403	2	1403
1404	2	1404
1405	2	1405
1406	2	1406
1407	2	1407
1408	2	1408
1409	2	1409
1410	2	1410
1411	2	1411
1412	2	1412
1413	2	1413
1414	2	1414
1415	2	1415
1416	2	1416
1417	2	1417
1418	2	1418
1419	2	1419
1420	2	1420
1421	2	1421
1422	2	1422
1423	2	1423
1424	2	1424
1425	2	1425
1426	2	1426
1427	2	1427
1428	2	1428
1429	2	1429
1430	2	1430
1431	2	1431
1432	2	1432
1433	2	1433
1434	2	1434
1435	2	1435
1436	2	1436
1437	2	1437
1438	2	1438
1439	2	1439
1440	2	1440
1441	2	1441
1442	2	1442
1443	2	1443
1444	2	1444
1445	2	1445
1446	2	1446
1447	2	1447
1448	2	1448
1449	2	1449
1450	2	1450
1451	2	1451
1452	2	1452
1453	2	1453
1454	2	1454
1455	2	1455
1456	2	1456
1457	2	1457
1458	2	1458
1459	2	1459
1460	2	1460
1461	2	1461
1462	2	1462
1463	2	1463
1464	2	1464
1465	2	1465
1466	2	1466
1467	2	1467
1468	2	1468
1469	2	1469
1470	2	1470
1471	2	1471
1472	2	1472
1473	2	1473
1474	2	1474
1475	2	1475
1476	2	1476
1477	2	1477
1478	2	1478
1479	2	1479
1480	2	1480
1481	2	1481
1482	2	1482
1483	2	1483
1484	2	1484
1485	2	1485
1486	2	1486
1487	2	1487
1488	2	1488
1489	2	1489
1490	2	1490
1491	2	1491
1492	2	1492
1493	2	1493
1494	2	1494
1495	2	1495
1496	2	1496
1497	2	1497
1498	2	1498
1499	2	1499
1500	2	1500
1501	2	1501
1502	2	1502
1503	2	1503
1504	2	1504
1505	2	1505
1506	2	1506
1507	2	1507
1508	2	1508
1509	2	1509
1510	2	1510
1511	2	1511
1512	2	1512
1513	2	1513
1514	2	1514
1515	2	1515
1516	2	1516
1517	2	1517
1518	2	1518
1519	2	1519
1520	2	1520
1521	2	1521
1522	2	1522
1523	2	1523
1524	2	1524
1525	2	1525
1526	2	1526
1527	2	1527
1528	2	1528
1529	2	1529
1530	2	1530
1531	2	1531
1532	2	1532
1533	2	1533
1534	2	1534
1535	2	1535
1536	2	1536
1537	2	1537
1538	2	1538
1539	2	1539
1540	2	1540
1541	2	1541
1542	2	1542
1543	2	1543
1544	2	1544
1545	2	1545
1546	2	1546
1547	2	1547
1548	2	1548
1549	2	1549
1550	2	1550
1551	2	1551
1552	2	1552
1553	2	1553
1554	2	1554
1555	2	1555
1556	2	1556
1557	2	1557
1558	2	1558
1559	2	1559
1560	2	1560
1561	2	1561
1562	2	1562
1563	2	1563
1564	2	1564
1565	2	1565
1566	2	1566
1567	2	1567
1568	2	1568
1569	2	1569
1570	2	1570
1571	2	1571
1572	2	1572
1573	2	1573
1574	2	1574
1575	2	1575
1576	2	1576
1577	2	1577
1578	2	1578
1579	2	1579
1580	2	1580
1581	2	1581
1582	2	1582
1583	2	1583
1584	2	1584
1585	2	1585
1586	2	1586
1587	2	1587
1588	2	1588
1589	2	1589
1590	2	1590
1591	2	1591
1592	2	1592
1593	2	1593
1594	2	1594
1595	2	1595
1596	2	1596
1597	2	1597
1598	2	1598
1599	2	1599
1600	2	1600
1601	2	1601
1602	2	1602
1603	2	1603
1604	2	1604
1605	2	1605
1606	2	1606
1607	2	1607
1608	2	1608
1609	2	1609
1610	2	1610
1611	2	1611
1612	2	1612
1613	2	1613
1614	2	1614
1615	2	1615
1616	2	1616
1617	2	1617
1618	2	1618
1619	2	1619
1620	2	1620
1621	2	1621
1622	2	1622
1623	2	1623
1624	2	1624
1625	2	1625
1626	2	1626
1627	2	1627
1628	2	1628
1629	2	1629
1630	2	1630
1631	2	1631
1632	2	1632
1633	2	1633
1634	2	1634
1635	2	1635
1636	2	1636
1637	2	1637
1638	2	1638
1639	2	1639
1640	2	1640
1641	2	1641
1642	2	1642
1643	2	1643
1644	2	1644
1645	2	1645
1646	2	1646
1647	2	1647
1648	2	1648
1649	2	1649
1650	2	1650
1651	2	1651
1652	2	1652
1653	2	1653
1654	2	1654
1655	2	1655
1656	2	1656
1657	2	1657
1658	2	1658
1659	2	1659
1660	2	1660
1661	2	1661
1662	2	1662
1663	2	1663
1664	2	1664
1665	2	1665
1666	2	1666
1667	2	1667
1668	2	1668
1669	2	1669
1670	2	1670
1671	2	1671
1672	2	1672
1673	2	1673
1674	2	1674
1675	2	1675
1676	2	1676
1677	2	1677
1678	2	1678
1679	2	1679
1680	2	1680
1681	2	1681
1682	2	1682
1683	2	1683
1684	2	1684
1685	2	1685
1686	2	1686
1687	2	1687
1688	2	1688
1689	2	1689
1690	2	1690
1691	2	1691
1692	2	1692
1693	2	1693
1694	2	1694
1695	2	1695
1696	2	1696
1697	2	1697
1698	2	1698
1699	2	1699
1700	2	1700
1701	2	1701
1702	2	1702
1703	2	1703
1704	2	1704
1705	2	1705
1706	2	1706
1707	2	1707
1708	2	1708
1709	2	1709
1710	2	1710
1711	2	1711
1712	2	1712
1713	2	1713
1714	2	1714
1715	2	1715
1716	2	1716
1717	2	1717
1718	2	1718
1719	2	1719
1720	2	1720
1721	2	1721
1722	2	1722
1723	2	1723
1724	2	1724
1725	2	1725
1726	2	1726
1727	2	1727
1728	2	1728
1729	2	1729
1730	2	1730
1731	2	1731
1732	2	1732
1733	2	1733
1734	2	1734
1735	2	1735
1736	2	1736
1737	2	1737
1738	2	1738
1739	2	1739
1740	2	1740
1741	2	1741
1742	2	1742
1743	2	1743
1744	2	1744
1745	2	1745
1746	2	1746
1747	2	1747
1748	2	1748
1749	2	1749
1750	2	1750
1751	2	1751
1752	2	1752
1753	2	1753
1754	2	1754
1755	2	1755
1756	2	1756
1757	2	1757
1758	2	1758
1759	2	1759
1760	2	1760
1761	2	1761
1762	2	1762
1763	2	1763
1764	2	1764
1765	2	1765
1766	2	1766
1767	2	1767
1768	2	1768
1769	2	1769
1770	2	1770
1771	2	1771
1772	2	1772
1773	2	1773
1774	2	1774
1775	2	1775
1776	2	1776
1777	2	1777
1778	2	1778
1779	2	1779
1780	2	1780
1781	2	1781
1782	2	36
1783	2	96
1784	2	97
1785	2	98
1786	2	99
1787	2	100
1788	2	101
1789	2	102
1790	2	103
1791	2	104
1792	2	105
1793	2	106
1794	2	107
1795	2	108
1796	2	109
1797	2	110
1798	2	111
1799	2	112
1800	2	113
1801	2	114
1802	2	115
1803	2	116
1804	2	117
1805	2	118
1806	2	119
1807	2	120
1808	2	121
1809	2	122
1810	2	123
1811	2	124
1812	2	125
1813	2	126
1814	2	127
1815	2	128
1816	2	129
1817	2	130
1818	2	131
1819	2	132
1820	2	133
1821	2	134
1822	2	135
1823	2	136
1824	2	137
1825	2	138
1826	2	139
1827	2	140
1828	2	141
1829	2	142
1830	2	143
1831	2	144
1832	2	145
1833	2	146
1834	2	147
1835	2	148
1836	2	149
1837	2	150
1838	2	151
1839	2	152
1840	2	153
1841	2	154
1842	2	155
1843	2	156
1844	2	157
1845	2	158
1846	2	159
1847	2	160
1848	2	161
1849	2	162
1850	2	163
1851	2	164
1852	2	165
1853	2	166
1854	2	167
1855	2	168
1856	2	169
1857	2	170
1858	2	171
1859	2	172
1860	2	173
1861	2	174
1862	2	175
1863	2	176
1864	2	177
1865	2	178
1866	2	179
1867	2	180
1868	2	183
1869	2	184
1870	2	185
1871	2	334
1872	2	335
1873	2	336
1874	2	337
1875	2	338
1876	2	339
1877	2	340
1878	2	341
1879	2	342
1880	2	343
1881	2	567
1882	2	570
1883	2	598
1884	2	599
1885	2	600
1886	2	601
1887	2	602
1888	2	603
1889	2	604
1890	2	605
1891	2	606
1892	2	607
1893	2	608
1894	2	609
1895	2	610
1896	2	611
1897	2	612
1898	2	613
1899	2	614
1900	2	615
1901	2	616
1902	2	617
1903	2	618
1904	2	619
1905	2	620
1906	2	621
1907	2	622
1908	2	623
1909	2	624
1910	2	625
1911	2	626
1912	2	627
1913	2	677
1914	2	678
1915	2	679
1916	2	680
1917	2	744
1918	2	1782
1919	2	1783
1920	2	1784
1921	2	1785
1922	2	1786
1923	2	1787
1924	2	1788
1925	2	1789
1926	2	1790
1927	2	1791
1928	2	1792
1929	2	1793
1930	2	1794
1931	2	1795
1932	2	1796
1933	2	1797
1934	2	1798
1935	2	1799
1936	2	1800
1937	2	1801
1938	2	1802
1939	2	1803
1940	2	1804
1941	2	1805
1942	2	1806
1943	2	1807
1944	2	1808
1945	2	1809
1946	2	1810
1947	2	1812
1948	2	1813
1949	2	1814
1950	2	1815
1951	2	1816
1952	2	1817
1953	2	1818
1954	2	1819
1955	2	1820
1956	2	1821
1957	2	1822
1958	2	1823
1959	2	1824
1960	2	1825
1961	2	1826
1962	2	1827
1963	2	1828
1964	2	1829
1965	2	1830
1966	2	1831
1967	2	1832
1968	2	1833
1969	2	1834
1970	2	1835
1971	2	1836
1972	2	1837
1973	2	1838
1974	2	1839
1975	2	1840
1976	2	1841
1977	2	1842
1978	2	1843
1979	2	1844
1980	2	1845
1981	2	1846
1982	2	1847
1983	2	1848
1984	2	1849
1985	2	1850
1986	2	1851
1987	2	1852
1988	2	1853
1989	2	1854
1990	2	1855
1991	2	1856
1992	2	1857
1993	2	1858
1994	2	1859
1995	2	1860
1996	2	1861
1997	2	1862
1998	2	1863
1999	2	1864
2000	2	1865
2001	2	1866
2002	2	1867
2003	2	1868
2004	2	1869
2005	2	1870
2006	2	1871
2007	2	1872
2008	2	1873
2009	2	1874
2010	2	1875
2011	2	1876
2012	2	1877
2013	2	1878
2014	2	1879
2015	2	1880
2016	2	1881
2017	2	1882
2018	2	1883
2019	2	1884
2020	2	1885
2021	2	1886
2022	2	1887
2023	2	1888
2024	2	1889
2025	2	1890
2026	2	1891
2027	2	1892
2028	2	1893
2029	2	1894
2030	2	1895
2031	2	1896
2032	2	1897
2033	2	1898
2034	2	1899
2035	2	1900
2036	2	1901
2037	2	1902
2038	2	1903
2039	2	1904
2040	2	1905
2041	2	1906
2042	2	1907
2043	2	1908
2044	2	1909
2045	2	1910
2046	2	1911
2047	2	1912
2048	2	1913
2049	2	1914
2050	2	1915
2051	2	1916
2052	2	1917
2053	2	1918
2054	2	1919
2055	2	1920
2056	2	1921
2057	2	1922
2058	2	1923
2059	2	1924
2060	2	1925
2061	2	1926
2062	2	1927
2063	2	1928
2064	2	1929
2065	2	1930
2066	2	1931
2067	2	1932
2068	2	1933
2069	2	1934
2070	2	1935
2071	2	1936
2072	2	1937
2073	2	1938
2074	2	1939
2075	2	1940
2076	2	1941
2077	2	1942
2078	2	1943
2079	2	1944
2080	2	1945
2081	2	1946
2082	2	1947
2083	2	1948
2084	2	1949
2085	2	1950
2086	2	1951
2087	2	1952
2088	2	1953
2089	2	1954
2090	2	1955
2091	2	1956
2092	2	1957
2093	2	1958
2094	2	1959
2095	2	1960
2096	2	1961
2097	2	1962
2098	2	1963
2099	2	1964
2100	2	1965
2101	2	1966
2102	2	1967
2103	2	1968
2104	2	1969
2105	2	1970
2106	2	1971
2107	2	1972
2108	2	1973
2109	2	1974
2110	2	1975
2111	2	1976
2112	2	1977
2113	2	1978
2114	2	1979
2115	2	1980
2116	2	1981
2117	2	1982
2118	2	1983
2119	2	1984
2120	2	1985
2121	2	1986
2122	2	1987
2123	2	1988
2124	2	1989
2125	2	1990
2126	2	1991
2127	2	1992
2128	2	1993
2129	2	1994
2130	2	1995
2131	2	1996
2132	2	1997
2133	2	1998
2134	2	1999
2135	2	2000
2136	2	2001
2137	2	2002
2138	2	2003
2139	2	2004
2140	2	2005
2141	2	2006
2142	2	2007
2143	2	2008
2144	2	2009
2145	2	2010
2146	2	2011
2147	2	2012
2148	2	2013
2149	2	2014
2150	2	2015
2151	2	2016
2152	2	2017
2153	2	2018
2154	2	2019
2155	2	2020
2156	2	2021
2157	2	2022
2158	2	2023
2159	2	2024
2160	2	2025
2161	2	2026
2162	2	2027
2163	2	2028
2164	2	2029
2165	2	2030
2166	2	2031
2167	2	2032
2168	2	2033
2169	2	2034
2170	2	2035
2171	2	2036
2172	2	2037
2173	2	2038
2174	2	2039
2175	2	2040
2176	2	2041
2177	2	2042
2178	2	2043
2179	2	2132
2180	2	2143
2181	2	2144
2182	2	2145
2183	2	2146
2184	2	2147
2185	2	2148
2186	2	2149
2187	2	2150
2188	2	2151
2189	2	2152
2190	2	2153
2191	2	2154
2192	2	2155
2193	2	2156
2194	2	2157
2195	2	2158
2196	2	2159
2197	2	2160
2198	2	2161
2199	2	2162
2200	2	2163
2201	2	2164
2202	2	2165
2203	2	2166
2204	2	2167
2205	2	2168
2206	2	2169
2207	2	2170
2208	2	2171
2209	2	2172
2210	2	2173
2211	2	2174
2212	2	2175
2213	2	2176
2214	2	2177
2215	2	2178
2216	2	2179
2217	2	2180
2218	2	2181
2219	2	2182
2220	2	2183
2221	2	2184
2222	2	2185
2223	2	2186
2224	2	2187
2225	2	2188
2226	2	2189
2227	2	2190
2228	2	2191
2229	2	2192
2230	2	2193
2231	2	2194
2232	2	2195
2233	2	2196
2234	2	2197
2235	2	2198
2236	2	2199
2237	2	2200
2238	2	2201
2239	2	2202
2240	2	2203
2241	2	2204
2242	2	2205
2243	2	2206
2244	2	2207
2245	2	2208
2246	2	2209
2247	2	2210
2248	2	2211
2249	2	2212
2250	2	2213
2251	2	2214
2252	2	2215
2253	2	2216
2254	2	2217
2255	2	2218
2256	2	2219
2257	2	2220
2258	2	2221
2259	2	2222
2260	2	2223
2261	2	2224
2262	2	2225
2263	2	2226
2264	2	2227
2265	2	2228
2266	2	2229
2267	2	2230
2268	2	2231
2269	2	2232
2270	2	2233
2271	2	2234
2272	2	2235
2273	2	2236
2274	2	2237
2275	2	2238
2276	2	2239
2277	2	2240
2278	2	2241
2279	2	2242
2280	2	2243
2281	2	2244
2282	2	2245
2283	2	2246
2284	2	2247
2285	2	2248
2286	2	2249
2287	2	2250
2288	2	2251
2289	2	2252
2290	2	2253
2291	2	2254
2292	2	2255
2293	2	2256
2294	2	2257
2295	2	2258
2296	2	2259
2297	2	2260
2298	2	2261
2299	2	2262
2300	2	2263
2301	2	2264
2302	2	2265
2303	2	2266
2304	2	2267
2305	2	2268
2306	2	2269
2307	2	2270
2308	2	2271
2309	2	2272
2310	2	2273
2311	2	2274
2312	2	2275
2313	2	2276
2314	2	2277
2315	2	2278
2316	2	2279
2317	2	2280
2318	2	2281
2319	2	2282
2320	2	2283
2321	2	2284
2322	2	2285
2323	2	2286
2324	2	2287
2325	2	2288
2326	2	2289
2327	2	2290
2328	2	2291
2329	2	2292
2330	2	2293
2331	2	2294
2332	2	2295
2333	2	2296
2334	2	2297
2335	2	2298
2336	2	2299
2337	2	2300
2338	2	2301
2339	2	2302
2340	2	2303
2341	2	2304
2342	2	2305
2343	2	2306
2344	2	2307
2345	2	2308
2346	2	2309
2347	2	2310
2348	2	2311
2349	2	2312
2350	2	2314
2351	2	2315
2352	2	2317
2353	2	2318
2354	2	2319
2355	2	2320
2356	2	2321
2357	2	2322
2358	2	2323
2359	2	2324
2360	2	2325
2361	2	2326
2362	2	2327
2363	2	2328
2364	2	2329
2365	2	2330
2366	2	2331
2367	2	2332
2368	2	2333
2369	2	2334
2370	2	2335
2371	2	2336
2372	2	2337
2373	2	2338
2374	2	2339
2375	2	2340
2376	2	2341
2377	2	2342
2378	2	2343
2379	2	2344
2380	2	2345
2381	2	2346
2382	2	2347
2383	2	2348
2384	2	2349
2385	2	2350
2386	2	2351
2387	2	2352
2388	2	2353
2389	2	2354
2390	2	2355
2391	2	2356
2392	2	2357
2393	2	2358
2394	2	2359
2395	2	2360
2396	2	2361
2397	2	2362
2398	2	2363
2399	2	2364
2400	2	2365
2401	2	2366
2402	2	2367
2403	2	2368
2404	2	2369
2405	2	2370
2406	2	2371
2407	2	2372
2408	2	2373
2409	2	2374
2410	2	2375
2411	2	2376
2412	2	2377
2413	2	2378
2414	2	2379
2415	2	2380
2416	2	2381
2417	2	2382
2418	2	2383
2419	2	2384
2420	2	2385
2421	2	2386
2422	2	2387
2423	2	2388
2424	2	2389
2425	2	2390
2426	2	2391
2427	2	2392
2428	2	2393
2429	2	2394
2430	2	2395
2431	2	2396
2432	2	2431
2433	2	2432
2434	2	2433
2435	2	2434
2436	2	2435
2437	2	2436
2438	2	2437
2439	2	2438
2440	2	2439
2441	2	2440
2442	2	2441
2443	2	2442
2444	2	2443
2445	2	2444
2446	2	2445
2447	2	2446
2448	2	2447
2449	2	2448
2450	2	2449
2451	2	2450
2452	2	2451
2453	2	2452
2454	2	2453
2455	2	2454
2456	2	2455
2457	2	2456
2458	2	2457
2459	2	2458
2460	2	2459
2461	2	2460
2462	2	2461
2463	2	2462
2464	2	2463
2465	2	2464
2466	2	2465
2467	2	2466
2468	2	2467
2469	2	2468
2470	2	2469
2471	2	2470
2472	2	2471
2473	2	2472
2474	2	2473
2475	2	2474
2476	2	2475
2477	2	2476
2478	2	2477
2479	2	2478
2480	2	2479
2481	2	2480
2482	2	2481
2483	2	2482
2484	2	2483
2485	2	2484
2486	2	2485
2487	2	2486
2488	2	2487
2489	2	2488
2490	2	2489
2491	2	2490
2492	2	2491
2493	2	2492
2494	2	2493
2495	2	2494
2496	2	2495
2497	2	2496
2498	2	2497
2499	2	2498
2500	2	2499
2501	2	2500
2502	2	2501
2503	2	2502
2504	2	2503
2505	2	2504
2506	2	2505
2507	2	2506
2508	2	2507
2509	2	2508
2510	2	2509
2511	2	2510
2512	2	2511
2513	2	2512
2514	2	2513
2515	2	2514
2516	2	2515
2517	2	2516
2518	2	2517
2519	2	2518
2520	2	2519
2521	2	2520
2522	2	2521
2523	2	2522
2524	2	2523
2525	2	2524
2526	2	2525
2527	2	2526
2528	2	2527
2529	2	2528
2530	2	2529
2531	2	2530
2532	2	2531
2533	2	2532
2534	2	2533
2535	2	2534
2536	2	2535
2537	2	2536
2538	2	2537
2539	2	2538
2540	2	2539
2541	2	2540
2542	2	2541
2543	2	2542
2544	2	2543
2545	2	2544
2546	2	2545
2547	2	2546
2548	2	2547
2549	2	2548
2550	2	2549
2551	2	2550
2552	2	2551
2553	2	2552
2554	2	2553
2555	2	2554
2556	2	2555
2557	2	2556
2558	2	2557
2559	2	2558
2560	2	2559
2561	2	2560
2562	2	2561
2563	2	2562
2564	2	2563
2565	2	2564
2566	2	2565
2567	2	2566
2568	2	2567
2569	2	2568
2570	2	2569
2571	2	2570
2572	2	2571
2573	2	2572
2574	2	2573
2575	2	2574
2576	2	2575
2577	2	2576
2578	2	2577
2579	2	2578
2580	2	2579
2581	2	2580
2582	2	2581
2583	2	2582
2584	2	2583
2585	2	2584
2586	2	2585
2587	2	2586
2588	2	2587
2589	2	2588
2590	2	2589
2591	2	2590
2592	2	2591
2593	2	2592
2594	2	2593
2595	2	2594
2596	2	2595
2597	2	2596
2598	2	2597
2599	2	2598
2600	2	2599
2601	2	2600
2602	2	2601
2603	2	2602
2604	2	2603
2605	2	2604
2606	2	2605
2607	2	2606
2608	2	2607
2609	2	2608
2610	2	2609
2611	2	2610
2612	2	2611
2613	2	2612
2614	2	2613
2615	2	2614
2616	2	2615
2617	2	2616
2618	2	2617
2619	2	2618
2620	2	2619
2621	2	2620
2622	2	2621
2623	2	2622
2624	2	2623
2625	2	2624
2626	2	2625
2627	2	2626
2628	2	2627
2629	2	2628
2630	2	2629
2631	2	2630
2632	2	2631
2633	2	2632
2634	2	2633
2635	2	2634
2636	2	2635
2637	2	2636
2638	2	2637
2639	2	2638
2640	2	2639
2641	2	2640
2642	2	2641
2643	2	2642
2644	2	2643
2645	2	2644
2646	2	2645
2647	2	2646
2648	2	2647
2649	2	2648
2650	2	2649
2651	2	2650
2652	2	2651
2653	2	2652
2654	2	2653
2655	2	2654
2656	2	2655
2657	2	2656
2658	2	2657
2659	2	2658
2660	2	2659
2661	2	2660
2662	2	2661
2663	2	2662
2664	2	2663
2665	2	2664
2666	2	2665
2667	2	2666
2668	2	2667
2669	2	2668
2670	2	2669
2671	2	2670
2672	2	2671
2673	2	2672
2674	2	2673
2675	2	2674
2676	2	2675
2677	2	2676
2678	2	2677
2679	2	2678
2680	2	2679
2681	2	2680
2682	2	2681
2683	2	2682
2684	2	2683
2685	2	2684
2686	2	2685
2687	2	2686
2688	2	2687
2689	2	2688
2690	2	2689
2691	2	2690
2692	2	2691
2693	2	2692
2694	2	2693
2695	2	2694
2696	2	2695
2697	2	2696
2698	2	2697
2699	2	2698
2700	2	2699
2701	2	2700
2702	2	2701
2703	2	2702
2704	2	2703
2705	2	2704
2706	2	2705
2707	2	2706
2708	2	2707
2709	2	2708
2710	2	2709
2711	2	2710
2712	2	2711
2713	2	2712
2714	2	2713
2715	2	2714
2716	2	2715
2717	2	2716
2718	2	2717
2719	2	2718
2720	2	2719
2721	2	2720
2722	2	2721
2723	2	2722
2724	2	2723
2725	2	2724
2726	2	2725
2727	2	2727
2728	2	2728
2729	2	2729
2730	2	2730
2731	2	2731
2732	2	2732
2733	2	2733
2734	2	2734
2735	2	2735
2736	2	2736
2737	2	2737
2738	2	2738
2739	2	2739
2740	2	2740
2741	2	2741
2742	2	2742
2743	2	2743
2744	2	2744
2745	2	2745
2746	2	2746
2747	2	2747
2748	2	2748
2749	2	2749
2750	2	2750
2751	2	2751
2752	2	2752
2753	2	2753
2754	2	2754
2755	2	2755
2756	2	2756
2757	2	2757
2758	2	2758
2759	2	2759
2760	2	2760
2761	2	2761
2762	2	2762
2763	2	2763
2764	2	2764
2765	2	2765
2766	2	2766
2767	2	2767
2768	2	2768
2769	2	2769
2770	2	2770
2771	2	2771
2772	2	2772
2773	2	2773
2774	2	2774
2775	2	2775
2776	2	2776
2777	2	2777
2778	2	2778
2779	2	2779
2780	2	2780
2781	2	2781
2782	2	2782
2783	2	2783
2784	2	2784
2785	2	2785
2786	2	2786
2787	2	2787
2788	2	2788
2789	2	2789
2790	2	2790
2791	2	2791
2792	2	2792
2793	2	2793
2794	2	2794
2795	2	2795
2796	2	2796
2797	2	2797
2798	2	2798
2799	2	2799
2800	2	2800
2801	2	2801
2802	2	2802
2803	2	2803
2804	2	2804
2805	2	2805
2806	2	2806
2807	2	2807
2808	2	2808
2809	2	2809
2810	2	2810
2811	2	2811
2812	2	2812
2813	2	2813
2814	2	2814
2815	3	3
2816	3	5
2817	3	15
2818	3	20
2819	3	32
2820	3	35
2821	3	36
2822	3	567
2823	3	570
2824	3	836
2825	3	843
2826	3	1343
2827	3	1812
2828	3	1813
2829	3	1814
2830	3	1815
2831	3	1816
2832	3	1818
2833	3	1819
2834	3	1821
2835	3	2038
2836	3	2039
2837	3	2041
2838	3	2042
2839	3	2043
2840	3	2132
2841	3	2266
2842	3	2267
2843	3	2268
2844	3	2269
2845	3	2270
2846	3	2271
2847	3	2272
2848	3	2273
2849	3	2275
2850	3	2276
2851	3	2277
2852	3	2278
2853	3	2279
2854	3	2314
2855	3	2318
2856	3	2815
2857	3	2817
2858	3	2818
2859	3	2819
2860	3	2821
2861	3	2822
2862	3	2823
2863	3	2824
2864	3	2825
2865	3	2826
2866	3	2828
2867	3	2829
2868	3	2831
2869	3	2832
2870	3	2834
2871	3	2835
2872	3	2836
2873	3	2838
2874	3	2839
2875	3	2840
2876	3	2841
2877	3	2842
2878	3	2844
2879	3	2846
2880	3	2847
2881	3	2848
2882	3	2849
2883	3	2850
2884	3	2851
2885	3	2852
2886	3	2853
2887	3	2854
2888	3	2856
2889	3	2857
2890	3	2858
2891	3	2859
2892	3	2860
2893	3	2871
2894	3	2872
2895	3	2876
2896	3	2878
2897	3	2879
2898	3	2880
2899	3	2888
2900	3	2889
2901	3	2890
2902	3	2898
2903	3	2899
2904	3	2900
2905	3	2901
2906	3	2902
2907	3	2903
2908	3	2904
2909	3	2905
2910	3	2906
2911	3	2910
2912	3	2911
2913	3	2913
2914	3	2914
2915	3	741
2916	3	743
2917	3	744
2918	3	2473
2919	3	2566
2920	3	2727
2921	3	2728
2922	3	2729
2923	3	2730
2924	3	2731
2925	3	2733
2926	3	2734
2927	3	2809
2928	3	2811
2929	3	2812
2930	3	2915
2931	3	2916
2932	3	2918
2933	3	2919
2934	3	2921
2935	3	2923
2936	3	2924
2937	3	2925
2938	3	2926
2939	3	2927
2940	3	2928
2941	3	2929
2942	3	2930
2943	3	2932
2944	3	2933
2945	3	2934
2946	3	2935
2947	3	2936
2948	3	2946
2949	3	2947
2950	3	2950
2951	4	3
2952	4	5
2953	4	15
2954	4	20
2955	4	35
2956	4	36
2957	4	789
2958	4	791
2959	4	792
2960	4	834
2961	4	836
2962	4	837
2963	4	838
2964	4	839
2965	4	841
2966	4	843
2967	4	1072
2968	4	1073
2969	4	1074
2970	4	1075
2971	4	1256
2972	4	1343
2973	4	1366
2974	4	1367
2975	4	1368
2976	4	1369
2977	4	1391
2978	4	1392
2979	4	1393
2980	4	1394
2981	4	1395
2982	4	1396
2983	4	1397
2984	4	1398
2985	4	1399
2986	4	1400
2987	4	1401
2988	4	1402
2989	4	1403
2990	4	1404
2991	4	1405
2992	4	1406
2993	4	1407
2994	4	1408
2995	4	1409
2996	4	1410
2997	4	1411
2998	4	1412
2999	4	1413
3000	4	1420
3001	4	1421
3002	4	1422
3003	4	1423
3004	4	1424
3005	4	1425
3006	4	1426
3007	4	1427
3008	4	1428
3009	4	1429
3010	4	1430
3011	4	1431
3012	4	1432
3013	4	1433
3014	4	1434
3015	4	1449
3016	4	1450
3017	4	1451
3018	4	1452
3019	4	1453
3020	4	1454
3021	4	1455
3022	4	1456
3023	4	1457
3024	4	1458
3025	4	1459
3026	4	1460
3027	4	1461
3028	4	1466
3029	4	1467
3030	4	1468
3031	4	1469
3032	4	1471
3033	4	1810
3034	4	1812
3035	4	1813
3036	4	2854
3037	4	2856
3038	4	2857
3039	4	2858
3040	4	2859
3041	4	2860
3042	4	2951
3043	4	2955
3044	4	2957
3045	4	2972
3046	4	2975
3047	4	3036
3048	4	3037
3049	4	3042
3050	4	3048
3051	4	567
3052	4	570
3053	4	743
3054	4	744
3055	4	1814
3056	4	1815
3057	4	1816
3058	4	1817
3059	4	1818
3060	4	1819
3061	4	1820
3062	4	1821
3063	4	2038
3064	4	2039
3065	4	2040
3066	4	2041
3067	4	2042
3068	4	2043
3069	4	2132
3070	4	2266
3071	4	2267
3072	4	2268
3073	4	2269
3074	4	2270
3075	4	2271
3076	4	2273
3077	4	2274
3078	4	2275
3079	4	2276
3080	4	2277
3081	4	2278
3082	4	2279
3083	4	2293
3084	4	2312
3085	4	2314
3086	4	2315
3087	4	2318
3088	4	2473
3089	4	2474
3090	4	2475
3091	4	2566
3092	4	2576
3093	4	2584
3094	4	2585
3095	4	2586
3096	4	2587
3097	4	2588
3098	4	2589
3099	4	2590
3100	4	2591
3101	4	2593
3102	4	2594
3103	4	2595
3104	4	2596
3105	4	2597
3106	4	2598
3107	4	2603
3108	4	2604
3109	4	2605
3110	4	2606
3111	4	2607
3112	4	2609
3113	4	2610
3114	4	2725
3115	4	2727
3116	4	2728
3117	4	2729
3118	4	2730
3119	4	2731
3120	4	2732
3121	4	2733
3122	4	2734
3123	4	2735
3124	4	2809
3125	4	2810
3126	4	2811
3127	4	2812
3128	4	2813
3129	4	2814
3130	4	2930
3131	4	2932
3132	4	2933
3133	4	2934
3134	4	2935
3135	4	2936
3136	4	3052
3137	4	3073
3138	4	3082
3139	4	3083
3140	4	3116
3141	4	3117
3142	4	3122
3143	4	3128
3144	4	3132
3145	5	3
3146	5	5
3147	5	15
3148	5	20
3149	5	32
3150	5	35
3151	5	36
3152	5	334
3153	5	335
3154	5	336
3155	5	337
3156	5	338
3157	5	339
3158	5	340
3159	5	341
3160	5	342
3161	5	343
3162	5	836
3163	5	843
3164	5	1343
3165	5	1812
3166	5	1813
3167	5	1814
3168	5	1815
3169	5	1816
3170	5	1818
3171	5	1819
3172	5	1821
3173	5	2038
3174	5	2039
3175	5	2041
3176	5	2042
3177	5	2043
3178	5	2132
3179	5	2143
3180	5	2144
3181	5	2145
3182	5	2146
3183	5	2147
3184	5	2148
3185	5	2149
3186	5	2150
3187	5	2151
3188	5	2152
3189	5	2153
3190	5	2154
3191	5	2155
3192	5	2156
3193	5	2157
3194	5	2158
3195	5	2159
3196	5	2160
3197	5	2161
3198	5	2162
3199	5	2163
3200	5	2164
3201	5	2165
3202	5	2166
3203	5	2167
3204	5	2168
3205	5	2169
3206	5	2170
3207	5	2171
3208	5	2172
3209	5	2173
3210	5	2174
3211	5	2175
3212	5	2176
3213	5	2177
3214	5	2178
3215	5	2179
3216	5	2180
3217	5	2181
3218	5	2182
3219	5	2183
3220	5	2184
3221	5	2185
3222	5	2186
3223	5	2187
3224	5	2188
3225	5	2189
3226	5	2190
3227	5	2191
3228	5	2192
3229	5	2193
3230	5	2194
3231	5	2195
3232	5	2196
3233	5	2197
3234	5	2198
3235	5	2199
3236	5	2200
3237	5	2201
3238	5	2202
3239	5	2203
3240	5	2204
3241	5	2205
3242	5	2206
3243	5	2207
3244	5	2208
3245	5	2209
3246	5	2210
3247	5	2211
3248	5	2212
3249	5	2213
3250	5	2214
3251	5	2215
3252	5	2216
3253	5	2217
3254	5	2218
3255	5	2219
3256	5	2220
3257	5	2818
3258	5	2819
3259	5	2821
3260	5	2822
3261	5	2823
3262	5	2824
3263	5	2825
3264	5	2826
3265	5	2829
3266	5	2831
3267	5	2832
3268	5	2834
3269	5	2836
3270	5	2838
3271	5	2839
3272	5	2840
3273	5	2841
3274	5	2844
3275	5	2846
3276	5	2847
3277	5	2848
3278	5	2849
3279	5	2850
3280	5	2851
3281	5	2852
3282	5	2853
3283	5	2854
3284	5	2856
3285	5	2857
3286	5	2858
3287	5	2859
3288	5	2860
3289	5	2872
3290	5	2876
3291	5	2878
3292	5	2879
3293	5	2880
3294	5	2951
3295	5	3036
3296	5	3157
3297	5	3158
3298	5	3159
3299	5	3160
3300	5	3161
3301	5	3162
3302	5	3163
3303	5	3164
3304	5	3165
3305	5	3166
3306	5	3167
3307	5	3168
3308	5	3169
3309	5	3170
3310	5	3171
3311	5	3172
3312	5	3173
3313	5	3174
3314	5	3175
3315	5	3176
3316	5	3177
3317	5	3178
3318	5	3179
3319	5	3180
3320	5	3181
3321	5	3182
3322	5	3183
3323	5	3184
3324	5	3185
3325	5	3186
3326	5	3187
3327	5	3188
3328	5	3189
3329	5	3190
3330	5	3191
3331	5	3192
3332	5	3193
3333	5	3194
3334	5	3195
3335	5	3196
3336	5	3197
3337	5	3198
3338	5	3199
3339	5	3200
3340	5	3201
3341	5	3202
3342	5	3203
3343	5	3204
3344	5	3205
3345	5	3206
3346	5	3207
3347	5	3208
3348	5	3209
3349	5	3210
3350	5	3211
3351	5	3212
3352	5	3213
3353	5	3214
3354	5	3215
3355	5	3216
3356	5	3217
3357	5	3218
3358	5	3219
3359	5	3220
3360	5	3221
3361	5	3222
3362	5	3223
3363	5	3224
3364	5	3225
3365	5	3226
3366	5	3227
3367	5	3228
3368	5	3229
3369	5	3230
3370	5	3231
3371	5	3232
3372	5	3233
3373	5	3234
3374	5	3235
3375	5	3236
3376	5	3237
3377	5	3238
3378	5	3239
3379	5	3240
3380	5	3241
3381	5	3242
3382	5	3243
3383	5	3244
3384	5	3245
3385	5	3246
3386	5	3247
3387	5	3248
3388	5	3249
3389	5	3250
3390	5	3251
3391	5	3252
3392	5	3253
3393	5	3254
3394	5	3255
3395	5	3256
3396	5	3257
3397	5	3258
3398	5	3259
3399	5	3260
3400	5	3261
3401	5	3262
3402	5	3263
3403	5	3264
3404	5	3265
3405	5	3266
3406	5	3267
3407	5	3268
3408	5	3269
3409	5	3270
3410	5	3271
3411	5	3272
3412	5	3273
3413	5	3274
3414	5	3275
3415	5	3276
3416	5	3277
3417	5	3278
3418	5	3279
3419	5	3280
3420	5	3281
3421	5	3282
3422	5	3283
3423	5	3284
3424	5	3285
3425	5	3286
3426	5	3287
3427	5	3288
3428	5	3289
3429	5	3290
3430	5	3291
3431	5	3292
3432	5	3293
3433	5	3294
3434	5	3295
3435	5	3296
3436	5	3297
3437	5	3298
3438	5	3299
3439	5	3300
3440	5	3301
3441	5	3302
3442	5	3303
3443	5	3304
3444	5	3305
3445	5	3306
3446	5	3307
3447	5	3308
3448	5	3309
3449	5	3310
3450	5	3311
3451	5	3312
3452	5	3313
3453	5	3314
3454	5	3315
3455	5	3316
3456	5	3317
3457	5	3318
3458	5	3319
3459	5	3320
3460	5	3321
3461	5	3322
3462	5	3323
3463	5	3324
3464	5	3325
3465	5	3326
3466	5	3327
3467	5	3328
3468	5	3329
3469	5	3330
3470	5	3331
3471	5	3332
3472	5	3333
3473	5	3334
3474	5	3335
3475	5	3336
3476	5	3337
3477	5	3338
3478	5	3339
3479	5	3340
3480	5	3341
3481	5	3342
3482	5	3343
3483	5	3344
3484	5	3345
3485	5	3346
3486	5	3347
3487	5	3348
3488	5	3349
3489	5	3350
3490	5	3351
3491	5	3352
3492	5	3353
3493	5	3354
3494	5	3355
3495	5	3356
3496	5	3357
3497	5	3358
3498	5	3359
3499	5	3360
3500	5	3361
3501	5	3362
3502	5	3363
3503	5	3364
3504	5	3365
3505	5	3366
3506	5	3367
3507	5	3368
3508	5	3369
3509	5	3370
3510	5	3371
3511	5	3372
3512	5	3373
3513	5	3374
3514	5	3375
3515	5	3376
3516	5	3377
3517	5	3378
3518	5	3379
3519	5	3380
3520	5	3381
3521	5	3382
3522	5	3383
3523	5	3384
3524	5	3385
3525	5	3386
3526	5	3387
3527	5	3391
3528	5	3392
3529	5	3393
3530	5	3394
3531	5	3395
3532	5	3396
3533	5	3397
3534	5	3398
3535	5	3399
3536	5	3400
3537	5	3401
3538	5	3402
3539	5	3403
3540	5	3404
3541	5	3405
3542	5	3406
3543	5	3407
3544	5	3408
3545	5	3409
3546	5	3410
3547	5	3411
3548	5	3412
3549	5	3413
3550	5	3414
3551	5	3415
3552	5	3416
3553	5	3417
3554	5	3418
3555	5	3419
3556	5	3420
3557	5	3421
3558	5	3422
3559	5	3423
3560	5	3424
3561	5	3425
3562	5	3426
3563	5	3427
3564	5	3428
3565	5	3430
3566	5	3431
3567	5	3469
3568	5	3479
3569	5	3569
3570	5	3570
3571	5	3571
3572	5	345
3573	5	567
3574	5	570
3575	5	677
3576	5	678
3577	5	679
3578	5	680
3579	5	682
3580	5	741
3581	5	743
3582	5	744
3583	5	2221
3584	5	2222
3585	5	2223
3586	5	2224
3587	5	2225
3588	5	2226
3589	5	2227
3590	5	2228
3591	5	2229
3592	5	2230
3593	5	2231
3594	5	2232
3595	5	2233
3596	5	2234
3597	5	2235
3598	5	2236
3599	5	2237
3600	5	2238
3601	5	2239
3602	5	2240
3603	5	2241
3604	5	2242
3605	5	2243
3606	5	2244
3607	5	2245
3608	5	2246
3609	5	2247
3610	5	2248
3611	5	2249
3612	5	2250
3613	5	2251
3614	5	2252
3615	5	2253
3616	5	2254
3617	5	2255
3618	5	2256
3619	5	2257
3620	5	2258
3621	5	2259
3622	5	2260
3623	5	2261
3624	5	2262
3625	5	2263
3626	5	2264
3627	5	2265
3628	5	2266
3629	5	2267
3630	5	2268
3631	5	2269
3632	5	2270
3633	5	2271
3634	5	2272
3635	5	2273
3636	5	2275
3637	5	2276
3638	5	2277
3639	5	2278
3640	5	2279
3641	5	2314
3642	5	2318
3643	5	2431
3644	5	2432
3645	5	2433
3646	5	2434
3647	5	2435
3648	5	2436
3649	5	2437
3650	5	2438
3651	5	2439
3652	5	2440
3653	5	2441
3654	5	2442
3655	5	2443
3656	5	2444
3657	5	2445
3658	5	2446
3659	5	2447
3660	5	2448
3661	5	2449
3662	5	2450
3663	5	2451
3664	5	2452
3665	5	2453
3666	5	2454
3667	5	2455
3668	5	2456
3669	5	2457
3670	5	2458
3671	5	2459
3672	5	2460
3673	5	2461
3674	5	2462
3675	5	2463
3676	5	2464
3677	5	2465
3678	5	2466
3679	5	2467
3680	5	2468
3681	5	2469
3682	5	2470
3683	5	2471
3684	5	2472
3685	5	2473
3686	5	2566
3687	5	2727
3688	5	2728
3689	5	2729
3690	5	2730
3691	5	2731
3692	5	2733
3693	5	2734
3694	5	2809
3695	5	2811
3696	5	2812
3697	5	2889
3698	5	2890
3699	5	2899
3700	5	2901
3701	5	2902
3702	5	2903
3703	5	2904
3704	5	2905
3705	5	2906
3706	5	2911
3707	5	2913
3708	5	2915
3709	5	2916
3710	5	2918
3711	5	2921
3712	5	2923
3713	5	2924
3714	5	2925
3715	5	2926
3716	5	2927
3717	5	2928
3718	5	2929
3719	5	2930
3720	5	2932
3721	5	2933
3722	5	2934
3723	5	2935
3724	5	2936
3725	5	2946
3726	5	2947
3727	5	3116
3728	5	3572
3729	5	3573
3730	5	3574
3731	5	3575
3732	5	3576
3733	5	3577
3734	5	3578
3735	5	3579
3736	5	3580
3737	5	3581
3738	5	3582
3739	5	3583
3740	5	3584
3741	5	3585
3742	5	3586
3743	5	3587
3744	5	3588
3745	5	3589
3746	5	3590
3747	5	3591
3748	5	3592
3749	5	3593
3750	5	3594
3751	5	3595
3752	5	3596
3753	5	3597
3754	5	3598
3755	5	3599
3756	5	3600
3757	5	3601
3758	5	3602
3759	5	3603
3760	5	3604
3761	5	3605
3762	5	3606
3763	5	3607
3764	5	3608
3765	5	3609
3766	5	3610
3767	5	3611
3768	5	3612
3769	5	3613
3770	5	3614
3771	5	3615
3772	5	3616
3773	5	3617
3774	5	3618
3775	5	3629
3776	5	3630
3777	5	3631
3778	5	3632
3779	5	3638
3780	5	3639
3781	5	3640
3782	5	3641
3783	5	3642
3784	5	3643
3785	5	3644
3786	5	3646
3787	5	3654
3788	5	3655
3789	5	3656
3790	5	3657
3791	5	3658
3792	5	3659
3793	5	3660
3794	5	3661
3795	5	3662
3796	5	3663
3797	5	3664
3798	5	3665
3799	5	3666
3800	5	3667
3801	5	3668
3802	5	3669
3803	5	3670
3804	5	3671
3805	5	3672
3806	5	3673
3807	5	3674
3808	5	3675
3809	5	3676
3810	5	3677
3811	5	3678
3812	5	3679
3813	5	3680
3814	5	3681
3815	5	3682
3816	5	3683
3817	5	3684
3818	5	3685
3819	5	3686
3820	5	3687
3821	5	3688
3822	5	3689
3823	5	3690
3824	5	3691
3825	5	3704
3826	5	3705
3827	5	3706
3828	5	3707
3829	5	3708
3830	5	3718
3831	5	3720
3832	5	3721
3833	5	3722
3834	5	3723
3835	5	3724
3836	5	3725
3837	5	3726
3838	5	3727
3839	5	3728
3840	5	3729
3841	5	3730
3842	5	3731
3843	5	3732
3844	5	3733
3845	5	3734
3846	5	3735
3847	5	3736
3848	5	3737
3849	5	3738
3850	5	3739
3851	5	3740
3852	5	3741
3853	5	3742
3854	5	3743
3855	5	3744
3856	5	3745
3857	5	3746
3858	5	3747
3859	5	3748
3860	5	3749
3861	5	3750
3862	5	3775
3863	5	3776
3864	5	3777
3865	5	3778
3866	5	3779
3867	5	3780
3868	5	3781
3869	5	3782
3870	5	3783
3871	5	3784
3872	5	3785
3873	5	3786
3874	5	3787
3875	5	3788
3876	5	3789
3877	5	3790
3878	5	3791
3879	5	3792
3880	5	3793
3881	5	3794
3882	5	3795
3883	5	3796
3884	5	3797
3885	5	3798
3886	5	3799
3887	5	3800
3888	5	3801
3889	5	3802
3890	5	3803
3891	5	3804
3892	5	3805
3893	5	3806
3894	5	3807
3895	5	3808
3896	5	3809
3897	5	3810
3898	5	3811
3899	5	3812
3900	5	3813
3901	5	3814
3902	5	3815
3903	5	3816
3904	5	3817
3905	5	3818
3906	5	3819
3907	5	3820
3908	5	3821
3909	5	3822
3910	5	3823
3911	5	3824
3912	5	3825
3913	5	3826
3914	5	3827
3915	5	3828
3916	5	3829
3917	5	3830
3918	5	3831
3919	5	3832
3920	5	3833
3921	5	3834
3922	5	3835
3923	5	3836
3924	5	3837
3925	5	3838
3926	5	3839
3927	5	3840
3928	5	3841
3929	5	3842
3930	5	3843
3931	5	3844
3932	5	3845
3933	5	3846
3934	5	3847
3935	5	3848
3936	5	3849
3937	5	3850
3938	5	3851
3939	5	3852
3940	5	3854
3941	5	3855
3942	5	3856
3943	5	3857
3944	5	3858
3945	5	3859
3946	5	3860
3947	5	3861
3948	5	3862
3949	5	3863
3950	5	3864
3951	5	3865
3952	5	3866
3953	5	3867
3954	5	3868
3955	5	3869
3956	5	3874
3957	5	3905
3958	5	3906
3959	5	3907
3960	5	3908
3961	5	3909
3962	5	3910
3963	5	3911
3964	5	3912
3965	5	3913
3966	5	3914
3967	5	3915
3968	5	3916
3969	5	3917
3970	5	3918
3971	5	3919
3972	5	3920
3973	5	3925
3974	5	3928
3975	5	3929
3976	5	3933
3977	5	3934
3978	5	3935
3979	5	3936
3980	5	3937
3981	5	3938
3982	5	3939
3983	5	3940
3984	5	3941
3985	5	3942
3986	5	3943
3987	5	3944
3988	5	3950
3989	5	3955
3990	5	3956
3991	5	3957
3992	5	3958
3993	5	3959
3994	5	3960
3995	5	3961
3996	5	3962
3997	5	3963
3998	5	3964
3999	5	2950
4000	6	5
4001	6	15
4002	6	20
4003	6	32
4004	6	34
4005	6	35
4006	6	36
4007	6	836
4008	6	843
4009	6	1073
4010	6	1343
4011	6	1812
4012	6	1813
4013	6	1814
4014	6	1815
4015	6	1816
4016	6	1818
4017	6	1819
4018	6	1821
4019	6	2038
4020	6	2039
4021	6	2041
4022	6	2042
4023	6	2818
4024	6	2819
4025	6	2821
4026	6	2822
4027	6	2823
4028	6	2824
4029	6	2825
4030	6	2828
4031	6	2829
4032	6	2831
4033	6	2832
4034	6	2834
4035	6	2836
4036	6	2838
4037	6	2839
4038	6	2840
4039	6	2841
4040	6	2844
4041	6	2846
4042	6	2847
4043	6	2848
4044	6	2849
4045	6	2850
4046	6	2851
4047	6	2853
4048	6	2854
4049	6	2856
4050	6	2858
4051	6	2859
4052	6	2860
4053	6	2872
4054	6	3036
4055	6	4000
4056	6	4001
4057	6	4003
4058	6	4008
4059	6	4009
4060	6	4010
4061	6	4011
4062	6	4012
4063	6	4013
4064	6	4014
4065	6	4015
4066	6	4016
4067	6	4017
4068	6	4018
4069	6	4019
4070	6	4020
4071	6	4021
4072	6	4022
4073	6	4023
4074	6	4024
4075	6	4025
4076	6	4026
4077	6	4027
4078	6	4028
4079	6	4029
4080	6	4030
4081	6	4031
4082	6	4032
4083	6	4033
4084	6	4034
4085	6	4035
4086	6	4036
4087	6	4037
4088	6	4038
4089	6	4039
4090	6	4040
4091	6	4041
4092	6	4042
4093	6	4043
4094	6	4044
4095	6	4045
4096	6	4046
4097	6	4047
4098	6	4048
4099	6	4049
4100	6	4050
4101	6	4051
4102	6	4052
4103	6	4053
4104	6	4054
4105	6	4055
4106	6	4056
4107	6	4057
4108	6	4058
4109	6	4059
4110	6	4060
4111	6	4061
4112	6	4062
4113	6	4063
4114	6	4064
4115	6	4065
4116	6	4066
4117	6	4067
4118	6	4068
4119	6	4069
4120	6	4070
4121	6	4071
4122	6	4072
4123	6	4073
4124	6	4074
4125	6	4075
4126	6	4076
4127	6	4077
4128	6	4078
4129	6	4079
4130	6	4080
4131	6	4081
4132	6	4082
4133	6	4083
4134	6	4084
4135	6	4085
4136	6	4086
4137	6	4087
4138	6	4088
4139	6	4089
4140	6	4090
4141	6	4091
4142	6	4092
4143	6	4093
4144	6	4094
4145	6	4095
4146	6	4096
4147	6	4097
4148	6	4098
4149	6	4099
4150	6	4100
4151	6	4101
4152	6	4102
4153	6	4103
4154	6	4104
4155	6	4105
4156	6	4106
4157	6	4107
4158	6	4108
4159	6	4109
4160	6	4110
4161	6	4111
4162	6	4112
4163	6	4113
4164	6	4114
4165	6	4115
4166	6	4116
4167	6	4117
4168	6	4118
4169	6	4119
4170	6	4120
4171	6	4121
4172	6	4122
4173	6	4123
4174	6	4124
4175	6	4125
4176	6	4126
4177	6	4127
4178	6	4128
4179	6	4129
4180	6	4130
4181	6	4131
4182	6	4132
4183	6	4133
4184	6	4134
4185	6	4135
4186	6	4136
4187	6	4137
4188	6	4138
4189	6	4139
4190	6	4140
4191	6	4141
4192	6	4142
4193	6	4143
4194	6	4144
4195	6	4145
4196	6	4149
4197	6	4155
4198	6	4156
4199	6	4159
4200	6	4160
4201	6	4161
4202	6	4162
4203	6	4163
4204	6	4164
4205	6	4165
4206	6	4166
4207	6	4167
4208	6	4168
4209	6	4169
4210	6	4170
4211	6	4171
4212	6	4172
4213	6	4173
4214	6	4174
4215	6	4175
4216	6	4176
4217	6	4177
4218	6	4178
4219	6	4179
4220	6	4180
4221	6	4181
4222	6	4182
4223	6	4183
4224	6	4184
4225	6	4185
4226	6	4186
4227	6	4187
4228	6	4188
4229	6	4189
4230	6	4190
4231	6	4191
4232	6	4192
4233	6	4193
4234	6	4194
4235	6	4195
4236	6	4196
4237	6	4197
4238	6	4198
4239	6	4199
4240	6	4200
4241	6	4201
4242	6	4202
4243	6	4203
4244	6	4204
4245	6	4205
4246	6	4207
4247	6	4209
4248	6	4211
4249	6	4213
4250	6	4218
4251	6	4222
4252	6	4235
4253	6	4248
4254	6	4250
4255	6	4253
4256	6	4256
4257	6	4257
4258	6	4258
4259	6	4259
4260	6	4260
4261	6	4261
4262	6	4262
4263	6	4263
4264	6	4264
4265	6	4265
4266	6	4266
4267	6	4267
4268	6	4268
4269	6	4269
4270	6	4270
4271	6	4271
4272	6	4272
4273	6	4273
4274	6	4274
4275	6	4275
4276	6	4276
4277	6	4277
4278	6	4278
4279	6	4279
4280	6	4280
4281	6	4281
4282	6	4282
4283	6	4283
4284	6	4284
4285	6	4285
4286	6	4286
4287	6	4287
4288	6	4288
4289	6	4289
4290	6	4290
4291	6	4291
4292	6	4292
4293	6	4293
4294	6	4294
4295	6	4295
4296	6	4296
4297	6	4297
4298	6	4298
4299	6	4299
4300	6	4300
4301	6	4301
4302	6	4302
4303	6	4303
4304	6	4304
4305	6	4305
4306	6	4306
4307	6	4307
4308	6	4308
4309	6	4309
4310	6	4310
4311	6	4311
4312	6	4312
4313	6	4313
4314	6	4314
4315	6	4315
4316	6	4316
4317	6	4317
4318	6	4318
4319	6	4319
4320	6	4320
4321	6	4321
4322	6	4322
4323	6	4323
4324	6	4324
4325	6	4325
4326	6	4326
4327	6	4327
4328	6	4328
4329	6	4329
4330	6	4330
4331	6	4331
4332	6	4332
4333	6	4333
4334	6	4334
4335	6	4335
4336	6	4336
4337	6	4337
4338	6	4338
4339	6	4339
4340	6	4340
4341	6	4341
4342	6	4342
4343	6	4343
4344	6	4344
4345	6	4345
4346	6	4346
4347	6	567
4348	6	570
4349	6	741
4350	6	742
4351	6	743
4352	6	744
4353	6	2132
4354	6	2266
4355	6	2267
4356	6	2268
4357	6	2269
4358	6	2270
4359	6	2271
4360	6	2273
4361	6	2275
4362	6	2276
4363	6	2277
4364	6	2278
4365	6	2279
4366	6	2314
4367	6	2318
4368	6	2473
4369	6	2566
4370	6	2727
4371	6	2728
4372	6	2729
4373	6	2730
4374	6	2731
4375	6	2733
4376	6	2734
4377	6	2809
4378	6	2811
4379	6	2812
4380	6	2813
4381	6	2889
4382	6	2899
4383	6	2901
4384	6	2902
4385	6	2903
4386	6	2904
4387	6	2905
4388	6	2911
4389	6	2913
4390	6	2915
4391	6	2918
4392	6	2921
4393	6	2923
4394	6	2924
4395	6	2925
4396	6	2926
4397	6	2927
4398	6	2928
4399	6	2929
4400	6	2930
4401	6	2932
4402	6	2934
4403	6	2935
4404	6	2936
4405	6	2946
4406	6	2947
4407	6	2950
4408	6	3116
4409	6	4347
4410	6	4348
4411	6	4349
4412	6	4350
4413	6	4351
4414	6	4352
4415	6	4353
4416	6	4354
4417	6	4355
4418	6	4356
4419	6	4357
4420	6	4358
4421	6	4359
4422	6	4360
4423	6	4361
4424	6	4362
4425	6	4363
4426	6	4364
4427	6	4365
4428	6	4366
4429	6	4367
4430	6	4368
4431	6	4369
4432	6	4370
4433	6	4371
4434	6	4372
4435	6	4373
4436	6	4374
4437	6	4375
4438	6	4376
4439	6	4377
4440	6	4378
4441	6	4379
4442	6	4380
4443	6	4381
4444	6	4382
4445	6	4383
4446	6	4384
4447	6	4385
4448	6	4386
4449	6	4387
4450	6	4388
4451	6	4389
4452	6	4390
4453	6	4391
4454	6	4392
4455	6	4393
4456	6	4394
4457	6	4395
4458	6	4396
4459	6	4397
4460	6	4398
4461	6	4399
4462	6	4400
4463	6	4401
4464	6	4402
4465	6	4403
4466	6	4404
4467	6	4405
4468	6	4406
4469	6	4407
4470	6	4408
4471	6	4409
4472	6	4410
4473	6	4411
4474	6	4412
4475	6	4413
4476	6	4414
4477	6	4415
4478	6	4416
4479	6	4417
4480	6	4418
4481	6	4419
4482	6	4420
4483	6	4421
4484	6	4422
4485	6	4423
4486	6	4424
4487	6	4425
4488	6	4426
4489	6	4427
4490	6	4428
4491	6	4429
4492	6	4430
4493	6	4431
4494	6	4432
4495	6	4433
4496	6	4434
4497	6	4435
4498	6	4436
4499	6	4437
4500	6	4438
4501	6	4439
4502	6	4440
4503	6	4441
4504	6	4442
4505	6	4443
4506	6	4444
4507	6	4445
4508	6	4446
4509	6	4447
4510	6	4448
4511	6	4449
4512	6	4450
4513	6	4451
4514	6	4452
4515	6	4453
4516	6	4454
4517	6	4455
4518	6	4456
4519	6	4457
4520	6	4458
4521	6	4459
4522	6	4460
4523	6	4461
4524	6	4462
4525	6	4463
4526	6	4464
4527	6	4465
4528	6	4466
4529	6	4467
4530	6	4468
4531	6	4469
4532	6	4470
4533	6	4472
4534	6	4475
4535	6	4477
4536	6	4482
4537	6	4483
4538	6	4484
4539	6	4485
4540	6	4486
4541	6	4487
4542	6	4489
4543	6	4492
4544	6	4493
4545	6	4494
4546	6	4495
4547	6	4496
4548	6	4497
4549	6	4498
4550	6	4499
4551	6	4500
4552	6	4501
4553	6	4502
4554	6	4503
4555	6	4504
4556	6	4505
4557	6	4506
4558	6	4507
4559	6	4508
4560	6	4509
4561	6	4510
4562	6	4511
4563	6	4512
4564	6	4513
4565	6	4514
4566	6	4515
4567	6	4516
4568	6	4517
4569	6	4518
4570	6	4519
4571	6	4520
4572	6	4521
4573	6	4522
4574	6	4523
4575	6	4524
4576	6	4525
4577	6	4526
4578	6	4527
4579	6	4528
4580	6	4529
4581	6	4530
4582	6	4531
4583	6	4532
4584	6	4533
4585	6	4534
4586	6	4535
4587	6	4536
4588	6	4537
4589	6	4538
4590	6	4539
4591	6	4540
4592	6	4541
4593	6	4542
4594	6	4543
4595	6	4544
4596	6	4545
4597	6	4546
4598	6	4547
4599	6	4548
4600	6	4549
4601	6	4550
4602	6	4551
4603	6	4552
4604	6	4553
4605	6	4554
4606	6	4555
4607	6	4556
4608	6	4557
4609	6	4558
4610	6	4559
4611	6	4560
4612	6	4561
4613	6	4562
4614	6	4570
4615	6	4571
4616	6	4572
4617	6	4573
4618	6	4574
4619	6	4575
4620	6	4576
4621	6	4577
4622	6	4578
4623	6	4579
4624	6	4580
4625	6	4581
4626	6	4582
4627	6	4583
4628	6	4584
4629	6	4585
4630	6	4586
4631	6	4587
4632	6	4588
4633	6	4589
4634	6	4590
4635	6	4591
4636	6	4592
4637	6	4593
4638	6	4594
4639	6	4595
4640	6	4596
4641	6	4597
4642	6	4598
4643	6	4599
4644	6	4600
4645	6	4601
4646	6	4602
4647	6	4603
4648	6	4604
4649	6	4605
4650	6	4606
4651	6	4607
4652	6	4608
4653	6	4609
4654	6	4610
4655	6	4611
4656	6	4612
4657	6	4613
4658	6	4614
4659	6	4615
4660	6	4618
4661	6	4622
4662	6	4623
4663	6	4624
4664	6	4625
4665	6	4626
4666	6	4627
4667	6	4628
4668	6	4629
4669	6	4630
4670	6	4631
4671	6	4632
4672	6	4633
4673	6	4634
4674	6	4635
4675	6	4636
4676	6	4637
4677	6	4638
4678	6	4639
4679	6	4641
4680	6	4646
4681	6	4651
4682	6	4664
4683	6	4677
4684	6	4678
4685	6	4679
4686	6	4680
4687	6	4681
4688	6	4682
4689	6	4683
4690	6	4684
4691	6	4685
4692	6	4686
4693	6	4687
4694	7	3
4695	7	5
4696	7	15
4697	7	20
4698	7	35
4699	7	36
4700	7	419
4701	7	494
4702	7	495
4703	7	496
4704	7	497
4705	7	498
4706	7	789
4707	7	791
4708	7	834
4709	7	836
4710	7	838
4711	7	839
4712	7	841
4713	7	843
4714	7	1072
4715	7	1073
4716	7	1074
4717	7	1246
4718	7	1247
4719	7	1248
4720	7	1343
4721	7	1810
4722	7	1813
4723	7	1814
4724	7	1815
4725	7	1816
4726	7	1817
4727	7	1818
4728	7	1819
4729	7	1820
4730	7	1821
4731	7	2038
4732	7	2039
4733	7	2040
4734	7	2041
4735	7	2042
4736	7	2043
4737	7	2132
4738	7	2266
4739	7	2267
4740	7	2846
4741	7	2847
4742	7	2848
4743	7	2853
4744	7	2854
4745	7	2856
4746	7	2857
4747	7	2858
4748	7	2859
4749	7	2860
4750	7	3036
4751	7	3037
4752	7	3042
4753	7	4694
4754	7	4695
4755	7	4696
4756	7	4697
4757	7	4698
4758	7	4699
4759	7	4700
4760	7	4701
4761	7	4702
4762	7	4703
4763	7	4704
4764	7	4705
4765	7	4706
4766	7	4707
4767	7	4708
4768	7	4709
4769	7	4710
4770	7	4711
4771	7	4712
4772	7	4713
4773	7	4714
4774	7	4715
4775	7	4716
4776	7	4717
4777	7	4718
4778	7	4719
4779	7	4720
4780	7	4721
4781	7	4722
4782	7	4723
4783	7	4724
4784	7	4725
4785	7	4726
4786	7	4727
4787	7	4728
4788	7	4729
4789	7	4730
4790	7	4731
4791	7	4732
4792	7	4733
4793	7	4734
4794	7	4735
4795	7	4736
4796	7	4737
4797	7	4738
4798	7	4739
4799	7	4740
4800	7	4741
4801	7	4742
4802	7	4743
4803	7	4744
4804	7	4745
4805	7	4746
4806	7	4747
4807	7	4748
4808	7	4750
4809	7	4751
4810	7	4754
4811	7	4756
4812	7	4757
4813	7	4758
4814	7	4760
4815	7	4763
4816	7	4764
4817	7	4765
4818	7	4766
4819	7	4767
4820	7	4768
4821	7	4774
4822	7	4775
4823	7	4776
4824	7	4777
4825	7	4778
4826	7	4779
4827	7	4780
4828	7	4781
4829	7	4782
4830	7	4783
4831	7	4784
4832	7	4785
4833	7	4786
4834	7	4787
4835	7	4791
4836	7	4792
4837	7	4793
4838	7	4794
4839	7	4798
4840	7	4800
4841	7	4801
4842	7	4818
4843	7	4821
4844	7	4829
4845	7	4840
4846	7	4846
4847	7	4847
4848	7	4848
4849	7	4849
4850	7	4850
4851	7	4851
4852	7	4852
4853	7	4853
4854	7	4854
4855	7	4855
4856	7	4856
4857	7	4857
4858	7	4858
4859	7	4859
4860	7	4860
4861	7	4861
4862	7	4862
4863	7	4863
4864	7	4864
4865	7	4865
4866	7	4866
4867	7	4867
4868	7	4868
4869	7	4869
4870	7	4870
4871	7	4871
4872	7	4872
4873	7	4873
4874	7	4874
4875	7	4875
4876	7	4876
4877	7	4877
4878	7	4878
4879	7	4879
4880	7	4880
4881	7	4881
4882	7	4882
4883	7	4883
4884	7	4884
4885	7	4885
4886	7	4886
4887	7	4887
4888	7	4888
4889	7	4889
4890	7	4890
4891	7	4891
4892	7	4892
4893	7	4893
4894	7	4894
4895	7	4895
4896	7	4896
4897	7	4897
4898	7	4898
4899	7	4899
4900	7	4900
4901	7	4901
4902	7	4902
4903	7	4903
4904	7	4904
4905	7	4905
4906	7	547
4907	7	548
4908	7	567
4909	7	570
4910	7	709
4911	7	731
4912	7	743
4913	7	744
4914	7	2269
4915	7	2270
4916	7	2271
4917	7	2273
4918	7	2274
4919	7	2275
4920	7	2276
4921	7	2277
4922	7	2278
4923	7	2279
4924	7	2293
4925	7	2312
4926	7	2314
4927	7	2315
4928	7	2318
4929	7	2473
4930	7	2474
4931	7	2475
4932	7	2533
4933	7	2534
4934	7	2566
4935	7	2725
4936	7	2728
4937	7	2729
4938	7	2730
4939	7	2731
4940	7	2732
4941	7	2733
4942	7	2734
4943	7	2735
4944	7	2813
4945	7	2924
4946	7	2925
4947	7	2929
4948	7	2930
4949	7	2932
4950	7	2933
4951	7	2934
4952	7	2935
4953	7	2936
4954	7	3116
4955	7	3117
4956	7	3122
4957	7	4906
4958	7	4907
4959	7	4908
4960	7	4909
4961	7	4910
4962	7	4911
4963	7	4912
4964	7	4913
4965	7	4914
4966	7	4915
4967	7	4916
4968	7	4917
4969	7	4918
4970	7	4919
4971	7	4920
4972	7	4921
4973	7	4925
4974	7	4926
4975	7	4927
4976	7	4928
4977	7	4929
4978	7	4930
4979	7	4931
4980	7	4932
4981	7	4933
4982	7	4934
4983	7	4935
4984	7	4936
4985	7	4937
4986	7	4938
4987	7	4939
4988	7	4940
4989	7	4941
4990	7	4942
4991	7	4943
4992	7	4944
4993	7	4945
4994	7	4946
4995	7	4947
4996	7	4948
4997	7	4949
4998	7	4950
4999	7	4951
5000	7	4952
5001	7	4953
5002	7	4954
5003	7	4955
5004	7	4956
5005	7	4957
5006	7	4958
5007	7	4959
5008	7	4960
5009	7	4961
5010	7	4962
5011	7	4963
5012	7	4964
5013	7	4965
5014	7	4966
5015	7	4967
5016	7	4968
5017	7	4969
5018	7	4970
5019	7	4971
5020	7	4972
5021	7	4973
5022	7	4974
5023	7	4975
5024	7	4976
5025	7	4977
5026	7	4978
5027	7	4979
5028	7	4980
5029	7	4981
5030	7	4982
5031	7	4983
5032	7	4984
5033	7	4985
5034	7	4986
5035	7	4987
5036	7	4988
5037	7	4989
5038	7	4990
5039	7	4991
5040	7	4992
5041	7	4993
5042	7	4994
5043	7	4995
5044	7	4996
5045	7	4997
5046	7	4998
5047	7	4999
5048	7	5000
5049	7	5001
5050	7	5009
5051	7	5010
5052	7	5011
5053	7	5012
5054	7	5013
5055	7	5014
5056	7	5015
5057	7	5016
5058	7	5017
5059	7	5018
5060	7	5019
5061	7	5020
5062	7	5021
5063	7	5022
5064	7	5023
5065	7	5024
5066	7	5025
5067	7	5026
5068	7	5027
5069	7	5028
5070	7	5029
5071	7	5030
5072	7	5031
5073	7	5032
5074	7	5033
5075	7	5034
5076	7	5038
5077	7	5039
5078	7	5043
5079	7	5044
5080	7	5048
5081	7	5049
5082	7	5050
5083	7	5051
5084	7	5052
5085	7	5053
5086	7	5054
5087	7	5058
5088	7	5059
5089	7	5060
5090	7	5061
5091	7	5062
5092	7	5063
5093	7	5064
5094	7	5065
5095	7	5066
5096	7	5067
5097	7	5068
5098	7	5069
5099	7	5070
5100	7	5071
5101	7	5072
5102	7	5073
5103	7	5074
5104	7	5075
5105	7	5076
5106	7	5077
5107	7	5078
5108	7	5079
5109	7	5080
5110	7	5081
5111	7	5082
5112	7	5085
5113	7	5088
5114	7	5090
5115	7	5091
5116	7	5107
5117	7	5116
5118	7	5118
5119	8	5
5120	8	15
5121	8	20
5122	8	836
5123	8	2819
5124	8	2821
5125	8	2822
5126	8	2823
5127	8	2824
5128	8	2826
5129	8	2828
5130	8	2831
5131	8	2832
5132	8	2839
5133	8	4202
5134	8	4724
5135	8	4725
5136	8	4726
5137	8	4727
5138	8	4728
5139	8	4729
5140	8	4730
5141	8	4731
5142	8	4732
5143	8	4733
5144	8	4734
5145	8	4735
5146	8	4736
5147	8	4737
5148	8	4738
5149	8	4739
5150	8	4740
5151	8	4741
5152	8	4742
5153	8	4743
5154	8	4744
5155	8	4745
5156	8	4746
5157	8	4747
5158	8	4748
5159	8	4792
5160	8	4793
5161	8	4794
5162	8	5119
5163	8	5145
5164	8	5146
5165	8	5147
5166	8	5148
5167	8	5149
5168	8	5150
5169	8	5151
5170	8	5152
5171	8	5153
5172	8	5154
5173	8	5155
5174	8	5156
5175	8	5157
5176	8	5158
5177	8	5159
5178	8	5160
5179	8	5161
5180	8	5162
5181	8	5163
5182	8	5164
5183	8	5165
5184	8	5166
5185	8	5167
5186	8	5168
5187	8	5169
5188	8	5170
5189	8	5171
5190	8	5172
5191	8	5173
5192	8	5174
5193	8	5175
5194	8	5176
5195	8	5177
5196	8	5178
5197	8	5179
5198	8	5180
5199	8	5181
5200	8	5182
5201	8	5183
5202	8	5184
5203	8	5185
5204	8	5186
5205	8	5187
5206	8	5188
5207	8	5189
5208	8	5190
5209	8	5191
5210	8	5192
5211	8	5193
5212	8	5194
5213	8	5195
5214	8	5196
5215	8	5197
5216	8	5198
5217	8	5199
5218	8	5200
5219	8	5201
5220	8	5202
5221	8	5203
5222	8	5204
5223	8	5205
5224	8	5206
5225	8	5207
5226	8	5208
5227	8	5209
5228	8	5210
5229	8	5211
5230	8	5212
5231	8	5213
5232	8	5214
5233	8	5215
5234	8	5216
5235	8	5217
5236	8	5218
5237	8	5219
5238	8	5220
5239	8	5221
5240	8	5222
5241	8	5223
5242	8	5224
5243	8	5225
5244	8	5226
5245	8	5227
5246	8	5228
5247	8	5229
5248	8	5230
5249	8	5231
5250	8	5232
5251	8	5233
5252	8	5234
5253	8	5235
5254	8	5236
5255	8	5237
5256	8	5238
5257	8	5239
5258	8	5240
5259	8	5241
5260	8	5242
5261	8	5243
5262	8	5244
5263	8	5245
5264	8	5246
5265	8	5247
5266	8	5248
5267	8	5249
5268	8	5250
5269	8	5251
5270	8	5252
5271	8	5253
5272	8	5254
5273	8	5255
5274	8	5256
5275	8	5257
5276	8	5258
5277	8	5259
5278	8	5260
5279	8	5261
5280	8	5262
5281	8	5263
5282	8	5264
5283	8	5265
5284	8	5266
5285	8	5267
5286	8	5268
5287	8	5269
5288	8	5270
5289	8	5271
5290	8	5272
5291	8	5273
5292	8	5274
5293	8	5275
5294	8	5276
5295	8	5277
5296	8	5278
5297	8	5279
5298	8	5280
5299	8	5281
5300	8	5282
5301	8	5283
5302	8	5284
5303	8	5285
5304	8	5286
5305	8	5287
5306	8	5288
5307	8	5289
5308	8	5290
5309	8	5291
5310	8	5292
5311	8	5293
5312	8	5294
5313	8	5295
5314	8	5296
5315	8	5297
5316	8	5298
5317	8	5299
5318	8	5300
5319	8	5301
5320	8	5302
5321	8	5303
5322	8	5304
5323	8	5305
5324	8	5306
5325	8	5307
5326	8	5308
5327	8	5309
5328	8	5310
5329	8	5311
5330	8	5312
5331	8	5313
5332	8	5314
5333	8	5315
5334	8	5316
5335	8	5317
5336	8	5318
5337	8	5319
5338	8	5320
5339	8	5321
5340	8	5322
5341	8	5323
5342	8	5324
5343	8	5325
5344	8	5326
5345	8	5327
5346	8	5328
5347	8	5329
5348	8	5330
5349	8	5331
5350	8	5332
5351	8	5333
5352	8	5334
5353	8	5335
5354	8	5336
5355	8	5340
5356	8	5342
5357	8	5343
5358	8	5344
5359	8	5345
5360	8	5346
5361	8	5347
5362	8	5348
5363	8	5349
5364	8	5350
5365	8	5351
5366	8	5354
5367	8	5355
5368	8	5359
5369	8	5362
5370	8	5363
5371	8	5364
5372	8	5367
5373	8	5368
5374	8	5369
5375	8	5370
5376	8	5371
5377	8	5372
5378	8	5373
5379	8	5374
5380	8	5375
5381	8	5377
5382	8	5378
5383	8	5379
5384	8	5380
5385	8	5381
5386	8	5382
5387	8	5383
5388	8	5384
5389	8	5385
5390	8	5387
5391	8	5388
5392	8	5389
5393	8	5390
5394	8	5391
5395	8	5392
5396	8	5393
5397	8	5394
5398	8	5395
5399	8	5396
5400	8	5397
5401	8	5398
5402	8	5399
5403	8	5400
5404	8	5401
5405	8	5402
5406	8	5403
5407	8	5404
5408	8	5405
5409	8	5406
5410	8	5407
5411	8	5408
5412	8	5409
5413	8	5410
5414	8	5411
5415	8	5412
5416	8	5413
5417	8	5414
5418	8	5415
5419	8	5416
5420	8	5417
5421	8	5418
5422	8	5419
5423	8	5420
5424	8	5421
5425	8	5422
5426	8	5423
5427	8	5424
5428	8	5425
5429	8	5426
5430	8	5427
5431	8	5428
5432	8	5429
5433	8	5430
5434	8	5431
5435	8	5432
5436	8	5433
5437	8	5434
5438	8	5435
5439	8	5436
5440	8	5437
5441	8	5438
5442	8	5439
5443	8	5440
5444	8	5441
5445	8	5442
5446	8	5443
5447	8	5444
5448	8	5445
5449	8	5446
5450	8	5447
5451	8	5448
5452	8	5449
5453	8	5450
5454	8	5451
5455	8	5452
5456	8	5453
5457	8	5454
5458	8	5455
5459	8	5456
5460	8	5457
5461	8	5458
5462	8	5459
5463	8	5460
5464	8	5461
5465	8	5462
5466	8	5463
5467	8	5467
5468	8	5468
5469	8	5469
5470	8	5470
5471	8	5471
5472	8	5472
5473	8	5473
5474	8	5474
5475	8	5475
5476	8	5476
5477	8	5477
5478	8	5478
5479	8	5479
5480	8	5480
5481	8	5481
5482	8	5482
5483	8	5483
5484	8	5484
5485	8	5485
5486	8	5486
5487	8	5487
5488	8	5488
5489	8	35
5490	8	36
5491	8	180
5492	8	378
5493	8	567
5494	8	570
5495	8	626
5496	8	695
5497	8	743
5498	8	744
5499	8	1076
5500	8	1077
5501	8	1078
5502	8	1079
5503	8	1504
5504	8	1723
5505	8	1812
5506	8	1815
5507	8	1816
5508	8	1819
5509	8	2038
5510	8	2039
5511	8	2042
5512	8	2043
5513	8	2132
5514	8	2266
5515	8	2267
5516	8	2268
5517	8	2269
5518	8	2270
5519	8	2271
5520	8	2273
5521	8	2276
5522	8	2277
5523	8	2278
5524	8	2279
5525	8	2314
5526	8	2473
5527	8	2476
5528	8	2477
5529	8	2535
5530	8	2621
5531	8	2696
5532	8	2727
5533	8	2730
5534	8	2731
5535	8	2734
5536	8	2809
5537	8	2811
5538	8	2812
5539	8	2846
5540	8	2847
5541	8	2848
5542	8	2849
5543	8	2850
5544	8	2853
5545	8	2854
5546	8	2856
5547	8	2858
5548	8	2859
5549	8	2860
5550	8	2876
5551	8	2878
5552	8	2879
5553	8	2880
5554	8	2902
5555	8	2903
5556	8	2904
5557	8	2906
5558	8	2916
5559	8	2923
5560	8	2924
5561	8	2925
5562	8	2926
5563	8	2927
5564	8	2929
5565	8	2930
5566	8	2932
5567	8	2934
5568	8	2935
5569	8	2936
5570	8	2946
5571	8	2947
5572	8	2950
5573	8	3036
5574	8	3116
5575	8	4637
5576	8	5085
5577	8	5489
5578	8	5490
5579	8	5491
5580	8	5492
5581	8	5493
5582	8	5494
5583	8	5499
5584	8	5500
5585	8	5509
5586	8	5513
5587	8	5520
5588	8	5521
5589	8	5522
5590	8	5525
5591	8	5527
5592	8	5528
5593	8	5529
5594	8	5530
5595	8	5531
5596	8	5532
5597	8	5533
5598	8	5534
5599	8	5535
5600	8	5537
5601	8	5538
5602	8	5539
5603	8	5541
5604	8	5557
5605	8	5558
5606	8	5559
5607	8	5560
5608	8	5561
5609	8	5562
5610	8	5563
5611	8	5564
5612	8	5565
5613	8	5566
5614	8	5567
5615	8	5569
5616	8	5574
5617	8	5575
5618	8	5576
5619	8	5577
5620	8	5578
5621	8	5579
5622	8	5580
5623	8	5581
5624	8	5582
5625	8	5583
5626	8	5584
5627	8	5585
5628	8	5586
5629	8	5587
5630	8	5588
5631	8	5589
5632	8	5590
5633	8	5593
5634	8	5594
5635	8	5595
5636	8	5596
5637	8	5597
5638	8	5598
5639	8	5599
5640	8	5600
5641	8	5601
5642	8	5603
5643	8	5607
5644	8	5608
5645	8	5609
5646	8	5611
5647	8	5612
5648	8	5613
5649	8	5614
5650	8	5615
5651	8	5616
5652	8	5618
5653	8	5619
5654	8	5620
5655	8	5621
5656	8	5622
5657	8	5623
5658	8	5624
5659	8	5625
5660	8	5626
5661	8	5627
5662	8	5628
5663	8	5629
5664	8	5630
5665	8	5631
5666	8	5632
5667	8	5633
5668	8	5634
5669	8	5635
5670	8	5636
5671	8	5637
5672	8	5638
5673	8	5639
5674	8	5640
5675	8	5641
5676	8	5642
5677	8	5643
5678	8	5648
5679	8	5649
5680	8	5650
5681	8	5651
5682	8	5652
5683	8	5653
5684	8	5654
5685	8	5655
5686	8	5656
5687	8	5657
5688	8	5658
5689	8	5659
5690	8	5660
5691	8	5661
5692	8	5662
5693	8	5663
5694	8	5664
5695	8	5665
5696	8	5666
5697	8	5667
5698	8	5668
5699	8	5670
5700	8	5671
5701	8	5672
5702	8	5673
5703	8	5674
5704	8	5675
5705	8	5676
5706	8	5677
5707	8	5681
5708	8	5690
5709	8	5694
5710	8	5701
5711	8	5702
5712	8	5705
5713	8	5707
5714	8	5708
5715	8	5709
5716	8	5711
5717	8	5712
5718	8	5713
5719	8	5714
5720	8	5717
5721	8	5718
5722	8	5719
5723	8	5720
5724	8	5721
5725	8	5722
5726	8	5723
5727	8	5724
5728	8	5725
5729	8	5726
5730	8	5727
5731	8	5728
5732	8	5729
5733	8	5730
5734	8	5731
5735	8	5732
5736	8	5733
5737	8	5734
5738	8	5735
5739	8	5736
5740	8	5737
5741	8	5738
5742	8	5739
5743	8	5740
5744	8	5741
5745	8	5742
5746	8	5743
5747	8	5744
5748	8	5745
5749	8	5746
5750	8	5747
5751	8	5748
5752	8	5749
5753	8	5750
5754	8	5751
5755	8	5752
5756	8	5753
5757	8	5754
5758	8	5755
5759	8	5756
5760	8	5757
5761	8	5758
5762	8	5759
5763	8	5760
5764	8	5761
5765	8	5762
5766	8	5763
5767	8	5764
5768	8	5765
5769	8	5766
5770	8	5767
5771	8	5768
5772	8	5769
5773	8	5770
5774	8	5771
5775	8	5772
5776	8	5773
5777	8	5774
5778	8	5775
5779	8	5776
5780	8	5777
5781	8	5778
5782	8	5779
5783	8	5780
5784	8	5781
5785	8	5782
5786	8	5783
5787	8	5784
5788	8	5785
5789	8	5786
5790	8	5787
5791	8	5788
5792	8	5789
5793	8	5790
5794	8	5791
5795	8	5792
5796	8	5793
5797	8	5794
5798	8	5795
5799	8	5798
5800	8	5799
5801	8	5800
5802	8	5801
5803	8	5802
5804	8	5803
5805	8	5804
5806	8	5805
5807	8	5806
5808	8	5807
5809	8	5808
5810	8	5809
5811	8	5811
5812	8	5812
5813	8	5813
5814	8	5814
5815	8	5815
5816	8	5816
5817	8	5817
5818	8	5818
5819	8	5819
5820	8	5820
5821	8	5821
5822	8	5822
5823	8	5823
5824	8	5824
5825	8	5825
5826	8	5826
5827	8	5827
5828	8	5828
5829	8	5829
5830	8	5830
5831	8	5831
5832	8	5832
5833	8	5833
5834	8	5834
5835	8	5835
5836	8	5836
5837	8	5837
5838	8	5838
5839	8	5839
5840	8	5840
5841	8	5841
5842	8	5842
5843	8	5843
5844	8	5844
5845	8	5845
5846	8	5846
5847	8	5847
5848	8	5848
5849	8	5849
5850	8	5850
5851	8	5851
5852	8	5852
5853	8	5853
5854	8	5854
5855	8	5855
5856	8	5856
5857	8	5857
5858	8	5858
5859	9	2
5860	9	3
5861	9	5
5862	9	6
5863	9	7
5864	9	8
5865	9	11
5866	9	12
5867	9	15
5868	9	17
5869	9	18
5870	9	20
5871	9	21
5872	9	22
5873	9	29
5874	9	31
5875	9	33
5876	9	34
5877	9	35
5878	9	36
5879	9	37
5880	9	38
5881	9	42
5882	9	44
5883	9	344
5884	9	520
5885	9	521
5886	9	522
5887	9	524
5888	9	527
5889	9	556
5890	9	557
5891	9	558
5892	9	559
5893	9	560
5894	9	561
5895	9	562
5896	9	565
5897	9	567
5898	9	569
5899	9	570
5900	9	571
5901	9	572
5902	9	577
5903	9	580
5904	9	681
5905	9	739
5906	9	740
5907	9	742
5908	9	743
5909	9	744
5910	9	745
5911	9	746
5912	9	748
5913	9	2951
5914	9	5862
5915	9	5863
5916	9	5865
5917	9	5867
5918	9	5870
5919	9	5873
5920	9	5877
5921	9	5878
5922	9	5879
5923	9	5883
5924	9	5884
5925	9	5886
5926	9	5888
5927	9	5890
5928	9	5891
5929	9	5899
5930	9	5900
5931	9	5902
5932	9	5903
5933	9	5904
5934	9	5908
5935	9	5910
5936	9	5911
5937	9	5912
5938	9	5914
5939	9	5919
5940	9	5923
5941	9	5927
5942	9	5933
5943	9	5934
5944	9	5936
5945	9	5939
5946	9	5945
5947	10	3
5948	10	5
5949	10	15
5950	10	20
5951	10	35
5952	10	36
5953	10	788
5954	10	789
5955	10	791
5956	10	792
5957	10	834
5958	10	836
5959	10	837
5960	10	838
5961	10	839
5962	10	841
5963	10	843
5964	10	1072
5965	10	1073
5966	10	1074
5967	10	1075
5968	10	1345
5969	10	1346
5970	10	1347
5971	10	1348
5972	10	1349
5973	10	1350
5974	10	1351
5975	10	1352
5976	10	1353
5977	10	1354
5978	10	1355
5979	10	1356
5980	10	1357
5981	10	1358
5982	10	1359
5983	10	1360
5984	10	1361
5985	10	1362
5986	10	1363
5987	10	1364
5988	10	1365
5989	10	1366
5990	10	1367
5991	10	1368
5992	10	1369
5993	10	1370
5994	10	1371
5995	10	1372
5996	10	1373
5997	10	1374
5998	10	1375
5999	10	1376
6000	10	1377
6001	10	1378
6002	10	1379
6003	10	1380
6004	10	1381
6005	10	1382
6006	10	1383
6007	10	1384
6008	10	1385
6009	10	1386
6010	10	1387
6011	10	1388
6012	10	1389
6013	10	1390
6014	10	1391
6015	10	1392
6016	10	1393
6017	10	1394
6018	10	1395
6019	10	1396
6020	10	1397
6021	10	1398
6022	10	1399
6023	10	1400
6024	10	1401
6025	10	1402
6026	10	1403
6027	10	1404
6028	10	1405
6029	10	1406
6030	10	1407
6031	10	1408
6032	10	1409
6033	10	1410
6034	10	1411
6035	10	1412
6036	10	1413
6037	10	1414
6038	10	1415
6039	10	1416
6040	10	1417
6041	10	1418
6042	10	1419
6043	10	1420
6044	10	1421
6045	10	1422
6046	10	1423
6047	10	1424
6048	10	1425
6049	10	1426
6050	10	1427
6051	10	1428
6052	10	1429
6053	10	1430
6054	10	1431
6055	10	1432
6056	10	1433
6057	10	1434
6058	10	1435
6059	10	1436
6060	10	1437
6061	10	1438
6062	10	1439
6063	10	1440
6064	10	1441
6065	10	1442
6066	10	1443
6067	10	1444
6068	10	1445
6069	10	1446
6070	10	1447
6071	10	1448
6072	10	1449
6073	10	1450
6074	10	1451
6075	10	1452
6076	10	1453
6077	10	1454
6078	10	1455
6079	10	1456
6080	10	1457
6081	10	1458
6082	10	1459
6083	10	1460
6084	10	1461
6085	10	1462
6086	10	1463
6087	10	1464
6088	10	1465
6089	10	1466
6090	10	1467
6091	10	1810
6092	10	1812
6093	10	1813
6094	10	1814
6095	10	1815
6096	10	1816
6097	10	1817
6098	10	1818
6099	10	1819
6100	10	1820
6101	10	1821
6102	10	2038
6103	10	2853
6104	10	2854
6105	10	2856
6106	10	2857
6107	10	2858
6108	10	2859
6109	10	2860
6110	10	2972
6111	10	3036
6112	10	3037
6113	10	3042
6114	10	4694
6115	10	4695
6116	10	4696
6117	10	4697
6118	10	4698
6119	10	4699
6120	10	4700
6121	10	4701
6122	10	4702
6123	10	4703
6124	10	4704
6125	10	4705
6126	10	4706
6127	10	4707
6128	10	4708
6129	10	4709
6130	10	4710
6131	10	4711
6132	10	4712
6133	10	4713
6134	10	4714
6135	10	4715
6136	10	4798
6137	10	5345
6138	10	5347
6139	10	5348
6140	10	5973
6141	10	5976
6142	10	5977
6143	10	5978
6144	10	5979
6145	10	5980
6146	10	5981
6147	10	5982
6148	10	5983
6149	10	5984
6150	10	5985
6151	10	5986
6152	10	5987
6153	10	5988
6154	10	5989
6155	10	5990
6156	10	5991
6157	10	5992
6158	10	5993
6159	10	5994
6160	10	5995
6161	10	5996
6162	10	5997
6163	10	5998
6164	10	5999
6165	10	6000
6166	10	6001
6167	10	6002
6168	10	6003
6169	10	6004
6170	10	6005
6171	10	6006
6172	10	6007
6173	10	6008
6174	10	6009
6175	10	6010
6176	10	6011
6177	10	6012
6178	10	6013
6179	10	6014
6180	10	6015
6181	10	6016
6182	10	6017
6183	10	6018
6184	10	6019
6185	10	6020
6186	10	6021
6187	10	6022
6188	10	6023
6189	10	6024
6190	10	6025
6191	10	6026
6192	10	6027
6193	10	6028
6194	10	6029
6195	10	6030
6196	10	6031
6197	10	6032
6198	10	6033
6199	10	6034
6200	10	6035
6201	10	6036
6202	10	6037
6203	10	6038
6204	10	6039
6205	10	6041
6206	10	6042
6207	10	6043
6208	10	6044
6209	10	6045
6210	10	6046
6211	10	6047
6212	10	6048
6213	10	6049
6214	10	6050
6215	10	6051
6216	10	6052
6217	10	6053
6218	10	6054
6219	10	6055
6220	10	6056
6221	10	6057
6222	10	6058
6223	10	6059
6224	10	6060
6225	10	6061
6226	10	6062
6227	10	6063
6228	10	6064
6229	10	6065
6230	10	6066
6231	10	6068
6232	10	6069
6233	10	6070
6234	10	6071
6235	10	6072
6236	10	6073
6237	10	6074
6238	10	6076
6239	10	6077
6240	10	6078
6241	10	6079
6242	10	6080
6243	10	6081
6244	10	6082
6245	10	6083
6246	10	6084
6247	10	6085
6248	10	6086
6249	10	6087
6250	10	6088
6251	10	6089
6252	10	6090
6253	10	6091
6254	10	6092
6255	10	6093
6256	10	6094
6257	10	6095
6258	10	6096
6259	10	6097
6260	10	6098
6261	10	6099
6262	10	6100
6263	10	6101
6264	10	6102
6265	10	6103
6266	10	6104
6267	10	6105
6268	10	6106
6269	10	6107
6270	10	6108
6271	10	6109
6272	10	6110
6273	10	6111
6274	10	6112
6275	10	6113
6276	10	6114
6277	10	6115
6278	10	6116
6279	10	6117
6280	10	6118
6281	10	6119
6282	10	6120
6283	10	6121
6284	10	6122
6285	10	6123
6286	10	6124
6287	10	6125
6288	10	6126
6289	10	6127
6290	10	6128
6291	10	6129
6292	10	6130
6293	10	6131
6294	10	6132
6295	10	6133
6296	10	6134
6297	10	6135
6298	10	6136
6299	10	6137
6300	10	6138
6301	10	6139
6302	10	6140
6303	10	6141
6304	10	6142
6305	10	6143
6306	10	6144
6307	10	6145
6308	10	6146
6309	10	6147
6310	10	6148
6311	10	6149
6312	10	6150
6313	10	6151
6314	10	6152
6315	10	6153
6316	10	6154
6317	10	6155
6318	10	6156
6319	10	6157
6320	10	6158
6321	10	6159
6322	10	6160
6323	10	6161
6324	10	6162
6325	10	6163
6326	10	6164
6327	10	6165
6328	10	6166
6329	10	6167
6330	10	6168
6331	10	6169
6332	10	6170
6333	10	6171
6334	10	6172
6335	10	6173
6336	10	6174
6337	10	6175
6338	10	6176
6339	10	6177
6340	10	6178
6341	10	6179
6342	10	6180
6343	10	6181
6344	10	6182
6345	10	6183
6346	10	6184
6347	10	6185
6348	10	6186
6349	10	6187
6350	10	6188
6351	10	6189
6352	10	6190
6353	10	6191
6354	10	6192
6355	10	6193
6356	10	6194
6357	10	6195
6358	10	6196
6359	10	6197
6360	10	6198
6361	10	6199
6362	10	6200
6363	10	6201
6364	10	6202
6365	10	6203
6366	10	6204
6367	10	6205
6368	10	6206
6369	10	6207
6370	10	6208
6371	10	6209
6372	10	6210
6373	10	6211
6374	10	6212
6375	10	6213
6376	10	6214
6377	10	6215
6378	10	6216
6379	10	6217
6380	10	6218
6381	10	6219
6382	10	6220
6383	10	6221
6384	10	6222
6385	10	6223
6386	10	6224
6387	10	6225
6388	10	6226
6389	10	6227
6390	10	6228
6391	10	6229
6392	10	6230
6393	10	6231
6394	10	6232
6395	10	6233
6396	10	6234
6397	10	6235
6398	10	6236
6399	10	6237
6400	10	6238
6401	10	6239
6402	10	6240
6403	10	6241
6404	10	6242
6405	10	6243
6406	10	6246
6407	10	6260
6408	10	6261
6409	10	6262
6410	10	6263
6411	10	6264
6412	10	6265
6413	10	6266
6414	10	6267
6415	10	6268
6416	10	6269
6417	10	6270
6418	10	6271
6419	10	6272
6420	10	6273
6421	10	6274
6422	10	6275
6423	10	6276
6424	10	6277
6425	10	6278
6426	10	6279
6427	10	6280
6428	10	6281
6429	10	6282
6430	10	6283
6431	10	6284
6432	10	6285
6433	10	6286
6434	10	6287
6435	10	6288
6436	10	6289
6437	10	6290
6438	10	6291
6439	10	6292
6440	10	6293
6441	10	6294
6442	10	6295
6443	10	6296
6444	10	6297
6445	10	6298
6446	10	6299
6447	10	6300
6448	10	6301
6449	10	6302
6450	10	6303
6451	10	6304
6452	10	6305
6453	10	6306
6454	10	6307
6455	10	6308
6456	10	6309
6457	10	6310
6458	10	6311
6459	10	6312
6460	10	6313
6461	10	6314
6462	10	6315
6463	10	6316
6464	10	6317
6465	10	6318
6466	10	6319
6467	10	6320
6468	10	6321
6469	10	6322
6470	10	6323
6471	10	6324
6472	10	6325
6473	10	6326
6474	10	6327
6475	10	6328
6476	10	6329
6477	10	6330
6478	10	6331
6479	10	6332
6480	10	6333
6481	10	6334
6482	10	6335
6483	10	6336
6484	10	6337
6485	10	6338
6486	10	6339
6487	10	6340
6488	10	6341
6489	10	6342
6490	10	6343
6491	10	6344
6492	10	6345
6493	10	6346
6494	10	6347
6495	10	6348
6496	10	6349
6497	10	6350
6498	10	6351
6499	10	6352
6500	10	6353
6501	10	6354
6502	10	6355
6503	10	6356
6504	10	6357
6505	10	6358
6506	10	6359
6507	10	6360
6508	10	6361
6509	10	6362
6510	10	6363
6511	10	6364
6512	10	6365
6513	10	6366
6514	10	6367
6515	10	6368
6516	10	6369
6517	10	6370
6518	10	6371
6519	10	6372
6520	10	6373
6521	10	6374
6522	10	6375
6523	10	6376
6524	10	6377
6525	10	6378
6526	10	6379
6527	10	6380
6528	10	6381
6529	10	6382
6530	10	6383
6531	10	6384
6532	10	6385
6533	10	6386
6534	10	6387
6535	10	6388
6536	10	6389
6537	10	6390
6538	10	6391
6539	10	6392
6540	10	6393
6541	10	6394
6542	10	6395
6543	10	6396
6544	10	6397
6545	10	6398
6546	10	6399
6547	10	6400
6548	10	6401
6549	10	6402
6550	10	6403
6551	10	6404
6552	10	6405
6553	10	6406
6554	10	6546
6555	10	6547
6556	10	6548
6557	10	6549
6558	10	6550
6559	10	6551
6560	10	6552
6561	10	6553
6562	10	6554
6563	10	6555
6564	10	6556
6565	10	6557
6566	10	6558
6567	10	6567
6568	10	6568
6569	10	6569
6570	10	6570
6571	10	6571
6572	10	6572
6573	10	6573
6574	10	6574
6575	10	6575
6576	10	6576
6577	10	6577
6578	10	6578
6579	10	6579
6580	10	6580
6581	10	6581
6582	10	6582
6583	10	6583
6584	10	6584
6585	10	6585
6586	10	6586
6587	10	6587
6588	10	6588
6589	10	6589
6590	10	6590
6591	10	6591
6592	10	6592
6593	10	6593
6594	10	6594
6595	10	6595
6596	10	6596
6597	10	6597
6598	10	6598
6599	10	6599
6600	10	6600
6601	10	6601
6602	10	6602
6603	10	6603
6604	10	6604
6605	10	6605
6606	10	6606
6607	10	6607
6608	10	6608
6609	10	6609
6610	10	6610
6611	10	6611
6612	10	6612
6613	10	6613
6614	10	6614
6615	10	6615
6616	10	6616
6617	10	6617
6618	10	6618
6619	10	6619
6620	10	6620
6621	10	6621
6622	10	6622
6623	10	6623
6624	10	6624
6625	10	6625
6626	10	6626
6627	10	6627
6628	10	6628
6629	10	6629
6630	10	6630
6631	10	6631
6632	10	6632
6633	10	6633
6634	10	6634
6635	10	6635
6636	10	6636
6637	10	6637
6638	10	6638
6639	10	6639
6640	10	6640
6641	10	6641
6642	10	6642
6643	10	6643
6644	10	6644
6645	10	6645
6646	10	6646
6647	10	6647
6648	10	6648
6649	10	6649
6650	10	6650
6651	10	6651
6652	10	6652
6653	10	6653
6654	10	6654
6655	10	6655
6656	10	6656
6657	10	6657
6658	10	6658
6659	10	6659
6660	10	6660
6661	10	6661
6662	10	6662
6663	10	6663
6664	10	6664
6665	10	6665
6666	10	6666
6667	10	6667
6668	10	6668
6669	10	6669
6670	10	6670
6671	10	6671
6672	10	6672
6673	10	6673
6674	10	6674
6675	10	6675
6676	10	6676
6677	10	6677
6678	10	6678
6679	10	6679
6680	10	6680
6681	10	6681
6682	10	6682
6683	10	6683
6684	10	6684
6685	10	6685
6686	10	6686
6687	10	6687
6688	10	6688
6689	10	6689
6690	10	6690
6691	10	6691
6692	10	6692
6693	10	6693
6694	10	6694
6695	10	6695
6696	10	6696
6697	10	6697
6698	10	6698
6699	10	6699
6700	10	6700
6701	10	6701
6702	10	6702
6703	10	6703
6704	10	6704
6705	10	6705
6706	10	6706
6707	10	6707
6708	10	6708
6709	10	6709
6710	10	6710
6711	10	6711
6712	10	6712
6713	10	6713
6714	10	6714
6715	10	6715
6716	10	6716
6717	10	6717
6718	10	6718
6719	10	6719
6720	10	567
6721	10	570
6722	10	743
6723	10	744
6724	10	2039
6725	10	2040
6726	10	2041
6727	10	2042
6728	10	2043
6729	10	2132
6730	10	2266
6731	10	2267
6732	10	2268
6733	10	2269
6734	10	2270
6735	10	2271
6736	10	2273
6737	10	2274
6738	10	2275
6739	10	2276
6740	10	2277
6741	10	2278
6742	10	2279
6743	10	2293
6744	10	2312
6745	10	2314
6746	10	2315
6747	10	2318
6748	10	2473
6749	10	2474
6750	10	2475
6751	10	2568
6752	10	2569
6753	10	2570
6754	10	2571
6755	10	2572
6756	10	2573
6757	10	2574
6758	10	2575
6759	10	2576
6760	10	2577
6761	10	2578
6762	10	2579
6763	10	2580
6764	10	2581
6765	10	2582
6766	10	2583
6767	10	2584
6768	10	2585
6769	10	2586
6770	10	2587
6771	10	2588
6772	10	2589
6773	10	2590
6774	10	2591
6775	10	2592
6776	10	2593
6777	10	2594
6778	10	2595
6779	10	2596
6780	10	2597
6781	10	2598
6782	10	2599
6783	10	2600
6784	10	2601
6785	10	2602
6786	10	2603
6787	10	2604
6788	10	2605
6789	10	2606
6790	10	2607
6791	10	2608
6792	10	2609
6793	10	2725
6794	10	2727
6795	10	2728
6796	10	2729
6797	10	2730
6798	10	2731
6799	10	2732
6800	10	2733
6801	10	2734
6802	10	2735
6803	10	2809
6804	10	2810
6805	10	2811
6806	10	2812
6807	10	2813
6808	10	2814
6809	10	2929
6810	10	2930
6811	10	2932
6812	10	2933
6813	10	2934
6814	10	2935
6815	10	2936
6816	10	3116
6817	10	3117
6818	10	3122
6819	10	4256
6820	10	4257
6821	10	4258
6822	10	4259
6823	10	4260
6824	10	4261
6825	10	4262
6826	10	4263
6827	10	4264
6828	10	4265
6829	10	4266
6830	10	4267
6831	10	4268
6832	10	4269
6833	10	4270
6834	10	4271
6835	10	4272
6836	10	4273
6837	10	4274
6838	10	4275
6839	10	4276
6840	10	4277
6841	10	4278
6842	10	4279
6843	10	4280
6844	10	4281
6845	10	4282
6846	10	4283
6847	10	4284
6848	10	4285
6849	10	4286
6850	10	4287
6851	10	4288
6852	10	4289
6853	10	4290
6854	10	4291
6855	10	4292
6856	10	4293
6857	10	4294
6858	10	4295
6859	10	4296
6860	10	4297
6861	10	4298
6862	10	4299
6863	10	4300
6864	10	4301
6865	10	4302
6866	10	4303
6867	10	4304
6868	10	4305
6869	10	4306
6870	10	4307
6871	10	4308
6872	10	4309
6873	10	4310
6874	10	4311
6875	10	4312
6876	10	4313
6877	10	4314
6878	10	4315
6879	10	4316
6880	10	4317
6881	10	4318
6882	10	4319
6883	10	4320
6884	10	4321
6885	10	4322
6886	10	4323
6887	10	4324
6888	10	4325
6889	10	4326
6890	10	4327
6891	10	4328
6892	10	4329
6893	10	4330
6894	10	4331
6895	10	4332
6896	10	4333
6897	10	4334
6898	10	4335
6899	10	4336
6900	10	4337
6901	10	4338
6902	10	4339
6903	10	4340
6904	10	4341
6905	10	4342
6906	10	4343
6907	10	4344
6908	10	4345
6909	10	4346
6910	10	4347
6911	10	4348
6912	10	4349
6913	10	4350
6914	10	4351
6915	10	4352
6916	10	4353
6917	10	4354
6918	10	4355
6919	10	4356
6920	10	4357
6921	10	4358
6922	10	4359
6923	10	4360
6924	10	4361
6925	10	4362
6926	10	4363
6927	10	4364
6928	10	4365
6929	10	4366
6930	10	4367
6931	10	4368
6932	10	4369
6933	10	4370
6934	10	4371
6935	10	4372
6936	10	4373
6937	10	4374
6938	10	4375
6939	10	4376
6940	10	4377
6941	10	4378
6942	10	4379
6943	10	4380
6944	10	4381
6945	10	4382
6946	10	4383
6947	10	4384
6948	10	4385
6949	10	4386
6950	10	4387
6951	10	4388
6952	10	4389
6953	10	4390
6954	10	4391
6955	10	4392
6956	10	4393
6957	10	4394
6958	10	4395
6959	10	4396
6960	10	4397
6961	10	4398
6962	10	4399
6963	10	4400
6964	10	4401
6965	10	4402
6966	10	4492
6967	10	4493
6968	10	4494
6969	10	4495
6970	10	4496
6971	10	4497
6972	10	4498
6973	10	4499
6974	10	4500
6975	10	4501
6976	10	4502
6977	10	4503
6978	10	4504
6979	10	4505
6980	10	4506
6981	10	4507
6982	10	4508
6983	10	4509
6984	10	4510
6985	10	4511
6986	10	4512
6987	10	4513
6988	10	4514
6989	10	4515
6990	10	4516
6991	10	4517
6992	10	4518
6993	10	4519
6994	10	4520
6995	10	4521
6996	10	4522
6997	10	4523
6998	10	4524
6999	10	4525
7000	10	4526
7001	10	4527
7002	10	4528
7003	10	4529
7004	10	4530
7005	10	4531
7006	10	4532
7007	10	4533
7008	10	4534
7009	10	4535
7010	10	4536
7011	10	4537
7012	10	4538
7013	10	4539
7014	10	4540
7015	10	4934
7016	10	4935
7017	10	4936
7018	10	4937
7019	10	4938
7020	10	4939
7021	10	4940
7022	10	4941
7023	10	4942
7024	10	4943
7025	10	4944
7026	10	4945
7027	10	4946
7028	10	4947
7029	10	4948
7030	10	4949
7031	10	4950
7032	10	4951
7033	10	4952
7034	10	4953
7035	10	4954
7036	10	4955
7037	10	4956
7038	10	4957
7039	10	4958
7040	10	4959
7041	10	4960
7042	10	4961
7043	10	4962
7044	10	4963
7045	10	4964
7046	10	4965
7047	10	4966
7048	10	4967
7049	10	4968
7050	10	4969
7051	10	4970
7052	10	4971
7053	10	4972
7054	10	4973
7055	10	4974
7056	10	4975
7057	10	4976
7058	10	4977
7059	10	4978
7060	10	4979
7061	10	4980
7062	10	4981
7063	10	4982
7064	10	4983
7065	10	4984
7066	10	4985
7067	10	4986
7068	10	4987
7069	10	4988
7070	10	4989
7071	10	4990
7072	10	4991
7073	10	4992
7074	10	4993
7075	10	4994
7076	10	4995
7077	10	4996
7078	10	4997
7079	10	4998
7080	10	4999
7081	10	5000
7082	10	5088
7083	10	5090
7084	10	5597
7085	10	5598
7086	10	5599
7087	10	5600
7088	10	5642
7089	10	5681
7090	10	6720
7091	10	6721
7092	10	6722
7093	10	6723
7094	10	6724
7095	10	6725
7096	10	6726
7097	10	6727
7098	10	6728
7099	10	6729
7100	10	6730
7101	10	6731
7102	10	6732
7103	10	6733
7104	10	6734
7105	10	6735
7106	10	6736
7107	10	6737
7108	10	6738
7109	10	6739
7110	10	6740
7111	10	6741
7112	10	6742
7113	10	6743
7114	10	6744
7115	10	6745
7116	10	6746
7117	10	6747
7118	10	6748
7119	10	6749
7120	10	6750
7121	10	6751
7122	10	6752
7123	10	6753
7124	10	6754
7125	10	6755
7126	10	6756
7127	10	6757
7128	10	6758
7129	10	6759
7130	10	6760
7131	10	6761
7132	10	6762
7133	10	6763
7134	10	6764
7135	10	6765
7136	10	6766
7137	10	6767
7138	10	6768
7139	10	6769
7140	10	6770
7141	10	6771
7142	10	6772
7143	10	6773
7144	10	6774
7145	10	6775
7146	10	6776
7147	10	6777
7148	10	6778
7149	10	6779
7150	10	6780
7151	10	6781
7152	10	6782
7153	10	6783
7154	10	6784
7155	10	6785
7156	10	6786
7157	10	6787
7158	10	6788
7159	10	6789
7160	10	6790
7161	10	6791
7162	10	6792
7163	10	6793
7164	10	6794
7165	10	6795
7166	10	6796
7167	10	6797
7168	10	6798
7169	10	6799
7170	10	6800
7171	10	6801
7172	10	6802
7173	10	6803
7174	10	6804
7175	10	6805
7176	10	6806
7177	10	6807
7178	10	6808
7179	10	6809
7180	10	6810
7181	10	6811
7182	10	6812
7183	10	6813
7184	10	6814
7185	10	6815
7186	10	6816
7187	10	6817
7188	10	6818
7189	10	6819
7190	10	6824
7191	10	6825
7192	10	6826
7193	10	6827
7194	10	6828
7195	10	6829
7196	10	6830
7197	10	6831
7198	10	6832
7199	10	6833
7200	10	6834
7201	10	6835
7202	10	6836
7203	10	6837
7204	10	6838
7205	10	6839
7206	10	6840
7207	10	6841
7208	10	6842
7209	10	6843
7210	10	6844
7211	10	6845
7212	10	6846
7213	10	6847
7214	10	6848
7215	10	6849
7216	10	6850
7217	10	6851
7218	10	6852
7219	10	7008
7220	10	7009
7221	10	7010
7222	10	7011
7223	10	7012
7224	10	7013
7225	10	7014
7226	10	7015
7227	10	7016
7228	10	7017
7229	10	7018
7230	10	7019
7231	10	7020
7232	10	7021
7233	10	7022
7234	10	7023
7235	10	7024
7236	10	7025
7237	10	7026
7238	10	7027
7239	10	7028
7240	10	7029
7241	10	7030
7242	10	7031
7243	10	7032
7244	10	7033
7245	10	7034
7246	10	7035
7247	10	7036
7248	10	7037
7249	10	7038
7250	10	7039
7251	10	7040
7252	10	7041
7253	10	7042
7254	10	7043
7255	10	7044
7256	10	7045
7257	10	7117
7258	10	7118
7259	10	7119
7260	10	7120
7261	10	7121
7262	10	7122
7263	10	7123
7264	10	7124
7265	10	7125
7266	10	7126
7267	10	7180
7268	10	7181
7269	10	7182
7270	10	7183
7271	10	7184
7272	10	7185
7273	10	7186
7274	10	7187
7275	10	7188
7276	10	7189
7277	10	7190
7278	10	7191
7279	10	7192
7280	10	7193
7281	10	7194
7282	10	7195
7283	10	7196
7284	10	7197
7285	10	7198
7286	10	7199
7287	10	7200
7288	10	7201
7289	10	7202
7290	10	7204
7291	10	7205
7292	10	7206
7293	10	7207
7294	10	7208
7295	10	7209
7296	10	7210
7297	10	7211
7298	10	7213
7299	10	7216
7300	10	7217
7301	10	7218
7302	10	7219
7303	10	7220
7304	10	7221
7305	10	7222
7306	10	7223
7307	10	7224
7308	10	7225
7309	10	7226
7310	10	7227
7311	10	7228
7312	10	7229
7313	10	7230
7314	10	7231
7315	10	7232
7316	10	7233
7317	10	7234
7318	10	7235
7319	10	7236
7320	10	7237
7321	10	7238
7322	10	7239
7323	10	7240
7324	10	7241
7325	10	7242
7326	10	7243
7327	10	7244
7328	10	7245
7329	10	7246
7330	10	7247
7331	10	7248
7332	10	7249
7333	10	7250
7334	10	7251
7335	10	7252
7336	10	7253
7337	10	7254
7338	10	7255
7339	10	7256
7340	10	7257
7341	10	7258
7342	10	7259
7343	10	7260
7344	10	7261
7345	10	7262
7346	10	7263
7347	10	7264
7348	10	7265
7349	10	7266
7350	10	7267
7351	10	7268
7352	10	7269
7353	10	7270
7354	10	7273
7355	10	7278
7356	10	7279
7357	10	7280
7358	10	7281
7359	10	7282
7360	10	7283
7361	10	7284
7362	10	7285
7363	10	7286
7364	10	7287
7365	10	7288
7366	10	7289
7367	10	7290
7368	10	7291
7369	10	7292
7370	10	7293
7371	10	7294
7372	10	7295
7373	10	7296
7374	10	7297
7375	10	7298
7376	10	7299
7377	10	7300
7378	10	7301
7379	10	7302
7380	10	7303
7381	10	7304
7382	10	7305
7383	10	7306
7384	10	7307
7385	10	7308
7386	10	7309
7387	10	7310
7388	10	7311
7389	10	7312
7390	10	7313
7391	10	7314
7392	10	7315
7393	10	7316
7394	10	7317
7395	10	7318
7396	10	7319
7397	10	7320
7398	10	7321
7399	10	7322
7400	10	7323
7401	10	7324
7402	10	7325
7403	10	7326
7404	10	7327
7405	10	7328
7406	10	7329
7407	10	7330
7408	10	7331
7409	10	7332
7410	10	7333
7411	10	7334
7412	10	7335
7413	10	7336
7414	10	7337
7415	10	7338
7416	10	7340
7417	10	7341
7418	10	7342
7419	10	7343
7420	10	7344
7421	10	7345
7422	10	7346
7423	10	7347
7424	10	7348
7425	10	7349
7426	10	7350
7427	10	7351
7428	10	7352
7429	10	7353
7430	10	7354
7431	10	7355
7432	10	7356
7433	10	7357
7434	10	7358
7435	10	7359
7436	10	7360
7437	10	7361
7438	10	7362
7439	10	7363
7440	10	7364
7441	10	7369
7442	10	7370
7443	10	7371
7444	10	7372
7445	10	7373
7446	10	7374
7447	10	7375
7448	10	7376
7449	10	7377
7450	10	7378
7451	10	7379
7452	10	7380
7453	10	7381
7454	10	7382
7455	10	7383
7456	10	7384
7457	10	7385
7458	10	7386
7459	10	7387
7460	10	7388
7461	10	7389
7462	10	7390
7463	10	7391
7464	10	7392
7465	10	7393
7466	10	7394
7467	10	7395
7468	10	7396
7469	10	7397
7470	10	7398
7471	10	7399
7472	10	7400
7473	10	7401
7474	10	7403
7475	10	7404
7476	10	7405
7477	10	7406
7478	10	7407
7479	10	7408
7480	10	7410
7481	10	7411
7482	10	7412
7483	10	7413
7484	10	7414
7485	10	7415
7486	10	7416
7487	10	7417
7488	10	7476
7489	10	7477
7490	10	7478
7491	10	7479
7492	10	7480
7493	11	3
7494	11	5
7495	11	15
7496	11	20
7497	11	32
7498	11	34
7499	11	35
7500	11	36
7501	11	100
7502	11	101
7503	11	102
7504	11	103
7505	11	104
7506	11	105
7507	11	106
7508	11	107
7509	11	108
7510	11	109
7511	11	110
7512	11	111
7513	11	112
7514	11	113
7515	11	114
7516	11	115
7517	11	116
7518	11	117
7519	11	118
7520	11	119
7521	11	120
7522	11	121
7523	11	122
7524	11	123
7525	11	124
7526	11	125
7527	11	126
7528	11	127
7529	11	128
7530	11	129
7531	11	130
7532	11	131
7533	11	132
7534	11	133
7535	11	134
7536	11	135
7537	11	136
7538	11	137
7539	11	138
7540	11	139
7541	11	140
7542	11	141
7543	11	142
7544	11	143
7545	11	144
7546	11	145
7547	11	146
7548	11	147
7549	11	148
7550	11	149
7551	11	150
7552	11	151
7553	11	152
7554	11	153
7555	11	154
7556	11	155
7557	11	156
7558	11	157
7559	11	158
7560	11	159
7561	11	160
7562	11	161
7563	11	162
7564	11	163
7565	11	164
7566	11	165
7567	11	166
7568	11	167
7569	11	168
7570	11	169
7571	11	170
7572	11	171
7573	11	172
7574	11	173
7575	11	174
7576	11	175
7577	11	176
7578	11	177
7579	11	178
7580	11	179
7581	11	180
7582	11	181
7583	11	182
7584	11	183
7585	11	184
7586	11	185
7587	11	186
7588	11	187
7589	11	188
7590	11	189
7591	11	190
7592	11	191
7593	11	192
7594	11	193
7595	11	194
7596	11	195
7597	11	196
7598	11	197
7599	11	198
7600	11	199
7601	11	200
7602	11	201
7603	11	202
7604	11	203
7605	11	204
7606	11	205
7607	11	206
7608	11	207
7609	11	208
7610	11	209
7611	11	210
7612	11	211
7613	11	212
7614	11	213
7615	11	214
7616	11	215
7617	11	216
7618	11	217
7619	11	218
7620	11	219
7621	11	220
7622	11	221
7623	11	222
7624	11	223
7625	11	224
7626	11	225
7627	11	226
7628	11	227
7629	11	228
7630	11	229
7631	11	230
7632	11	231
7633	11	232
7634	11	233
7635	11	234
7636	11	235
7637	11	236
7638	11	237
7639	11	238
7640	11	239
7641	11	240
7642	11	241
7643	11	242
7644	11	243
7645	11	244
7646	11	245
7647	11	246
7648	11	836
7649	11	843
7650	11	1073
7651	11	1343
7652	11	1812
7653	11	1813
7654	11	1814
7655	11	1815
7656	11	1816
7657	11	1818
7658	11	1819
7659	11	1821
7660	11	2038
7661	11	2039
7662	11	2041
7663	11	2042
7664	11	2818
7665	11	2819
7666	11	2821
7667	11	2822
7668	11	2823
7669	11	2824
7670	11	2825
7671	11	2828
7672	11	2829
7673	11	2831
7674	11	2832
7675	11	2834
7676	11	2836
7677	11	2838
7678	11	2839
7679	11	2840
7680	11	2841
7681	11	2844
7682	11	2846
7683	11	2847
7684	11	2848
7685	11	2849
7686	11	2850
7687	11	2851
7688	11	2854
7689	11	2856
7690	11	2858
7691	11	2859
7692	11	2860
7693	11	2872
7694	11	4155
7695	11	4235
7696	11	4694
7697	11	4695
7698	11	4696
7699	11	4697
7700	11	7499
7701	11	7502
7702	11	7533
7703	11	7534
7704	11	7551
7705	11	7556
7706	11	7559
7707	11	247
7708	11	248
7709	11	249
7710	11	250
7711	11	251
7712	11	252
7713	11	253
7714	11	254
7715	11	255
7716	11	256
7717	11	257
7718	11	258
7719	11	259
7720	11	260
7721	11	261
7722	11	262
7723	11	263
7724	11	264
7725	11	265
7726	11	266
7727	11	267
7728	11	268
7729	11	269
7730	11	270
7731	11	271
7732	11	272
7733	11	273
7734	11	274
7735	11	275
7736	11	276
7737	11	277
7738	11	278
7739	11	279
7740	11	280
7741	11	281
7742	11	282
7743	11	283
7744	11	284
7745	11	285
7746	11	286
7747	11	287
7748	11	288
7749	11	289
7750	11	290
7751	11	291
7752	11	292
7753	11	293
7754	11	294
7755	11	295
7756	11	296
7757	11	297
7758	11	298
7759	11	299
7760	11	300
7761	11	301
7762	11	302
7763	11	303
7764	11	304
7765	11	305
7766	11	306
7767	11	307
7768	11	308
7769	11	309
7770	11	310
7771	11	311
7772	11	312
7773	11	313
7774	11	314
7775	11	315
7776	11	567
7777	11	570
7778	11	591
7779	11	599
7780	11	600
7781	11	601
7782	11	602
7783	11	603
7784	11	604
7785	11	605
7786	11	606
7787	11	607
7788	11	608
7789	11	609
7790	11	610
7791	11	611
7792	11	612
7793	11	613
7794	11	614
7795	11	615
7796	11	616
7797	11	617
7798	11	618
7799	11	619
7800	11	620
7801	11	621
7802	11	622
7803	11	623
7804	11	624
7805	11	625
7806	11	626
7807	11	627
7808	11	628
7809	11	629
7810	11	630
7811	11	631
7812	11	632
7813	11	633
7814	11	634
7815	11	635
7816	11	636
7817	11	637
7818	11	638
7819	11	639
7820	11	640
7821	11	641
7822	11	642
7823	11	643
7824	11	644
7825	11	645
7826	11	646
7827	11	647
7828	11	648
7829	11	649
7830	11	650
7831	11	651
7832	11	652
7833	11	653
7834	11	654
7835	11	655
7836	11	656
7837	11	657
7838	11	658
7839	11	659
7840	11	660
7841	11	661
7842	11	662
7843	11	663
7844	11	664
7845	11	665
7846	11	666
7847	11	667
7848	11	668
7849	11	669
7850	11	670
7851	11	671
7852	11	741
7853	11	742
7854	11	743
7855	11	744
7856	11	2132
7857	11	2266
7858	11	2267
7859	11	2268
7860	11	2269
7861	11	2270
7862	11	2271
7863	11	2273
7864	11	2275
7865	11	2276
7866	11	2277
7867	11	2278
7868	11	2279
7869	11	2314
7870	11	2318
7871	11	2473
7872	11	2566
7873	11	2630
7874	11	2640
7875	11	2727
7876	11	2728
7877	11	2729
7878	11	2730
7879	11	2731
7880	11	2733
7881	11	2734
7882	11	2809
7883	11	2811
7884	11	2812
7885	11	2889
7886	11	2890
7887	11	2899
7888	11	2901
7889	11	2902
7890	11	2903
7891	11	2904
7892	11	2905
7893	11	2911
7894	11	2913
7895	11	2915
7896	11	2918
7897	11	2921
7898	11	2923
7899	11	2924
7900	11	2925
7901	11	2926
7902	11	2927
7903	11	2928
7904	11	2930
7905	11	2932
7906	11	2934
7907	11	2935
7908	11	2936
7909	11	2946
7910	11	2947
7911	11	2950
7912	11	4472
7913	11	4664
7914	11	7776
7915	11	7782
7916	11	7783
7917	11	7790
7918	11	7794
7919	11	7799
7920	11	7914
7921	11	2813
7922	12	3
7923	12	5
7924	12	15
7925	12	20
7926	12	32
7927	12	34
7928	12	35
7929	12	36
7930	12	836
7931	12	843
7932	12	1073
7933	12	1343
7934	12	1812
7935	12	1813
7936	12	1814
7937	12	1816
7938	12	1818
7939	12	1819
7940	12	1821
7941	12	2038
7942	12	2039
7943	12	2041
7944	12	2042
7945	12	2132
7946	12	2266
7947	12	2267
7948	12	2818
7949	12	2819
7950	12	2821
7951	12	2822
7952	12	2823
7953	12	2824
7954	12	2825
7955	12	2828
7956	12	2829
7957	12	2831
7958	12	2832
7959	12	2834
7960	12	2836
7961	12	2838
7962	12	2839
7963	12	2840
7964	12	2841
7965	12	2844
7966	12	2846
7967	12	2847
7968	12	2848
7969	12	2849
7970	12	2850
7971	12	2851
7972	12	2854
7973	12	2856
7974	12	2858
7975	12	2859
7976	12	2860
7977	12	2872
7978	12	3036
7979	12	4003
7980	12	4155
7981	12	4156
7982	12	4207
7983	12	4235
7984	12	4470
7985	12	4472
7986	12	4694
7987	12	4695
7988	12	4696
7989	12	4697
7990	12	4698
7991	12	4699
7992	12	4700
7993	12	4701
7994	12	4702
7995	12	4703
7996	12	4704
7997	12	4705
7998	12	4706
7999	12	4707
8000	12	4708
8001	12	4709
8002	12	4710
8003	12	4711
8004	12	4712
8005	12	4713
8006	12	4714
8007	12	4715
8008	12	4716
8009	12	4717
8010	12	4718
8011	12	4719
8012	12	4720
8013	12	4721
8014	12	4722
8015	12	4723
8016	12	4724
8017	12	4725
8018	12	7533
8019	12	7556
8020	12	7956
8021	12	7970
8022	12	7973
8023	12	8008
8024	12	8019
8025	12	567
8026	12	570
8027	12	741
8028	12	742
8029	12	743
8030	12	744
8031	12	2268
8032	12	2269
8033	12	2270
8034	12	2271
8035	12	2273
8036	12	2275
8037	12	2276
8038	12	2277
8039	12	2278
8040	12	2279
8041	12	2314
8042	12	2318
8043	12	2473
8044	12	2566
8045	12	2630
8046	12	2727
8047	12	2728
8048	12	2729
8049	12	2731
8050	12	2733
8051	12	2734
8052	12	2809
8053	12	2811
8054	12	2812
8055	12	2813
8056	12	2889
8057	12	2890
8058	12	2899
8059	12	2901
8060	12	2902
8061	12	2903
8062	12	2904
8063	12	2905
8064	12	2911
8065	12	2913
8066	12	2915
8067	12	2918
8068	12	2921
8069	12	2923
8070	12	2924
8071	12	2925
8072	12	2926
8073	12	2927
8074	12	2928
8075	12	2930
8076	12	2932
8077	12	2934
8078	12	2935
8079	12	2936
8080	12	2946
8081	12	2947
8082	12	2950
8083	12	3116
8084	12	4475
8085	12	4639
8086	12	4646
8087	12	4664
8088	12	4964
8089	12	4965
8090	12	4966
8091	12	4967
8092	12	4968
8093	12	4969
8094	12	4970
8095	12	4971
8096	12	4972
8097	12	4973
8098	12	4974
8099	12	4975
8100	12	4976
8101	12	4977
8102	12	4978
8103	12	4979
8104	12	4980
8105	12	4981
8106	12	4982
8107	12	4983
8108	12	4984
8109	12	4985
8110	12	4986
8111	12	4987
8112	12	4988
8113	12	4989
8114	12	4990
8115	12	4991
8116	12	4992
8117	12	4993
8118	12	4994
8119	12	4995
8120	12	4996
8121	12	4997
8122	12	4998
8123	12	4999
8124	12	5000
8125	12	7790
8126	12	8084
8127	12	8117
8128	13	695
8129	13	696
8130	13	697
8131	13	698
8132	13	699
8133	13	709
8134	13	744
8135	13	2278
8136	13	2279
8137	13	2509
8138	13	2537
8139	13	2588
8140	13	2683
8141	13	2729
8142	13	2744
8143	13	2813
8144	13	2935
8145	13	2946
8146	13	2947
8147	13	3941
8148	13	4942
8149	13	4943
8150	13	4944
8151	13	4945
8152	13	4946
8153	13	4947
8154	13	4948
8155	13	4949
8156	13	4950
8157	13	4951
8158	13	4952
8159	13	4953
8160	13	4954
8161	13	4955
8162	13	4956
8163	13	4957
8164	13	4958
8165	13	4959
8166	13	4960
8167	13	4961
8168	13	4962
8169	13	4963
8170	13	4964
8171	13	4965
8172	13	4966
8173	13	4967
8174	13	4968
8175	13	4969
8176	13	4970
8177	13	4971
8178	13	4972
8179	13	4973
8180	13	4974
8181	13	4975
8182	13	4976
8183	13	4977
8184	13	4978
8185	13	4979
8186	13	4980
8187	13	4981
8188	13	4982
8189	13	4983
8190	13	4984
8191	13	4985
8192	13	4986
8193	13	4987
8194	13	4988
8195	13	4989
8196	13	4990
8197	13	4991
8198	13	4992
8199	13	4993
8200	13	4994
8201	13	4995
8202	13	4996
8203	13	4997
8204	13	4998
8205	13	4999
8206	13	5000
8207	13	5607
8208	13	5668
8209	13	7029
8210	13	8127
8211	13	8128
8212	13	8129
8213	13	8190
8214	13	8191
8215	13	8192
8216	13	8193
8217	13	8194
8218	13	8195
8219	13	8196
8220	13	8197
8221	13	8198
8222	13	8199
8223	13	8200
8224	13	8201
8225	13	8202
8226	13	8203
8227	13	8205
8228	13	8206
8229	13	8207
8230	13	8208
8231	13	8209
8232	13	8210
8233	13	8211
8234	13	8212
8235	13	8213
8236	13	8214
8237	13	8215
8238	13	8216
8239	13	8217
8240	13	8218
8241	13	8219
8242	13	8220
8243	13	8221
8244	13	8224
8245	13	8225
8246	13	8226
8247	13	8227
8248	13	8229
8249	13	8230
8250	13	8231
8251	13	8240
8252	13	8241
8253	13	8242
8254	13	8245
8255	13	8250
8256	13	8252
8257	13	8254
8258	13	8255
8259	13	8256
8260	13	8257
8261	13	8258
8262	13	8259
8263	13	8260
8264	14	3
8265	14	5
8266	14	2831
8267	14	4694
8268	14	4695
8269	14	4696
8270	14	4697
8271	14	4698
8272	14	4699
8273	14	4700
8274	14	8016
8275	14	8023
8276	14	8026
8277	14	8028
8278	14	8029
8279	14	8274
8280	14	8277
8281	14	8282
8282	14	8283
8283	14	8284
8284	14	8285
8285	14	8286
8286	14	8287
8287	14	8288
8288	14	8289
8289	14	8290
8290	14	8291
8291	14	8292
8292	14	8293
8293	14	8294
8294	14	8295
8295	14	8296
8296	14	8297
8297	14	8298
8298	14	8299
8299	14	8300
8300	14	8301
8301	14	8302
8302	14	8303
8303	14	8304
8304	14	8305
8305	14	8306
8306	14	8307
8307	14	8308
8308	14	8309
8309	14	8310
8310	14	8311
8311	14	8312
8312	14	8313
8313	14	8314
8314	14	8315
8315	14	8316
8316	14	8317
8317	14	8318
8318	14	8319
8319	14	8320
8320	14	8321
8321	14	8322
8322	14	8323
8323	14	8324
8324	14	8325
8325	14	8326
8326	14	8327
8327	14	8328
8328	14	8329
8329	14	8330
8330	14	8331
8331	14	8332
8332	14	8333
8333	14	8334
8334	14	8335
8335	14	8336
8336	14	8337
8337	14	8338
8338	14	8339
8339	14	8340
8340	14	8341
8341	14	8342
8342	14	8343
8343	14	8344
8344	14	8345
8345	14	8346
8346	14	8347
8347	14	8348
8348	14	8349
8349	14	8350
8350	14	8351
8351	14	8352
8352	14	8353
8353	14	8354
8354	14	8355
8355	14	8356
8356	14	8357
8357	14	8358
8358	14	8359
8359	14	8360
8360	14	8361
8361	14	8362
8362	14	8363
8363	14	8364
8364	14	8365
8365	14	8366
8366	14	8367
8367	14	8368
8368	14	8369
8369	14	8370
8370	14	8371
8371	14	8372
8372	14	8373
8373	14	8374
8374	14	8375
8375	14	8376
8376	14	8377
8377	14	8378
8378	14	8379
8379	14	8380
8380	14	8381
8381	14	8382
8382	14	8383
8383	14	8384
8384	14	8385
8385	14	8386
8386	14	8387
8387	14	20
8388	14	36
8389	14	570
8390	14	693
8391	14	694
8392	14	695
8393	14	696
8394	14	697
8395	14	698
8396	14	699
8397	14	709
8398	14	744
8399	14	1073
8400	14	1814
8401	14	2269
8402	14	2270
8403	14	2271
8404	14	2278
8405	14	2509
8406	14	2537
8407	14	2588
8408	14	2683
8409	14	2729
8410	14	2744
8411	14	2813
8412	14	2859
8413	14	2935
8414	14	2946
8415	14	2947
8416	14	3941
8417	14	5607
8418	14	5903
8419	14	8046
8420	14	8049
8421	14	8052
8422	14	8074
8423	14	8078
8424	14	8083
8425	14	8090
8426	14	8092
8427	14	8094
8428	14	8118
8429	14	8119
8430	14	8120
8431	14	8125
8432	14	8190
8433	14	8191
8434	14	8192
8435	14	8193
8436	14	8194
8437	14	8195
8438	14	8196
8439	14	8197
8440	14	8198
8441	14	8199
8442	14	8200
8443	14	8201
8444	14	8202
8445	14	8203
8446	14	8205
8447	14	8206
8448	14	8207
8449	14	8209
8450	14	8210
8451	14	8211
8452	14	8212
8453	14	8213
8454	14	8214
8455	14	8215
8456	14	8216
8457	14	8217
8458	14	8218
8459	14	8219
8460	14	8220
8461	14	8221
8462	14	8224
8463	14	8225
8464	14	8226
8465	14	8227
8466	14	8229
8467	14	8230
8468	14	8231
8469	14	8240
8470	14	8241
8471	14	8242
8472	14	8245
8473	14	8250
8474	14	8252
8475	14	8254
8476	14	8255
8477	14	8256
8478	14	8257
8479	14	8258
8480	14	8259
8481	14	8260
8482	14	8388
8483	14	8389
8484	14	8390
8485	14	8391
8486	14	8392
8487	14	8393
8488	14	8394
8489	14	8395
8490	14	8396
8491	14	8397
8492	14	8398
8493	14	8399
8494	14	8400
8495	14	8401
8496	14	8402
8497	14	8403
8498	14	8404
8499	14	8405
8500	14	8406
8501	14	8407
8502	14	8408
8503	14	8409
8504	14	8414
8505	14	8415
8506	14	8417
8507	14	8424
8508	14	8425
8509	14	8470
8510	15	3
8511	15	5
8512	15	20
8513	15	1073
8514	15	3431
8515	15	4694
8516	15	4695
8517	15	4696
8518	15	4697
8519	15	4698
8520	15	4699
8521	15	4700
8522	15	4701
8523	15	4702
8524	15	4703
8525	15	4704
8526	15	4705
8527	15	4706
8528	15	4707
8529	15	4708
8530	15	4709
8531	15	4710
8532	15	4711
8533	15	4712
8534	15	4713
8535	15	4714
8536	15	4715
8537	15	4716
8538	15	4717
8539	15	4718
8540	15	4719
8541	15	4720
8542	15	4721
8543	15	4722
8544	15	4723
8545	15	4724
8546	15	4725
8547	15	4726
8548	15	4727
8549	15	4728
8550	15	4729
8551	15	8057
8552	15	8061
8553	15	8548
8554	15	8550
8555	15	8551
8556	15	8552
8557	15	8553
8558	15	8554
8559	15	8555
8560	15	8556
8561	15	8557
8562	15	8558
8563	15	8559
8564	15	8560
8565	15	8561
8566	15	8562
8567	15	8563
8568	15	8564
8569	15	8565
8570	15	8566
8571	15	8567
8572	15	8568
8573	15	8569
8574	15	8570
8575	15	8571
8576	15	8572
8577	15	8573
8578	15	8574
8579	15	8575
8580	15	8576
8581	15	8577
8582	15	8578
8583	15	8579
8584	15	8580
8585	15	8581
8586	15	8582
8587	15	8583
8588	15	8584
8589	15	8585
8590	15	8586
8591	15	8587
8592	15	8588
8593	15	8589
8594	15	8590
8595	15	8591
8596	15	8592
8597	15	8593
8598	15	8594
8599	15	8595
8600	15	8596
8601	15	8597
8602	15	8598
8603	15	8599
8604	15	8600
8605	15	8601
8606	15	8602
8607	15	8603
8608	15	8604
8609	15	8606
8610	15	8607
8611	15	8608
8612	15	8609
8613	15	8610
8614	15	8611
8615	15	8612
8616	15	8613
8617	15	8614
8618	15	8615
8619	15	8616
8620	15	8617
8621	15	8618
8622	15	8619
8623	15	8620
8624	15	8621
8625	15	8622
8626	15	8623
8627	15	8625
8628	15	8626
8629	15	8627
8630	15	8628
8631	15	8629
8632	15	8630
8633	15	8631
8634	15	8632
8635	15	8633
8636	15	8634
8637	15	8635
8638	15	8636
8639	15	8637
8640	15	8638
8641	15	8639
8642	15	8640
8643	15	8641
8644	15	8642
8645	15	8643
8646	15	8644
8647	15	8645
8648	15	8646
8649	15	8647
8650	15	8648
8651	15	8649
8652	15	8650
8653	15	8651
8654	15	8652
8655	15	8653
8656	15	8654
8657	15	8655
8658	15	8656
8659	15	8657
8660	15	8658
8661	15	8659
8662	15	8660
8663	15	8661
8664	15	8662
8665	15	8663
8666	15	8664
8667	15	8665
8668	15	8666
8669	15	8667
8670	15	8668
8671	15	8669
8672	15	8670
8673	15	8671
8674	15	8672
8675	15	8673
8676	15	8675
8677	15	8676
8678	15	8677
8679	15	8678
8680	15	8679
8681	15	8680
8682	15	8681
8683	15	8682
8684	15	8683
8685	15	8684
8686	15	8685
8687	15	8686
8688	15	8687
8689	15	8688
8690	15	8689
8691	15	8690
8692	15	8691
8693	15	8692
8694	15	8693
8695	15	8694
8696	15	8695
8697	15	8696
8698	15	8697
8699	15	8698
8700	15	8699
8701	15	8700
8702	15	8701
8703	15	8702
8704	15	8703
8705	15	8704
8706	15	8705
8707	15	8706
8708	15	8707
8709	15	8708
8710	15	8709
8711	15	8710
8712	15	8711
8713	15	8712
8714	15	8713
8715	15	8714
8716	15	8715
8717	15	8716
8718	15	8717
8719	15	8718
8720	15	8719
8721	15	8720
8722	15	8721
8723	15	8722
8724	15	8723
8725	15	8724
8726	15	8725
8727	15	8726
8728	15	8727
8729	15	8728
8730	15	8729
8731	15	8730
8732	15	8731
8733	15	8732
8734	15	8733
8735	15	8734
8736	15	8735
8737	15	8736
8738	15	8737
8739	15	8738
8740	15	8739
8741	15	8740
8742	15	8741
8743	15	8742
8744	15	8743
8745	15	8744
8746	15	8745
8747	15	8746
8748	15	8747
8749	15	8748
8750	15	8749
8751	15	8750
8752	15	8751
8753	15	8752
8754	15	8753
8755	15	8754
8756	15	8755
8757	15	8756
8758	15	8757
8759	15	8758
8760	15	8759
8761	15	8760
8762	15	8761
8763	15	8762
8764	15	8763
8765	15	8764
8766	15	8765
8767	15	8766
8768	15	8767
8769	15	8768
8770	15	8769
8771	15	8770
8772	15	8771
8773	15	8772
8774	15	8773
8775	15	8774
8776	15	8775
8777	15	8776
8778	15	8777
8779	15	8778
8780	15	8779
8781	15	8780
8782	15	8781
8783	15	8782
8784	15	8783
8785	15	8784
8786	15	8785
8787	15	8786
8788	15	8787
8789	15	8788
8790	15	8789
8791	15	8790
8792	15	8791
8793	15	8792
8794	15	8793
8795	15	8794
8796	15	8795
8797	15	8796
8798	15	8797
8799	15	8798
8800	15	8799
8801	15	8800
8802	15	8801
8803	15	8802
8804	15	8803
8805	15	8804
8806	15	8805
8807	15	8806
8808	15	8807
8809	15	8808
8810	15	8809
8811	15	8810
8812	15	8811
8813	15	8812
8814	15	8813
8815	15	8814
8816	15	8815
8817	15	8816
8818	15	8817
8819	15	8818
8820	15	8819
8821	15	8820
8822	15	8821
8823	15	8822
8824	15	8823
8825	15	8824
8826	15	8825
8827	15	8826
8828	15	8827
8829	15	8828
8830	15	8830
8831	15	8831
8832	15	8832
8833	15	8833
8834	15	8834
8835	15	8835
8836	15	8836
8837	15	8837
8838	15	8838
8839	15	8839
8840	15	8840
8841	15	8841
8842	15	8842
8843	15	8843
8844	15	8844
8845	15	8845
8846	15	8846
8847	15	8847
8848	15	8848
8849	15	8849
8850	15	8850
8851	15	8851
8852	15	8852
8853	15	8853
8854	15	8855
8855	15	8856
8856	15	8857
8857	15	8858
8858	15	8859
8859	15	8860
8860	15	8861
8861	15	8862
8862	15	8863
8863	15	8864
8864	15	8865
8865	15	8866
8866	15	8867
8867	15	8868
8868	15	8869
8869	15	8870
8870	15	8871
8871	15	8872
8872	15	8873
8873	15	8874
8874	15	8875
8875	15	8876
8876	15	8877
8877	15	8878
8878	15	8879
8879	15	8880
8880	15	8881
8881	15	8882
8882	15	8883
8883	15	8884
8884	15	8885
8885	15	8886
8886	15	8887
8887	15	36
8888	15	570
8889	15	693
8890	15	694
8891	15	695
8892	15	696
8893	15	697
8894	15	698
8895	15	699
8896	15	709
8897	15	744
8898	15	1355
8899	15	1361
8900	15	1362
8901	15	1363
8902	15	1364
8903	15	1365
8904	15	1366
8905	15	1367
8906	15	1368
8907	15	1369
8908	15	1380
8909	15	1381
8910	15	1386
8911	15	1387
8912	15	1388
8913	15	1392
8914	15	1393
8915	15	1394
8916	15	1395
8917	15	1396
8918	15	1397
8919	15	1398
8920	15	1399
8921	15	1400
8922	15	1401
8923	15	1402
8924	15	1403
8925	15	1404
8926	15	1405
8927	15	1406
8928	15	1407
8929	15	1408
8930	15	1409
8931	15	1410
8932	15	1411
8933	15	1412
8934	15	1413
8935	15	1414
8936	15	1415
8937	15	1416
8938	15	1417
8939	15	1418
8940	15	1464
8941	15	1465
8942	15	1466
8943	15	1467
8944	15	1468
8945	15	1469
8946	15	1470
8947	15	1471
8948	15	1472
8949	15	1473
8950	15	1474
8951	15	1475
8952	15	1476
8953	15	1477
8954	15	1478
8955	15	1479
8956	15	1480
8957	15	1481
8958	15	1482
8959	15	1483
8960	15	1484
8961	15	1485
8962	15	1486
8963	15	1487
8964	15	1492
8965	15	1493
8966	15	1494
8967	15	1495
8968	15	1496
8969	15	1497
8970	15	1498
8971	15	1499
8972	15	1500
8973	15	1501
8974	15	1502
8975	15	1503
8976	15	1504
8977	15	1505
8978	15	1506
8979	15	1507
8980	15	1508
8981	15	1509
8982	15	1510
8983	15	1511
8984	15	1512
8985	15	1513
8986	15	1516
8987	15	1517
8988	15	1518
8989	15	1519
8990	15	1520
8991	15	1521
8992	15	1522
8993	15	1523
8994	15	2278
8995	15	2509
8996	15	2537
8997	15	2588
8998	15	2683
8999	15	2729
9000	15	2744
9001	15	2813
9002	15	2935
9003	15	2946
9004	15	2947
9005	15	3941
9006	15	4933
9007	15	4949
9008	15	4950
9009	15	4951
9010	15	4952
9011	15	4953
9012	15	4954
9013	15	4955
9014	15	4956
9015	15	4957
9016	15	4958
9017	15	4959
9018	15	4960
9019	15	4961
9020	15	4962
9021	15	4963
9022	15	4964
9023	15	4965
9024	15	4988
9025	15	4989
9026	15	4990
9027	15	4991
9028	15	4992
9029	15	4993
9030	15	4994
9031	15	4995
9032	15	4996
9033	15	4997
9034	15	4998
9035	15	4999
9036	15	5000
9037	15	5607
9038	15	6260
9039	15	6261
9040	15	6262
9041	15	6263
9042	15	6264
9043	15	6265
9044	15	6266
9045	15	6267
9046	15	6268
9047	15	6269
9048	15	6270
9049	15	6271
9050	15	6272
9051	15	6273
9052	15	6274
9053	15	6275
9054	15	6276
9055	15	6277
9056	15	6278
9057	15	6279
9058	15	6280
9059	15	6281
9060	15	6282
9061	15	6283
9062	15	6284
9063	15	6285
9064	15	6286
9065	15	6287
9066	15	6288
9067	15	6289
9068	15	6290
9069	15	6291
9070	15	6292
9071	15	6293
9072	15	6294
9073	15	6295
9074	15	6296
9075	15	6297
9076	15	6298
9077	15	6299
9078	15	6300
9079	15	6301
9080	15	6302
9081	15	6303
9082	15	6304
9083	15	6305
9084	15	6306
9085	15	6307
9086	15	6308
9087	15	6309
9088	15	6310
9089	15	6311
9090	15	6312
9091	15	6349
9092	15	6350
9093	15	6351
9094	15	6352
9095	15	6353
9096	15	6354
9097	15	6355
9098	15	6356
9099	15	6357
9100	15	6358
9101	15	6359
9102	15	6360
9103	15	6361
9104	15	6362
9105	15	6371
9106	15	6372
9107	15	6373
9108	15	6374
9109	15	6375
9110	15	6376
9111	15	6377
9112	15	6378
9113	15	6379
9114	15	6380
9115	15	8190
9116	15	8191
9117	15	8192
9118	15	8193
9119	15	8194
9120	15	8195
9121	15	8196
9122	15	8197
9123	15	8198
9124	15	8199
9125	15	8200
9126	15	8201
9127	15	8202
9128	15	8203
9129	15	8205
9130	15	8206
9131	15	8207
9132	15	8209
9133	15	8210
9134	15	8211
9135	15	8212
9136	15	8213
9137	15	8214
9138	15	8215
9139	15	8216
9140	15	8217
9141	15	8218
9142	15	8219
9143	15	8220
9144	15	8221
9145	15	8224
9146	15	8225
9147	15	8226
9148	15	8227
9149	15	8229
9150	15	8230
9151	15	8231
9152	15	8240
9153	15	8241
9154	15	8242
9155	15	8245
9156	15	8250
9157	15	8252
9158	15	8254
9159	15	8255
9160	15	8256
9161	15	8257
9162	15	8258
9163	15	8259
9164	15	8260
9165	15	8470
9166	15	8888
9167	15	8889
9168	15	8890
9169	15	8891
9170	15	8892
9171	15	8893
9172	15	8894
9173	15	8895
9174	15	8896
9175	15	8897
9176	15	8898
9177	15	8899
9178	15	8900
9179	15	8901
9180	15	8902
9181	15	8903
9182	15	8904
9183	15	8905
9184	15	8906
9185	15	8907
9186	15	8908
9187	15	8909
9188	15	8910
9189	15	8911
9190	15	8912
9191	15	8913
9192	15	8914
9193	15	8915
9194	15	8916
9195	15	8917
9196	15	8918
9197	15	8919
9198	15	8920
9199	15	8921
9200	15	8922
9201	15	8923
9202	15	8924
9203	15	8925
9204	15	8926
9205	15	8927
9206	15	8928
9207	15	8929
9208	15	8930
9209	15	8931
9210	15	8932
9211	15	8933
9212	15	8934
9213	15	8935
9214	15	8936
9215	15	8937
9216	15	8938
9217	15	8939
9218	15	8940
9219	15	8941
9220	15	8942
9221	15	8943
9222	15	8944
9223	15	8945
9224	15	8946
9225	15	8947
9226	15	8948
9227	15	8949
9228	15	8950
9229	15	8951
9230	15	8952
9231	15	8953
9232	15	8954
9233	15	8955
9234	15	8956
9235	15	8957
9236	15	8958
9237	15	8959
9238	15	8960
9239	15	8961
9240	15	8962
9241	15	8963
9242	15	8964
9243	15	8965
9244	15	8966
9245	15	8967
9246	15	8968
9247	15	8969
9248	15	8970
9249	15	8971
9250	15	8972
9251	15	8973
9252	15	8974
9253	15	8975
9254	15	8976
9255	15	8977
9256	15	8978
9257	15	8979
9258	15	9153
9259	15	9155
9260	15	9156
9261	15	9157
9262	15	9158
9263	15	9159
9264	16	3
9265	16	5
9266	16	20
9267	16	2831
9268	16	4694
9269	16	4695
9270	16	4696
9271	16	4697
9272	16	4698
9273	16	4699
9274	16	4700
9275	16	4701
9276	16	4702
9277	16	4703
9278	16	4704
9279	16	4705
9280	16	4706
9281	16	4707
9282	16	4708
9283	16	4709
9284	16	4710
9285	16	4711
9286	16	4712
9287	16	4713
9288	16	4714
9289	16	4715
9290	16	4716
9291	16	4717
9292	16	4718
9293	16	4719
9294	16	4720
9295	16	4721
9296	16	4722
9297	16	4723
9298	16	4724
9299	16	4725
9300	16	8016
9301	16	8023
9302	16	8029
9303	16	8046
9304	16	8049
9305	16	8052
9306	16	8053
9307	16	9298
9308	16	9300
9309	16	9301
9310	16	9304
9311	16	9305
9312	16	9306
9313	16	9307
9314	16	9308
9315	16	9309
9316	16	9310
9317	16	9312
9318	16	9313
9319	16	9314
9320	16	9315
9321	16	9316
9322	16	9317
9323	16	9318
9324	16	9319
9325	16	9320
9326	16	9321
9327	16	9322
9328	16	9323
9329	16	9324
9330	16	9325
9331	16	9326
9332	16	9327
9333	16	9328
9334	16	9329
9335	16	9330
9336	16	9331
9337	16	9332
9338	16	9333
9339	16	9334
9340	16	9335
9341	16	9336
9342	16	9337
9343	16	9338
9344	16	9339
9345	16	9340
9346	16	9341
9347	16	9342
9348	16	9343
9349	16	9344
9350	16	9345
9351	16	9346
9352	16	9347
9353	16	9348
9354	16	9349
9355	16	9350
9356	16	9351
9357	16	9352
9358	16	9353
9359	16	9354
9360	16	9355
9361	16	9356
9362	16	9357
9363	16	9358
9364	16	9359
9365	16	9360
9366	16	9361
9367	16	9362
9368	16	9363
9369	16	9364
9370	16	9365
9371	16	9366
9372	16	9367
9373	16	9368
9374	16	9369
9375	16	9370
9376	16	9371
9377	16	9372
9378	16	9373
9379	16	9374
9380	16	9375
9381	16	9376
9382	16	9377
9383	16	9378
9384	16	9379
9385	16	9380
9386	16	9381
9387	16	9382
9388	16	9383
9389	16	9384
9390	16	9385
9391	16	9386
9392	16	9387
9393	16	9388
9394	16	9389
9395	16	9390
9396	16	9391
9397	16	9392
9398	16	9393
9399	16	9394
9400	16	9395
9401	16	9396
9402	16	9397
9403	16	9398
9404	16	9399
9405	16	9400
9406	16	9401
9407	16	9402
9408	16	9403
9409	16	9404
9410	16	9405
9411	16	9406
9412	16	9407
9413	16	9408
9414	16	9409
9415	16	9410
9416	16	9411
9417	16	9412
9418	16	9413
9419	16	9414
9420	16	9415
9421	16	9416
9422	16	9417
9423	16	9418
9424	16	9419
9425	16	9420
9426	16	9421
9427	16	9422
9428	16	9423
9429	16	9424
9430	16	9425
9431	16	9426
9432	16	9427
9433	16	9428
9434	16	9429
9435	16	9430
9436	16	9431
9437	16	9432
9438	16	9433
9439	16	9434
9440	16	9435
9441	16	9436
9442	16	9437
9443	16	9438
9444	16	9439
9445	16	9440
9446	16	9441
9447	16	9442
9448	16	9443
9449	16	9444
9450	16	9445
9451	16	9446
9452	16	9447
9453	16	9448
9454	16	9449
9455	16	9450
9456	16	9451
9457	16	9452
9458	16	9453
9459	16	9454
9460	16	9455
9461	16	9456
9462	16	9457
9463	16	9458
9464	16	9459
9465	16	9460
9466	16	9461
9467	16	9462
9468	16	9463
9469	16	9464
9470	16	9465
9471	16	9466
9472	16	9467
9473	16	9468
9474	16	9469
9475	16	9470
9476	16	9471
9477	16	9472
9478	16	9473
9479	16	9474
9480	16	9475
9481	16	9476
9482	16	9477
9483	16	9478
9484	16	9479
9485	16	9480
9486	16	9481
9487	16	9482
9488	16	9483
9489	16	9484
9490	16	9485
9491	16	9486
9492	16	9487
9493	16	9488
9494	16	9489
9495	16	9490
9496	16	9491
9497	16	9492
9498	16	9493
9499	16	9494
9500	16	9495
9501	16	9496
9502	16	9497
9503	16	9498
9504	16	9499
9505	16	9500
9506	16	9501
9507	16	9502
9508	16	9503
9509	16	9504
9510	16	9505
9511	16	9506
9512	16	9507
9513	16	9508
9514	16	9509
9515	16	9510
9516	16	9511
9517	16	9512
9518	16	9513
9519	16	9514
9520	16	9515
9521	16	9516
9522	16	9517
9523	16	9518
9524	16	9519
9525	16	9520
9526	16	9521
9527	16	9522
9528	16	9523
9529	16	9524
9530	16	9525
9531	16	9526
9532	16	9527
9533	16	9528
9534	16	9530
9535	16	9531
9536	16	9532
9537	16	9533
9538	16	9534
9539	16	9535
9540	16	9536
9541	16	9538
9542	16	9542
9543	16	9543
9544	16	9544
9545	16	9545
9546	16	9546
9547	16	9547
9548	16	9548
9549	16	9549
9550	16	9550
9551	16	9551
9552	16	9552
9553	16	9553
9554	16	9554
9555	16	9555
9556	16	9556
9557	16	9557
9558	16	9558
9559	16	9559
9560	16	9560
9561	16	9561
9562	16	9562
9563	16	9563
9564	16	9564
9565	16	9565
9566	16	9566
9567	16	9567
9568	16	9568
9569	16	9569
9570	16	9570
9571	16	9571
9572	16	9572
9573	16	9573
9574	16	9574
9575	16	9575
9576	16	9576
9577	16	9577
9578	16	9578
9579	16	9579
9580	16	9580
9581	16	9581
9582	16	9582
9583	16	9583
9584	16	9584
9585	16	9585
9586	16	9586
9587	16	9587
9588	16	9588
9589	16	9589
9590	16	9590
9591	16	9591
9592	16	9592
9593	16	9593
9594	16	9594
9595	16	9595
9596	16	9596
9597	16	9597
9598	16	9598
9599	16	9599
9600	16	9600
9601	16	9601
9602	16	9602
9603	16	9603
9604	16	9604
9605	16	9605
9606	16	9606
9607	16	9607
9608	16	9608
9609	16	9609
9610	16	9610
9611	16	9611
9612	16	9612
9613	16	9613
9614	16	9614
9615	16	9615
9616	16	9616
9617	16	9617
9618	16	9618
9619	16	9619
9620	16	9620
9621	16	9621
9622	16	9622
9623	16	9623
9624	16	9624
9625	16	9625
9626	16	9626
9627	16	9627
9628	16	9628
9629	16	9629
9630	16	9630
9631	16	9631
9632	16	9632
9633	16	9633
9634	16	9634
9635	16	9635
9636	16	9636
9637	16	9637
9638	16	9638
9639	16	9639
9640	16	9640
9641	16	9641
9642	16	9642
9643	16	9643
9644	16	9644
9645	16	9645
9646	16	9646
9647	16	9647
9648	16	9648
9649	16	9649
9650	16	9650
9651	16	9651
9652	16	9652
9653	16	9653
9654	16	9654
9655	16	9655
9656	16	9656
9657	16	9657
9658	16	9658
9659	16	9659
9660	16	9660
9661	16	9661
9662	16	9663
9663	16	9664
9664	16	9665
9665	16	9666
9666	16	9667
9667	16	9668
9668	16	9669
9669	16	9670
9670	16	9671
9671	16	9672
9672	16	9673
9673	16	9674
9674	16	9675
9675	16	9676
9676	16	9677
9677	16	9678
9678	16	9679
9679	16	9680
9680	16	9681
9681	16	9682
9682	16	9683
9683	16	9684
9684	16	9685
9685	16	36
9686	16	570
9687	16	693
9688	16	694
9689	16	695
9690	16	696
9691	16	697
9692	16	698
9693	16	699
9694	16	709
9695	16	744
9696	16	1814
9697	16	2269
9698	16	2270
9699	16	2271
9700	16	2278
9701	16	2509
9702	16	2537
9703	16	2588
9704	16	2683
9705	16	2729
9706	16	2744
9707	16	2859
9708	16	2935
9709	16	2946
9710	16	3941
9711	16	4964
9712	16	5401
9713	16	5402
9714	16	5403
9715	16	5404
9716	16	5405
9717	16	5406
9718	16	5407
9719	16	5408
9720	16	5409
9721	16	5410
9722	16	5411
9723	16	5412
9724	16	5413
9725	16	5414
9726	16	5415
9727	16	5416
9728	16	5417
9729	16	5418
9730	16	5419
9731	16	5420
9732	16	5421
9733	16	5422
9734	16	5423
9735	16	5424
9736	16	5425
9737	16	5426
9738	16	5427
9739	16	5428
9740	16	5429
9741	16	5430
9742	16	5431
9743	16	5432
9744	16	5607
9745	16	5903
9746	16	8064
9747	16	8065
9748	16	8074
9749	16	8078
9750	16	8083
9751	16	8090
9752	16	8092
9753	16	8094
9754	16	8118
9755	16	8119
9756	16	8120
9757	16	8125
9758	16	8190
9759	16	8191
9760	16	8192
9761	16	8193
9762	16	8194
9763	16	8195
9764	16	8197
9765	16	8198
9766	16	8199
9767	16	8200
9768	16	8201
9769	16	8202
9770	16	8205
9771	16	8206
9772	16	8207
9773	16	8209
9774	16	8210
9775	16	8211
9776	16	8212
9777	16	8213
9778	16	8214
9779	16	8215
9780	16	8216
9781	16	8217
9782	16	8218
9783	16	8219
9784	16	8220
9785	16	8221
9786	16	8224
9787	16	8225
9788	16	8226
9789	16	8227
9790	16	8229
9791	16	8230
9792	16	8231
9793	16	8240
9794	16	8241
9795	16	8242
9796	16	8245
9797	16	8250
9798	16	8252
9799	16	8254
9800	16	8255
9801	16	8256
9802	16	8257
9803	16	8258
9804	16	8259
9805	16	8260
9806	16	8417
9807	16	8424
9808	16	8470
9809	16	9686
9810	16	9687
9811	16	9688
9812	16	9689
9813	16	9690
9814	16	9691
9815	16	9692
9816	16	9693
9817	16	9694
9818	16	9695
9819	16	9696
9820	16	9697
9821	16	9698
9822	16	9699
9823	16	9700
9824	16	9701
9825	16	9702
9826	16	9703
9827	16	9704
9828	16	9705
9829	16	9706
9830	16	9707
9831	16	9708
9832	16	9709
9833	16	9710
9834	16	9711
9835	16	9712
9836	16	9713
9837	16	9714
9838	16	9715
9839	16	9716
9840	16	9717
9841	16	9718
9842	16	9719
9843	16	9720
9844	16	9721
9845	16	9722
9846	16	9723
9847	16	9724
9848	16	9725
9849	16	9726
9850	16	9727
9851	16	9728
9852	16	9729
9853	16	9730
9854	16	9731
9855	16	9732
9856	16	9733
9857	16	9734
9858	16	9735
9859	16	9736
9860	16	9737
9861	16	9738
9862	16	9739
9863	16	9740
9864	16	9741
9865	16	9742
9866	16	9743
9867	16	9744
9868	16	9745
9869	16	9746
9870	16	9747
9871	16	9748
9872	16	9749
9873	16	9750
9874	16	9751
9875	16	9752
9876	16	9753
9877	16	9754
9878	16	9755
9879	16	9756
9880	16	9757
9881	16	9758
9882	16	9759
9883	16	9760
9884	16	9761
9885	16	9762
9886	16	9763
9887	16	9764
9888	16	9765
9889	16	9766
9890	16	9767
9891	16	9768
9892	16	9769
9893	16	9770
9894	16	9771
9895	16	9772
9896	16	9773
9897	16	9774
9898	16	9775
9899	16	9776
9900	16	9777
9901	16	9778
9902	16	9779
9903	16	9780
9904	16	9781
9905	16	9782
9906	16	9783
9907	16	9784
9908	16	9785
9909	16	9786
9910	16	9787
9911	16	9788
9912	16	9789
9913	16	9790
9914	16	9791
9915	16	9792
9916	16	9793
9917	16	9794
9918	16	9795
9919	16	9796
9920	16	9797
9921	16	9798
9922	16	9799
9923	16	9800
9924	16	9801
9925	16	9802
9926	16	9803
9927	16	9804
9928	16	9805
9929	16	9806
9930	16	9807
9931	16	9808
9932	16	9809
9933	16	9810
9934	16	9811
9935	16	9812
9936	16	9813
9937	16	9814
9938	16	9815
9939	16	9816
9940	16	9817
9941	16	9818
9942	16	9819
9943	16	9820
9944	16	9821
9945	16	9822
9946	16	9823
9947	16	9824
9948	16	9825
9949	16	9826
9950	16	9827
9951	16	9828
9952	16	9829
9953	16	9830
9954	16	9831
9955	16	9832
9956	16	9833
9957	16	9834
9958	16	9835
9959	16	9836
9960	16	9837
9961	16	9838
9962	16	9839
9963	16	9840
9964	16	9841
9965	16	9842
9966	16	9843
9967	16	9844
9968	16	9845
9969	16	9846
9970	16	9847
9971	16	9848
9972	16	9849
9973	16	9850
9974	16	9851
9975	16	9852
9976	16	9853
9977	16	9854
9978	16	9856
9979	16	9857
9980	16	9858
9981	16	9859
9982	16	9860
9983	16	9861
9984	16	9862
9985	16	9863
9986	16	9864
9987	16	9865
9988	16	9866
9989	16	9867
9990	16	9868
9991	16	9869
9992	16	9870
9993	16	9871
9994	16	9872
9995	16	9873
9996	16	9874
9997	16	9875
9998	16	9876
9999	16	9877
10000	16	9878
10001	16	9879
10002	16	9880
10003	16	9881
10004	16	9882
10005	16	9883
10006	16	9884
10007	16	9885
10008	16	9886
10009	16	9887
10010	16	9888
10011	16	9889
10012	16	9890
10013	16	9891
10014	16	9892
10015	16	9893
10016	16	9894
10017	16	9895
10018	16	9896
10019	16	9897
10020	16	9898
10021	16	9899
10022	16	9900
10023	16	9901
10024	16	9902
10025	16	9903
10026	16	9904
10027	16	9905
10028	16	9906
10029	16	9907
10030	16	9908
10031	16	9909
10032	16	9910
10033	16	9911
10034	16	9912
10035	16	9914
10036	16	9915
10037	16	9916
10038	16	9917
10039	16	9918
10040	16	9919
10041	16	9920
10042	16	9921
10043	16	9922
10044	16	9923
10045	16	9924
10046	16	9925
10047	16	9926
10048	16	9927
10049	16	9928
10050	16	9929
10051	16	9930
10052	16	9931
10053	16	9932
10054	16	9933
10055	16	9934
10056	16	9935
10057	16	9936
10058	16	9937
10059	16	9938
10060	16	9939
10061	16	9940
10062	16	9941
10063	16	9942
10064	16	9943
10065	16	9944
10066	16	9945
10067	16	9946
10068	16	9947
10069	16	9948
10070	16	9949
10071	16	9950
10072	16	9951
10073	16	9952
10074	16	9953
10075	16	9954
10076	16	9955
10077	16	9956
10078	16	9957
10079	16	9958
10080	16	9959
10081	16	9960
10082	16	9961
10083	16	9962
10084	16	9963
10085	16	9964
10086	16	9965
10087	16	9966
10088	16	10000
10089	16	10001
10090	16	10002
10091	16	10003
10092	16	10009
10093	16	10012
10094	16	10013
10095	16	10014
10096	16	10015
10097	16	10016
10098	16	10017
10099	16	10029
10100	16	10030
10101	16	10031
10102	16	10039
10103	16	10083
10104	16	10084
10105	16	10085
10106	16	2947
10107	17	3
10108	17	5
10109	17	20
10110	17	36
10111	17	436
10112	17	1814
10113	17	2269
10114	17	2270
10115	17	2271
10116	17	2859
10117	17	4694
10118	17	4695
10119	17	4696
10120	17	4697
10121	17	4698
10122	17	4699
10123	17	4700
10124	17	4701
10125	17	4702
10126	17	4703
10127	17	4704
10128	17	4705
10129	17	4706
10130	17	4707
10131	17	4708
10132	17	4709
10133	17	4710
10134	17	4711
10135	17	4712
10136	17	4713
10137	17	4714
10138	17	4715
10139	17	4716
10140	17	4717
10141	17	4718
10142	17	4719
10143	17	4720
10144	17	4721
10145	17	4722
10146	17	4723
10147	17	4724
10148	17	4725
10149	17	4726
10150	17	4767
10151	17	4768
10152	17	4792
10153	17	4955
10154	17	4956
10155	17	4957
10156	17	4958
10157	17	4959
10158	17	4960
10159	17	4961
10160	17	4962
10161	17	4963
10162	17	4964
10163	17	4965
10164	17	4966
10165	17	4967
10166	17	4968
10167	17	4969
10168	17	4970
10169	17	4971
10170	17	4972
10171	17	5462
10172	17	5463
10173	17	8016
10174	17	8023
10175	17	8026
10176	17	8028
10177	17	8029
10178	17	8046
10179	17	8049
10180	17	8052
10181	17	8074
10182	17	8078
10183	17	8083
10184	17	8090
10185	17	8092
10186	17	8094
10187	17	8118
10188	17	8119
10189	17	8120
10190	17	8125
10191	17	8424
10192	17	9807
10193	17	10145
10194	17	10147
10195	17	10150
10196	17	10151
10197	17	10152
10198	17	10155
10199	17	10156
10200	17	10157
10201	17	10158
10202	17	10159
10203	17	10160
10204	17	10163
10205	17	10166
10206	17	10167
10207	17	10181
10208	17	10182
10209	17	10191
10210	17	570
10211	17	693
10212	17	694
10213	17	695
10214	17	696
10215	17	697
10216	17	698
10217	17	699
10218	17	709
10219	17	744
10220	17	2278
10221	17	2509
10222	17	2537
10223	17	2588
10224	17	2683
10225	17	2729
10226	17	2744
10227	17	2935
10228	17	3941
10229	17	4973
10230	17	4974
10231	17	4975
10232	17	4976
10233	17	4977
10234	17	4978
10235	17	4979
10236	17	4980
10237	17	4981
10238	17	4982
10239	17	4983
10240	17	4984
10241	17	4985
10242	17	4986
10243	17	4987
10244	17	4988
10245	17	4989
10246	17	4990
10247	17	4991
10248	17	4992
10249	17	4993
10250	17	4994
10251	17	4995
10252	17	4996
10253	17	4997
10254	17	4998
10255	17	4999
10256	17	5000
10257	17	5044
10258	17	5607
10259	17	5668
10260	17	8190
10261	17	8191
10262	17	8192
10263	17	8193
10264	17	8194
10265	17	8195
10266	17	8196
10267	17	8197
10268	17	8198
10269	17	8199
10270	17	8200
10271	17	8201
10272	17	8202
10273	17	8203
10274	17	8205
10275	17	8206
10276	17	8207
10277	17	8209
10278	17	8210
10279	17	8211
10280	17	8212
10281	17	8213
10282	17	8214
10283	17	8215
10284	17	8216
10285	17	8217
10286	17	8218
10287	17	8219
10288	17	8220
10289	17	8221
10290	17	8224
10291	17	8225
10292	17	8226
10293	17	8227
10294	17	8229
10295	17	8230
10296	17	8231
10297	17	8240
10298	17	8241
10299	17	8242
10300	17	8245
10301	17	8250
10302	17	8252
10303	17	8254
10304	17	8255
10305	17	8256
10306	17	8257
10307	17	8258
10308	17	8259
10309	17	8260
10310	17	8470
10311	17	10085
10312	17	10254
10313	17	2813
\.


--
-- TOC entry 3743 (class 0 OID 16393)
-- Dependencies: 219
-- Data for Name: annotation_type; Type: TABLE DATA; Schema: public; Owner: postgres
--

COPY public.annotation_type (id, seq_ontology, region, impact) FROM stdin;
1	upstream_gene_variant	\N	MODIFIER
2	intergenic_region	\N	MODIFIER
5	synonymous_variant	\N	LOW
7	missense_variant	\N	MODERATE
26	downstream_gene_variant	\N	MODIFIER
41	disruptive_inframe_deletion	\N	MODERATE
218	conservative_inframe_deletion	\N	MODERATE
407	disruptive_inframe_insertion	\N	MODERATE
429	frameshift_variant	\N	HIGH
430	stop_gained	\N	HIGH
442	gene_fusion	\N	HIGH
444	stop_lost	\N	HIGH
445	splice_region_variant	\N	HIGH
447	start_lost	\N	HIGH
\.


--
-- TOC entry 3745 (class 0 OID 16397)
-- Dependencies: 221
-- Data for Name: auth_group; Type: TABLE DATA; Schema: public; Owner: postgres
--

COPY public.auth_group (id, name) FROM stdin;
\.


--
-- TOC entry 3747 (class 0 OID 16401)
-- Dependencies: 223
-- Data for Name: auth_group_permissions; Type: TABLE DATA; Schema: public; Owner: postgres
--

COPY public.auth_group_permissions (id, group_id, permission_id) FROM stdin;
\.


--
-- TOC entry 3749 (class 0 OID 16405)
-- Dependencies: 225
-- Data for Name: auth_permission; Type: TABLE DATA; Schema: public; Owner: postgres
--

COPY public.auth_permission (id, name, content_type_id, codename) FROM stdin;
1	Can add log entry	1	add_logentry
2	Can change log entry	1	change_logentry
3	Can delete log entry	1	delete_logentry
4	Can view log entry	1	view_logentry
5	Can add permission	2	add_permission
6	Can change permission	2	change_permission
7	Can delete permission	2	delete_permission
8	Can view permission	2	view_permission
9	Can add group	3	add_group
10	Can change group	3	change_group
11	Can delete group	3	delete_group
12	Can view group	3	view_group
13	Can add user	4	add_user
14	Can change user	4	change_user
15	Can delete user	4	delete_user
16	Can view user	4	view_user
17	Can add content type	5	add_contenttype
18	Can change content type	5	change_contenttype
19	Can delete content type	5	delete_contenttype
20	Can view content type	5	view_contenttype
21	Can add session	6	add_session
22	Can change session	6	change_session
23	Can delete session	6	delete_session
24	Can view session	6	view_session
25	Can add alignment	7	add_alignment
26	Can change alignment	7	change_alignment
27	Can delete alignment	7	delete_alignment
28	Can view alignment	7	view_alignment
29	Can add annotation type	8	add_annotationtype
30	Can change annotation type	8	change_annotationtype
31	Can delete annotation type	8	delete_annotationtype
32	Can view annotation type	8	view_annotationtype
33	Can add property	9	add_property
34	Can change property	9	change_property
35	Can delete property	9	delete_property
36	Can view property	9	view_property
37	Can add sequence	10	add_sequence
38	Can change sequence	10	change_sequence
39	Can delete sequence	10	delete_sequence
40	Can view sequence	10	view_sequence
41	Can add sample	11	add_sample
42	Can change sample	11	change_sample
43	Can delete sample	11	delete_sample
44	Can view sample	11	view_sample
45	Can add reference	12	add_reference
46	Can change reference	12	change_reference
47	Can delete reference	12	delete_reference
48	Can view reference	12	view_reference
49	Can add sample2 property	13	add_sample2property
50	Can change sample2 property	13	change_sample2property
51	Can delete sample2 property	13	delete_sample2property
52	Can view sample2 property	13	view_sample2property
53	Can add alignment2 mutation	14	add_alignment2mutation
54	Can change alignment2 mutation	14	change_alignment2mutation
55	Can delete alignment2 mutation	14	delete_alignment2mutation
56	Can view alignment2 mutation	14	view_alignment2mutation
57	Can add mutation	15	add_mutation
58	Can change mutation	15	change_mutation
59	Can delete mutation	15	delete_mutation
60	Can view mutation	15	view_mutation
61	Can add mutation2 annotation	16	add_mutation2annotation
62	Can change mutation2 annotation	16	change_mutation2annotation
63	Can delete mutation2 annotation	16	delete_mutation2annotation
64	Can view mutation2 annotation	16	view_mutation2annotation
65	Can add entered data	17	add_entereddata
66	Can change entered data	17	change_entereddata
67	Can delete entered data	17	delete_entereddata
68	Can view entered data	17	view_entereddata
69	Can add gene	18	add_gene
70	Can change gene	18	change_gene
71	Can delete gene	18	delete_gene
72	Can view gene	18	view_gene
73	Can add replicon	19	add_replicon
74	Can change replicon	19	change_replicon
75	Can delete replicon	19	delete_replicon
76	Can view replicon	19	view_replicon
77	Can add gene segment	20	add_genesegment
78	Can change gene segment	20	change_genesegment
79	Can delete gene segment	20	delete_genesegment
80	Can view gene segment	20	view_genesegment
81	Can add lineage	21	add_lineage
82	Can change lineage	21	change_lineage
83	Can delete lineage	21	delete_lineage
84	Can view lineage	21	view_lineage
85	Can add lineage alias	22	add_lineagealias
86	Can change lineage alias	22	change_lineagealias
87	Can delete lineage alias	22	delete_lineagealias
88	Can view lineage alias	22	view_lineagealias
89	Can add django job	23	add_djangojob
90	Can change django job	23	change_djangojob
91	Can delete django job	23	delete_djangojob
92	Can view django job	23	view_djangojob
93	Can add django job execution	24	add_djangojobexecution
94	Can change django job execution	24	change_djangojobexecution
95	Can delete django job execution	24	delete_djangojobexecution
96	Can view django job execution	24	view_djangojobexecution
97	Can add import log	25	add_importlog
98	Can change import log	25	change_importlog
99	Can delete import log	25	delete_importlog
100	Can view import log	25	view_importlog
101	Can add file processing	26	add_fileprocessing
102	Can change file processing	26	change_fileprocessing
103	Can delete file processing	26	delete_fileprocessing
104	Can view file processing	26	view_fileprocessing
105	Can add processing job	27	add_processingjob
106	Can change processing job	27	change_processingjob
107	Can delete processing job	27	delete_processingjob
108	Can view processing job	27	view_processingjob
\.


--
-- TOC entry 3751 (class 0 OID 16409)
-- Dependencies: 227
-- Data for Name: auth_user; Type: TABLE DATA; Schema: public; Owner: postgres
--

COPY public.auth_user (id, password, last_login, is_superuser, username, first_name, last_name, email, is_staff, is_active, date_joined) FROM stdin;
1	pbkdf2_sha256$600000$Y6Yxdkr7Z7B68IxJ0j6uWY$0jcocQ1xwbqeSo4up8JLPfiwzu4ihZRsB5ztkn95Qb0=	2024-07-12 12:47:34.163957+00	t	note				t	t	2024-02-03 10:12:04.317593+00
\.


--
-- TOC entry 3752 (class 0 OID 16414)
-- Dependencies: 228
-- Data for Name: auth_user_groups; Type: TABLE DATA; Schema: public; Owner: postgres
--

COPY public.auth_user_groups (id, user_id, group_id) FROM stdin;
\.


--
-- TOC entry 3755 (class 0 OID 16419)
-- Dependencies: 231
-- Data for Name: auth_user_user_permissions; Type: TABLE DATA; Schema: public; Owner: postgres
--

COPY public.auth_user_user_permissions (id, user_id, permission_id) FROM stdin;
\.


--
-- TOC entry 3759 (class 0 OID 16429)
-- Dependencies: 235
-- Data for Name: django_admin_log; Type: TABLE DATA; Schema: public; Owner: postgres
--

COPY public.django_admin_log (id, action_time, object_id, object_repr, action_flag, change_message, content_type_id, user_id) FROM stdin;
\.


--
-- TOC entry 3761 (class 0 OID 16436)
-- Dependencies: 237
-- Data for Name: django_apscheduler_djangojob; Type: TABLE DATA; Schema: public; Owner: postgres
--

COPY public.django_apscheduler_djangojob (id, next_run_time, job_state) FROM stdin;
data_import	\N	\\x8005954b010000000000007d94288c0776657273696f6e944b018c026964948c0b646174615f696d706f7274948c0466756e63948c40726573745f6170692e6d616e6167656d656e742e636f6d6d616e64732e72756e61707363686564756c65723a7363686564756c65645f646174615f656e747279948c0774726967676572948c2b726573745f6170692e6d616e6167656d656e742e636f6d6d616e64732e72756e61707363686564756c6572948c114d616e75616c4f6e6c79547269676765729493942981948c086578656375746f72948c0764656661756c74948c046172677394298c066b7761726773947d948c046e616d65948c147363686564756c65645f646174615f656e747279948c126d6973666972655f67726163655f74696d65944b018c08636f616c6573636594888c0d6d61785f696e7374616e636573944b018c0d6e6578745f72756e5f74696d65944e752e
delete_old_job_executions	2025-01-06 00:00:00+00	\\x80059553040000000000007d94288c0776657273696f6e944b018c026964948c1964656c6574655f6f6c645f6a6f625f657865637574696f6e73948c0466756e63948c45726573745f6170692e6d616e6167656d656e742e636f6d6d616e64732e72756e61707363686564756c65723a64656c6574655f6f6c645f6a6f625f657865637574696f6e73948c0774726967676572948c1961707363686564756c65722e74726967676572732e63726f6e948c0b43726f6e547269676765729493942981947d942868014b028c0874696d657a6f6e65948c086275696c74696e73948c07676574617474729493948c087a6f6e65696e666f948c085a6f6e65496e666f9493948c095f756e7069636b6c6594869452948c03555443944b01869452948c0a73746172745f64617465944e8c08656e645f64617465944e8c066669656c6473945d94288c2061707363686564756c65722e74726967676572732e63726f6e2e6669656c6473948c09426173654669656c649493942981947d94288c046e616d65948c0479656172948c0a69735f64656661756c7494888c0b65787072657373696f6e73945d948c2561707363686564756c65722e74726967676572732e63726f6e2e65787072657373696f6e73948c0d416c6c45787072657373696f6e9493942981947d948c0473746570944e7362617562681d8c0a4d6f6e74684669656c649493942981947d942868228c056d6f6e74689468248868255d9468292981947d94682c4e7362617562681d8c0f4461794f664d6f6e74684669656c649493942981947d942868228c036461799468248868255d9468292981947d94682c4e7362617562681d8c095765656b4669656c649493942981947d942868228c047765656b9468248868255d9468292981947d94682c4e7362617562681d8c0e4461794f665765656b4669656c649493942981947d942868228c0b6461795f6f665f7765656b9468248968255d9468278c165765656b64617952616e676545787072657373696f6e9493942981947d9428682c4e8c056669727374944b008c046c617374944b007562617562681f2981947d942868228c04686f75729468248968255d9468278c0f52616e676545787072657373696f6e9493942981947d9428682c4e684f4b0068504b007562617562681f2981947d942868228c066d696e7574659468248968255d9468562981947d9428682c4e684f4b0068504b007562617562681f2981947d942868228c067365636f6e649468248868255d9468562981947d9428682c4e684f4b0068504b007562617562658c066a6974746572944e75628c086578656375746f72948c0764656661756c74948c046172677394298c066b7761726773947d94682268038c126d6973666972655f67726163655f74696d65944b018c08636f616c6573636594888c0d6d61785f696e7374616e636573944b018c0d6e6578745f72756e5f74696d65948c086461746574696d65948c086461746574696d65949394430a07e9010600000000000094681886945294752e
\.


--
-- TOC entry 3762 (class 0 OID 16441)
-- Dependencies: 238
-- Data for Name: django_apscheduler_djangojobexecution; Type: TABLE DATA; Schema: public; Owner: postgres
--

COPY public.django_apscheduler_djangojobexecution (id, status, run_time, duration, finished, exception, traceback, job_id) FROM stdin;
1	Executed	2024-02-03 10:24:47.923186+00	15.75	1706955903.67	\N	\N	data_import
2	Error!	2024-07-12 12:47:37.13868+00	0.03	1720788457.17	[Errno 2] No such file or directory: '/tmp/wkdir/archive_data/temp/2024-05-24_08-49-34.229.7c8451'	  File "/usr/local/lib/python3.11/site-packages/apscheduler/executors/base.py", line 125, in run_job\n    retval = job.func(*job.args, **job.kwargs)\n             ^^^^^^^^^^^^^^^^^^^^^^^^^^^^^^^^^\n  File "/code/rest_api/management/commands/runapscheduler.py", line 32, in scheduled_data_entry\n    check_for_new_data()\n  File "/code/rest_api/data_entry/sample_entry_job.py", line 54, in check_for_new_data\n    import_archive(new_path)\n  File "/code/rest_api/data_entry/sample_entry_job.py", line 187, in import_archive\n    shutil.rmtree(temp_dir)\n  File "/usr/local/lib/python3.11/shutil.py", line 742, in rmtree\n    onerror(os.lstat, path, sys.exc_info())\n  File "/usr/local/lib/python3.11/shutil.py", line 740, in rmtree\n    orig_st = os.lstat(path, dir_fd=dir_fd)\n              ^^^^^^^^^^^^^^^^^^^^^^^^^^^^^\n	data_import
\.


--
-- TOC entry 3764 (class 0 OID 16447)
-- Dependencies: 240
-- Data for Name: django_content_type; Type: TABLE DATA; Schema: public; Owner: postgres
--

COPY public.django_content_type (id, app_label, model) FROM stdin;
1	admin	logentry
2	auth	permission
3	auth	group
4	auth	user
5	contenttypes	contenttype
6	sessions	session
7	rest_api	alignment
8	rest_api	annotationtype
9	rest_api	property
10	rest_api	sequence
11	rest_api	sample
12	rest_api	reference
13	rest_api	sample2property
14	rest_api	alignment2mutation
15	rest_api	mutation
16	rest_api	mutation2annotation
17	rest_api	entereddata
18	rest_api	gene
19	rest_api	replicon
20	rest_api	genesegment
21	rest_api	lineage
22	rest_api	lineagealias
23	django_apscheduler	djangojob
24	django_apscheduler	djangojobexecution
25	rest_api	importlog
26	rest_api	fileprocessing
27	rest_api	processingjob
\.


--
-- TOC entry 3766 (class 0 OID 16451)
-- Dependencies: 242
-- Data for Name: django_migrations; Type: TABLE DATA; Schema: public; Owner: postgres
--

COPY public.django_migrations (id, app, name, applied) FROM stdin;
1	contenttypes	0001_initial	2024-02-03 10:11:04.729621+00
2	auth	0001_initial	2024-02-03 10:11:04.827615+00
3	admin	0001_initial	2024-02-03 10:11:04.853821+00
4	admin	0002_logentry_remove_auto_add	2024-02-03 10:11:04.860012+00
5	admin	0003_logentry_add_action_flag_choices	2024-02-03 10:11:04.867606+00
6	contenttypes	0002_remove_content_type_name	2024-02-03 10:11:04.880025+00
7	auth	0002_alter_permission_name_max_length	2024-02-03 10:11:04.886424+00
8	auth	0003_alter_user_email_max_length	2024-02-03 10:11:04.89208+00
9	auth	0004_alter_user_username_opts	2024-02-03 10:11:04.899307+00
10	auth	0005_alter_user_last_login_null	2024-02-03 10:11:04.90584+00
11	auth	0006_require_contenttypes_0002	2024-02-03 10:11:04.907822+00
12	auth	0007_alter_validators_add_error_messages	2024-02-03 10:11:04.914758+00
13	auth	0008_alter_user_username_max_length	2024-02-03 10:11:04.924622+00
14	auth	0009_alter_user_last_name_max_length	2024-02-03 10:11:04.932029+00
15	auth	0010_alter_group_name_max_length	2024-02-03 10:11:04.939183+00
16	auth	0011_update_proxy_permissions	2024-02-03 10:11:04.94509+00
17	auth	0012_alter_user_first_name_max_length	2024-02-03 10:11:04.951722+00
18	django_apscheduler	0001_initial	2024-02-03 10:11:04.988411+00
19	django_apscheduler	0002_auto_20180412_0758	2024-02-03 10:11:04.993068+00
20	django_apscheduler	0003_auto_20200716_1632	2024-02-03 10:11:05.007985+00
21	django_apscheduler	0004_auto_20200717_1043	2024-02-03 10:11:05.05553+00
22	django_apscheduler	0005_migrate_name_to_id	2024-02-03 10:11:05.070472+00
23	django_apscheduler	0006_remove_djangojob_name	2024-02-03 10:11:05.074103+00
24	django_apscheduler	0007_auto_20200717_1404	2024-02-03 10:11:05.093783+00
25	django_apscheduler	0008_remove_djangojobexecution_started	2024-02-03 10:11:05.107497+00
26	django_apscheduler	0009_djangojobexecution_unique_job_executions	2024-02-03 10:11:05.114893+00
27	rest_api	0001_initial	2024-02-03 10:11:05.383551+00
28	rest_api	0002_alter_sample2property_value_varchar_and_more	2024-02-03 10:11:05.400282+00
29	rest_api	0003_sample_properties_alter_element_accession_and_more	2024-02-03 10:11:05.48871+00
30	rest_api	0004_sample_properties_alter_sample2property_value_text	2024-02-03 10:11:05.506452+00
31	rest_api	0005_alter_alignment_id_alter_element_id_and_more	2024-02-03 10:11:05.580712+00
32	rest_api	0006_alignment2mutation_mutation_mutation2annotation_and_more	2024-02-03 10:11:05.833203+00
33	rest_api	0007_entereddata	2024-02-03 10:11:05.843301+00
34	rest_api	0008_alter_entereddata_name	2024-02-03 10:11:05.847995+00
35	rest_api	0009_remove_mutation_aa_profile_and_more	2024-02-03 10:11:05.915646+00
36	rest_api	0010_alter_mutation_unique_together	2024-02-03 10:11:05.923974+00
37	rest_api	0011_alter_mutation_unique_together	2024-02-03 10:11:05.937634+00
38	rest_api	0012_alter_mutation_unique_together	2024-02-03 10:11:05.949741+00
39	rest_api	0013_alter_entereddata_unique_together_and_more	2024-02-03 10:11:05.956802+00
40	rest_api	0014_sample_collection_date_sample_country_and_more	2024-02-03 10:11:06.003881+00
41	rest_api	0015_gene_genepart_sourceelement_remove_element_molecule_and_more	2024-02-03 10:11:06.093912+00
42	rest_api	0016_alter_gene_table	2024-02-03 10:11:06.099001+00
43	rest_api	0017_remove_gene_symbol	2024-02-03 10:11:06.105392+00
44	rest_api	0018_alter_mutation_element	2024-02-03 10:11:06.122157+00
45	rest_api	0019_replicon_rename_genepart_genesegment_and_more	2024-02-03 10:11:06.236681+00
46	rest_api	0020_remove_reference_standard	2024-02-03 10:11:06.240977+00
47	rest_api	0021_remove_alignment_element_remove_mutation_element_and_more	2024-02-03 10:11:06.278763+00
48	rest_api	0022_mutation_type	2024-02-03 10:11:06.286105+00
49	rest_api	0023_mutation_mutation_gene_id_2f1f1c_idx_and_more	2024-02-03 10:11:06.325934+00
50	rest_api	0024_mutation_mutation_label_94967f_idx	2024-02-03 10:11:06.338456+00
51	rest_api	0025_alignment_alignment_gene_id_81f250_idx	2024-02-03 10:11:06.349688+00
52	rest_api	0026_alignment2mutation_alignment2m_alignme_d1c719_idx	2024-02-03 10:11:06.357745+00
53	rest_api	0027_mutation_mutation_type_bf4ac1_idx	2024-02-03 10:11:06.368803+00
54	rest_api	0028_remove_mutation_mutation_label_94967f_idx_and_more	2024-02-03 10:11:06.420709+00
55	rest_api	0029_remove_alignment_alignment_gene_id_81f250_idx_and_more	2024-02-03 10:11:06.45913+00
56	rest_api	0030_delete_mutation2property	2024-02-03 10:11:06.464936+00
57	rest_api	0031_remove_annotationtype_test	2024-02-03 10:11:06.47172+00
58	rest_api	0032_annotationtype_impact	2024-02-03 10:11:06.475636+00
59	rest_api	0033_alter_alignment_id_alter_annotationtype_id_and_more	2024-02-03 10:11:06.539463+00
60	rest_api	0034_mutation_unique_mutation	2024-02-03 10:11:06.551186+00
61	rest_api	0035_mutation_unique_mutation_null_gene	2024-02-03 10:11:06.561221+00
62	rest_api	0036_alter_alignment2mutation_unique_together_and_more	2024-02-03 10:11:06.622636+00
63	rest_api	0037_mutation_unique_mutation_null_alt_and_more	2024-02-03 10:11:06.643323+00
64	rest_api	0038_annotationtype_unique_annotation_null_region	2024-02-03 10:11:06.649823+00
65	rest_api	0039_alter_gene_cds_accession_alter_gene_cds_symbol_and_more	2024-02-03 10:11:07.379758+00
66	rest_api	0040_alter_mutation_alt_alter_mutation_ref	2024-02-03 10:11:07.531128+00
67	rest_api	0041_reference_translation_id	2024-02-03 10:11:07.538303+00
68	rest_api	0042_alter_mutation_ref	2024-02-03 10:11:07.554075+00
69	rest_api	0043_alter_alignment_replicon_and_more	2024-02-03 10:11:07.591174+00
70	rest_api	0044_alter_mutation_gene_alter_mutation_replicon	2024-02-03 10:11:07.60591+00
71	rest_api	0045_alter_alignment_sequence	2024-02-03 10:11:07.61568+00
72	rest_api	0046_alter_alignment2mutation_mutation_and_more	2024-02-03 10:11:07.643097+00
73	rest_api	0047_alter_sample2property_value_float	2024-02-03 10:11:07.663196+00
74	rest_api	0048_lineage_lineagealias_delete_lineages_and_more	2024-02-03 10:11:07.7108+00
75	rest_api	0049_alter_mutation_alt	2024-02-03 10:11:07.729527+00
76	sessions	0001_initial	2024-02-03 10:11:07.750115+00
77	rest_api	0050_alter_sample_sequence	2024-03-17 20:06:18.98844+00
78	rest_api	0051_importlog_delete_entereddata_alter_sample_sequence_and_more	2024-04-02 15:18:22.239889+00
79	rest_api	0052_alter_mutation2annotation_alignment_and_more	2024-04-02 15:18:22.30776+00
80	rest_api	0053_fileprocessing_processingjob_and_more	2024-05-06 14:23:09.501535+00
81	rest_api	0054_alter_processingjob_entry_time_and_more	2024-05-06 14:23:09.531083+00
82	rest_api	0055_alter_gene_gene_accession	2024-07-12 12:38:03.305165+00
83	rest_api	0056_alter_mutation_alt_alter_mutation_ref	2024-07-12 12:38:03.379325+00
84	rest_api	0057_remove_sample_processing_date_and_more	2024-07-12 12:38:03.410271+00
85	rest_api	0058_remove_lineagealias_lineage_and_more	2024-09-12 09:00:48.285008+00
86	rest_api	0059_lineage_unique_lineage_parent_null	2024-09-12 09:01:19.365841+00
87	rest_api	0060_alter_importlog_type	2024-09-12 09:01:19.373976+00
88	rest_api	0061_auto_20241031_1135	2025-01-03 06:43:42.025957+00
89	rest_api	0062_sample_sample_name_be7a19_idx_and_more	2025-01-03 06:43:42.189756+00
\.


--
-- TOC entry 3768 (class 0 OID 16457)
-- Dependencies: 244
-- Data for Name: django_session; Type: TABLE DATA; Schema: public; Owner: postgres
--

COPY public.django_session (session_key, session_data, expire_date) FROM stdin;
w0mlzjgldd4iq51bu0smhpp2y6n0bulj	.eJxVjMsOwiAQRf-FtSEdKIVx6d5vIDM8pGogKe3K-O_apAvd3nPOfQlP21r81tPi5yjOAsTpd2MKj1R3EO9Ub02GVtdlZrkr8qBdXltMz8vh_h0U6uVbu4nMkF3WiOxUGAFsSgxZW9A8BBszISvlRssqqMkgOjTsGJgQQVnx_gDXtzdY:1rWDBw:VFakGGdjtq8gkjBG_Wd1Z5eTlOvkzgR_R4tAkrrKMzI	2024-02-17 10:24:08.637188+00
xty1llns6l01iaiqfr1zxgvuop3ai80s	.eJxVjMsOwiAQRf-FtSEdKIVx6d5vIDM8pGogKe3K-O_apAvd3nPOfQlP21r81tPi5yjOAsTpd2MKj1R3EO9Ub02GVtdlZrkr8qBdXltMz8vh_h0U6uVbu4nMkF3WiOxUGAFsSgxZW9A8BBszISvlRssqqMkgOjTsGJgQQVnx_gDXtzdY:1s3z55:kED6I5KD9PsKzhfdVG4e0VvznX7CDX6DWQKhGAoeS1I	2024-05-20 14:12:39.862065+00
ck9e7jhhcdq2oetp3okvt2azf19mb63z	.eJxVjMsOwiAQRf-FtSEdKIVx6d5vIDM8pGogKe3K-O_apAvd3nPOfQlP21r81tPi5yjOAsTpd2MKj1R3EO9Ub02GVtdlZrkr8qBdXltMz8vh_h0U6uVbu4nMkF3WiOxUGAFsSgxZW9A8BBszISvlRssqqMkgOjTsGJgQQVnx_gDXtzdY:1sSFgU:Fng8Pk7lc9ntQP2j9g8L2YSdIi4gX_j4-J2R72rIp9g	2024-07-26 12:47:34.200128+00
\.


--
-- TOC entry 3769 (class 0 OID 16462)
-- Dependencies: 245
-- Data for Name: file_processing; Type: TABLE DATA; Schema: public; Owner: postgres
--

COPY public.file_processing (id, file_name, processing_job_id) FROM stdin;
1	2025-01-03_07-42-20.292.d7f68d.zip	1
2	2025-01-03_07-42-33.326.49fcc6.zip	1
7	2025-01-03_08-45-03.729.b2cd4b.zip	11
8	2025-01-03_08-51-35.975.cli_prop_0ad78f38-f2fc-4c75-ac41-9f0ff116fbae.zip	12
9	2025-01-03_08-54-01.116.cli_prop_3516eb0b-6f03-4fe7-b20c-6420d0aecdb6.zip	13
10	2025-01-03_08-54-06.165.cli_prop_7a1e6e65-10e7-4147-a739-9c0c4d04a460.zip	14
11	2025-01-03_08-54-07.538.cli_prop_c504d93f-cd1e-44fe-a8d4-ff5910c6183f.zip	15
12	2025-01-03_08-57-05.327.cli_prop_1676e1b6-fbc8-4618-b433-7497b034654a.zip	16
13	2025-01-03_08-57-12.037.cli_prop_5bf34497-1240-4304-9bde-ba805098b1f2.zip	17
14	2025-01-03_08-57-13.233.cli_prop_2823ba59-9daa-4e11-a5fa-643a6a000c08.zip	18
15	2025-01-03_08-57-36.231.cli_prop_b3967fcb-af40-49e2-b09f-b422368bd8f5.zip	19
16	2025-01-03_08-57-42.470.cli_prop_7a8e0631-ec8b-43a1-856f-fb6996c6af80.zip	20
17	2025-01-03_08-57-43.882.cli_prop_c5c7a21c-d266-4f8f-8c6f-d7c591f25199.zip	21
18	2025-01-03_08-58-49.566.cli_prop_a0611903-e61b-4945-836b-731fc740606a.zip	22
35	2025-01-03_18-39-28.647.cli_prop_a0c97196-f397-4f5b-a9ef-9edc1805a4d5.zip	39
36	2025-01-03_18-39-34.104.cli_prop_488de7d6-06a5-4abb-bafa-a09eb9d59920.zip	40
37	2025-01-03_18-39-35.583.cli_prop_adda5947-290e-4fe6-b1c5-b135b42021b8.zip	41
38	2025-01-03_18-44-27.370.cli_prop_70baa572-13e6-44bc-aa4a-1577ff7009fb.zip	42
39	2025-01-03_18-44-33.247.cli_prop_9d4cec74-c924-49fd-9bdc-48ae32176d8f.zip	43
40	2025-01-03_18-44-34.399.cli_prop_26e58223-7b34-4df9-bdc2-5ec1cf1ce7db.zip	44
41	2025-01-03_18-47-09.785.cli_prop_41764f6b-7292-469a-919b-eb1629fbfbfc.zip	45
42	2025-01-03_18-47-15.194.cli_prop_499605c5-02f2-49de-8925-94325aec552c.zip	46
43	2025-01-03_18-47-16.515.cli_prop_6d42ea19-50f3-4d61-91be-87c24470b03f.zip	47
44	2025-01-03_18-49-32.143.cli_prop_bc6a1891-ebc4-4fa0-ae35-0d37ee43f610.zip	48
45	2025-01-03_18-49-38.477.cli_prop_7865d3ee-5f4b-4933-83e1-96d715e4d1bf.zip	49
46	2025-01-03_18-49-39.771.cli_prop_134bd179-293d-4065-9113-c2cc5cb26975.zip	50
\.


--
-- TOC entry 3757 (class 0 OID 16423)
-- Dependencies: 233
-- Data for Name: gene; Type: TABLE DATA; Schema: public; Owner: postgres
--

COPY public.gene (id, description, start, "end", strand, gene_symbol, gene_accession, gene_sequence, cds_sequence, replicon_id, cds_accession, cds_symbol) FROM stdin;
1	envelope protein	26244	26472	1	E	E	ATGTACTCATTCGTTTCGGAAGAGACAGGTACGTTAATAGTTAATAGCGTACTTCTTTTTCTTGCTTTCGTGGTATTCTTGCTAGTTACACTAGCCATCCTTACTGCGCTTCGATTGTGTGCGTACTGCTGCAATATTGTTAACGTGAGTCTTGTAAAACCTTCTTTTTACGTTTACTCTCGTGTTAAAAATCTGAATTCTTCTAGAGTTCCTGATCTTCTGGTCTAA	MYSFVSEETGTLIVNSVLLFLAFVVFLLVTLAILTALRLCAYCCNIVNVSLVKPSFYVYSRVKNLNSSRVPDLLV	1	QHD43418.1	E
2	membrane glycoprotein	26522	27191	1	M	M	ATGGCAGATTCCAACGGTACTATTACCGTTGAAGAGCTTAAAAAGCTCCTTGAACAATGGAACCTAGTAATAGGTTTCCTATTCCTTACATGGATTTGTCTTCTACAATTTGCCTATGCCAACAGGAATAGGTTTTTGTATATAATTAAGTTAATTTTCCTCTGGCTGTTATGGCCAGTAACTTTAGCTTGTTTTGTGCTTGCTGCTGTTTACAGAATAAATTGGATCACCGGTGGAATTGCTATCGCAATGGCTTGTCTTGTAGGCTTGATGTGGCTCAGCTACTTCATTGCTTCTTTCAGACTGTTTGCGCGTACGCGTTCCATGTGGTCATTCAATCCAGAAACTAACATTCTTCTCAACGTGCCACTCCATGGCACTATTCTGACCAGACCGCTTCTAGAAAGTGAACTCGTAATCGGAGCTGTGATCCTTCGTGGACATCTTCGTATTGCTGGACACCATCTAGGACGCTGTGACATCAAGGACCTGCCTAAAGAAATCACTGTTGCTACATCACGAACGCTTTCTTATTACAAATTGGGAGCTTCGCAGCGTGTAGCAGGTGACTCAGGTTTTGCTGCATACAGTCGCTACAGGATTGGCAACTATAAATTAAACACAGACCATTCCAGTAGCAGTGACAATATTGCTTTGCTTGTACAGTAA	MADSNGTITVEELKKLLEQWNLVIGFLFLTWICLLQFAYANRNRFLYIIKLIFLWLLWPVTLACFVLAAVYRINWITGGIAIAMACLVGLMWLSYFIASFRLFARTRSMWSFNPETNILLNVPLHGTILTRPLLESELVIGAVILRGHLRIAGHHLGRCDIKDLPKEITVATSRTLSYYKLGASQRVAGDSGFAAYSRYRIGNYKLNTDHSSSSDNIALLVQ	1	QHD43419.1	M
4		265	13468	1	ORF1a	ORF1a	ATGGAGAGCCTTGTCCCTGGTTTCAACGAGAAAACACACGTCCAACTCAGTTTGCCTGTTTTACAGGTTCGCGACGTGCTCGTACGTGGCTTTGGAGACTCCGTGGAGGAGGTCTTATCAGAGGCACGTCAACATCTTAAAGATGGCACTTGTGGCTTAGTAGAAGTTGAAAAAGGCGTTTTGCCTCAACTTGAACAGCCCTATGTGTTCATCAAACGTTCGGATGCTCGAACTGCACCTCATGGTCATGTTATGGTTGAGCTGGTAGCAGAACTCGAAGGCATTCAGTACGGTCGTAGTGGTGAGACACTTGGTGTCCTTGTCCCTCATGTGGGCGAAATACCAGTGGCTTACCGCAAGGTTCTTCTTCGTAAGAACGGTAATAAAGGAGCTGGTGGCCATAGTTACGGCGCCGATCTAAAGTCATTTGACTTAGGCGACGAGCTTGGCACTGATCCTTATGAAGATTTTCAAGAAAACTGGAACACTAAACATAGCAGTGGTGTTACCCGTGAACTCATGCGTGAGCTTAACGGAGGGGCATACACTCGCTATGTCGATAACAACTTCTGTGGCCCTGATGGCTACCCTCTTGAGTGCATTAAAGACCTTCTAGCACGTGCTGGTAAAGCTTCATGCACTTTGTCCGAACAACTGGACTTTATTGACACTAAGAGGGGTGTATACTGCTGCCGTGAACATGAGCATGAAATTGCTTGGTACACGGAACGTTCTGAAAAGAGCTATGAATTGCAGACACCTTTTGAAATTAAATTGGCAAAGAAATTTGACACCTTCAATGGGGAATGTCCAAATTTTGTATTTCCCTTAAATTCCATAATCAAGACTATTCAACCAAGGGTTGAAAAGAAAAAGCTTGATGGCTTTATGGGTAGAATTCGATCTGTCTATCCAGTTGCGTCACCAAATGAATGCAACCAAATGTGCCTTTCAACTCTCATGAAGTGTGATCATTGTGGTGAAACTTCATGGCAGACGGGCGATTTTGTTAAAGCCACTTGCGAATTTTGTGGCACTGAGAATTTGACTAAAGAAGGTGCCACTACTTGTGGTTACTTACCCCAAAATGCTGTTGTTAAAATTTATTGTCCAGCATGTCACAATTCAGAAGTAGGACCTGAGCATAGTCTTGCCGAATACCATAATGAATCTGGCTTGAAAACCATTCTTCGTAAGGGTGGTCGCACTATTGCCTTTGGAGGCTGTGTGTTCTCTTATGTTGGTTGCCATAACAAGTGTGCCTATTGGGTTCCACGTGCTAGCGCTAACATAGGTTGTAACCATACAGGTGTTGTTGGAGAAGGTTCCGAAGGTCTTAATGACAACCTTCTTGAAATACTCCAAAAAGAGAAAGTCAACATCAATATTGTTGGTGACTTTAAACTTAATGAAGAGATCGCCATTATTTTGGCATCTTTTTCTGCTTCCACAAGTGCTTTTGTGGAAACTGTGAAAGGTTTGGATTATAAAGCATTCAAACAAATTGTTGAATCCTGTGGTAATTTTAAAGTTACAAAAGGAAAAGCTAAAAAAGGTGCCTGGAATATTGGTGAACAGAAATCAATACTGAGTCCTCTTTATGCATTTGCATCAGAGGCTGCTCGTGTTGTACGATCAATTTTCTCCCGCACTCTTGAAACTGCTCAAAATTCTGTGCGTGTTTTACAGAAGGCCGCTATAACAATACTAGATGGAATTTCACAGTATTCACTGAGACTCATTGATGCTATGATGTTCACATCTGATTTGGCTACTAACAATCTAGTTGTAATGGCCTACATTACAGGTGGTGTTGTTCAGTTGACTTCGCAGTGGCTAACTAACATCTTTGGCACTGTTTATGAAAAACTCAAACCCGTCCTTGATTGGCTTGAAGAGAAGTTTAAGGAAGGTGTAGAGTTTCTTAGAGACGGTTGGGAAATTGTTAAATTTATCTCAACCTGTGCTTGTGAAATTGTCGGTGGACAAATTGTCACCTGTGCAAAGGAAATTAAGGAGAGTGTTCAGACATTCTTTAAGCTTGTAAATAAATTTTTGGCTTTGTGTGCTGACTCTATCATTATTGGTGGAGCTAAACTTAAAGCCTTGAATTTAGGTGAAACATTTGTCACGCACTCAAAGGGATTGTACAGAAAGTGTGTTAAATCCAGAGAAGAAACTGGCCTACTCATGCCTCTAAAAGCCCCAAAAGAAATTATCTTCTTAGAGGGAGAAACACTTCCCACAGAAGTGTTAACAGAGGAAGTTGTCTTGAAAACTGGTGATTTACAACCATTAGAACAACCTACTAGTGAAGCTGTTGAAGCTCCATTGGTTGGTACACCAGTTTGTATTAACGGGCTTATGTTGCTCGAAATCAAAGACACAGAAAAGTACTGTGCCCTTGCACCTAATATGATGGTAACAAACAATACCTTCACACTCAAAGGCGGTGCACCAACAAAGGTTACTTTTGGTGATGACACTGTGATAGAAGTGCAAGGTTACAAGAGTGTGAATATCACTTTTGAACTTGATGAAAGGATTGATAAAGTACTTAATGAGAAGTGCTCTGCCTATACAGTTGAACTCGGTACAGAAGTAAATGAGTTCGCCTGTGTTGTGGCAGATGCTGTCATAAAAACTTTGCAACCAGTATCTGAATTACTTACACCACTGGGCATTGATTTAGATGAGTGGAGTATGGCTACATACTACTTATTTGATGAGTCTGGTGAGTTTAAATTGGCTTCACATATGTATTGTTCTTTCTACCCTCCAGATGAGGATGAAGAAGAAGGTGATTGTGAAGAAGAAGAGTTTGAGCCATCAACTCAATATGAGTATGGTACTGAAGATGATTACCAAGGTAAACCTTTGGAATTTGGTGCCACTTCTGCTGCTCTTCAACCTGAAGAAGAGCAAGAAGAAGATTGGTTAGATGATGATAGTCAACAAACTGTTGGTCAACAAGACGGCAGTGAGGACAATCAGACAACTACTATTCAAACAATTGTTGAGGTTCAACCTCAATTAGAGATGGAACTTACACCAGTTGTTCAGACTATTGAAGTGAATAGTTTTAGTGGTTATTTAAAACTTACTGACAATGTATACATTAAAAATGCAGACATTGTGGAAGAAGCTAAAAAGGTAAAACCAACAGTGGTTGTTAATGCAGCCAATGTTTACCTTAAACATGGAGGAGGTGTTGCAGGAGCCTTAAATAAGGCTACTAACAATGCCATGCAAGTTGAATCTGATGATTACATAGCTACTAATGGACCACTTAAAGTGGGTGGTAGTTGTGTTTTAAGCGGACACAATCTTGCTAAACACTGTCTTCATGTTGTCGGCCCAAATGTTAACAAAGGTGAAGACATTCAACTTCTTAAGAGTGCTTATGAAAATTTTAATCAGCACGAAGTTCTACTTGCACCATTATTATCAGCTGGTATTTTTGGTGCTGACCCTATACATTCTTTAAGAGTTTGTGTAGATACTGTTCGCACAAATGTCTACTTAGCTGTCTTTGATAAAAATCTCTATGACAAACTTGTTTCAAGCTTTTTGGAAATGAAGAGTGAAAAGCAAGTTGAACAAAAGATCGCTGAGATTCCTAAAGAGGAAGTTAAGCCATTTATAACTGAAAGTAAACCTTCAGTTGAACAGAGAAAACAAGATGATAAGAAAATCAAAGCTTGTGTTGAAGAAGTTACAACAACTCTGGAAGAAACTAAGTTCCTCACAGAAAACTTGTTACTTTATATTGACATTAATGGCAATCTTCATCCAGATTCTGCCACTCTTGTTAGTGACATTGACATCACTTTCTTAAAGAAAGATGCTCCATATATAGTGGGTGATGTTGTTCAAGAGGGTGTTTTAACTGCTGTGGTTATACCTACTAAAAAGGCTGGTGGCACTACTGAAATGCTAGCGAAAGCTTTGAGAAAAGTGCCAACAGACAATTATATAACCACTTACCCGGGTCAGGGTTTAAATGGTTACACTGTAGAGGAGGCAAAGACAGTGCTTAAAAAGTGTAAAAGTGCCTTTTACATTCTACCATCTATTATCTCTAATGAGAAGCAAGAAATTCTTGGAACTGTTTCTTGGAATTTGCGAGAAATGCTTGCACATGCAGAAGAAACACGCAAATTAATGCCTGTCTGTGTGGAAACTAAAGCCATAGTTTCAACTATACAGCGTAAATATAAGGGTATTAAAATACAAGAGGGTGTGGTTGATTATGGTGCTAGATTTTACTTTTACACCAGTAAAACAACTGTAGCGTCACTTATCAACACACTTAACGATCTAAATGAAACTCTTGTTACAATGCCACTTGGCTATGTAACACATGGCTTAAATTTGGAAGAAGCTGCTCGGTATATGAGATCTCTCAAAGTGCCAGCTACAGTTTCTGTTTCTTCACCTGATGCTGTTACAGCGTATAATGGTTATCTTACTTCTTCTTCTAAAACACCTGAAGAACATTTTATTGAAACCATCTCACTTGCTGGTTCCTATAAAGATTGGTCCTATTCTGGACAATCTACACAACTAGGTATAGAATTTCTTAAGAGAGGTGATAAAAGTGTATATTACACTAGTAATCCTACCACATTCCACCTAGATGGTGAAGTTATCACCTTTGACAATCTTAAGACACTTCTTTCTTTGAGAGAAGTGAGGACTATTAAGGTGTTTACAACAGTAGACAACATTAACCTCCACACGCAAGTTGTGGACATGTCAATGACATATGGACAACAGTTTGGTCCAACTTATTTGGATGGAGCTGATGTTACTAAAATAAAACCTCATAATTCACATGAAGGTAAAACATTTTATGTTTTACCTAATGATGACACTCTACGTGTTGAGGCTTTTGAGTACTACCACACAACTGATCCTAGTTTTCTGGGTAGGTACATGTCAGCATTAAATCACACTAAAAAGTGGAAATACCCACAAGTTAATGGTTTAACTTCTATTAAATGGGCAGATAACAACTGTTATCTTGCCACTGCATTGTTAACACTCCAACAAATAGAGTTGAAGTTTAATCCACCTGCTCTACAAGATGCTTATTACAGAGCAAGGGCTGGTGAAGCTGCTAACTTTTGTGCACTTATCTTAGCCTACTGTAATAAGACAGTAGGTGAGTTAGGTGATGTTAGAGAAACAATGAGTTACTTGTTTCAACATGCCAATTTAGATTCTTGCAAAAGAGTCTTGAACGTGGTGTGTAAAACTTGTGGACAACAGCAGACAACCCTTAAGGGTGTAGAAGCTGTTATGTACATGGGCACACTTTCTTATGAACAATTTAAGAAAGGTGTTCAGATACCTTGTACGTGTGGTAAACAAGCTACAAAATATCTAGTACAACAGGAGTCACCTTTTGTTATGATGTCAGCACCACCTGCTCAGTATGAACTTAAGCATGGTACATTTACTTGTGCTAGTGAGTACACTGGTAATTACCAGTGTGGTCACTATAAACATATAACTTCTAAAGAAACTTTGTATTGCATAGACGGTGCTTTACTTACAAAGTCCTCAGAATACAAAGGTCCTATTACGGATGTTTTCTACAAAGAAAACAGTTACACAACAACCATAAAACCAGTTACTTATAAATTGGATGGTGTTGTTTGTACAGAAATTGACCCTAAGTTGGACAATTATTATAAGAAAGACAATTCTTATTTCACAGAGCAACCAATTGATCTTGTACCAAACCAACCATATCCAAACGCAAGCTTCGATAATTTTAAGTTTGTATGTGATAATATCAAATTTGCTGATGATTTAAACCAGTTAACTGGTTATAAGAAACCTGCTTCAAGAGAGCTTAAAGTTACATTTTTCCCTGACTTAAATGGTGATGTGGTGGCTATTGATTATAAACACTACACACCCTCTTTTAAGAAAGGAGCTAAATTGTTACATAAACCTATTGTTTGGCATGTTAACAATGCAACTAATAAAGCCACGTATAAACCAAATACCTGGTGTATACGTTGTCTTTGGAGCACAAAACCAGTTGAAACATCAAATTCGTTTGATGTACTGAAGTCAGAGGACGCGCAGGGAATGGATAATCTTGCCTGCGAAGATCTAAAACCAGTCTCTGAAGAAGTAGTGGAAAATCCTACCATACAGAAAGACGTTCTTGAGTGTAATGTGAAAACTACCGAAGTTGTAGGAGACATTATACTTAAACCAGCAAATAATAGTTTAAAAATTACAGAAGAGGTTGGCCACACAGATCTAATGGCTGCTTATGTAGACAATTCTAGTCTTACTATTAAGAAACCTAATGAATTATCTAGAGTATTAGGTTTGAAAACCCTTGCTACTCATGGTTTAGCTGCTGTTAATAGTGTCCCTTGGGATACTATAGCTAATTATGCTAAGCCTTTTCTTAACAAAGTTGTTAGTACAACTACTAACATAGTTACACGGTGTTTAAACCGTGTTTGTACTAATTATATGCCTTATTTCTTTACTTTATTGCTACAATTGTGTACTTTTACTAGAAGTACAAATTCTAGAATTAAAGCATCTATGCCGACTACTATAGCAAAGAATACTGTTAAGAGTGTCGGTAAATTTTGTCTAGAGGCTTCATTTAATTATTTGAAGTCACCTAATTTTTCTAAACTGATAAATATTATAATTTGGTTTTTACTATTAAGTGTTTGCCTAGGTTCTTTAATCTACTCAACCGCTGCTTTAGGTGTTTTAATGTCTAATTTAGGCATGCCTTCTTACTGTACTGGTTACAGAGAAGGCTATTTGAACTCTACTAATGTCACTATTGCAACCTACTGTACTGGTTCTATACCTTGTAGTGTTTGTCTTAGTGGTTTAGATTCTTTAGACACCTATCCTTCTTTAGAAACTATACAAATTACCATTTCATCTTTTAAATGGGATTTAACTGCTTTTGGCTTAGTTGCAGAGTGGTTTTTGGCATATATTCTTTTCACTAGGTTTTTCTATGTACTTGGATTGGCTGCAATCATGCAATTGTTTTTCAGCTATTTTGCAGTACATTTTATTAGTAATTCTTGGCTTATGTGGTTAATAATTAATCTTGTACAAATGGCCCCGATTTCAGCTATGGTTAGAATGTACATCTTCTTTGCATCATTTTATTATGTATGGAAAAGTTATGTGCATGTTGTAGACGGTTGTAATTCATCAACTTGTATGATGTGTTACAAACGTAATAGAGCAACAAGAGTCGAATGTACAACTATTGTTAATGGTGTTAGAAGGTCCTTTTATGTCTATGCTAATGGAGGTAAAGGCTTTTGCAAACTACACAATTGGAATTGTGTTAATTGTGATACATTCTGTGCTGGTAGTACATTTATTAGTGATGAAGTTGCGAGAGACTTGTCACTACAGTTTAAAAGACCAATAAATCCTACTGACCAGTCTTCTTACATCGTTGATAGTGTTACAGTGAAGAATGGTTCCATCCATCTTTACTTTGATAAAGCTGGTCAAAAGACTTATGAAAGACATTCTCTCTCTCATTTTGTTAACTTAGACAACCTGAGAGCTAATAACACTAAAGGTTCATTGCCTATTAATGTTATAGTTTTTGATGGTAAATCAAAATGTGAAGAATCATCTGCAAAATCAGCGTCTGTTTACTACAGTCAGCTTATGTGTCAACCTATACTGTTACTAGATCAGGCATTAGTGTCTGATGTTGGTGATAGTGCGGAAGTTGCAGTTAAAATGTTTGATGCTTACGTTAATACGTTTTCATCAACTTTTAACGTACCAATGGAAAAACTCAAAACACTAGTTGCAACTGCAGAAGCTGAACTTGCAAAGAATGTGTCCTTAGACAATGTCTTATCTACTTTTATTTCAGCAGCTCGGCAAGGGTTTGTTGATTCAGATGTAGAAACTAAAGATGTTGTTGAATGTCTTAAATTGTCACATCAATCTGACATAGAAGTTACTGGCGATAGTTGTAATAACTATATGCTCACCTATAACAAAGTTGAAAACATGACACCCCGTGACCTTGGTGCTTGTATTGACTGTAGTGCGCGTCATATTAATGCGCAGGTAGCAAAAAGTCACAACATTGCTTTGATATGGAACGTTAAAGATTTCATGTCATTGTCTGAACAACTACGAAAACAAATACGTAGTGCTGCTAAAAAGAATAACTTACCTTTTAAGTTGACATGTGCAACTACTAGACAAGTTGTTAATGTTGTAACAACAAAGATAGCACTTAAGGGTGGTAAAATTGTTAATAATTGGTTGAAGCAGTTAATTAAAGTTACACTTGTGTTCCTTTTTGTTGCTGCTATTTTCTATTTAATAACACCTGTTCATGTCATGTCTAAACATACTGACTTTTCAAGTGAAATCATAGGATACAAGGCTATTGATGGTGGTGTCACTCGTGACATAGCATCTACAGATACTTGTTTTGCTAACAAACATGCTGATTTTGACACATGGTTTAGCCAGCGTGGTGGTAGTTATACTAATGACAAAGCTTGCCCATTGATTGCTGCAGTCATAACAAGAGAAGTGGGTTTTGTCGTGCCTGGTTTGCCTGGCACGATATTACGCACAACTAATGGTGACTTTTTGCATTTCTTACCTAGAGTTTTTAGTGCAGTTGGTAACATCTGTTACACACCATCAAAACTTATAGAGTACACTGACTTTGCAACATCAGCTTGTGTTTTGGCTGCTGAATGTACAATTTTTAAAGATGCTTCTGGTAAGCCAGTACCATATTGTTATGATACCAATGTACTAGAAGGTTCTGTTGCTTATGAAAGTTTACGCCCTGACACACGTTATGTGCTCATGGATGGCTCTATTATTCAATTTCCTAACACCTACCTTGAAGGTTCTGTTAGAGTGGTAACAACTTTTGATTCTGAGTACTGTAGGCACGGCACTTGTGAAAGATCAGAAGCTGGTGTTTGTGTATCTACTAGTGGTAGATGGGTACTTAACAATGATTATTACAGATCTTTACCAGGAGTTTTCTGTGGTGTAGATGCTGTAAATTTACTTACTAATATGTTTACACCACTAATTCAACCTATTGGTGCTTTGGACATATCAGCATCTATAGTAGCTGGTGGTATTGTAGCTATCGTAGTAACATGCCTTGCCTACTATTTTATGAGGTTTAGAAGAGCTTTTGGTGAATACAGTCATGTAGTTGCCTTTAATACTTTACTATTCCTTATGTCATTCACTGTACTCTGTTTAACACCAGTTTACTCATTCTTACCTGGTGTTTATTCTGTTATTTACTTGTACTTGACATTTTATCTTACTAATGATGTTTCTTTTTTAGCACATATTCAGTGGATGGTTATGTTCACACCTTTAGTACCTTTCTGGATAACAATTGCTTATATCATTTGTATTTCCACAAAGCATTTCTATTGGTTCTTTAGTAATTACCTAAAGAGACGTGTAGTCTTTAATGGTGTTTCCTTTAGTACTTTTGAAGAAGCTGCGCTGTGCACCTTTTTGTTAAATAAAGAAATGTATCTAAAGTTGCGTAGTGATGTGCTATTACCTCTTACGCAATATAATAGATACTTAGCTCTTTATAATAAGTACAAGTATTTTAGTGGAGCAATGGATACAACTAGCTACAGAGAAGCTGCTTGTTGTCATCTCGCAAAGGCTCTCAATGACTTCAGTAACTCAGGTTCTGATGTTCTTTACCAACCACCACAAACCTCTATCACCTCAGCTGTTTTGCAGAGTGGTTTTAGAAAAATGGCATTCCCATCTGGTAAAGTTGAGGGTTGTATGGTACAAGTAACTTGTGGTACAACTACACTTAACGGTCTTTGGCTTGATGACGTAGTTTACTGTCCAAGACATGTGATCTGCACCTCTGAAGACATGCTTAACCCTAATTATGAAGATTTACTCATTCGTAAGTCTAATCATAATTTCTTGGTACAGGCTGGTAATGTTCAACTCAGGGTTATTGGACATTCTATGCAAAATTGTGTACTTAAGCTTAAGGTTGATACAGCCAATCCTAAGACACCTAAGTATAAGTTTGTTCGCATTCAACCAGGACAGACTTTTTCAGTGTTAGCTTGTTACAATGGTTCACCATCTGGTGTTTACCAATGTGCTATGAGGCCCAATTTCACTATTAAGGGTTCATTCCTTAATGGTTCATGTGGTAGTGTTGGTTTTAACATAGATTATGACTGTGTCTCTTTTTGTTACATGCACCATATGGAATTACCAACTGGAGTTCATGCTGGCACAGACTTAGAAGGTAACTTTTATGGACCTTTTGTTGACAGGCAAACAGCACAAGCAGCTGGTACGGACACAACTATTACAGTTAATGTTTTAGCTTGGTTGTACGCTGCTGTTATAAATGGAGACAGGTGGTTTCTCAATCGATTTACCACAACTCTTAATGACTTTAACCTTGTGGCTATGAAGTACAATTATGAACCTCTAACACAAGACCATGTTGACATACTAGGACCTCTTTCTGCTCAAACTGGAATTGCCGTTTTAGATATGTGTGCTTCATTAAAAGAATTACTGCAAAATGGTATGAATGGACGTACCATATTGGGTAGTGCTTTATTAGAAGATGAATTTACACCTTTTGATGTTGTTAGACAATGCTCAGGTGTTACTTTCCAAAGTGCAGTGAAAAGAACAATCAAGGGTACACACCACTGGTTGTTACTCACAATTTTGACTTCACTTTTAGTTTTAGTCCAGAGTACTCAATGGTCTTTGTTCTTTTTTTTGTATGAAAATGCCTTTTTACCTTTTGCTATGGGTATTATTGCTATGTCTGCTTTTGCAATGATGTTTGTCAAACATAAGCATGCATTTCTCTGTTTGTTTTTGTTACCTTCTCTTGCCACTGTAGCTTATTTTAATATGGTCTATATGCCTGCTAGTTGGGTGATGCGTATTATGACATGGTTGGATATGGTTGATACTAGTTTGTCTGGTTTTAAGCTAAAAGACTGTGTTATGTATGCATCAGCTGTAGTGTTACTAATCCTTATGACAGCAAGAACTGTGTATGATGATGGTGCTAGGAGAGTGTGGACACTTATGAATGTCTTGACACTCGTTTATAAAGTTTATTATGGTAATGCTTTAGATCAAGCCATTTCCATGTGGGCTCTTATAATCTCTGTTACTTCTAACTACTCAGGTGTAGTTACAACTGTCATGTTTTTGGCCAGAGGTATTGTTTTTATGTGTGTTGAGTATTGCCCTATTTTCTTCATAACTGGTAATACACTTCAGTGTATAATGCTAGTTTATTGTTTCTTAGGCTATTTTTGTACTTGTTACTTTGGCCTCTTTTGTTTACTCAACCGCTACTTTAGACTGACTCTTGGTGTTTATGATTACTTAGTTTCTACACAGGAGTTTAGATATATGAATTCACAGGGACTACTCCCACCCAAGAATAGCATAGATGCCTTCAAACTCAACATTAAATTGTTGGGTGTTGGTGGCAAACCTTGTATCAAAGTAGCCACTGTACAGTCTAAAATGTCAGATGTAAAGTGCACATCAGTAGTCTTACTCTCAGTTTTGCAACAACTCAGAGTAGAATCATCATCTAAATTGTGGGCTCAATGTGTCCAGTTACACAATGACATTCTCTTAGCTAAAGATACTACTGAAGCCTTTGAAAAAATGGTTTCACTACTTTCTGTTTTGCTTTCCATGCAGGGTGCTGTAGACATAAACAAGCTTTGTGAAGAAATGCTGGACAACAGGGCAACCTTACAAGCTATAGCCTCAGAGTTTAGTTCCCTTCCATCATATGCAGCTTTTGCTACTGCTCAAGAAGCTTATGAGCAGGCTGTTGCTAATGGTGATTCTGAAGTTGTTCTTAAAAAGTTGAAGAAGTCTTTGAATGTGGCTAAATCTGAATTTGACCGTGATGCAGCCATGCAACGTAAGTTGGAAAAGATGGCTGATCAAGCTATGACCCAAATGTATAAACAGGCTAGATCTGAGGACAAGAGGGCAAAAGTTACTAGTGCTATGCAGACAATGCTTTTCACTATGCTTAGAAAGTTGGATAATGATGCACTCAACAACATTATCAACAATGCAAGAGATGGTTGTGTTCCCTTGAACATAATACCTCTTACAACAGCAGCCAAACTAATGGTTGTCATACCAGACTATAACACATATAAAAATACGTGTGATGGTACAACATTTACTTATGCATCAGCATTGTGGGAAATCCAACAGGTTGTAGATGCAGATAGTAAAATTGTTCAACTTAGTGAAATTAGTATGGACAATTCACCTAATTTAGCATGGCCTCTTATTGTAACAGCTTTAAGGGCCAATTCTGCTGTCAAATTACAGAATAATGAGCTTAGTCCTGTTGCACTACGACAGATGTCTTGTGCTGCCGGTACTACACAAACTGCTTGCACTGATGACAATGCGTTAGCTTACTACAACACAACAAAGGGAGGTAGGTTTGTACTTGCACTGTTATCCGATTTACAGGATTTGAAATGGGCTAGATTCCCTAAGAGTGATGGAACTGGTACTATCTATACAGAACTGGAACCACCTTGTAGGTTTGTTACAGACACACCTAAAGGTCCTAAAGTGAAGTATTTATACTTTATTAAAGGATTAAACAACCTAAATAGAGGTATGGTACTTGGTAGTTTAGCTGCCACAGTACGTCTACAAGCTGGTAATGCAACAGAAGTGCCTGCCAATTCAACTGTATTATCTTTCTGTGCTTTTGCTGTAGATGCTGCTAAAGCTTACAAAGATTATCTAGCTAGTGGGGGACAACCAATCACTAATTGTGTTAAGATGTTGTGTACACACACTGGTACTGGTCAGGCAATAACAGTTACACCGGAAGCCAATATGGATCAAGAATCCTTTGGTGGTGCATCGTGTTGTCTGTACTGCCGTTGCCACATAGATCATCCAAATCCTAAAGGATTTTGTGACTTAAAAGGTAAGTATGTACAAATACCTACAACTTGTGCTAATGACCCTGTGGGTTTTACACTTAAAAACACAGTCTGTACCGTCTGCGGTATGTGGAAAGGTTATGGCTGTAGTTGTGATCAACTCCGCGAACCCATGCTTCAGTCAGCTGATGCACAATCGTTTTTAAAC	MESLVPGFNEKTHVQLSLPVLQVRDVLVRGFGDSVEEVLSEARQHLKDGTCGLVEVEKGVLPQLEQPYVFIKRSDARTAPHGHVMVELVAELEGIQYGRSGETLGVLVPHVGEIPVAYRKVLLRKNGNKGAGGHSYGADLKSFDLGDELGTDPYEDFQENWNTKHSSGVTRELMRELNGGAYTRYVDNNFCGPDGYPLECIKDLLARAGKASCTLSEQLDFIDTKRGVYCCREHEHEIAWYTERSEKSYELQTPFEIKLAKKFDTFNGECPNFVFPLNSIIKTIQPRVEKKKLDGFMGRIRSVYPVASPNECNQMCLSTLMKCDHCGETSWQTGDFVKATCEFCGTENLTKEGATTCGYLPQNAVVKIYCPACHNSEVGPEHSLAEYHNESGLKTILRKGGRTIAFGGCVFSYVGCHNKCAYWVPRASANIGCNHTGVVGEGSEGLNDNLLEILQKEKVNINIVGDFKLNEEIAIILASFSASTSAFVETVKGLDYKAFKQIVESCGNFKVTKGKAKKGAWNIGEQKSILSPLYAFASEAARVVRSIFSRTLETAQNSVRVLQKAAITILDGISQYSLRLIDAMMFTSDLATNNLVVMAYITGGVVQLTSQWLTNIFGTVYEKLKPVLDWLEEKFKEGVEFLRDGWEIVKFISTCACEIVGGQIVTCAKEIKESVQTFFKLVNKFLALCADSIIIGGAKLKALNLGETFVTHSKGLYRKCVKSREETGLLMPLKAPKEIIFLEGETLPTEVLTEEVVLKTGDLQPLEQPTSEAVEAPLVGTPVCINGLMLLEIKDTEKYCALAPNMMVTNNTFTLKGGAPTKVTFGDDTVIEVQGYKSVNITFELDERIDKVLNEKCSAYTVELGTEVNEFACVVADAVIKTLQPVSELLTPLGIDLDEWSMATYYLFDESGEFKLASHMYCSFYPPDEDEEEGDCEEEEFEPSTQYEYGTEDDYQGKPLEFGATSAALQPEEEQEEDWLDDDSQQTVGQQDGSEDNQTTTIQTIVEVQPQLEMELTPVVQTIEVNSFSGYLKLTDNVYIKNADIVEEAKKVKPTVVVNAANVYLKHGGGVAGALNKATNNAMQVESDDYIATNGPLKVGGSCVLSGHNLAKHCLHVVGPNVNKGEDIQLLKSAYENFNQHEVLLAPLLSAGIFGADPIHSLRVCVDTVRTNVYLAVFDKNLYDKLVSSFLEMKSEKQVEQKIAEIPKEEVKPFITESKPSVEQRKQDDKKIKACVEEVTTTLEETKFLTENLLLYIDINGNLHPDSATLVSDIDITFLKKDAPYIVGDVVQEGVLTAVVIPTKKAGGTTEMLAKALRKVPTDNYITTYPGQGLNGYTVEEAKTVLKKCKSAFYILPSIISNEKQEILGTVSWNLREMLAHAEETRKLMPVCVETKAIVSTIQRKYKGIKIQEGVVDYGARFYFYTSKTTVASLINTLNDLNETLVTMPLGYVTHGLNLEEAARYMRSLKVPATVSVSSPDAVTAYNGYLTSSSKTPEEHFIETISLAGSYKDWSYSGQSTQLGIEFLKRGDKSVYYTSNPTTFHLDGEVITFDNLKTLLSLREVRTIKVFTTVDNINLHTQVVDMSMTYGQQFGPTYLDGADVTKIKPHNSHEGKTFYVLPNDDTLRVEAFEYYHTTDPSFLGRYMSALNHTKKWKYPQVNGLTSIKWADNNCYLATALLTLQQIELKFNPPALQDAYYRARAGEAANFCALILAYCNKTVGELGDVRETMSYLFQHANLDSCKRVLNVVCKTCGQQQTTLKGVEAVMYMGTLSYEQFKKGVQIPCTCGKQATKYLVQQESPFVMMSAPPAQYELKHGTFTCASEYTGNYQCGHYKHITSKETLYCIDGALLTKSSEYKGPITDVFYKENSYTTTIKPVTYKLDGVVCTEIDPKLDNYYKKDNSYFTEQPIDLVPNQPYPNASFDNFKFVCDNIKFADDLNQLTGYKKPASRELKVTFFPDLNGDVVAIDYKHYTPSFKKGAKLLHKPIVWHVNNATNKATYKPNTWCIRCLWSTKPVETSNSFDVLKSEDAQGMDNLACEDLKPVSEEVVENPTIQKDVLECNVKTTEVVGDIILKPANNSLKITEEVGHTDLMAAYVDNSSLTIKKPNELSRVLGLKTLATHGLAAVNSVPWDTIANYAKPFLNKVVSTTTNIVTRCLNRVCTNYMPYFFTLLLQLCTFTRSTNSRIKASMPTTIAKNTVKSVGKFCLEASFNYLKSPNFSKLINIIIWFLLLSVCLGSLIYSTAALGVLMSNLGMPSYCTGYREGYLNSTNVTIATYCTGSIPCSVCLSGLDSLDTYPSLETIQITISSFKWDLTAFGLVAEWFLAYILFTRFFYVLGLAAIMQLFFSYFAVHFISNSWLMWLIINLVQMAPISAMVRMYIFFASFYYVWKSYVHVVDGCNSSTCMMCYKRNRATRVECTTIVNGVRRSFYVYANGGKGFCKLHNWNCVNCDTFCAGSTFISDEVARDLSLQFKRPINPTDQSSYIVDSVTVKNGSIHLYFDKAGQKTYERHSLSHFVNLDNLRANNTKGSLPINVIVFDGKSKCEESSAKSASVYYSQLMCQPILLLDQALVSDVGDSAEVAVKMFDAYVNTFSSTFNVPMEKLKTLVATAEAELAKNVSLDNVLSTFISAARQGFVDSDVETKDVVECLKLSHQSDIEVTGDSCNNYMLTYNKVENMTPRDLGACIDCSARHINAQVAKSHNIALIWNVKDFMSLSEQLRKQIRSAAKKNNLPFKLTCATTRQVVNVVTTKIALKGGKIVNNWLKQLIKVTLVFLFVAAIFYLITPVHVMSKHTDFSSEIIGYKAIDGGVTRDIASTDTCFANKHADFDTWFSQRGGSYTNDKACPLIAAVITREVGFVVPGLPGTILRTTNGDFLHFLPRVFSAVGNICYTPSKLIEYTDFATSACVLAAECTIFKDASGKPVPYCYDTNVLEGSVAYESLRPDTRYVLMDGSIIQFPNTYLEGSVRVVTTFDSEYCRHGTCERSEAGVCVSTSGRWVLNNDYYRSLPGVFCGVDAVNLLTNMFTPLIQPIGALDISASIVAGGIVAIVVTCLAYYFMRFRRAFGEYSHVVAFNTLLFLMSFTVLCLTPVYSFLPGVYSVIYLYLTFYLTNDVSFLAHIQWMVMFTPLVPFWITIAYIICISTKHFYWFFSNYLKRRVVFNGVSFSTFEEAALCTFLLNKEMYLKLRSDVLLPLTQYNRYLALYNKYKYFSGAMDTTSYREAACCHLAKALNDFSNSGSDVLYQPPQTSITSAVLQSGFRKMAFPSGKVEGCMVQVTCGTTTLNGLWLDDVVYCPRHVICTSEDMLNPNYEDLLIRKSNHNFLVQAGNVQLRVIGHSMQNCVLKLKVDTANPKTPKYKFVRIQPGQTFSVLACYNGSPSGVYQCAMRPNFTIKGSFLNGSCGSVGFNIDYDCVSFCYMHHMELPTGVHAGTDLEGNFYGPFVDRQTAQAAGTDTTITVNVLAWLYAAVINGDRWFLNRFTTTLNDFNLVAMKYNYEPLTQDHVDILGPLSAQTGIAVLDMCASLKELLQNGMNGRTILGSALLEDEFTPFDVVRQCSGVTFQSAVKRTIKGTHHWLLLTILTSLLVLVQSTQWSLFFFLYENAFLPFAMGIIAMSAFAMMFVKHKHAFLCLFLLPSLATVAYFNMVYMPASWVMRIMTWLDMVDTSLSGFKLKDCVMYASAVVLLILMTARTVYDDGARRVWTLMNVLTLVYKVYYGNALDQAISMWALIISVTSNYSGVVTTVMFLARGIVFMCVEYCPIFFITGNTLQCIMLVYCFLGYFCTCYFGLFCLLNRYFRLTLGVYDYLVSTQEFRYMNSQGLLPPKNSIDAFKLNIKLLGVGGKPCIKVATVQSKMSDVKCTSVVLLSVLQQLRVESSSKLWAQCVQLHNDILLAKDTTEAFEKMVSLLSVLLSMQGAVDINKLCEEMLDNRATLQAIASEFSSLPSYAAFATAQEAYEQAVANGDSEVVLKKLKKSLNVAKSEFDRDAAMQRKLEKMADQAMTQMYKQARSEDKRAKVTSAMQTMLFTMLRKLDNDALNNIINNARDGCVPLNIIPLTTAAKLMVVIPDYNTYKNTCDGTTFTYASALWEIQQVVDADSKIVQLSEISMDNSPNLAWPLIVTALRANSAVKLQNNELSPVALRQMSCAAGTTQTACTDDNALAYYNTTKGGRFVLALLSDLQDLKWARFPKSDGTGTIYTELEPPCRFVTDTPKGPKVKYLYFIKGLNNLNRGMVLGSLAATVRLQAGNATEVPANSTVLSFCAFAVDAAKAYKDYLASGGQPITNCVKMLCTHTGTGQAITVTPEANMDQESFGGASCCLYCRCHIDHPNPKGFCDLKGKYVQIPTTCANDPVGFTLKNTVCTVCGMWKGYGCSCDQLREPMLQSADAQSFLN	1	ORF1a	ORF1a
5		13467	21555	1	ORF1b	ORF1b	CGGGTTTGCGGTGTAAGTGCAGCCCGTCTTACACCGTGCGGCACAGGCACTAGTACTGATGTCGTATACAGGGCTTTTGACATCTACAATGATAAAGTAGCTGGTTTTGCTAAATTCCTAAAAACTAATTGTTGTCGCTTCCAAGAAAAGGACGAAGATGACAATTTAATTGATTCTTACTTTGTAGTTAAGAGACACACTTTCTCTAACTACCAACATGAAGAAACAATTTATAATTTACTTAAGGATTGTCCAGCTGTTGCTAAACATGACTTCTTTAAGTTTAGAATAGACGGTGACATGGTACCACATATATCACGTCAACGTCTTACTAAATACACAATGGCAGACCTCGTCTATGCTTTAAGGCATTTTGATGAAGGTAATTGTGACACATTAAAAGAAATACTTGTCACATACAATTGTTGTGATGATGATTATTTCAATAAAAAGGACTGGTATGATTTTGTAGAAAACCCAGATATATTACGCGTATACGCCAACTTAGGTGAACGTGTACGCCAAGCTTTGTTAAAAACAGTACAATTCTGTGATGCCATGCGAAATGCTGGTATTGTTGGTGTACTGACATTAGATAATCAAGATCTCAATGGTAACTGGTATGATTTCGGTGATTTCATACAAACCACGCCAGGTAGTGGAGTTCCTGTTGTAGATTCTTATTATTCATTGTTAATGCCTATATTAACCTTGACCAGGGCTTTAACTGCAGAGTCACATGTTGACACTGACTTAACAAAGCCTTACATTAAGTGGGATTTGTTAAAATATGACTTCACGGAAGAGAGGTTAAAACTCTTTGACCGTTATTTTAAATATTGGGATCAGACATACCACCCAAATTGTGTTAACTGTTTGGATGACAGATGCATTCTGCATTGTGCAAACTTTAATGTTTTATTCTCTACAGTGTTCCCACCTACAAGTTTTGGACCACTAGTGAGAAAAATATTTGTTGATGGTGTTCCATTTGTAGTTTCAACTGGATACCACTTCAGAGAGCTAGGTGTTGTACATAATCAGGATGTAAACTTACATAGCTCTAGACTTAGTTTTAAGGAATTACTTGTGTATGCTGCTGACCCTGCTATGCACGCTGCTTCTGGTAATCTATTACTAGATAAACGCACTACGTGCTTTTCAGTAGCTGCACTTACTAACAATGTTGCTTTTCAAACTGTCAAACCCGGTAATTTTAACAAAGACTTCTATGACTTTGCTGTGTCTAAGGGTTTCTTTAAGGAAGGAAGTTCTGTTGAATTAAAACACTTCTTCTTTGCTCAGGATGGTAATGCTGCTATCAGCGATTATGACTACTATCGTTATAATCTACCAACAATGTGTGATATCAGACAACTACTATTTGTAGTTGAAGTTGTTGATAAGTACTTTGATTGTTACGATGGTGGCTGTATTAATGCTAACCAAGTCATCGTCAACAACCTAGACAAATCAGCTGGTTTTCCATTTAATAAATGGGGTAAGGCTAGACTTTATTATGATTCAATGAGTTATGAGGATCAAGATGCACTTTTCGCATATACAAAACGTAATGTCATCCCTACTATAACTCAAATGAATCTTAAGTATGCCATTAGTGCAAAGAATAGAGCTCGCACCGTAGCTGGTGTCTCTATCTGTAGTACTATGACCAATAGACAGTTTCATCAAAAATTATTGAAATCAATAGCCGCCACTAGAGGAGCTACTGTAGTAATTGGAACAAGCAAATTCTATGGTGGTTGGCACAACATGTTAAAAACTGTTTATAGTGATGTAGAAAACCCTCACCTTATGGGTTGGGATTATCCTAAATGTGATAGAGCCATGCCTAACATGCTTAGAATTATGGCCTCACTTGTTCTTGCTCGCAAACATACAACGTGTTGTAGCTTGTCACACCGTTTCTATAGATTAGCTAATGAGTGTGCTCAAGTATTGAGTGAAATGGTCATGTGTGGCGGTTCACTATATGTTAAACCAGGTGGAACCTCATCAGGAGATGCCACAACTGCTTATGCTAATAGTGTTTTTAACATTTGTCAAGCTGTCACGGCCAATGTTAATGCACTTTTATCTACTGATGGTAACAAAATTGCCGATAAGTATGTCCGCAATTTACAACACAGACTTTATGAGTGTCTCTATAGAAATAGAGATGTTGACACAGACTTTGTGAATGAGTTTTACGCATATTTGCGTAAACATTTCTCAATGATGATACTCTCTGACGATGCTGTTGTGTGTTTCAATAGCACTTATGCATCTCAAGGTCTAGTGGCTAGCATAAAGAACTTTAAGTCAGTTCTTTATTATCAAAACAATGTTTTTATGTCTGAAGCAAAATGTTGGACTGAGACTGACCTTACTAAAGGACCTCATGAATTTTGCTCTCAACATACAATGCTAGTTAAACAGGGTGATGATTATGTGTACCTTCCTTACCCAGATCCATCAAGAATCCTAGGGGCCGGCTGTTTTGTAGATGATATCGTAAAAACAGATGGTACACTTATGATTGAACGGTTCGTGTCTTTAGCTATAGATGCTTACCCACTTACTAAACATCCTAATCAGGAGTATGCTGATGTCTTTCATTTGTACTTACAATACATAAGAAAGCTACATGATGAGTTAACAGGACACATGTTAGACATGTATTCTGTTATGCTTACTAATGATAACACTTCAAGGTATTGGGAACCTGAGTTTTATGAGGCTATGTACACACCGCATACAGTCTTACAGGCTGTTGGGGCTTGTGTTCTTTGCAATTCACAGACTTCATTAAGATGTGGTGCTTGCATACGTAGACCATTCTTATGTTGTAAATGCTGTTACGACCATGTCATATCAACATCACATAAATTAGTCTTGTCTGTTAATCCGTATGTTTGCAATGCTCCAGGTTGTGATGTCACAGATGTGACTCAACTTTACTTAGGAGGTATGAGCTATTATTGTAAATCACATAAACCACCCATTAGTTTTCCATTGTGTGCTAATGGACAAGTTTTTGGTTTATATAAAAATACATGTGTTGGTAGCGATAATGTTACTGACTTTAATGCAATTGCAACATGTGACTGGACAAATGCTGGTGATTACATTTTAGCTAACACCTGTACTGAAAGACTCAAGCTTTTTGCAGCAGAAACGCTCAAAGCTACTGAGGAGACATTTAAACTGTCTTATGGTATTGCTACTGTACGTGAAGTGCTGTCTGACAGAGAATTACATCTTTCATGGGAAGTTGGTAAACCTAGACCACCACTTAACCGAAATTATGTCTTTACTGGTTATCGTGTAACTAAAAACAGTAAAGTACAAATAGGAGAGTACACCTTTGAAAAAGGTGACTATGGTGATGCTGTTGTTTACCGAGGTACAACAACTTACAAATTAAATGTTGGTGATTATTTTGTGCTGACATCACATACAGTAATGCCATTAAGTGCACCTACACTAGTGCCACAAGAGCACTATGTTAGAATTACTGGCTTATACCCAACACTCAATATCTCAGATGAGTTTTCTAGCAATGTTGCAAATTATCAAAAGGTTGGTATGCAAAAGTATTCTACACTCCAGGGACCACCTGGTACTGGTAAGAGTCATTTTGCTATTGGCCTAGCTCTCTACTACCCTTCTGCTCGCATAGTGTATACAGCTTGCTCTCATGCCGCTGTTGATGCACTATGTGAGAAGGCATTAAAATATTTGCCTATAGATAAATGTAGTAGAATTATACCTGCACGTGCTCGTGTAGAGTGTTTTGATAAATTCAAAGTGAATTCAACATTAGAACAGTATGTCTTTTGTACTGTAAATGCATTGCCTGAGACGACAGCAGATATAGTTGTCTTTGATGAAATTTCAATGGCCACAAATTATGATTTGAGTGTTGTCAATGCCAGATTACGTGCTAAGCACTATGTGTACATTGGCGACCCTGCTCAATTACCTGCACCACGCACATTGCTAACTAAGGGCACACTAGAACCAGAATATTTCAATTCAGTGTGTAGACTTATGAAAACTATAGGTCCAGACATGTTCCTCGGAACTTGTCGGCGTTGTCCTGCTGAAATTGTTGACACTGTGAGTGCTTTGGTTTATGATAATAAGCTTAAAGCACATAAAGACAAATCAGCTCAATGCTTTAAAATGTTTTATAAGGGTGTTATCACGCATGATGTTTCATCTGCAATTAACAGGCCACAAATAGGCGTGGTAAGAGAATTCCTTACACGTAACCCTGCTTGGAGAAAAGCTGTCTTTATTTCACCTTATAATTCACAGAATGCTGTAGCCTCAAAGATTTTGGGACTACCAACTCAAACTGTTGATTCATCACAGGGCTCAGAATATGACTATGTCATATTCACTCAAACCACTGAAACAGCTCACTCTTGTAATGTAAACAGATTTAATGTTGCTATTACCAGAGCAAAAGTAGGCATACTTTGCATAATGTCTGATAGAGACCTTTATGACAAGTTGCAATTTACAAGTCTTGAAATTCCACGTAGGAATGTGGCAACTTTACAAGCTGAAAATGTAACAGGACTCTTTAAAGATTGTAGTAAGGTAATCACTGGGTTACATCCTACACAGGCACCTACACACCTCAGTGTTGACACTAAATTCAAAACTGAAGGTTTATGTGTTGACATACCTGGCATACCTAAGGACATGACCTATAGAAGACTCATCTCTATGATGGGTTTTAAAATGAATTATCAAGTTAATGGTTACCCTAACATGTTTATCACCCGCGAAGAAGCTATAAGACATGTACGTGCATGGATTGGCTTCGATGTCGAGGGGTGTCATGCTACTAGAGAAGCTGTTGGTACCAATTTACCTTTACAGCTAGGTTTTTCTACAGGTGTTAACCTAGTTGCTGTACCTACAGGTTATGTTGATACACCTAATAATACAGATTTTTCCAGAGTTAGTGCTAAACCACCGCCTGGAGATCAATTTAAACACCTCATACCACTTATGTACAAAGGACTTCCTTGGAATGTAGTGCGTATAAAGATTGTACAAATGTTAAGTGACACACTTAAAAATCTCTCTGACAGAGTCGTATTTGTCTTATGGGCACATGGCTTTGAGTTGACATCTATGAAGTATTTTGTGAAAATAGGACCTGAGCGCACCTGTTGTCTATGTGATAGACGTGCCACATGCTTTTCCACTGCTTCAGACACTTATGCCTGTTGGCATCATTCTATTGGATTTGATTACGTCTATAATCCGTTTATGATTGATGTTCAACAATGGGGTTTTACAGGTAACCTACAAAGCAACCATGATCTGTATTGTCAAGTCCATGGTAATGCACATGTAGCTAGTTGTGATGCAATCATGACTAGGTGTCTAGCTGTCCACGAGTGCTTTGTTAAGCGTGTTGACTGGACTATTGAATATCCTATAATTGGTGATGAACTGAAGATTAATGCGGCTTGTAGAAAGGTTCAACACATGGTTGTTAAAGCTGCATTATTAGCAGACAAATTCCCAGTTCTTCACGACATTGGTAACCCTAAAGCTATTAAGTGTGTACCTCAAGCTGATGTAGAATGGAAGTTCTATGATGCACAGCCTTGTAGTGACAAAGCTTATAAAATAGAAGAATTATTCTATTCTTATGCCACACATTCTGACAAATTCACAGATGGTGTATGCCTATTTTGGAATTGCAATGTCGATAGATATCCTGCTAATTCCATTGTTTGTAGATTTGACACTAGAGTGCTATCTAACCTTAACTTGCCTGGTTGTGATGGTGGCAGTTTGTATGTAAATAAACATGCATTCCACACACCAGCTTTTGATAAAAGTGCTTTTGTTAATTTAAAACAATTACCATTTTTCTATTACTCTGACAGTCCATGTGAGTCTCATGGAAAACAAGTAGTGTCAGATATAGATTATGTACCACTAAAGTCTGCTACGTGTATAACACGTTGCAATTTAGGTGGTGCTGTCTGTAGACATCATGCTAATGAGTACAGATTGTATCTCGATGCTTATAACATGATGATCTCAGCTGGCTTTAGCTTGTGGGTTTACAAACAATTTGATACTTATAACCTCTGGAACACTTTTACAAGACTTCAGAGTTTAGAAAATGTGGCTTTTAATGTTGTAAATAAGGGACACTTTGATGGACAACAGGGTGAAGTACCAGTTTCTATCATTAATAACACTGTTTACACAAAAGTTGATGGTGTTGATGTAGAATTGTTTGAAAATAAAACAACATTACCTGTTAATGTAGCATTTGAGCTTTGGGCTAAGCGCAACATTAAACCAGTACCAGAGGTGAAAATACTCAATAATTTGGGTGTGGACATTGCTGCTAATACTGTGATCTGGGACTACAAAAGAGATGCTCCAGCACATATATCTACTATTGGTGTTTGTTCTATGACTGACATAGCCAAGAAACCAACTGAAACGATTTGTGCACCACTCACTGTCTTTTTTGATGGTAGAGTTGATGGTCAAGTAGACTTATTTAGAAATGCCCGTAATGGTGTTCTTATTACAGAAGGTAGTGTTAAAGGTTTACAACCATCTGTAGGTCCCAAACAAGCTAGTCTTAATGGAGTCACATTAATTGGAGAAGCCGTAAAAACACAGTTCAATTATTATAAGAAAGTTGATGGTGTTGTCCAACAATTACCTGAAACTTACTTTACTCAGAGTAGAAATTTACAAGAATTTAAACCCAGGAGTCAAATGGAAATTGATTTCTTAGAATTAGCTATGGATGAATTCATTGAACGGTATAAATTAGAAGGCTATGCCTTCGAACATATCGTTTATGGAGATTTTAGTCATAGTCAGTTAGGTGGTTTACATCTACTGATTGGACTAGCTAAACGTTTTAAGGAATCACCTTTTGAATTAGAAGATTTTATTCCTATGGACAGTACAGTTAAAAACTATTTCATAACAGATGCGCAAACAGGTTCATCTAAGTGTGTGTGTTCTGTTATTGATTTATTACTTGATGATTTTGTTGAAATAATAAAATCCCAAGATTTATCTGTAGTTTCTAAGGTTGTCAAAGTGACTATTGACTATACAGAAATTTCATTTATGCTTTGGTGTAAAGATGGCCATGTAGAAACATTTTACCCAAAATTACAATCTAGTCAAGCGTGGCAACCGGGTGTTGCTATGCCTAATCTTTACAAAATGCAAAGAATGCTATTAGAAAAGTGTGACCTTCAAAATTATGGTGATAGTGCAACATTACCTAAAGGCATAATGATGAATGTCGCAAAATATACTCAACTGTGTCAATATTTAAACACATTAACATTAGCTGTACCCTATAATATGAGAGTTATACATTTTGGTGCTGGTTCTGATAAAGGAGTTGCACCAGGTACAGCTGTTTTAAGACAGTGGTTGCCTACGGGTACGCTGCTTGTCGATTCAGATCTTAATGACTTTGTCTCTGATGCAGATTCAACTTTGATTGGTGATTGTGCAACTGTACATACAGCTAATAAATGGGATCTCATTATTAGTGATATGTACGACCCTAAGACTAAAAATGTTACAAAAGAAAATGACTCTAAAGAGGGTTTTTTCACTTACATTTGTGGGTTTATACAACAAAAGCTAGCTCTTGGAGGTTCCGTGGCTATAAAGATAACAGAACATTCTTGGAATGCTGATCTTTATAAGCTCATGGGACACTTCGCATGGTGGACAGCCTTTGTTACTAATGTGAATGCGTCATCATCTGAAGCATTTTTAATTGGATGTAATTATCTTGGCAAACCACGCGAACAAATAGATGGTTATGTCATGCATGCAAATTACATATTTTGGAGGAATACAAATCCAATTCAGTTGTCTTCCTATTCTTTATTTGACATGAGTAAATTTCCCCTTAAATTAAGGGGTACTGCTGTTATGTCTTTAAAAGAAGGTCAAATCAATGATATGATTTTATCTCTTCTTAGTAAAGGTAGACTTATAATTAGAGAAAACAACAGAGTTGTTATTTCTAGTGATGTTCTTGTTAACAACTAA	RVCGVSAARLTPCGTGTSTDVVYRAFDIYNDKVAGFAKFLKTNCCRFQEKDEDDNLIDSYFVVKRHTFSNYQHEETIYNLLKDCPAVAKHDFFKFRIDGDMVPHISRQRLTKYTMADLVYALRHFDEGNCDTLKEILVTYNCCDDDYFNKKDWYDFVENPDILRVYANLGERVRQALLKTVQFCDAMRNAGIVGVLTLDNQDLNGNWYDFGDFIQTTPGSGVPVVDSYYSLLMPILTLTRALTAESHVDTDLTKPYIKWDLLKYDFTEERLKLFDRYFKYWDQTYHPNCVNCLDDRCILHCANFNVLFSTVFPPTSFGPLVRKIFVDGVPFVVSTGYHFRELGVVHNQDVNLHSSRLSFKELLVYAADPAMHAASGNLLLDKRTTCFSVAALTNNVAFQTVKPGNFNKDFYDFAVSKGFFKEGSSVELKHFFFAQDGNAAISDYDYYRYNLPTMCDIRQLLFVVEVVDKYFDCYDGGCINANQVIVNNLDKSAGFPFNKWGKARLYYDSMSYEDQDALFAYTKRNVIPTITQMNLKYAISAKNRARTVAGVSICSTMTNRQFHQKLLKSIAATRGATVVIGTSKFYGGWHNMLKTVYSDVENPHLMGWDYPKCDRAMPNMLRIMASLVLARKHTTCCSLSHRFYRLANECAQVLSEMVMCGGSLYVKPGGTSSGDATTAYANSVFNICQAVTANVNALLSTDGNKIADKYVRNLQHRLYECLYRNRDVDTDFVNEFYAYLRKHFSMMILSDDAVVCFNSTYASQGLVASIKNFKSVLYYQNNVFMSEAKCWTETDLTKGPHEFCSQHTMLVKQGDDYVYLPYPDPSRILGAGCFVDDIVKTDGTLMIERFVSLAIDAYPLTKHPNQEYADVFHLYLQYIRKLHDELTGHMLDMYSVMLTNDNTSRYWEPEFYEAMYTPHTVLQAVGACVLCNSQTSLRCGACIRRPFLCCKCCYDHVISTSHKLVLSVNPYVCNAPGCDVTDVTQLYLGGMSYYCKSHKPPISFPLCANGQVFGLYKNTCVGSDNVTDFNAIATCDWTNAGDYILANTCTERLKLFAAETLKATEETFKLSYGIATVREVLSDRELHLSWEVGKPRPPLNRNYVFTGYRVTKNSKVQIGEYTFEKGDYGDAVVYRGTTTYKLNVGDYFVLTSHTVMPLSAPTLVPQEHYVRITGLYPTLNISDEFSSNVANYQKVGMQKYSTLQGPPGTGKSHFAIGLALYYPSARIVYTACSHAAVDALCEKALKYLPIDKCSRIIPARARVECFDKFKVNSTLEQYVFCTVNALPETTADIVVFDEISMATNYDLSVVNARLRAKHYVYIGDPAQLPAPRTLLTKGTLEPEYFNSVCRLMKTIGPDMFLGTCRRCPAEIVDTVSALVYDNKLKAHKDKSAQCFKMFYKGVITHDVSSAINRPQIGVVREFLTRNPAWRKAVFISPYNSQNAVASKILGLPTQTVDSSQGSEYDYVIFTQTTETAHSCNVNRFNVAITRAKVGILCIMSDRDLYDKLQFTSLEIPRRNVATLQAENVTGLFKDCSKVITGLHPTQAPTHLSVDTKFKTEGLCVDIPGIPKDMTYRRLISMMGFKMNYQVNGYPNMFITREEAIRHVRAWIGFDVEGCHATREAVGTNLPLQLGFSTGVNLVAVPTGYVDTPNNTDFSRVSAKPPPGDQFKHLIPLMYKGLPWNVVRIKIVQMLSDTLKNLSDRVVFVLWAHGFELTSMKYFVKIGPERTCCLCDRRATCFSTASDTYACWHHSIGFDYVYNPFMIDVQQWGFTGNLQSNHDLYCQVHGNAHVASCDAIMTRCLAVHECFVKRVDWTIEYPIIGDELKINAACRKVQHMVVKAALLADKFPVLHDIGNPKAIKCVPQADVEWKFYDAQPCSDKAYKIEELFYSYATHSDKFTDGVCLFWNCNVDRYPANSIVCRFDTRVLSNLNLPGCDGGSLYVNKHAFHTPAFDKSAFVNLKQLPFFYYSDSPCESHGKQVVSDIDYVPLKSATCITRCNLGGAVCRHHANEYRLYLDAYNMMISAGFSLWVYKQFDTYNLWNTFTRLQSLENVAFNVVNKGHFDGQQGEVPVSIINNTVYTKVDGVDVELFENKTTLPVNVAFELWAKRNIKPVPEVKILNNLGVDIAANTVIWDYKRDAPAHISTIGVCSMTDIAKKPTETICAPLTVFFDGRVDGQVDLFRNARNGVLITEGSVKGLQPSVGPKQASLNGVTLIGEAVKTQFNYYKKVDGVVQQLPETYFTQSRNLQEFKPRSQMEIDFLELAMDEFIERYKLEGYAFEHIVYGDFSHSQLGGLHLLIGLAKRFKESPFELEDFIPMDSTVKNYFITDAQTGSSKCVCSVIDLLLDDFVEIIKSQDLSVVSKVVKVTIDYTEISFMLWCKDGHVETFYPKLQSSQAWQPGVAMPNLYKMQRMLLEKCDLQNYGDSATLPKGIMMNVAKYTQLCQYLNTLTLAVPYNMRVIHFGAGSDKGVAPGTAVLRQWLPTGTLLVDSDLNDFVSDADSTLIGDCATVHTANKWDLIISDMYDPKTKNVTKENDSKEGFFTYICGFIQQKLALGGSVAIKITEHSWNADLYKLMGHFAWWTAFVTNVNASSSEAFLIGCNYLGKPREQIDGYVMHANYIFWRNTNPIQLSSYSLFDMSKFPLKLRGTAVMSLKEGQINDMILSLLSKGRLIIRENNRVVISSDVLVNN	1	ORF1b	ORF1b
7	ORF6 protein	27201	27387	1	ORF6	ORF6	ATGTTTCATCTCGTTGACTTTCAGGTTACTATAGCAGAGATATTACTAATTATTATGAGGACTTTTAAAGTTTCCATTTGGAATCTTGATTACATCATAAACCTCATAATTAAAAATTTATCTAAGTCACTAACTGAGAATAAATATTCTCAATTAGATGAAGAGCAACCAATGGAGATTGATTAA	MFHLVDFQVTIAEILLIIMRTFKVSIWNLDYIINLIIKNLSKSLTENKYSQLDEEQPMEID	1	QHD43420.1	ORF6
8	ORF7a protein	27393	27759	1	ORF7a	ORF7a	ATGAAAATTATTCTTTTCTTGGCACTGATAACACTCGCTACTTGTGAGCTTTATCACTACCAAGAGTGTGTTAGAGGTACAACAGTACTTTTAAAAGAACCTTGCTCTTCTGGAACATACGAGGGCAATTCACCATTTCATCCTCTAGCTGATAACAAATTTGCACTGACTTGCTTTAGCACTCAATTTGCTTTTGCTTGTCCTGACGGCGTAAAACACGTCTATCAGTTACGTGCCAGATCAGTTTCACCTAAACTGTTCATCAGACAAGAGGAAGTTCAAGAACTTTACTCTCCAATTTTTCTTATTGTTGCGGCAATAGTGTTTATAACACTTTGCTTCACACTCAAAAGAAAGACAGAATGA	MKIILFLALITLATCELYHYQECVRGTTVLLKEPCSSGTYEGNSPFHPLADNKFALTCFSTQFAFACPDGVKHVYQLRARSVSPKLFIRQEEVQELYSPIFLIVAAIVFITLCFTLKRKTE	1	QHD43421.1	ORF7a
12	surface glycoprotein	21562	25384	1	S	S	ATGTTTGTTTTTCTTGTTTTATTGCCACTAGTCTCTAGTCAGTGTGTTAATCTTACAACCAGAACTCAATTACCCCCTGCATACACTAATTCTTTCACACGTGGTGTTTATTACCCTGACAAAGTTTTCAGATCCTCAGTTTTACATTCAACTCAGGACTTGTTCTTACCTTTCTTTTCCAATGTTACTTGGTTCCATGCTATACATGTCTCTGGGACCAATGGTACTAAGAGGTTTGATAACCCTGTCCTACCATTTAATGATGGTGTTTATTTTGCTTCCACTGAGAAGTCTAACATAATAAGAGGCTGGATTTTTGGTACTACTTTAGATTCGAAGACCCAGTCCCTACTTATTGTTAATAACGCTACTAATGTTGTTATTAAAGTCTGTGAATTTCAATTTTGTAATGATCCATTTTTGGGTGTTTATTACCACAAAAACAACAAAAGTTGGATGGAAAGTGAGTTCAGAGTTTATTCTAGTGCGAATAATTGCACTTTTGAATATGTCTCTCAGCCTTTTCTTATGGACCTTGAAGGAAAACAGGGTAATTTCAAAAATCTTAGGGAATTTGTGTTTAAGAATATTGATGGTTATTTTAAAATATATTCTAAGCACACGCCTATTAATTTAGTGCGTGATCTCCCTCAGGGTTTTTCGGCTTTAGAACCATTGGTAGATTTGCCAATAGGTATTAACATCACTAGGTTTCAAACTTTACTTGCTTTACATAGAAGTTATTTGACTCCTGGTGATTCTTCTTCAGGTTGGACAGCTGGTGCTGCAGCTTATTATGTGGGTTATCTTCAACCTAGGACTTTTCTATTAAAATATAATGAAAATGGAACCATTACAGATGCTGTAGACTGTGCACTTGACCCTCTCTCAGAAACAAAGTGTACGTTGAAATCCTTCACTGTAGAAAAAGGAATCTATCAAACTTCTAACTTTAGAGTCCAACCAACAGAATCTATTGTTAGATTTCCTAATATTACAAACTTGTGCCCTTTTGGTGAAGTTTTTAACGCCACCAGATTTGCATCTGTTTATGCTTGGAACAGGAAGAGAATCAGCAACTGTGTTGCTGATTATTCTGTCCTATATAATTCCGCATCATTTTCCACTTTTAAGTGTTATGGAGTGTCTCCTACTAAATTAAATGATCTCTGCTTTACTAATGTCTATGCAGATTCATTTGTAATTAGAGGTGATGAAGTCAGACAAATCGCTCCAGGGCAAACTGGAAAGATTGCTGATTATAATTATAAATTACCAGATGATTTTACAGGCTGCGTTATAGCTTGGAATTCTAACAATCTTGATTCTAAGGTTGGTGGTAATTATAATTACCTGTATAGATTGTTTAGGAAGTCTAATCTCAAACCTTTTGAGAGAGATATTTCAACTGAAATCTATCAGGCCGGTAGCACACCTTGTAATGGTGTTGAAGGTTTTAATTGTTACTTTCCTTTACAATCATATGGTTTCCAACCCACTAATGGTGTTGGTTACCAACCATACAGAGTAGTAGTACTTTCTTTTGAACTTCTACATGCACCAGCAACTGTTTGTGGACCTAAAAAGTCTACTAATTTGGTTAAAAACAAATGTGTCAATTTCAACTTCAATGGTTTAACAGGCACAGGTGTTCTTACTGAGTCTAACAAAAAGTTTCTGCCTTTCCAACAATTTGGCAGAGACATTGCTGACACTACTGATGCTGTCCGTGATCCACAGACACTTGAGATTCTTGACATTACACCATGTTCTTTTGGTGGTGTCAGTGTTATAACACCAGGAACAAATACTTCTAACCAGGTTGCTGTTCTTTATCAGGATGTTAACTGCACAGAAGTCCCTGTTGCTATTCATGCAGATCAACTTACTCCTACTTGGCGTGTTTATTCTACAGGTTCTAATGTTTTTCAAACACGTGCAGGCTGTTTAATAGGGGCTGAACATGTCAACAACTCATATGAGTGTGACATACCCATTGGTGCAGGTATATGCGCTAGTTATCAGACTCAGACTAATTCTCCTCGGCGGGCACGTAGTGTAGCTAGTCAATCCATCATTGCCTACACTATGTCACTTGGTGCAGAAAATTCAGTTGCTTACTCTAATAACTCTATTGCCATACCCACAAATTTTACTATTAGTGTTACCACAGAAATTCTACCAGTGTCTATGACCAAGACATCAGTAGATTGTACAATGTACATTTGTGGTGATTCAACTGAATGCAGCAATCTTTTGTTGCAATATGGCAGTTTTTGTACACAATTAAACCGTGCTTTAACTGGAATAGCTGTTGAACAAGACAAAAACACCCAAGAAGTTTTTGCACAAGTCAAACAAATTTACAAAACACCACCAATTAAAGATTTTGGTGGTTTTAATTTTTCACAAATATTACCAGATCCATCAAAACCAAGCAAGAGGTCATTTATTGAAGATCTACTTTTCAACAAAGTGACACTTGCAGATGCTGGCTTCATCAAACAATATGGTGATTGCCTTGGTGATATTGCTGCTAGAGACCTCATTTGTGCACAAAAGTTTAACGGCCTTACTGTTTTGCCACCTTTGCTCACAGATGAAATGATTGCTCAATACACTTCTGCACTGTTAGCGGGTACAATCACTTCTGGTTGGACCTTTGGTGCAGGTGCTGCATTACAAATACCATTTGCTATGCAAATGGCTTATAGGTTTAATGGTATTGGAGTTACACAGAATGTTCTCTATGAGAACCAAAAATTGATTGCCAACCAATTTAATAGTGCTATTGGCAAAATTCAAGACTCACTTTCTTCCACAGCAAGTGCACTTGGAAAACTTCAAGATGTGGTCAACCAAAATGCACAAGCTTTAAACACGCTTGTTAAACAACTTAGCTCCAATTTTGGTGCAATTTCAAGTGTTTTAAATGATATCCTTTCACGTCTTGACAAAGTTGAGGCTGAAGTGCAAATTGATAGGTTGATCACAGGCAGACTTCAAAGTTTGCAGACATATGTGACTCAACAATTAATTAGAGCTGCAGAAATCAGAGCTTCTGCTAATCTTGCTGCTACTAAAATGTCAGAGTGTGTACTTGGACAATCAAAAAGAGTTGATTTTTGTGGAAAGGGCTATCATCTTATGTCCTTCCCTCAGTCAGCACCTCATGGTGTAGTCTTCTTGCATGTGACTTATGTCCCTGCACAAGAAAAGAACTTCACAACTGCTCCTGCCATTTGTCATGATGGAAAAGCACACTTTCCTCGTGAAGGTGTCTTTGTTTCAAATGGCACACACTGGTTTGTAACACAAAGGAATTTTTATGAACCACAAATCATTACTACAGACAACACATTTGTGTCTGGTAACTGTGATGTTGTAATAGGAATTGTCAACAACACAGTTTATGATCCTTTGCAACCTGAATTAGACTCATTCAAGGAGGAGTTAGATAAATATTTTAAGAATCATACATCACCAGATGTTGATTTAGGTGACATCTCTGGCATTAATGCTTCAGTTGTAAACATTCAAAAAGAAATTGACCGCCTCAATGAGGTTGCCAAGAATTTAAATGAATCTCTCATCGATCTCCAAGAACTTGGAAAGTATGAGCAGTATATAAAATGGCCATGGTACATTTGGCTAGGTTTTATAGCTGGCTTGATTGCCATAGTAATGGTGACAATTATGCTTTGCTGTATGACCAGTTGCTGTAGTTGTCTCAAGGGCTGTTGTTCTTGTGGATCCTGCTGCAAATTTGATGAAGACGACTCTGAGCCAGTGCTCAAAGGAGTCAAATTACATTACACATAA	MFVFLVLLPLVSSQCVNLTTRTQLPPAYTNSFTRGVYYPDKVFRSSVLHSTQDLFLPFFSNVTWFHAIHVSGTNGTKRFDNPVLPFNDGVYFASTEKSNIIRGWIFGTTLDSKTQSLLIVNNATNVVIKVCEFQFCNDPFLGVYYHKNNKSWMESEFRVYSSANNCTFEYVSQPFLMDLEGKQGNFKNLREFVFKNIDGYFKIYSKHTPINLVRDLPQGFSALEPLVDLPIGINITRFQTLLALHRSYLTPGDSSSGWTAGAAAYYVGYLQPRTFLLKYNENGTITDAVDCALDPLSETKCTLKSFTVEKGIYQTSNFRVQPTESIVRFPNITNLCPFGEVFNATRFASVYAWNRKRISNCVADYSVLYNSASFSTFKCYGVSPTKLNDLCFTNVYADSFVIRGDEVRQIAPGQTGKIADYNYKLPDDFTGCVIAWNSNNLDSKVGGNYNYLYRLFRKSNLKPFERDISTEIYQAGSTPCNGVEGFNCYFPLQSYGFQPTNGVGYQPYRVVVLSFELLHAPATVCGPKKSTNLVKNKCVNFNFNGLTGTGVLTESNKKFLPFQQFGRDIADTTDAVRDPQTLEILDITPCSFGGVSVITPGTNTSNQVAVLYQDVNCTEVPVAIHADQLTPTWRVYSTGSNVFQTRAGCLIGAEHVNNSYECDIPIGAGICASYQTQTNSPRRARSVASQSIIAYTMSLGAENSVAYSNNSIAIPTNFTISVTTEILPVSMTKTSVDCTMYICGDSTECSNLLLQYGSFCTQLNRALTGIAVEQDKNTQEVFAQVKQIYKTPPIKDFGGFNFSQILPDPSKPSKRSFIEDLLFNKVTLADAGFIKQYGDCLGDIAARDLICAQKFNGLTVLPPLLTDEMIAQYTSALLAGTITSGWTFGAGAALQIPFAMQMAYRFNGIGVTQNVLYENQKLIANQFNSAIGKIQDSLSSTASALGKLQDVVNQNAQALNTLVKQLSSNFGAISSVLNDILSRLDKVEAEVQIDRLITGRLQSLQTYVTQQLIRAAEIRASANLAATKMSECVLGQSKRVDFCGKGYHLMSFPQSAPHGVVFLHVTYVPAQEKNFTTAPAICHDGKAHFPREGVFVSNGTHWFVTQRNFYEPQIITTDNTFVSGNCDVVIGIVNNTVYDPLQPELDSFKEELDKYFKNHTSPDVDLGDISGINASVVNIQKEIDRLNEVAKNLNESLIDLQELGKYEQYIKWPWYIWLGFIAGLIAIVMVTIMLCCMTSCCSCLKGCCSCGSCCKFDEDDSEPVLKGVKLHYT	1	QHD43416.1	S
3	nucleocapsid phosphoprotein	28273	29533	1	N	N	ATGTCTGATAATGGACCCCAAAATCAGCGAAATGCACCCCGCATTACGTTTGGTGGACCCTCAGATTCAACTGGCAGTAACCAGAATGGAGAACGCAGTGGGGCGCGATCAAAACAACGTCGGCCCCAAGGTTTACCCAATAATACTGCGTCTTGGTTCACCGCTCTCACTCAACATGGCAAGGAAGACCTTAAATTCCCTCGAGGACAAGGCGTTCCAATTAACACCAATAGCAGTCCAGATGACCAAATTGGCTACTACCGAAGAGCTACCAGACGAATTCGTGGTGGTGACGGTAAAATGAAAGATCTCAGTCCAAGATGGTATTTCTACTACCTAGGAACTGGGCCAGAAGCTGGACTTCCCTATGGTGCTAACAAAGACGGCATCATATGGGTTGCAACTGAGGGAGCCTTGAATACACCAAAAGATCACATTGGCACCCGCAATCCTGCTAACAATGCTGCAATCGTGCTACAACTTCCTCAAGGAACAACATTGCCAAAAGGCTTCTACGCAGAAGGGAGCAGAGGCGGCAGTCAAGCCTCTTCTCGTTCCTCATCACGTAGTCGCAACAGTTCAAGAAATTCAACTCCAGGCAGCAGTAGGGGAACTTCTCCTGCTAGAATGGCTGGCAATGGCGGTGATGCTGCTCTTGCTTTGCTGCTGCTTGACAGATTGAACCAGCTTGAGAGCAAAATGTCTGGTAAAGGCCAACAACAACAAGGCCAAACTGTCACTAAGAAATCTGCTGCTGAGGCTTCTAAGAAGCCTCGGCAAAAACGTACTGCCACTAAAGCATACAATGTAACACAAGCTTTCGGCAGACGTGGTCCAGAACAAACCCAAGGAAATTTTGGGGACCAGGAACTAATCAGACAAGGAACTGATTACAAACATTGGCCGCAAATTGCACAATTTGCCCCCAGCGCTTCAGCGTTCTTCGGAATGTCGCGCATTGGCATGGAAGTCACACCTTCGGGAACGTGGTTGACCTACACAGGTGCCATCAAATTGGATGACAAAGATCCAAATTTCAAAGATCAAGTCATTTTGCTGAATAAGCATATTGACGCATACAAAACATTCCCACCAACAGAGCCTAAAAAGGACAAAAAGAAGAAGGCTGATGAAACTCAAGCCTTACCGCAGAGACAGAAGAAACAGCAAACTGTGACTCTTCTTCCTGCTGCAGATTTGGATGATTTCTCCAAACAATTGCAACAATCCATGAGCAGTGCTGACTCAACTCAGGCCTAA	MSDNGPQNQRNAPRITFGGPSDSTGSNQNGERSGARSKQRRPQGLPNNTASWFTALTQHGKEDLKFPRGQGVPINTNSSPDDQIGYYRRATRRIRGGDGKMKDLSPRWYFYYLGTGPEAGLPYGANKDGIIWVATEGALNTPKDHIGTRNPANNAAIVLQLPQGTTLPKGFYAEGSRGGSQASSRSSSRSRNSSRNSTPGSSRGTSPARMAGNGGDAALALLLLDRLNQLESKMSGKGQQQQGQTVTKKSAAEASKKPRQKRTATKAYNVTQAFGRRGPEQTQGNFGDQELIRQGTDYKHWPQIAQFAPSASAFFGMSRIGMEVTPSGTWLTYTGAIKLDDKDPNFKDQVILLNKHIDAYKTFPPTEPKKDKKKKADETQALPQRQKKQQTVTLLPAADLDDFSKQLQQSMSSADSTQA	1	QHD43423.2	N
6	ORF3a protein	25392	26220	1	ORF3a	ORF3a	ATGGATTTGTTTATGAGAATCTTCACAATTGGAACTGTAACTTTGAAGCAAGGTGAAATCAAGGATGCTACTCCTTCAGATTTTGTTCGCGCTACTGCAACGATACCGATACAAGCCTCACTCCCTTTCGGATGGCTTATTGTTGGCGTTGCACTTCTTGCTGTTTTTCAGAGCGCTTCCAAAATCATAACCCTCAAAAAGAGATGGCAACTAGCACTCTCCAAGGGTGTTCACTTTGTTTGCAACTTGCTGTTGTTGTTTGTAACAGTTTACTCACACCTTTTGCTCGTTGCTGCTGGCCTTGAAGCCCCTTTTCTCTATCTTTATGCTTTAGTCTACTTCTTGCAGAGTATAAACTTTGTAAGAATAATAATGAGGCTTTGGCTTTGCTGGAAATGCCGTTCCAAAAACCCATTACTTTATGATGCCAACTATTTTCTTTGCTGGCATACTAATTGTTACGACTATTGTATACCTTACAATAGTGTAACTTCTTCAATTGTCATTACTTCAGGTGATGGCACAACAAGTCCTATTTCTGAACATGACTACCAGATTGGTGGTTATACTGAAAAATGGGAATCTGGAGTAAAAGACTGTGTTGTATTACACAGTTACTTCACTTCAGACTATTACCAGCTGTACTCAACTCAATTGAGTACAGACACTGGTGTTGAACATGTTACCTTCTTCATCTACAATAAAATTGTTGATGAGCCTGAAGAACATGTCCAAATTCACACAATCGACGGTTCATCCGGAGTTGTTAATCCAGTAATGGAACCAATTTATGATGAACCGACGACGACTACTAGCGTGCCTTTGTAA	MDLFMRIFTIGTVTLKQGEIKDATPSDFVRATATIPIQASLPFGWLIVGVALLAVFQSASKIITLKKRWQLALSKGVHFVCNLLLLFVTVYSHLLLVAAGLEAPFLYLYALVYFLQSINFVRIIMRLWLCWKCRSKNPLLYDANYFLCWHTNCYDYCIPYNSVTSSIVITSGDGTTSPISEHDYQIGGYTEKWESGVKDCVVLHSYFTSDYYQLYSTQLSTDTGVEHVTFFIYNKIVDEPEEHVQIHTIDGSSGVVNPVMEPIYDEPTTTTSVPL	1	QHD43417.1	ORF3a
9		27755	27887	1	ORF7b	ORF7b	ATGATTGAACTTTCATTAATTGACTTCTATTTGTGCTTTTTAGCCTTTCTGCTATTCCTTGTTTTAATTATGCTTATTATCTTTTGGTTCTCACTTGAACTGCAAGATCATAATGAAACTTGTCACGCCTAA	MIELSLIDFYLCFLAFLLFLVLIMLIIFWFSLELQDHNETCHA	1	ORF7b	ORF7b
10	ORF8 protein	27893	28259	1	ORF8	ORF8	ATGAAATTTCTTGTTTTCTTAGGAATCATCACAACTGTAGCTGCATTTCACCAAGAATGTAGTTTACAGTCATGTACTCAACATCAACCATATGTAGTTGATGACCCGTGTCCTATTCACTTCTATTCTAAATGGTATATTAGAGTAGGAGCTAGAAAATCAGCACCTTTAATTGAATTGTGCGTGGATGAGGCTGGTTCTAAATCACCCATTCAGTACATCGATATCGGTAATTATACAGTTTCCTGTTTACCTTTTACAATTAATTGCCAGGAACCTAAATTGGGTAGTCTTGTAGTGCGTTGTTCGTTCTATGAAGACTTTTTAGAGTATCATGACGTTCGTGTTGTTTTAGATTTCATCTAA	MKFLVFLGIITTVAAFHQECSLQSCTQHQPYVVDDPCPIHFYSKWYIRVGARKSAPLIELCVDEAGSKSPIQYIDIGNYTVSCLPFTINCQEPKLGSLVVRCSFYEDFLEYHDVRVVLDFI	1	QHD43422.1	ORF8
11		28283	28577	1	ORF9b	ORF9b	ATGGACCCCAAAATCAGCGAAATGCACCCCGCATTACGTTTGGTGGACCCTCAGATTCAACTGGCAGTAACCAGAATGGAGAACGCAGTGGGGCGCGATCAAAACAACGTCGGCCCCAAGGTTTACCCAATAATACTGCGTCTTGGTTCACCGCTCTCACTCAACATGGCAAGGAAGACCTTAAATTCCCTCGAGGACAAGGCGTTCCAATTAACACCAATAGCAGTCCAGATGACCAAATTGGCTACTACCGAAGAGCTACCAGACGAATTCGTGGTGGTGACGGTAAAATGA	MDPKISEMHPALRLVDPQIQLAVTRMENAVGRDQNNVGPKVYPIILRLGSPLSLNMARKTLNSLEDKAFQLTPIAVQMTKLATTEELPDEFVVVTVK	1	ORF9b	ORF9b
\.


--
-- TOC entry 3771 (class 0 OID 16466)
-- Dependencies: 247
-- Data for Name: gene_segment; Type: TABLE DATA; Schema: public; Owner: postgres
--

COPY public.gene_segment (id, start, "end", strand, base, segment, gene_id) FROM stdin;
1	26244	26472	1	0	1	1
2	26522	27191	1	0	1	2
3	28273	29533	1	0	1	3
4	265	13468	1	0	1	4
5	13467	21555	1	0	1	5
6	25392	26220	1	0	1	6
7	27201	27387	1	0	1	7
8	27393	27759	1	0	1	8
9	27755	27887	1	0	1	9
10	27893	28259	1	0	1	10
11	28283	28577	1	0	1	11
12	21562	25384	1	0	1	12
\.


--
-- TOC entry 3773 (class 0 OID 16470)
-- Dependencies: 249
-- Data for Name: import_log; Type: TABLE DATA; Schema: public; Owner: postgres
--

COPY public.import_log (id, type, file_id, updated, success, exception_text, stack_trace) FROM stdin;
3	PTY	2025-01-03_08-54-01.116.cli_prop_3516eb0b-6f03-4fe7-b20c-6420d0aecdb6.zip	2025-01-03 08:54:01.732488+00	t	\N	\N
4	PTY	2025-01-03_08-54-06.165.cli_prop_7a1e6e65-10e7-4147-a739-9c0c4d04a460.zip	2025-01-03 08:54:06.834481+00	t	\N	\N
5	PTY	2025-01-03_08-54-07.538.cli_prop_c504d93f-cd1e-44fe-a8d4-ff5910c6183f.zip	2025-01-03 08:54:08.206203+00	t	\N	\N
6	PTY	2025-01-03_08-57-05.327.cli_prop_1676e1b6-fbc8-4618-b433-7497b034654a.zip	2025-01-03 08:57:05.986547+00	t	\N	\N
7	PTY	2025-01-03_08-57-12.037.cli_prop_5bf34497-1240-4304-9bde-ba805098b1f2.zip	2025-01-03 08:57:12.69581+00	t	\N	\N
8	PTY	2025-01-03_08-57-13.233.cli_prop_2823ba59-9daa-4e11-a5fa-643a6a000c08.zip	2025-01-03 08:57:13.866599+00	t	\N	\N
9	PTY	2025-01-03_08-57-36.231.cli_prop_b3967fcb-af40-49e2-b09f-b422368bd8f5.zip	2025-01-03 08:57:36.860261+00	t	\N	\N
10	PTY	2025-01-03_08-57-42.470.cli_prop_7a8e0631-ec8b-43a1-856f-fb6996c6af80.zip	2025-01-03 08:57:43.121516+00	t	\N	\N
29	PTY	2025-01-03_18-39-28.647.cli_prop_a0c97196-f397-4f5b-a9ef-9edc1805a4d5.zip	2025-01-03 18:39:29.265338+00	t	\N	\N
30	PTY	2025-01-03_18-39-34.104.cli_prop_488de7d6-06a5-4abb-bafa-a09eb9d59920.zip	2025-01-03 18:39:34.755165+00	t	\N	\N
31	PTY	2025-01-03_18-39-35.583.cli_prop_adda5947-290e-4fe6-b1c5-b135b42021b8.zip	2025-01-03 18:39:36.269991+00	t	\N	\N
32	PTY	2025-01-03_18-44-27.370.cli_prop_70baa572-13e6-44bc-aa4a-1577ff7009fb.zip	2025-01-03 18:44:28.030202+00	t	\N	\N
33	PTY	2025-01-03_18-44-33.247.cli_prop_9d4cec74-c924-49fd-9bdc-48ae32176d8f.zip	2025-01-03 18:44:33.889517+00	t	\N	\N
34	PTY	2025-01-03_18-44-34.399.cli_prop_26e58223-7b34-4df9-bdc2-5ec1cf1ce7db.zip	2025-01-03 18:44:35.028211+00	t	\N	\N
35	PTY	2025-01-03_18-47-09.785.cli_prop_41764f6b-7292-469a-919b-eb1629fbfbfc.zip	2025-01-03 18:47:10.400561+00	t	\N	\N
36	PTY	2025-01-03_18-47-15.194.cli_prop_499605c5-02f2-49de-8925-94325aec552c.zip	2025-01-03 18:47:15.838438+00	t	\N	\N
37	PTY	2025-01-03_18-47-16.515.cli_prop_6d42ea19-50f3-4d61-91be-87c24470b03f.zip	2025-01-03 18:47:17.155731+00	t	\N	\N
38	PTY	2025-01-03_18-49-32.143.cli_prop_bc6a1891-ebc4-4fa0-ae35-0d37ee43f610.zip	2025-01-03 18:49:32.772308+00	t	\N	\N
39	PTY	2025-01-03_18-49-38.477.cli_prop_7865d3ee-5f4b-4933-83e1-96d715e4d1bf.zip	2025-01-03 18:49:39.132288+00	t	\N	\N
40	PTY	2025-01-03_18-49-39.771.cli_prop_134bd179-293d-4065-9113-c2cc5cb26975.zip	2025-01-03 18:49:40.405829+00	t	\N	\N
\.


--
-- TOC entry 3775 (class 0 OID 16476)
-- Dependencies: 251
-- Data for Name: lineage; Type: TABLE DATA; Schema: public; Owner: postgres
--

COPY public.lineage (id, name, parent_id) FROM stdin;
4270	B	\N
4271	BA.1	\N
4272	BA.1.1	\N
4273	BA.1.17	\N
4274	B.1.617	\N
4275	BA.5	\N
4276	BA.5.2	\N
4277	BA.2	\N
4278	BA.5.3	\N
4279	AY.4	\N
4280	B.1.617.2	\N
4281	B.1	4270
4282	BA.1	4270
4283	BA.5	4270
4284	BA.2	4270
4285	BA.1.1	4271
4286	BC.1	4271
4287	BC.2	4271
4288	BA.1.2	4271
4289	BA.1.3	4271
4290	BA.1.4	4271
4291	BA.1.5	4271
4292	BA.1.6	4271
4293	BA.1.7	4271
4294	BA.1.8	4271
4295	BA.1.9	4271
4296	BA.1.10	4271
4297	BA.1.12	4271
4298	BA.1.13	4271
4299	BA.1.13.1	4271
4300	BA.1.14	4271
4301	BA.1.14.1	4271
4302	BA.1.14.2	4271
4303	BA.1.15	4271
4304	BA.1.16	4271
4305	BA.1.17	4271
4306	BD.1	4271
4307	BA.1.18	4271
4308	BA.1.19	4271
4309	BA.1.20	4271
4310	BA.1.21	4271
4311	BA.1.22	4271
4312	BA.1.23	4271
4313	BA.1.24	4271
4314	B.1.617	4271
4315	BA.1.1.1	4272
4316	BA.1.1.2	4272
4317	BA.1.1.3	4272
4318	BA.1.1.4	4272
4319	BA.1.1.5	4272
4320	BA.1.1.6	4272
4321	BA.1.1.7	4272
4322	BA.1.1.8	4272
4323	BA.1.1.9	4272
4324	BA.1.17.1	4273
4325	BA.1.17.2	4273
4326	B.1.617.2	4274
4327	BA.5.2	4275
4328	BF.2	4275
4329	BA.5.3	4275
4330	BA.5.2.1	4276
4331	BA.5.2.6	4276
4332	BA.2.36	4277
4333	BA.2.9	4277
4334	BA.5.3.1	4278
4335	AY.4.1	4279
4336	AY.4.2	4279
4337	AY.4.3	4279
4338	AY.4.4	4279
4339	AY.4.5	4279
4340	AY.4.6	4279
4341	AY.4.7	4279
4342	AY.4.8	4279
4343	AY.4.9	4279
4344	AY.4.10	4279
4345	AY.4.11	4279
4346	AY.4.12	4279
4347	AY.4.13	4279
4348	AY.4.14	4279
4349	AY.4.15	4279
4350	AY.4.16	4279
4351	AY.4.17	4279
4352	AY.4	4280
4353	AY.98	4280
\.


--
-- TOC entry 3777 (class 0 OID 16480)
-- Dependencies: 253
-- Data for Name: mutation; Type: TABLE DATA; Schema: public; Owner: postgres
--

COPY public.mutation (id, ref, alt, start, "end", parent_id, gene_id, type, replicon_id) FROM stdin;
1		\N	0	31	\N	\N	nt	1
2	G	T	209	210	\N	\N	nt	1
3	C	T	240	241	\N	\N	nt	1
4	A	G	1740	1741	\N	\N	nt	1
5	C	T	3036	3037	\N	\N	nt	1
6	G	T	4180	4181	\N	\N	nt	1
7	C	T	6401	6402	\N	\N	nt	1
8	C	T	7123	7124	\N	\N	nt	1
9	C	T	7850	7851	\N	\N	nt	1
10	A	N	7965	7966	\N	\N	nt	1
11	C	T	8985	8986	\N	\N	nt	1
12	G	T	9052	9053	\N	\N	nt	1
13	T	N	9627	9628	\N	\N	nt	1
14	T	N	9628	9629	\N	\N	nt	1
15	C	T	10028	10029	\N	\N	nt	1
16	C	T	11198	11199	\N	\N	nt	1
17	A	G	11200	11201	\N	\N	nt	1
18	A	G	11331	11332	\N	\N	nt	1
19	C	T	11746	11747	\N	\N	nt	1
20	C	T	14407	14408	\N	\N	nt	1
21	G	A	15450	15451	\N	\N	nt	1
22	C	T	16465	16466	\N	\N	nt	1
23	A	R	18584	18585	\N	\N	nt	1
24	G	T	18588	18589	\N	\N	nt	1
25	C	S	18590	18591	\N	\N	nt	1
26	G	K	18595	18596	\N	\N	nt	1
27	T	K	18606	18607	\N	\N	nt	1
28	G	K	18633	18634	\N	\N	nt	1
29	C	T	19219	19220	\N	\N	nt	1
30	T	N	20525	20526	\N	\N	nt	1
31	C	G	21617	21618	\N	\N	nt	1
32	G	A	21986	21987	\N	\N	nt	1
33		\N	22028	22034	\N	\N	nt	1
34	T	G	22916	22917	\N	\N	nt	1
35	C	A	22994	22995	\N	\N	nt	1
36	A	G	23402	23403	\N	\N	nt	1
37	C	G	23603	23604	\N	\N	nt	1
38	G	A	24409	24410	\N	\N	nt	1
39	G	A	24841	24842	\N	\N	nt	1
40	C	T	24864	24865	\N	\N	nt	1
41	A	T	25449	25450	\N	\N	nt	1
42	C	T	25468	25469	\N	\N	nt	1
43	A	M	25767	25768	\N	\N	nt	1
44	T	C	26766	26767	\N	\N	nt	1
45	G	N	27477	27478	\N	\N	nt	1
46	T	N	27478	27479	\N	\N	nt	1
47	A	N	27479	27480	\N	\N	nt	1
48	C	N	27480	27481	\N	\N	nt	1
49	T	N	27481	27482	\N	\N	nt	1
50	T	N	27482	27483	\N	\N	nt	1
51	T	N	27483	27484	\N	\N	nt	1
52	T	N	27484	27485	\N	\N	nt	1
53	A	N	27485	27486	\N	\N	nt	1
54	A	N	27486	27487	\N	\N	nt	1
55	A	N	27487	27488	\N	\N	nt	1
56	A	N	27488	27489	\N	\N	nt	1
57	G	N	27489	27490	\N	\N	nt	1
58	A	N	27490	27491	\N	\N	nt	1
59	A	N	27491	27492	\N	\N	nt	1
60	C	N	27492	27493	\N	\N	nt	1
61	C	N	27493	27494	\N	\N	nt	1
62	T	N	27494	27495	\N	\N	nt	1
63	T	N	27495	27496	\N	\N	nt	1
64	G	N	27496	27497	\N	\N	nt	1
65	C	N	27497	27498	\N	\N	nt	1
66	T	N	27498	27499	\N	\N	nt	1
67	C	N	27499	27500	\N	\N	nt	1
68	T	N	27500	27501	\N	\N	nt	1
69	T	N	27501	27502	\N	\N	nt	1
70	C	N	27502	27503	\N	\N	nt	1
71	T	N	27503	27504	\N	\N	nt	1
72	G	N	27504	27505	\N	\N	nt	1
73	G	N	27505	27506	\N	\N	nt	1
74	A	N	27506	27507	\N	\N	nt	1
75	A	N	27507	27508	\N	\N	nt	1
76	C	N	27508	27509	\N	\N	nt	1
77	A	N	27509	27510	\N	\N	nt	1
78	T	N	27510	27511	\N	\N	nt	1
79	A	N	27511	27512	\N	\N	nt	1
80	C	N	27512	27513	\N	\N	nt	1
81	G	N	27513	27514	\N	\N	nt	1
82	A	N	27514	27515	\N	\N	nt	1
83	G	N	27515	27516	\N	\N	nt	1
84	G	N	27516	27517	\N	\N	nt	1
85	G	N	27517	27518	\N	\N	nt	1
86	C	N	27518	27519	\N	\N	nt	1
87	A	N	27519	27520	\N	\N	nt	1
88	A	N	27520	27521	\N	\N	nt	1
89	T	N	27521	27522	\N	\N	nt	1
90	T	N	27522	27523	\N	\N	nt	1
91	C	N	27523	27524	\N	\N	nt	1
92	A	N	27524	27525	\N	\N	nt	1
93	C	N	27525	27526	\N	\N	nt	1
94	C	N	27526	27527	\N	\N	nt	1
95	A	N	27527	27528	\N	\N	nt	1
96	T	N	27528	27529	\N	\N	nt	1
97	T	N	27529	27530	\N	\N	nt	1
98	T	N	27530	27531	\N	\N	nt	1
99	C	N	27531	27532	\N	\N	nt	1
100	A	N	27532	27533	\N	\N	nt	1
101	T	N	27533	27534	\N	\N	nt	1
102	C	N	27534	27535	\N	\N	nt	1
103	C	N	27535	27536	\N	\N	nt	1
104	T	N	27536	27537	\N	\N	nt	1
105	C	N	27537	27538	\N	\N	nt	1
106	T	N	27538	27539	\N	\N	nt	1
107	A	N	27539	27540	\N	\N	nt	1
108	G	N	27540	27541	\N	\N	nt	1
109	C	N	27541	27542	\N	\N	nt	1
110	T	N	27542	27543	\N	\N	nt	1
111	G	N	27543	27544	\N	\N	nt	1
112	A	N	27544	27545	\N	\N	nt	1
113	T	N	27545	27546	\N	\N	nt	1
114	A	N	27546	27547	\N	\N	nt	1
115	A	N	27547	27548	\N	\N	nt	1
116	C	N	27548	27549	\N	\N	nt	1
117	A	N	27549	27550	\N	\N	nt	1
118	A	N	27550	27551	\N	\N	nt	1
119	A	N	27551	27552	\N	\N	nt	1
120	T	N	27552	27553	\N	\N	nt	1
121	T	N	27553	27554	\N	\N	nt	1
122	T	N	27554	27555	\N	\N	nt	1
123	G	N	27555	27556	\N	\N	nt	1
124	C	N	27556	27557	\N	\N	nt	1
125	A	N	27557	27558	\N	\N	nt	1
126	C	N	27558	27559	\N	\N	nt	1
127	T	N	27559	27560	\N	\N	nt	1
128	G	N	27560	27561	\N	\N	nt	1
129	A	N	27561	27562	\N	\N	nt	1
130	C	N	27562	27563	\N	\N	nt	1
131	T	N	27563	27564	\N	\N	nt	1
132	T	N	27564	27565	\N	\N	nt	1
133	G	N	27565	27566	\N	\N	nt	1
134	C	N	27566	27567	\N	\N	nt	1
135	T	N	27567	27568	\N	\N	nt	1
136	T	N	27568	27569	\N	\N	nt	1
137	T	N	27569	27570	\N	\N	nt	1
138	A	N	27570	27571	\N	\N	nt	1
139	G	N	27571	27572	\N	\N	nt	1
140	C	N	27572	27573	\N	\N	nt	1
141	A	N	27573	27574	\N	\N	nt	1
142	C	N	27574	27575	\N	\N	nt	1
143	T	N	27575	27576	\N	\N	nt	1
144	C	N	27576	27577	\N	\N	nt	1
145	A	N	27577	27578	\N	\N	nt	1
146	A	N	27578	27579	\N	\N	nt	1
147	T	N	27579	27580	\N	\N	nt	1
148	T	N	27580	27581	\N	\N	nt	1
149	T	N	27581	27582	\N	\N	nt	1
150	G	N	27582	27583	\N	\N	nt	1
151	C	N	27583	27584	\N	\N	nt	1
152	T	N	27584	27585	\N	\N	nt	1
153	T	N	27585	27586	\N	\N	nt	1
154	T	N	27586	27587	\N	\N	nt	1
155	T	N	27587	27588	\N	\N	nt	1
156	G	N	27588	27589	\N	\N	nt	1
157	C	N	27589	27590	\N	\N	nt	1
158	T	N	27590	27591	\N	\N	nt	1
159	T	N	27591	27592	\N	\N	nt	1
160	G	N	27592	27593	\N	\N	nt	1
161	T	N	27593	27594	\N	\N	nt	1
162	C	N	27594	27595	\N	\N	nt	1
163	C	N	27595	27596	\N	\N	nt	1
164	T	N	27596	27597	\N	\N	nt	1
165	G	N	27597	27598	\N	\N	nt	1
166	A	N	27598	27599	\N	\N	nt	1
167	C	N	27599	27600	\N	\N	nt	1
168	G	N	27600	27601	\N	\N	nt	1
169	G	N	27601	27602	\N	\N	nt	1
170	C	N	27602	27603	\N	\N	nt	1
171	G	N	27603	27604	\N	\N	nt	1
172	T	N	27604	27605	\N	\N	nt	1
173	A	N	27605	27606	\N	\N	nt	1
174	A	N	27606	27607	\N	\N	nt	1
175	A	N	27607	27608	\N	\N	nt	1
176	A	N	27608	27609	\N	\N	nt	1
177	C	N	27609	27610	\N	\N	nt	1
178	A	N	27610	27611	\N	\N	nt	1
179	C	N	27611	27612	\N	\N	nt	1
180	G	N	27612	27613	\N	\N	nt	1
181	T	N	27613	27614	\N	\N	nt	1
182	C	N	27614	27615	\N	\N	nt	1
183	T	N	27615	27616	\N	\N	nt	1
184	A	N	27616	27617	\N	\N	nt	1
185	T	N	27617	27618	\N	\N	nt	1
186	C	N	27618	27619	\N	\N	nt	1
187	A	N	27619	27620	\N	\N	nt	1
188	G	N	27620	27621	\N	\N	nt	1
189	T	N	27621	27622	\N	\N	nt	1
190	T	N	27622	27623	\N	\N	nt	1
191	A	N	27623	27624	\N	\N	nt	1
192	C	N	27624	27625	\N	\N	nt	1
193	G	N	27625	27626	\N	\N	nt	1
194	T	N	27626	27627	\N	\N	nt	1
195	G	N	27627	27628	\N	\N	nt	1
196	C	N	27628	27629	\N	\N	nt	1
197	C	N	27629	27630	\N	\N	nt	1
198	A	N	27630	27631	\N	\N	nt	1
199	G	N	27631	27632	\N	\N	nt	1
200	A	N	27632	27633	\N	\N	nt	1
201	T	N	27633	27634	\N	\N	nt	1
202	C	N	27634	27635	\N	\N	nt	1
203	A	N	27635	27636	\N	\N	nt	1
204	G	N	27636	27637	\N	\N	nt	1
205	T	N	27637	27638	\N	\N	nt	1
206	T	N	27638	27639	\N	\N	nt	1
207	T	N	27639	27640	\N	\N	nt	1
208	C	N	27640	27641	\N	\N	nt	1
209	A	N	27641	27642	\N	\N	nt	1
210	C	N	27642	27643	\N	\N	nt	1
211	C	N	27643	27644	\N	\N	nt	1
212	T	N	27644	27645	\N	\N	nt	1
213	A	N	27645	27646	\N	\N	nt	1
214	A	N	27646	27647	\N	\N	nt	1
215	A	N	27647	27648	\N	\N	nt	1
216	C	N	27648	27649	\N	\N	nt	1
217	T	N	27649	27650	\N	\N	nt	1
218	G	N	27650	27651	\N	\N	nt	1
219	T	N	27651	27652	\N	\N	nt	1
220	T	N	27652	27653	\N	\N	nt	1
221	C	N	27653	27654	\N	\N	nt	1
222	A	N	27654	27655	\N	\N	nt	1
223	T	N	27655	27656	\N	\N	nt	1
224	C	N	27656	27657	\N	\N	nt	1
225	A	N	27657	27658	\N	\N	nt	1
226	G	N	27658	27659	\N	\N	nt	1
227	A	N	27659	27660	\N	\N	nt	1
228	C	N	27660	27661	\N	\N	nt	1
229	A	N	27661	27662	\N	\N	nt	1
230	A	N	27662	27663	\N	\N	nt	1
231	G	N	27663	27664	\N	\N	nt	1
232	A	N	27664	27665	\N	\N	nt	1
233	G	N	27665	27666	\N	\N	nt	1
234	G	N	27666	27667	\N	\N	nt	1
235	A	N	27667	27668	\N	\N	nt	1
236	A	N	27668	27669	\N	\N	nt	1
237	G	N	27669	27670	\N	\N	nt	1
238	T	N	27670	27671	\N	\N	nt	1
239	T	N	27671	27672	\N	\N	nt	1
240	C	N	27672	27673	\N	\N	nt	1
241	A	N	27673	27674	\N	\N	nt	1
242	A	N	27674	27675	\N	\N	nt	1
243	G	N	27675	27676	\N	\N	nt	1
244	A	N	27676	27677	\N	\N	nt	1
245	A	N	27677	27678	\N	\N	nt	1
246	C	N	27678	27679	\N	\N	nt	1
247	T	N	27679	27680	\N	\N	nt	1
248	T	N	27680	27681	\N	\N	nt	1
249	T	N	27681	27682	\N	\N	nt	1
250	A	N	27682	27683	\N	\N	nt	1
251	C	N	27683	27684	\N	\N	nt	1
252	T	N	27684	27685	\N	\N	nt	1
253	C	N	27685	27686	\N	\N	nt	1
254	T	N	27686	27687	\N	\N	nt	1
255	C	N	27687	27688	\N	\N	nt	1
256	C	N	27688	27689	\N	\N	nt	1
257	A	N	27689	27690	\N	\N	nt	1
258	A	N	27690	27691	\N	\N	nt	1
259	T	N	27691	27692	\N	\N	nt	1
260	T	N	27692	27693	\N	\N	nt	1
261	T	N	27693	27694	\N	\N	nt	1
262	T	N	27694	27695	\N	\N	nt	1
263	T	N	27695	27696	\N	\N	nt	1
264	C	N	27696	27697	\N	\N	nt	1
265	T	N	27697	27698	\N	\N	nt	1
266	T	N	27698	27699	\N	\N	nt	1
267	A	N	27699	27700	\N	\N	nt	1
268	T	N	27700	27701	\N	\N	nt	1
269	T	N	27701	27702	\N	\N	nt	1
270	G	N	27702	27703	\N	\N	nt	1
271	T	N	27703	27704	\N	\N	nt	1
272	T	N	27704	27705	\N	\N	nt	1
273	G	N	27705	27706	\N	\N	nt	1
274	C	N	27706	27707	\N	\N	nt	1
275	G	N	27707	27708	\N	\N	nt	1
276	G	N	27708	27709	\N	\N	nt	1
277	C	N	27709	27710	\N	\N	nt	1
278	A	N	27710	27711	\N	\N	nt	1
279	A	N	27711	27712	\N	\N	nt	1
280	T	N	27712	27713	\N	\N	nt	1
281	A	N	27713	27714	\N	\N	nt	1
282	G	N	27714	27715	\N	\N	nt	1
283	T	N	27715	27716	\N	\N	nt	1
284	G	N	27716	27717	\N	\N	nt	1
285	T	N	27717	27718	\N	\N	nt	1
286	T	N	27718	27719	\N	\N	nt	1
287	T	N	27719	27720	\N	\N	nt	1
288	A	N	27720	27721	\N	\N	nt	1
289	T	N	27721	27722	\N	\N	nt	1
290	A	N	27722	27723	\N	\N	nt	1
291	A	N	27723	27724	\N	\N	nt	1
292	C	N	27724	27725	\N	\N	nt	1
293	A	N	27725	27726	\N	\N	nt	1
294	C	N	27726	27727	\N	\N	nt	1
295	T	N	27727	27728	\N	\N	nt	1
296	T	N	27728	27729	\N	\N	nt	1
297	T	N	27729	27730	\N	\N	nt	1
298	G	N	27730	27731	\N	\N	nt	1
299	C	N	27731	27732	\N	\N	nt	1
300	T	N	27732	27733	\N	\N	nt	1
301	T	N	27733	27734	\N	\N	nt	1
302	C	N	27734	27735	\N	\N	nt	1
303	A	N	27735	27736	\N	\N	nt	1
304	C	N	27736	27737	\N	\N	nt	1
305	A	N	27737	27738	\N	\N	nt	1
306	C	N	27738	27739	\N	\N	nt	1
307	T	N	27739	27740	\N	\N	nt	1
308	C	N	27740	27741	\N	\N	nt	1
309	A	N	27741	27742	\N	\N	nt	1
310	A	N	27742	27743	\N	\N	nt	1
311	A	N	27743	27744	\N	\N	nt	1
312	A	N	27744	27745	\N	\N	nt	1
313	G	N	27745	27746	\N	\N	nt	1
314	A	N	27746	27747	\N	\N	nt	1
315	A	N	27747	27748	\N	\N	nt	1
316	A	N	27748	27749	\N	\N	nt	1
317	G	N	27749	27750	\N	\N	nt	1
318	A	N	27750	27751	\N	\N	nt	1
319	C	N	27751	27752	\N	\N	nt	1
320	A	N	27752	27753	\N	\N	nt	1
321	G	N	27753	27754	\N	\N	nt	1
322	A	N	27754	27755	\N	\N	nt	1
323	T	N	27814	27815	\N	\N	nt	1
324	G	N	27815	27816	\N	\N	nt	1
325	T	N	27816	27817	\N	\N	nt	1
326	T	N	27817	27818	\N	\N	nt	1
327	T	N	27818	27819	\N	\N	nt	1
328	T	N	27819	27820	\N	\N	nt	1
329	A	N	27820	27821	\N	\N	nt	1
330	A	N	27821	27822	\N	\N	nt	1
331	T	N	27822	27823	\N	\N	nt	1
332	T	N	27823	27824	\N	\N	nt	1
333	A	N	27824	27825	\N	\N	nt	1
334	T	N	27825	27826	\N	\N	nt	1
335	G	N	27826	27827	\N	\N	nt	1
336	C	N	27827	27828	\N	\N	nt	1
337	T	N	27828	27829	\N	\N	nt	1
338	T	N	27829	27830	\N	\N	nt	1
339	A	N	27830	27831	\N	\N	nt	1
340	T	N	27831	27832	\N	\N	nt	1
341	T	N	27832	27833	\N	\N	nt	1
342	A	N	27833	27834	\N	\N	nt	1
343	T	N	27834	27835	\N	\N	nt	1
344	C	T	27873	27874	\N	\N	nt	1
345	A	N	28095	28096	\N	\N	nt	1
346	A	N	28144	28145	\N	\N	nt	1
347	T	N	28147	28148	\N	\N	nt	1
348	A	N	28168	28169	\N	\N	nt	1
349	T	N	28183	28184	\N	\N	nt	1
350	C	N	28184	28185	\N	\N	nt	1
351	T	N	28185	28186	\N	\N	nt	1
352	T	N	28186	28187	\N	\N	nt	1
353	G	N	28187	28188	\N	\N	nt	1
354	T	N	28188	28189	\N	\N	nt	1
355	A	N	28189	28190	\N	\N	nt	1
356	G	N	28190	28191	\N	\N	nt	1
357	T	N	28191	28192	\N	\N	nt	1
358	G	N	28192	28193	\N	\N	nt	1
359	C	N	28193	28194	\N	\N	nt	1
360	G	N	28194	28195	\N	\N	nt	1
361	T	N	28195	28196	\N	\N	nt	1
362	T	N	28196	28197	\N	\N	nt	1
363	G	N	28197	28198	\N	\N	nt	1
364	T	N	28198	28199	\N	\N	nt	1
365	T	N	28199	28200	\N	\N	nt	1
366	C	N	28200	28201	\N	\N	nt	1
367	G	N	28201	28202	\N	\N	nt	1
368	T	N	28202	28203	\N	\N	nt	1
369	T	N	28203	28204	\N	\N	nt	1
370	C	N	28204	28205	\N	\N	nt	1
371	T	N	28205	28206	\N	\N	nt	1
372	A	N	28206	28207	\N	\N	nt	1
373	T	N	28207	28208	\N	\N	nt	1
374	G	N	28208	28209	\N	\N	nt	1
375	A	N	28209	28210	\N	\N	nt	1
376	A	N	28210	28211	\N	\N	nt	1
377	G	N	28211	28212	\N	\N	nt	1
378	A	N	28212	28213	\N	\N	nt	1
379	C	N	28213	28214	\N	\N	nt	1
380	T	N	28214	28215	\N	\N	nt	1
381	T	N	28215	28216	\N	\N	nt	1
382	T	N	28216	28217	\N	\N	nt	1
383	T	N	28217	28218	\N	\N	nt	1
384	T	N	28218	28219	\N	\N	nt	1
385	A	N	28219	28220	\N	\N	nt	1
386	G	N	28220	28221	\N	\N	nt	1
387	A	N	28221	28222	\N	\N	nt	1
388	G	N	28222	28223	\N	\N	nt	1
389	T	N	28223	28224	\N	\N	nt	1
390	A	N	28224	28225	\N	\N	nt	1
391	T	N	28225	28226	\N	\N	nt	1
392	C	N	28226	28227	\N	\N	nt	1
393	A	N	28227	28228	\N	\N	nt	1
394	T	N	28228	28229	\N	\N	nt	1
395	G	N	28229	28230	\N	\N	nt	1
396	A	N	28230	28231	\N	\N	nt	1
397	C	N	28231	28232	\N	\N	nt	1
398	G	N	28232	28233	\N	\N	nt	1
399	T	N	28233	28234	\N	\N	nt	1
400	T	N	28234	28235	\N	\N	nt	1
401	C	N	28235	28236	\N	\N	nt	1
402	G	N	28236	28237	\N	\N	nt	1
403	T	N	28237	28238	\N	\N	nt	1
404	G	N	28238	28239	\N	\N	nt	1
405	T	N	28239	28240	\N	\N	nt	1
406	T	N	28240	28241	\N	\N	nt	1
407	G	N	28241	28242	\N	\N	nt	1
408	T	N	28242	28243	\N	\N	nt	1
409	T	N	28243	28244	\N	\N	nt	1
410	T	N	28244	28245	\N	\N	nt	1
411	T	N	28245	28246	\N	\N	nt	1
412	A	N	28246	28247	\N	\N	nt	1
413	G	N	28247	28248	\N	\N	nt	1
414	A	N	28248	28249	\N	\N	nt	1
415	T	N	28249	28250	\N	\N	nt	1
416	T	N	28250	28251	\N	\N	nt	1
417	T	N	28251	28252	\N	\N	nt	1
418	C	N	28252	28253	\N	\N	nt	1
419	A	N	28253	28254	\N	\N	nt	1
420	T	N	28254	28255	\N	\N	nt	1
421	C	N	28255	28256	\N	\N	nt	1
422	T	N	28256	28257	\N	\N	nt	1
423	A	N	28257	28258	\N	\N	nt	1
424	A	N	28258	28259	\N	\N	nt	1
425	A	N	28259	28260	\N	\N	nt	1
426	C	N	28260	28261	\N	\N	nt	1
427	G	N	28261	28262	\N	\N	nt	1
428	A	N	28262	28263	\N	\N	nt	1
429	A	N	28263	28264	\N	\N	nt	1
430	C	N	28264	28265	\N	\N	nt	1
431	A	N	28265	28266	\N	\N	nt	1
432	A	N	28266	28267	\N	\N	nt	1
433	A	N	28267	28268	\N	\N	nt	1
434	C	N	28268	28269	\N	\N	nt	1
435	T	N	28269	28270	\N	\N	nt	1
436	A	N	28270	28271	\N	\N	nt	1
437	A	N	28271	28272	\N	\N	nt	1
438	C	N	28309	28310	\N	\N	nt	1
439	C	N	28310	28311	\N	\N	nt	1
440	C	N	28311	28312	\N	\N	nt	1
441	C	N	28312	28313	\N	\N	nt	1
442	G	N	28313	28314	\N	\N	nt	1
443	C	N	28314	28315	\N	\N	nt	1
444	A	N	28315	28316	\N	\N	nt	1
445	T	N	28316	28317	\N	\N	nt	1
446	T	N	28317	28318	\N	\N	nt	1
447	A	N	28318	28319	\N	\N	nt	1
448	C	N	28319	28320	\N	\N	nt	1
449	G	N	28320	28321	\N	\N	nt	1
450	T	N	28321	28322	\N	\N	nt	1
451	T	N	28322	28323	\N	\N	nt	1
452	T	N	28323	28324	\N	\N	nt	1
453	G	N	28324	28325	\N	\N	nt	1
454	G	N	28325	28326	\N	\N	nt	1
455	T	N	28326	28327	\N	\N	nt	1
456	G	N	28327	28328	\N	\N	nt	1
457	G	N	28328	28329	\N	\N	nt	1
458	A	N	28329	28330	\N	\N	nt	1
459	C	N	28330	28331	\N	\N	nt	1
460	C	N	28331	28332	\N	\N	nt	1
461	C	N	28332	28333	\N	\N	nt	1
462	T	N	28333	28334	\N	\N	nt	1
463	C	N	28334	28335	\N	\N	nt	1
464	A	N	28335	28336	\N	\N	nt	1
465	G	N	28336	28337	\N	\N	nt	1
466	A	N	28337	28338	\N	\N	nt	1
467	T	N	28338	28339	\N	\N	nt	1
468	T	N	28339	28340	\N	\N	nt	1
469	C	N	28340	28341	\N	\N	nt	1
470	A	N	28341	28342	\N	\N	nt	1
471	A	N	28342	28343	\N	\N	nt	1
472	C	N	28343	28344	\N	\N	nt	1
473	T	N	28344	28345	\N	\N	nt	1
474	G	N	28345	28346	\N	\N	nt	1
475	G	N	28346	28347	\N	\N	nt	1
476	C	N	28347	28348	\N	\N	nt	1
477	A	N	28348	28349	\N	\N	nt	1
478	G	N	28349	28350	\N	\N	nt	1
479	T	N	28350	28351	\N	\N	nt	1
480	A	N	28351	28352	\N	\N	nt	1
481	A	N	28352	28353	\N	\N	nt	1
482	C	N	28353	28354	\N	\N	nt	1
483	C	N	28354	28355	\N	\N	nt	1
484	A	N	28355	28356	\N	\N	nt	1
485	G	N	28356	28357	\N	\N	nt	1
486	A	N	28357	28358	\N	\N	nt	1
487	A	N	28358	28359	\N	\N	nt	1
488	T	N	28359	28360	\N	\N	nt	1
489	G	N	28360	28361	\N	\N	nt	1
490	G	N	28361	28362	\N	\N	nt	1
491	A	N	28362	28363	\N	\N	nt	1
492	G	N	28363	28364	\N	\N	nt	1
493	A	N	28364	28365	\N	\N	nt	1
494	A	N	28365	28366	\N	\N	nt	1
495	C	N	28366	28367	\N	\N	nt	1
496	G	N	28367	28368	\N	\N	nt	1
497	C	N	28368	28369	\N	\N	nt	1
498	A	N	28369	28370	\N	\N	nt	1
499	G	N	28370	28371	\N	\N	nt	1
500	T	N	28371	28372	\N	\N	nt	1
501	G	N	28372	28373	\N	\N	nt	1
502	G	N	28373	28374	\N	\N	nt	1
503	G	N	28374	28375	\N	\N	nt	1
504	G	N	28375	28376	\N	\N	nt	1
505	C	N	28376	28377	\N	\N	nt	1
506	G	N	28377	28378	\N	\N	nt	1
507	C	N	28378	28379	\N	\N	nt	1
508	G	N	28379	28380	\N	\N	nt	1
509	A	N	28380	28381	\N	\N	nt	1
510	T	N	28381	28382	\N	\N	nt	1
511	C	N	28382	28383	\N	\N	nt	1
512	A	N	28383	28384	\N	\N	nt	1
513	A	N	28384	28385	\N	\N	nt	1
514	A	N	28385	28386	\N	\N	nt	1
515	A	N	28386	28387	\N	\N	nt	1
516	C	N	28387	28388	\N	\N	nt	1
517	A	N	28388	28389	\N	\N	nt	1
518	A	N	28389	28390	\N	\N	nt	1
519	C	N	28390	28391	\N	\N	nt	1
520	A	G	28460	28461	\N	\N	nt	1
521	G	T	28880	28881	\N	\N	nt	1
522	G	T	28915	28916	\N	\N	nt	1
523	T	C	29205	29206	\N	\N	nt	1
524	G	T	29401	29402	\N	\N	nt	1
525	G	A	29702	29703	\N	\N	nt	1
526		\N	29713	29903	\N	\N	nt	1
527	I	T	81	82	\N	2	cds	1
528	P	X	12	13	\N	3	cds	1
529	R	X	13	14	\N	3	cds	1
530	I	X	14	15	\N	3	cds	1
531	T	X	15	16	\N	3	cds	1
532	F	X	16	17	\N	3	cds	1
533	G	X	17	18	\N	3	cds	1
534	G	X	18	19	\N	3	cds	1
535	P	X	19	20	\N	3	cds	1
536	S	X	20	21	\N	3	cds	1
537	D	X	21	22	\N	3	cds	1
538	S	X	22	23	\N	3	cds	1
539	T	X	23	24	\N	3	cds	1
540	G	X	24	25	\N	3	cds	1
541	S	X	25	26	\N	3	cds	1
542	N	X	26	27	\N	3	cds	1
543	Q	X	27	28	\N	3	cds	1
544	N	X	28	29	\N	3	cds	1
545	G	X	29	30	\N	3	cds	1
546	E	X	30	31	\N	3	cds	1
547	R	X	31	32	\N	3	cds	1
548	S	X	32	33	\N	3	cds	1
549	G	X	33	34	\N	3	cds	1
550	A	X	34	35	\N	3	cds	1
551	R	X	35	36	\N	3	cds	1
552	S	X	36	37	\N	3	cds	1
553	K	X	37	38	\N	3	cds	1
554	Q	X	38	39	\N	3	cds	1
555	R	X	39	40	\N	3	cds	1
556	D	G	62	63	\N	3	cds	1
557	R	M	202	203	\N	3	cds	1
558	G	C	214	215	\N	3	cds	1
559	D	Y	376	377	\N	3	cds	1
560	A	S	1305	1306	\N	4	cds	1
561	P	L	2045	2046	\N	4	cds	1
562	P	S	2286	2287	\N	4	cds	1
563	A	V	2528	2529	\N	4	cds	1
564	Q	X	2566	2567	\N	4	cds	1
565	V	L	2929	2930	\N	4	cds	1
566	F	X	3121	3122	\N	4	cds	1
567	T	I	3254	3255	\N	4	cds	1
568	A	V	3644	3645	\N	4	cds	1
569	T	A	3645	3646	\N	4	cds	1
570	P	L	313	314	\N	5	cds	1
571	G	S	661	662	\N	5	cds	1
572	P	L	999	1000	\N	5	cds	1
573	V	X	1707	1708	\N	5	cds	1
574	W	X	1709	1710	\N	5	cds	1
575	F	X	1713	1714	\N	5	cds	1
576	V	X	1722	1723	\N	5	cds	1
577	A	V	1917	1918	\N	5	cds	1
578	F	X	2352	2353	\N	5	cds	1
579	I	F	19	20	\N	6	cds	1
580	S	L	25	26	\N	6	cds	1
581	V	X	28	29	\N	8	cds	1
582	L	X	29	30	\N	8	cds	1
583	L	X	30	31	\N	8	cds	1
584	K	X	31	32	\N	8	cds	1
585	E	X	32	33	\N	8	cds	1
586	P	X	33	34	\N	8	cds	1
587	C	X	34	35	\N	8	cds	1
588	S	X	35	36	\N	8	cds	1
589	S	X	36	37	\N	8	cds	1
590	G	X	37	38	\N	8	cds	1
591	T	X	38	39	\N	8	cds	1
592	Y	X	39	40	\N	8	cds	1
593	E	X	40	41	\N	8	cds	1
594	G	X	41	42	\N	8	cds	1
595	N	X	42	43	\N	8	cds	1
596	S	X	43	44	\N	8	cds	1
597	P	X	44	45	\N	8	cds	1
598	F	X	45	46	\N	8	cds	1
599	H	X	46	47	\N	8	cds	1
600	P	X	47	48	\N	8	cds	1
601	L	X	48	49	\N	8	cds	1
602	A	X	49	50	\N	8	cds	1
603	D	X	50	51	\N	8	cds	1
604	N	X	51	52	\N	8	cds	1
605	K	X	52	53	\N	8	cds	1
606	F	X	53	54	\N	8	cds	1
607	A	X	54	55	\N	8	cds	1
608	L	X	55	56	\N	8	cds	1
609	T	X	56	57	\N	8	cds	1
610	C	X	57	58	\N	8	cds	1
611	F	X	58	59	\N	8	cds	1
612	S	X	59	60	\N	8	cds	1
613	T	X	60	61	\N	8	cds	1
614	Q	X	61	62	\N	8	cds	1
615	F	X	62	63	\N	8	cds	1
616	A	X	63	64	\N	8	cds	1
617	F	X	64	65	\N	8	cds	1
618	A	X	65	66	\N	8	cds	1
619	C	X	66	67	\N	8	cds	1
620	P	X	67	68	\N	8	cds	1
621	D	X	68	69	\N	8	cds	1
622	G	X	69	70	\N	8	cds	1
623	V	X	70	71	\N	8	cds	1
624	K	X	71	72	\N	8	cds	1
625	H	X	72	73	\N	8	cds	1
626	V	X	73	74	\N	8	cds	1
627	Y	X	74	75	\N	8	cds	1
628	Q	X	75	76	\N	8	cds	1
629	L	X	76	77	\N	8	cds	1
630	R	X	77	78	\N	8	cds	1
631	A	X	78	79	\N	8	cds	1
632	R	X	79	80	\N	8	cds	1
633	S	X	80	81	\N	8	cds	1
634	V	X	81	82	\N	8	cds	1
635	S	X	82	83	\N	8	cds	1
636	P	X	83	84	\N	8	cds	1
637	K	X	84	85	\N	8	cds	1
638	L	X	85	86	\N	8	cds	1
639	F	X	86	87	\N	8	cds	1
640	I	X	87	88	\N	8	cds	1
641	R	X	88	89	\N	8	cds	1
642	Q	X	89	90	\N	8	cds	1
643	E	X	90	91	\N	8	cds	1
644	E	X	91	92	\N	8	cds	1
645	V	X	92	93	\N	8	cds	1
646	Q	X	93	94	\N	8	cds	1
647	E	X	94	95	\N	8	cds	1
648	L	X	95	96	\N	8	cds	1
649	Y	X	96	97	\N	8	cds	1
650	S	X	97	98	\N	8	cds	1
651	P	X	98	99	\N	8	cds	1
652	I	X	99	100	\N	8	cds	1
653	F	X	100	101	\N	8	cds	1
654	L	X	101	102	\N	8	cds	1
655	I	X	102	103	\N	8	cds	1
656	V	X	103	104	\N	8	cds	1
657	A	X	104	105	\N	8	cds	1
658	A	X	105	106	\N	8	cds	1
659	I	X	106	107	\N	8	cds	1
660	V	X	107	108	\N	8	cds	1
661	F	X	108	109	\N	8	cds	1
662	I	X	109	110	\N	8	cds	1
663	T	X	110	111	\N	8	cds	1
664	L	X	111	112	\N	8	cds	1
665	C	X	112	113	\N	8	cds	1
666	F	X	113	114	\N	8	cds	1
667	T	X	114	115	\N	8	cds	1
668	L	X	115	116	\N	8	cds	1
669	K	X	116	117	\N	8	cds	1
670	R	X	117	118	\N	8	cds	1
671	K	X	118	119	\N	8	cds	1
672	T	X	119	120	\N	8	cds	1
673	E	X	120	121	\N	8	cds	1
674	V	X	20	21	\N	9	cds	1
675	L	X	21	22	\N	9	cds	1
676	I	X	22	23	\N	9	cds	1
677	M	X	23	24	\N	9	cds	1
678	L	X	24	25	\N	9	cds	1
679	I	X	25	26	\N	9	cds	1
680	I	X	26	27	\N	9	cds	1
681	T	I	39	40	\N	9	cds	1
682	K	X	67	68	\N	10	cds	1
683	L	X	83	84	\N	10	cds	1
684	E	X	91	92	\N	10	cds	1
685	S	X	96	97	\N	10	cds	1
686	L	X	97	98	\N	10	cds	1
687	V	X	98	99	\N	10	cds	1
688	V	X	99	100	\N	10	cds	1
689	R	X	100	101	\N	10	cds	1
690	C	X	101	102	\N	10	cds	1
691	S	X	102	103	\N	10	cds	1
692	F	X	103	104	\N	10	cds	1
693	Y	X	104	105	\N	10	cds	1
694	E	X	105	106	\N	10	cds	1
695	D	X	106	107	\N	10	cds	1
696	F	X	107	108	\N	10	cds	1
697	L	X	108	109	\N	10	cds	1
698	E	X	109	110	\N	10	cds	1
699	Y	X	110	111	\N	10	cds	1
700	H	X	111	112	\N	10	cds	1
701	D	X	112	113	\N	10	cds	1
702	V	X	113	114	\N	10	cds	1
703	R	X	114	115	\N	10	cds	1
704	V	X	115	116	\N	10	cds	1
705	V	X	116	117	\N	10	cds	1
706	L	X	117	118	\N	10	cds	1
707	D	X	118	119	\N	10	cds	1
708	F	X	119	120	\N	10	cds	1
709	I	X	120	121	\N	10	cds	1
710	*	X	121	122	\N	10	cds	1
711	H	X	8	9	\N	11	cds	1
712	P	X	9	10	\N	11	cds	1
713	A	X	10	11	\N	11	cds	1
714	L	X	11	12	\N	11	cds	1
715	R	X	12	13	\N	11	cds	1
716	L	X	13	14	\N	11	cds	1
717	V	X	14	15	\N	11	cds	1
718	D	X	15	16	\N	11	cds	1
719	P	X	16	17	\N	11	cds	1
720	Q	X	17	18	\N	11	cds	1
721	I	X	18	19	\N	11	cds	1
722	Q	X	19	20	\N	11	cds	1
723	L	X	20	21	\N	11	cds	1
724	A	X	21	22	\N	11	cds	1
725	V	X	22	23	\N	11	cds	1
726	T	X	23	24	\N	11	cds	1
727	R	X	24	25	\N	11	cds	1
728	M	X	25	26	\N	11	cds	1
729	E	X	26	27	\N	11	cds	1
730	N	X	27	28	\N	11	cds	1
731	A	X	28	29	\N	11	cds	1
732	V	X	29	30	\N	11	cds	1
733	G	X	30	31	\N	11	cds	1
734	R	X	31	32	\N	11	cds	1
735	D	X	32	33	\N	11	cds	1
736	Q	X	33	34	\N	11	cds	1
737	N	X	34	35	\N	11	cds	1
738	N	X	35	36	\N	11	cds	1
739	T	A	59	60	\N	11	cds	1
740	T	R	18	19	\N	12	cds	1
741	G	D	141	142	\N	12	cds	1
742	L	R	451	452	\N	12	cds	1
743	T	K	477	478	\N	12	cds	1
744	D	G	613	614	\N	12	cds	1
745	P	R	680	681	\N	12	cds	1
746	D	N	949	950	\N	12	cds	1
747	V	I	1093	1094	\N	12	cds	1
748		\N	156	157	\N	12	cds	1
749		\N	0	48	\N	\N	nt	1
751	C	T	1593	1594	\N	\N	nt	1
752	T	N	1782	1783	\N	\N	nt	1
753	G	N	1783	1784	\N	\N	nt	1
754	G	N	1784	1785	\N	\N	nt	1
755	T	N	1785	1786	\N	\N	nt	1
756	A	N	1786	1787	\N	\N	nt	1
757	A	N	1787	1788	\N	\N	nt	1
758	T	N	1788	1789	\N	\N	nt	1
759	T	N	1789	1790	\N	\N	nt	1
760	T	N	1790	1791	\N	\N	nt	1
761	T	N	1791	1792	\N	\N	nt	1
762	A	N	1792	1793	\N	\N	nt	1
763	A	N	1793	1794	\N	\N	nt	1
764	A	N	1794	1795	\N	\N	nt	1
765	G	N	1795	1796	\N	\N	nt	1
766	T	N	1796	1797	\N	\N	nt	1
767	T	N	1797	1798	\N	\N	nt	1
768	A	N	1798	1799	\N	\N	nt	1
769	C	N	1799	1800	\N	\N	nt	1
770	A	N	1800	1801	\N	\N	nt	1
771	A	N	1801	1802	\N	\N	nt	1
772	A	N	1802	1803	\N	\N	nt	1
773	A	N	1803	1804	\N	\N	nt	1
774	G	N	1804	1805	\N	\N	nt	1
775	G	N	1805	1806	\N	\N	nt	1
776	A	N	1806	1807	\N	\N	nt	1
777	A	N	1807	1808	\N	\N	nt	1
778	A	N	1808	1809	\N	\N	nt	1
779	A	N	1809	1810	\N	\N	nt	1
780	G	N	1810	1811	\N	\N	nt	1
781	C	N	1811	1812	\N	\N	nt	1
782	T	N	1812	1813	\N	\N	nt	1
783	A	N	1813	1814	\N	\N	nt	1
784	A	N	1814	1815	\N	\N	nt	1
785	A	N	1815	1816	\N	\N	nt	1
786	A	N	1816	1817	\N	\N	nt	1
787	A	G	1896	1897	\N	\N	nt	1
788	C	T	2469	2470	\N	\N	nt	1
789	A	G	2831	2832	\N	\N	nt	1
791	T	G	5385	5386	\N	\N	nt	1
792		\N	6512	6515	\N	\N	nt	1
793	G	N	6900	6901	\N	\N	nt	1
794	G	N	6901	6902	\N	\N	nt	1
795	C	N	6902	6903	\N	\N	nt	1
796	T	N	6903	6904	\N	\N	nt	1
797	T	N	6904	6905	\N	\N	nt	1
798	C	N	6905	6906	\N	\N	nt	1
799	A	N	6906	6907	\N	\N	nt	1
800	T	N	6907	6908	\N	\N	nt	1
801	T	N	6908	6909	\N	\N	nt	1
802	T	N	6909	6910	\N	\N	nt	1
803	A	N	6910	6911	\N	\N	nt	1
804	A	N	6911	6912	\N	\N	nt	1
805	T	N	6912	6913	\N	\N	nt	1
806	T	N	6913	6914	\N	\N	nt	1
807	A	N	6914	6915	\N	\N	nt	1
808	T	N	6915	6916	\N	\N	nt	1
809	T	N	6916	6917	\N	\N	nt	1
810	T	N	6917	6918	\N	\N	nt	1
811	G	N	6918	6919	\N	\N	nt	1
812	A	N	6919	6920	\N	\N	nt	1
813	A	N	6920	6921	\N	\N	nt	1
814	G	N	6921	6922	\N	\N	nt	1
815	T	N	6922	6923	\N	\N	nt	1
816	A	N	6966	6967	\N	\N	nt	1
817	C	N	6967	6968	\N	\N	nt	1
818	T	N	6968	6969	\N	\N	nt	1
819	T	N	6978	6979	\N	\N	nt	1
820	T	N	6979	6980	\N	\N	nt	1
821	G	N	6980	6981	\N	\N	nt	1
822	A	N	6998	6999	\N	\N	nt	1
823	C	N	6999	7000	\N	\N	nt	1
824	T	N	7000	7001	\N	\N	nt	1
825	C	N	7001	7002	\N	\N	nt	1
826	A	N	7002	7003	\N	\N	nt	1
827	C	N	7005	7006	\N	\N	nt	1
828	G	N	7006	7007	\N	\N	nt	1
829	T	N	7045	7046	\N	\N	nt	1
830	T	N	7051	7052	\N	\N	nt	1
831	G	N	7052	7053	\N	\N	nt	1
832	T	N	7053	7054	\N	\N	nt	1
833	A	N	7054	7055	\N	\N	nt	1
834	G	A	8392	8393	\N	\N	nt	1
836	C	A	10448	10449	\N	\N	nt	1
837		\N	11282	11291	\N	\N	nt	1
838	A	G	11536	11537	\N	\N	nt	1
839	T	C	13194	13195	\N	\N	nt	1
841	C	T	15239	15240	\N	\N	nt	1
842	C	T	17746	17747	\N	\N	nt	1
843	A	G	18162	18163	\N	\N	nt	1
844	A	N	20231	20232	\N	\N	nt	1
845	C	N	20232	20233	\N	\N	nt	1
846	C	N	20233	20234	\N	\N	nt	1
847	C	N	20234	20235	\N	\N	nt	1
848	A	N	20235	20236	\N	\N	nt	1
849	G	N	20236	20237	\N	\N	nt	1
850	G	N	20237	20238	\N	\N	nt	1
851	A	N	20238	20239	\N	\N	nt	1
852	G	N	20239	20240	\N	\N	nt	1
853	T	N	20240	20241	\N	\N	nt	1
854	C	N	20241	20242	\N	\N	nt	1
855	A	N	20242	20243	\N	\N	nt	1
856	A	N	20243	20244	\N	\N	nt	1
857	A	N	20244	20245	\N	\N	nt	1
858	T	N	20245	20246	\N	\N	nt	1
859	G	N	20246	20247	\N	\N	nt	1
860	G	N	20247	20248	\N	\N	nt	1
861	A	N	20248	20249	\N	\N	nt	1
862	A	N	20249	20250	\N	\N	nt	1
863	A	N	20250	20251	\N	\N	nt	1
864	T	N	20251	20252	\N	\N	nt	1
865	T	N	20252	20253	\N	\N	nt	1
866	G	N	20253	20254	\N	\N	nt	1
867	A	N	20254	20255	\N	\N	nt	1
868	T	N	20255	20256	\N	\N	nt	1
869	T	N	20256	20257	\N	\N	nt	1
870	T	N	20257	20258	\N	\N	nt	1
871	C	N	20258	20259	\N	\N	nt	1
872	T	N	20259	20260	\N	\N	nt	1
873	T	N	20260	20261	\N	\N	nt	1
874	A	N	20261	20262	\N	\N	nt	1
875	G	N	20262	20263	\N	\N	nt	1
876	A	N	20263	20264	\N	\N	nt	1
877	A	N	20264	20265	\N	\N	nt	1
878	T	N	20265	20266	\N	\N	nt	1
879	T	N	20266	20267	\N	\N	nt	1
880	A	N	20267	20268	\N	\N	nt	1
881	G	N	20268	20269	\N	\N	nt	1
882	C	N	20269	20270	\N	\N	nt	1
883	T	N	20270	20271	\N	\N	nt	1
884	A	N	20271	20272	\N	\N	nt	1
885	T	N	20272	20273	\N	\N	nt	1
886	G	N	20273	20274	\N	\N	nt	1
887	G	N	20274	20275	\N	\N	nt	1
888	A	N	20275	20276	\N	\N	nt	1
889	T	N	20276	20277	\N	\N	nt	1
890	G	N	20277	20278	\N	\N	nt	1
891	A	N	20278	20279	\N	\N	nt	1
892	A	N	20279	20280	\N	\N	nt	1
893	T	N	20280	20281	\N	\N	nt	1
894	T	N	20281	20282	\N	\N	nt	1
895	C	N	20282	20283	\N	\N	nt	1
896	A	N	20283	20284	\N	\N	nt	1
897	T	N	20284	20285	\N	\N	nt	1
898	T	N	20285	20286	\N	\N	nt	1
899	G	N	20286	20287	\N	\N	nt	1
900	A	N	20287	20288	\N	\N	nt	1
901	A	N	20288	20289	\N	\N	nt	1
902	C	N	20289	20290	\N	\N	nt	1
903	G	N	20290	20291	\N	\N	nt	1
904	G	N	20291	20292	\N	\N	nt	1
905	T	N	20292	20293	\N	\N	nt	1
906	A	N	20293	20294	\N	\N	nt	1
907	T	N	20294	20295	\N	\N	nt	1
908	A	N	20295	20296	\N	\N	nt	1
909	A	N	20296	20297	\N	\N	nt	1
910	A	N	20297	20298	\N	\N	nt	1
911	T	N	20298	20299	\N	\N	nt	1
912	T	N	20299	20300	\N	\N	nt	1
913	A	N	20300	20301	\N	\N	nt	1
914	G	N	20301	20302	\N	\N	nt	1
915	A	N	20302	20303	\N	\N	nt	1
916	A	N	20303	20304	\N	\N	nt	1
917	T	N	20307	20308	\N	\N	nt	1
918	G	N	20310	20311	\N	\N	nt	1
919	C	N	20311	20312	\N	\N	nt	1
920	C	N	20312	20313	\N	\N	nt	1
921	T	N	20313	20314	\N	\N	nt	1
922	T	N	20314	20315	\N	\N	nt	1
923	C	N	20315	20316	\N	\N	nt	1
924	G	N	20316	20317	\N	\N	nt	1
925	A	N	20317	20318	\N	\N	nt	1
926	A	N	20318	20319	\N	\N	nt	1
927	C	N	20319	20320	\N	\N	nt	1
928	A	N	20320	20321	\N	\N	nt	1
929	T	N	20321	20322	\N	\N	nt	1
930	A	N	20322	20323	\N	\N	nt	1
931	T	N	20323	20324	\N	\N	nt	1
932	C	N	20324	20325	\N	\N	nt	1
933	G	N	20325	20326	\N	\N	nt	1
934	T	N	20326	20327	\N	\N	nt	1
935	T	N	20327	20328	\N	\N	nt	1
936	T	N	20328	20329	\N	\N	nt	1
937	A	N	20329	20330	\N	\N	nt	1
938	T	N	20330	20331	\N	\N	nt	1
939	G	N	20331	20332	\N	\N	nt	1
940	G	N	20332	20333	\N	\N	nt	1
941	A	N	20333	20334	\N	\N	nt	1
942	G	N	20334	20335	\N	\N	nt	1
943	A	N	20335	20336	\N	\N	nt	1
944	T	N	20336	20337	\N	\N	nt	1
945	T	N	20337	20338	\N	\N	nt	1
946	T	N	20338	20339	\N	\N	nt	1
947	T	N	20339	20340	\N	\N	nt	1
948	A	N	20340	20341	\N	\N	nt	1
949	G	N	20341	20342	\N	\N	nt	1
950	T	N	20342	20343	\N	\N	nt	1
951	C	N	20343	20344	\N	\N	nt	1
952	A	N	20344	20345	\N	\N	nt	1
953	T	N	20345	20346	\N	\N	nt	1
954	A	N	20346	20347	\N	\N	nt	1
955	G	N	20347	20348	\N	\N	nt	1
956	T	N	20348	20349	\N	\N	nt	1
957	C	N	20349	20350	\N	\N	nt	1
958	A	N	20350	20351	\N	\N	nt	1
959	G	N	20351	20352	\N	\N	nt	1
960	T	N	20352	20353	\N	\N	nt	1
961	T	N	20353	20354	\N	\N	nt	1
962	A	N	20354	20355	\N	\N	nt	1
963	G	N	20355	20356	\N	\N	nt	1
964	G	N	20356	20357	\N	\N	nt	1
965	T	N	20357	20358	\N	\N	nt	1
966	G	N	20358	20359	\N	\N	nt	1
967	G	N	20359	20360	\N	\N	nt	1
968	T	N	20360	20361	\N	\N	nt	1
969	T	N	20361	20362	\N	\N	nt	1
970	T	N	20362	20363	\N	\N	nt	1
971	A	N	20363	20364	\N	\N	nt	1
972	C	N	20364	20365	\N	\N	nt	1
973	A	N	20365	20366	\N	\N	nt	1
974	T	N	20366	20367	\N	\N	nt	1
975	C	N	20367	20368	\N	\N	nt	1
976	T	N	20368	20369	\N	\N	nt	1
977	A	N	20369	20370	\N	\N	nt	1
978	C	N	20370	20371	\N	\N	nt	1
979	T	N	20371	20372	\N	\N	nt	1
980	G	N	20372	20373	\N	\N	nt	1
981	A	N	20373	20374	\N	\N	nt	1
982	T	N	20374	20375	\N	\N	nt	1
983	T	N	20375	20376	\N	\N	nt	1
984	G	N	20376	20377	\N	\N	nt	1
985	G	N	20377	20378	\N	\N	nt	1
986	A	N	20378	20379	\N	\N	nt	1
987	C	N	20379	20380	\N	\N	nt	1
988	T	N	20380	20381	\N	\N	nt	1
989	A	N	20381	20382	\N	\N	nt	1
990	G	N	20382	20383	\N	\N	nt	1
991	C	N	20383	20384	\N	\N	nt	1
992	T	N	20384	20385	\N	\N	nt	1
993	A	N	20385	20386	\N	\N	nt	1
994	A	N	20386	20387	\N	\N	nt	1
995	A	N	20387	20388	\N	\N	nt	1
996	C	N	20388	20389	\N	\N	nt	1
997	G	N	20389	20390	\N	\N	nt	1
998	T	N	20390	20391	\N	\N	nt	1
999	T	N	20391	20392	\N	\N	nt	1
1000	T	N	20392	20393	\N	\N	nt	1
1001	T	N	20393	20394	\N	\N	nt	1
1002	A	N	20394	20395	\N	\N	nt	1
1003	A	N	20395	20396	\N	\N	nt	1
1004	G	N	20396	20397	\N	\N	nt	1
1005	G	N	20397	20398	\N	\N	nt	1
1006	A	N	20398	20399	\N	\N	nt	1
1007	A	N	20399	20400	\N	\N	nt	1
1008	T	N	20400	20401	\N	\N	nt	1
1009	C	N	20401	20402	\N	\N	nt	1
1010	A	N	20402	20403	\N	\N	nt	1
1011	C	N	20403	20404	\N	\N	nt	1
1012	C	N	20404	20405	\N	\N	nt	1
1013	T	N	20405	20406	\N	\N	nt	1
1014	T	N	20406	20407	\N	\N	nt	1
1015	T	N	20407	20408	\N	\N	nt	1
1016	T	N	20408	20409	\N	\N	nt	1
1017	G	N	20409	20410	\N	\N	nt	1
1018	A	N	20410	20411	\N	\N	nt	1
1019	A	N	20411	20412	\N	\N	nt	1
1020	T	N	20412	20413	\N	\N	nt	1
1021	T	N	20413	20414	\N	\N	nt	1
1022	A	N	20414	20415	\N	\N	nt	1
1023	G	N	20415	20416	\N	\N	nt	1
1024	A	N	20416	20417	\N	\N	nt	1
1025	A	N	20417	20418	\N	\N	nt	1
1026	G	N	20418	20419	\N	\N	nt	1
1027	A	N	20419	20420	\N	\N	nt	1
1028	T	N	20420	20421	\N	\N	nt	1
1029	T	N	20421	20422	\N	\N	nt	1
1030	T	N	20422	20423	\N	\N	nt	1
1031	T	N	20423	20424	\N	\N	nt	1
1032	A	N	20424	20425	\N	\N	nt	1
1033	T	N	20425	20426	\N	\N	nt	1
1034	T	N	20426	20427	\N	\N	nt	1
1035	C	N	20427	20428	\N	\N	nt	1
1036	C	N	20428	20429	\N	\N	nt	1
1037	T	N	20429	20430	\N	\N	nt	1
1038	A	N	20430	20431	\N	\N	nt	1
1039	T	N	20431	20432	\N	\N	nt	1
1040	G	N	20432	20433	\N	\N	nt	1
1041	G	N	20433	20434	\N	\N	nt	1
1042	A	N	20434	20435	\N	\N	nt	1
1043	C	N	20435	20436	\N	\N	nt	1
1044	A	N	20436	20437	\N	\N	nt	1
1045	G	N	20437	20438	\N	\N	nt	1
1046	T	N	20438	20439	\N	\N	nt	1
1047	A	N	20439	20440	\N	\N	nt	1
1048	C	N	20440	20441	\N	\N	nt	1
1049	A	N	20441	20442	\N	\N	nt	1
1050	G	N	20442	20443	\N	\N	nt	1
1051	T	N	20443	20444	\N	\N	nt	1
1052	T	N	20444	20445	\N	\N	nt	1
1053	A	N	20445	20446	\N	\N	nt	1
1054	A	N	20446	20447	\N	\N	nt	1
1055	A	N	20447	20448	\N	\N	nt	1
1056	A	N	20448	20449	\N	\N	nt	1
1057	A	N	20449	20450	\N	\N	nt	1
1058	C	N	20450	20451	\N	\N	nt	1
1059	T	N	20451	20452	\N	\N	nt	1
1060	A	N	20452	20453	\N	\N	nt	1
1061	T	N	20453	20454	\N	\N	nt	1
1062	T	N	20454	20455	\N	\N	nt	1
1063	T	N	20455	20456	\N	\N	nt	1
1064	C	N	20456	20457	\N	\N	nt	1
1065	A	N	20457	20458	\N	\N	nt	1
1066	T	N	20458	20459	\N	\N	nt	1
1067	A	N	20459	20460	\N	\N	nt	1
1068	A	N	20460	20461	\N	\N	nt	1
1069	C	N	20461	20462	\N	\N	nt	1
1070	A	N	20462	20463	\N	\N	nt	1
1071	G	N	20463	20464	\N	\N	nt	1
1072	C	T	21761	21762	\N	\N	nt	1
1073		\N	21764	21770	\N	\N	nt	1
1074	C	T	21845	21846	\N	\N	nt	1
1075		\N	21986	21995	\N	\N	nt	1
1076	A	N	22023	22024	\N	\N	nt	1
1077	A	N	22024	22025	\N	\N	nt	1
1078	G	N	22025	22026	\N	\N	nt	1
1079	T	N	22026	22027	\N	\N	nt	1
1080	G	N	22027	22028	\N	\N	nt	1
1081	A	N	22028	22029	\N	\N	nt	1
1082	G	N	22029	22030	\N	\N	nt	1
1083	T	N	22030	22031	\N	\N	nt	1
1084	T	N	22031	22032	\N	\N	nt	1
1085	C	N	22032	22033	\N	\N	nt	1
1086	A	N	22033	22034	\N	\N	nt	1
1087	G	N	22034	22035	\N	\N	nt	1
1088	A	N	22035	22036	\N	\N	nt	1
1089	G	N	22036	22037	\N	\N	nt	1
1090	T	N	22037	22038	\N	\N	nt	1
1091	T	N	22038	22039	\N	\N	nt	1
1092	T	N	22039	22040	\N	\N	nt	1
1093	A	N	22040	22041	\N	\N	nt	1
1094	T	N	22041	22042	\N	\N	nt	1
1095	T	N	22042	22043	\N	\N	nt	1
1096	C	N	22043	22044	\N	\N	nt	1
1097	T	N	22044	22045	\N	\N	nt	1
1098	A	N	22045	22046	\N	\N	nt	1
1099	G	N	22046	22047	\N	\N	nt	1
1100	T	N	22047	22048	\N	\N	nt	1
1101	G	N	22048	22049	\N	\N	nt	1
1102	C	N	22049	22050	\N	\N	nt	1
1103	G	N	22050	22051	\N	\N	nt	1
1104	A	N	22051	22052	\N	\N	nt	1
1105	A	N	22052	22053	\N	\N	nt	1
1106	T	N	22053	22054	\N	\N	nt	1
1107	A	N	22054	22055	\N	\N	nt	1
1108	A	N	22055	22056	\N	\N	nt	1
1109	T	N	22056	22057	\N	\N	nt	1
1110	T	N	22057	22058	\N	\N	nt	1
1111	G	N	22058	22059	\N	\N	nt	1
1112	C	N	22059	22060	\N	\N	nt	1
1113	A	N	22060	22061	\N	\N	nt	1
1114	C	N	22061	22062	\N	\N	nt	1
1115	T	N	22062	22063	\N	\N	nt	1
1116	T	N	22063	22064	\N	\N	nt	1
1117	T	N	22064	22065	\N	\N	nt	1
1118	T	N	22065	22066	\N	\N	nt	1
1119	G	N	22066	22067	\N	\N	nt	1
1120	A	N	22067	22068	\N	\N	nt	1
1121	A	N	22068	22069	\N	\N	nt	1
1122	T	N	22069	22070	\N	\N	nt	1
1123	A	N	22070	22071	\N	\N	nt	1
1124	T	N	22071	22072	\N	\N	nt	1
1125	G	N	22072	22073	\N	\N	nt	1
1126	T	N	22073	22074	\N	\N	nt	1
1127	C	N	22074	22075	\N	\N	nt	1
1128	T	N	22075	22076	\N	\N	nt	1
1129	C	N	22076	22077	\N	\N	nt	1
1130	T	N	22077	22078	\N	\N	nt	1
1131	C	N	22078	22079	\N	\N	nt	1
1132	A	N	22079	22080	\N	\N	nt	1
1133	G	N	22080	22081	\N	\N	nt	1
1134	C	N	22081	22082	\N	\N	nt	1
1135	C	N	22082	22083	\N	\N	nt	1
1136	T	N	22083	22084	\N	\N	nt	1
1137	T	N	22084	22085	\N	\N	nt	1
1138	T	N	22085	22086	\N	\N	nt	1
1139	T	N	22086	22087	\N	\N	nt	1
1140	C	N	22087	22088	\N	\N	nt	1
1141	T	N	22088	22089	\N	\N	nt	1
1142	T	N	22089	22090	\N	\N	nt	1
1143	A	N	22090	22091	\N	\N	nt	1
1144	T	N	22091	22092	\N	\N	nt	1
1145	G	N	22092	22093	\N	\N	nt	1
1146	G	N	22093	22094	\N	\N	nt	1
1147	A	N	22094	22095	\N	\N	nt	1
1148	C	N	22095	22096	\N	\N	nt	1
1149	C	N	22096	22097	\N	\N	nt	1
1150	T	N	22097	22098	\N	\N	nt	1
1151	T	N	22098	22099	\N	\N	nt	1
1152	G	N	22099	22100	\N	\N	nt	1
1153	A	N	22100	22101	\N	\N	nt	1
1154	A	N	22101	22102	\N	\N	nt	1
1155	G	N	22102	22103	\N	\N	nt	1
1156	G	N	22103	22104	\N	\N	nt	1
1157	A	N	22104	22105	\N	\N	nt	1
1158	A	N	22105	22106	\N	\N	nt	1
1159	A	N	22106	22107	\N	\N	nt	1
1160	A	N	22107	22108	\N	\N	nt	1
1161	C	N	22108	22109	\N	\N	nt	1
1162	A	N	22109	22110	\N	\N	nt	1
1163	G	N	22110	22111	\N	\N	nt	1
1164	G	N	22111	22112	\N	\N	nt	1
1165	G	N	22112	22113	\N	\N	nt	1
1166	T	N	22113	22114	\N	\N	nt	1
1167	A	N	22114	22115	\N	\N	nt	1
1168	A	N	22115	22116	\N	\N	nt	1
1169	T	N	22116	22117	\N	\N	nt	1
1170	T	N	22117	22118	\N	\N	nt	1
1171	T	N	22118	22119	\N	\N	nt	1
1172	C	N	22119	22120	\N	\N	nt	1
1173	A	N	22120	22121	\N	\N	nt	1
1174	A	N	22121	22122	\N	\N	nt	1
1175	A	N	22122	22123	\N	\N	nt	1
1176	A	N	22123	22124	\N	\N	nt	1
1177	A	N	22124	22125	\N	\N	nt	1
1178	T	N	22125	22126	\N	\N	nt	1
1179	C	N	22126	22127	\N	\N	nt	1
1180	T	N	22127	22128	\N	\N	nt	1
1181	T	N	22128	22129	\N	\N	nt	1
1182	A	N	22129	22130	\N	\N	nt	1
1183	G	N	22130	22131	\N	\N	nt	1
1184	G	N	22131	22132	\N	\N	nt	1
1185	G	N	22132	22133	\N	\N	nt	1
1186	A	N	22133	22134	\N	\N	nt	1
1187	A	N	22134	22135	\N	\N	nt	1
1188	T	N	22135	22136	\N	\N	nt	1
1189	T	N	22136	22137	\N	\N	nt	1
1190	T	N	22137	22138	\N	\N	nt	1
1191	G	N	22138	22139	\N	\N	nt	1
1192	T	N	22139	22140	\N	\N	nt	1
1193	G	N	22140	22141	\N	\N	nt	1
1194	T	N	22141	22142	\N	\N	nt	1
1195	T	N	22142	22143	\N	\N	nt	1
1196	T	N	22143	22144	\N	\N	nt	1
1197	A	N	22144	22145	\N	\N	nt	1
1198	A	N	22145	22146	\N	\N	nt	1
1199	G	N	22146	22147	\N	\N	nt	1
1200	A	N	22147	22148	\N	\N	nt	1
1201	A	N	22148	22149	\N	\N	nt	1
1202	T	N	22149	22150	\N	\N	nt	1
1203	A	N	22150	22151	\N	\N	nt	1
1204	T	N	22151	22152	\N	\N	nt	1
1205	T	N	22152	22153	\N	\N	nt	1
1206	G	N	22153	22154	\N	\N	nt	1
1207	A	N	22154	22155	\N	\N	nt	1
1208	T	N	22155	22156	\N	\N	nt	1
1209	G	N	22156	22157	\N	\N	nt	1
1210	G	N	22157	22158	\N	\N	nt	1
1211	T	N	22158	22159	\N	\N	nt	1
1212	T	N	22159	22160	\N	\N	nt	1
1213	A	N	22160	22161	\N	\N	nt	1
1214	T	N	22161	22162	\N	\N	nt	1
1215	T	N	22162	22163	\N	\N	nt	1
1216	T	N	22163	22164	\N	\N	nt	1
1217	T	N	22164	22165	\N	\N	nt	1
1218	A	N	22165	22166	\N	\N	nt	1
1219	A	N	22166	22167	\N	\N	nt	1
1220	A	N	22167	22168	\N	\N	nt	1
1221	A	N	22168	22169	\N	\N	nt	1
1222	T	N	22169	22170	\N	\N	nt	1
1223	A	N	22170	22171	\N	\N	nt	1
1224	T	N	22171	22172	\N	\N	nt	1
1225	A	N	22172	22173	\N	\N	nt	1
1226	T	N	22173	22174	\N	\N	nt	1
1227	T	N	22174	22175	\N	\N	nt	1
1228	C	N	22175	22176	\N	\N	nt	1
1229	T	N	22176	22177	\N	\N	nt	1
1230	A	N	22177	22178	\N	\N	nt	1
1231	A	N	22178	22179	\N	\N	nt	1
1232	G	N	22179	22180	\N	\N	nt	1
1233	C	N	22180	22181	\N	\N	nt	1
1234	A	N	22181	22182	\N	\N	nt	1
1235	C	N	22182	22183	\N	\N	nt	1
1236	A	N	22183	22184	\N	\N	nt	1
1237	C	N	22184	22185	\N	\N	nt	1
1238	G	N	22185	22186	\N	\N	nt	1
1239	C	N	22186	22187	\N	\N	nt	1
1240	C	N	22187	22188	\N	\N	nt	1
1241	T	N	22188	22189	\N	\N	nt	1
1242	A	N	22189	22190	\N	\N	nt	1
1243	T	N	22190	22191	\N	\N	nt	1
1244	T	N	22191	22192	\N	\N	nt	1
1245	A	N	22192	22193	\N	\N	nt	1
1246	A	N	22193	22194	\N	\N	nt	1
1247	T	N	22194	22195	\N	\N	nt	1
1248	T	N	22195	22196	\N	\N	nt	1
1249	T	N	22196	22197	\N	\N	nt	1
1250	A	N	22197	22198	\N	\N	nt	1
1251	G	N	22198	22199	\N	\N	nt	1
1252	T	N	22199	22200	\N	\N	nt	1
1253	G	N	22200	22201	\N	\N	nt	1
1254	C	N	22201	22202	\N	\N	nt	1
1255	G	N	22202	22203	\N	\N	nt	1
1256	T	N	22203	22204	\N	\N	nt	1
1257	G	N	22204	22205	\N	\N	nt	1
1258	A	N	22205	22206	\N	\N	nt	1
1259	T	N	22206	22207	\N	\N	nt	1
1260	C	N	22207	22208	\N	\N	nt	1
1261	T	N	22208	22209	\N	\N	nt	1
1262	C	N	22209	22210	\N	\N	nt	1
1263	C	N	22210	22211	\N	\N	nt	1
1264	C	N	22211	22212	\N	\N	nt	1
1265	T	N	22212	22213	\N	\N	nt	1
1266	C	N	22213	22214	\N	\N	nt	1
1267	A	N	22214	22215	\N	\N	nt	1
1268	G	N	22215	22216	\N	\N	nt	1
1269	G	N	22216	22217	\N	\N	nt	1
1270	G	N	22217	22218	\N	\N	nt	1
1271	T	N	22218	22219	\N	\N	nt	1
1272	T	N	22219	22220	\N	\N	nt	1
1273	T	N	22220	22221	\N	\N	nt	1
1274	T	N	22221	22222	\N	\N	nt	1
1275	T	N	22222	22223	\N	\N	nt	1
1276	C	N	22223	22224	\N	\N	nt	1
1277	G	N	22224	22225	\N	\N	nt	1
1278	G	N	22225	22226	\N	\N	nt	1
1279	C	N	22226	22227	\N	\N	nt	1
1280	T	N	22227	22228	\N	\N	nt	1
1281	T	N	22228	22229	\N	\N	nt	1
1282	T	N	22229	22230	\N	\N	nt	1
1283	A	N	22230	22231	\N	\N	nt	1
1284	G	N	22231	22232	\N	\N	nt	1
1285	A	N	22232	22233	\N	\N	nt	1
1286	A	N	22233	22234	\N	\N	nt	1
1287	C	N	22234	22235	\N	\N	nt	1
1288	C	N	22235	22236	\N	\N	nt	1
1289	A	N	22236	22237	\N	\N	nt	1
1290	T	N	22237	22238	\N	\N	nt	1
1291	T	N	22238	22239	\N	\N	nt	1
1292	G	N	22239	22240	\N	\N	nt	1
1293	G	N	22240	22241	\N	\N	nt	1
1294	T	N	22241	22242	\N	\N	nt	1
1295	A	N	22242	22243	\N	\N	nt	1
1296	G	N	22243	22244	\N	\N	nt	1
1297	A	N	22244	22245	\N	\N	nt	1
1298	T	N	22245	22246	\N	\N	nt	1
1299	T	N	22246	22247	\N	\N	nt	1
1300	T	N	22247	22248	\N	\N	nt	1
1301	G	N	22248	22249	\N	\N	nt	1
1302	C	N	22249	22250	\N	\N	nt	1
1303	C	N	22250	22251	\N	\N	nt	1
1304	A	N	22251	22252	\N	\N	nt	1
1305	A	N	22252	22253	\N	\N	nt	1
1306	T	N	22253	22254	\N	\N	nt	1
1307	A	N	22254	22255	\N	\N	nt	1
1308	G	N	22255	22256	\N	\N	nt	1
1309	G	N	22256	22257	\N	\N	nt	1
1310	T	N	22257	22258	\N	\N	nt	1
1311	A	N	22258	22259	\N	\N	nt	1
1312	T	N	22259	22260	\N	\N	nt	1
1313	T	N	22260	22261	\N	\N	nt	1
1314	A	N	22261	22262	\N	\N	nt	1
1315	A	N	22262	22263	\N	\N	nt	1
1316	C	N	22263	22264	\N	\N	nt	1
1317	A	N	22264	22265	\N	\N	nt	1
1318	T	N	22265	22266	\N	\N	nt	1
1319	C	N	22266	22267	\N	\N	nt	1
1320	A	N	22267	22268	\N	\N	nt	1
1321	C	N	22268	22269	\N	\N	nt	1
1322	T	N	22269	22270	\N	\N	nt	1
1323	A	N	22270	22271	\N	\N	nt	1
1324	G	N	22271	22272	\N	\N	nt	1
1325	G	N	22272	22273	\N	\N	nt	1
1326	T	N	22273	22274	\N	\N	nt	1
1327	T	N	22274	22275	\N	\N	nt	1
1328	T	N	22275	22276	\N	\N	nt	1
1329	C	N	22276	22277	\N	\N	nt	1
1330	A	N	22277	22278	\N	\N	nt	1
1331	A	N	22278	22279	\N	\N	nt	1
1332	A	N	22279	22280	\N	\N	nt	1
1333	C	N	22280	22281	\N	\N	nt	1
1334	T	N	22281	22282	\N	\N	nt	1
1335	T	N	22282	22283	\N	\N	nt	1
1336	T	N	22283	22284	\N	\N	nt	1
1337	A	N	22284	22285	\N	\N	nt	1
1338	C	N	22285	22286	\N	\N	nt	1
1339	T	N	22286	22287	\N	\N	nt	1
1340	T	N	22287	22288	\N	\N	nt	1
1341	G	N	22288	22289	\N	\N	nt	1
1342	C	N	22289	22290	\N	\N	nt	1
1343	G	A	22577	22578	\N	\N	nt	1
1344	G	A	22598	22599	\N	\N	nt	1
1345	G	N	22626	22627	\N	\N	nt	1
1346	A	N	22627	22628	\N	\N	nt	1
1347	A	N	22628	22629	\N	\N	nt	1
1348	G	N	22629	22630	\N	\N	nt	1
1349	A	N	22630	22631	\N	\N	nt	1
1350	G	N	22631	22632	\N	\N	nt	1
1351	A	N	22632	22633	\N	\N	nt	1
1352	A	N	22633	22634	\N	\N	nt	1
1353	T	N	22634	22635	\N	\N	nt	1
1354	C	N	22635	22636	\N	\N	nt	1
1355	A	N	22636	22637	\N	\N	nt	1
1356	G	N	22637	22638	\N	\N	nt	1
1357	C	N	22638	22639	\N	\N	nt	1
1358	A	N	22639	22640	\N	\N	nt	1
1359	A	N	22640	22641	\N	\N	nt	1
1360	C	N	22641	22642	\N	\N	nt	1
1361	T	N	22642	22643	\N	\N	nt	1
1362	G	N	22643	22644	\N	\N	nt	1
1363	T	N	22644	22645	\N	\N	nt	1
1364	G	N	22645	22646	\N	\N	nt	1
1365	T	N	22646	22647	\N	\N	nt	1
1366	T	N	22647	22648	\N	\N	nt	1
1367	G	N	22648	22649	\N	\N	nt	1
1368	C	N	22649	22650	\N	\N	nt	1
1369	T	N	22650	22651	\N	\N	nt	1
1370	G	N	22651	22652	\N	\N	nt	1
1371	A	N	22652	22653	\N	\N	nt	1
1372	T	N	22653	22654	\N	\N	nt	1
1373	T	N	22654	22655	\N	\N	nt	1
1374	A	N	22655	22656	\N	\N	nt	1
1375	T	N	22656	22657	\N	\N	nt	1
1376	T	N	22657	22658	\N	\N	nt	1
1377	C	N	22658	22659	\N	\N	nt	1
1378	T	N	22659	22660	\N	\N	nt	1
1379	G	N	22660	22661	\N	\N	nt	1
1380	T	N	22661	22662	\N	\N	nt	1
1381	C	N	22662	22663	\N	\N	nt	1
1382	C	N	22663	22664	\N	\N	nt	1
1383	T	N	22664	22665	\N	\N	nt	1
1384	A	N	22665	22666	\N	\N	nt	1
1385	T	N	22666	22667	\N	\N	nt	1
1386	A	N	22667	22668	\N	\N	nt	1
1387	T	N	22668	22669	\N	\N	nt	1
1388	A	N	22669	22670	\N	\N	nt	1
1389	A	N	22670	22671	\N	\N	nt	1
1390	T	N	22671	22672	\N	\N	nt	1
1391	T	N	22672	22673	\N	\N	nt	1
1392	C	N	22673	22674	\N	\N	nt	1
1393	C	N	22674	22675	\N	\N	nt	1
1394	G	N	22675	22676	\N	\N	nt	1
1395	C	N	22676	22677	\N	\N	nt	1
1396	A	N	22677	22678	\N	\N	nt	1
1397	T	N	22678	22679	\N	\N	nt	1
1398	C	N	22679	22680	\N	\N	nt	1
1399	A	N	22680	22681	\N	\N	nt	1
1400	T	N	22681	22682	\N	\N	nt	1
1401	T	N	22682	22683	\N	\N	nt	1
1402	T	N	22683	22684	\N	\N	nt	1
1403	T	N	22684	22685	\N	\N	nt	1
1404	C	N	22685	22686	\N	\N	nt	1
1405	C	N	22686	22687	\N	\N	nt	1
1406	A	N	22687	22688	\N	\N	nt	1
1407	C	N	22688	22689	\N	\N	nt	1
1408	T	N	22689	22690	\N	\N	nt	1
1409	T	N	22690	22691	\N	\N	nt	1
1410	T	N	22691	22692	\N	\N	nt	1
1411	T	N	22692	22693	\N	\N	nt	1
1412	A	N	22693	22694	\N	\N	nt	1
1413	A	N	22694	22695	\N	\N	nt	1
1414	G	N	22695	22696	\N	\N	nt	1
1415	T	N	22696	22697	\N	\N	nt	1
1416	G	N	22697	22698	\N	\N	nt	1
1417	T	N	22698	22699	\N	\N	nt	1
1418	T	N	22699	22700	\N	\N	nt	1
1419	A	N	22700	22701	\N	\N	nt	1
1420	T	N	22701	22702	\N	\N	nt	1
1421	G	N	22702	22703	\N	\N	nt	1
1422	G	N	22703	22704	\N	\N	nt	1
1423	A	N	22704	22705	\N	\N	nt	1
1424	G	N	22705	22706	\N	\N	nt	1
1425	T	N	22706	22707	\N	\N	nt	1
1426	G	N	22707	22708	\N	\N	nt	1
1427	T	N	22708	22709	\N	\N	nt	1
1428	C	N	22709	22710	\N	\N	nt	1
1429	T	N	22710	22711	\N	\N	nt	1
1430	C	N	22711	22712	\N	\N	nt	1
1431	C	N	22712	22713	\N	\N	nt	1
1432	T	N	22713	22714	\N	\N	nt	1
1433	A	N	22714	22715	\N	\N	nt	1
1434	C	N	22715	22716	\N	\N	nt	1
1435	T	N	22716	22717	\N	\N	nt	1
1436	A	N	22717	22718	\N	\N	nt	1
1437	A	N	22718	22719	\N	\N	nt	1
1438	A	N	22719	22720	\N	\N	nt	1
1439	T	N	22720	22721	\N	\N	nt	1
1440	T	N	22721	22722	\N	\N	nt	1
1441	A	N	22722	22723	\N	\N	nt	1
1442	A	N	22723	22724	\N	\N	nt	1
1443	A	N	22724	22725	\N	\N	nt	1
1444	T	N	22725	22726	\N	\N	nt	1
1445	G	N	22726	22727	\N	\N	nt	1
1446	A	N	22727	22728	\N	\N	nt	1
1447	T	N	22728	22729	\N	\N	nt	1
1448	C	N	22729	22730	\N	\N	nt	1
1449	T	N	22730	22731	\N	\N	nt	1
1450	C	N	22731	22732	\N	\N	nt	1
1451	T	N	22732	22733	\N	\N	nt	1
1452	G	N	22733	22734	\N	\N	nt	1
1453	C	N	22734	22735	\N	\N	nt	1
1454	T	N	22735	22736	\N	\N	nt	1
1455	T	N	22736	22737	\N	\N	nt	1
1456	T	N	22737	22738	\N	\N	nt	1
1457	A	N	22738	22739	\N	\N	nt	1
1458	C	N	22739	22740	\N	\N	nt	1
1459	T	N	22740	22741	\N	\N	nt	1
1460	A	N	22741	22742	\N	\N	nt	1
1461	A	N	22742	22743	\N	\N	nt	1
1462	T	N	22743	22744	\N	\N	nt	1
1463	G	N	22744	22745	\N	\N	nt	1
1464	T	N	22745	22746	\N	\N	nt	1
1465	C	N	22746	22747	\N	\N	nt	1
1466	T	N	22747	22748	\N	\N	nt	1
1467	A	N	22748	22749	\N	\N	nt	1
1468	T	N	22749	22750	\N	\N	nt	1
1469	G	N	22750	22751	\N	\N	nt	1
1470	C	N	22751	22752	\N	\N	nt	1
1471	A	N	22752	22753	\N	\N	nt	1
1472	G	N	22753	22754	\N	\N	nt	1
1473	A	N	22754	22755	\N	\N	nt	1
1474	T	N	22755	22756	\N	\N	nt	1
1475	T	N	22756	22757	\N	\N	nt	1
1476	C	N	22757	22758	\N	\N	nt	1
1477	A	N	22758	22759	\N	\N	nt	1
1478	T	N	22759	22760	\N	\N	nt	1
1479	T	N	22760	22761	\N	\N	nt	1
1480	T	N	22761	22762	\N	\N	nt	1
1481	G	N	22762	22763	\N	\N	nt	1
1482	T	N	22763	22764	\N	\N	nt	1
1483	A	N	22764	22765	\N	\N	nt	1
1484	A	N	22765	22766	\N	\N	nt	1
1485	T	N	22766	22767	\N	\N	nt	1
1486	T	N	22767	22768	\N	\N	nt	1
1487	A	N	22768	22769	\N	\N	nt	1
1488	G	N	22769	22770	\N	\N	nt	1
1489	A	N	22770	22771	\N	\N	nt	1
1490	G	N	22771	22772	\N	\N	nt	1
1491	G	N	22772	22773	\N	\N	nt	1
1492	T	N	22773	22774	\N	\N	nt	1
1493	G	N	22774	22775	\N	\N	nt	1
1494	A	N	22775	22776	\N	\N	nt	1
1495	T	N	22776	22777	\N	\N	nt	1
1496	G	N	22777	22778	\N	\N	nt	1
1497	A	N	22778	22779	\N	\N	nt	1
1498	A	N	22779	22780	\N	\N	nt	1
1499	G	N	22780	22781	\N	\N	nt	1
1500	T	N	22781	22782	\N	\N	nt	1
1501	C	N	22782	22783	\N	\N	nt	1
1502	A	N	22783	22784	\N	\N	nt	1
1503	G	N	22784	22785	\N	\N	nt	1
1504	A	N	22785	22786	\N	\N	nt	1
1505	C	N	22786	22787	\N	\N	nt	1
1506	A	N	22787	22788	\N	\N	nt	1
1507	A	N	22788	22789	\N	\N	nt	1
1508	A	N	22789	22790	\N	\N	nt	1
1509	T	N	22790	22791	\N	\N	nt	1
1510	C	N	22791	22792	\N	\N	nt	1
1511	G	N	22792	22793	\N	\N	nt	1
1512	C	N	22793	22794	\N	\N	nt	1
1513	T	N	22794	22795	\N	\N	nt	1
1514	C	N	22795	22796	\N	\N	nt	1
1515	C	N	22796	22797	\N	\N	nt	1
1516	A	N	22797	22798	\N	\N	nt	1
1517	G	N	22798	22799	\N	\N	nt	1
1518	G	N	22799	22800	\N	\N	nt	1
1519	G	N	22800	22801	\N	\N	nt	1
1520	C	N	22801	22802	\N	\N	nt	1
1521	A	N	22802	22803	\N	\N	nt	1
1522	A	N	22803	22804	\N	\N	nt	1
1523	A	N	22804	22805	\N	\N	nt	1
1524	C	N	22805	22806	\N	\N	nt	1
1525	T	N	22806	22807	\N	\N	nt	1
1526	G	N	22807	22808	\N	\N	nt	1
1527	G	N	22808	22809	\N	\N	nt	1
1528	A	N	22809	22810	\N	\N	nt	1
1529	A	N	22810	22811	\N	\N	nt	1
1530	A	N	22811	22812	\N	\N	nt	1
1531	G	N	22812	22813	\N	\N	nt	1
1532	A	N	22813	22814	\N	\N	nt	1
1533	T	N	22814	22815	\N	\N	nt	1
1534	T	N	22815	22816	\N	\N	nt	1
1535	G	N	22816	22817	\N	\N	nt	1
1536	C	N	22817	22818	\N	\N	nt	1
1537	T	N	22818	22819	\N	\N	nt	1
1538	G	N	22819	22820	\N	\N	nt	1
1539	A	N	22820	22821	\N	\N	nt	1
1540	A	N	22863	22864	\N	\N	nt	1
1541	G	N	22864	22865	\N	\N	nt	1
1542	C	N	22865	22866	\N	\N	nt	1
1543	T	N	22866	22867	\N	\N	nt	1
1544	T	N	22867	22868	\N	\N	nt	1
1545	G	N	22868	22869	\N	\N	nt	1
1546	G	N	22869	22870	\N	\N	nt	1
1547	A	N	22870	22871	\N	\N	nt	1
1548	A	N	22871	22872	\N	\N	nt	1
1549	T	N	22872	22873	\N	\N	nt	1
1550	T	N	22873	22874	\N	\N	nt	1
1551	C	N	22874	22875	\N	\N	nt	1
1552	T	N	22875	22876	\N	\N	nt	1
1553	A	N	22876	22877	\N	\N	nt	1
1554	A	N	22877	22878	\N	\N	nt	1
1555	C	N	22878	22879	\N	\N	nt	1
1556	A	N	22879	22880	\N	\N	nt	1
1557	A	N	22880	22881	\N	\N	nt	1
1558	T	N	22881	22882	\N	\N	nt	1
1559	C	N	22882	22883	\N	\N	nt	1
1560	T	N	22883	22884	\N	\N	nt	1
1561	T	N	22884	22885	\N	\N	nt	1
1562	G	N	22885	22886	\N	\N	nt	1
1563	A	N	22886	22887	\N	\N	nt	1
1564	T	N	22887	22888	\N	\N	nt	1
1565	T	N	22888	22889	\N	\N	nt	1
1566	C	N	22889	22890	\N	\N	nt	1
1567	T	N	22890	22891	\N	\N	nt	1
1568	A	N	22891	22892	\N	\N	nt	1
1569	A	N	22892	22893	\N	\N	nt	1
1570	G	N	22893	22894	\N	\N	nt	1
1571	G	N	22894	22895	\N	\N	nt	1
1572	T	N	22895	22896	\N	\N	nt	1
1573	T	N	22896	22897	\N	\N	nt	1
1574	G	N	22897	22898	\N	\N	nt	1
1575	G	N	22898	22899	\N	\N	nt	1
1576	T	N	22899	22900	\N	\N	nt	1
1577	G	N	22900	22901	\N	\N	nt	1
1578	G	N	22901	22902	\N	\N	nt	1
1579	T	N	22902	22903	\N	\N	nt	1
1580	A	N	22903	22904	\N	\N	nt	1
1581	A	N	22904	22905	\N	\N	nt	1
1582	T	N	22905	22906	\N	\N	nt	1
1583	T	N	22906	22907	\N	\N	nt	1
1584	A	N	22907	22908	\N	\N	nt	1
1585	T	N	22908	22909	\N	\N	nt	1
1586	A	N	22909	22910	\N	\N	nt	1
1587	A	N	22910	22911	\N	\N	nt	1
1588	T	N	22911	22912	\N	\N	nt	1
1589	T	N	22912	22913	\N	\N	nt	1
1590	A	N	22913	22914	\N	\N	nt	1
1591	C	N	22914	22915	\N	\N	nt	1
1592	C	N	22915	22916	\N	\N	nt	1
1593	T	N	22916	22917	\N	\N	nt	1
1594	G	N	22917	22918	\N	\N	nt	1
1595	T	N	22918	22919	\N	\N	nt	1
1596	A	N	22919	22920	\N	\N	nt	1
1597	T	N	22920	22921	\N	\N	nt	1
1598	A	N	22921	22922	\N	\N	nt	1
1599	G	N	22922	22923	\N	\N	nt	1
1600	A	N	22923	22924	\N	\N	nt	1
1601	T	N	22924	22925	\N	\N	nt	1
1602	T	N	22925	22926	\N	\N	nt	1
1603	G	N	22926	22927	\N	\N	nt	1
1604	T	N	22927	22928	\N	\N	nt	1
1605	T	N	22928	22929	\N	\N	nt	1
1606	T	N	22929	22930	\N	\N	nt	1
1607	A	N	22930	22931	\N	\N	nt	1
1608	G	N	22931	22932	\N	\N	nt	1
1609	G	N	22932	22933	\N	\N	nt	1
1610	A	N	22933	22934	\N	\N	nt	1
1611	A	N	22934	22935	\N	\N	nt	1
1612	G	N	22935	22936	\N	\N	nt	1
1613	T	N	22936	22937	\N	\N	nt	1
1614	C	N	22937	22938	\N	\N	nt	1
1615	T	N	22938	22939	\N	\N	nt	1
1616	A	N	22939	22940	\N	\N	nt	1
1617	A	N	22940	22941	\N	\N	nt	1
1618	C	N	22942	22943	\N	\N	nt	1
1619	T	N	22943	22944	\N	\N	nt	1
1620	C	N	22944	22945	\N	\N	nt	1
1621	A	N	22945	22946	\N	\N	nt	1
1622	A	N	22946	22947	\N	\N	nt	1
1623	A	N	22947	22948	\N	\N	nt	1
1624	C	N	22948	22949	\N	\N	nt	1
1625	C	N	22949	22950	\N	\N	nt	1
1626	T	N	22950	22951	\N	\N	nt	1
1627	T	N	22951	22952	\N	\N	nt	1
1628	T	N	22952	22953	\N	\N	nt	1
1629	T	N	22953	22954	\N	\N	nt	1
1630	G	N	22954	22955	\N	\N	nt	1
1631	A	N	22955	22956	\N	\N	nt	1
1632	G	N	22956	22957	\N	\N	nt	1
1633	A	N	22957	22958	\N	\N	nt	1
1634	G	N	22958	22959	\N	\N	nt	1
1635	A	N	22959	22960	\N	\N	nt	1
1636	G	N	22960	22961	\N	\N	nt	1
1637	A	N	22961	22962	\N	\N	nt	1
1638	T	N	22962	22963	\N	\N	nt	1
1639	A	N	22963	22964	\N	\N	nt	1
1640	T	N	22964	22965	\N	\N	nt	1
1641	T	N	22965	22966	\N	\N	nt	1
1642	T	N	22966	22967	\N	\N	nt	1
1643	C	N	22967	22968	\N	\N	nt	1
1644	A	N	22968	22969	\N	\N	nt	1
1645	A	N	22969	22970	\N	\N	nt	1
1646	C	N	22970	22971	\N	\N	nt	1
1647	T	N	22971	22972	\N	\N	nt	1
1648	G	N	22972	22973	\N	\N	nt	1
1649	A	N	22973	22974	\N	\N	nt	1
1650	A	N	22974	22975	\N	\N	nt	1
1651	A	N	22975	22976	\N	\N	nt	1
1652	T	N	22976	22977	\N	\N	nt	1
1653	C	N	22977	22978	\N	\N	nt	1
1654	T	N	22978	22979	\N	\N	nt	1
1655	A	N	22979	22980	\N	\N	nt	1
1656	T	N	22980	22981	\N	\N	nt	1
1657	C	N	22981	22982	\N	\N	nt	1
1658	A	N	22982	22983	\N	\N	nt	1
1659	G	N	22983	22984	\N	\N	nt	1
1660	G	N	22984	22985	\N	\N	nt	1
1661	C	N	22985	22986	\N	\N	nt	1
1662	C	N	22986	22987	\N	\N	nt	1
1663	G	N	22987	22988	\N	\N	nt	1
1664	G	N	22988	22989	\N	\N	nt	1
1665	T	N	22989	22990	\N	\N	nt	1
1666	A	N	22990	22991	\N	\N	nt	1
1667	G	N	22991	22992	\N	\N	nt	1
1668	C	N	22992	22993	\N	\N	nt	1
1669	A	N	22993	22994	\N	\N	nt	1
1670	C	N	22994	22995	\N	\N	nt	1
1671	A	N	22995	22996	\N	\N	nt	1
1672	C	N	22996	22997	\N	\N	nt	1
1673	C	N	22997	22998	\N	\N	nt	1
1674	T	N	22998	22999	\N	\N	nt	1
1675	T	N	22999	23000	\N	\N	nt	1
1676	G	N	23000	23001	\N	\N	nt	1
1677	T	N	23001	23002	\N	\N	nt	1
1678	A	N	23002	23003	\N	\N	nt	1
1679	A	N	23003	23004	\N	\N	nt	1
1680	T	N	23004	23005	\N	\N	nt	1
1681	G	N	23005	23006	\N	\N	nt	1
1682	G	N	23006	23007	\N	\N	nt	1
1683	T	N	23007	23008	\N	\N	nt	1
1684	G	N	23008	23009	\N	\N	nt	1
1685	T	N	23009	23010	\N	\N	nt	1
1686	T	N	23010	23011	\N	\N	nt	1
1687	G	N	23011	23012	\N	\N	nt	1
1688	A	N	23012	23013	\N	\N	nt	1
1689	A	N	23013	23014	\N	\N	nt	1
1690	G	N	23014	23015	\N	\N	nt	1
1691	G	N	23015	23016	\N	\N	nt	1
1692	T	N	23016	23017	\N	\N	nt	1
1693	T	N	23017	23018	\N	\N	nt	1
1694	T	N	23018	23019	\N	\N	nt	1
1695	T	N	23019	23020	\N	\N	nt	1
1696	A	N	23020	23021	\N	\N	nt	1
1697	A	N	23021	23022	\N	\N	nt	1
1698	T	N	23022	23023	\N	\N	nt	1
1699	T	N	23023	23024	\N	\N	nt	1
1700	G	N	23024	23025	\N	\N	nt	1
1701	T	N	23025	23026	\N	\N	nt	1
1702	T	N	23026	23027	\N	\N	nt	1
1703	A	N	23027	23028	\N	\N	nt	1
1704	C	N	23028	23029	\N	\N	nt	1
1705	T	N	23029	23030	\N	\N	nt	1
1706	T	N	23030	23031	\N	\N	nt	1
1707	T	N	23031	23032	\N	\N	nt	1
1708	C	N	23032	23033	\N	\N	nt	1
1709	C	N	23033	23034	\N	\N	nt	1
1710	T	N	23034	23035	\N	\N	nt	1
1711	T	N	23035	23036	\N	\N	nt	1
1712	T	N	23036	23037	\N	\N	nt	1
1713	A	N	23037	23038	\N	\N	nt	1
1714	C	N	23038	23039	\N	\N	nt	1
1715	A	N	23039	23040	\N	\N	nt	1
1716	A	N	23040	23041	\N	\N	nt	1
1717	T	N	23041	23042	\N	\N	nt	1
1718	C	N	23042	23043	\N	\N	nt	1
1719	A	N	23043	23044	\N	\N	nt	1
1720	T	N	23044	23045	\N	\N	nt	1
1721	A	N	23045	23046	\N	\N	nt	1
1722	T	N	23046	23047	\N	\N	nt	1
1723	G	N	23047	23048	\N	\N	nt	1
1724	G	N	23048	23049	\N	\N	nt	1
1725	T	N	23049	23050	\N	\N	nt	1
1726	T	N	23050	23051	\N	\N	nt	1
1727	T	N	23051	23052	\N	\N	nt	1
1728	C	N	23052	23053	\N	\N	nt	1
1729	C	N	23053	23054	\N	\N	nt	1
1730	A	N	23054	23055	\N	\N	nt	1
1731	A	N	23055	23056	\N	\N	nt	1
1732	C	N	23056	23057	\N	\N	nt	1
1733	C	N	23057	23058	\N	\N	nt	1
1734	C	N	23058	23059	\N	\N	nt	1
1735	A	N	23059	23060	\N	\N	nt	1
1736	C	N	23060	23061	\N	\N	nt	1
1737	T	N	23061	23062	\N	\N	nt	1
1738	A	N	23062	23063	\N	\N	nt	1
1739	A	N	23063	23064	\N	\N	nt	1
1740	T	N	23064	23065	\N	\N	nt	1
1741	G	N	23065	23066	\N	\N	nt	1
1742	G	N	23066	23067	\N	\N	nt	1
1743	T	N	23067	23068	\N	\N	nt	1
1744	G	N	23068	23069	\N	\N	nt	1
1745	T	N	23069	23070	\N	\N	nt	1
1746	T	N	23070	23071	\N	\N	nt	1
1747	G	N	23071	23072	\N	\N	nt	1
1748	G	N	23072	23073	\N	\N	nt	1
1749	T	N	23073	23074	\N	\N	nt	1
1750	T	N	23074	23075	\N	\N	nt	1
1751	A	N	23075	23076	\N	\N	nt	1
1752	C	N	23076	23077	\N	\N	nt	1
1753	C	N	23077	23078	\N	\N	nt	1
1754	A	N	23078	23079	\N	\N	nt	1
1755	A	N	23079	23080	\N	\N	nt	1
1756	C	N	23080	23081	\N	\N	nt	1
1757	C	N	23081	23082	\N	\N	nt	1
1758	A	N	23082	23083	\N	\N	nt	1
1759	T	N	23083	23084	\N	\N	nt	1
1760	A	N	23084	23085	\N	\N	nt	1
1761	C	N	23085	23086	\N	\N	nt	1
1762	A	N	23086	23087	\N	\N	nt	1
1763	G	N	23087	23088	\N	\N	nt	1
1764	A	N	23088	23089	\N	\N	nt	1
1765	G	N	23089	23090	\N	\N	nt	1
1766	T	N	23090	23091	\N	\N	nt	1
1767	A	N	23091	23092	\N	\N	nt	1
1768	G	N	23092	23093	\N	\N	nt	1
1769	T	N	23093	23094	\N	\N	nt	1
1770	A	N	23094	23095	\N	\N	nt	1
1771	G	N	23095	23096	\N	\N	nt	1
1772	T	N	23096	23097	\N	\N	nt	1
1773	A	N	23097	23098	\N	\N	nt	1
1774	C	N	23098	23099	\N	\N	nt	1
1775	T	N	23099	23100	\N	\N	nt	1
1776	T	N	23100	23101	\N	\N	nt	1
1777	T	N	23101	23102	\N	\N	nt	1
1778	C	N	23102	23103	\N	\N	nt	1
1779	T	N	23103	23104	\N	\N	nt	1
1780	T	N	23104	23105	\N	\N	nt	1
1781	T	N	23105	23106	\N	\N	nt	1
1782	T	N	23106	23107	\N	\N	nt	1
1783	G	N	23107	23108	\N	\N	nt	1
1784	A	N	23108	23109	\N	\N	nt	1
1785	A	N	23109	23110	\N	\N	nt	1
1786	C	N	23110	23111	\N	\N	nt	1
1787	T	N	23111	23112	\N	\N	nt	1
1788	T	N	23112	23113	\N	\N	nt	1
1789	C	N	23113	23114	\N	\N	nt	1
1790	T	N	23114	23115	\N	\N	nt	1
1791	A	N	23115	23116	\N	\N	nt	1
1792	C	N	23116	23117	\N	\N	nt	1
1793	A	N	23117	23118	\N	\N	nt	1
1794	T	N	23118	23119	\N	\N	nt	1
1795	G	N	23119	23120	\N	\N	nt	1
1796	C	N	23120	23121	\N	\N	nt	1
1797	A	N	23121	23122	\N	\N	nt	1
1798	C	N	23122	23123	\N	\N	nt	1
1799	C	N	23123	23124	\N	\N	nt	1
1800	A	N	23124	23125	\N	\N	nt	1
1801	G	N	23125	23126	\N	\N	nt	1
1802	C	N	23126	23127	\N	\N	nt	1
1803	A	N	23127	23128	\N	\N	nt	1
1804	A	N	23128	23129	\N	\N	nt	1
1805	C	N	23129	23130	\N	\N	nt	1
1806	T	N	23130	23131	\N	\N	nt	1
1807	G	N	23131	23132	\N	\N	nt	1
1808	T	N	23132	23133	\N	\N	nt	1
1809	T	N	23133	23134	\N	\N	nt	1
1810	C	A	23201	23202	\N	\N	nt	1
1812	C	T	23524	23525	\N	\N	nt	1
1813	T	G	23598	23599	\N	\N	nt	1
1814	C	A	23603	23604	\N	\N	nt	1
1815	C	A	23853	23854	\N	\N	nt	1
1816	G	T	23947	23948	\N	\N	nt	1
1817	C	A	24129	24130	\N	\N	nt	1
1818	A	T	24423	24424	\N	\N	nt	1
1819	T	A	24468	24469	\N	\N	nt	1
1820	C	T	24502	24503	\N	\N	nt	1
1821	C	T	24999	25000	\N	\N	nt	1
1822	T	N	25076	25077	\N	\N	nt	1
1823	T	N	25077	25078	\N	\N	nt	1
1824	A	N	25078	25079	\N	\N	nt	1
1825	A	N	25079	25080	\N	\N	nt	1
1826	T	N	25080	25081	\N	\N	nt	1
1827	G	N	25081	25082	\N	\N	nt	1
1828	C	N	25082	25083	\N	\N	nt	1
1829	T	N	25083	25084	\N	\N	nt	1
1830	T	N	25084	25085	\N	\N	nt	1
1831	C	N	25085	25086	\N	\N	nt	1
1832	A	N	25086	25087	\N	\N	nt	1
1833	G	N	25087	25088	\N	\N	nt	1
1834	T	N	25088	25089	\N	\N	nt	1
1835	T	N	25089	25090	\N	\N	nt	1
1836	G	N	25090	25091	\N	\N	nt	1
1837	T	N	25091	25092	\N	\N	nt	1
1838	A	N	25092	25093	\N	\N	nt	1
1839	A	N	25093	25094	\N	\N	nt	1
1840	A	N	25094	25095	\N	\N	nt	1
1841	C	N	25095	25096	\N	\N	nt	1
1842	A	N	25096	25097	\N	\N	nt	1
1843	T	N	25097	25098	\N	\N	nt	1
1844	T	N	25098	25099	\N	\N	nt	1
1845	C	N	25099	25100	\N	\N	nt	1
1846	A	N	25100	25101	\N	\N	nt	1
1847	A	N	25101	25102	\N	\N	nt	1
1848	A	N	25102	25103	\N	\N	nt	1
1849	A	N	25103	25104	\N	\N	nt	1
1850	A	N	25104	25105	\N	\N	nt	1
1851	G	N	25105	25106	\N	\N	nt	1
1852	A	N	25106	25107	\N	\N	nt	1
1853	A	N	25107	25108	\N	\N	nt	1
1854	A	N	25108	25109	\N	\N	nt	1
1855	T	N	25109	25110	\N	\N	nt	1
1856	T	N	25110	25111	\N	\N	nt	1
1857	G	N	25111	25112	\N	\N	nt	1
1858	A	N	25112	25113	\N	\N	nt	1
1859	C	N	25113	25114	\N	\N	nt	1
1860	C	N	25114	25115	\N	\N	nt	1
1861	G	N	25115	25116	\N	\N	nt	1
1862	C	N	25116	25117	\N	\N	nt	1
1863	C	N	25117	25118	\N	\N	nt	1
1864	T	N	25118	25119	\N	\N	nt	1
1865	C	N	25119	25120	\N	\N	nt	1
1866	A	N	25120	25121	\N	\N	nt	1
1867	A	N	25121	25122	\N	\N	nt	1
1868	T	N	25122	25123	\N	\N	nt	1
1869	G	N	25123	25124	\N	\N	nt	1
1870	A	N	25124	25125	\N	\N	nt	1
1871	G	N	25125	25126	\N	\N	nt	1
1872	G	N	25126	25127	\N	\N	nt	1
1873	T	N	25127	25128	\N	\N	nt	1
1874	T	N	25128	25129	\N	\N	nt	1
1875	G	N	25129	25130	\N	\N	nt	1
1876	C	N	25130	25131	\N	\N	nt	1
1877	C	N	25131	25132	\N	\N	nt	1
1878	A	N	25132	25133	\N	\N	nt	1
1879	A	N	25133	25134	\N	\N	nt	1
1880	G	N	25134	25135	\N	\N	nt	1
1881	A	N	25135	25136	\N	\N	nt	1
1882	A	N	25136	25137	\N	\N	nt	1
1883	T	N	25137	25138	\N	\N	nt	1
1884	T	N	25138	25139	\N	\N	nt	1
1885	T	N	25139	25140	\N	\N	nt	1
1886	A	N	25140	25141	\N	\N	nt	1
1887	A	N	25141	25142	\N	\N	nt	1
1888	A	N	25142	25143	\N	\N	nt	1
1889	T	N	25143	25144	\N	\N	nt	1
1890	G	N	25144	25145	\N	\N	nt	1
1891	A	N	25145	25146	\N	\N	nt	1
1892	A	N	25146	25147	\N	\N	nt	1
1893	T	N	25147	25148	\N	\N	nt	1
1894	C	N	25148	25149	\N	\N	nt	1
1895	T	N	25149	25150	\N	\N	nt	1
1896	C	N	25150	25151	\N	\N	nt	1
1897	T	N	25151	25152	\N	\N	nt	1
1898	C	N	25152	25153	\N	\N	nt	1
1899	A	N	25153	25154	\N	\N	nt	1
1900	T	N	25154	25155	\N	\N	nt	1
1901	C	N	25155	25156	\N	\N	nt	1
1902	G	N	25156	25157	\N	\N	nt	1
1903	A	N	25157	25158	\N	\N	nt	1
1904	T	N	25158	25159	\N	\N	nt	1
1905	C	N	25159	25160	\N	\N	nt	1
1906	T	N	25160	25161	\N	\N	nt	1
1907	C	N	25161	25162	\N	\N	nt	1
1908	C	N	25162	25163	\N	\N	nt	1
1909	A	N	25163	25164	\N	\N	nt	1
1910	A	N	25164	25165	\N	\N	nt	1
1911	G	N	25165	25166	\N	\N	nt	1
1912	A	N	25166	25167	\N	\N	nt	1
1913	A	N	25167	25168	\N	\N	nt	1
1914	C	N	25168	25169	\N	\N	nt	1
1915	T	N	25169	25170	\N	\N	nt	1
1916	T	N	25170	25171	\N	\N	nt	1
1917	G	N	25171	25172	\N	\N	nt	1
1918	G	N	25172	25173	\N	\N	nt	1
1919	A	N	25173	25174	\N	\N	nt	1
1920	A	N	25174	25175	\N	\N	nt	1
1921	A	N	25175	25176	\N	\N	nt	1
1922	G	N	25176	25177	\N	\N	nt	1
1923	T	N	25177	25178	\N	\N	nt	1
1924	A	N	25178	25179	\N	\N	nt	1
1925	T	N	25179	25180	\N	\N	nt	1
1926	G	N	25180	25181	\N	\N	nt	1
1927	A	N	25181	25182	\N	\N	nt	1
1928	G	N	25182	25183	\N	\N	nt	1
1929	C	N	25183	25184	\N	\N	nt	1
1930	A	N	25184	25185	\N	\N	nt	1
1931	G	N	25185	25186	\N	\N	nt	1
1932	T	N	25186	25187	\N	\N	nt	1
1933	A	N	25187	25188	\N	\N	nt	1
1934	T	N	25188	25189	\N	\N	nt	1
1935	A	N	25189	25190	\N	\N	nt	1
1936	T	N	25190	25191	\N	\N	nt	1
1937	A	N	25191	25192	\N	\N	nt	1
1938	A	N	25192	25193	\N	\N	nt	1
1939	A	N	25193	25194	\N	\N	nt	1
1940	A	N	25194	25195	\N	\N	nt	1
1941	T	N	25195	25196	\N	\N	nt	1
1942	G	N	25196	25197	\N	\N	nt	1
1943	G	N	25197	25198	\N	\N	nt	1
1944	C	N	25198	25199	\N	\N	nt	1
1945	C	N	25199	25200	\N	\N	nt	1
1946	A	N	25200	25201	\N	\N	nt	1
1947	T	N	25201	25202	\N	\N	nt	1
1948	G	N	25202	25203	\N	\N	nt	1
1949	G	N	25203	25204	\N	\N	nt	1
1950	T	N	25204	25205	\N	\N	nt	1
1951	A	N	25205	25206	\N	\N	nt	1
1952	C	N	25206	25207	\N	\N	nt	1
1953	A	N	25207	25208	\N	\N	nt	1
1954	T	N	25208	25209	\N	\N	nt	1
1955	T	N	25209	25210	\N	\N	nt	1
1956	T	N	25210	25211	\N	\N	nt	1
1957	G	N	25211	25212	\N	\N	nt	1
1958	G	N	25212	25213	\N	\N	nt	1
1959	C	N	25213	25214	\N	\N	nt	1
1960	T	N	25214	25215	\N	\N	nt	1
1961	A	N	25215	25216	\N	\N	nt	1
1962	G	N	25216	25217	\N	\N	nt	1
1963	G	N	25217	25218	\N	\N	nt	1
1964	T	N	25218	25219	\N	\N	nt	1
1965	T	N	25219	25220	\N	\N	nt	1
1966	T	N	25220	25221	\N	\N	nt	1
1967	T	N	25221	25222	\N	\N	nt	1
1968	A	N	25222	25223	\N	\N	nt	1
1969	T	N	25223	25224	\N	\N	nt	1
1970	A	N	25224	25225	\N	\N	nt	1
1971	G	N	25225	25226	\N	\N	nt	1
1972	C	N	25226	25227	\N	\N	nt	1
1973	T	N	25227	25228	\N	\N	nt	1
1974	G	N	25228	25229	\N	\N	nt	1
1975	G	N	25229	25230	\N	\N	nt	1
1976	C	N	25230	25231	\N	\N	nt	1
1977	T	N	25231	25232	\N	\N	nt	1
1978	T	N	25232	25233	\N	\N	nt	1
1979	G	N	25233	25234	\N	\N	nt	1
1980	A	N	25234	25235	\N	\N	nt	1
1981	T	N	25235	25236	\N	\N	nt	1
1982	T	N	25236	25237	\N	\N	nt	1
1983	G	N	25237	25238	\N	\N	nt	1
1984	C	N	25238	25239	\N	\N	nt	1
1985	C	N	25239	25240	\N	\N	nt	1
1986	A	N	25240	25241	\N	\N	nt	1
1987	T	N	25241	25242	\N	\N	nt	1
1988	A	N	25242	25243	\N	\N	nt	1
1989	G	N	25243	25244	\N	\N	nt	1
1990	T	N	25244	25245	\N	\N	nt	1
1991	A	N	25245	25246	\N	\N	nt	1
1992	A	N	25246	25247	\N	\N	nt	1
1993	T	N	25247	25248	\N	\N	nt	1
1994	G	N	25248	25249	\N	\N	nt	1
1995	G	N	25249	25250	\N	\N	nt	1
1996	T	N	25250	25251	\N	\N	nt	1
1997	G	N	25251	25252	\N	\N	nt	1
1998	A	N	25252	25253	\N	\N	nt	1
1999	C	N	25253	25254	\N	\N	nt	1
2000	A	N	25254	25255	\N	\N	nt	1
2001	A	N	25255	25256	\N	\N	nt	1
2002	T	N	25256	25257	\N	\N	nt	1
2003	T	N	25257	25258	\N	\N	nt	1
2004	A	N	25258	25259	\N	\N	nt	1
2005	T	N	25259	25260	\N	\N	nt	1
2006	G	N	25260	25261	\N	\N	nt	1
2007	C	N	25261	25262	\N	\N	nt	1
2008	T	N	25262	25263	\N	\N	nt	1
2009	T	N	25263	25264	\N	\N	nt	1
2010	T	N	25264	25265	\N	\N	nt	1
2011	G	N	25265	25266	\N	\N	nt	1
2012	C	N	25266	25267	\N	\N	nt	1
2013	T	N	25267	25268	\N	\N	nt	1
2014	G	N	25268	25269	\N	\N	nt	1
2015	T	N	25269	25270	\N	\N	nt	1
2016	A	N	25270	25271	\N	\N	nt	1
2017	T	N	25271	25272	\N	\N	nt	1
2018	G	N	25272	25273	\N	\N	nt	1
2019	A	N	25273	25274	\N	\N	nt	1
2020	C	N	25274	25275	\N	\N	nt	1
2021	C	N	25275	25276	\N	\N	nt	1
2022	A	N	25276	25277	\N	\N	nt	1
2023	G	N	25277	25278	\N	\N	nt	1
2024	T	N	25278	25279	\N	\N	nt	1
2025	T	N	25279	25280	\N	\N	nt	1
2026	G	N	25280	25281	\N	\N	nt	1
2027	C	N	25281	25282	\N	\N	nt	1
2028	T	N	25282	25283	\N	\N	nt	1
2029	G	N	25283	25284	\N	\N	nt	1
2030	T	N	25284	25285	\N	\N	nt	1
2031	A	N	25285	25286	\N	\N	nt	1
2032	G	N	25286	25287	\N	\N	nt	1
2033	T	N	25287	25288	\N	\N	nt	1
2034	T	N	25288	25289	\N	\N	nt	1
2035	G	N	25289	25290	\N	\N	nt	1
2036	T	N	25290	25291	\N	\N	nt	1
2037	C	N	25291	25292	\N	\N	nt	1
2038	C	T	25583	25584	\N	\N	nt	1
2039	C	T	26269	26270	\N	\N	nt	1
2040	A	G	26529	26530	\N	\N	nt	1
2041	C	G	26576	26577	\N	\N	nt	1
2042	G	A	26708	26709	\N	\N	nt	1
2043	A	C	27258	27259	\N	\N	nt	1
2132	C	T	27806	27807	\N	\N	nt	1
2143	C	N	27835	27836	\N	\N	nt	1
2144	T	N	27836	27837	\N	\N	nt	1
2145	T	N	27837	27838	\N	\N	nt	1
2146	T	N	27838	27839	\N	\N	nt	1
2147	T	N	27839	27840	\N	\N	nt	1
2148	G	N	27840	27841	\N	\N	nt	1
2149	G	N	27841	27842	\N	\N	nt	1
2150	T	N	27842	27843	\N	\N	nt	1
2151	T	N	27843	27844	\N	\N	nt	1
2152	C	N	27844	27845	\N	\N	nt	1
2153	T	N	27845	27846	\N	\N	nt	1
2154	C	N	27846	27847	\N	\N	nt	1
2155	A	N	27847	27848	\N	\N	nt	1
2156	C	N	27848	27849	\N	\N	nt	1
2157	T	N	27849	27850	\N	\N	nt	1
2158	T	N	27850	27851	\N	\N	nt	1
2159	G	N	27851	27852	\N	\N	nt	1
2160	A	N	27852	27853	\N	\N	nt	1
2161	A	N	27853	27854	\N	\N	nt	1
2162	C	N	27854	27855	\N	\N	nt	1
2163	T	N	27855	27856	\N	\N	nt	1
2164	G	N	27856	27857	\N	\N	nt	1
2165	C	N	27857	27858	\N	\N	nt	1
2166	A	N	27858	27859	\N	\N	nt	1
2167	A	N	27859	27860	\N	\N	nt	1
2168	G	N	27860	27861	\N	\N	nt	1
2169	A	N	27861	27862	\N	\N	nt	1
2170	T	N	27862	27863	\N	\N	nt	1
2171	C	N	27863	27864	\N	\N	nt	1
2172	A	N	27864	27865	\N	\N	nt	1
2173	T	N	27865	27866	\N	\N	nt	1
2174	A	N	27866	27867	\N	\N	nt	1
2175	A	N	27867	27868	\N	\N	nt	1
2176	T	N	27868	27869	\N	\N	nt	1
2177	G	N	27869	27870	\N	\N	nt	1
2178	A	N	27870	27871	\N	\N	nt	1
2179	A	N	27871	27872	\N	\N	nt	1
2180	A	N	27872	27873	\N	\N	nt	1
2181	C	N	27873	27874	\N	\N	nt	1
2182	T	N	27874	27875	\N	\N	nt	1
2183	T	N	27875	27876	\N	\N	nt	1
2184	G	N	27876	27877	\N	\N	nt	1
2185	T	N	27877	27878	\N	\N	nt	1
2186	C	N	27878	27879	\N	\N	nt	1
2187	A	N	27879	27880	\N	\N	nt	1
2188	C	N	27880	27881	\N	\N	nt	1
2189	G	N	27881	27882	\N	\N	nt	1
2190	C	N	27882	27883	\N	\N	nt	1
2191	C	N	27883	27884	\N	\N	nt	1
2192	T	N	27884	27885	\N	\N	nt	1
2193	A	N	27885	27886	\N	\N	nt	1
2194	A	N	27886	27887	\N	\N	nt	1
2195	A	N	27887	27888	\N	\N	nt	1
2196	C	N	27888	27889	\N	\N	nt	1
2197	G	N	27889	27890	\N	\N	nt	1
2198	A	N	27890	27891	\N	\N	nt	1
2199	A	N	27891	27892	\N	\N	nt	1
2200	C	N	27892	27893	\N	\N	nt	1
2201	A	N	27893	27894	\N	\N	nt	1
2202	T	N	27894	27895	\N	\N	nt	1
2203	G	N	27895	27896	\N	\N	nt	1
2204	A	N	27896	27897	\N	\N	nt	1
2205	A	N	27897	27898	\N	\N	nt	1
2206	A	N	27898	27899	\N	\N	nt	1
2207	T	N	27899	27900	\N	\N	nt	1
2208	T	N	27900	27901	\N	\N	nt	1
2209	T	N	27901	27902	\N	\N	nt	1
2210	C	N	27902	27903	\N	\N	nt	1
2211	T	N	27903	27904	\N	\N	nt	1
2212	T	N	27904	27905	\N	\N	nt	1
2213	G	N	27905	27906	\N	\N	nt	1
2214	T	N	27906	27907	\N	\N	nt	1
2215	T	N	27907	27908	\N	\N	nt	1
2216	T	N	27908	27909	\N	\N	nt	1
2217	T	N	27909	27910	\N	\N	nt	1
2218	C	N	27910	27911	\N	\N	nt	1
2219	T	N	27911	27912	\N	\N	nt	1
2220	T	N	27912	27913	\N	\N	nt	1
2221	C	N	27963	27964	\N	\N	nt	1
2222	A	N	27964	27965	\N	\N	nt	1
2223	T	N	27965	27966	\N	\N	nt	1
2224	G	N	27966	27967	\N	\N	nt	1
2225	T	N	27967	27968	\N	\N	nt	1
2226	A	N	27968	27969	\N	\N	nt	1
2227	C	N	27969	27970	\N	\N	nt	1
2228	T	N	27970	27971	\N	\N	nt	1
2229	C	N	27971	27972	\N	\N	nt	1
2230	A	N	27972	27973	\N	\N	nt	1
2231	C	N	27977	27978	\N	\N	nt	1
2232	A	N	27978	27979	\N	\N	nt	1
2233	A	N	27979	27980	\N	\N	nt	1
2234	C	N	27980	27981	\N	\N	nt	1
2235	C	N	27981	27982	\N	\N	nt	1
2236	G	N	27989	27990	\N	\N	nt	1
2237	T	N	27991	27992	\N	\N	nt	1
2238	G	N	27992	27993	\N	\N	nt	1
2239	A	N	27993	27994	\N	\N	nt	1
2240	T	N	27994	27995	\N	\N	nt	1
2241	G	N	27995	27996	\N	\N	nt	1
2242	A	N	27996	27997	\N	\N	nt	1
2243	C	N	27997	27998	\N	\N	nt	1
2244	A	N	28036	28037	\N	\N	nt	1
2245	G	N	28037	28038	\N	\N	nt	1
2246	T	N	28038	28039	\N	\N	nt	1
2247	A	N	28039	28040	\N	\N	nt	1
2248	G	N	28040	28041	\N	\N	nt	1
2249	G	N	28041	28042	\N	\N	nt	1
2250	A	N	28042	28043	\N	\N	nt	1
2251	G	N	28043	28044	\N	\N	nt	1
2252	C	N	28044	28045	\N	\N	nt	1
2253	T	N	28045	28046	\N	\N	nt	1
2254	A	N	28046	28047	\N	\N	nt	1
2255	G	N	28047	28048	\N	\N	nt	1
2256	C	N	28053	28054	\N	\N	nt	1
2257	A	N	28054	28055	\N	\N	nt	1
2258	G	N	28055	28056	\N	\N	nt	1
2259	C	N	28056	28057	\N	\N	nt	1
2260	A	N	28057	28058	\N	\N	nt	1
2261	C	N	28058	28059	\N	\N	nt	1
2262	C	N	28059	28060	\N	\N	nt	1
2263	T	N	28060	28061	\N	\N	nt	1
2264	T	N	28061	28062	\N	\N	nt	1
2265	A	N	28063	28064	\N	\N	nt	1
2266	A	T	28270	28271	\N	\N	nt	1
2267	C	T	28310	28311	\N	\N	nt	1
2268		\N	28361	28370	\N	\N	nt	1
2269	G	A	28880	28881	\N	\N	nt	1
2270	G	A	28881	28882	\N	\N	nt	1
2271	G	C	28882	28883	\N	\N	nt	1
2272		\N	29836	29903	\N	\N	nt	1
2273	T	I	8	9	\N	1	cds	1
2274	D	G	2	3	\N	2	cds	1
2275	Q	E	18	19	\N	2	cds	1
2276	A	T	62	63	\N	2	cds	1
2277	P	L	12	13	\N	3	cds	1
2278	R	K	202	203	\N	3	cds	1
2279	G	R	203	204	\N	3	cds	1
2280	C	X	505	506	\N	4	cds	1
2281	G	X	506	507	\N	4	cds	1
2282	N	X	507	508	\N	4	cds	1
2283	F	X	508	509	\N	4	cds	1
2284	K	X	509	510	\N	4	cds	1
2285	V	X	510	511	\N	4	cds	1
2286	T	X	511	512	\N	4	cds	1
2287	K	X	512	513	\N	4	cds	1
2288	G	X	513	514	\N	4	cds	1
2289	K	X	514	515	\N	4	cds	1
2290	A	X	515	516	\N	4	cds	1
2291	K	X	516	517	\N	4	cds	1
2292	K	X	517	518	\N	4	cds	1
2293	K	R	855	856	\N	4	cds	1
2294	E	X	2211	2212	\N	4	cds	1
2295	A	X	2212	2213	\N	4	cds	1
2296	S	X	2213	2214	\N	4	cds	1
2297	F	X	2214	2215	\N	4	cds	1
2298	N	X	2215	2216	\N	4	cds	1
2299	Y	X	2216	2217	\N	4	cds	1
2300	L	X	2217	2218	\N	4	cds	1
2301	K	X	2218	2219	\N	4	cds	1
2302	S	X	2219	2220	\N	4	cds	1
2303	L	X	2233	2234	\N	4	cds	1
2304	L	X	2234	2235	\N	4	cds	1
2305	C	X	2238	2239	\N	4	cds	1
2306	Y	X	2244	2245	\N	4	cds	1
2307	S	X	2245	2246	\N	4	cds	1
2308	A	X	2247	2248	\N	4	cds	1
2309	S	X	2260	2261	\N	4	cds	1
2310	C	X	2262	2263	\N	4	cds	1
2311	T	X	2263	2264	\N	4	cds	1
2312	A	T	2709	2710	\N	4	cds	1
2314	P	H	3394	3395	\N	4	cds	1
2315	I	V	3757	3758	\N	4	cds	1
2317	P	L	1426	1427	\N	5	cds	1
2318	I	V	1565	1566	\N	5	cds	1
2319	K	X	2254	2255	\N	5	cds	1
2320	P	X	2255	2256	\N	5	cds	1
2321	R	X	2256	2257	\N	5	cds	1
2322	S	X	2257	2258	\N	5	cds	1
2323	Q	X	2258	2259	\N	5	cds	1
2324	M	X	2259	2260	\N	5	cds	1
2325	E	X	2260	2261	\N	5	cds	1
2326	I	X	2261	2262	\N	5	cds	1
2327	D	X	2262	2263	\N	5	cds	1
2328	F	X	2263	2264	\N	5	cds	1
2329	L	X	2264	2265	\N	5	cds	1
2330	E	X	2265	2266	\N	5	cds	1
2331	L	X	2266	2267	\N	5	cds	1
2332	A	X	2267	2268	\N	5	cds	1
2333	M	X	2268	2269	\N	5	cds	1
2334	D	X	2269	2270	\N	5	cds	1
2335	E	X	2270	2271	\N	5	cds	1
2336	F	X	2271	2272	\N	5	cds	1
2337	I	X	2272	2273	\N	5	cds	1
2338	E	X	2273	2274	\N	5	cds	1
2339	R	X	2274	2275	\N	5	cds	1
2340	Y	X	2275	2276	\N	5	cds	1
2341	K	X	2276	2277	\N	5	cds	1
2342	L	X	2277	2278	\N	5	cds	1
2343	E	X	2278	2279	\N	5	cds	1
2344	Y	X	2280	2281	\N	5	cds	1
2345	A	X	2281	2282	\N	5	cds	1
2346	F	X	2282	2283	\N	5	cds	1
2347	E	X	2283	2284	\N	5	cds	1
2348	H	X	2284	2285	\N	5	cds	1
2349	I	X	2285	2286	\N	5	cds	1
2350	V	X	2286	2287	\N	5	cds	1
2351	Y	X	2287	2288	\N	5	cds	1
2352	G	X	2288	2289	\N	5	cds	1
2353	D	X	2289	2290	\N	5	cds	1
2354	F	X	2290	2291	\N	5	cds	1
2355	S	X	2291	2292	\N	5	cds	1
2356	H	X	2292	2293	\N	5	cds	1
2357	S	X	2293	2294	\N	5	cds	1
2358	Q	X	2294	2295	\N	5	cds	1
2359	L	X	2295	2296	\N	5	cds	1
2360	G	X	2296	2297	\N	5	cds	1
2361	G	X	2297	2298	\N	5	cds	1
2362	L	X	2298	2299	\N	5	cds	1
2363	H	X	2299	2300	\N	5	cds	1
2364	L	X	2300	2301	\N	5	cds	1
2365	L	X	2301	2302	\N	5	cds	1
2366	I	X	2302	2303	\N	5	cds	1
2367	G	X	2303	2304	\N	5	cds	1
2368	L	X	2304	2305	\N	5	cds	1
2369	A	X	2305	2306	\N	5	cds	1
2370	K	X	2306	2307	\N	5	cds	1
2371	R	X	2307	2308	\N	5	cds	1
2372	F	X	2308	2309	\N	5	cds	1
2373	K	X	2309	2310	\N	5	cds	1
2374	E	X	2310	2311	\N	5	cds	1
2375	S	X	2311	2312	\N	5	cds	1
2376	P	X	2312	2313	\N	5	cds	1
2377	F	X	2313	2314	\N	5	cds	1
2378	E	X	2314	2315	\N	5	cds	1
2379	L	X	2315	2316	\N	5	cds	1
2380	E	X	2316	2317	\N	5	cds	1
2381	D	X	2317	2318	\N	5	cds	1
2382	F	X	2318	2319	\N	5	cds	1
2383	I	X	2319	2320	\N	5	cds	1
2384	P	X	2320	2321	\N	5	cds	1
2385	M	X	2321	2322	\N	5	cds	1
2386	D	X	2322	2323	\N	5	cds	1
2387	S	X	2323	2324	\N	5	cds	1
2388	T	X	2324	2325	\N	5	cds	1
2389	V	X	2325	2326	\N	5	cds	1
2390	K	X	2326	2327	\N	5	cds	1
2391	N	X	2327	2328	\N	5	cds	1
2392	Y	X	2328	2329	\N	5	cds	1
2393	F	X	2329	2330	\N	5	cds	1
2394	I	X	2330	2331	\N	5	cds	1
2395	T	X	2331	2332	\N	5	cds	1
2396	D	X	2332	2333	\N	5	cds	1
2431	F	X	27	28	\N	9	cds	1
2432	W	X	28	29	\N	9	cds	1
2433	F	X	29	30	\N	9	cds	1
2434	S	X	30	31	\N	9	cds	1
2435	L	X	31	32	\N	9	cds	1
2436	E	X	32	33	\N	9	cds	1
2437	L	X	33	34	\N	9	cds	1
2438	Q	X	34	35	\N	9	cds	1
2439	D	X	35	36	\N	9	cds	1
2440	H	X	36	37	\N	9	cds	1
2441	N	X	37	38	\N	9	cds	1
2442	E	X	38	39	\N	9	cds	1
2443	T	X	39	40	\N	9	cds	1
2444	C	X	40	41	\N	9	cds	1
2445	H	X	41	42	\N	9	cds	1
2446	A	X	42	43	\N	9	cds	1
2447	*	X	43	44	\N	9	cds	1
2448	M	X	0	1	\N	10	cds	1
2449	K	X	1	2	\N	10	cds	1
2450	F	X	2	3	\N	10	cds	1
2451	L	X	3	4	\N	10	cds	1
2452	V	X	4	5	\N	10	cds	1
2453	F	X	5	6	\N	10	cds	1
2454	L	X	6	7	\N	10	cds	1
2455	S	X	23	24	\N	10	cds	1
2456	C	X	24	25	\N	10	cds	1
2457	T	X	25	26	\N	10	cds	1
2458	Q	X	26	27	\N	10	cds	1
2459	Q	X	28	29	\N	10	cds	1
2460	P	X	29	30	\N	10	cds	1
2461	V	X	32	33	\N	10	cds	1
2462	D	X	33	34	\N	10	cds	1
2463	D	X	34	35	\N	10	cds	1
2464	R	X	47	48	\N	10	cds	1
2465	V	X	48	49	\N	10	cds	1
2466	G	X	49	50	\N	10	cds	1
2467	A	X	50	51	\N	10	cds	1
2468	R	X	51	52	\N	10	cds	1
2469	S	X	53	54	\N	10	cds	1
2470	A	X	54	55	\N	10	cds	1
2471	P	X	55	56	\N	10	cds	1
2472	L	X	56	57	\N	10	cds	1
2473	P	S	9	10	\N	11	cds	1
2474	A	V	66	67	\N	12	cds	1
2475	T	I	94	95	\N	12	cds	1
2476	E	X	153	154	\N	12	cds	1
2477	S	X	154	155	\N	12	cds	1
2478	E	X	155	156	\N	12	cds	1
2479	F	X	156	157	\N	12	cds	1
2480	R	X	157	158	\N	12	cds	1
2481	V	X	158	159	\N	12	cds	1
2482	Y	X	159	160	\N	12	cds	1
2483	S	X	160	161	\N	12	cds	1
2484	S	X	161	162	\N	12	cds	1
2485	A	X	162	163	\N	12	cds	1
2486	N	X	163	164	\N	12	cds	1
2487	N	X	164	165	\N	12	cds	1
2488	C	X	165	166	\N	12	cds	1
2489	T	X	166	167	\N	12	cds	1
2490	F	X	167	168	\N	12	cds	1
2491	E	X	168	169	\N	12	cds	1
2492	Y	X	169	170	\N	12	cds	1
2493	V	X	170	171	\N	12	cds	1
2494	S	X	171	172	\N	12	cds	1
2495	Q	X	172	173	\N	12	cds	1
2496	P	X	173	174	\N	12	cds	1
2497	F	X	174	175	\N	12	cds	1
2498	L	X	175	176	\N	12	cds	1
2499	M	X	176	177	\N	12	cds	1
2500	D	X	177	178	\N	12	cds	1
2501	L	X	178	179	\N	12	cds	1
2502	E	X	179	180	\N	12	cds	1
2503	G	X	180	181	\N	12	cds	1
2504	K	X	181	182	\N	12	cds	1
2505	Q	X	182	183	\N	12	cds	1
2506	G	X	183	184	\N	12	cds	1
2507	N	X	184	185	\N	12	cds	1
2508	F	X	185	186	\N	12	cds	1
2509	K	X	186	187	\N	12	cds	1
2510	N	X	187	188	\N	12	cds	1
2511	L	X	188	189	\N	12	cds	1
2512	R	X	189	190	\N	12	cds	1
2513	E	X	190	191	\N	12	cds	1
2514	F	X	191	192	\N	12	cds	1
2515	V	X	192	193	\N	12	cds	1
2516	F	X	193	194	\N	12	cds	1
2517	K	X	194	195	\N	12	cds	1
2518	N	X	195	196	\N	12	cds	1
2519	I	X	196	197	\N	12	cds	1
2520	D	X	197	198	\N	12	cds	1
2521	G	X	198	199	\N	12	cds	1
2522	Y	X	199	200	\N	12	cds	1
2523	F	X	200	201	\N	12	cds	1
2524	K	X	201	202	\N	12	cds	1
2525	I	X	202	203	\N	12	cds	1
2526	Y	X	203	204	\N	12	cds	1
2527	S	X	204	205	\N	12	cds	1
2528	K	X	205	206	\N	12	cds	1
2529	H	X	206	207	\N	12	cds	1
2530	T	X	207	208	\N	12	cds	1
2531	P	X	208	209	\N	12	cds	1
2532	I	X	209	210	\N	12	cds	1
2533	N	X	210	211	\N	12	cds	1
2534	L	X	211	212	\N	12	cds	1
2535	V	X	212	213	\N	12	cds	1
2536	R	X	213	214	\N	12	cds	1
2537	D	X	214	215	\N	12	cds	1
2538	L	X	215	216	\N	12	cds	1
2539	P	X	216	217	\N	12	cds	1
2540	Q	X	217	218	\N	12	cds	1
2541	G	X	218	219	\N	12	cds	1
2542	F	X	219	220	\N	12	cds	1
2543	S	X	220	221	\N	12	cds	1
2544	A	X	221	222	\N	12	cds	1
2545	L	X	222	223	\N	12	cds	1
2546	E	X	223	224	\N	12	cds	1
2547	P	X	224	225	\N	12	cds	1
2548	L	X	225	226	\N	12	cds	1
2549	V	X	226	227	\N	12	cds	1
2550	D	X	227	228	\N	12	cds	1
2551	L	X	228	229	\N	12	cds	1
2552	P	X	229	230	\N	12	cds	1
2553	I	X	230	231	\N	12	cds	1
2554	G	X	231	232	\N	12	cds	1
2555	I	X	232	233	\N	12	cds	1
2556	N	X	233	234	\N	12	cds	1
2557	I	X	234	235	\N	12	cds	1
2558	T	X	235	236	\N	12	cds	1
2559	R	X	236	237	\N	12	cds	1
2560	F	X	237	238	\N	12	cds	1
2561	Q	X	238	239	\N	12	cds	1
2562	T	X	239	240	\N	12	cds	1
2563	L	X	240	241	\N	12	cds	1
2564	L	X	241	242	\N	12	cds	1
2565	A	X	242	243	\N	12	cds	1
2566	G	D	338	339	\N	12	cds	1
2567	R	K	345	346	\N	12	cds	1
2568	R	X	354	355	\N	12	cds	1
2569	K	X	355	356	\N	12	cds	1
2570	R	X	356	357	\N	12	cds	1
2571	I	X	357	358	\N	12	cds	1
2572	S	X	358	359	\N	12	cds	1
2573	N	X	359	360	\N	12	cds	1
2574	C	X	360	361	\N	12	cds	1
2575	V	X	361	362	\N	12	cds	1
2576	A	X	362	363	\N	12	cds	1
2577	D	X	363	364	\N	12	cds	1
2578	Y	X	364	365	\N	12	cds	1
2579	S	X	365	366	\N	12	cds	1
2580	V	X	366	367	\N	12	cds	1
2581	L	X	367	368	\N	12	cds	1
2582	Y	X	368	369	\N	12	cds	1
2583	N	X	369	370	\N	12	cds	1
2584	S	X	370	371	\N	12	cds	1
2585	A	X	371	372	\N	12	cds	1
2586	S	X	372	373	\N	12	cds	1
2587	F	X	373	374	\N	12	cds	1
2588	S	X	374	375	\N	12	cds	1
2589	T	X	375	376	\N	12	cds	1
2590	F	X	376	377	\N	12	cds	1
2591	K	X	377	378	\N	12	cds	1
2592	C	X	378	379	\N	12	cds	1
2593	Y	X	379	380	\N	12	cds	1
2594	G	X	380	381	\N	12	cds	1
2595	V	X	381	382	\N	12	cds	1
2596	S	X	382	383	\N	12	cds	1
2597	P	X	383	384	\N	12	cds	1
2598	T	X	384	385	\N	12	cds	1
2599	K	X	385	386	\N	12	cds	1
2600	L	X	386	387	\N	12	cds	1
2601	N	X	387	388	\N	12	cds	1
2602	D	X	388	389	\N	12	cds	1
2603	L	X	389	390	\N	12	cds	1
2604	C	X	390	391	\N	12	cds	1
2605	F	X	391	392	\N	12	cds	1
2606	T	X	392	393	\N	12	cds	1
2607	N	X	393	394	\N	12	cds	1
2608	V	X	394	395	\N	12	cds	1
2609	Y	X	395	396	\N	12	cds	1
2610	A	X	396	397	\N	12	cds	1
2611	D	X	397	398	\N	12	cds	1
2612	S	X	398	399	\N	12	cds	1
2613	F	X	399	400	\N	12	cds	1
2614	V	X	400	401	\N	12	cds	1
2615	I	X	401	402	\N	12	cds	1
2616	R	X	402	403	\N	12	cds	1
2617	G	X	403	404	\N	12	cds	1
2618	D	X	404	405	\N	12	cds	1
2619	E	X	405	406	\N	12	cds	1
2620	V	X	406	407	\N	12	cds	1
2621	R	X	407	408	\N	12	cds	1
2622	Q	X	408	409	\N	12	cds	1
2623	I	X	409	410	\N	12	cds	1
2624	A	X	410	411	\N	12	cds	1
2625	P	X	411	412	\N	12	cds	1
2626	G	X	412	413	\N	12	cds	1
2627	Q	X	413	414	\N	12	cds	1
2628	T	X	414	415	\N	12	cds	1
2629	G	X	415	416	\N	12	cds	1
2630	K	X	416	417	\N	12	cds	1
2631	I	X	417	418	\N	12	cds	1
2632	A	X	418	419	\N	12	cds	1
2633	D	X	419	420	\N	12	cds	1
2634	I	X	433	434	\N	12	cds	1
2635	A	X	434	435	\N	12	cds	1
2636	W	X	435	436	\N	12	cds	1
2637	N	X	436	437	\N	12	cds	1
2638	S	X	437	438	\N	12	cds	1
2639	N	X	438	439	\N	12	cds	1
2640	N	X	439	440	\N	12	cds	1
2641	L	X	440	441	\N	12	cds	1
2642	D	X	441	442	\N	12	cds	1
2643	S	X	442	443	\N	12	cds	1
2644	K	X	443	444	\N	12	cds	1
2645	V	X	444	445	\N	12	cds	1
2646	G	X	445	446	\N	12	cds	1
2647	G	X	446	447	\N	12	cds	1
2648	N	X	447	448	\N	12	cds	1
2649	Y	X	448	449	\N	12	cds	1
2650	N	X	449	450	\N	12	cds	1
2651	Y	X	450	451	\N	12	cds	1
2652	L	X	451	452	\N	12	cds	1
2653	Y	X	452	453	\N	12	cds	1
2654	R	X	453	454	\N	12	cds	1
2655	L	X	454	455	\N	12	cds	1
2656	F	X	455	456	\N	12	cds	1
2657	R	X	456	457	\N	12	cds	1
2658	K	X	457	458	\N	12	cds	1
2659	S	X	458	459	\N	12	cds	1
2660	N	X	459	460	\N	12	cds	1
2661	L	X	460	461	\N	12	cds	1
2662	K	X	461	462	\N	12	cds	1
2663	P	X	462	463	\N	12	cds	1
2664	F	X	463	464	\N	12	cds	1
2665	E	X	464	465	\N	12	cds	1
2666	R	X	465	466	\N	12	cds	1
2667	D	X	466	467	\N	12	cds	1
2668	I	X	467	468	\N	12	cds	1
2669	S	X	468	469	\N	12	cds	1
2670	T	X	469	470	\N	12	cds	1
2671	E	X	470	471	\N	12	cds	1
2672	I	X	471	472	\N	12	cds	1
2673	Y	X	472	473	\N	12	cds	1
2674	Q	X	473	474	\N	12	cds	1
2675	A	X	474	475	\N	12	cds	1
2676	G	X	475	476	\N	12	cds	1
2677	S	X	476	477	\N	12	cds	1
2678	T	X	477	478	\N	12	cds	1
2679	P	X	478	479	\N	12	cds	1
2680	C	X	479	480	\N	12	cds	1
2681	N	X	480	481	\N	12	cds	1
2682	G	X	481	482	\N	12	cds	1
2683	V	X	482	483	\N	12	cds	1
2684	E	X	483	484	\N	12	cds	1
2685	G	X	484	485	\N	12	cds	1
2686	F	X	485	486	\N	12	cds	1
2687	N	X	486	487	\N	12	cds	1
2688	C	X	487	488	\N	12	cds	1
2689	Y	X	488	489	\N	12	cds	1
2690	F	X	489	490	\N	12	cds	1
2691	P	X	490	491	\N	12	cds	1
2692	L	X	491	492	\N	12	cds	1
2693	Q	X	492	493	\N	12	cds	1
2694	S	X	493	494	\N	12	cds	1
2695	Y	X	494	495	\N	12	cds	1
2696	G	X	495	496	\N	12	cds	1
2697	F	X	496	497	\N	12	cds	1
2698	Q	X	497	498	\N	12	cds	1
2699	P	X	498	499	\N	12	cds	1
2700	T	X	499	500	\N	12	cds	1
2701	N	X	500	501	\N	12	cds	1
2702	G	X	501	502	\N	12	cds	1
2703	V	X	502	503	\N	12	cds	1
2704	G	X	503	504	\N	12	cds	1
2705	Y	X	504	505	\N	12	cds	1
2706	Q	X	505	506	\N	12	cds	1
2707	P	X	506	507	\N	12	cds	1
2708	Y	X	507	508	\N	12	cds	1
2709	R	X	508	509	\N	12	cds	1
2710	V	X	509	510	\N	12	cds	1
2711	V	X	510	511	\N	12	cds	1
2712	V	X	511	512	\N	12	cds	1
2713	L	X	512	513	\N	12	cds	1
2714	S	X	513	514	\N	12	cds	1
2715	F	X	514	515	\N	12	cds	1
2716	E	X	515	516	\N	12	cds	1
2717	L	X	516	517	\N	12	cds	1
2718	L	X	517	518	\N	12	cds	1
2719	H	X	518	519	\N	12	cds	1
2720	A	X	519	520	\N	12	cds	1
2721	P	X	520	521	\N	12	cds	1
2722	A	X	521	522	\N	12	cds	1
2723	T	X	522	523	\N	12	cds	1
2724	V	X	523	524	\N	12	cds	1
2725	T	K	546	547	\N	12	cds	1
2727	H	Y	654	655	\N	12	cds	1
2728	N	K	678	679	\N	12	cds	1
2729	P	H	680	681	\N	12	cds	1
2730	N	K	763	764	\N	12	cds	1
2731	D	Y	795	796	\N	12	cds	1
2732	N	K	855	856	\N	12	cds	1
2733	Q	H	953	954	\N	12	cds	1
2734	N	K	968	969	\N	12	cds	1
2735	L	F	980	981	\N	12	cds	1
2736	I	X	1171	1172	\N	12	cds	1
2737	N	X	1172	1173	\N	12	cds	1
2738	A	X	1173	1174	\N	12	cds	1
2739	S	X	1174	1175	\N	12	cds	1
2740	V	X	1175	1176	\N	12	cds	1
2741	V	X	1176	1177	\N	12	cds	1
2742	N	X	1177	1178	\N	12	cds	1
2743	I	X	1178	1179	\N	12	cds	1
2744	Q	X	1179	1180	\N	12	cds	1
2745	K	X	1180	1181	\N	12	cds	1
2746	E	X	1181	1182	\N	12	cds	1
2747	I	X	1182	1183	\N	12	cds	1
2748	D	X	1183	1184	\N	12	cds	1
2749	R	X	1184	1185	\N	12	cds	1
2750	L	X	1185	1186	\N	12	cds	1
2751	N	X	1186	1187	\N	12	cds	1
2752	E	X	1187	1188	\N	12	cds	1
2753	V	X	1188	1189	\N	12	cds	1
2754	A	X	1189	1190	\N	12	cds	1
2755	K	X	1190	1191	\N	12	cds	1
2756	N	X	1191	1192	\N	12	cds	1
2757	L	X	1192	1193	\N	12	cds	1
2758	N	X	1193	1194	\N	12	cds	1
2759	E	X	1194	1195	\N	12	cds	1
2760	S	X	1195	1196	\N	12	cds	1
2761	L	X	1196	1197	\N	12	cds	1
2762	I	X	1197	1198	\N	12	cds	1
2763	D	X	1198	1199	\N	12	cds	1
2764	L	X	1199	1200	\N	12	cds	1
2765	Q	X	1200	1201	\N	12	cds	1
2766	E	X	1201	1202	\N	12	cds	1
2767	L	X	1202	1203	\N	12	cds	1
2768	G	X	1203	1204	\N	12	cds	1
2769	K	X	1204	1205	\N	12	cds	1
2770	Y	X	1205	1206	\N	12	cds	1
2771	E	X	1206	1207	\N	12	cds	1
2772	Q	X	1207	1208	\N	12	cds	1
2773	Y	X	1208	1209	\N	12	cds	1
2774	I	X	1209	1210	\N	12	cds	1
2775	K	X	1210	1211	\N	12	cds	1
2776	W	X	1211	1212	\N	12	cds	1
2777	P	X	1212	1213	\N	12	cds	1
2778	W	X	1213	1214	\N	12	cds	1
2779	Y	X	1214	1215	\N	12	cds	1
2780	I	X	1215	1216	\N	12	cds	1
2781	W	X	1216	1217	\N	12	cds	1
2782	L	X	1217	1218	\N	12	cds	1
2783	G	X	1218	1219	\N	12	cds	1
2784	F	X	1219	1220	\N	12	cds	1
2785	I	X	1220	1221	\N	12	cds	1
2786	A	X	1221	1222	\N	12	cds	1
2787	G	X	1222	1223	\N	12	cds	1
2788	L	X	1223	1224	\N	12	cds	1
2789	I	X	1224	1225	\N	12	cds	1
2790	A	X	1225	1226	\N	12	cds	1
2791	I	X	1226	1227	\N	12	cds	1
2792	V	X	1227	1228	\N	12	cds	1
2793	M	X	1228	1229	\N	12	cds	1
2794	V	X	1229	1230	\N	12	cds	1
2795	T	X	1230	1231	\N	12	cds	1
2796	I	X	1231	1232	\N	12	cds	1
2797	M	X	1232	1233	\N	12	cds	1
2798	L	X	1233	1234	\N	12	cds	1
2799	C	X	1234	1235	\N	12	cds	1
2800	C	X	1235	1236	\N	12	cds	1
2801	M	X	1236	1237	\N	12	cds	1
2802	T	X	1237	1238	\N	12	cds	1
2803	S	X	1238	1239	\N	12	cds	1
2804	C	X	1239	1240	\N	12	cds	1
2805	C	X	1240	1241	\N	12	cds	1
2806	S	X	1241	1242	\N	12	cds	1
2807	C	X	1242	1243	\N	12	cds	1
2808	L	X	1243	1244	\N	12	cds	1
2809		\N	30	32	\N	3	cds	1
2810		\N	3673	3675	\N	4	cds	1
2811		\N	26	28	\N	11	cds	1
2812		\N	28	29	\N	11	cds	1
2813		\N	68	69	\N	12	cds	1
2814		\N	142	144	\N	12	cds	1
2815		\N	0	54	\N	\N	nt	1
2817	C	A	497	498	\N	\N	nt	1
2818	T	G	669	670	\N	\N	nt	1
2819	C	T	2789	2790	\N	\N	nt	1
2821	G	A	4183	4184	\N	\N	nt	1
2822	C	T	4320	4321	\N	\N	nt	1
2823	C	T	9343	9344	\N	\N	nt	1
2824	A	G	9423	9424	\N	\N	nt	1
2825	C	T	9533	9534	\N	\N	nt	1
2826	C	T	9865	9866	\N	\N	nt	1
2828	C	T	10197	10198	\N	\N	nt	1
2829	G	A	10446	10447	\N	\N	nt	1
2831		\N	11287	11296	\N	\N	nt	1
2832	C	T	12879	12880	\N	\N	nt	1
2834	C	T	15713	15714	\N	\N	nt	1
2835	T	C	15930	15931	\N	\N	nt	1
2836	C	T	17409	17410	\N	\N	nt	1
2838	C	T	19954	19955	\N	\N	nt	1
2839	A	G	20054	20055	\N	\N	nt	1
2840	C	T	21617	21618	\N	\N	nt	1
2841		\N	21632	21641	\N	\N	nt	1
2842	T	C	21764	21765	\N	\N	nt	1
2844	T	G	22199	22200	\N	\N	nt	1
2846	C	T	22673	22674	\N	\N	nt	1
2847	T	C	22678	22679	\N	\N	nt	1
2848	C	T	22685	22686	\N	\N	nt	1
2849	A	G	22687	22688	\N	\N	nt	1
2850	G	A	22774	22775	\N	\N	nt	1
2851	A	C	22785	22786	\N	\N	nt	1
2852	C	T	22791	22792	\N	\N	nt	1
2853	G	T	22812	22813	\N	\N	nt	1
2854	G	A	22991	22992	\N	\N	nt	1
2856	A	C	23012	23013	\N	\N	nt	1
2857	A	G	23039	23040	\N	\N	nt	1
2858	A	G	23054	23055	\N	\N	nt	1
2859	A	T	23062	23063	\N	\N	nt	1
2860	T	C	23074	23075	\N	\N	nt	1
2871	A	G	25947	25948	\N	\N	nt	1
2872	C	T	26059	26060	\N	\N	nt	1
2876	C	T	26857	26858	\N	\N	nt	1
2878	G	C	27381	27382	\N	\N	nt	1
2879	A	T	27382	27383	\N	\N	nt	1
2880	T	C	27383	27384	\N	\N	nt	1
2888	C	T	29420	29421	\N	\N	nt	1
2889	A	C	29509	29510	\N	\N	nt	1
2890		\N	29733	29759	\N	\N	nt	1
2898	P	L	382	383	\N	3	cds	1
2899	S	R	412	413	\N	3	cds	1
2900	T	N	77	78	\N	4	cds	1
2901	S	R	134	135	\N	4	cds	1
2902	T	I	841	842	\N	4	cds	1
2903	G	S	1306	1307	\N	4	cds	1
2904	L	F	3026	3027	\N	4	cds	1
2905	T	I	3089	3090	\N	4	cds	1
2906	L	F	3200	3201	\N	4	cds	1
2910	Y	H	821	822	\N	5	cds	1
2911	R	C	1314	1315	\N	5	cds	1
2913	T	I	2162	2163	\N	5	cds	1
2914	I	V	185	186	\N	6	cds	1
2915	T	I	222	223	\N	6	cds	1
2916	D	L	60	61	\N	7	cds	1
2918	T	I	18	19	\N	12	cds	1
2919	I	T	67	68	\N	12	cds	1
2921	V	G	212	213	\N	12	cds	1
2923	S	F	370	371	\N	12	cds	1
2924	S	P	372	373	\N	12	cds	1
2925	S	F	374	375	\N	12	cds	1
2926	T	A	375	376	\N	12	cds	1
2927	D	N	404	405	\N	12	cds	1
2928	R	S	407	408	\N	12	cds	1
2929	K	N	416	417	\N	12	cds	1
2930	S	N	476	477	\N	12	cds	1
2932	E	A	483	484	\N	12	cds	1
2933	Q	R	492	493	\N	12	cds	1
2934	Q	R	497	498	\N	12	cds	1
2935	N	Y	500	501	\N	12	cds	1
2936	Y	H	504	505	\N	12	cds	1
2946		\N	3674	3676	\N	4	cds	1
2947		\N	3676	3677	\N	4	cds	1
2950		\N	24	26	\N	12	cds	1
2951		\N	0	30	\N	\N	nt	1
2955	A	G	3460	3461	\N	\N	nt	1
2957	G	A	5923	5924	\N	\N	nt	1
2972		\N	22193	22196	\N	\N	nt	1
2975	C	T	22623	22624	\N	\N	nt	1
3036	T	G	22881	22882	\N	\N	nt	1
3037	G	A	22897	22898	\N	\N	nt	1
3042	G	A	23047	23048	\N	\N	nt	1
3048	T	C	23488	23489	\N	\N	nt	1
3052	C	T	23663	23664	\N	\N	nt	1
3073		\N	29864	29903	\N	\N	nt	1
3082	K	E	1065	1066	\N	4	cds	1
3083	V	I	1886	1887	\N	4	cds	1
3116	N	K	439	440	\N	12	cds	1
3117	G	S	445	446	\N	12	cds	1
3122	G	S	495	496	\N	12	cds	1
3128	F	L	642	643	\N	12	cds	1
3132	A	V	700	701	\N	12	cds	1
3157	G	N	10146	10147	\N	\N	nt	1
3158	C	N	10147	10148	\N	\N	nt	1
3159	T	N	10148	10149	\N	\N	nt	1
3160	T	N	10149	10150	\N	\N	nt	1
3161	G	N	10150	10151	\N	\N	nt	1
3162	A	N	10151	10152	\N	\N	nt	1
3163	T	N	10152	10153	\N	\N	nt	1
3164	G	N	10153	10154	\N	\N	nt	1
3165	A	N	10154	10155	\N	\N	nt	1
3166	C	N	10155	10156	\N	\N	nt	1
3167	G	N	10156	10157	\N	\N	nt	1
3168	T	N	10157	10158	\N	\N	nt	1
3169	A	N	10158	10159	\N	\N	nt	1
3170	G	N	10159	10160	\N	\N	nt	1
3171	T	N	10160	10161	\N	\N	nt	1
3172	T	N	10161	10162	\N	\N	nt	1
3173	T	N	10162	10163	\N	\N	nt	1
3174	A	N	10163	10164	\N	\N	nt	1
3175	C	N	10164	10165	\N	\N	nt	1
3176	T	N	10165	10166	\N	\N	nt	1
3177	G	N	10166	10167	\N	\N	nt	1
3178	T	N	10167	10168	\N	\N	nt	1
3179	C	N	10168	10169	\N	\N	nt	1
3180	C	N	10169	10170	\N	\N	nt	1
3181	A	N	10170	10171	\N	\N	nt	1
3182	A	N	10171	10172	\N	\N	nt	1
3183	G	N	10172	10173	\N	\N	nt	1
3184	A	N	10173	10174	\N	\N	nt	1
3185	C	N	10174	10175	\N	\N	nt	1
3186	A	N	10175	10176	\N	\N	nt	1
3187	T	N	10176	10177	\N	\N	nt	1
3188	G	N	10177	10178	\N	\N	nt	1
3189	T	N	10178	10179	\N	\N	nt	1
3190	G	N	10179	10180	\N	\N	nt	1
3191	A	N	10180	10181	\N	\N	nt	1
3192	T	N	10181	10182	\N	\N	nt	1
3193	C	N	10182	10183	\N	\N	nt	1
3194	T	N	10183	10184	\N	\N	nt	1
3195	G	N	10184	10185	\N	\N	nt	1
3196	C	N	10185	10186	\N	\N	nt	1
3197	A	N	10186	10187	\N	\N	nt	1
3198	C	N	10187	10188	\N	\N	nt	1
3199	C	N	10188	10189	\N	\N	nt	1
3200	T	N	10189	10190	\N	\N	nt	1
3201	C	N	10190	10191	\N	\N	nt	1
3202	T	N	10191	10192	\N	\N	nt	1
3203	G	N	10192	10193	\N	\N	nt	1
3204	A	N	10193	10194	\N	\N	nt	1
3205	A	N	10194	10195	\N	\N	nt	1
3206	G	N	10195	10196	\N	\N	nt	1
3207	A	N	10196	10197	\N	\N	nt	1
3208	C	N	10197	10198	\N	\N	nt	1
3209	A	N	10198	10199	\N	\N	nt	1
3210	T	N	10199	10200	\N	\N	nt	1
3211	G	N	10200	10201	\N	\N	nt	1
3212	C	N	10201	10202	\N	\N	nt	1
3213	T	N	10202	10203	\N	\N	nt	1
3214	T	N	10203	10204	\N	\N	nt	1
3215	A	N	10204	10205	\N	\N	nt	1
3216	A	N	10205	10206	\N	\N	nt	1
3217	C	N	10206	10207	\N	\N	nt	1
3218	C	N	10207	10208	\N	\N	nt	1
3219	C	N	10208	10209	\N	\N	nt	1
3220	T	N	10209	10210	\N	\N	nt	1
3221	A	N	10210	10211	\N	\N	nt	1
3222	A	N	10211	10212	\N	\N	nt	1
3223	T	N	10212	10213	\N	\N	nt	1
3224	T	N	10213	10214	\N	\N	nt	1
3225	A	N	10214	10215	\N	\N	nt	1
3226	T	N	10215	10216	\N	\N	nt	1
3227	G	N	10216	10217	\N	\N	nt	1
3228	A	N	10217	10218	\N	\N	nt	1
3229	A	N	10218	10219	\N	\N	nt	1
3230	G	N	10219	10220	\N	\N	nt	1
3231	A	N	10220	10221	\N	\N	nt	1
3232	T	N	10221	10222	\N	\N	nt	1
3233	T	N	10222	10223	\N	\N	nt	1
3234	T	N	10223	10224	\N	\N	nt	1
3235	A	N	10224	10225	\N	\N	nt	1
3236	C	N	10225	10226	\N	\N	nt	1
3237	T	N	10226	10227	\N	\N	nt	1
3238	C	N	10227	10228	\N	\N	nt	1
3239	A	N	10228	10229	\N	\N	nt	1
3240	T	N	10229	10230	\N	\N	nt	1
3241	T	N	10230	10231	\N	\N	nt	1
3242	C	N	10231	10232	\N	\N	nt	1
3243	G	N	10232	10233	\N	\N	nt	1
3244	T	N	10233	10234	\N	\N	nt	1
3245	A	N	10234	10235	\N	\N	nt	1
3246	A	N	10235	10236	\N	\N	nt	1
3247	G	N	10236	10237	\N	\N	nt	1
3248	T	N	10237	10238	\N	\N	nt	1
3249	C	N	10238	10239	\N	\N	nt	1
3250	T	N	10239	10240	\N	\N	nt	1
3251	A	N	10240	10241	\N	\N	nt	1
3252	A	N	10241	10242	\N	\N	nt	1
3253	T	N	10242	10243	\N	\N	nt	1
3254	C	N	10243	10244	\N	\N	nt	1
3255	A	N	10244	10245	\N	\N	nt	1
3256	T	N	10245	10246	\N	\N	nt	1
3257	A	N	10246	10247	\N	\N	nt	1
3258	A	N	10247	10248	\N	\N	nt	1
3259	T	N	10248	10249	\N	\N	nt	1
3260	T	N	10249	10250	\N	\N	nt	1
3261	T	N	10250	10251	\N	\N	nt	1
3262	C	N	10251	10252	\N	\N	nt	1
3263	T	N	10252	10253	\N	\N	nt	1
3264	T	N	10253	10254	\N	\N	nt	1
3265	G	N	10254	10255	\N	\N	nt	1
3266	G	N	10255	10256	\N	\N	nt	1
3267	T	N	10256	10257	\N	\N	nt	1
3268	A	N	10257	10258	\N	\N	nt	1
3269	C	N	10258	10259	\N	\N	nt	1
3270	A	N	10259	10260	\N	\N	nt	1
3271	G	N	10260	10261	\N	\N	nt	1
3272	G	N	10261	10262	\N	\N	nt	1
3273	C	N	10262	10263	\N	\N	nt	1
3274	T	N	10263	10264	\N	\N	nt	1
3275	G	N	10264	10265	\N	\N	nt	1
3276	G	N	10265	10266	\N	\N	nt	1
3277	T	N	10266	10267	\N	\N	nt	1
3278	A	N	10267	10268	\N	\N	nt	1
3279	A	N	10268	10269	\N	\N	nt	1
3280	T	N	10269	10270	\N	\N	nt	1
3281	G	N	10270	10271	\N	\N	nt	1
3282	T	N	10271	10272	\N	\N	nt	1
3283	T	N	10272	10273	\N	\N	nt	1
3284	C	N	10273	10274	\N	\N	nt	1
3285	A	N	10274	10275	\N	\N	nt	1
3286	A	N	10275	10276	\N	\N	nt	1
3287	C	N	10276	10277	\N	\N	nt	1
3288	T	N	10277	10278	\N	\N	nt	1
3289	C	N	10278	10279	\N	\N	nt	1
3290	A	N	10279	10280	\N	\N	nt	1
3291	G	N	10280	10281	\N	\N	nt	1
3292	G	N	10281	10282	\N	\N	nt	1
3293	G	N	10282	10283	\N	\N	nt	1
3294	T	N	10283	10284	\N	\N	nt	1
3295	T	N	10284	10285	\N	\N	nt	1
3296	A	N	10285	10286	\N	\N	nt	1
3297	T	N	10286	10287	\N	\N	nt	1
3298	T	N	10287	10288	\N	\N	nt	1
3299	G	N	10288	10289	\N	\N	nt	1
3300	G	N	10289	10290	\N	\N	nt	1
3301	A	N	10290	10291	\N	\N	nt	1
3302	C	N	10291	10292	\N	\N	nt	1
3303	A	N	10292	10293	\N	\N	nt	1
3304	T	N	10293	10294	\N	\N	nt	1
3305	T	N	10294	10295	\N	\N	nt	1
3306	C	N	10295	10296	\N	\N	nt	1
3307	T	N	10296	10297	\N	\N	nt	1
3308	A	N	10297	10298	\N	\N	nt	1
3309	T	N	10298	10299	\N	\N	nt	1
3310	G	N	10299	10300	\N	\N	nt	1
3311	C	N	10300	10301	\N	\N	nt	1
3312	A	N	10301	10302	\N	\N	nt	1
3313	A	N	10302	10303	\N	\N	nt	1
3314	A	N	10303	10304	\N	\N	nt	1
3315	A	N	10304	10305	\N	\N	nt	1
3316	T	N	10305	10306	\N	\N	nt	1
3317	T	N	10306	10307	\N	\N	nt	1
3318	G	N	10307	10308	\N	\N	nt	1
3319	T	N	10308	10309	\N	\N	nt	1
3320	G	N	10309	10310	\N	\N	nt	1
3321	T	N	10310	10311	\N	\N	nt	1
3322	A	N	10311	10312	\N	\N	nt	1
3323	C	N	10312	10313	\N	\N	nt	1
3324	T	N	10313	10314	\N	\N	nt	1
3325	T	N	10314	10315	\N	\N	nt	1
3326	A	N	10315	10316	\N	\N	nt	1
3327	A	N	10316	10317	\N	\N	nt	1
3328	G	N	10317	10318	\N	\N	nt	1
3329	C	N	10318	10319	\N	\N	nt	1
3330	T	N	10319	10320	\N	\N	nt	1
3331	T	N	10320	10321	\N	\N	nt	1
3332	A	N	10321	10322	\N	\N	nt	1
3333	A	N	10322	10323	\N	\N	nt	1
3334	G	N	10323	10324	\N	\N	nt	1
3335	G	N	10324	10325	\N	\N	nt	1
3336	T	N	10325	10326	\N	\N	nt	1
3337	T	N	10326	10327	\N	\N	nt	1
3338	G	N	10327	10328	\N	\N	nt	1
3339	A	N	10328	10329	\N	\N	nt	1
3340	T	N	10329	10330	\N	\N	nt	1
3341	A	N	10330	10331	\N	\N	nt	1
3342	C	N	10331	10332	\N	\N	nt	1
3343	A	N	10332	10333	\N	\N	nt	1
3344	G	N	10333	10334	\N	\N	nt	1
3345	C	N	10334	10335	\N	\N	nt	1
3346	C	N	10335	10336	\N	\N	nt	1
3347	A	N	10336	10337	\N	\N	nt	1
3348	A	N	10337	10338	\N	\N	nt	1
3349	T	N	10338	10339	\N	\N	nt	1
3350	C	N	10339	10340	\N	\N	nt	1
3351	C	N	10340	10341	\N	\N	nt	1
3352	T	N	10341	10342	\N	\N	nt	1
3353	A	N	10342	10343	\N	\N	nt	1
3354	A	N	10343	10344	\N	\N	nt	1
3355	G	N	10344	10345	\N	\N	nt	1
3356	A	N	10345	10346	\N	\N	nt	1
3357	C	N	10346	10347	\N	\N	nt	1
3358	A	N	10347	10348	\N	\N	nt	1
3359	C	N	10348	10349	\N	\N	nt	1
3360	C	N	10349	10350	\N	\N	nt	1
3361	T	N	10350	10351	\N	\N	nt	1
3362	A	N	10351	10352	\N	\N	nt	1
3363	A	N	10352	10353	\N	\N	nt	1
3364	G	N	10353	10354	\N	\N	nt	1
3365	T	N	10354	10355	\N	\N	nt	1
3366	A	N	10355	10356	\N	\N	nt	1
3367	T	N	10356	10357	\N	\N	nt	1
3368	A	N	10357	10358	\N	\N	nt	1
3369	A	N	10358	10359	\N	\N	nt	1
3370	G	N	10359	10360	\N	\N	nt	1
3371	T	N	10360	10361	\N	\N	nt	1
3372	T	N	10361	10362	\N	\N	nt	1
3373	T	N	10362	10363	\N	\N	nt	1
3374	G	N	10363	10364	\N	\N	nt	1
3375	T	N	10364	10365	\N	\N	nt	1
3376	T	N	10365	10366	\N	\N	nt	1
3377	C	N	10366	10367	\N	\N	nt	1
3378	G	N	10367	10368	\N	\N	nt	1
3379	C	N	10368	10369	\N	\N	nt	1
3380	A	N	10369	10370	\N	\N	nt	1
3381	T	N	10370	10371	\N	\N	nt	1
3382	T	N	10371	10372	\N	\N	nt	1
3383	C	N	10372	10373	\N	\N	nt	1
3384	A	N	10373	10374	\N	\N	nt	1
3385	A	N	10374	10375	\N	\N	nt	1
3386	C	N	10375	10376	\N	\N	nt	1
3387	C	N	10376	10377	\N	\N	nt	1
3391	C	T	12438	12439	\N	\N	nt	1
3392	A	N	12603	12604	\N	\N	nt	1
3393	A	N	12604	12605	\N	\N	nt	1
3394	T	N	12605	12606	\N	\N	nt	1
3395	T	N	12606	12607	\N	\N	nt	1
3396	C	N	12615	12616	\N	\N	nt	1
3397	A	N	12616	12617	\N	\N	nt	1
3398	A	N	12617	12618	\N	\N	nt	1
3399	T	N	12618	12619	\N	\N	nt	1
3400	T	N	12619	12620	\N	\N	nt	1
3401	C	N	12620	12621	\N	\N	nt	1
3402	A	N	12621	12622	\N	\N	nt	1
3403	C	N	12622	12623	\N	\N	nt	1
3404	C	N	12623	12624	\N	\N	nt	1
3405	T	N	12624	12625	\N	\N	nt	1
3406	A	N	12625	12626	\N	\N	nt	1
3407	A	N	12626	12627	\N	\N	nt	1
3408	T	N	12627	12628	\N	\N	nt	1
3409	T	N	12628	12629	\N	\N	nt	1
3410	T	N	12629	12630	\N	\N	nt	1
3411	A	N	12630	12631	\N	\N	nt	1
3412	G	N	12631	12632	\N	\N	nt	1
3413	C	N	12632	12633	\N	\N	nt	1
3414	T	N	12647	12648	\N	\N	nt	1
3415	A	N	12648	12649	\N	\N	nt	1
3416	A	N	12649	12650	\N	\N	nt	1
3417	C	N	12650	12651	\N	\N	nt	1
3418	A	N	12651	12652	\N	\N	nt	1
3419	G	N	12652	12653	\N	\N	nt	1
3420	C	N	12653	12654	\N	\N	nt	1
3421	T	N	12654	12655	\N	\N	nt	1
3422	T	N	12655	12656	\N	\N	nt	1
3423	T	N	12656	12657	\N	\N	nt	1
3424	A	N	12657	12658	\N	\N	nt	1
3425	A	N	12658	12659	\N	\N	nt	1
3426	G	N	12659	12660	\N	\N	nt	1
3427	G	N	12661	12662	\N	\N	nt	1
3428	C	N	12662	12663	\N	\N	nt	1
3430	A	N	13565	13566	\N	\N	nt	1
3431	G	N	13566	13567	\N	\N	nt	1
3469	C	T	25623	25624	\N	\N	nt	1
3479	T	C	27431	27432	\N	\N	nt	1
3569	A	N	27913	27914	\N	\N	nt	1
3570	G	N	27914	27915	\N	\N	nt	1
3571	G	N	27915	27916	\N	\N	nt	1
3572	A	N	27916	27917	\N	\N	nt	1
3573	A	N	27917	27918	\N	\N	nt	1
3574	T	N	27918	27919	\N	\N	nt	1
3575	C	N	27919	27920	\N	\N	nt	1
3576	A	N	27920	27921	\N	\N	nt	1
3577	T	N	27921	27922	\N	\N	nt	1
3578	C	N	27922	27923	\N	\N	nt	1
3579	A	N	27923	27924	\N	\N	nt	1
3580	C	N	27924	27925	\N	\N	nt	1
3581	A	N	27925	27926	\N	\N	nt	1
3582	A	N	27926	27927	\N	\N	nt	1
3583	C	N	27927	27928	\N	\N	nt	1
3584	T	N	27928	27929	\N	\N	nt	1
3585	G	N	27929	27930	\N	\N	nt	1
3586	T	N	27930	27931	\N	\N	nt	1
3587	A	N	27931	27932	\N	\N	nt	1
3588	G	N	27932	27933	\N	\N	nt	1
3589	C	N	27933	27934	\N	\N	nt	1
3590	T	N	27934	27935	\N	\N	nt	1
3591	G	N	27935	27936	\N	\N	nt	1
3592	C	N	27936	27937	\N	\N	nt	1
3593	A	N	27937	27938	\N	\N	nt	1
3594	T	N	27938	27939	\N	\N	nt	1
3595	T	N	27939	27940	\N	\N	nt	1
3596	T	N	27940	27941	\N	\N	nt	1
3597	C	N	27941	27942	\N	\N	nt	1
3598	A	N	27942	27943	\N	\N	nt	1
3599	C	N	27943	27944	\N	\N	nt	1
3600	C	N	27944	27945	\N	\N	nt	1
3601	A	N	27945	27946	\N	\N	nt	1
3602	A	N	27946	27947	\N	\N	nt	1
3603	G	N	27947	27948	\N	\N	nt	1
3604	A	N	27948	27949	\N	\N	nt	1
3605	A	N	27949	27950	\N	\N	nt	1
3606	T	N	27950	27951	\N	\N	nt	1
3607	G	N	27951	27952	\N	\N	nt	1
3608	T	N	27952	27953	\N	\N	nt	1
3609	A	N	27953	27954	\N	\N	nt	1
3610	G	N	27954	27955	\N	\N	nt	1
3611	T	N	27955	27956	\N	\N	nt	1
3612	T	N	27956	27957	\N	\N	nt	1
3613	T	N	27957	27958	\N	\N	nt	1
3614	A	N	27958	27959	\N	\N	nt	1
3615	C	N	27959	27960	\N	\N	nt	1
3616	A	N	27960	27961	\N	\N	nt	1
3617	G	N	27961	27962	\N	\N	nt	1
3618	T	N	27962	27963	\N	\N	nt	1
3629	A	N	27973	27974	\N	\N	nt	1
3630	C	N	27974	27975	\N	\N	nt	1
3631	A	N	27975	27976	\N	\N	nt	1
3632	T	N	27976	27977	\N	\N	nt	1
3638	A	N	27982	27983	\N	\N	nt	1
3639	T	N	27983	27984	\N	\N	nt	1
3640	A	N	27984	27985	\N	\N	nt	1
3641	T	N	27985	27986	\N	\N	nt	1
3642	G	N	27986	27987	\N	\N	nt	1
3643	T	N	27987	27988	\N	\N	nt	1
3644	A	N	27988	27989	\N	\N	nt	1
3646	T	N	27990	27991	\N	\N	nt	1
3654	C	N	27998	27999	\N	\N	nt	1
3655	C	N	27999	28000	\N	\N	nt	1
3656	G	N	28000	28001	\N	\N	nt	1
3657	T	N	28001	28002	\N	\N	nt	1
3658	G	N	28002	28003	\N	\N	nt	1
3659	T	N	28003	28004	\N	\N	nt	1
3660	C	N	28004	28005	\N	\N	nt	1
3661	C	N	28005	28006	\N	\N	nt	1
3662	T	N	28006	28007	\N	\N	nt	1
3663	A	N	28007	28008	\N	\N	nt	1
3664	T	N	28008	28009	\N	\N	nt	1
3665	T	N	28009	28010	\N	\N	nt	1
3666	C	N	28010	28011	\N	\N	nt	1
3667	A	N	28011	28012	\N	\N	nt	1
3668	C	N	28012	28013	\N	\N	nt	1
3669	T	N	28013	28014	\N	\N	nt	1
3670	T	N	28014	28015	\N	\N	nt	1
3671	C	N	28015	28016	\N	\N	nt	1
3672	T	N	28016	28017	\N	\N	nt	1
3673	A	N	28017	28018	\N	\N	nt	1
3674	T	N	28018	28019	\N	\N	nt	1
3675	T	N	28019	28020	\N	\N	nt	1
3676	C	N	28020	28021	\N	\N	nt	1
3677	T	N	28021	28022	\N	\N	nt	1
3678	A	N	28022	28023	\N	\N	nt	1
3679	A	N	28023	28024	\N	\N	nt	1
3680	A	N	28024	28025	\N	\N	nt	1
3681	T	N	28025	28026	\N	\N	nt	1
3682	G	N	28026	28027	\N	\N	nt	1
3683	G	N	28027	28028	\N	\N	nt	1
3684	T	N	28028	28029	\N	\N	nt	1
3685	A	N	28029	28030	\N	\N	nt	1
3686	T	N	28030	28031	\N	\N	nt	1
3687	A	N	28031	28032	\N	\N	nt	1
3688	T	N	28032	28033	\N	\N	nt	1
3689	T	N	28033	28034	\N	\N	nt	1
3690	A	N	28034	28035	\N	\N	nt	1
3691	G	N	28035	28036	\N	\N	nt	1
3704	A	N	28048	28049	\N	\N	nt	1
3705	A	N	28049	28050	\N	\N	nt	1
3706	A	N	28050	28051	\N	\N	nt	1
3707	A	N	28051	28052	\N	\N	nt	1
3708	T	N	28052	28053	\N	\N	nt	1
3718	T	N	28062	28063	\N	\N	nt	1
3720	A	N	28064	28065	\N	\N	nt	1
3721	T	N	28065	28066	\N	\N	nt	1
3722	T	N	28066	28067	\N	\N	nt	1
3723	G	N	28067	28068	\N	\N	nt	1
3724	A	N	28068	28069	\N	\N	nt	1
3725	A	N	28069	28070	\N	\N	nt	1
3726	T	N	28070	28071	\N	\N	nt	1
3727	T	N	28071	28072	\N	\N	nt	1
3728	G	N	28072	28073	\N	\N	nt	1
3729	T	N	28073	28074	\N	\N	nt	1
3730	G	N	28074	28075	\N	\N	nt	1
3731	C	N	28075	28076	\N	\N	nt	1
3732	G	N	28076	28077	\N	\N	nt	1
3733	T	N	28077	28078	\N	\N	nt	1
3734	G	N	28078	28079	\N	\N	nt	1
3735	G	N	28079	28080	\N	\N	nt	1
3736	A	N	28080	28081	\N	\N	nt	1
3737	T	N	28081	28082	\N	\N	nt	1
3738	G	N	28082	28083	\N	\N	nt	1
3739	A	N	28083	28084	\N	\N	nt	1
3740	G	N	28084	28085	\N	\N	nt	1
3741	G	N	28085	28086	\N	\N	nt	1
3742	C	N	28086	28087	\N	\N	nt	1
3743	T	N	28087	28088	\N	\N	nt	1
3744	G	N	28088	28089	\N	\N	nt	1
3745	G	N	28089	28090	\N	\N	nt	1
3746	T	N	28090	28091	\N	\N	nt	1
3747	T	N	28091	28092	\N	\N	nt	1
3748	C	N	28092	28093	\N	\N	nt	1
3749	T	N	28093	28094	\N	\N	nt	1
3750	A	N	28094	28095	\N	\N	nt	1
3775	W	X	3293	3294	\N	4	cds	1
3776	L	X	3294	3295	\N	4	cds	1
3777	D	X	3295	3296	\N	4	cds	1
3778	D	X	3296	3297	\N	4	cds	1
3779	V	X	3297	3298	\N	4	cds	1
3780	V	X	3298	3299	\N	4	cds	1
3781	Y	X	3299	3300	\N	4	cds	1
3782	C	X	3300	3301	\N	4	cds	1
3783	P	X	3301	3302	\N	4	cds	1
3784	R	X	3302	3303	\N	4	cds	1
3785	H	X	3303	3304	\N	4	cds	1
3786	V	X	3304	3305	\N	4	cds	1
3787	I	X	3305	3306	\N	4	cds	1
3788	C	X	3306	3307	\N	4	cds	1
3789	T	X	3307	3308	\N	4	cds	1
3790	S	X	3308	3309	\N	4	cds	1
3791	E	X	3309	3310	\N	4	cds	1
3792	D	X	3310	3311	\N	4	cds	1
3793	M	X	3311	3312	\N	4	cds	1
3794	L	X	3312	3313	\N	4	cds	1
3795	N	X	3313	3314	\N	4	cds	1
3796	P	X	3314	3315	\N	4	cds	1
3797	N	X	3315	3316	\N	4	cds	1
3798	Y	X	3316	3317	\N	4	cds	1
3799	E	X	3317	3318	\N	4	cds	1
3800	D	X	3318	3319	\N	4	cds	1
3801	L	X	3319	3320	\N	4	cds	1
3802	L	X	3320	3321	\N	4	cds	1
3803	I	X	3321	3322	\N	4	cds	1
3804	R	X	3322	3323	\N	4	cds	1
3805	K	X	3323	3324	\N	4	cds	1
3806	S	X	3324	3325	\N	4	cds	1
3807	N	X	3325	3326	\N	4	cds	1
3808	H	X	3326	3327	\N	4	cds	1
3809	N	X	3327	3328	\N	4	cds	1
3810	F	X	3328	3329	\N	4	cds	1
3811	L	X	3329	3330	\N	4	cds	1
3812	V	X	3330	3331	\N	4	cds	1
3813	Q	X	3331	3332	\N	4	cds	1
3814	A	X	3332	3333	\N	4	cds	1
3815	G	X	3333	3334	\N	4	cds	1
3816	N	X	3334	3335	\N	4	cds	1
3817	V	X	3335	3336	\N	4	cds	1
3818	Q	X	3336	3337	\N	4	cds	1
3819	L	X	3337	3338	\N	4	cds	1
3820	R	X	3338	3339	\N	4	cds	1
3821	V	X	3339	3340	\N	4	cds	1
3822	I	X	3340	3341	\N	4	cds	1
3823	G	X	3341	3342	\N	4	cds	1
3824	H	X	3342	3343	\N	4	cds	1
3825	S	X	3343	3344	\N	4	cds	1
3826	M	X	3344	3345	\N	4	cds	1
3827	Q	X	3345	3346	\N	4	cds	1
3828	N	X	3346	3347	\N	4	cds	1
3829	C	X	3347	3348	\N	4	cds	1
3830	V	X	3348	3349	\N	4	cds	1
3831	L	X	3349	3350	\N	4	cds	1
3832	K	X	3350	3351	\N	4	cds	1
3833	L	X	3351	3352	\N	4	cds	1
3834	K	X	3352	3353	\N	4	cds	1
3835	V	X	3353	3354	\N	4	cds	1
3836	D	X	3354	3355	\N	4	cds	1
3837	T	X	3355	3356	\N	4	cds	1
3838	A	X	3356	3357	\N	4	cds	1
3839	N	X	3357	3358	\N	4	cds	1
3840	P	X	3358	3359	\N	4	cds	1
3841	K	X	3359	3360	\N	4	cds	1
3842	T	X	3360	3361	\N	4	cds	1
3843	P	X	3361	3362	\N	4	cds	1
3844	K	X	3362	3363	\N	4	cds	1
3845	Y	X	3363	3364	\N	4	cds	1
3846	K	X	3364	3365	\N	4	cds	1
3847	F	X	3365	3366	\N	4	cds	1
3848	V	X	3366	3367	\N	4	cds	1
3849	R	X	3367	3368	\N	4	cds	1
3850	I	X	3368	3369	\N	4	cds	1
3851	Q	X	3369	3370	\N	4	cds	1
3852	P	X	3370	3371	\N	4	cds	1
3854	E	X	4112	4113	\N	4	cds	1
3855	I	X	4113	4114	\N	4	cds	1
3856	D	X	4116	4117	\N	4	cds	1
3857	N	X	4117	4118	\N	4	cds	1
3858	S	X	4118	4119	\N	4	cds	1
3859	P	X	4119	4120	\N	4	cds	1
3860	N	X	4120	4121	\N	4	cds	1
3861	L	X	4121	4122	\N	4	cds	1
3862	A	X	4122	4123	\N	4	cds	1
3863	V	X	4127	4128	\N	4	cds	1
3864	T	X	4128	4129	\N	4	cds	1
3865	A	X	4129	4130	\N	4	cds	1
3866	L	X	4130	4131	\N	4	cds	1
3867	R	X	4131	4132	\N	4	cds	1
3868	A	X	4132	4133	\N	4	cds	1
3869	A	X	33	34	\N	5	cds	1
3874	H	Y	77	78	\N	6	cds	1
3905	G	X	7	8	\N	10	cds	1
3906	I	X	8	9	\N	10	cds	1
3907	I	X	9	10	\N	10	cds	1
3908	T	X	10	11	\N	10	cds	1
3909	T	X	11	12	\N	10	cds	1
3910	V	X	12	13	\N	10	cds	1
3911	A	X	13	14	\N	10	cds	1
3912	A	X	14	15	\N	10	cds	1
3913	F	X	15	16	\N	10	cds	1
3914	H	X	16	17	\N	10	cds	1
3915	Q	X	17	18	\N	10	cds	1
3916	E	X	18	19	\N	10	cds	1
3917	C	X	19	20	\N	10	cds	1
3918	S	X	20	21	\N	10	cds	1
3919	L	X	21	22	\N	10	cds	1
3920	Q	X	22	23	\N	10	cds	1
3925	H	X	27	28	\N	10	cds	1
3928	Y	X	30	31	\N	10	cds	1
3929	V	X	31	32	\N	10	cds	1
3933	P	X	35	36	\N	10	cds	1
3934	C	X	36	37	\N	10	cds	1
3935	P	X	37	38	\N	10	cds	1
3936	I	X	38	39	\N	10	cds	1
3937	H	X	39	40	\N	10	cds	1
3938	F	X	40	41	\N	10	cds	1
3939	Y	X	41	42	\N	10	cds	1
3940	S	X	42	43	\N	10	cds	1
3941	K	X	43	44	\N	10	cds	1
3942	W	X	44	45	\N	10	cds	1
3943	Y	X	45	46	\N	10	cds	1
3944	I	X	46	47	\N	10	cds	1
3950	K	X	52	53	\N	10	cds	1
3955	I	X	57	58	\N	10	cds	1
3956	E	X	58	59	\N	10	cds	1
3957	L	X	59	60	\N	10	cds	1
3958	C	X	60	61	\N	10	cds	1
3959	V	X	61	62	\N	10	cds	1
3960	D	X	62	63	\N	10	cds	1
3961	E	X	63	64	\N	10	cds	1
3962	A	X	64	65	\N	10	cds	1
3963	G	X	65	66	\N	10	cds	1
3964	S	X	66	67	\N	10	cds	1
4000		\N	0	330	\N	\N	nt	1
4001	T	G	456	457	\N	\N	nt	1
4003	C	T	1626	1627	\N	\N	nt	1
4008	C	N	6267	6268	\N	\N	nt	1
4009	A	N	6268	6269	\N	\N	nt	1
4010	C	N	6269	6270	\N	\N	nt	1
4011	G	N	6270	6271	\N	\N	nt	1
4012	T	N	6271	6272	\N	\N	nt	1
4013	A	N	6272	6273	\N	\N	nt	1
4014	T	N	6273	6274	\N	\N	nt	1
4015	A	N	6274	6275	\N	\N	nt	1
4016	A	N	6275	6276	\N	\N	nt	1
4017	A	N	6276	6277	\N	\N	nt	1
4018	C	N	6277	6278	\N	\N	nt	1
4019	C	N	6278	6279	\N	\N	nt	1
4020	A	N	6279	6280	\N	\N	nt	1
4021	A	N	6280	6281	\N	\N	nt	1
4022	A	N	6281	6282	\N	\N	nt	1
4023	T	N	6282	6283	\N	\N	nt	1
4024	A	N	6283	6284	\N	\N	nt	1
4025	C	N	6284	6285	\N	\N	nt	1
4026	C	N	6285	6286	\N	\N	nt	1
4027	T	N	6286	6287	\N	\N	nt	1
4028	G	N	6287	6288	\N	\N	nt	1
4029	G	N	6288	6289	\N	\N	nt	1
4030	T	N	6289	6290	\N	\N	nt	1
4031	G	N	6290	6291	\N	\N	nt	1
4032	T	N	6291	6292	\N	\N	nt	1
4033	A	N	6292	6293	\N	\N	nt	1
4034	T	N	6293	6294	\N	\N	nt	1
4035	A	N	6294	6295	\N	\N	nt	1
4036	C	N	6295	6296	\N	\N	nt	1
4037	G	N	6296	6297	\N	\N	nt	1
4038	T	N	6297	6298	\N	\N	nt	1
4039	T	N	6298	6299	\N	\N	nt	1
4040	G	N	6299	6300	\N	\N	nt	1
4041	T	N	6300	6301	\N	\N	nt	1
4042	C	N	6301	6302	\N	\N	nt	1
4043	T	N	6302	6303	\N	\N	nt	1
4044	T	N	6303	6304	\N	\N	nt	1
4045	T	N	6304	6305	\N	\N	nt	1
4046	G	N	6305	6306	\N	\N	nt	1
4047	G	N	6306	6307	\N	\N	nt	1
4048	A	N	6307	6308	\N	\N	nt	1
4049	G	N	6308	6309	\N	\N	nt	1
4050	C	N	6309	6310	\N	\N	nt	1
4051	A	N	6310	6311	\N	\N	nt	1
4052	C	N	6311	6312	\N	\N	nt	1
4053	A	N	6312	6313	\N	\N	nt	1
4054	A	N	6313	6314	\N	\N	nt	1
4055	A	N	6314	6315	\N	\N	nt	1
4056	A	N	6315	6316	\N	\N	nt	1
4057	C	N	6316	6317	\N	\N	nt	1
4058	C	N	6317	6318	\N	\N	nt	1
4059	A	N	6318	6319	\N	\N	nt	1
4060	G	N	6319	6320	\N	\N	nt	1
4061	T	N	6320	6321	\N	\N	nt	1
4062	T	N	6321	6322	\N	\N	nt	1
4063	G	N	6322	6323	\N	\N	nt	1
4064	A	N	6323	6324	\N	\N	nt	1
4065	A	N	6324	6325	\N	\N	nt	1
4066	A	N	6325	6326	\N	\N	nt	1
4067	C	N	6326	6327	\N	\N	nt	1
4068	A	N	6327	6328	\N	\N	nt	1
4069	T	N	6328	6329	\N	\N	nt	1
4070	C	N	6329	6330	\N	\N	nt	1
4071	A	N	6330	6331	\N	\N	nt	1
4072	A	N	6331	6332	\N	\N	nt	1
4073	A	N	6332	6333	\N	\N	nt	1
4074	T	N	6333	6334	\N	\N	nt	1
4075	T	N	6334	6335	\N	\N	nt	1
4076	C	N	6335	6336	\N	\N	nt	1
4077	G	N	6336	6337	\N	\N	nt	1
4078	T	N	6337	6338	\N	\N	nt	1
4079	T	N	6338	6339	\N	\N	nt	1
4080	T	N	6339	6340	\N	\N	nt	1
4081	G	N	6340	6341	\N	\N	nt	1
4082	A	N	6341	6342	\N	\N	nt	1
4083	T	N	6342	6343	\N	\N	nt	1
4084	G	N	6343	6344	\N	\N	nt	1
4085	T	N	6344	6345	\N	\N	nt	1
4086	A	N	6345	6346	\N	\N	nt	1
4087	C	N	6346	6347	\N	\N	nt	1
4088	T	N	6347	6348	\N	\N	nt	1
4089	G	N	6348	6349	\N	\N	nt	1
4090	A	N	6349	6350	\N	\N	nt	1
4091	A	N	6350	6351	\N	\N	nt	1
4092	G	N	6351	6352	\N	\N	nt	1
4093	T	N	6352	6353	\N	\N	nt	1
4094	C	N	6353	6354	\N	\N	nt	1
4095	A	N	6354	6355	\N	\N	nt	1
4096	G	N	6355	6356	\N	\N	nt	1
4097	A	N	6356	6357	\N	\N	nt	1
4098	G	N	6357	6358	\N	\N	nt	1
4099	G	N	6358	6359	\N	\N	nt	1
4100	A	N	6359	6360	\N	\N	nt	1
4101	C	N	6360	6361	\N	\N	nt	1
4102	G	N	6361	6362	\N	\N	nt	1
4103	C	N	6362	6363	\N	\N	nt	1
4104	G	N	6363	6364	\N	\N	nt	1
4105	C	N	6364	6365	\N	\N	nt	1
4106	A	N	6365	6366	\N	\N	nt	1
4107	G	N	6366	6367	\N	\N	nt	1
4108	G	N	6367	6368	\N	\N	nt	1
4109	G	N	6368	6369	\N	\N	nt	1
4110	A	N	6369	6370	\N	\N	nt	1
4111	A	N	6370	6371	\N	\N	nt	1
4112	T	N	6371	6372	\N	\N	nt	1
4113	G	N	6372	6373	\N	\N	nt	1
4114	G	N	6373	6374	\N	\N	nt	1
4115	A	N	6374	6375	\N	\N	nt	1
4116	T	N	6375	6376	\N	\N	nt	1
4117	A	N	6376	6377	\N	\N	nt	1
4118	A	N	6377	6378	\N	\N	nt	1
4119	T	N	6378	6379	\N	\N	nt	1
4120	C	N	6379	6380	\N	\N	nt	1
4121	T	N	6380	6381	\N	\N	nt	1
4122	T	N	6381	6382	\N	\N	nt	1
4123	G	N	6382	6383	\N	\N	nt	1
4124	C	N	6383	6384	\N	\N	nt	1
4125	C	N	6384	6385	\N	\N	nt	1
4126	T	N	6385	6386	\N	\N	nt	1
4127	G	N	6386	6387	\N	\N	nt	1
4128	C	N	6387	6388	\N	\N	nt	1
4129	G	N	6388	6389	\N	\N	nt	1
4130	A	N	6389	6390	\N	\N	nt	1
4131	A	N	6390	6391	\N	\N	nt	1
4132	G	N	6391	6392	\N	\N	nt	1
4133	A	N	6392	6393	\N	\N	nt	1
4134	T	N	6393	6394	\N	\N	nt	1
4135	C	N	6394	6395	\N	\N	nt	1
4136	T	N	6395	6396	\N	\N	nt	1
4137	A	N	6396	6397	\N	\N	nt	1
4138	A	N	6397	6398	\N	\N	nt	1
4139	A	N	6398	6399	\N	\N	nt	1
4140	A	N	6399	6400	\N	\N	nt	1
4141	C	N	6400	6401	\N	\N	nt	1
4142	C	N	6401	6402	\N	\N	nt	1
4143	A	N	6402	6403	\N	\N	nt	1
4144	T	C	6404	6405	\N	\N	nt	1
4145	T	A	6408	6409	\N	\N	nt	1
4149	A	T	9700	9701	\N	\N	nt	1
4155	G	A	12159	12160	\N	\N	nt	1
4156	G	A	12309	12310	\N	\N	nt	1
4159	C	N	15390	15391	\N	\N	nt	1
4160	T	N	15452	15453	\N	\N	nt	1
4161	A	N	15455	15456	\N	\N	nt	1
4162	C	N	15456	15457	\N	\N	nt	1
4163	T	N	15457	15458	\N	\N	nt	1
4164	A	N	15458	15459	\N	\N	nt	1
4165	T	N	15459	15460	\N	\N	nt	1
4166	A	N	15460	15461	\N	\N	nt	1
4167	T	N	15461	15462	\N	\N	nt	1
4168	G	N	15462	15463	\N	\N	nt	1
4169	T	N	15463	15464	\N	\N	nt	1
4170	T	N	15464	15465	\N	\N	nt	1
4171	A	N	15465	15466	\N	\N	nt	1
4172	A	N	15466	15467	\N	\N	nt	1
4173	A	N	15467	15468	\N	\N	nt	1
4174	C	N	15478	15479	\N	\N	nt	1
4175	T	N	15480	15481	\N	\N	nt	1
4176	C	N	15481	15482	\N	\N	nt	1
4177	A	N	15482	15483	\N	\N	nt	1
4178	T	N	15483	15484	\N	\N	nt	1
4179	C	N	15484	15485	\N	\N	nt	1
4180	A	N	15485	15486	\N	\N	nt	1
4181	G	N	15486	15487	\N	\N	nt	1
4182	G	N	15487	15488	\N	\N	nt	1
4183	A	N	15488	15489	\N	\N	nt	1
4184	G	N	15489	15490	\N	\N	nt	1
4185	A	N	15490	15491	\N	\N	nt	1
4186	T	N	15491	15492	\N	\N	nt	1
4187	G	N	15492	15493	\N	\N	nt	1
4188	C	N	15493	15494	\N	\N	nt	1
4189	C	N	15494	15495	\N	\N	nt	1
4190	A	N	15495	15496	\N	\N	nt	1
4191	C	N	15496	15497	\N	\N	nt	1
4192	A	N	15497	15498	\N	\N	nt	1
4193	A	N	15498	15499	\N	\N	nt	1
4194	C	N	15499	15500	\N	\N	nt	1
4195	T	N	15500	15501	\N	\N	nt	1
4196	G	N	15501	15502	\N	\N	nt	1
4197	C	N	15502	15503	\N	\N	nt	1
4198	T	N	15503	15504	\N	\N	nt	1
4199	T	N	15504	15505	\N	\N	nt	1
4200	A	N	15505	15506	\N	\N	nt	1
4201	T	N	15506	15507	\N	\N	nt	1
4202	G	N	15507	15508	\N	\N	nt	1
4203	C	N	15508	15509	\N	\N	nt	1
4204	T	N	15509	15510	\N	\N	nt	1
4205	T	A	15520	15521	\N	\N	nt	1
4207	C	A	16615	16616	\N	\N	nt	1
4209	A	G	17961	17962	\N	\N	nt	1
4211	G	T	19253	19254	\N	\N	nt	1
4213	T	C	20027	20028	\N	\N	nt	1
4218	C	T	21910	21911	\N	\N	nt	1
4222	G	C	22598	22599	\N	\N	nt	1
4235	T	G	23017	23018	\N	\N	nt	1
4248	T	C	25556	25557	\N	\N	nt	1
4250	C	T	25625	25626	\N	\N	nt	1
4253	G	A	26528	26529	\N	\N	nt	1
4256	T	N	26956	26957	\N	\N	nt	1
4257	C	N	26957	26958	\N	\N	nt	1
4258	G	N	26958	26959	\N	\N	nt	1
4259	T	N	26959	26960	\N	\N	nt	1
4260	G	N	26960	26961	\N	\N	nt	1
4261	G	N	26961	26962	\N	\N	nt	1
4262	A	N	26962	26963	\N	\N	nt	1
4263	C	N	26963	26964	\N	\N	nt	1
4264	A	N	26964	26965	\N	\N	nt	1
4265	T	N	26965	26966	\N	\N	nt	1
4266	C	N	26966	26967	\N	\N	nt	1
4267	T	N	26967	26968	\N	\N	nt	1
4268	T	N	26968	26969	\N	\N	nt	1
4269	C	N	26969	26970	\N	\N	nt	1
4270	G	N	26970	26971	\N	\N	nt	1
4271	T	N	26971	26972	\N	\N	nt	1
4272	A	N	26972	26973	\N	\N	nt	1
4273	T	N	26973	26974	\N	\N	nt	1
4274	T	N	26974	26975	\N	\N	nt	1
4275	G	N	26975	26976	\N	\N	nt	1
4276	C	N	26976	26977	\N	\N	nt	1
4277	T	N	26977	26978	\N	\N	nt	1
4278	G	N	26978	26979	\N	\N	nt	1
4279	G	N	26979	26980	\N	\N	nt	1
4280	A	N	26980	26981	\N	\N	nt	1
4281	C	N	26981	26982	\N	\N	nt	1
4282	A	N	26982	26983	\N	\N	nt	1
4283	C	N	26983	26984	\N	\N	nt	1
4284	C	N	26984	26985	\N	\N	nt	1
4285	A	N	26985	26986	\N	\N	nt	1
4286	T	N	26986	26987	\N	\N	nt	1
4287	C	N	26987	26988	\N	\N	nt	1
4288	T	N	26988	26989	\N	\N	nt	1
4289	A	N	26989	26990	\N	\N	nt	1
4290	G	N	26990	26991	\N	\N	nt	1
4291	G	N	26991	26992	\N	\N	nt	1
4292	A	N	26992	26993	\N	\N	nt	1
4293	C	N	26993	26994	\N	\N	nt	1
4294	G	N	26994	26995	\N	\N	nt	1
4295	C	N	26995	26996	\N	\N	nt	1
4296	T	N	26996	26997	\N	\N	nt	1
4297	G	N	26997	26998	\N	\N	nt	1
4298	T	N	26998	26999	\N	\N	nt	1
4299	G	N	26999	27000	\N	\N	nt	1
4300	A	N	27000	27001	\N	\N	nt	1
4301	C	N	27001	27002	\N	\N	nt	1
4302	A	N	27002	27003	\N	\N	nt	1
4303	T	N	27003	27004	\N	\N	nt	1
4304	C	N	27004	27005	\N	\N	nt	1
4305	A	N	27005	27006	\N	\N	nt	1
4306	A	N	27006	27007	\N	\N	nt	1
4307	G	N	27007	27008	\N	\N	nt	1
4308	G	N	27008	27009	\N	\N	nt	1
4309	A	N	27009	27010	\N	\N	nt	1
4310	C	N	27010	27011	\N	\N	nt	1
4311	C	N	27011	27012	\N	\N	nt	1
4312	T	N	27012	27013	\N	\N	nt	1
4313	G	N	27013	27014	\N	\N	nt	1
4314	C	N	27014	27015	\N	\N	nt	1
4315	C	N	27015	27016	\N	\N	nt	1
4316	T	N	27016	27017	\N	\N	nt	1
4317	A	N	27017	27018	\N	\N	nt	1
4318	A	N	27018	27019	\N	\N	nt	1
4319	A	N	27019	27020	\N	\N	nt	1
4320	G	N	27020	27021	\N	\N	nt	1
4321	A	N	27021	27022	\N	\N	nt	1
4322	A	N	27022	27023	\N	\N	nt	1
4323	A	N	27023	27024	\N	\N	nt	1
4324	T	N	27024	27025	\N	\N	nt	1
4325	C	N	27025	27026	\N	\N	nt	1
4326	A	N	27026	27027	\N	\N	nt	1
4327	C	N	27027	27028	\N	\N	nt	1
4328	T	N	27028	27029	\N	\N	nt	1
4329	G	N	27029	27030	\N	\N	nt	1
4330	T	N	27030	27031	\N	\N	nt	1
4331	T	N	27031	27032	\N	\N	nt	1
4332	G	N	27032	27033	\N	\N	nt	1
4333	C	N	27033	27034	\N	\N	nt	1
4334	T	N	27034	27035	\N	\N	nt	1
4335	A	N	27035	27036	\N	\N	nt	1
4336	C	N	27036	27037	\N	\N	nt	1
4337	A	N	27037	27038	\N	\N	nt	1
4338	T	N	27038	27039	\N	\N	nt	1
4339	C	N	27039	27040	\N	\N	nt	1
4340	A	N	27040	27041	\N	\N	nt	1
4341	C	N	27041	27042	\N	\N	nt	1
4342	G	N	27042	27043	\N	\N	nt	1
4343	A	N	27043	27044	\N	\N	nt	1
4344	A	N	27044	27045	\N	\N	nt	1
4345	C	N	27045	27046	\N	\N	nt	1
4346	G	N	27046	27047	\N	\N	nt	1
4347	C	N	27047	27048	\N	\N	nt	1
4348	T	N	27048	27049	\N	\N	nt	1
4349	T	N	27049	27050	\N	\N	nt	1
4350	T	N	27050	27051	\N	\N	nt	1
4351	C	N	27051	27052	\N	\N	nt	1
4352	T	N	27052	27053	\N	\N	nt	1
4353	T	N	27053	27054	\N	\N	nt	1
4354	A	N	27054	27055	\N	\N	nt	1
4355	T	N	27055	27056	\N	\N	nt	1
4356	T	N	27056	27057	\N	\N	nt	1
4357	A	N	27057	27058	\N	\N	nt	1
4358	C	N	27058	27059	\N	\N	nt	1
4359	A	N	27059	27060	\N	\N	nt	1
4360	A	N	27060	27061	\N	\N	nt	1
4361	A	N	27061	27062	\N	\N	nt	1
4362	T	N	27062	27063	\N	\N	nt	1
4363	T	N	27063	27064	\N	\N	nt	1
4364	G	N	27064	27065	\N	\N	nt	1
4365	G	N	27065	27066	\N	\N	nt	1
4366	G	N	27066	27067	\N	\N	nt	1
4367	A	N	27067	27068	\N	\N	nt	1
4368	G	N	27068	27069	\N	\N	nt	1
4369	C	N	27069	27070	\N	\N	nt	1
4370	T	N	27070	27071	\N	\N	nt	1
4371	T	N	27071	27072	\N	\N	nt	1
4372	C	N	27072	27073	\N	\N	nt	1
4373	G	N	27073	27074	\N	\N	nt	1
4374	C	N	27074	27075	\N	\N	nt	1
4375	A	N	27075	27076	\N	\N	nt	1
4376	G	N	27076	27077	\N	\N	nt	1
4377	C	N	27077	27078	\N	\N	nt	1
4378	G	N	27078	27079	\N	\N	nt	1
4379	T	N	27079	27080	\N	\N	nt	1
4380	G	N	27080	27081	\N	\N	nt	1
4381	T	N	27081	27082	\N	\N	nt	1
4382	A	N	27082	27083	\N	\N	nt	1
4383	G	N	27083	27084	\N	\N	nt	1
4384	C	N	27084	27085	\N	\N	nt	1
4385	A	N	27085	27086	\N	\N	nt	1
4386	G	N	27086	27087	\N	\N	nt	1
4387	G	N	27087	27088	\N	\N	nt	1
4388	T	N	27088	27089	\N	\N	nt	1
4389	G	N	27089	27090	\N	\N	nt	1
4390	A	N	27090	27091	\N	\N	nt	1
4391	C	N	27091	27092	\N	\N	nt	1
4392	T	N	27092	27093	\N	\N	nt	1
4393	C	N	27093	27094	\N	\N	nt	1
4394	A	N	27094	27095	\N	\N	nt	1
4395	G	N	27095	27096	\N	\N	nt	1
4396	G	N	27096	27097	\N	\N	nt	1
4397	T	N	27097	27098	\N	\N	nt	1
4398	T	N	27098	27099	\N	\N	nt	1
4399	T	N	27099	27100	\N	\N	nt	1
4400	T	N	27100	27101	\N	\N	nt	1
4401	G	N	27101	27102	\N	\N	nt	1
4402	C	N	27102	27103	\N	\N	nt	1
4403	T	N	27103	27104	\N	\N	nt	1
4404	G	N	27104	27105	\N	\N	nt	1
4405	C	N	27105	27106	\N	\N	nt	1
4406	A	N	27106	27107	\N	\N	nt	1
4407	T	N	27107	27108	\N	\N	nt	1
4408	A	N	27108	27109	\N	\N	nt	1
4409	C	N	27109	27110	\N	\N	nt	1
4410	A	N	27110	27111	\N	\N	nt	1
4411	G	N	27111	27112	\N	\N	nt	1
4412	T	N	27112	27113	\N	\N	nt	1
4413	C	N	27113	27114	\N	\N	nt	1
4414	G	N	27114	27115	\N	\N	nt	1
4415	C	N	27115	27116	\N	\N	nt	1
4416	T	N	27116	27117	\N	\N	nt	1
4417	A	N	27117	27118	\N	\N	nt	1
4418	C	N	27118	27119	\N	\N	nt	1
4419	A	N	27119	27120	\N	\N	nt	1
4420	G	N	27120	27121	\N	\N	nt	1
4421	G	N	27121	27122	\N	\N	nt	1
4422	A	N	27122	27123	\N	\N	nt	1
4423	T	N	27123	27124	\N	\N	nt	1
4424	T	N	27124	27125	\N	\N	nt	1
4425	G	N	27125	27126	\N	\N	nt	1
4426	G	N	27126	27127	\N	\N	nt	1
4427	C	N	27127	27128	\N	\N	nt	1
4428	A	N	27128	27129	\N	\N	nt	1
4429	A	N	27129	27130	\N	\N	nt	1
4430	C	N	27130	27131	\N	\N	nt	1
4431	T	N	27131	27132	\N	\N	nt	1
4432	A	N	27132	27133	\N	\N	nt	1
4433	T	N	27133	27134	\N	\N	nt	1
4434	A	N	27134	27135	\N	\N	nt	1
4435	A	N	27135	27136	\N	\N	nt	1
4436	A	N	27136	27137	\N	\N	nt	1
4437	T	N	27137	27138	\N	\N	nt	1
4438	T	N	27138	27139	\N	\N	nt	1
4439	A	N	27139	27140	\N	\N	nt	1
4440	A	N	27140	27141	\N	\N	nt	1
4441	A	N	27141	27142	\N	\N	nt	1
4442	C	N	27142	27143	\N	\N	nt	1
4443	A	N	27143	27144	\N	\N	nt	1
4444	C	N	27144	27145	\N	\N	nt	1
4445	A	N	27145	27146	\N	\N	nt	1
4446	G	N	27146	27147	\N	\N	nt	1
4447	A	N	27147	27148	\N	\N	nt	1
4448	C	N	27148	27149	\N	\N	nt	1
4449	C	N	27149	27150	\N	\N	nt	1
4450	A	N	27150	27151	\N	\N	nt	1
4451	T	N	27151	27152	\N	\N	nt	1
4452	T	N	27152	27153	\N	\N	nt	1
4453	C	N	27153	27154	\N	\N	nt	1
4454	C	N	27154	27155	\N	\N	nt	1
4455	A	N	27155	27156	\N	\N	nt	1
4456	G	N	27156	27157	\N	\N	nt	1
4457	T	N	27157	27158	\N	\N	nt	1
4458	A	N	27158	27159	\N	\N	nt	1
4459	G	N	27159	27160	\N	\N	nt	1
4460	C	N	27160	27161	\N	\N	nt	1
4461	A	N	27161	27162	\N	\N	nt	1
4462	G	N	27162	27163	\N	\N	nt	1
4463	T	N	27163	27164	\N	\N	nt	1
4464	G	N	27164	27165	\N	\N	nt	1
4465	A	N	27165	27166	\N	\N	nt	1
4466	C	N	27166	27167	\N	\N	nt	1
4467	A	N	27167	27168	\N	\N	nt	1
4468	A	N	27168	27169	\N	\N	nt	1
4469	T	N	27169	27170	\N	\N	nt	1
4470	C	T	27512	27513	\N	\N	nt	1
4472	C	T	27888	27889	\N	\N	nt	1
4475	A	G	28329	28330	\N	\N	nt	1
4477	C	T	28707	28708	\N	\N	nt	1
4482	T	C	29727	29728	\N	\N	nt	1
4483		\N	29728	29756	\N	\N	nt	1
4484	G	A	29756	29757	\N	\N	nt	1
4485	T	C	29757	29758	\N	\N	nt	1
4486	G	C	29758	29759	\N	\N	nt	1
4487		\N	29827	29903	\N	\N	nt	1
4489	D	N	2	3	\N	2	cds	1
4492	R	X	145	146	\N	2	cds	1
4493	G	X	146	147	\N	2	cds	1
4494	H	X	147	148	\N	2	cds	1
4495	L	X	148	149	\N	2	cds	1
4496	R	X	149	150	\N	2	cds	1
4497	I	X	150	151	\N	2	cds	1
4498	A	X	151	152	\N	2	cds	1
4499	G	X	152	153	\N	2	cds	1
4500	H	X	153	154	\N	2	cds	1
4501	H	X	154	155	\N	2	cds	1
4502	L	X	155	156	\N	2	cds	1
4503	G	X	156	157	\N	2	cds	1
4504	R	X	157	158	\N	2	cds	1
4505	C	X	158	159	\N	2	cds	1
4506	D	X	159	160	\N	2	cds	1
4507	I	X	160	161	\N	2	cds	1
4508	K	X	161	162	\N	2	cds	1
4509	D	X	162	163	\N	2	cds	1
4510	L	X	163	164	\N	2	cds	1
4511	P	X	164	165	\N	2	cds	1
4512	K	X	165	166	\N	2	cds	1
4513	E	X	166	167	\N	2	cds	1
4514	I	X	167	168	\N	2	cds	1
4515	T	X	168	169	\N	2	cds	1
4516	V	X	169	170	\N	2	cds	1
4517	A	X	170	171	\N	2	cds	1
4518	T	X	171	172	\N	2	cds	1
4519	S	X	172	173	\N	2	cds	1
4520	R	X	173	174	\N	2	cds	1
4521	T	X	174	175	\N	2	cds	1
4522	L	X	175	176	\N	2	cds	1
4523	S	X	176	177	\N	2	cds	1
4524	Y	X	177	178	\N	2	cds	1
4525	Y	X	178	179	\N	2	cds	1
4526	K	X	179	180	\N	2	cds	1
4527	L	X	180	181	\N	2	cds	1
4528	G	X	181	182	\N	2	cds	1
4529	A	X	182	183	\N	2	cds	1
4530	S	X	183	184	\N	2	cds	1
4531	Q	X	184	185	\N	2	cds	1
4532	R	X	185	186	\N	2	cds	1
4533	V	X	186	187	\N	2	cds	1
4534	A	X	187	188	\N	2	cds	1
4535	G	X	188	189	\N	2	cds	1
4536	D	X	189	190	\N	2	cds	1
4537	S	X	190	191	\N	2	cds	1
4538	G	X	191	192	\N	2	cds	1
4539	F	X	192	193	\N	2	cds	1
4540	A	X	193	194	\N	2	cds	1
4541	A	X	194	195	\N	2	cds	1
4542	Y	X	195	196	\N	2	cds	1
4543	S	X	196	197	\N	2	cds	1
4544	R	X	197	198	\N	2	cds	1
4545	Y	X	198	199	\N	2	cds	1
4546	R	X	199	200	\N	2	cds	1
4547	I	X	200	201	\N	2	cds	1
4548	G	X	201	202	\N	2	cds	1
4549	N	X	202	203	\N	2	cds	1
4550	Y	X	203	204	\N	2	cds	1
4551	K	X	204	205	\N	2	cds	1
4552	L	X	205	206	\N	2	cds	1
4553	N	X	206	207	\N	2	cds	1
4554	T	X	207	208	\N	2	cds	1
4555	D	X	208	209	\N	2	cds	1
4556	H	X	209	210	\N	2	cds	1
4557	S	X	210	211	\N	2	cds	1
4558	S	X	211	212	\N	2	cds	1
4559	S	X	212	213	\N	2	cds	1
4560	S	X	213	214	\N	2	cds	1
4561	D	X	214	215	\N	2	cds	1
4562	N	X	215	216	\N	2	cds	1
4570	T	X	2001	2002	\N	4	cds	1
4571	Y	X	2002	2003	\N	4	cds	1
4572	K	X	2003	2004	\N	4	cds	1
4573	P	X	2004	2005	\N	4	cds	1
4574	N	X	2005	2006	\N	4	cds	1
4575	T	X	2006	2007	\N	4	cds	1
4576	W	X	2007	2008	\N	4	cds	1
4577	C	X	2008	2009	\N	4	cds	1
4578	I	X	2009	2010	\N	4	cds	1
4579	R	X	2010	2011	\N	4	cds	1
4580	C	X	2011	2012	\N	4	cds	1
4581	L	X	2012	2013	\N	4	cds	1
4582	W	X	2013	2014	\N	4	cds	1
4583	S	X	2014	2015	\N	4	cds	1
4584	T	X	2015	2016	\N	4	cds	1
4585	K	X	2016	2017	\N	4	cds	1
4586	P	X	2017	2018	\N	4	cds	1
4587	V	X	2018	2019	\N	4	cds	1
4588	E	X	2019	2020	\N	4	cds	1
4589	T	X	2020	2021	\N	4	cds	1
4590	S	X	2021	2022	\N	4	cds	1
4591	N	X	2022	2023	\N	4	cds	1
4592	S	X	2023	2024	\N	4	cds	1
4593	F	X	2024	2025	\N	4	cds	1
4594	D	X	2025	2026	\N	4	cds	1
4595	V	X	2026	2027	\N	4	cds	1
4596	L	X	2027	2028	\N	4	cds	1
4597	K	X	2028	2029	\N	4	cds	1
4598	S	X	2029	2030	\N	4	cds	1
4599	E	X	2030	2031	\N	4	cds	1
4600	D	X	2031	2032	\N	4	cds	1
4601	A	X	2032	2033	\N	4	cds	1
4602	Q	X	2033	2034	\N	4	cds	1
4603	G	X	2034	2035	\N	4	cds	1
4604	M	X	2035	2036	\N	4	cds	1
4605	D	X	2036	2037	\N	4	cds	1
4606	N	X	2037	2038	\N	4	cds	1
4607	L	X	2038	2039	\N	4	cds	1
4608	A	X	2039	2040	\N	4	cds	1
4609	C	X	2040	2041	\N	4	cds	1
4610	E	X	2041	2042	\N	4	cds	1
4611	D	X	2042	2043	\N	4	cds	1
4612	L	X	2043	2044	\N	4	cds	1
4613	K	X	2044	2045	\N	4	cds	1
4614	P	X	2045	2046	\N	4	cds	1
4615	V	A	2046	2047	\N	4	cds	1
4618	I	F	3145	3146	\N	4	cds	1
4622	R	X	641	642	\N	5	cds	1
4623	L	X	663	664	\N	5	cds	1
4624	Y	X	664	665	\N	5	cds	1
4625	V	X	665	666	\N	5	cds	1
4626	K	X	666	667	\N	5	cds	1
4627	T	X	670	671	\N	5	cds	1
4628	S	X	671	672	\N	5	cds	1
4629	S	X	672	673	\N	5	cds	1
4630	G	X	673	674	\N	5	cds	1
4631	D	X	674	675	\N	5	cds	1
4632	A	X	675	676	\N	5	cds	1
4633	T	X	676	677	\N	5	cds	1
4634	T	X	677	678	\N	5	cds	1
4635	A	X	678	679	\N	5	cds	1
4636	Y	X	679	680	\N	5	cds	1
4637	A	X	680	681	\N	5	cds	1
4638	F	Y	684	685	\N	5	cds	1
4639	T	N	1049	1050	\N	5	cds	1
4641	M	V	1498	1499	\N	5	cds	1
4646	D	G	15	16	\N	11	cds	1
4651	R	T	345	346	\N	12	cds	1
4664	F	V	485	486	\N	12	cds	1
4677		\N	0	2	\N	4	cds	1
4678		\N	2	4	\N	4	cds	1
4679		\N	4	6	\N	4	cds	1
4680		\N	6	8	\N	4	cds	1
4681		\N	8	10	\N	4	cds	1
4682		\N	10	12	\N	4	cds	1
4683		\N	12	14	\N	4	cds	1
4684		\N	14	16	\N	4	cds	1
4685		\N	16	18	\N	4	cds	1
4686		\N	18	20	\N	4	cds	1
4687		\N	20	21	\N	4	cds	1
4694	A	N	0	1	\N	\N	nt	1
4695	T	N	1	2	\N	\N	nt	1
4696	T	N	2	3	\N	\N	nt	1
4697	A	N	3	4	\N	\N	nt	1
4698	A	N	4	5	\N	\N	nt	1
4699	A	N	5	6	\N	\N	nt	1
4700	G	N	6	7	\N	\N	nt	1
4701	G	N	7	8	\N	\N	nt	1
4702	T	N	8	9	\N	\N	nt	1
4703	T	N	9	10	\N	\N	nt	1
4704	T	N	10	11	\N	\N	nt	1
4705	A	N	11	12	\N	\N	nt	1
4706	T	N	12	13	\N	\N	nt	1
4707	A	N	13	14	\N	\N	nt	1
4708	C	N	14	15	\N	\N	nt	1
4709	C	N	15	16	\N	\N	nt	1
4710	T	N	16	17	\N	\N	nt	1
4711	T	N	17	18	\N	\N	nt	1
4712	C	N	18	19	\N	\N	nt	1
4713	C	N	19	20	\N	\N	nt	1
4714	C	N	20	21	\N	\N	nt	1
4715	A	N	21	22	\N	\N	nt	1
4716	G	N	22	23	\N	\N	nt	1
4717	G	N	23	24	\N	\N	nt	1
4718	T	N	24	25	\N	\N	nt	1
4719	A	N	25	26	\N	\N	nt	1
4720	A	N	26	27	\N	\N	nt	1
4721	C	N	27	28	\N	\N	nt	1
4722	A	N	28	29	\N	\N	nt	1
4723	A	N	29	30	\N	\N	nt	1
4724	A	N	30	31	\N	\N	nt	1
4725	C	N	31	32	\N	\N	nt	1
4726	C	N	32	33	\N	\N	nt	1
4727	A	N	33	34	\N	\N	nt	1
4728	A	N	34	35	\N	\N	nt	1
4729	C	N	35	36	\N	\N	nt	1
4730	C	N	36	37	\N	\N	nt	1
4731	A	N	37	38	\N	\N	nt	1
4732	A	N	38	39	\N	\N	nt	1
4733	C	N	39	40	\N	\N	nt	1
4734	T	N	40	41	\N	\N	nt	1
4735	T	N	41	42	\N	\N	nt	1
4736	T	N	42	43	\N	\N	nt	1
4737	C	N	43	44	\N	\N	nt	1
4738	G	N	44	45	\N	\N	nt	1
4739	A	N	45	46	\N	\N	nt	1
4740	T	N	46	47	\N	\N	nt	1
4741	C	N	47	48	\N	\N	nt	1
4742	T	N	48	49	\N	\N	nt	1
4743	C	N	49	50	\N	\N	nt	1
4744	T	N	50	51	\N	\N	nt	1
4745	T	N	51	52	\N	\N	nt	1
4746	G	N	52	53	\N	\N	nt	1
4747	T	N	53	54	\N	\N	nt	1
4748	A	N	54	55	\N	\N	nt	1
4750	C	Y	1092	1093	\N	\N	nt	1
4751	C	Y	2469	2470	\N	\N	nt	1
4754	A	R	3420	3421	\N	\N	nt	1
4756	G	N	6512	6513	\N	\N	nt	1
4757	T	N	6513	6514	\N	\N	nt	1
4758	T	N	6514	6515	\N	\N	nt	1
4760	C	Y	9222	9223	\N	\N	nt	1
4763		\N	11282	11286	\N	\N	nt	1
4764	G	N	11286	11287	\N	\N	nt	1
4765	T	N	11287	11288	\N	\N	nt	1
4766	C	N	11288	11289	\N	\N	nt	1
4767	T	N	11289	11290	\N	\N	nt	1
4768	G	N	11290	11291	\N	\N	nt	1
4774	G	K	20068	20069	\N	\N	nt	1
4775	C	S	21529	21530	\N	\N	nt	1
4776	T	W	21533	21534	\N	\N	nt	1
4777	G	K	21534	21535	\N	\N	nt	1
4778	A	M	21535	21536	\N	\N	nt	1
4779	T	N	21542	21543	\N	\N	nt	1
4780	G	N	21543	21544	\N	\N	nt	1
4781	T	N	21544	21545	\N	\N	nt	1
4782	T	N	21545	21546	\N	\N	nt	1
4783	A	N	21546	21547	\N	\N	nt	1
4784	A	N	21547	21548	\N	\N	nt	1
4785	C	N	21548	21549	\N	\N	nt	1
4786	A	N	21549	21550	\N	\N	nt	1
4787	A	N	21550	21551	\N	\N	nt	1
4791		\N	21986	21992	\N	\N	nt	1
4792	A	N	21992	21993	\N	\N	nt	1
4793	T	N	21993	21994	\N	\N	nt	1
4794	T	N	21994	21995	\N	\N	nt	1
4798	T	TGAGCCAGAA	22203	22204	\N	\N	nt	1
4800	G	R	22598	22599	\N	\N	nt	1
4801	T	C	22672	22673	\N	\N	nt	1
4818	C	Y	23524	23525	\N	\N	nt	1
4821	T	Y	23688	23689	\N	\N	nt	1
4829	A	M	25380	25381	\N	\N	nt	1
4840		\N	28361	28365	\N	\N	nt	1
4846	T	N	28404	28405	\N	\N	nt	1
4847	T	N	28405	28406	\N	\N	nt	1
4848	T	N	28406	28407	\N	\N	nt	1
4849	A	N	28407	28408	\N	\N	nt	1
4850	C	N	28408	28409	\N	\N	nt	1
4851	C	N	28409	28410	\N	\N	nt	1
4852	C	N	28410	28411	\N	\N	nt	1
4853	A	N	28411	28412	\N	\N	nt	1
4854	A	N	28412	28413	\N	\N	nt	1
4855	T	N	28413	28414	\N	\N	nt	1
4856	A	N	28414	28415	\N	\N	nt	1
4857	A	N	28415	28416	\N	\N	nt	1
4858	T	N	28416	28417	\N	\N	nt	1
4859	A	N	28417	28418	\N	\N	nt	1
4860	C	N	28418	28419	\N	\N	nt	1
4861	T	N	28419	28420	\N	\N	nt	1
4862	G	N	28420	28421	\N	\N	nt	1
4863	C	N	28421	28422	\N	\N	nt	1
4864	G	N	28422	28423	\N	\N	nt	1
4865	T	N	28423	28424	\N	\N	nt	1
4866	C	N	28424	28425	\N	\N	nt	1
4867	T	N	28425	28426	\N	\N	nt	1
4868	T	N	28426	28427	\N	\N	nt	1
4869	G	N	28427	28428	\N	\N	nt	1
4870	G	N	28428	28429	\N	\N	nt	1
4871	T	N	28429	28430	\N	\N	nt	1
4872	T	N	28430	28431	\N	\N	nt	1
4873	C	N	28431	28432	\N	\N	nt	1
4874	A	N	28432	28433	\N	\N	nt	1
4875	C	N	28433	28434	\N	\N	nt	1
4876	C	N	28434	28435	\N	\N	nt	1
4877	G	N	28435	28436	\N	\N	nt	1
4878	C	N	28436	28437	\N	\N	nt	1
4879	T	N	28437	28438	\N	\N	nt	1
4880	C	N	28438	28439	\N	\N	nt	1
4881	T	N	28439	28440	\N	\N	nt	1
4882	C	N	28440	28441	\N	\N	nt	1
4883	A	N	28441	28442	\N	\N	nt	1
4884	C	N	28442	28443	\N	\N	nt	1
4885	T	N	28443	28444	\N	\N	nt	1
4886	C	N	28444	28445	\N	\N	nt	1
4887	A	N	28445	28446	\N	\N	nt	1
4888	A	N	28446	28447	\N	\N	nt	1
4889	C	N	28447	28448	\N	\N	nt	1
4890	A	N	28448	28449	\N	\N	nt	1
4891	T	N	28449	28450	\N	\N	nt	1
4892	G	N	28450	28451	\N	\N	nt	1
4893	G	N	28451	28452	\N	\N	nt	1
4894	C	N	28452	28453	\N	\N	nt	1
4895	A	N	28453	28454	\N	\N	nt	1
4896	A	N	28454	28455	\N	\N	nt	1
4897	G	N	28455	28456	\N	\N	nt	1
4898	G	N	28456	28457	\N	\N	nt	1
4899	A	N	28457	28458	\N	\N	nt	1
4900	A	N	28458	28459	\N	\N	nt	1
4901	G	N	28459	28460	\N	\N	nt	1
4902	A	N	28460	28461	\N	\N	nt	1
4903	C	N	28461	28462	\N	\N	nt	1
4904	C	N	28462	28463	\N	\N	nt	1
4905	T	N	28463	28464	\N	\N	nt	1
4906	T	N	28464	28465	\N	\N	nt	1
4907	A	N	28465	28466	\N	\N	nt	1
4908	A	N	28466	28467	\N	\N	nt	1
4909	A	N	28467	28468	\N	\N	nt	1
4910	T	N	28468	28469	\N	\N	nt	1
4911	T	N	28469	28470	\N	\N	nt	1
4912	C	N	28470	28471	\N	\N	nt	1
4913	C	N	28471	28472	\N	\N	nt	1
4914	C	N	28472	28473	\N	\N	nt	1
4915	T	N	28473	28474	\N	\N	nt	1
4916	C	N	28474	28475	\N	\N	nt	1
4917	G	N	28475	28476	\N	\N	nt	1
4918	A	N	28476	28477	\N	\N	nt	1
4919	G	N	28477	28478	\N	\N	nt	1
4920	C	N	28673	28674	\N	\N	nt	1
4921	A	R	28674	28675	\N	\N	nt	1
4925	A	M	29781	29782	\N	\N	nt	1
4926	G	K	29782	29783	\N	\N	nt	1
4927	G	C	29785	29786	\N	\N	nt	1
4928		\N	29788	29825	\N	\N	nt	1
4929	T	C	29828	29829	\N	\N	nt	1
4930	G	A	29829	29830	\N	\N	nt	1
4931	C	T	29830	29831	\N	\N	nt	1
4932	A	G	29832	29833	\N	\N	nt	1
4933	C	T	29834	29835	\N	\N	nt	1
4934	C	N	29836	29837	\N	\N	nt	1
4935	C	N	29837	29838	\N	\N	nt	1
4936	A	N	29838	29839	\N	\N	nt	1
4937	T	N	29839	29840	\N	\N	nt	1
4938	G	N	29840	29841	\N	\N	nt	1
4939	T	N	29841	29842	\N	\N	nt	1
4940	G	N	29842	29843	\N	\N	nt	1
4941	A	N	29843	29844	\N	\N	nt	1
4942	T	N	29844	29845	\N	\N	nt	1
4943	T	N	29845	29846	\N	\N	nt	1
4944	T	N	29846	29847	\N	\N	nt	1
4945	T	N	29847	29848	\N	\N	nt	1
4946	A	N	29848	29849	\N	\N	nt	1
4947	A	N	29849	29850	\N	\N	nt	1
4948	T	N	29850	29851	\N	\N	nt	1
4949	A	N	29851	29852	\N	\N	nt	1
4950	G	N	29852	29853	\N	\N	nt	1
4951	C	N	29853	29854	\N	\N	nt	1
4952	T	N	29854	29855	\N	\N	nt	1
4953	T	N	29855	29856	\N	\N	nt	1
4954	C	N	29856	29857	\N	\N	nt	1
4955	T	N	29857	29858	\N	\N	nt	1
4956	T	N	29858	29859	\N	\N	nt	1
4957	A	N	29859	29860	\N	\N	nt	1
4958	G	N	29860	29861	\N	\N	nt	1
4959	G	N	29861	29862	\N	\N	nt	1
4960	A	N	29862	29863	\N	\N	nt	1
4961	G	N	29863	29864	\N	\N	nt	1
4962	A	N	29864	29865	\N	\N	nt	1
4963	A	N	29865	29866	\N	\N	nt	1
4964	T	N	29866	29867	\N	\N	nt	1
4965	G	N	29867	29868	\N	\N	nt	1
4966	A	N	29868	29869	\N	\N	nt	1
4967	C	N	29869	29870	\N	\N	nt	1
4968	A	N	29870	29871	\N	\N	nt	1
4969	A	N	29871	29872	\N	\N	nt	1
4970	A	N	29872	29873	\N	\N	nt	1
4971	A	N	29873	29874	\N	\N	nt	1
4972	A	N	29874	29875	\N	\N	nt	1
4973	A	N	29875	29876	\N	\N	nt	1
4974	A	N	29876	29877	\N	\N	nt	1
4975	A	N	29877	29878	\N	\N	nt	1
4976	A	N	29878	29879	\N	\N	nt	1
4977	A	N	29879	29880	\N	\N	nt	1
4978	A	N	29880	29881	\N	\N	nt	1
4979	A	N	29881	29882	\N	\N	nt	1
4980	A	N	29882	29883	\N	\N	nt	1
4981	A	N	29883	29884	\N	\N	nt	1
4982	A	N	29884	29885	\N	\N	nt	1
4983	A	N	29885	29886	\N	\N	nt	1
4984	A	N	29886	29887	\N	\N	nt	1
4985	A	N	29887	29888	\N	\N	nt	1
4986	A	N	29888	29889	\N	\N	nt	1
4987	A	N	29889	29890	\N	\N	nt	1
4988	A	N	29890	29891	\N	\N	nt	1
4989	A	N	29891	29892	\N	\N	nt	1
4990	A	N	29892	29893	\N	\N	nt	1
4991	A	N	29893	29894	\N	\N	nt	1
4992	A	N	29894	29895	\N	\N	nt	1
4993	A	N	29895	29896	\N	\N	nt	1
4994	A	N	29896	29897	\N	\N	nt	1
4995	A	N	29897	29898	\N	\N	nt	1
4996	A	N	29898	29899	\N	\N	nt	1
4997	A	N	29899	29900	\N	\N	nt	1
4998	A	N	29900	29901	\N	\N	nt	1
4999	A	N	29901	29902	\N	\N	nt	1
5000	A	N	29902	29903	\N	\N	nt	1
5001	A	NNNNNNNNNNNNNNNNNNNNNNNNNNNNNNNNNNNNNNNNNNNNNNN	29902	29903	\N	\N	nt	1
5009	L	X	44	45	\N	3	cds	1
5010	P	X	45	46	\N	3	cds	1
5011	N	X	46	47	\N	3	cds	1
5012	N	X	47	48	\N	3	cds	1
5013	T	X	48	49	\N	3	cds	1
5014	A	X	49	50	\N	3	cds	1
5015	S	X	50	51	\N	3	cds	1
5016	W	X	51	52	\N	3	cds	1
5017	F	X	52	53	\N	3	cds	1
5018	T	X	53	54	\N	3	cds	1
5019	A	X	54	55	\N	3	cds	1
5020	L	X	55	56	\N	3	cds	1
5021	T	X	56	57	\N	3	cds	1
5022	Q	X	57	58	\N	3	cds	1
5023	H	X	58	59	\N	3	cds	1
5024	G	X	59	60	\N	3	cds	1
5025	K	X	60	61	\N	3	cds	1
5026	E	X	61	62	\N	3	cds	1
5027	D	X	62	63	\N	3	cds	1
5028	L	X	63	64	\N	3	cds	1
5029	K	X	64	65	\N	3	cds	1
5030	F	X	65	66	\N	3	cds	1
5031	P	X	66	67	\N	3	cds	1
5032	R	X	67	68	\N	3	cds	1
5033	G	X	68	69	\N	3	cds	1
5034	A	X	133	134	\N	3	cds	1
5038	S	X	2082	2083	\N	4	cds	1
5039	L	X	2083	2084	\N	4	cds	1
5043	S	X	3674	3675	\N	4	cds	1
5044	G	X	3675	3676	\N	4	cds	1
5048	G	X	2200	2201	\N	5	cds	1
5049	S	X	2687	2688	\N	5	cds	1
5050	S	X	2688	2689	\N	5	cds	1
5051	D	X	2689	2690	\N	5	cds	1
5052	V	X	2692	2693	\N	5	cds	1
5053	N	X	2693	2694	\N	5	cds	1
5054	N	X	2694	2695	\N	5	cds	1
5058	V	X	40	41	\N	11	cds	1
5059	Y	X	41	42	\N	11	cds	1
5060	P	X	42	43	\N	11	cds	1
5061	I	X	43	44	\N	11	cds	1
5062	I	X	44	45	\N	11	cds	1
5063	L	X	45	46	\N	11	cds	1
5064	R	X	46	47	\N	11	cds	1
5065	L	X	47	48	\N	11	cds	1
5066	G	X	48	49	\N	11	cds	1
5067	S	X	49	50	\N	11	cds	1
5068	P	X	50	51	\N	11	cds	1
5069	L	X	51	52	\N	11	cds	1
5070	S	X	52	53	\N	11	cds	1
5071	L	X	53	54	\N	11	cds	1
5072	N	X	54	55	\N	11	cds	1
5073	M	X	55	56	\N	11	cds	1
5074	A	X	56	57	\N	11	cds	1
5075	R	X	57	58	\N	11	cds	1
5076	K	X	58	59	\N	11	cds	1
5077	T	X	59	60	\N	11	cds	1
5078	L	X	60	61	\N	11	cds	1
5079	N	X	61	62	\N	11	cds	1
5080	S	X	62	63	\N	11	cds	1
5081	L	X	63	64	\N	11	cds	1
5082	E	X	64	65	\N	11	cds	1
5085	Y	X	144	145	\N	12	cds	1
5088	R	REPE	213	214	\N	12	cds	1
5090	R	X	345	346	\N	12	cds	1
5091	S	L	370	371	\N	12	cds	1
5107	H	X	654	655	\N	12	cds	1
5116		\N	26	27	\N	11	cds	1
5118		\N	142	143	\N	12	cds	1
5119		\N	0	2	\N	\N	nt	1
5145	G	N	55	56	\N	\N	nt	1
5146	A	N	56	57	\N	\N	nt	1
5147	T	N	57	58	\N	\N	nt	1
5148	C	N	58	59	\N	\N	nt	1
5149	T	N	59	60	\N	\N	nt	1
5150	G	N	60	61	\N	\N	nt	1
5151	T	N	61	62	\N	\N	nt	1
5152	T	N	62	63	\N	\N	nt	1
5153	C	N	63	64	\N	\N	nt	1
5154	T	N	64	65	\N	\N	nt	1
5155	C	N	65	66	\N	\N	nt	1
5156	T	N	66	67	\N	\N	nt	1
5157	A	N	67	68	\N	\N	nt	1
5158	A	N	68	69	\N	\N	nt	1
5159	A	N	69	70	\N	\N	nt	1
5160	C	N	70	71	\N	\N	nt	1
5161	G	N	71	72	\N	\N	nt	1
5162	A	N	72	73	\N	\N	nt	1
5163	A	N	73	74	\N	\N	nt	1
5164	C	N	74	75	\N	\N	nt	1
5165	T	N	75	76	\N	\N	nt	1
5166	T	N	76	77	\N	\N	nt	1
5167	T	N	77	78	\N	\N	nt	1
5168	A	N	78	79	\N	\N	nt	1
5169	A	N	79	80	\N	\N	nt	1
5170	A	N	80	81	\N	\N	nt	1
5171	A	N	81	82	\N	\N	nt	1
5172	T	N	82	83	\N	\N	nt	1
5173	C	N	83	84	\N	\N	nt	1
5174	T	N	84	85	\N	\N	nt	1
5175	G	N	85	86	\N	\N	nt	1
5176	T	N	86	87	\N	\N	nt	1
5177	G	N	87	88	\N	\N	nt	1
5178	T	N	88	89	\N	\N	nt	1
5179	G	N	89	90	\N	\N	nt	1
5180	G	N	90	91	\N	\N	nt	1
5181	C	N	91	92	\N	\N	nt	1
5182	T	N	92	93	\N	\N	nt	1
5183	G	N	93	94	\N	\N	nt	1
5184	T	N	94	95	\N	\N	nt	1
5185	C	N	95	96	\N	\N	nt	1
5186	A	N	96	97	\N	\N	nt	1
5187	C	N	97	98	\N	\N	nt	1
5188	T	N	98	99	\N	\N	nt	1
5189	C	N	99	100	\N	\N	nt	1
5190	G	N	100	101	\N	\N	nt	1
5191	G	N	101	102	\N	\N	nt	1
5192	C	N	102	103	\N	\N	nt	1
5193	T	N	103	104	\N	\N	nt	1
5194	G	N	104	105	\N	\N	nt	1
5195	C	N	105	106	\N	\N	nt	1
5196	A	N	106	107	\N	\N	nt	1
5197	T	N	107	108	\N	\N	nt	1
5198	G	N	108	109	\N	\N	nt	1
5199	C	N	109	110	\N	\N	nt	1
5200	T	N	110	111	\N	\N	nt	1
5201	T	N	111	112	\N	\N	nt	1
5202	A	N	112	113	\N	\N	nt	1
5203	G	N	113	114	\N	\N	nt	1
5204	T	N	114	115	\N	\N	nt	1
5205	G	N	115	116	\N	\N	nt	1
5206	C	N	116	117	\N	\N	nt	1
5207	A	N	117	118	\N	\N	nt	1
5208	C	N	118	119	\N	\N	nt	1
5209	T	N	119	120	\N	\N	nt	1
5210	C	N	120	121	\N	\N	nt	1
5211	A	N	121	122	\N	\N	nt	1
5212	C	N	122	123	\N	\N	nt	1
5213	G	N	123	124	\N	\N	nt	1
5214	C	N	124	125	\N	\N	nt	1
5215	A	N	125	126	\N	\N	nt	1
5216	G	N	126	127	\N	\N	nt	1
5217	T	N	127	128	\N	\N	nt	1
5218	A	N	128	129	\N	\N	nt	1
5219	T	N	129	130	\N	\N	nt	1
5220	A	N	130	131	\N	\N	nt	1
5221	A	N	131	132	\N	\N	nt	1
5222	T	N	132	133	\N	\N	nt	1
5223	T	N	133	134	\N	\N	nt	1
5224	A	N	134	135	\N	\N	nt	1
5225	A	N	135	136	\N	\N	nt	1
5226	T	N	136	137	\N	\N	nt	1
5227	A	N	137	138	\N	\N	nt	1
5228	A	N	138	139	\N	\N	nt	1
5229	C	N	139	140	\N	\N	nt	1
5230	T	N	140	141	\N	\N	nt	1
5231	A	N	141	142	\N	\N	nt	1
5232	A	N	142	143	\N	\N	nt	1
5233	T	N	143	144	\N	\N	nt	1
5234	T	N	144	145	\N	\N	nt	1
5235	A	N	145	146	\N	\N	nt	1
5236	C	N	146	147	\N	\N	nt	1
5237	T	N	147	148	\N	\N	nt	1
5238	G	N	148	149	\N	\N	nt	1
5239	T	N	149	150	\N	\N	nt	1
5240	C	N	150	151	\N	\N	nt	1
5241	G	N	151	152	\N	\N	nt	1
5242	T	N	152	153	\N	\N	nt	1
5243	T	N	153	154	\N	\N	nt	1
5244	G	N	154	155	\N	\N	nt	1
5245	A	N	155	156	\N	\N	nt	1
5246	C	N	156	157	\N	\N	nt	1
5247	A	N	157	158	\N	\N	nt	1
5248	G	N	158	159	\N	\N	nt	1
5249	G	N	159	160	\N	\N	nt	1
5250	A	N	160	161	\N	\N	nt	1
5251	C	N	161	162	\N	\N	nt	1
5252	A	N	162	163	\N	\N	nt	1
5253	C	N	163	164	\N	\N	nt	1
5254	G	N	164	165	\N	\N	nt	1
5255	A	N	165	166	\N	\N	nt	1
5256	G	N	166	167	\N	\N	nt	1
5257	T	N	167	168	\N	\N	nt	1
5258	A	N	168	169	\N	\N	nt	1
5259	A	N	169	170	\N	\N	nt	1
5260	C	N	170	171	\N	\N	nt	1
5261	T	N	171	172	\N	\N	nt	1
5262	C	N	172	173	\N	\N	nt	1
5263	G	N	173	174	\N	\N	nt	1
5264	T	N	174	175	\N	\N	nt	1
5265	C	N	175	176	\N	\N	nt	1
5266	T	N	176	177	\N	\N	nt	1
5267	A	N	177	178	\N	\N	nt	1
5268	T	N	178	179	\N	\N	nt	1
5269	C	N	179	180	\N	\N	nt	1
5270	T	N	180	181	\N	\N	nt	1
5271	T	N	181	182	\N	\N	nt	1
5272	C	N	182	183	\N	\N	nt	1
5273	T	N	183	184	\N	\N	nt	1
5274	G	N	184	185	\N	\N	nt	1
5275	C	N	185	186	\N	\N	nt	1
5276	A	N	186	187	\N	\N	nt	1
5277	G	N	187	188	\N	\N	nt	1
5278	G	N	188	189	\N	\N	nt	1
5279	C	N	189	190	\N	\N	nt	1
5280	T	N	190	191	\N	\N	nt	1
5281	G	N	191	192	\N	\N	nt	1
5282	C	N	192	193	\N	\N	nt	1
5283	T	N	193	194	\N	\N	nt	1
5284	T	N	194	195	\N	\N	nt	1
5285	A	N	195	196	\N	\N	nt	1
5286	C	N	196	197	\N	\N	nt	1
5287	G	N	197	198	\N	\N	nt	1
5288	G	N	198	199	\N	\N	nt	1
5289	T	N	199	200	\N	\N	nt	1
5290	T	N	200	201	\N	\N	nt	1
5291	T	N	201	202	\N	\N	nt	1
5292	C	N	202	203	\N	\N	nt	1
5293	G	N	203	204	\N	\N	nt	1
5294	T	N	204	205	\N	\N	nt	1
5295	C	N	205	206	\N	\N	nt	1
5296	C	N	206	207	\N	\N	nt	1
5297	G	N	207	208	\N	\N	nt	1
5298	T	N	208	209	\N	\N	nt	1
5299	G	N	209	210	\N	\N	nt	1
5300	T	N	210	211	\N	\N	nt	1
5301	T	N	211	212	\N	\N	nt	1
5302	G	N	212	213	\N	\N	nt	1
5303	C	N	213	214	\N	\N	nt	1
5304	A	N	214	215	\N	\N	nt	1
5305	G	N	215	216	\N	\N	nt	1
5306	C	N	216	217	\N	\N	nt	1
5307	C	N	217	218	\N	\N	nt	1
5308	G	N	218	219	\N	\N	nt	1
5309	A	N	219	220	\N	\N	nt	1
5310	T	N	220	221	\N	\N	nt	1
5311	C	N	221	222	\N	\N	nt	1
5312	A	N	222	223	\N	\N	nt	1
5313	T	N	223	224	\N	\N	nt	1
5314	C	N	224	225	\N	\N	nt	1
5315	A	N	225	226	\N	\N	nt	1
5316	G	N	226	227	\N	\N	nt	1
5317	C	N	227	228	\N	\N	nt	1
5318	A	N	228	229	\N	\N	nt	1
5319	C	N	229	230	\N	\N	nt	1
5320	A	N	230	231	\N	\N	nt	1
5321	T	Y	231	232	\N	\N	nt	1
5322	C	N	240	241	\N	\N	nt	1
5323	G	D	388	389	\N	\N	nt	1
5324	G	N	406	407	\N	\N	nt	1
5325	G	N	409	410	\N	\N	nt	1
5326	G	N	410	411	\N	\N	nt	1
5327	A	R	412	413	\N	\N	nt	1
5328	G	N	416	417	\N	\N	nt	1
5329	G	N	418	419	\N	\N	nt	1
5330	G	N	419	420	\N	\N	nt	1
5331	C	S	420	421	\N	\N	nt	1
5332	G	D	424	425	\N	\N	nt	1
5333	A	R	426	427	\N	\N	nt	1
5334	G	N	427	428	\N	\N	nt	1
5335	T	B	669	670	\N	\N	nt	1
5336	G	N	1756	1757	\N	\N	nt	1
5340	A	ACACTGTAGAGGAGGCAANNNNNNNNNNNNNNNNNNNNNNNNNNNNNNNNNNNNNNNNNNNNNNNNNNNNNNNNNNNNNNNNNNNNNNNNNNNNNNNNNNNNNNNNNNNNNNNNNNN	4274	4275	\N	\N	nt	1
5342	C	T	5300	5301	\N	\N	nt	1
5343	G	N	6575	6576	\N	\N	nt	1
5344	G	N	6588	6589	\N	\N	nt	1
5345	G	N	8047	8048	\N	\N	nt	1
5346	G	D	8055	8056	\N	\N	nt	1
5347	G	N	8074	8075	\N	\N	nt	1
5348	G	N	8082	8083	\N	\N	nt	1
5349	G	D	8083	8084	\N	\N	nt	1
5350	C	T	8298	8299	\N	\N	nt	1
5351	G	N	8453	8454	\N	\N	nt	1
5354	C	Y	9533	9534	\N	\N	nt	1
5355		\N	9629	9653	\N	\N	nt	1
5359	G	R	10446	10447	\N	\N	nt	1
5362	T	N	11523	11524	\N	\N	nt	1
5363	A	D	11536	11537	\N	\N	nt	1
5364	G	N	12360	12361	\N	\N	nt	1
5367	G	N	14907	14908	\N	\N	nt	1
5368	G	N	14916	14917	\N	\N	nt	1
5369		\N	15010	15039	\N	\N	nt	1
5370	T	N	15041	15042	\N	\N	nt	1
5371	G	N	15042	15043	\N	\N	nt	1
5372	T	N	15043	15044	\N	\N	nt	1
5373	C	N	15044	15045	\N	\N	nt	1
5374	T	Y	15046	15047	\N	\N	nt	1
5375	A	N	15105	15106	\N	\N	nt	1
5377	C	N	15713	15714	\N	\N	nt	1
5378	C	Y	17409	17410	\N	\N	nt	1
5379	A	D	18162	18163	\N	\N	nt	1
5380	G	N	18702	18703	\N	\N	nt	1
5381	G	N	18711	18712	\N	\N	nt	1
5382	G	N	19173	19174	\N	\N	nt	1
5383	G	N	19689	19690	\N	\N	nt	1
5384	G	N	19710	19711	\N	\N	nt	1
5385	C	Y	19954	19955	\N	\N	nt	1
5387	T	TAATGGAGTCACATTAATTGGRGAAKCCGTAAAAANNNNNNNNNNNNNNNNNNNNNNNNNNNNNNNNNNNNNNNNNNNNNNNNNNNNNNNNNNNNNNNNNNNNNNNNNNNNNNNNNNNNNNNNNNNNNNNNNNNN	20105	20106	\N	\N	nt	1
5388	G	D	20547	20548	\N	\N	nt	1
5389	G	N	20556	20557	\N	\N	nt	1
5390	G	N	20559	20560	\N	\N	nt	1
5391	G	D	20567	20568	\N	\N	nt	1
5392	G	D	20568	20569	\N	\N	nt	1
5393	G	N	20571	20572	\N	\N	nt	1
5394	G	D	20577	20578	\N	\N	nt	1
5395	G	D	20579	20580	\N	\N	nt	1
5396	G	N	20586	20587	\N	\N	nt	1
5397	G	N	20595	20596	\N	\N	nt	1
5398		\N	20725	20727	\N	\N	nt	1
5399	C	N	21056	21057	\N	\N	nt	1
5400		\N	21113	21929	\N	\N	nt	1
5401	C	N	21929	21930	\N	\N	nt	1
5402	T	N	21930	21931	\N	\N	nt	1
5403	A	N	21931	21932	\N	\N	nt	1
5404	C	N	21932	21933	\N	\N	nt	1
5405	T	N	21933	21934	\N	\N	nt	1
5406	A	N	21934	21935	\N	\N	nt	1
5407	A	N	21935	21936	\N	\N	nt	1
5408	T	N	21936	21937	\N	\N	nt	1
5409	G	N	21937	21938	\N	\N	nt	1
5410	T	N	21938	21939	\N	\N	nt	1
5411	T	N	21939	21940	\N	\N	nt	1
5412	G	N	21940	21941	\N	\N	nt	1
5413	T	N	21941	21942	\N	\N	nt	1
5414	T	N	21942	21943	\N	\N	nt	1
5415	A	N	21943	21944	\N	\N	nt	1
5416	T	N	21944	21945	\N	\N	nt	1
5417	T	N	21945	21946	\N	\N	nt	1
5418	A	N	21946	21947	\N	\N	nt	1
5419	A	N	21947	21948	\N	\N	nt	1
5420	A	N	21948	21949	\N	\N	nt	1
5421	G	N	21949	21950	\N	\N	nt	1
5422	T	N	21950	21951	\N	\N	nt	1
5423	C	N	21951	21952	\N	\N	nt	1
5424	T	N	21952	21953	\N	\N	nt	1
5425	G	N	21953	21954	\N	\N	nt	1
5426	T	N	21954	21955	\N	\N	nt	1
5427	G	N	21955	21956	\N	\N	nt	1
5428	A	N	21956	21957	\N	\N	nt	1
5429	A	N	21957	21958	\N	\N	nt	1
5430	T	N	21958	21959	\N	\N	nt	1
5431	T	N	21959	21960	\N	\N	nt	1
5432	T	N	21960	21961	\N	\N	nt	1
5433	C	N	21961	21962	\N	\N	nt	1
5434	A	N	21962	21963	\N	\N	nt	1
5435	A	N	21963	21964	\N	\N	nt	1
5436	T	N	21964	21965	\N	\N	nt	1
5437	T	N	21965	21966	\N	\N	nt	1
5438	T	N	21966	21967	\N	\N	nt	1
5439	T	N	21967	21968	\N	\N	nt	1
5440	G	N	21968	21969	\N	\N	nt	1
5441	T	N	21969	21970	\N	\N	nt	1
5442	A	N	21970	21971	\N	\N	nt	1
5443	A	N	21971	21972	\N	\N	nt	1
5444	T	N	21972	21973	\N	\N	nt	1
5445	G	N	21973	21974	\N	\N	nt	1
5446	A	N	21974	21975	\N	\N	nt	1
5447	T	N	21975	21976	\N	\N	nt	1
5448	C	N	21976	21977	\N	\N	nt	1
5449	C	N	21977	21978	\N	\N	nt	1
5450	A	N	21978	21979	\N	\N	nt	1
5451	T	N	21979	21980	\N	\N	nt	1
5452	T	N	21980	21981	\N	\N	nt	1
5453	T	N	21981	21982	\N	\N	nt	1
5454	T	N	21982	21983	\N	\N	nt	1
5455	T	N	21983	21984	\N	\N	nt	1
5456	G	N	21984	21985	\N	\N	nt	1
5457	G	N	21985	21986	\N	\N	nt	1
5458	G	N	21986	21987	\N	\N	nt	1
5459	T	N	21987	21988	\N	\N	nt	1
5460	G	N	21988	21989	\N	\N	nt	1
5461	T	N	21989	21990	\N	\N	nt	1
5462	T	N	21990	21991	\N	\N	nt	1
5463	T	N	21991	21992	\N	\N	nt	1
5467	A	N	21995	21996	\N	\N	nt	1
5468	C	N	21996	21997	\N	\N	nt	1
5469	C	N	21997	21998	\N	\N	nt	1
5470	A	N	21998	21999	\N	\N	nt	1
5471	C	N	21999	22000	\N	\N	nt	1
5472	A	N	22000	22001	\N	\N	nt	1
5473	A	N	22001	22002	\N	\N	nt	1
5474	A	N	22002	22003	\N	\N	nt	1
5475	A	N	22003	22004	\N	\N	nt	1
5476	A	N	22004	22005	\N	\N	nt	1
5477	C	N	22005	22006	\N	\N	nt	1
5478	A	N	22006	22007	\N	\N	nt	1
5479	A	N	22007	22008	\N	\N	nt	1
5480	C	N	22008	22009	\N	\N	nt	1
5481	A	N	22009	22010	\N	\N	nt	1
5482	A	N	22010	22011	\N	\N	nt	1
5483	A	N	22011	22012	\N	\N	nt	1
5484	A	N	22012	22013	\N	\N	nt	1
5485	G	N	22013	22014	\N	\N	nt	1
5486	T	N	22014	22015	\N	\N	nt	1
5487	T	N	22015	22016	\N	\N	nt	1
5488	G	N	22016	22017	\N	\N	nt	1
5489	G	N	22017	22018	\N	\N	nt	1
5490	A	N	22018	22019	\N	\N	nt	1
5491	T	N	22019	22020	\N	\N	nt	1
5492	G	N	22020	22021	\N	\N	nt	1
5493	G	N	22021	22022	\N	\N	nt	1
5494	A	N	22022	22023	\N	\N	nt	1
5499	T	D	22199	22200	\N	\N	nt	1
5500	G	D	22577	22578	\N	\N	nt	1
5509	T	A	22928	22929	\N	\N	nt	1
5513	A	T	23039	23040	\N	\N	nt	1
5520	T	N	23598	23599	\N	\N	nt	1
5521	C	N	23603	23604	\N	\N	nt	1
5522	C	T	23706	23707	\N	\N	nt	1
5525	A	N	24423	24424	\N	\N	nt	1
5527	G	N	24573	24574	\N	\N	nt	1
5528	G	N	24576	24577	\N	\N	nt	1
5529	C	N	24999	25000	\N	\N	nt	1
5530	G	N	25386	25387	\N	\N	nt	1
5531	G	N	25394	25395	\N	\N	nt	1
5532	G	N	25395	25396	\N	\N	nt	1
5533	G	N	25400	25401	\N	\N	nt	1
5534	G	N	25406	25407	\N	\N	nt	1
5535	G	N	25408	25409	\N	\N	nt	1
5537	C	T	25586	25587	\N	\N	nt	1
5538	G	D	25906	25907	\N	\N	nt	1
5539	C	N	26059	26060	\N	\N	nt	1
5541	C	N	26576	26577	\N	\N	nt	1
5557	G	N	29150	29151	\N	\N	nt	1
5558	G	N	29155	29156	\N	\N	nt	1
5559	G	N	29156	29157	\N	\N	nt	1
5560	G	N	29161	29162	\N	\N	nt	1
5561	G	N	29174	29175	\N	\N	nt	1
5562	G	N	29175	29176	\N	\N	nt	1
5563	G	N	29178	29179	\N	\N	nt	1
5564	G	N	29185	29186	\N	\N	nt	1
5565	G	N	29439	29440	\N	\N	nt	1
5566	A	V	29509	29510	\N	\N	nt	1
5567		\N	29729	29903	\N	\N	nt	1
5569	Q	X	18	19	\N	2	cds	1
5574	R	X	292	293	\N	3	cds	1
5575	G	X	294	295	\N	3	cds	1
5576	D	X	296	297	\N	3	cds	1
5577	W	X	300	301	\N	3	cds	1
5578	A	X	304	305	\N	3	cds	1
5579	Q	X	388	389	\N	3	cds	1
5580	S	X	412	413	\N	3	cds	1
5581	A	X	41	42	\N	4	cds	1
5582	D	X	47	48	\N	4	cds	1
5583	G	X	48	49	\N	4	cds	1
5584	T	X	49	50	\N	4	cds	1
5585	C	X	50	51	\N	4	cds	1
5586	G	X	51	52	\N	4	cds	1
5587	V	X	53	54	\N	4	cds	1
5588	E	X	54	55	\N	4	cds	1
5589	S	X	134	135	\N	4	cds	1
5590	A	X	497	498	\N	4	cds	1
5593	Y	YTVEEAXXXXXXXXXXXXXXXXXXXXXXXXXXXXXXXXX	1336	1337	\N	4	cds	1
5594	A	V	1678	1679	\N	4	cds	1
5595	S	X	2103	2104	\N	4	cds	1
5596	K	X	2107	2108	\N	4	cds	1
5597	V	X	2594	2595	\N	4	cds	1
5598	V	X	2603	2604	\N	4	cds	1
5599	M	X	2605	2606	\N	4	cds	1
5600	E	X	2606	2607	\N	4	cds	1
5601	R	X	2729	2730	\N	4	cds	1
5603	T	X	3089	3090	\N	4	cds	1
5607	F	X	3752	3753	\N	4	cds	1
5608	I	X	3757	3758	\N	4	cds	1
5609	M	X	4031	4032	\N	4	cds	1
5611	A	X	480	481	\N	5	cds	1
5612	V	X	483	484	\N	5	cds	1
5613	N	X	524	525	\N	5	cds	1
5614	V	X	525	526	\N	5	cds	1
5615	I	X	526	527	\N	5	cds	1
5616	T	X	546	547	\N	5	cds	1
5618	R	X	1314	1315	\N	5	cds	1
5619	I	X	1565	1566	\N	5	cds	1
5620	D	X	1745	1746	\N	5	cds	1
5621	A	X	1748	1749	\N	5	cds	1
5622	D	X	1902	1903	\N	5	cds	1
5623	V	X	2074	2075	\N	5	cds	1
5624	V	X	2081	2082	\N	5	cds	1
5625	T	X	2162	2163	\N	5	cds	1
5626	L	LNGVTLIGEXVKXXXXXXXXXXXXXXXXXXXXXXXXXXXXXXXXX	2212	2213	\N	5	cds	1
5627	D	X	2360	2361	\N	5	cds	1
5628	V	X	2363	2364	\N	5	cds	1
5629	V	X	2364	2365	\N	5	cds	1
5630	K	X	2366	2367	\N	5	cds	1
5631	V	X	2367	2368	\N	5	cds	1
5632	V	X	2368	2369	\N	5	cds	1
5633	V	X	2370	2371	\N	5	cds	1
5634	D	X	2373	2374	\N	5	cds	1
5635	E	X	2376	2377	\N	5	cds	1
5636	D	X	2529	2530	\N	5	cds	1
5637	M	X	0	1	\N	6	cds	1
5638	D	X	1	2	\N	6	cds	1
5639	L	X	2	3	\N	6	cds	1
5640	M	X	4	5	\N	6	cds	1
5641	R	X	5	6	\N	6	cds	1
5642	G	X	171	172	\N	6	cds	1
5643	T	X	222	223	\N	6	cds	1
5648	T	X	123	124	\N	12	cds	1
5649	N	X	124	125	\N	12	cds	1
5650	V	X	125	126	\N	12	cds	1
5651	V	X	126	127	\N	12	cds	1
5652	I	X	127	128	\N	12	cds	1
5653	K	X	128	129	\N	12	cds	1
5654	V	X	129	130	\N	12	cds	1
5655	C	X	130	131	\N	12	cds	1
5656	E	X	131	132	\N	12	cds	1
5657	F	X	132	133	\N	12	cds	1
5658	Q	X	133	134	\N	12	cds	1
5659	F	X	134	135	\N	12	cds	1
5660	C	X	135	136	\N	12	cds	1
5661	N	X	136	137	\N	12	cds	1
5662	D	X	137	138	\N	12	cds	1
5663	P	X	138	139	\N	12	cds	1
5664	F	X	139	140	\N	12	cds	1
5665	L	X	140	141	\N	12	cds	1
5666	G	X	141	142	\N	12	cds	1
5667	V	X	142	143	\N	12	cds	1
5668	Y	X	143	144	\N	12	cds	1
5670	H	X	145	146	\N	12	cds	1
5671	K	X	146	147	\N	12	cds	1
5672	N	X	147	148	\N	12	cds	1
5673	N	X	148	149	\N	12	cds	1
5674	K	X	149	150	\N	12	cds	1
5675	S	X	150	151	\N	12	cds	1
5676	W	X	151	152	\N	12	cds	1
5677	M	X	152	153	\N	12	cds	1
5681	G	X	338	339	\N	12	cds	1
5690	F	Y	455	456	\N	12	cds	1
5694	Q	L	492	493	\N	12	cds	1
5701	N	X	678	679	\N	12	cds	1
5702	P	X	680	681	\N	12	cds	1
5705	Q	X	953	954	\N	12	cds	1
5707	L	X	1003	1004	\N	12	cds	1
5708	Q	X	1004	1005	\N	12	cds	1
5709	D	X	1145	1146	\N	12	cds	1
5711		\N	3122	3124	\N	4	cds	1
5712		\N	3124	3126	\N	4	cds	1
5713		\N	3126	3128	\N	4	cds	1
5714		\N	3128	3129	\N	4	cds	1
5717		\N	515	517	\N	5	cds	1
5718		\N	517	519	\N	5	cds	1
5719		\N	519	521	\N	5	cds	1
5720		\N	521	523	\N	5	cds	1
5721		\N	523	524	\N	5	cds	1
5722		\N	2549	2551	\N	5	cds	1
5723		\N	2551	2553	\N	5	cds	1
5724		\N	2553	2555	\N	5	cds	1
5725		\N	2555	2557	\N	5	cds	1
5726		\N	2557	2559	\N	5	cds	1
5727		\N	2559	2561	\N	5	cds	1
5728		\N	2561	2563	\N	5	cds	1
5729		\N	2563	2565	\N	5	cds	1
5730		\N	2565	2567	\N	5	cds	1
5731		\N	2567	2569	\N	5	cds	1
5732		\N	2569	2571	\N	5	cds	1
5733		\N	2571	2573	\N	5	cds	1
5734		\N	2573	2575	\N	5	cds	1
5735		\N	2575	2577	\N	5	cds	1
5736		\N	2577	2579	\N	5	cds	1
5737		\N	2579	2581	\N	5	cds	1
5738		\N	2581	2583	\N	5	cds	1
5739		\N	2583	2585	\N	5	cds	1
5740		\N	2585	2587	\N	5	cds	1
5741		\N	2587	2589	\N	5	cds	1
5742		\N	2589	2591	\N	5	cds	1
5743		\N	2591	2593	\N	5	cds	1
5744		\N	2593	2595	\N	5	cds	1
5745		\N	2595	2597	\N	5	cds	1
5746		\N	2597	2599	\N	5	cds	1
5747		\N	2599	2601	\N	5	cds	1
5748		\N	2601	2603	\N	5	cds	1
5749		\N	2603	2605	\N	5	cds	1
5750		\N	2605	2607	\N	5	cds	1
5751		\N	2607	2609	\N	5	cds	1
5752		\N	2609	2611	\N	5	cds	1
5753		\N	2611	2613	\N	5	cds	1
5754		\N	2613	2615	\N	5	cds	1
5755		\N	2615	2617	\N	5	cds	1
5756		\N	2617	2619	\N	5	cds	1
5757		\N	2619	2621	\N	5	cds	1
5758		\N	2621	2623	\N	5	cds	1
5759		\N	2623	2625	\N	5	cds	1
5760		\N	2625	2627	\N	5	cds	1
5761		\N	2627	2629	\N	5	cds	1
5762		\N	2629	2631	\N	5	cds	1
5763		\N	2631	2633	\N	5	cds	1
5764		\N	2633	2635	\N	5	cds	1
5765		\N	2635	2637	\N	5	cds	1
5766		\N	2637	2639	\N	5	cds	1
5767		\N	2639	2641	\N	5	cds	1
5768		\N	2641	2643	\N	5	cds	1
5769		\N	2643	2645	\N	5	cds	1
5770		\N	2645	2647	\N	5	cds	1
5771		\N	2647	2649	\N	5	cds	1
5772		\N	2649	2651	\N	5	cds	1
5773		\N	2651	2653	\N	5	cds	1
5774		\N	2653	2655	\N	5	cds	1
5775		\N	2655	2657	\N	5	cds	1
5776		\N	2657	2659	\N	5	cds	1
5777		\N	2659	2661	\N	5	cds	1
5778		\N	2661	2663	\N	5	cds	1
5779		\N	2663	2665	\N	5	cds	1
5780		\N	2665	2667	\N	5	cds	1
5781		\N	2667	2669	\N	5	cds	1
5782		\N	2669	2671	\N	5	cds	1
5783		\N	2671	2673	\N	5	cds	1
5784		\N	2673	2675	\N	5	cds	1
5785		\N	2675	2677	\N	5	cds	1
5786		\N	2677	2679	\N	5	cds	1
5787		\N	2679	2681	\N	5	cds	1
5788		\N	2681	2683	\N	5	cds	1
5789		\N	2683	2685	\N	5	cds	1
5790		\N	2685	2687	\N	5	cds	1
5791		\N	2687	2689	\N	5	cds	1
5792		\N	2689	2691	\N	5	cds	1
5793		\N	2691	2693	\N	5	cds	1
5794		\N	2693	2695	\N	5	cds	1
5795		\N	2695	2696	\N	5	cds	1
5798		\N	0	2	\N	12	cds	1
5799		\N	2	4	\N	12	cds	1
5800		\N	4	6	\N	12	cds	1
5801		\N	6	8	\N	12	cds	1
5802		\N	8	10	\N	12	cds	1
5803		\N	10	12	\N	12	cds	1
5804		\N	12	14	\N	12	cds	1
5805		\N	14	16	\N	12	cds	1
5806		\N	16	18	\N	12	cds	1
5807		\N	18	20	\N	12	cds	1
5808		\N	20	22	\N	12	cds	1
5809		\N	22	24	\N	12	cds	1
5811		\N	26	28	\N	12	cds	1
5812		\N	28	30	\N	12	cds	1
5813		\N	30	32	\N	12	cds	1
5814		\N	32	34	\N	12	cds	1
5815		\N	34	36	\N	12	cds	1
5816		\N	36	38	\N	12	cds	1
5817		\N	38	40	\N	12	cds	1
5818		\N	40	42	\N	12	cds	1
5819		\N	42	44	\N	12	cds	1
5820		\N	44	46	\N	12	cds	1
5821		\N	46	48	\N	12	cds	1
5822		\N	48	50	\N	12	cds	1
5823		\N	50	52	\N	12	cds	1
5824		\N	52	54	\N	12	cds	1
5825		\N	54	56	\N	12	cds	1
5826		\N	56	58	\N	12	cds	1
5827		\N	58	60	\N	12	cds	1
5828		\N	60	62	\N	12	cds	1
5829		\N	62	64	\N	12	cds	1
5830		\N	64	66	\N	12	cds	1
5831		\N	66	68	\N	12	cds	1
5832		\N	68	70	\N	12	cds	1
5833		\N	70	72	\N	12	cds	1
5834		\N	72	74	\N	12	cds	1
5835		\N	74	76	\N	12	cds	1
5836		\N	76	78	\N	12	cds	1
5837		\N	78	80	\N	12	cds	1
5838		\N	80	82	\N	12	cds	1
5839		\N	82	84	\N	12	cds	1
5840		\N	84	86	\N	12	cds	1
5841		\N	86	88	\N	12	cds	1
5842		\N	88	90	\N	12	cds	1
5843		\N	90	92	\N	12	cds	1
5844		\N	92	94	\N	12	cds	1
5845		\N	94	96	\N	12	cds	1
5846		\N	96	98	\N	12	cds	1
5847		\N	98	100	\N	12	cds	1
5848		\N	100	102	\N	12	cds	1
5849		\N	102	104	\N	12	cds	1
5850		\N	104	106	\N	12	cds	1
5851		\N	106	108	\N	12	cds	1
5852		\N	108	110	\N	12	cds	1
5853		\N	110	112	\N	12	cds	1
5854		\N	112	114	\N	12	cds	1
5855		\N	114	116	\N	12	cds	1
5856		\N	116	118	\N	12	cds	1
5857		\N	118	120	\N	12	cds	1
5858		\N	120	122	\N	12	cds	1
5862	G	T	525	526	\N	\N	nt	1
5863	G	A	2943	2944	\N	\N	nt	1
5865	C	T	3810	3811	\N	\N	nt	1
5867	A	G	4332	4333	\N	\N	nt	1
5870	T	C	7751	7752	\N	\N	nt	1
5873	A	G	9192	9193	\N	\N	nt	1
5877	G	T	11416	11417	\N	\N	nt	1
5878	T	C	13901	13902	\N	\N	nt	1
5879	G	T	14054	14055	\N	\N	nt	1
5883	C	T	17501	17502	\N	\N	nt	1
5884	A	G	18140	18141	\N	\N	nt	1
5886	C	T	19523	19524	\N	\N	nt	1
5888	T	C	21885	21886	\N	\N	nt	1
5890	G	C	22379	22380	\N	\N	nt	1
5891	G	C	22380	22381	\N	\N	nt	1
5899	T	C	27637	27638	\N	\N	nt	1
5900	C	T	27751	27752	\N	\N	nt	1
5902		\N	28247	28253	\N	\N	nt	1
5903		\N	28270	28271	\N	\N	nt	1
5904	C	A	28418	28419	\N	\N	nt	1
5908	C	T	28956	28957	\N	\N	nt	1
5910	G	C	29735	29736	\N	\N	nt	1
5911	G	T	29741	29742	\N	\N	nt	1
5912		\N	29866	29903	\N	\N	nt	1
5914	T	N	48	49	\N	3	cds	1
5919	E	D	86	87	\N	4	cds	1
5923	V	A	2495	2496	\N	4	cds	1
5927	V	F	3717	3718	\N	4	cds	1
5933	V	A	81	82	\N	8	cds	1
5934	T	I	119	120	\N	8	cds	1
5936	L	M	45	46	\N	11	cds	1
5939	R	T	272	273	\N	12	cds	1
5945		\N	118	120	\N	10	cds	1
5973	A	C	5010	5011	\N	\N	nt	1
5976	T	N	7983	7984	\N	\N	nt	1
5977	C	N	7984	7985	\N	\N	nt	1
5978	A	N	7985	7986	\N	\N	nt	1
5979	G	N	7986	7987	\N	\N	nt	1
5980	G	N	7987	7988	\N	\N	nt	1
5981	C	N	7988	7989	\N	\N	nt	1
5982	A	N	7989	7990	\N	\N	nt	1
5983	T	N	7990	7991	\N	\N	nt	1
5984	T	N	7991	7992	\N	\N	nt	1
5985	A	N	7992	7993	\N	\N	nt	1
5986	G	N	7993	7994	\N	\N	nt	1
5987	T	N	7994	7995	\N	\N	nt	1
5988	G	N	7995	7996	\N	\N	nt	1
5989	T	N	7996	7997	\N	\N	nt	1
5990	C	N	7997	7998	\N	\N	nt	1
5991	T	N	7998	7999	\N	\N	nt	1
5992	G	N	7999	8000	\N	\N	nt	1
5993	A	N	8000	8001	\N	\N	nt	1
5994	T	N	8001	8002	\N	\N	nt	1
5995	G	N	8002	8003	\N	\N	nt	1
5996	T	N	8003	8004	\N	\N	nt	1
5997	T	N	8004	8005	\N	\N	nt	1
5998	G	N	8005	8006	\N	\N	nt	1
5999	G	N	8006	8007	\N	\N	nt	1
6000	T	N	8007	8008	\N	\N	nt	1
6001	G	N	8008	8009	\N	\N	nt	1
6002	A	N	8009	8010	\N	\N	nt	1
6003	T	N	8010	8011	\N	\N	nt	1
6004	A	N	8011	8012	\N	\N	nt	1
6005	G	N	8012	8013	\N	\N	nt	1
6006	T	N	8013	8014	\N	\N	nt	1
6007	G	N	8014	8015	\N	\N	nt	1
6008	C	N	8015	8016	\N	\N	nt	1
6009	G	N	8016	8017	\N	\N	nt	1
6010	G	N	8017	8018	\N	\N	nt	1
6011	A	N	8018	8019	\N	\N	nt	1
6012	A	N	8019	8020	\N	\N	nt	1
6013	G	N	8020	8021	\N	\N	nt	1
6014	T	N	8021	8022	\N	\N	nt	1
6015	T	N	8022	8023	\N	\N	nt	1
6016	G	N	8023	8024	\N	\N	nt	1
6017	C	N	8024	8025	\N	\N	nt	1
6018	A	N	8025	8026	\N	\N	nt	1
6019	G	N	8026	8027	\N	\N	nt	1
6020	T	N	8027	8028	\N	\N	nt	1
6021	T	N	8028	8029	\N	\N	nt	1
6022	A	N	8029	8030	\N	\N	nt	1
6023	A	N	8030	8031	\N	\N	nt	1
6024	A	N	8031	8032	\N	\N	nt	1
6025	A	N	8032	8033	\N	\N	nt	1
6026	T	N	8033	8034	\N	\N	nt	1
6027	G	N	8034	8035	\N	\N	nt	1
6028	T	N	8035	8036	\N	\N	nt	1
6029	T	N	8036	8037	\N	\N	nt	1
6030	T	N	8037	8038	\N	\N	nt	1
6031	G	N	8038	8039	\N	\N	nt	1
6032	A	N	8039	8040	\N	\N	nt	1
6033	T	N	8040	8041	\N	\N	nt	1
6034	G	N	8041	8042	\N	\N	nt	1
6035	C	N	8042	8043	\N	\N	nt	1
6036	T	N	8043	8044	\N	\N	nt	1
6037	T	N	8044	8045	\N	\N	nt	1
6038	A	N	8045	8046	\N	\N	nt	1
6039	C	N	8046	8047	\N	\N	nt	1
6041	T	N	8048	8049	\N	\N	nt	1
6042	T	N	8049	8050	\N	\N	nt	1
6043	A	N	8050	8051	\N	\N	nt	1
6044	A	N	8051	8052	\N	\N	nt	1
6045	T	N	8052	8053	\N	\N	nt	1
6046	A	N	8053	8054	\N	\N	nt	1
6047	C	N	8054	8055	\N	\N	nt	1
6048	G	N	8055	8056	\N	\N	nt	1
6049	T	N	8056	8057	\N	\N	nt	1
6050	T	N	8057	8058	\N	\N	nt	1
6051	T	N	8058	8059	\N	\N	nt	1
6052	T	N	8059	8060	\N	\N	nt	1
6053	C	N	8060	8061	\N	\N	nt	1
6054	A	N	8061	8062	\N	\N	nt	1
6055	T	N	8062	8063	\N	\N	nt	1
6056	C	N	8063	8064	\N	\N	nt	1
6057	A	N	8064	8065	\N	\N	nt	1
6058	A	N	8065	8066	\N	\N	nt	1
6059	C	N	8066	8067	\N	\N	nt	1
6060	T	N	8067	8068	\N	\N	nt	1
6061	T	N	8068	8069	\N	\N	nt	1
6062	T	N	8069	8070	\N	\N	nt	1
6063	T	N	8070	8071	\N	\N	nt	1
6064	A	N	8071	8072	\N	\N	nt	1
6065	A	N	8072	8073	\N	\N	nt	1
6066	C	N	8073	8074	\N	\N	nt	1
6068	T	N	8075	8076	\N	\N	nt	1
6069	A	N	8076	8077	\N	\N	nt	1
6070	C	N	8077	8078	\N	\N	nt	1
6071	C	N	8078	8079	\N	\N	nt	1
6072	A	N	8079	8080	\N	\N	nt	1
6073	A	N	8080	8081	\N	\N	nt	1
6074	T	N	8081	8082	\N	\N	nt	1
6076	G	N	8083	8084	\N	\N	nt	1
6077	A	N	8084	8085	\N	\N	nt	1
6078	A	N	8085	8086	\N	\N	nt	1
6079	A	N	8086	8087	\N	\N	nt	1
6080	A	N	8087	8088	\N	\N	nt	1
6081	A	N	8088	8089	\N	\N	nt	1
6082	C	N	8089	8090	\N	\N	nt	1
6083	T	N	8090	8091	\N	\N	nt	1
6084	C	N	8091	8092	\N	\N	nt	1
6085	A	N	8092	8093	\N	\N	nt	1
6086	A	N	8093	8094	\N	\N	nt	1
6087	A	N	8094	8095	\N	\N	nt	1
6088	A	N	8095	8096	\N	\N	nt	1
6089	C	N	8096	8097	\N	\N	nt	1
6090	A	N	8097	8098	\N	\N	nt	1
6091	C	N	8098	8099	\N	\N	nt	1
6092	T	N	8099	8100	\N	\N	nt	1
6093	A	N	8100	8101	\N	\N	nt	1
6094	G	N	8101	8102	\N	\N	nt	1
6095	T	N	8102	8103	\N	\N	nt	1
6096	T	N	8103	8104	\N	\N	nt	1
6097	G	N	8104	8105	\N	\N	nt	1
6098	C	N	8105	8106	\N	\N	nt	1
6099	A	N	8106	8107	\N	\N	nt	1
6100	A	N	8107	8108	\N	\N	nt	1
6101	C	N	8108	8109	\N	\N	nt	1
6102	T	N	8109	8110	\N	\N	nt	1
6103	G	N	8110	8111	\N	\N	nt	1
6104	C	N	8111	8112	\N	\N	nt	1
6105	A	N	8112	8113	\N	\N	nt	1
6106	G	N	8113	8114	\N	\N	nt	1
6107	A	N	8114	8115	\N	\N	nt	1
6108	A	N	8115	8116	\N	\N	nt	1
6109	G	N	8116	8117	\N	\N	nt	1
6110	C	N	8117	8118	\N	\N	nt	1
6111	T	N	8118	8119	\N	\N	nt	1
6112	G	N	8119	8120	\N	\N	nt	1
6113	A	N	8120	8121	\N	\N	nt	1
6114	A	N	8121	8122	\N	\N	nt	1
6115	C	N	8122	8123	\N	\N	nt	1
6116	T	N	8123	8124	\N	\N	nt	1
6117	T	N	8124	8125	\N	\N	nt	1
6118	G	N	8125	8126	\N	\N	nt	1
6119	C	N	8126	8127	\N	\N	nt	1
6120	A	N	8127	8128	\N	\N	nt	1
6121	A	N	8128	8129	\N	\N	nt	1
6122	A	N	8129	8130	\N	\N	nt	1
6123	G	N	8130	8131	\N	\N	nt	1
6124	A	N	8131	8132	\N	\N	nt	1
6125	A	N	8132	8133	\N	\N	nt	1
6126	T	N	8133	8134	\N	\N	nt	1
6127	G	N	8134	8135	\N	\N	nt	1
6128	T	N	8135	8136	\N	\N	nt	1
6129	G	N	8136	8137	\N	\N	nt	1
6130	T	N	8137	8138	\N	\N	nt	1
6131	C	N	8138	8139	\N	\N	nt	1
6132	C	N	8139	8140	\N	\N	nt	1
6133	T	N	8140	8141	\N	\N	nt	1
6134	T	N	8141	8142	\N	\N	nt	1
6135	A	N	8142	8143	\N	\N	nt	1
6136	G	N	8143	8144	\N	\N	nt	1
6137	A	N	8144	8145	\N	\N	nt	1
6138	C	N	8145	8146	\N	\N	nt	1
6139	A	N	8146	8147	\N	\N	nt	1
6140	A	N	8147	8148	\N	\N	nt	1
6141	T	N	8148	8149	\N	\N	nt	1
6142	G	N	8149	8150	\N	\N	nt	1
6143	T	N	8150	8151	\N	\N	nt	1
6144	C	N	8151	8152	\N	\N	nt	1
6145	T	N	8152	8153	\N	\N	nt	1
6146	T	N	8153	8154	\N	\N	nt	1
6147	A	N	8154	8155	\N	\N	nt	1
6148	T	N	8155	8156	\N	\N	nt	1
6149	C	N	8156	8157	\N	\N	nt	1
6150	T	N	8157	8158	\N	\N	nt	1
6151	A	N	8158	8159	\N	\N	nt	1
6152	C	N	8159	8160	\N	\N	nt	1
6153	T	N	8160	8161	\N	\N	nt	1
6154	T	N	8161	8162	\N	\N	nt	1
6155	T	N	8162	8163	\N	\N	nt	1
6156	T	N	8163	8164	\N	\N	nt	1
6157	A	N	8164	8165	\N	\N	nt	1
6158	T	N	8165	8166	\N	\N	nt	1
6159	T	N	8166	8167	\N	\N	nt	1
6160	T	N	8167	8168	\N	\N	nt	1
6161	C	N	8168	8169	\N	\N	nt	1
6162	A	N	8169	8170	\N	\N	nt	1
6163	G	N	8170	8171	\N	\N	nt	1
6164	C	N	8171	8172	\N	\N	nt	1
6165	A	N	8172	8173	\N	\N	nt	1
6166	G	N	8173	8174	\N	\N	nt	1
6167	C	N	8174	8175	\N	\N	nt	1
6168	T	N	8175	8176	\N	\N	nt	1
6169	C	N	8176	8177	\N	\N	nt	1
6170	G	N	8177	8178	\N	\N	nt	1
6171	G	N	8178	8179	\N	\N	nt	1
6172	C	N	8179	8180	\N	\N	nt	1
6173	A	N	8180	8181	\N	\N	nt	1
6174	A	N	8181	8182	\N	\N	nt	1
6175	G	N	8182	8183	\N	\N	nt	1
6176	G	N	8183	8184	\N	\N	nt	1
6177	G	N	8184	8185	\N	\N	nt	1
6178	T	N	8185	8186	\N	\N	nt	1
6179	T	N	8186	8187	\N	\N	nt	1
6180	T	N	8187	8188	\N	\N	nt	1
6181	G	N	8188	8189	\N	\N	nt	1
6182	T	N	8189	8190	\N	\N	nt	1
6183	T	N	8190	8191	\N	\N	nt	1
6184	G	N	8191	8192	\N	\N	nt	1
6185	A	N	8192	8193	\N	\N	nt	1
6186	T	N	8193	8194	\N	\N	nt	1
6187	T	N	8194	8195	\N	\N	nt	1
6188	C	N	8195	8196	\N	\N	nt	1
6189	A	N	8196	8197	\N	\N	nt	1
6190	G	N	8197	8198	\N	\N	nt	1
6191	A	N	8198	8199	\N	\N	nt	1
6192	T	N	8199	8200	\N	\N	nt	1
6193	G	N	8200	8201	\N	\N	nt	1
6194	T	N	8201	8202	\N	\N	nt	1
6195	A	N	8202	8203	\N	\N	nt	1
6196	G	N	8203	8204	\N	\N	nt	1
6197	A	N	8204	8205	\N	\N	nt	1
6198	A	N	8205	8206	\N	\N	nt	1
6199	A	N	8206	8207	\N	\N	nt	1
6200	C	N	8207	8208	\N	\N	nt	1
6201	T	N	8208	8209	\N	\N	nt	1
6202	A	N	8209	8210	\N	\N	nt	1
6203	A	N	8210	8211	\N	\N	nt	1
6204	A	N	8211	8212	\N	\N	nt	1
6205	G	N	8212	8213	\N	\N	nt	1
6206	A	N	8213	8214	\N	\N	nt	1
6207	T	N	8214	8215	\N	\N	nt	1
6208	G	N	8215	8216	\N	\N	nt	1
6209	T	N	8216	8217	\N	\N	nt	1
6210	T	N	8217	8218	\N	\N	nt	1
6211	G	N	8218	8219	\N	\N	nt	1
6212	T	N	8219	8220	\N	\N	nt	1
6213	T	N	8220	8221	\N	\N	nt	1
6214	G	N	8221	8222	\N	\N	nt	1
6215	A	N	8222	8223	\N	\N	nt	1
6216	A	N	8223	8224	\N	\N	nt	1
6217	T	N	8224	8225	\N	\N	nt	1
6218	G	N	8225	8226	\N	\N	nt	1
6219	T	N	8226	8227	\N	\N	nt	1
6220	C	N	8227	8228	\N	\N	nt	1
6221	T	N	8228	8229	\N	\N	nt	1
6222	T	N	8229	8230	\N	\N	nt	1
6223	A	N	8230	8231	\N	\N	nt	1
6224	A	N	8231	8232	\N	\N	nt	1
6225	A	N	8232	8233	\N	\N	nt	1
6226	T	N	8233	8234	\N	\N	nt	1
6227	T	N	8234	8235	\N	\N	nt	1
6228	G	N	8235	8236	\N	\N	nt	1
6229	T	N	8236	8237	\N	\N	nt	1
6230	C	N	8237	8238	\N	\N	nt	1
6231	A	N	8238	8239	\N	\N	nt	1
6232	C	N	8239	8240	\N	\N	nt	1
6233	A	N	8240	8241	\N	\N	nt	1
6234	T	N	8241	8242	\N	\N	nt	1
6235	C	N	8242	8243	\N	\N	nt	1
6236	A	N	8243	8244	\N	\N	nt	1
6237	A	N	8244	8245	\N	\N	nt	1
6238	T	N	8245	8246	\N	\N	nt	1
6239	C	N	8246	8247	\N	\N	nt	1
6240	T	N	8247	8248	\N	\N	nt	1
6241	G	N	8248	8249	\N	\N	nt	1
6242	A	N	8249	8250	\N	\N	nt	1
6243	C	N	8250	8251	\N	\N	nt	1
6246	C	T	10115	10116	\N	\N	nt	1
6260	C	N	22479	22480	\N	\N	nt	1
6261	A	N	22480	22481	\N	\N	nt	1
6262	C	N	22481	22482	\N	\N	nt	1
6263	T	N	22482	22483	\N	\N	nt	1
6264	G	N	22483	22484	\N	\N	nt	1
6265	T	N	22484	22485	\N	\N	nt	1
6266	A	N	22485	22486	\N	\N	nt	1
6267	G	N	22486	22487	\N	\N	nt	1
6268	A	N	22487	22488	\N	\N	nt	1
6269	A	N	22488	22489	\N	\N	nt	1
6270	A	N	22489	22490	\N	\N	nt	1
6271	A	N	22490	22491	\N	\N	nt	1
6272	A	N	22491	22492	\N	\N	nt	1
6273	G	N	22492	22493	\N	\N	nt	1
6274	G	N	22493	22494	\N	\N	nt	1
6275	A	N	22494	22495	\N	\N	nt	1
6276	A	N	22495	22496	\N	\N	nt	1
6277	T	N	22496	22497	\N	\N	nt	1
6278	C	N	22497	22498	\N	\N	nt	1
6279	T	N	22498	22499	\N	\N	nt	1
6280	A	N	22499	22500	\N	\N	nt	1
6281	T	N	22500	22501	\N	\N	nt	1
6282	C	N	22501	22502	\N	\N	nt	1
6283	A	N	22502	22503	\N	\N	nt	1
6284	A	N	22503	22504	\N	\N	nt	1
6285	A	N	22504	22505	\N	\N	nt	1
6286	C	N	22505	22506	\N	\N	nt	1
6287	T	N	22506	22507	\N	\N	nt	1
6288	T	N	22507	22508	\N	\N	nt	1
6289	C	N	22508	22509	\N	\N	nt	1
6290	T	N	22509	22510	\N	\N	nt	1
6291	A	N	22510	22511	\N	\N	nt	1
6292	A	N	22511	22512	\N	\N	nt	1
6293	C	N	22512	22513	\N	\N	nt	1
6294	T	N	22513	22514	\N	\N	nt	1
6295	T	N	22514	22515	\N	\N	nt	1
6296	T	N	22515	22516	\N	\N	nt	1
6297	A	N	22516	22517	\N	\N	nt	1
6298	G	N	22517	22518	\N	\N	nt	1
6299	A	N	22518	22519	\N	\N	nt	1
6300	G	N	22519	22520	\N	\N	nt	1
6301	T	N	22520	22521	\N	\N	nt	1
6302	C	N	22521	22522	\N	\N	nt	1
6303	C	N	22522	22523	\N	\N	nt	1
6304	A	N	22523	22524	\N	\N	nt	1
6305	A	N	22524	22525	\N	\N	nt	1
6306	C	N	22525	22526	\N	\N	nt	1
6307	C	N	22526	22527	\N	\N	nt	1
6308	A	N	22527	22528	\N	\N	nt	1
6309	A	N	22528	22529	\N	\N	nt	1
6310	C	N	22529	22530	\N	\N	nt	1
6311	A	N	22530	22531	\N	\N	nt	1
6312	G	N	22531	22532	\N	\N	nt	1
6313	A	N	22532	22533	\N	\N	nt	1
6314	A	N	22533	22534	\N	\N	nt	1
6315	T	N	22534	22535	\N	\N	nt	1
6316	C	N	22535	22536	\N	\N	nt	1
6317	T	N	22536	22537	\N	\N	nt	1
6318	A	N	22537	22538	\N	\N	nt	1
6319	T	N	22538	22539	\N	\N	nt	1
6320	T	N	22539	22540	\N	\N	nt	1
6321	G	N	22540	22541	\N	\N	nt	1
6322	T	N	22541	22542	\N	\N	nt	1
6323	T	N	22542	22543	\N	\N	nt	1
6324	A	N	22543	22544	\N	\N	nt	1
6325	G	N	22544	22545	\N	\N	nt	1
6326	A	N	22545	22546	\N	\N	nt	1
6327	T	N	22546	22547	\N	\N	nt	1
6328	T	N	22547	22548	\N	\N	nt	1
6329	T	N	22548	22549	\N	\N	nt	1
6330	C	N	22549	22550	\N	\N	nt	1
6331	C	N	22550	22551	\N	\N	nt	1
6332	T	N	22551	22552	\N	\N	nt	1
6333	A	N	22552	22553	\N	\N	nt	1
6334	A	N	22553	22554	\N	\N	nt	1
6335	T	N	22554	22555	\N	\N	nt	1
6336	A	N	22555	22556	\N	\N	nt	1
6337	T	N	22556	22557	\N	\N	nt	1
6338	T	N	22557	22558	\N	\N	nt	1
6339	A	N	22558	22559	\N	\N	nt	1
6340	C	N	22559	22560	\N	\N	nt	1
6341	A	N	22560	22561	\N	\N	nt	1
6342	A	N	22561	22562	\N	\N	nt	1
6343	A	N	22562	22563	\N	\N	nt	1
6344	C	N	22563	22564	\N	\N	nt	1
6345	T	N	22564	22565	\N	\N	nt	1
6346	T	N	22565	22566	\N	\N	nt	1
6347	G	N	22566	22567	\N	\N	nt	1
6348	T	N	22567	22568	\N	\N	nt	1
6349	G	N	22568	22569	\N	\N	nt	1
6350	C	N	22569	22570	\N	\N	nt	1
6351	C	N	22570	22571	\N	\N	nt	1
6352	C	N	22571	22572	\N	\N	nt	1
6353	T	N	22572	22573	\N	\N	nt	1
6354	T	N	22573	22574	\N	\N	nt	1
6355	T	N	22574	22575	\N	\N	nt	1
6356	T	N	22575	22576	\N	\N	nt	1
6357	G	N	22576	22577	\N	\N	nt	1
6358	G	N	22577	22578	\N	\N	nt	1
6359	T	N	22578	22579	\N	\N	nt	1
6360	G	N	22579	22580	\N	\N	nt	1
6361	A	N	22580	22581	\N	\N	nt	1
6362	A	N	22581	22582	\N	\N	nt	1
6363	G	N	22582	22583	\N	\N	nt	1
6364	T	N	22583	22584	\N	\N	nt	1
6365	T	N	22584	22585	\N	\N	nt	1
6366	T	N	22585	22586	\N	\N	nt	1
6367	T	N	22586	22587	\N	\N	nt	1
6368	T	N	22587	22588	\N	\N	nt	1
6369	A	N	22588	22589	\N	\N	nt	1
6370	A	N	22589	22590	\N	\N	nt	1
6371	C	N	22590	22591	\N	\N	nt	1
6372	G	N	22591	22592	\N	\N	nt	1
6373	C	N	22592	22593	\N	\N	nt	1
6374	C	N	22593	22594	\N	\N	nt	1
6375	A	N	22594	22595	\N	\N	nt	1
6376	C	N	22595	22596	\N	\N	nt	1
6377	C	N	22596	22597	\N	\N	nt	1
6378	A	N	22597	22598	\N	\N	nt	1
6379	G	N	22598	22599	\N	\N	nt	1
6380	A	N	22599	22600	\N	\N	nt	1
6381	T	N	22600	22601	\N	\N	nt	1
6382	T	N	22601	22602	\N	\N	nt	1
6383	T	N	22602	22603	\N	\N	nt	1
6384	G	N	22603	22604	\N	\N	nt	1
6385	C	N	22604	22605	\N	\N	nt	1
6386	A	N	22605	22606	\N	\N	nt	1
6387	T	N	22606	22607	\N	\N	nt	1
6388	C	N	22607	22608	\N	\N	nt	1
6389	T	N	22608	22609	\N	\N	nt	1
6390	G	N	22609	22610	\N	\N	nt	1
6391	T	N	22610	22611	\N	\N	nt	1
6392	T	N	22611	22612	\N	\N	nt	1
6393	T	N	22612	22613	\N	\N	nt	1
6394	A	N	22613	22614	\N	\N	nt	1
6395	T	N	22614	22615	\N	\N	nt	1
6396	G	N	22615	22616	\N	\N	nt	1
6397	C	N	22616	22617	\N	\N	nt	1
6398	T	N	22617	22618	\N	\N	nt	1
6399	T	N	22618	22619	\N	\N	nt	1
6400	G	N	22619	22620	\N	\N	nt	1
6401	G	N	22620	22621	\N	\N	nt	1
6402	A	N	22621	22622	\N	\N	nt	1
6403	A	N	22622	22623	\N	\N	nt	1
6404	C	N	22623	22624	\N	\N	nt	1
6405	A	N	22624	22625	\N	\N	nt	1
6406	G	N	22625	22626	\N	\N	nt	1
6546	G	N	23810	23811	\N	\N	nt	1
6547	C	N	23811	23812	\N	\N	nt	1
6548	A	N	23812	23813	\N	\N	nt	1
6549	A	N	23813	23814	\N	\N	nt	1
6550	T	N	23814	23815	\N	\N	nt	1
6551	C	N	23815	23816	\N	\N	nt	1
6552	T	N	23816	23817	\N	\N	nt	1
6553	T	N	23817	23818	\N	\N	nt	1
6554	T	N	23818	23819	\N	\N	nt	1
6555	T	N	23819	23820	\N	\N	nt	1
6556	G	N	23820	23821	\N	\N	nt	1
6557	A	N	23842	23843	\N	\N	nt	1
6558	C	N	23843	23844	\N	\N	nt	1
6567	A	N	25724	25725	\N	\N	nt	1
6568	G	N	25725	25726	\N	\N	nt	1
6569	T	N	25726	25727	\N	\N	nt	1
6570	C	N	25727	25728	\N	\N	nt	1
6571	T	N	25728	25729	\N	\N	nt	1
6572	A	N	25729	25730	\N	\N	nt	1
6573	C	N	25730	25731	\N	\N	nt	1
6574	T	N	25731	25732	\N	\N	nt	1
6575	T	N	25732	25733	\N	\N	nt	1
6576	C	N	25733	25734	\N	\N	nt	1
6577	T	N	25734	25735	\N	\N	nt	1
6578	T	N	25735	25736	\N	\N	nt	1
6579	G	N	25736	25737	\N	\N	nt	1
6580	C	N	25737	25738	\N	\N	nt	1
6581	A	N	25738	25739	\N	\N	nt	1
6582	G	N	25739	25740	\N	\N	nt	1
6583	A	N	25740	25741	\N	\N	nt	1
6584	G	N	25741	25742	\N	\N	nt	1
6585	T	N	25742	25743	\N	\N	nt	1
6586	A	N	25743	25744	\N	\N	nt	1
6587	T	N	25744	25745	\N	\N	nt	1
6588	A	N	25745	25746	\N	\N	nt	1
6589	A	N	25746	25747	\N	\N	nt	1
6590	A	N	25747	25748	\N	\N	nt	1
6591	C	N	25748	25749	\N	\N	nt	1
6592	T	N	25749	25750	\N	\N	nt	1
6593	T	N	25750	25751	\N	\N	nt	1
6594	T	N	25751	25752	\N	\N	nt	1
6595	G	N	25752	25753	\N	\N	nt	1
6596	T	N	25753	25754	\N	\N	nt	1
6597	A	N	25754	25755	\N	\N	nt	1
6598	A	N	25755	25756	\N	\N	nt	1
6599	G	N	25756	25757	\N	\N	nt	1
6600	A	N	25757	25758	\N	\N	nt	1
6601	A	N	25758	25759	\N	\N	nt	1
6602	T	N	25759	25760	\N	\N	nt	1
6603	A	N	25760	25761	\N	\N	nt	1
6604	A	N	25761	25762	\N	\N	nt	1
6605	T	N	25762	25763	\N	\N	nt	1
6606	A	N	25763	25764	\N	\N	nt	1
6607	A	N	25764	25765	\N	\N	nt	1
6608	T	N	25765	25766	\N	\N	nt	1
6609	G	N	25766	25767	\N	\N	nt	1
6610	A	N	25767	25768	\N	\N	nt	1
6611	G	N	25768	25769	\N	\N	nt	1
6612	G	N	25769	25770	\N	\N	nt	1
6613	C	N	25770	25771	\N	\N	nt	1
6614	T	N	25771	25772	\N	\N	nt	1
6615	T	N	25772	25773	\N	\N	nt	1
6616	T	N	25773	25774	\N	\N	nt	1
6617	G	N	25774	25775	\N	\N	nt	1
6618	G	N	25775	25776	\N	\N	nt	1
6619	C	N	25776	25777	\N	\N	nt	1
6620	T	N	25777	25778	\N	\N	nt	1
6621	T	N	25778	25779	\N	\N	nt	1
6622	T	N	25779	25780	\N	\N	nt	1
6623	G	N	25780	25781	\N	\N	nt	1
6624	C	N	25781	25782	\N	\N	nt	1
6625	T	N	25782	25783	\N	\N	nt	1
6626	G	N	25783	25784	\N	\N	nt	1
6627	G	N	25784	25785	\N	\N	nt	1
6628	A	N	25785	25786	\N	\N	nt	1
6629	A	N	25786	25787	\N	\N	nt	1
6630	A	N	25787	25788	\N	\N	nt	1
6631	T	N	25788	25789	\N	\N	nt	1
6632	G	N	25789	25790	\N	\N	nt	1
6633	C	N	25790	25791	\N	\N	nt	1
6634	C	N	25791	25792	\N	\N	nt	1
6635	G	N	25792	25793	\N	\N	nt	1
6636	T	N	25793	25794	\N	\N	nt	1
6637	T	N	25794	25795	\N	\N	nt	1
6638	C	N	25795	25796	\N	\N	nt	1
6639	C	N	25796	25797	\N	\N	nt	1
6640	A	N	25797	25798	\N	\N	nt	1
6641	A	N	25798	25799	\N	\N	nt	1
6642	A	N	25799	25800	\N	\N	nt	1
6643	A	N	25800	25801	\N	\N	nt	1
6644	A	N	25801	25802	\N	\N	nt	1
6645	C	N	25802	25803	\N	\N	nt	1
6646	C	N	25803	25804	\N	\N	nt	1
6647	C	N	25804	25805	\N	\N	nt	1
6648	A	N	25805	25806	\N	\N	nt	1
6649	T	N	25806	25807	\N	\N	nt	1
6650	T	N	25807	25808	\N	\N	nt	1
6651	A	N	25808	25809	\N	\N	nt	1
6652	C	N	25809	25810	\N	\N	nt	1
6653	T	N	25810	25811	\N	\N	nt	1
6654	T	N	25811	25812	\N	\N	nt	1
6655	T	N	25812	25813	\N	\N	nt	1
6656	A	N	25813	25814	\N	\N	nt	1
6657	T	N	25814	25815	\N	\N	nt	1
6658	G	N	25815	25816	\N	\N	nt	1
6659	A	N	25816	25817	\N	\N	nt	1
6660	T	N	25817	25818	\N	\N	nt	1
6661	G	N	25818	25819	\N	\N	nt	1
6662	C	N	25819	25820	\N	\N	nt	1
6663	C	N	25820	25821	\N	\N	nt	1
6664	A	N	25821	25822	\N	\N	nt	1
6665	A	N	25822	25823	\N	\N	nt	1
6666	C	N	25823	25824	\N	\N	nt	1
6667	T	N	25824	25825	\N	\N	nt	1
6668	A	N	25825	25826	\N	\N	nt	1
6669	T	N	25826	25827	\N	\N	nt	1
6670	T	N	25827	25828	\N	\N	nt	1
6671	T	N	25828	25829	\N	\N	nt	1
6672	T	N	25829	25830	\N	\N	nt	1
6673	C	N	25830	25831	\N	\N	nt	1
6674	T	N	25831	25832	\N	\N	nt	1
6675	T	N	25832	25833	\N	\N	nt	1
6676	T	N	25833	25834	\N	\N	nt	1
6677	G	N	25834	25835	\N	\N	nt	1
6678	C	N	25835	25836	\N	\N	nt	1
6679	T	N	25836	25837	\N	\N	nt	1
6680	G	N	25837	25838	\N	\N	nt	1
6681	G	N	25838	25839	\N	\N	nt	1
6682	C	N	25839	25840	\N	\N	nt	1
6683	A	N	25840	25841	\N	\N	nt	1
6684	T	N	25841	25842	\N	\N	nt	1
6685	A	N	25842	25843	\N	\N	nt	1
6686	C	N	25843	25844	\N	\N	nt	1
6687	T	N	25844	25845	\N	\N	nt	1
6688	A	N	25845	25846	\N	\N	nt	1
6689	A	N	25846	25847	\N	\N	nt	1
6690	T	N	25847	25848	\N	\N	nt	1
6691	T	N	25848	25849	\N	\N	nt	1
6692	G	N	25849	25850	\N	\N	nt	1
6693	T	N	25850	25851	\N	\N	nt	1
6694	T	N	25851	25852	\N	\N	nt	1
6695	A	N	25852	25853	\N	\N	nt	1
6696	C	N	25853	25854	\N	\N	nt	1
6697	G	N	25854	25855	\N	\N	nt	1
6698	A	N	25855	25856	\N	\N	nt	1
6699	C	N	25856	25857	\N	\N	nt	1
6700	T	N	25857	25858	\N	\N	nt	1
6701	A	N	25858	25859	\N	\N	nt	1
6702	T	N	25859	25860	\N	\N	nt	1
6703	T	N	25860	25861	\N	\N	nt	1
6704	G	N	25861	25862	\N	\N	nt	1
6705	T	N	25862	25863	\N	\N	nt	1
6706	A	N	25863	25864	\N	\N	nt	1
6707	T	N	25864	25865	\N	\N	nt	1
6708	A	N	25865	25866	\N	\N	nt	1
6709	C	N	25866	25867	\N	\N	nt	1
6710	C	N	25867	25868	\N	\N	nt	1
6711	T	N	25868	25869	\N	\N	nt	1
6712	T	N	25869	25870	\N	\N	nt	1
6713	A	N	25870	25871	\N	\N	nt	1
6714	C	N	25871	25872	\N	\N	nt	1
6715	A	N	25872	25873	\N	\N	nt	1
6716	A	N	25873	25874	\N	\N	nt	1
6717	T	N	25874	25875	\N	\N	nt	1
6718	A	N	25875	25876	\N	\N	nt	1
6719	G	N	25876	25877	\N	\N	nt	1
6720	T	N	25877	25878	\N	\N	nt	1
6721	G	N	25878	25879	\N	\N	nt	1
6722	T	N	25879	25880	\N	\N	nt	1
6723	A	N	25880	25881	\N	\N	nt	1
6724	A	N	25881	25882	\N	\N	nt	1
6725	C	N	25882	25883	\N	\N	nt	1
6726	T	N	25883	25884	\N	\N	nt	1
6727	T	N	25884	25885	\N	\N	nt	1
6728	C	N	25885	25886	\N	\N	nt	1
6729	T	N	25886	25887	\N	\N	nt	1
6730	T	N	25887	25888	\N	\N	nt	1
6731	C	N	25888	25889	\N	\N	nt	1
6732	A	N	25889	25890	\N	\N	nt	1
6733	A	N	25890	25891	\N	\N	nt	1
6734	T	N	25891	25892	\N	\N	nt	1
6735	T	N	25892	25893	\N	\N	nt	1
6736	G	N	25893	25894	\N	\N	nt	1
6737	T	N	25894	25895	\N	\N	nt	1
6738	C	N	25895	25896	\N	\N	nt	1
6739	A	N	25896	25897	\N	\N	nt	1
6740	T	N	25897	25898	\N	\N	nt	1
6741	T	N	25898	25899	\N	\N	nt	1
6742	A	N	25899	25900	\N	\N	nt	1
6743	C	N	25900	25901	\N	\N	nt	1
6744	T	N	25901	25902	\N	\N	nt	1
6745	T	N	25902	25903	\N	\N	nt	1
6746	C	N	25903	25904	\N	\N	nt	1
6747	A	N	25904	25905	\N	\N	nt	1
6748	G	N	25905	25906	\N	\N	nt	1
6749	G	N	25906	25907	\N	\N	nt	1
6750	T	N	25907	25908	\N	\N	nt	1
6751	G	N	25908	25909	\N	\N	nt	1
6752	A	N	25909	25910	\N	\N	nt	1
6753	T	N	25910	25911	\N	\N	nt	1
6754	G	N	25911	25912	\N	\N	nt	1
6755	G	N	25912	25913	\N	\N	nt	1
6756	C	N	25913	25914	\N	\N	nt	1
6757	A	N	25914	25915	\N	\N	nt	1
6758	C	N	25915	25916	\N	\N	nt	1
6759	A	N	25916	25917	\N	\N	nt	1
6760	A	N	25917	25918	\N	\N	nt	1
6761	C	N	25918	25919	\N	\N	nt	1
6762	A	N	25919	25920	\N	\N	nt	1
6763	A	N	25920	25921	\N	\N	nt	1
6764	G	N	25921	25922	\N	\N	nt	1
6765	T	N	25922	25923	\N	\N	nt	1
6766	C	N	25923	25924	\N	\N	nt	1
6767	C	N	25924	25925	\N	\N	nt	1
6768	T	N	25925	25926	\N	\N	nt	1
6769	A	N	25926	25927	\N	\N	nt	1
6770	T	N	25927	25928	\N	\N	nt	1
6771	T	N	25928	25929	\N	\N	nt	1
6772	T	N	25929	25930	\N	\N	nt	1
6773	C	N	25930	25931	\N	\N	nt	1
6774	T	N	25931	25932	\N	\N	nt	1
6775	G	N	25932	25933	\N	\N	nt	1
6776	A	N	25933	25934	\N	\N	nt	1
6777	A	N	25934	25935	\N	\N	nt	1
6778	C	N	25935	25936	\N	\N	nt	1
6779	A	N	25936	25937	\N	\N	nt	1
6780	T	N	25937	25938	\N	\N	nt	1
6781	G	N	25938	25939	\N	\N	nt	1
6782	A	N	25939	25940	\N	\N	nt	1
6783	C	N	25940	25941	\N	\N	nt	1
6784	T	N	25941	25942	\N	\N	nt	1
6785	A	N	25942	25943	\N	\N	nt	1
6786	C	N	25943	25944	\N	\N	nt	1
6787	C	N	25944	25945	\N	\N	nt	1
6788	A	N	25945	25946	\N	\N	nt	1
6789	G	N	25946	25947	\N	\N	nt	1
6790	A	N	25947	25948	\N	\N	nt	1
6791	T	N	25948	25949	\N	\N	nt	1
6792	T	N	25949	25950	\N	\N	nt	1
6793	G	N	25950	25951	\N	\N	nt	1
6794	G	N	25951	25952	\N	\N	nt	1
6795	T	N	25952	25953	\N	\N	nt	1
6796	G	N	25953	25954	\N	\N	nt	1
6797	G	N	25954	25955	\N	\N	nt	1
6798	T	N	25955	25956	\N	\N	nt	1
6799	T	N	25956	25957	\N	\N	nt	1
6800	A	N	25957	25958	\N	\N	nt	1
6801	T	N	25958	25959	\N	\N	nt	1
6802	A	N	25959	25960	\N	\N	nt	1
6803	C	N	25960	25961	\N	\N	nt	1
6804	T	N	25961	25962	\N	\N	nt	1
6805	G	N	25962	25963	\N	\N	nt	1
6806	A	N	25963	25964	\N	\N	nt	1
6807	G	N	25970	25971	\N	\N	nt	1
6808	G	N	25971	25972	\N	\N	nt	1
6809	A	N	25972	25973	\N	\N	nt	1
6810	A	N	25973	25974	\N	\N	nt	1
6811	T	N	25974	25975	\N	\N	nt	1
6812	A	N	25987	25988	\N	\N	nt	1
6813	C	N	25988	25989	\N	\N	nt	1
6814	T	N	25989	25990	\N	\N	nt	1
6815	G	N	25990	25991	\N	\N	nt	1
6816	T	N	25991	25992	\N	\N	nt	1
6817	G	N	25992	25993	\N	\N	nt	1
6818	T	N	25993	25994	\N	\N	nt	1
6819	T	N	25994	25995	\N	\N	nt	1
6824	A	N	26927	26928	\N	\N	nt	1
6825	G	N	26928	26929	\N	\N	nt	1
6826	T	N	26929	26930	\N	\N	nt	1
6827	G	N	26930	26931	\N	\N	nt	1
6828	A	N	26931	26932	\N	\N	nt	1
6829	A	N	26932	26933	\N	\N	nt	1
6830	C	N	26933	26934	\N	\N	nt	1
6831	T	N	26934	26935	\N	\N	nt	1
6832	C	N	26935	26936	\N	\N	nt	1
6833	G	N	26936	26937	\N	\N	nt	1
6834	T	N	26937	26938	\N	\N	nt	1
6835	A	N	26938	26939	\N	\N	nt	1
6836	A	N	26939	26940	\N	\N	nt	1
6837	T	N	26940	26941	\N	\N	nt	1
6838	C	N	26941	26942	\N	\N	nt	1
6839	G	N	26942	26943	\N	\N	nt	1
6840	G	N	26943	26944	\N	\N	nt	1
6841	A	N	26944	26945	\N	\N	nt	1
6842	G	N	26945	26946	\N	\N	nt	1
6843	C	N	26946	26947	\N	\N	nt	1
6844	T	N	26947	26948	\N	\N	nt	1
6845	G	N	26948	26949	\N	\N	nt	1
6846	T	N	26949	26950	\N	\N	nt	1
6847	G	N	26950	26951	\N	\N	nt	1
6848	A	N	26951	26952	\N	\N	nt	1
6849	T	N	26952	26953	\N	\N	nt	1
6850	C	N	26953	26954	\N	\N	nt	1
6851	C	N	26954	26955	\N	\N	nt	1
6852	T	N	26955	26956	\N	\N	nt	1
7008	A	N	29798	29799	\N	\N	nt	1
7009	G	N	29799	29800	\N	\N	nt	1
7010	C	N	29800	29801	\N	\N	nt	1
7011	C	N	29801	29802	\N	\N	nt	1
7012	C	N	29802	29803	\N	\N	nt	1
7013	T	N	29803	29804	\N	\N	nt	1
7014	A	N	29804	29805	\N	\N	nt	1
7015	A	N	29805	29806	\N	\N	nt	1
7016	T	N	29806	29807	\N	\N	nt	1
7017	G	N	29807	29808	\N	\N	nt	1
7018	T	N	29808	29809	\N	\N	nt	1
7019	G	N	29809	29810	\N	\N	nt	1
7020	T	N	29810	29811	\N	\N	nt	1
7021	A	N	29811	29812	\N	\N	nt	1
7022	A	N	29812	29813	\N	\N	nt	1
7023	A	N	29813	29814	\N	\N	nt	1
7024	A	N	29814	29815	\N	\N	nt	1
7025	T	N	29815	29816	\N	\N	nt	1
7026	T	N	29816	29817	\N	\N	nt	1
7027	A	N	29817	29818	\N	\N	nt	1
7028	A	N	29818	29819	\N	\N	nt	1
7029	T	N	29819	29820	\N	\N	nt	1
7030	T	N	29820	29821	\N	\N	nt	1
7031	T	N	29821	29822	\N	\N	nt	1
7032	T	N	29822	29823	\N	\N	nt	1
7033	A	N	29823	29824	\N	\N	nt	1
7034	G	N	29824	29825	\N	\N	nt	1
7035	T	N	29825	29826	\N	\N	nt	1
7036	A	N	29826	29827	\N	\N	nt	1
7037	G	N	29827	29828	\N	\N	nt	1
7038	T	N	29828	29829	\N	\N	nt	1
7039	G	N	29829	29830	\N	\N	nt	1
7040	C	N	29830	29831	\N	\N	nt	1
7041	T	N	29831	29832	\N	\N	nt	1
7042	A	N	29832	29833	\N	\N	nt	1
7043	T	N	29833	29834	\N	\N	nt	1
7044	C	N	29834	29835	\N	\N	nt	1
7045	C	N	29835	29836	\N	\N	nt	1
7117	S	X	135	136	\N	2	cds	1
7118	E	X	136	137	\N	2	cds	1
7119	L	X	137	138	\N	2	cds	1
7120	V	X	138	139	\N	2	cds	1
7121	I	X	139	140	\N	2	cds	1
7122	G	X	140	141	\N	2	cds	1
7123	A	X	141	142	\N	2	cds	1
7124	V	X	142	143	\N	2	cds	1
7125	I	X	143	144	\N	2	cds	1
7126	L	X	144	145	\N	2	cds	1
7180	Q	H	1581	1582	\N	4	cds	1
7181	D	X	2572	2573	\N	4	cds	1
7182	Q	X	2573	2574	\N	4	cds	1
7183	A	X	2574	2575	\N	4	cds	1
7184	L	X	2575	2576	\N	4	cds	1
7185	V	X	2576	2577	\N	4	cds	1
7186	S	X	2577	2578	\N	4	cds	1
7187	D	X	2578	2579	\N	4	cds	1
7188	V	X	2579	2580	\N	4	cds	1
7189	G	X	2580	2581	\N	4	cds	1
7190	D	X	2581	2582	\N	4	cds	1
7191	S	X	2582	2583	\N	4	cds	1
7192	A	X	2583	2584	\N	4	cds	1
7193	E	X	2584	2585	\N	4	cds	1
7194	V	X	2585	2586	\N	4	cds	1
7195	A	X	2586	2587	\N	4	cds	1
7196	V	X	2587	2588	\N	4	cds	1
7197	K	X	2588	2589	\N	4	cds	1
7198	M	X	2589	2590	\N	4	cds	1
7199	F	X	2590	2591	\N	4	cds	1
7200	D	X	2591	2592	\N	4	cds	1
7201	A	X	2592	2593	\N	4	cds	1
7202	Y	X	2593	2594	\N	4	cds	1
7204	N	X	2595	2596	\N	4	cds	1
7205	T	X	2596	2597	\N	4	cds	1
7206	F	X	2597	2598	\N	4	cds	1
7207	S	X	2598	2599	\N	4	cds	1
7208	S	X	2599	2600	\N	4	cds	1
7209	T	X	2600	2601	\N	4	cds	1
7210	F	X	2601	2602	\N	4	cds	1
7211	N	X	2602	2603	\N	4	cds	1
7213	P	X	2604	2605	\N	4	cds	1
7216	K	X	2607	2608	\N	4	cds	1
7217	L	X	2608	2609	\N	4	cds	1
7218	K	X	2609	2610	\N	4	cds	1
7219	T	X	2610	2611	\N	4	cds	1
7220	L	X	2611	2612	\N	4	cds	1
7221	V	X	2612	2613	\N	4	cds	1
7222	A	X	2613	2614	\N	4	cds	1
7223	T	X	2614	2615	\N	4	cds	1
7224	A	X	2615	2616	\N	4	cds	1
7225	E	X	2616	2617	\N	4	cds	1
7226	A	X	2617	2618	\N	4	cds	1
7227	E	X	2618	2619	\N	4	cds	1
7228	L	X	2619	2620	\N	4	cds	1
7229	A	X	2620	2621	\N	4	cds	1
7230	K	X	2621	2622	\N	4	cds	1
7231	N	X	2622	2623	\N	4	cds	1
7232	V	X	2623	2624	\N	4	cds	1
7233	S	X	2624	2625	\N	4	cds	1
7234	L	X	2625	2626	\N	4	cds	1
7235	D	X	2626	2627	\N	4	cds	1
7236	N	X	2627	2628	\N	4	cds	1
7237	V	X	2628	2629	\N	4	cds	1
7238	L	X	2629	2630	\N	4	cds	1
7239	S	X	2630	2631	\N	4	cds	1
7240	T	X	2631	2632	\N	4	cds	1
7241	F	X	2632	2633	\N	4	cds	1
7242	I	X	2633	2634	\N	4	cds	1
7243	S	X	2634	2635	\N	4	cds	1
7244	A	X	2635	2636	\N	4	cds	1
7245	A	X	2636	2637	\N	4	cds	1
7246	R	X	2637	2638	\N	4	cds	1
7247	Q	X	2638	2639	\N	4	cds	1
7248	G	X	2639	2640	\N	4	cds	1
7249	F	X	2640	2641	\N	4	cds	1
7250	V	X	2641	2642	\N	4	cds	1
7251	D	X	2642	2643	\N	4	cds	1
7252	S	X	2643	2644	\N	4	cds	1
7253	D	X	2644	2645	\N	4	cds	1
7254	V	X	2645	2646	\N	4	cds	1
7255	E	X	2646	2647	\N	4	cds	1
7256	T	X	2647	2648	\N	4	cds	1
7257	K	X	2648	2649	\N	4	cds	1
7258	D	X	2649	2650	\N	4	cds	1
7259	V	X	2650	2651	\N	4	cds	1
7260	V	X	2651	2652	\N	4	cds	1
7261	E	X	2652	2653	\N	4	cds	1
7262	C	X	2653	2654	\N	4	cds	1
7263	L	X	2654	2655	\N	4	cds	1
7264	K	X	2655	2656	\N	4	cds	1
7265	L	X	2656	2657	\N	4	cds	1
7266	S	X	2657	2658	\N	4	cds	1
7267	H	X	2658	2659	\N	4	cds	1
7268	Q	X	2659	2660	\N	4	cds	1
7269	S	X	2660	2661	\N	4	cds	1
7270	D	X	2661	2662	\N	4	cds	1
7273	T	I	3283	3284	\N	4	cds	1
7278	L	X	110	111	\N	6	cds	1
7279	V	X	111	112	\N	6	cds	1
7280	Y	X	112	113	\N	6	cds	1
7281	F	X	113	114	\N	6	cds	1
7282	L	X	114	115	\N	6	cds	1
7283	Q	X	115	116	\N	6	cds	1
7284	S	X	116	117	\N	6	cds	1
7285	I	X	117	118	\N	6	cds	1
7286	N	X	118	119	\N	6	cds	1
7287	F	X	119	120	\N	6	cds	1
7288	V	X	120	121	\N	6	cds	1
7289	R	X	121	122	\N	6	cds	1
7290	I	X	122	123	\N	6	cds	1
7291	I	X	123	124	\N	6	cds	1
7292	M	X	124	125	\N	6	cds	1
7293	R	X	125	126	\N	6	cds	1
7294	L	X	126	127	\N	6	cds	1
7295	W	X	127	128	\N	6	cds	1
7296	L	X	128	129	\N	6	cds	1
7297	C	X	129	130	\N	6	cds	1
7298	W	X	130	131	\N	6	cds	1
7299	K	X	131	132	\N	6	cds	1
7300	C	X	132	133	\N	6	cds	1
7301	R	X	133	134	\N	6	cds	1
7302	S	X	134	135	\N	6	cds	1
7303	K	X	135	136	\N	6	cds	1
7304	N	X	136	137	\N	6	cds	1
7305	P	X	137	138	\N	6	cds	1
7306	L	X	138	139	\N	6	cds	1
7307	L	X	139	140	\N	6	cds	1
7308	Y	X	140	141	\N	6	cds	1
7309	D	X	141	142	\N	6	cds	1
7310	A	X	142	143	\N	6	cds	1
7311	N	X	143	144	\N	6	cds	1
7312	Y	X	144	145	\N	6	cds	1
7313	F	X	145	146	\N	6	cds	1
7314	L	X	146	147	\N	6	cds	1
7315	C	X	147	148	\N	6	cds	1
7316	W	X	148	149	\N	6	cds	1
7317	H	X	149	150	\N	6	cds	1
7318	T	X	150	151	\N	6	cds	1
7319	N	X	151	152	\N	6	cds	1
7320	C	X	152	153	\N	6	cds	1
7321	Y	X	153	154	\N	6	cds	1
7322	D	X	154	155	\N	6	cds	1
7323	Y	X	155	156	\N	6	cds	1
7324	C	X	156	157	\N	6	cds	1
7325	I	X	157	158	\N	6	cds	1
7326	P	X	158	159	\N	6	cds	1
7327	Y	X	159	160	\N	6	cds	1
7328	N	X	160	161	\N	6	cds	1
7329	S	X	161	162	\N	6	cds	1
7330	V	X	162	163	\N	6	cds	1
7331	T	X	163	164	\N	6	cds	1
7332	S	X	164	165	\N	6	cds	1
7333	S	X	165	166	\N	6	cds	1
7334	I	X	166	167	\N	6	cds	1
7335	V	X	167	168	\N	6	cds	1
7336	I	X	168	169	\N	6	cds	1
7337	T	X	169	170	\N	6	cds	1
7338	S	X	170	171	\N	6	cds	1
7340	D	X	172	173	\N	6	cds	1
7341	G	X	173	174	\N	6	cds	1
7342	T	X	174	175	\N	6	cds	1
7343	T	X	175	176	\N	6	cds	1
7344	S	X	176	177	\N	6	cds	1
7345	P	X	177	178	\N	6	cds	1
7346	I	X	178	179	\N	6	cds	1
7347	S	X	179	180	\N	6	cds	1
7348	E	X	180	181	\N	6	cds	1
7349	H	X	181	182	\N	6	cds	1
7350	D	X	182	183	\N	6	cds	1
7351	Y	X	183	184	\N	6	cds	1
7352	Q	X	184	185	\N	6	cds	1
7353	I	X	185	186	\N	6	cds	1
7354	G	X	186	187	\N	6	cds	1
7355	G	X	187	188	\N	6	cds	1
7356	Y	X	188	189	\N	6	cds	1
7357	T	X	189	190	\N	6	cds	1
7358	E	X	190	191	\N	6	cds	1
7359	W	X	192	193	\N	6	cds	1
7360	E	X	193	194	\N	6	cds	1
7361	S	X	194	195	\N	6	cds	1
7362	D	X	198	199	\N	6	cds	1
7363	C	X	199	200	\N	6	cds	1
7364	V	X	200	201	\N	6	cds	1
7369	F	X	305	306	\N	12	cds	1
7370	T	X	306	307	\N	12	cds	1
7371	V	X	307	308	\N	12	cds	1
7372	E	X	308	309	\N	12	cds	1
7373	K	X	309	310	\N	12	cds	1
7374	G	X	310	311	\N	12	cds	1
7375	I	X	311	312	\N	12	cds	1
7376	Y	X	312	313	\N	12	cds	1
7377	Q	X	313	314	\N	12	cds	1
7378	T	X	314	315	\N	12	cds	1
7379	S	X	315	316	\N	12	cds	1
7380	N	X	316	317	\N	12	cds	1
7381	F	X	317	318	\N	12	cds	1
7382	R	X	318	319	\N	12	cds	1
7383	V	X	319	320	\N	12	cds	1
7384	Q	X	320	321	\N	12	cds	1
7385	P	X	321	322	\N	12	cds	1
7386	T	X	322	323	\N	12	cds	1
7387	E	X	323	324	\N	12	cds	1
7388	S	X	324	325	\N	12	cds	1
7389	I	X	325	326	\N	12	cds	1
7390	V	X	326	327	\N	12	cds	1
7391	R	X	327	328	\N	12	cds	1
7392	F	X	328	329	\N	12	cds	1
7393	P	X	329	330	\N	12	cds	1
7394	N	X	330	331	\N	12	cds	1
7395	I	X	331	332	\N	12	cds	1
7396	T	X	332	333	\N	12	cds	1
7397	N	X	333	334	\N	12	cds	1
7398	L	X	334	335	\N	12	cds	1
7399	C	X	335	336	\N	12	cds	1
7400	P	X	336	337	\N	12	cds	1
7401	F	X	337	338	\N	12	cds	1
7403	E	X	339	340	\N	12	cds	1
7404	V	X	340	341	\N	12	cds	1
7405	F	X	341	342	\N	12	cds	1
7406	N	X	342	343	\N	12	cds	1
7407	A	X	343	344	\N	12	cds	1
7408	T	X	344	345	\N	12	cds	1
7410	F	X	346	347	\N	12	cds	1
7411	A	X	347	348	\N	12	cds	1
7412	S	X	348	349	\N	12	cds	1
7413	V	X	349	350	\N	12	cds	1
7414	Y	X	350	351	\N	12	cds	1
7415	A	X	351	352	\N	12	cds	1
7416	W	X	352	353	\N	12	cds	1
7417	N	X	353	354	\N	12	cds	1
7476	S	X	749	750	\N	12	cds	1
7477	N	X	750	751	\N	12	cds	1
7478	L	X	751	752	\N	12	cds	1
7479	L	X	752	753	\N	12	cds	1
7480	T	X	760	761	\N	12	cds	1
7499	C	A	1930	1931	\N	\N	nt	1
7502	T	Y	4164	4165	\N	\N	nt	1
7533	G	K	22812	22813	\N	\N	nt	1
7534	T	K	22881	22882	\N	\N	nt	1
7551	C	A	24502	24503	\N	\N	nt	1
7556	G	R	26528	26529	\N	\N	nt	1
7559	A	M	27507	27508	\N	\N	nt	1
7776	A	G	27748	27749	\N	\N	nt	1
7782	G	K	28680	28681	\N	\N	nt	1
7783	T	Y	28692	28693	\N	\N	nt	1
7790	D	B	2	3	\N	2	cds	1
7794	E	X	135	136	\N	3	cds	1
7799	Q	K	555	556	\N	4	cds	1
7914	L	I	980	981	\N	12	cds	1
7956	A	M	1572	1573	\N	\N	nt	1
7970	A	G	11455	11456	\N	\N	nt	1
7973	C	T	12615	12616	\N	\N	nt	1
8008	C	M	23853	23854	\N	\N	nt	1
8019	C	T	27011	27012	\N	\N	nt	1
8084	I	V	3730	3731	\N	4	cds	1
8117	N	X	763	764	\N	12	cds	1
8015	A	N	434	435	\N	\N	nt	1
8016	C	T	912	913	\N	\N	nt	1
8017	T	N	1026	1027	\N	\N	nt	1
8018	A	R	1135	1136	\N	\N	nt	1
8020	A	R	2129	2130	\N	\N	nt	1
8021	A	W	2355	2356	\N	\N	nt	1
8023	C	T	3266	3267	\N	\N	nt	1
8024	T	TA	5119	5120	\N	\N	nt	1
8025	A	AN	5132	5133	\N	\N	nt	1
8026	C	A	5387	5388	\N	\N	nt	1
8027	A	G	5535	5536	\N	\N	nt	1
8028	C	T	5985	5986	\N	\N	nt	1
8029	T	C	6953	6954	\N	\N	nt	1
8030	T	N	7312	7313	\N	\N	nt	1
8031	T	N	7323	7324	\N	\N	nt	1
8032	A	N	8376	8377	\N	\N	nt	1
8033	T	N	8481	8482	\N	\N	nt	1
8034	T	N	9314	9315	\N	\N	nt	1
8036	A	N	10065	10066	\N	\N	nt	1
8037	T	N	10897	10898	\N	\N	nt	1
8038	T	N	11074	11075	\N	\N	nt	1
8040	T	N	11521	11522	\N	\N	nt	1
8041	G	N	11905	11906	\N	\N	nt	1
8042	A	N	11990	11991	\N	\N	nt	1
8043	C	T	13137	13138	\N	\N	nt	1
8044	T	N	13225	13226	\N	\N	nt	1
8045	C	Y	14407	14408	\N	\N	nt	1
8046	C	T	14675	14676	\N	\N	nt	1
8047	A	N	14822	14823	\N	\N	nt	1
8048	T	N	14850	14851	\N	\N	nt	1
8049	C	T	15278	15279	\N	\N	nt	1
8050	C	N	15865	15866	\N	\N	nt	1
8051	A	N	15983	15984	\N	\N	nt	1
8052	T	C	16175	16176	\N	\N	nt	1
8053	T	N	16630	16631	\N	\N	nt	1
8054	T	N	17105	17106	\N	\N	nt	1
8055	A	N	17878	17879	\N	\N	nt	1
8056	T	N	18368	18369	\N	\N	nt	1
8057	T	N	19368	19369	\N	\N	nt	1
8058	A	N	19406	19407	\N	\N	nt	1
8059	A	N	20135	20136	\N	\N	nt	1
8061	T	N	21345	21346	\N	\N	nt	1
8062	C	N	21634	21635	\N	\N	nt	1
8064	T	N	21817	21818	\N	\N	nt	1
8065	T	N	21875	21876	\N	\N	nt	1
8066		\N	21989	21991	\N	\N	nt	1
8069	G	T	22153	22154	\N	\N	nt	1
8071	T	Y	22684	22685	\N	\N	nt	1
8074	C	A	23270	23271	\N	\N	nt	1
8076	T	K	23486	23487	\N	\N	nt	1
8078	C	T	23708	23709	\N	\N	nt	1
8079	T	N	23964	23965	\N	\N	nt	1
8080	T	N	24110	24111	\N	\N	nt	1
8081	A	N	24119	24120	\N	\N	nt	1
8082	A	N	24320	24321	\N	\N	nt	1
8083	T	G	24505	24506	\N	\N	nt	1
8086	T	N	25555	25556	\N	\N	nt	1
8087	A	N	25587	25588	\N	\N	nt	1
8088	T	N	27354	27355	\N	\N	nt	1
8089	T	N	27406	27407	\N	\N	nt	1
8090	C	T	27971	27972	\N	\N	nt	1
8092	G	T	28047	28048	\N	\N	nt	1
8093	G	A	28079	28080	\N	\N	nt	1
8094	A	G	28110	28111	\N	\N	nt	1
8118	G	C	28279	28280	\N	\N	nt	1
8119	A	T	28280	28281	\N	\N	nt	1
8120	T	A	28281	28282	\N	\N	nt	1
8121	A	N	28570	28571	\N	\N	nt	1
8125	C	T	28976	28977	\N	\N	nt	1
8126	C	N	29195	29196	\N	\N	nt	1
8127	A	N	29240	29241	\N	\N	nt	1
8128	A	N	29386	29387	\N	\N	nt	1
8129	A	W	29811	29812	\N	\N	nt	1
8190	E	X	56	57	\N	4	cds	1
8191	K	X	290	291	\N	4	cds	1
8192	Q	X	454	455	\N	4	cds	1
8193	E	X	621	622	\N	4	cds	1
8194	T	I	1000	1001	\N	4	cds	1
8195	N	X	1622	1623	\N	4	cds	1
8196	A	D	1707	1708	\N	4	cds	1
8197	I	T	2229	2230	\N	4	cds	1
8198	F	X	2349	2350	\N	4	cds	1
8199	Y	X	2352	2353	\N	4	cds	1
8200	V	X	3016	3017	\N	4	cds	1
8201	R	X	3266	3267	\N	4	cds	1
8202	L	X	3544	3545	\N	4	cds	1
8203	F	X	3603	3604	\N	4	cds	1
8205	V	X	3880	3881	\N	4	cds	1
8206	E	X	3908	3909	\N	4	cds	1
8207	F	X	4320	4321	\N	4	cds	1
8208	P	X	313	314	\N	5	cds	1
8209	F	X	461	462	\N	5	cds	1
8210	P	X	799	800	\N	5	cds	1
8211	L	X	1054	1055	\N	5	cds	1
8212	H	X	1212	1213	\N	5	cds	1
8213	Q	X	1470	1471	\N	5	cds	1
8214	F	X	1967	1968	\N	5	cds	1
8215	F	X	2626	2627	\N	5	cds	1
8216	V	X	54	55	\N	6	cds	1
8217	K	X	65	66	\N	6	cds	1
8218	L	X	51	52	\N	7	cds	1
8219	L	X	4	5	\N	8	cds	1
8220	D	L	2	3	\N	3	cds	1
8221	K	X	99	100	\N	3	cds	1
8224	S	F	234	235	\N	3	cds	1
8225	A	X	307	308	\N	3	cds	1
8226	E	X	322	323	\N	3	cds	1
8227	K	X	371	372	\N	3	cds	1
8229	R	I	51	52	\N	10	cds	1
8230	D	N	62	63	\N	10	cds	1
8231	Y	C	72	73	\N	10	cds	1
8240	P	X	24	25	\N	12	cds	1
8241	F	X	85	86	\N	12	cds	1
8242	I	X	104	105	\N	12	cds	1
8245	D	Y	197	198	\N	12	cds	1
8250	A	D	569	570	\N	12	cds	1
8252	V	X	641	642	\N	12	cds	1
8254	T	I	715	716	\N	12	cds	1
8255	N	X	800	801	\N	12	cds	1
8256	I	X	849	850	\N	12	cds	1
8257	Q	X	852	853	\N	12	cds	1
8258	Q	X	919	920	\N	12	cds	1
8259	S	A	981	982	\N	12	cds	1
8260	D	H	1117	1118	\N	12	cds	1
8274	C	T	2225	2226	\N	\N	nt	1
8277	C	T	4926	4927	\N	\N	nt	1
8282	C	T	11574	11575	\N	\N	nt	1
8283	A	N	11706	11707	\N	\N	nt	1
8284	G	N	11707	11708	\N	\N	nt	1
8285	T	N	11708	11709	\N	\N	nt	1
8286	T	N	11709	11710	\N	\N	nt	1
8287	T	N	11710	11711	\N	\N	nt	1
8288	C	N	11711	11712	\N	\N	nt	1
8289	T	N	11712	11713	\N	\N	nt	1
8290	A	N	11713	11714	\N	\N	nt	1
8291	C	N	11714	11715	\N	\N	nt	1
8292	A	N	11715	11716	\N	\N	nt	1
8293	C	N	11716	11717	\N	\N	nt	1
8294	A	N	11717	11718	\N	\N	nt	1
8295	G	N	11718	11719	\N	\N	nt	1
8296	G	N	11719	11720	\N	\N	nt	1
8297	A	N	11720	11721	\N	\N	nt	1
8298	G	N	11721	11722	\N	\N	nt	1
8299	T	N	11722	11723	\N	\N	nt	1
8300	T	N	11723	11724	\N	\N	nt	1
8301	T	N	11724	11725	\N	\N	nt	1
8302	A	N	11725	11726	\N	\N	nt	1
8303	G	N	11726	11727	\N	\N	nt	1
8304	A	N	11727	11728	\N	\N	nt	1
8305	T	N	11728	11729	\N	\N	nt	1
8306	A	N	11729	11730	\N	\N	nt	1
8307	T	N	11730	11731	\N	\N	nt	1
8308	A	N	11731	11732	\N	\N	nt	1
8309	T	N	11732	11733	\N	\N	nt	1
8310	G	N	11733	11734	\N	\N	nt	1
8311	A	N	11734	11735	\N	\N	nt	1
8312	A	N	11735	11736	\N	\N	nt	1
8313	T	N	11736	11737	\N	\N	nt	1
8314	T	N	11737	11738	\N	\N	nt	1
8315	C	N	11738	11739	\N	\N	nt	1
8316	A	N	11739	11740	\N	\N	nt	1
8317	C	N	11740	11741	\N	\N	nt	1
8318	A	N	11741	11742	\N	\N	nt	1
8319	G	N	11742	11743	\N	\N	nt	1
8320	G	N	11743	11744	\N	\N	nt	1
8321	G	N	11744	11745	\N	\N	nt	1
8322	A	N	11745	11746	\N	\N	nt	1
8323	C	N	11746	11747	\N	\N	nt	1
8324	T	N	11747	11748	\N	\N	nt	1
8325	A	N	11748	11749	\N	\N	nt	1
8326	C	N	11749	11750	\N	\N	nt	1
8327	T	N	11750	11751	\N	\N	nt	1
8328	C	N	11751	11752	\N	\N	nt	1
8329	C	N	11752	11753	\N	\N	nt	1
8330	C	N	11753	11754	\N	\N	nt	1
8331	A	N	11754	11755	\N	\N	nt	1
8332	C	N	11755	11756	\N	\N	nt	1
8333	C	N	11756	11757	\N	\N	nt	1
8334	C	N	11757	11758	\N	\N	nt	1
8335	A	N	11758	11759	\N	\N	nt	1
8336	A	N	11759	11760	\N	\N	nt	1
8337	G	N	11760	11761	\N	\N	nt	1
8338	A	N	11761	11762	\N	\N	nt	1
8339	A	N	11762	11763	\N	\N	nt	1
8340	T	N	11763	11764	\N	\N	nt	1
8341	A	N	11764	11765	\N	\N	nt	1
8342	G	N	11765	11766	\N	\N	nt	1
8343	C	N	11766	11767	\N	\N	nt	1
8344	A	N	11767	11768	\N	\N	nt	1
8345	T	N	11768	11769	\N	\N	nt	1
8346	A	N	11769	11770	\N	\N	nt	1
8347	G	N	11770	11771	\N	\N	nt	1
8348	A	N	11771	11772	\N	\N	nt	1
8349	T	N	11772	11773	\N	\N	nt	1
8350	G	N	11773	11774	\N	\N	nt	1
8351	C	N	11774	11775	\N	\N	nt	1
8352	C	N	11775	11776	\N	\N	nt	1
8353	T	N	11776	11777	\N	\N	nt	1
8354	T	N	11777	11778	\N	\N	nt	1
8355	C	N	11778	11779	\N	\N	nt	1
8356	A	N	11779	11780	\N	\N	nt	1
8357	A	N	11780	11781	\N	\N	nt	1
8358	A	N	11781	11782	\N	\N	nt	1
8359	C	N	11782	11783	\N	\N	nt	1
8360	T	N	11783	11784	\N	\N	nt	1
8361	C	N	11784	11785	\N	\N	nt	1
8362	A	N	11785	11786	\N	\N	nt	1
8363	A	N	11786	11787	\N	\N	nt	1
8364	C	N	11787	11788	\N	\N	nt	1
8365	A	N	11788	11789	\N	\N	nt	1
8366	T	N	11789	11790	\N	\N	nt	1
8367	T	N	11790	11791	\N	\N	nt	1
8368	A	N	11791	11792	\N	\N	nt	1
8369	A	N	11792	11793	\N	\N	nt	1
8370	A	N	11793	11794	\N	\N	nt	1
8371	T	N	11794	11795	\N	\N	nt	1
8372	T	N	11795	11796	\N	\N	nt	1
8373	G	N	11796	11797	\N	\N	nt	1
8374	T	N	11797	11798	\N	\N	nt	1
8375	T	N	11798	11799	\N	\N	nt	1
8376	G	N	11799	11800	\N	\N	nt	1
8377	G	N	11800	11801	\N	\N	nt	1
8378	G	N	11801	11802	\N	\N	nt	1
8379	T	N	11802	11803	\N	\N	nt	1
8380	G	N	11803	11804	\N	\N	nt	1
8381	T	N	11804	11805	\N	\N	nt	1
8382	T	N	11805	11806	\N	\N	nt	1
8383	G	N	11806	11807	\N	\N	nt	1
8384	G	N	11807	11808	\N	\N	nt	1
8385	T	N	11808	11809	\N	\N	nt	1
8386	G	N	11809	11810	\N	\N	nt	1
8387	G	N	11810	11811	\N	\N	nt	1
8388	C	N	11811	11812	\N	\N	nt	1
8389	A	N	11812	11813	\N	\N	nt	1
8390	A	N	11813	11814	\N	\N	nt	1
8391	A	N	11814	11815	\N	\N	nt	1
8392	C	N	11815	11816	\N	\N	nt	1
8393	C	N	11816	11817	\N	\N	nt	1
8394	T	N	11817	11818	\N	\N	nt	1
8395	T	N	11818	11819	\N	\N	nt	1
8396	G	N	11819	11820	\N	\N	nt	1
8397	T	N	11820	11821	\N	\N	nt	1
8398	A	N	11821	11822	\N	\N	nt	1
8399	T	N	11822	11823	\N	\N	nt	1
8400	C	N	11823	11824	\N	\N	nt	1
8401	A	N	11824	11825	\N	\N	nt	1
8402	A	N	11825	11826	\N	\N	nt	1
8403	A	N	11826	11827	\N	\N	nt	1
8404	T	N	11828	11829	\N	\N	nt	1
8405	A	N	11829	11830	\N	\N	nt	1
8406	G	N	11830	11831	\N	\N	nt	1
8407	C	N	11831	11832	\N	\N	nt	1
8408	C	N	11832	11833	\N	\N	nt	1
8409	C	T	12973	12974	\N	\N	nt	1
8414	A	G	17614	17615	\N	\N	nt	1
8415	A	T	18701	18702	\N	\N	nt	1
8417		\N	21990	21993	\N	\N	nt	1
8424	G	C	24913	24914	\N	\N	nt	1
8425	C	A	27880	27881	\N	\N	nt	1
8470	G	P	203	204	\N	3	cds	1
8548	C	T	1436	1437	\N	\N	nt	1
8550	C	T	7302	7303	\N	\N	nt	1
8551	T	C	7766	7767	\N	\N	nt	1
8552	C	T	8046	8047	\N	\N	nt	1
8553	C	T	9429	9430	\N	\N	nt	1
8554	G	T	12987	12988	\N	\N	nt	1
8555	A	N	13400	13401	\N	\N	nt	1
8556	T	N	13401	13402	\N	\N	nt	1
8557	G	N	13403	13404	\N	\N	nt	1
8558	C	N	13404	13405	\N	\N	nt	1
8559	T	N	13405	13406	\N	\N	nt	1
8560	G	N	13406	13407	\N	\N	nt	1
8561	T	N	13407	13408	\N	\N	nt	1
8562	A	N	13408	13409	\N	\N	nt	1
8563	G	N	13409	13410	\N	\N	nt	1
8564	T	N	13410	13411	\N	\N	nt	1
8565	T	N	13411	13412	\N	\N	nt	1
8566	G	N	13412	13413	\N	\N	nt	1
8567	T	N	13413	13414	\N	\N	nt	1
8568	G	N	13414	13415	\N	\N	nt	1
8569	A	N	13415	13416	\N	\N	nt	1
8570	T	N	13416	13417	\N	\N	nt	1
8571	C	N	13417	13418	\N	\N	nt	1
8572	A	N	13418	13419	\N	\N	nt	1
8573	A	N	13419	13420	\N	\N	nt	1
8574	C	N	13420	13421	\N	\N	nt	1
8575	T	N	13421	13422	\N	\N	nt	1
8576	C	N	13422	13423	\N	\N	nt	1
8577	C	N	13423	13424	\N	\N	nt	1
8578	G	N	13424	13425	\N	\N	nt	1
8579	C	N	13425	13426	\N	\N	nt	1
8580	G	N	13426	13427	\N	\N	nt	1
8581	A	N	13427	13428	\N	\N	nt	1
8582	A	N	13428	13429	\N	\N	nt	1
8583	C	N	13429	13430	\N	\N	nt	1
8584	C	N	13430	13431	\N	\N	nt	1
8585	C	N	13431	13432	\N	\N	nt	1
8586	A	N	13432	13433	\N	\N	nt	1
8587	T	N	13433	13434	\N	\N	nt	1
8588	G	N	13434	13435	\N	\N	nt	1
8589	C	N	13435	13436	\N	\N	nt	1
8590	T	N	13436	13437	\N	\N	nt	1
8591	T	N	13437	13438	\N	\N	nt	1
8592	C	N	13438	13439	\N	\N	nt	1
8593	A	N	13439	13440	\N	\N	nt	1
8594	G	N	13440	13441	\N	\N	nt	1
8595	T	N	13441	13442	\N	\N	nt	1
8596	C	N	13442	13443	\N	\N	nt	1
8597	A	N	13443	13444	\N	\N	nt	1
8598	G	N	13444	13445	\N	\N	nt	1
8599	C	N	13445	13446	\N	\N	nt	1
8600	T	N	13446	13447	\N	\N	nt	1
8601	G	N	13447	13448	\N	\N	nt	1
8602	A	N	13448	13449	\N	\N	nt	1
8603	T	N	13449	13450	\N	\N	nt	1
8604	G	N	13450	13451	\N	\N	nt	1
8606	C	N	13567	13568	\N	\N	nt	1
8607	T	N	13568	13569	\N	\N	nt	1
8608	G	N	13569	13570	\N	\N	nt	1
8609	C	N	13583	13584	\N	\N	nt	1
8610	C	N	13584	13585	\N	\N	nt	1
8611	T	N	13585	13586	\N	\N	nt	1
8612	A	N	13586	13587	\N	\N	nt	1
8613	A	N	13587	13588	\N	\N	nt	1
8614	A	N	13588	13589	\N	\N	nt	1
8615	T	N	13592	13593	\N	\N	nt	1
8616	A	N	13593	13594	\N	\N	nt	1
8617	A	N	13594	13595	\N	\N	nt	1
8618	T	N	13595	13596	\N	\N	nt	1
8619	T	N	13596	13597	\N	\N	nt	1
8620	G	N	13597	13598	\N	\N	nt	1
8621	T	N	13598	13599	\N	\N	nt	1
8622	T	N	13599	13600	\N	\N	nt	1
8623	G	N	13600	13601	\N	\N	nt	1
8625	C	T	15250	15251	\N	\N	nt	1
8626	G	A	15597	15598	\N	\N	nt	1
8627	C	T	17103	17104	\N	\N	nt	1
8628	G	T	18027	18028	\N	\N	nt	1
8629	A	G	18534	18535	\N	\N	nt	1
8630	T	N	19293	19294	\N	\N	nt	1
8631	T	N	19294	19295	\N	\N	nt	1
8632	A	N	19297	19298	\N	\N	nt	1
8633	T	N	19298	19299	\N	\N	nt	1
8634	G	N	19299	19300	\N	\N	nt	1
8635	T	N	19300	19301	\N	\N	nt	1
8636	A	N	19301	19302	\N	\N	nt	1
8637	A	N	19302	19303	\N	\N	nt	1
8638	A	N	19303	19304	\N	\N	nt	1
8639	T	N	19304	19305	\N	\N	nt	1
8640	A	N	19305	19306	\N	\N	nt	1
8641	A	N	19306	19307	\N	\N	nt	1
8642	A	N	19307	19308	\N	\N	nt	1
8643	C	N	19308	19309	\N	\N	nt	1
8644	A	N	19309	19310	\N	\N	nt	1
8645	T	N	19310	19311	\N	\N	nt	1
8646	T	N	19340	19341	\N	\N	nt	1
8647	G	N	19341	19342	\N	\N	nt	1
8648	C	N	19342	19343	\N	\N	nt	1
8649	T	N	19343	19344	\N	\N	nt	1
8650	T	N	19344	19345	\N	\N	nt	1
8651	T	N	19345	19346	\N	\N	nt	1
8652	T	N	19346	19347	\N	\N	nt	1
8653	G	N	19347	19348	\N	\N	nt	1
8654	T	N	19348	19349	\N	\N	nt	1
8655	T	N	19349	19350	\N	\N	nt	1
8656	A	N	19350	19351	\N	\N	nt	1
8657	A	N	19351	19352	\N	\N	nt	1
8658	T	N	19352	19353	\N	\N	nt	1
8659	T	N	19353	19354	\N	\N	nt	1
8660	T	N	19354	19355	\N	\N	nt	1
8661	A	N	19355	19356	\N	\N	nt	1
8662	A	N	19356	19357	\N	\N	nt	1
8663	A	N	19357	19358	\N	\N	nt	1
8664	A	N	19358	19359	\N	\N	nt	1
8665	C	N	19359	19360	\N	\N	nt	1
8666	A	N	19360	19361	\N	\N	nt	1
8667	A	N	19361	19362	\N	\N	nt	1
8668	T	N	19362	19363	\N	\N	nt	1
8669	T	N	19363	19364	\N	\N	nt	1
8670	A	N	19364	19365	\N	\N	nt	1
8671	C	N	19365	19366	\N	\N	nt	1
8672	C	N	19366	19367	\N	\N	nt	1
8673	A	N	19367	19368	\N	\N	nt	1
8675	T	N	19369	19370	\N	\N	nt	1
8676	T	N	19370	19371	\N	\N	nt	1
8677	T	N	19371	19372	\N	\N	nt	1
8678	T	N	19372	19373	\N	\N	nt	1
8679	T	N	19400	19401	\N	\N	nt	1
8680	C	N	19401	19402	\N	\N	nt	1
8681	A	N	19402	19403	\N	\N	nt	1
8682	T	N	19403	19404	\N	\N	nt	1
8683	G	N	19404	19405	\N	\N	nt	1
8684	T	N	19496	19497	\N	\N	nt	1
8685	C	N	19497	19498	\N	\N	nt	1
8686	A	N	19512	19513	\N	\N	nt	1
8687	A	G	20267	20268	\N	\N	nt	1
8688	C	T	20450	20451	\N	\N	nt	1
8689	T	N	21163	21164	\N	\N	nt	1
8690	A	N	21165	21166	\N	\N	nt	1
8691	A	N	21166	21167	\N	\N	nt	1
8692	A	N	21168	21169	\N	\N	nt	1
8693	A	N	21178	21179	\N	\N	nt	1
8694	T	N	21179	21180	\N	\N	nt	1
8695	T	N	21180	21181	\N	\N	nt	1
8696	C	N	21181	21182	\N	\N	nt	1
8697	T	N	21182	21183	\N	\N	nt	1
8698	T	N	21183	21184	\N	\N	nt	1
8699	G	N	21184	21185	\N	\N	nt	1
8700	G	N	21185	21186	\N	\N	nt	1
8701	A	N	21186	21187	\N	\N	nt	1
8702	A	N	21187	21188	\N	\N	nt	1
8703	T	N	21188	21189	\N	\N	nt	1
8704	G	N	21189	21190	\N	\N	nt	1
8705	C	N	21190	21191	\N	\N	nt	1
8706	T	N	21191	21192	\N	\N	nt	1
8707	C	N	21195	21196	\N	\N	nt	1
8708	T	N	21196	21197	\N	\N	nt	1
8709	T	N	21197	21198	\N	\N	nt	1
8710	T	N	21198	21199	\N	\N	nt	1
8711	A	N	21199	21200	\N	\N	nt	1
8712	T	N	21200	21201	\N	\N	nt	1
8713	A	N	21201	21202	\N	\N	nt	1
8714	A	N	21202	21203	\N	\N	nt	1
8715	G	N	21203	21204	\N	\N	nt	1
8716	C	N	21204	21205	\N	\N	nt	1
8717	T	N	21205	21206	\N	\N	nt	1
8718	C	N	21206	21207	\N	\N	nt	1
8719	A	N	21207	21208	\N	\N	nt	1
8720	T	N	21208	21209	\N	\N	nt	1
8721	G	N	21209	21210	\N	\N	nt	1
8722	G	N	21210	21211	\N	\N	nt	1
8723	G	N	21211	21212	\N	\N	nt	1
8724	A	N	21212	21213	\N	\N	nt	1
8725	C	N	21213	21214	\N	\N	nt	1
8726	A	N	21214	21215	\N	\N	nt	1
8727	C	N	21215	21216	\N	\N	nt	1
8728	T	N	21216	21217	\N	\N	nt	1
8729	T	N	21217	21218	\N	\N	nt	1
8730	C	N	21218	21219	\N	\N	nt	1
8731	G	N	21219	21220	\N	\N	nt	1
8732	C	N	21220	21221	\N	\N	nt	1
8733	A	N	21221	21222	\N	\N	nt	1
8734	T	N	21222	21223	\N	\N	nt	1
8735	G	N	21223	21224	\N	\N	nt	1
8736	G	N	21224	21225	\N	\N	nt	1
8737	T	N	21225	21226	\N	\N	nt	1
8738	T	N	21242	21243	\N	\N	nt	1
8739	T	N	21247	21248	\N	\N	nt	1
8740	A	N	21250	21251	\N	\N	nt	1
8741	T	N	21251	21252	\N	\N	nt	1
8742	G	N	21252	21253	\N	\N	nt	1
8743	C	N	21253	21254	\N	\N	nt	1
8744	G	N	21254	21255	\N	\N	nt	1
8745	T	N	21255	21256	\N	\N	nt	1
8746	C	N	21262	21263	\N	\N	nt	1
8747	T	N	21263	21264	\N	\N	nt	1
8748	G	N	21264	21265	\N	\N	nt	1
8749	A	N	21265	21266	\N	\N	nt	1
8750	A	N	21266	21267	\N	\N	nt	1
8751	G	N	21267	21268	\N	\N	nt	1
8752	C	N	21268	21269	\N	\N	nt	1
8753	A	N	21269	21270	\N	\N	nt	1
8754	T	N	21270	21271	\N	\N	nt	1
8755	T	N	21271	21272	\N	\N	nt	1
8756	T	N	21272	21273	\N	\N	nt	1
8757	T	N	21273	21274	\N	\N	nt	1
8758	T	N	21274	21275	\N	\N	nt	1
8759	A	N	21275	21276	\N	\N	nt	1
8760	A	N	21276	21277	\N	\N	nt	1
8761	T	N	21277	21278	\N	\N	nt	1
8762	T	N	21278	21279	\N	\N	nt	1
8763	G	N	21279	21280	\N	\N	nt	1
8764	G	N	21280	21281	\N	\N	nt	1
8765	A	N	21281	21282	\N	\N	nt	1
8766	T	N	21282	21283	\N	\N	nt	1
8767	G	N	21283	21284	\N	\N	nt	1
8768	T	N	21284	21285	\N	\N	nt	1
8769	A	N	21285	21286	\N	\N	nt	1
8770	A	N	21286	21287	\N	\N	nt	1
8771	T	N	21287	21288	\N	\N	nt	1
8772	T	N	21288	21289	\N	\N	nt	1
8773	A	N	21289	21290	\N	\N	nt	1
8774	T	N	21290	21291	\N	\N	nt	1
8775	C	N	21291	21292	\N	\N	nt	1
8776	T	N	21292	21293	\N	\N	nt	1
8777	T	N	21293	21294	\N	\N	nt	1
8778	G	N	21294	21295	\N	\N	nt	1
8779	G	N	21295	21296	\N	\N	nt	1
8780	C	N	21296	21297	\N	\N	nt	1
8781	A	N	21297	21298	\N	\N	nt	1
8782	A	N	21298	21299	\N	\N	nt	1
8783	A	N	21299	21300	\N	\N	nt	1
8784	C	N	21300	21301	\N	\N	nt	1
8785	C	N	21301	21302	\N	\N	nt	1
8786	A	N	21302	21303	\N	\N	nt	1
8787	C	N	21303	21304	\N	\N	nt	1
8788	G	N	21304	21305	\N	\N	nt	1
8789	C	N	21305	21306	\N	\N	nt	1
8790	G	N	21306	21307	\N	\N	nt	1
8791	A	N	21307	21308	\N	\N	nt	1
8792	A	N	21308	21309	\N	\N	nt	1
8793	C	N	21309	21310	\N	\N	nt	1
8794	A	N	21310	21311	\N	\N	nt	1
8795	A	N	21311	21312	\N	\N	nt	1
8796	A	N	21312	21313	\N	\N	nt	1
8797	T	N	21313	21314	\N	\N	nt	1
8798	A	N	21314	21315	\N	\N	nt	1
8799	G	N	21315	21316	\N	\N	nt	1
8800	A	N	21316	21317	\N	\N	nt	1
8801	T	N	21317	21318	\N	\N	nt	1
8802	G	N	21318	21319	\N	\N	nt	1
8803	G	N	21319	21320	\N	\N	nt	1
8804	T	N	21320	21321	\N	\N	nt	1
8805	T	N	21321	21322	\N	\N	nt	1
8806	A	N	21322	21323	\N	\N	nt	1
8807	T	N	21323	21324	\N	\N	nt	1
8808	G	N	21324	21325	\N	\N	nt	1
8809	T	N	21325	21326	\N	\N	nt	1
8810	C	N	21326	21327	\N	\N	nt	1
8811	A	N	21327	21328	\N	\N	nt	1
8812	T	N	21328	21329	\N	\N	nt	1
8813	G	N	21329	21330	\N	\N	nt	1
8814	C	N	21330	21331	\N	\N	nt	1
8815	A	N	21331	21332	\N	\N	nt	1
8816	T	N	21332	21333	\N	\N	nt	1
8817	G	N	21333	21334	\N	\N	nt	1
8818	C	N	21334	21335	\N	\N	nt	1
8819	A	N	21335	21336	\N	\N	nt	1
8820	A	N	21336	21337	\N	\N	nt	1
8821	A	N	21337	21338	\N	\N	nt	1
8822	T	N	21338	21339	\N	\N	nt	1
8823	T	N	21339	21340	\N	\N	nt	1
8824	A	N	21340	21341	\N	\N	nt	1
8825	C	N	21341	21342	\N	\N	nt	1
8826	A	N	21342	21343	\N	\N	nt	1
8827	T	N	21343	21344	\N	\N	nt	1
8828	A	N	21344	21345	\N	\N	nt	1
8830	T	N	21346	21347	\N	\N	nt	1
8831	T	N	21347	21348	\N	\N	nt	1
8832	T	N	21348	21349	\N	\N	nt	1
8833	G	N	21349	21350	\N	\N	nt	1
8834	G	N	21350	21351	\N	\N	nt	1
8835	A	N	21351	21352	\N	\N	nt	1
8836	G	N	21352	21353	\N	\N	nt	1
8837	G	N	21353	21354	\N	\N	nt	1
8838	A	N	21354	21355	\N	\N	nt	1
8839	A	N	21355	21356	\N	\N	nt	1
8840	T	N	21356	21357	\N	\N	nt	1
8841	A	N	21357	21358	\N	\N	nt	1
8842	C	N	21358	21359	\N	\N	nt	1
8843	A	N	21359	21360	\N	\N	nt	1
8844	A	N	21360	21361	\N	\N	nt	1
8845	A	N	21361	21362	\N	\N	nt	1
8846	T	N	21362	21363	\N	\N	nt	1
8847	C	N	21363	21364	\N	\N	nt	1
8848	C	N	21364	21365	\N	\N	nt	1
8849	A	N	21365	21366	\N	\N	nt	1
8850	A	N	21366	21367	\N	\N	nt	1
8851	T	N	21367	21368	\N	\N	nt	1
8852	T	N	21368	21369	\N	\N	nt	1
8853	C	T	21681	21682	\N	\N	nt	1
8855	G	T	21785	21786	\N	\N	nt	1
8856	C	T	22325	22326	\N	\N	nt	1
8857	T	N	22341	22342	\N	\N	nt	1
8858	G	N	22342	22343	\N	\N	nt	1
8859	G	N	22343	22344	\N	\N	nt	1
8860	T	N	22344	22345	\N	\N	nt	1
8861	G	N	22345	22346	\N	\N	nt	1
8862	C	N	22346	22347	\N	\N	nt	1
8863	T	N	22347	22348	\N	\N	nt	1
8864	G	N	22348	22349	\N	\N	nt	1
8865	C	N	22349	22350	\N	\N	nt	1
8866	A	N	22350	22351	\N	\N	nt	1
8867	A	N	22358	22359	\N	\N	nt	1
8868	T	N	22359	22360	\N	\N	nt	1
8869	G	N	22360	22361	\N	\N	nt	1
8870	T	N	22361	22362	\N	\N	nt	1
8871	G	N	22362	22363	\N	\N	nt	1
8872	T	N	22366	22367	\N	\N	nt	1
8873	T	N	22370	22371	\N	\N	nt	1
8874	T	N	22371	22372	\N	\N	nt	1
8875	C	N	22372	22373	\N	\N	nt	1
8876	A	N	22373	22374	\N	\N	nt	1
8877	A	N	22374	22375	\N	\N	nt	1
8878	C	N	22375	22376	\N	\N	nt	1
8879	C	N	22376	22377	\N	\N	nt	1
8880	T	N	22377	22378	\N	\N	nt	1
8881	A	N	22378	22379	\N	\N	nt	1
8882	G	N	22379	22380	\N	\N	nt	1
8883	G	N	22380	22381	\N	\N	nt	1
8884	A	N	22381	22382	\N	\N	nt	1
8885	C	N	22382	22383	\N	\N	nt	1
8886	T	N	22383	22384	\N	\N	nt	1
8887	T	N	22384	22385	\N	\N	nt	1
8888	T	N	22385	22386	\N	\N	nt	1
8889	T	N	22386	22387	\N	\N	nt	1
8890	C	N	22387	22388	\N	\N	nt	1
8891	T	N	22388	22389	\N	\N	nt	1
8892	A	N	22389	22390	\N	\N	nt	1
8893	T	N	22390	22391	\N	\N	nt	1
8894	T	N	22391	22392	\N	\N	nt	1
8895	A	N	22392	22393	\N	\N	nt	1
8896	A	N	22393	22394	\N	\N	nt	1
8897	A	N	22394	22395	\N	\N	nt	1
8898	A	N	22395	22396	\N	\N	nt	1
8899	T	N	22396	22397	\N	\N	nt	1
8900	A	N	22397	22398	\N	\N	nt	1
8901	T	N	22398	22399	\N	\N	nt	1
8902	A	N	22399	22400	\N	\N	nt	1
8903	A	N	22400	22401	\N	\N	nt	1
8904	T	N	22401	22402	\N	\N	nt	1
8905	G	N	22402	22403	\N	\N	nt	1
8906	A	N	22403	22404	\N	\N	nt	1
8907	A	N	22404	22405	\N	\N	nt	1
8908	A	N	22405	22406	\N	\N	nt	1
8909	A	N	22406	22407	\N	\N	nt	1
8910	T	N	22407	22408	\N	\N	nt	1
8911	G	N	22408	22409	\N	\N	nt	1
8912	G	N	22409	22410	\N	\N	nt	1
8913	A	N	22410	22411	\N	\N	nt	1
8914	A	N	22411	22412	\N	\N	nt	1
8915	C	N	22412	22413	\N	\N	nt	1
8916	C	N	22413	22414	\N	\N	nt	1
8917	A	N	22414	22415	\N	\N	nt	1
8918	T	N	22415	22416	\N	\N	nt	1
8919	T	N	22416	22417	\N	\N	nt	1
8920	A	N	22417	22418	\N	\N	nt	1
8921	C	N	22418	22419	\N	\N	nt	1
8922	A	N	22419	22420	\N	\N	nt	1
8923	G	N	22420	22421	\N	\N	nt	1
8924	A	N	22421	22422	\N	\N	nt	1
8925	T	N	22422	22423	\N	\N	nt	1
8926	C	N	22424	22425	\N	\N	nt	1
8927	T	N	22425	22426	\N	\N	nt	1
8928	G	N	22426	22427	\N	\N	nt	1
8929	T	N	22427	22428	\N	\N	nt	1
8930	A	N	22428	22429	\N	\N	nt	1
8931	G	N	22429	22430	\N	\N	nt	1
8932	A	N	22430	22431	\N	\N	nt	1
8933	T	N	22432	22433	\N	\N	nt	1
8934	G	N	22433	22434	\N	\N	nt	1
8935	T	N	22434	22435	\N	\N	nt	1
8936	G	N	22435	22436	\N	\N	nt	1
8937	C	N	22436	22437	\N	\N	nt	1
8938	A	N	22437	22438	\N	\N	nt	1
8939	C	N	22438	22439	\N	\N	nt	1
8940	T	N	22439	22440	\N	\N	nt	1
8941	T	N	22440	22441	\N	\N	nt	1
8942	G	N	22441	22442	\N	\N	nt	1
8943	A	N	22442	22443	\N	\N	nt	1
8944	C	N	22443	22444	\N	\N	nt	1
8945	C	N	22444	22445	\N	\N	nt	1
8946	C	N	22445	22446	\N	\N	nt	1
8947	T	N	22446	22447	\N	\N	nt	1
8948	C	N	22447	22448	\N	\N	nt	1
8949	T	N	22448	22449	\N	\N	nt	1
8950	C	N	22449	22450	\N	\N	nt	1
8951	T	N	22450	22451	\N	\N	nt	1
8952	C	N	22451	22452	\N	\N	nt	1
8953	A	N	22452	22453	\N	\N	nt	1
8954	G	N	22453	22454	\N	\N	nt	1
8955	A	N	22454	22455	\N	\N	nt	1
8956	A	N	22455	22456	\N	\N	nt	1
8957	A	N	22456	22457	\N	\N	nt	1
8958	C	N	22457	22458	\N	\N	nt	1
8959	A	N	22458	22459	\N	\N	nt	1
8960	A	N	22459	22460	\N	\N	nt	1
8961	A	N	22460	22461	\N	\N	nt	1
8962	G	N	22461	22462	\N	\N	nt	1
8963	T	N	22462	22463	\N	\N	nt	1
8964	G	N	22463	22464	\N	\N	nt	1
8965	T	N	22464	22465	\N	\N	nt	1
8966	A	N	22465	22466	\N	\N	nt	1
8967	C	N	22466	22467	\N	\N	nt	1
8968	G	N	22467	22468	\N	\N	nt	1
8969	T	N	22468	22469	\N	\N	nt	1
8970	T	N	22469	22470	\N	\N	nt	1
8971	G	N	22470	22471	\N	\N	nt	1
8972	A	N	22471	22472	\N	\N	nt	1
8973	A	N	22472	22473	\N	\N	nt	1
8974	A	N	22473	22474	\N	\N	nt	1
8975	T	N	22474	22475	\N	\N	nt	1
8976	C	N	22475	22476	\N	\N	nt	1
8977	C	N	22476	22477	\N	\N	nt	1
8978	T	N	22477	22478	\N	\N	nt	1
8979	T	N	22478	22479	\N	\N	nt	1
9153	C	A	22878	22879	\N	\N	nt	1
9155	T	C	24909	24910	\N	\N	nt	1
9156	T	C	26971	26972	\N	\N	nt	1
9157	C	A	27799	27800	\N	\N	nt	1
9158	C	T	29665	29666	\N	\N	nt	1
9159	G	C	29733	29734	\N	\N	nt	1
9298	C	Y	354	355	\N	\N	nt	1
9300	C	Y	1647	1648	\N	\N	nt	1
9301	C	T	2594	2595	\N	\N	nt	1
9304	C	M	5387	5388	\N	\N	nt	1
9305	G	S	5450	5451	\N	\N	nt	1
9306	C	Y	5466	5467	\N	\N	nt	1
9307	T	Y	5979	5980	\N	\N	nt	1
9308	A	M	5981	5982	\N	\N	nt	1
9309	C	Y	5985	5986	\N	\N	nt	1
9310		\N	6847	6848	\N	\N	nt	1
9312	G	N	7413	7414	\N	\N	nt	1
9313	T	N	7414	7415	\N	\N	nt	1
9314	A	N	7415	7416	\N	\N	nt	1
9315	C	N	7416	7417	\N	\N	nt	1
9316	A	N	7417	7418	\N	\N	nt	1
9317	T	N	7418	7419	\N	\N	nt	1
9318	C	N	7419	7420	\N	\N	nt	1
9319	T	N	7420	7421	\N	\N	nt	1
9320	T	N	7421	7422	\N	\N	nt	1
9321	C	N	7422	7423	\N	\N	nt	1
9322	T	N	7423	7424	\N	\N	nt	1
9323	T	N	7424	7425	\N	\N	nt	1
9324	T	N	7425	7426	\N	\N	nt	1
9325	G	N	7426	7427	\N	\N	nt	1
9326	C	N	7427	7428	\N	\N	nt	1
9327	A	N	7428	7429	\N	\N	nt	1
9328	T	N	7429	7430	\N	\N	nt	1
9329	C	N	7430	7431	\N	\N	nt	1
9330	A	N	7431	7432	\N	\N	nt	1
9331	T	N	7432	7433	\N	\N	nt	1
9332	T	N	7433	7434	\N	\N	nt	1
9333	T	N	7434	7435	\N	\N	nt	1
9334	T	N	7435	7436	\N	\N	nt	1
9335	A	N	7436	7437	\N	\N	nt	1
9336	T	N	7437	7438	\N	\N	nt	1
9337	T	N	7438	7439	\N	\N	nt	1
9338	A	N	7439	7440	\N	\N	nt	1
9339	T	N	7440	7441	\N	\N	nt	1
9340	G	N	7441	7442	\N	\N	nt	1
9341	T	N	7442	7443	\N	\N	nt	1
9342	A	N	7443	7444	\N	\N	nt	1
9343	T	N	7444	7445	\N	\N	nt	1
9344	G	N	7445	7446	\N	\N	nt	1
9345	G	N	7446	7447	\N	\N	nt	1
9346	A	N	7447	7448	\N	\N	nt	1
9347	A	N	7448	7449	\N	\N	nt	1
9348	A	N	7449	7450	\N	\N	nt	1
9349	A	N	7450	7451	\N	\N	nt	1
9350	G	N	7451	7452	\N	\N	nt	1
9351	T	N	7452	7453	\N	\N	nt	1
9352	T	N	7453	7454	\N	\N	nt	1
9353	A	N	7454	7455	\N	\N	nt	1
9354	T	N	7455	7456	\N	\N	nt	1
9355	G	N	7456	7457	\N	\N	nt	1
9356	T	N	7457	7458	\N	\N	nt	1
9357	G	N	7458	7459	\N	\N	nt	1
9358	C	N	7459	7460	\N	\N	nt	1
9359	A	N	7460	7461	\N	\N	nt	1
9360	T	N	7461	7462	\N	\N	nt	1
9361	G	N	7462	7463	\N	\N	nt	1
9362	T	N	7463	7464	\N	\N	nt	1
9363	T	N	7464	7465	\N	\N	nt	1
9364	G	N	7465	7466	\N	\N	nt	1
9365	T	N	7466	7467	\N	\N	nt	1
9366	A	N	7467	7468	\N	\N	nt	1
9367	G	N	7468	7469	\N	\N	nt	1
9368	A	N	7469	7470	\N	\N	nt	1
9369	C	N	7470	7471	\N	\N	nt	1
9370	G	N	7471	7472	\N	\N	nt	1
9371	G	N	7472	7473	\N	\N	nt	1
9372	T	N	7473	7474	\N	\N	nt	1
9373	T	N	7474	7475	\N	\N	nt	1
9374	G	N	7475	7476	\N	\N	nt	1
9375	T	N	7476	7477	\N	\N	nt	1
9376	A	N	7477	7478	\N	\N	nt	1
9377	A	N	7478	7479	\N	\N	nt	1
9378	T	N	7479	7480	\N	\N	nt	1
9379	T	N	7480	7481	\N	\N	nt	1
9380	C	N	7481	7482	\N	\N	nt	1
9381	A	N	7482	7483	\N	\N	nt	1
9382	T	N	7483	7484	\N	\N	nt	1
9383	C	N	7484	7485	\N	\N	nt	1
9384	A	N	7485	7486	\N	\N	nt	1
9385	A	N	7486	7487	\N	\N	nt	1
9386	C	N	7487	7488	\N	\N	nt	1
9387	T	N	7488	7489	\N	\N	nt	1
9388	T	N	7489	7490	\N	\N	nt	1
9389	G	N	7490	7491	\N	\N	nt	1
9390	T	N	7491	7492	\N	\N	nt	1
9391	A	N	7492	7493	\N	\N	nt	1
9392	T	N	7493	7494	\N	\N	nt	1
9393	G	N	7494	7495	\N	\N	nt	1
9394	A	N	7495	7496	\N	\N	nt	1
9395	T	N	7496	7497	\N	\N	nt	1
9396	G	N	7497	7498	\N	\N	nt	1
9397	T	N	7498	7499	\N	\N	nt	1
9398	G	N	7499	7500	\N	\N	nt	1
9399	T	N	7500	7501	\N	\N	nt	1
9400	T	N	7501	7502	\N	\N	nt	1
9401	A	N	7502	7503	\N	\N	nt	1
9402	C	N	7503	7504	\N	\N	nt	1
9403	A	N	7504	7505	\N	\N	nt	1
9404	A	N	7505	7506	\N	\N	nt	1
9405	A	N	7506	7507	\N	\N	nt	1
9406	C	N	7507	7508	\N	\N	nt	1
9407	G	N	7508	7509	\N	\N	nt	1
9408	T	N	7509	7510	\N	\N	nt	1
9409	A	N	7510	7511	\N	\N	nt	1
9410	A	N	7511	7512	\N	\N	nt	1
9411	T	N	7512	7513	\N	\N	nt	1
9412	A	N	7513	7514	\N	\N	nt	1
9413	G	N	7514	7515	\N	\N	nt	1
9414	A	N	7515	7516	\N	\N	nt	1
9415	G	N	7516	7517	\N	\N	nt	1
9416	C	N	7517	7518	\N	\N	nt	1
9417	A	N	7518	7519	\N	\N	nt	1
9418	A	N	7519	7520	\N	\N	nt	1
9419	C	N	7520	7521	\N	\N	nt	1
9420	A	N	7521	7522	\N	\N	nt	1
9421	A	N	7522	7523	\N	\N	nt	1
9422	G	N	7523	7524	\N	\N	nt	1
9423	A	N	7524	7525	\N	\N	nt	1
9424	G	N	7525	7526	\N	\N	nt	1
9425	T	N	7526	7527	\N	\N	nt	1
9426	C	N	7527	7528	\N	\N	nt	1
9427	G	N	7528	7529	\N	\N	nt	1
9428	A	N	7529	7530	\N	\N	nt	1
9429	A	N	7530	7531	\N	\N	nt	1
9430	T	N	7531	7532	\N	\N	nt	1
9431	G	N	7532	7533	\N	\N	nt	1
9432	T	N	7533	7534	\N	\N	nt	1
9433	A	N	7534	7535	\N	\N	nt	1
9434	C	N	7535	7536	\N	\N	nt	1
9435	A	N	7536	7537	\N	\N	nt	1
9436	A	N	7537	7538	\N	\N	nt	1
9437	C	N	7538	7539	\N	\N	nt	1
9438	T	N	7539	7540	\N	\N	nt	1
9439	A	N	7540	7541	\N	\N	nt	1
9440	T	N	7541	7542	\N	\N	nt	1
9441	T	N	7542	7543	\N	\N	nt	1
9442	G	N	7543	7544	\N	\N	nt	1
9443	T	N	7544	7545	\N	\N	nt	1
9444	T	N	7545	7546	\N	\N	nt	1
9445	A	N	7546	7547	\N	\N	nt	1
9446	A	N	7547	7548	\N	\N	nt	1
9447	T	N	7548	7549	\N	\N	nt	1
9448	G	N	7549	7550	\N	\N	nt	1
9449	G	N	7550	7551	\N	\N	nt	1
9450	T	N	7551	7552	\N	\N	nt	1
9451	G	N	7552	7553	\N	\N	nt	1
9452	T	N	7553	7554	\N	\N	nt	1
9453	T	N	7554	7555	\N	\N	nt	1
9454	A	N	7555	7556	\N	\N	nt	1
9455	G	N	7556	7557	\N	\N	nt	1
9456	A	N	7557	7558	\N	\N	nt	1
9457	A	N	7558	7559	\N	\N	nt	1
9458	G	N	7559	7560	\N	\N	nt	1
9459	G	N	7560	7561	\N	\N	nt	1
9460	T	N	7561	7562	\N	\N	nt	1
9461	C	N	7562	7563	\N	\N	nt	1
9462	C	N	7563	7564	\N	\N	nt	1
9463	T	N	7564	7565	\N	\N	nt	1
9464	T	N	7565	7566	\N	\N	nt	1
9465	T	N	7566	7567	\N	\N	nt	1
9466	T	N	7567	7568	\N	\N	nt	1
9467	A	N	7568	7569	\N	\N	nt	1
9468	T	N	7569	7570	\N	\N	nt	1
9469	G	N	7570	7571	\N	\N	nt	1
9470	T	N	7571	7572	\N	\N	nt	1
9471	C	N	7572	7573	\N	\N	nt	1
9472	T	N	7573	7574	\N	\N	nt	1
9473	A	N	7574	7575	\N	\N	nt	1
9474	T	N	7575	7576	\N	\N	nt	1
9475	G	N	7576	7577	\N	\N	nt	1
9476	C	N	7577	7578	\N	\N	nt	1
9477	T	N	7578	7579	\N	\N	nt	1
9478	A	N	7579	7580	\N	\N	nt	1
9479	A	N	7580	7581	\N	\N	nt	1
9480	T	N	7581	7582	\N	\N	nt	1
9481	G	N	7582	7583	\N	\N	nt	1
9482	G	N	7583	7584	\N	\N	nt	1
9483	A	N	7584	7585	\N	\N	nt	1
9484	G	N	7585	7586	\N	\N	nt	1
9485	G	N	7586	7587	\N	\N	nt	1
9486	T	N	7587	7588	\N	\N	nt	1
9487	A	N	7588	7589	\N	\N	nt	1
9488	A	N	7589	7590	\N	\N	nt	1
9489	A	N	7590	7591	\N	\N	nt	1
9490	G	N	7591	7592	\N	\N	nt	1
9491	G	N	7592	7593	\N	\N	nt	1
9492	C	N	7593	7594	\N	\N	nt	1
9493	T	N	7594	7595	\N	\N	nt	1
9494	T	N	7595	7596	\N	\N	nt	1
9495	T	N	7596	7597	\N	\N	nt	1
9496	T	N	7597	7598	\N	\N	nt	1
9497	G	N	7598	7599	\N	\N	nt	1
9498	C	N	7599	7600	\N	\N	nt	1
9499	A	N	7600	7601	\N	\N	nt	1
9500	A	N	7601	7602	\N	\N	nt	1
9501	A	N	7602	7603	\N	\N	nt	1
9502	C	N	7603	7604	\N	\N	nt	1
9503	T	N	7604	7605	\N	\N	nt	1
9504	A	N	7605	7606	\N	\N	nt	1
9505	C	N	7606	7607	\N	\N	nt	1
9506	A	N	7607	7608	\N	\N	nt	1
9507	C	N	7608	7609	\N	\N	nt	1
9508	A	N	7609	7610	\N	\N	nt	1
9509	A	N	7610	7611	\N	\N	nt	1
9510	T	N	7611	7612	\N	\N	nt	1
9511	T	N	7612	7613	\N	\N	nt	1
9512	G	N	7613	7614	\N	\N	nt	1
9513	G	N	7614	7615	\N	\N	nt	1
9514	A	N	7615	7616	\N	\N	nt	1
9515	A	N	7616	7617	\N	\N	nt	1
9516	T	N	7617	7618	\N	\N	nt	1
9517	T	N	7618	7619	\N	\N	nt	1
9518	G	N	7619	7620	\N	\N	nt	1
9519	T	N	7620	7621	\N	\N	nt	1
9520	G	N	7621	7622	\N	\N	nt	1
9521	T	N	7622	7623	\N	\N	nt	1
9522	T	N	7623	7624	\N	\N	nt	1
9523	A	N	7624	7625	\N	\N	nt	1
9524	A	N	7625	7626	\N	\N	nt	1
9525	C	Y	7868	7869	\N	\N	nt	1
9526	G	GT	8852	8853	\N	\N	nt	1
9527		\N	9310	9311	\N	\N	nt	1
9528		\N	11074	11075	\N	\N	nt	1
9530	G	T	11520	11521	\N	\N	nt	1
9531	A	R	11781	11782	\N	\N	nt	1
9532	C	Y	12048	12049	\N	\N	nt	1
9533		\N	13241	13242	\N	\N	nt	1
9534	A	R	13692	13693	\N	\N	nt	1
9535	G	K	14098	14099	\N	\N	nt	1
9536	G	K	14128	14129	\N	\N	nt	1
9538	A	R	14549	14550	\N	\N	nt	1
9542	T	N	16510	16511	\N	\N	nt	1
9543	A	N	16511	16512	\N	\N	nt	1
9544	T	N	16512	16513	\N	\N	nt	1
9545	A	N	16513	16514	\N	\N	nt	1
9546	T	N	16514	16515	\N	\N	nt	1
9547	A	N	16515	16516	\N	\N	nt	1
9548	A	N	16516	16517	\N	\N	nt	1
9549	A	N	16517	16518	\N	\N	nt	1
9550	A	N	16518	16519	\N	\N	nt	1
9551	A	N	16519	16520	\N	\N	nt	1
9552	T	N	16520	16521	\N	\N	nt	1
9553	A	N	16521	16522	\N	\N	nt	1
9554	C	N	16522	16523	\N	\N	nt	1
9555	A	N	16523	16524	\N	\N	nt	1
9556	T	N	16524	16525	\N	\N	nt	1
9557	G	N	16525	16526	\N	\N	nt	1
9558	T	N	16526	16527	\N	\N	nt	1
9559	G	N	16527	16528	\N	\N	nt	1
9560	T	N	16528	16529	\N	\N	nt	1
9561	T	N	16529	16530	\N	\N	nt	1
9562	G	N	16530	16531	\N	\N	nt	1
9563	G	N	16531	16532	\N	\N	nt	1
9564	T	N	16532	16533	\N	\N	nt	1
9565	A	N	16533	16534	\N	\N	nt	1
9566	G	N	16534	16535	\N	\N	nt	1
9567	C	N	16535	16536	\N	\N	nt	1
9568	G	N	16536	16537	\N	\N	nt	1
9569	A	N	16537	16538	\N	\N	nt	1
9570	T	N	16538	16539	\N	\N	nt	1
9571	A	N	16539	16540	\N	\N	nt	1
9572	A	N	16540	16541	\N	\N	nt	1
9573	T	N	16541	16542	\N	\N	nt	1
9574	G	N	16542	16543	\N	\N	nt	1
9575	T	N	16543	16544	\N	\N	nt	1
9576	T	N	16544	16545	\N	\N	nt	1
9577	A	N	16545	16546	\N	\N	nt	1
9578	C	N	16546	16547	\N	\N	nt	1
9579	T	N	16547	16548	\N	\N	nt	1
9580	G	N	16548	16549	\N	\N	nt	1
9581	A	N	16549	16550	\N	\N	nt	1
9582	C	N	16550	16551	\N	\N	nt	1
9583	T	N	16551	16552	\N	\N	nt	1
9584	T	N	16552	16553	\N	\N	nt	1
9585	T	N	16553	16554	\N	\N	nt	1
9586	A	N	16554	16555	\N	\N	nt	1
9587	A	N	16555	16556	\N	\N	nt	1
9588	T	N	16556	16557	\N	\N	nt	1
9589	G	N	16557	16558	\N	\N	nt	1
9590	C	N	16558	16559	\N	\N	nt	1
9591	A	N	16559	16560	\N	\N	nt	1
9592	A	N	16560	16561	\N	\N	nt	1
9593	T	N	16561	16562	\N	\N	nt	1
9594	T	N	16562	16563	\N	\N	nt	1
9595	G	N	16563	16564	\N	\N	nt	1
9596	C	N	16564	16565	\N	\N	nt	1
9597	A	N	16565	16566	\N	\N	nt	1
9598	A	N	16566	16567	\N	\N	nt	1
9599	C	N	16567	16568	\N	\N	nt	1
9600	A	N	16568	16569	\N	\N	nt	1
9601	T	N	16569	16570	\N	\N	nt	1
9602	G	N	16570	16571	\N	\N	nt	1
9603	T	N	16571	16572	\N	\N	nt	1
9604	G	N	16572	16573	\N	\N	nt	1
9605	A	N	16573	16574	\N	\N	nt	1
9606	C	N	16574	16575	\N	\N	nt	1
9607	T	N	16575	16576	\N	\N	nt	1
9608	G	N	16576	16577	\N	\N	nt	1
9609	G	N	16577	16578	\N	\N	nt	1
9610	A	N	16578	16579	\N	\N	nt	1
9611	C	N	16579	16580	\N	\N	nt	1
9612	A	N	16580	16581	\N	\N	nt	1
9613	A	N	16581	16582	\N	\N	nt	1
9614	A	N	16582	16583	\N	\N	nt	1
9615	T	N	16583	16584	\N	\N	nt	1
9616	G	N	16584	16585	\N	\N	nt	1
9617	C	N	16585	16586	\N	\N	nt	1
9618	T	N	16586	16587	\N	\N	nt	1
9619	G	N	16587	16588	\N	\N	nt	1
9620	G	N	16588	16589	\N	\N	nt	1
9621	T	N	16589	16590	\N	\N	nt	1
9622	G	N	16590	16591	\N	\N	nt	1
9623	A	N	16591	16592	\N	\N	nt	1
9624	T	N	16592	16593	\N	\N	nt	1
9625	T	N	16593	16594	\N	\N	nt	1
9626	A	N	16594	16595	\N	\N	nt	1
9627	C	N	16595	16596	\N	\N	nt	1
9628	A	N	16596	16597	\N	\N	nt	1
9629	T	N	16597	16598	\N	\N	nt	1
9630	T	N	16598	16599	\N	\N	nt	1
9631	T	N	16599	16600	\N	\N	nt	1
9632	T	N	16600	16601	\N	\N	nt	1
9633	A	N	16601	16602	\N	\N	nt	1
9634	G	N	16602	16603	\N	\N	nt	1
9635	C	N	16603	16604	\N	\N	nt	1
9636	T	N	16604	16605	\N	\N	nt	1
9637	A	N	16605	16606	\N	\N	nt	1
9638	A	N	16606	16607	\N	\N	nt	1
9639	C	N	16607	16608	\N	\N	nt	1
9640	A	N	16608	16609	\N	\N	nt	1
9641	C	N	16609	16610	\N	\N	nt	1
9642	C	N	16610	16611	\N	\N	nt	1
9643	T	N	16611	16612	\N	\N	nt	1
9644	G	N	16612	16613	\N	\N	nt	1
9645	T	N	16613	16614	\N	\N	nt	1
9646	A	N	16614	16615	\N	\N	nt	1
9647	C	N	16615	16616	\N	\N	nt	1
9648	T	N	16616	16617	\N	\N	nt	1
9649	G	N	16617	16618	\N	\N	nt	1
9650	A	N	16618	16619	\N	\N	nt	1
9651	A	N	16619	16620	\N	\N	nt	1
9652	A	N	16620	16621	\N	\N	nt	1
9653	G	N	16621	16622	\N	\N	nt	1
9654	A	N	16622	16623	\N	\N	nt	1
9655	C	N	16623	16624	\N	\N	nt	1
9656	T	N	16624	16625	\N	\N	nt	1
9657	C	N	16625	16626	\N	\N	nt	1
9658	A	N	16626	16627	\N	\N	nt	1
9659	A	N	16627	16628	\N	\N	nt	1
9660	G	N	16628	16629	\N	\N	nt	1
9661	C	N	16629	16630	\N	\N	nt	1
9663	T	N	16631	16632	\N	\N	nt	1
9664	T	N	16632	16633	\N	\N	nt	1
9665	T	N	16633	16634	\N	\N	nt	1
9666	T	N	16634	16635	\N	\N	nt	1
9667	G	N	16635	16636	\N	\N	nt	1
9668	C	N	16636	16637	\N	\N	nt	1
9669	A	N	16637	16638	\N	\N	nt	1
9670	G	N	16638	16639	\N	\N	nt	1
9671	C	N	16639	16640	\N	\N	nt	1
9672	A	N	16640	16641	\N	\N	nt	1
9673	G	N	16641	16642	\N	\N	nt	1
9674	A	N	16642	16643	\N	\N	nt	1
9675	A	N	16643	16644	\N	\N	nt	1
9676	A	N	16644	16645	\N	\N	nt	1
9677	C	N	16645	16646	\N	\N	nt	1
9678	G	N	16646	16647	\N	\N	nt	1
9679	C	N	16647	16648	\N	\N	nt	1
9680	T	N	16648	16649	\N	\N	nt	1
9681	C	N	16649	16650	\N	\N	nt	1
9682	A	N	16650	16651	\N	\N	nt	1
9683	A	N	16651	16652	\N	\N	nt	1
9684	A	N	16652	16653	\N	\N	nt	1
9685	G	N	16653	16654	\N	\N	nt	1
9686	C	N	16654	16655	\N	\N	nt	1
9687	T	N	16655	16656	\N	\N	nt	1
9688	A	N	16656	16657	\N	\N	nt	1
9689	C	N	16657	16658	\N	\N	nt	1
9690	T	N	16658	16659	\N	\N	nt	1
9691	G	N	16659	16660	\N	\N	nt	1
9692	A	N	16660	16661	\N	\N	nt	1
9693	G	N	16661	16662	\N	\N	nt	1
9694	G	N	16662	16663	\N	\N	nt	1
9695	A	N	16663	16664	\N	\N	nt	1
9696	G	N	16664	16665	\N	\N	nt	1
9697	A	N	16665	16666	\N	\N	nt	1
9698	C	N	16666	16667	\N	\N	nt	1
9699	A	N	16667	16668	\N	\N	nt	1
9700	T	N	16668	16669	\N	\N	nt	1
9701	T	N	16669	16670	\N	\N	nt	1
9702	T	N	16670	16671	\N	\N	nt	1
9703	A	N	16671	16672	\N	\N	nt	1
9704	A	N	16672	16673	\N	\N	nt	1
9705	A	N	16673	16674	\N	\N	nt	1
9706	C	N	16674	16675	\N	\N	nt	1
9707	T	N	16675	16676	\N	\N	nt	1
9708	G	N	16676	16677	\N	\N	nt	1
9709	T	N	16677	16678	\N	\N	nt	1
9710	C	N	16678	16679	\N	\N	nt	1
9711	T	N	16679	16680	\N	\N	nt	1
9712	T	N	16680	16681	\N	\N	nt	1
9713	A	N	16681	16682	\N	\N	nt	1
9714	T	N	16682	16683	\N	\N	nt	1
9715	G	N	16683	16684	\N	\N	nt	1
9716	G	N	16684	16685	\N	\N	nt	1
9717	T	N	16685	16686	\N	\N	nt	1
9718	A	N	16686	16687	\N	\N	nt	1
9719	T	N	16687	16688	\N	\N	nt	1
9720	T	N	16688	16689	\N	\N	nt	1
9721	G	N	16689	16690	\N	\N	nt	1
9722	C	N	16690	16691	\N	\N	nt	1
9723	T	N	16691	16692	\N	\N	nt	1
9724	A	N	16692	16693	\N	\N	nt	1
9725	C	N	16693	16694	\N	\N	nt	1
9726	T	N	16694	16695	\N	\N	nt	1
9727	G	N	16695	16696	\N	\N	nt	1
9728	T	N	16696	16697	\N	\N	nt	1
9729	A	N	16697	16698	\N	\N	nt	1
9730	C	N	16698	16699	\N	\N	nt	1
9731	G	N	16699	16700	\N	\N	nt	1
9732	T	N	16700	16701	\N	\N	nt	1
9733	G	N	16701	16702	\N	\N	nt	1
9734	A	N	16702	16703	\N	\N	nt	1
9735	A	N	16703	16704	\N	\N	nt	1
9736	G	N	16704	16705	\N	\N	nt	1
9737	T	N	16705	16706	\N	\N	nt	1
9738	G	N	16706	16707	\N	\N	nt	1
9739	C	N	16707	16708	\N	\N	nt	1
9740	T	N	16708	16709	\N	\N	nt	1
9741	G	N	16709	16710	\N	\N	nt	1
9742	T	N	16710	16711	\N	\N	nt	1
9743	C	N	16711	16712	\N	\N	nt	1
9744	T	N	16712	16713	\N	\N	nt	1
9745	G	N	16713	16714	\N	\N	nt	1
9746	A	N	16714	16715	\N	\N	nt	1
9747	C	N	16715	16716	\N	\N	nt	1
9748	A	N	16716	16717	\N	\N	nt	1
9749	G	N	16717	16718	\N	\N	nt	1
9750	A	N	16718	16719	\N	\N	nt	1
9751	G	N	16719	16720	\N	\N	nt	1
9752	A	N	16720	16721	\N	\N	nt	1
9753	A	N	16721	16722	\N	\N	nt	1
9754	T	N	16722	16723	\N	\N	nt	1
9755	T	N	16723	16724	\N	\N	nt	1
9756	A	N	16724	16725	\N	\N	nt	1
9757	C	N	16725	16726	\N	\N	nt	1
9758	A	N	16726	16727	\N	\N	nt	1
9759	T	N	16727	16728	\N	\N	nt	1
9760	C	N	16728	16729	\N	\N	nt	1
9761	T	N	16729	16730	\N	\N	nt	1
9762	T	N	16730	16731	\N	\N	nt	1
9763	T	N	16731	16732	\N	\N	nt	1
9764	C	N	16732	16733	\N	\N	nt	1
9765	A	N	16733	16734	\N	\N	nt	1
9766	T	N	16734	16735	\N	\N	nt	1
9767	G	N	16735	16736	\N	\N	nt	1
9768	G	N	16736	16737	\N	\N	nt	1
9769	G	N	16737	16738	\N	\N	nt	1
9770	A	N	16738	16739	\N	\N	nt	1
9771	A	N	16739	16740	\N	\N	nt	1
9772	G	N	16740	16741	\N	\N	nt	1
9773	T	N	16741	16742	\N	\N	nt	1
9774	T	N	16742	16743	\N	\N	nt	1
9775	G	N	16743	16744	\N	\N	nt	1
9776	G	N	16744	16745	\N	\N	nt	1
9777	T	N	16745	16746	\N	\N	nt	1
9778	A	N	16746	16747	\N	\N	nt	1
9779	A	N	16747	16748	\N	\N	nt	1
9780		\N	17261	17263	\N	\N	nt	1
9781	A	N	21743	21744	\N	\N	nt	1
9782	T	N	21744	21745	\N	\N	nt	1
9783	G	N	21745	21746	\N	\N	nt	1
9784	T	N	21746	21747	\N	\N	nt	1
9785	T	N	21747	21748	\N	\N	nt	1
9786	A	N	21748	21749	\N	\N	nt	1
9787	C	N	21749	21750	\N	\N	nt	1
9788	T	N	21750	21751	\N	\N	nt	1
9789	T	N	21751	21752	\N	\N	nt	1
9790	G	N	21752	21753	\N	\N	nt	1
9791	G	N	21753	21754	\N	\N	nt	1
9792	T	N	21754	21755	\N	\N	nt	1
9793	T	N	21755	21756	\N	\N	nt	1
9794	C	N	21756	21757	\N	\N	nt	1
9795	C	N	21757	21758	\N	\N	nt	1
9796	A	N	21758	21759	\N	\N	nt	1
9797	T	N	21759	21760	\N	\N	nt	1
9798	G	N	21760	21761	\N	\N	nt	1
9799	C	N	21761	21762	\N	\N	nt	1
9800	T	N	21762	21763	\N	\N	nt	1
9801	A	N	21763	21764	\N	\N	nt	1
9802	T	N	21764	21765	\N	\N	nt	1
9803	A	N	21765	21766	\N	\N	nt	1
9804	C	N	21766	21767	\N	\N	nt	1
9805	A	N	21767	21768	\N	\N	nt	1
9806	T	N	21768	21769	\N	\N	nt	1
9807	G	N	21769	21770	\N	\N	nt	1
9808	T	N	21770	21771	\N	\N	nt	1
9809	C	N	21771	21772	\N	\N	nt	1
9810	T	N	21772	21773	\N	\N	nt	1
9811	C	N	21773	21774	\N	\N	nt	1
9812	T	N	21774	21775	\N	\N	nt	1
9813	G	N	21775	21776	\N	\N	nt	1
9814	G	N	21776	21777	\N	\N	nt	1
9815	G	N	21777	21778	\N	\N	nt	1
9816	A	N	21778	21779	\N	\N	nt	1
9817	C	N	21779	21780	\N	\N	nt	1
9818	C	N	21780	21781	\N	\N	nt	1
9819	A	N	21781	21782	\N	\N	nt	1
9820	A	N	21782	21783	\N	\N	nt	1
9821	T	N	21783	21784	\N	\N	nt	1
9822	G	N	21784	21785	\N	\N	nt	1
9823	G	N	21785	21786	\N	\N	nt	1
9824	T	N	21786	21787	\N	\N	nt	1
9825	A	N	21787	21788	\N	\N	nt	1
9826	C	N	21788	21789	\N	\N	nt	1
9827	T	N	21789	21790	\N	\N	nt	1
9828	A	N	21790	21791	\N	\N	nt	1
9829	A	N	21791	21792	\N	\N	nt	1
9830	G	N	21792	21793	\N	\N	nt	1
9831	A	N	21793	21794	\N	\N	nt	1
9832	G	N	21794	21795	\N	\N	nt	1
9833	G	N	21795	21796	\N	\N	nt	1
9834	T	N	21796	21797	\N	\N	nt	1
9835	T	N	21797	21798	\N	\N	nt	1
9836	T	N	21798	21799	\N	\N	nt	1
9837	G	N	21799	21800	\N	\N	nt	1
9838	A	N	21800	21801	\N	\N	nt	1
9839	T	N	21801	21802	\N	\N	nt	1
9840	A	N	21802	21803	\N	\N	nt	1
9841	A	N	21803	21804	\N	\N	nt	1
9842	C	N	21804	21805	\N	\N	nt	1
9843	C	N	21805	21806	\N	\N	nt	1
9844	C	N	21806	21807	\N	\N	nt	1
9845	T	N	21807	21808	\N	\N	nt	1
9846	G	N	21808	21809	\N	\N	nt	1
9847	T	N	21809	21810	\N	\N	nt	1
9848	C	N	21810	21811	\N	\N	nt	1
9849	C	N	21811	21812	\N	\N	nt	1
9850	T	N	21812	21813	\N	\N	nt	1
9851	A	N	21813	21814	\N	\N	nt	1
9852	C	N	21814	21815	\N	\N	nt	1
9853	C	N	21815	21816	\N	\N	nt	1
9854	A	N	21816	21817	\N	\N	nt	1
9856	T	N	21818	21819	\N	\N	nt	1
9857	T	N	21819	21820	\N	\N	nt	1
9858	A	N	21820	21821	\N	\N	nt	1
9859	A	N	21821	21822	\N	\N	nt	1
9860	T	N	21822	21823	\N	\N	nt	1
9861	G	N	21823	21824	\N	\N	nt	1
9862	A	N	21824	21825	\N	\N	nt	1
9863	T	N	21825	21826	\N	\N	nt	1
9864	G	N	21826	21827	\N	\N	nt	1
9865	G	N	21827	21828	\N	\N	nt	1
9866	T	N	21828	21829	\N	\N	nt	1
9867	G	N	21829	21830	\N	\N	nt	1
9868	T	N	21830	21831	\N	\N	nt	1
9869	T	N	21831	21832	\N	\N	nt	1
9870	T	N	21832	21833	\N	\N	nt	1
9871	A	N	21833	21834	\N	\N	nt	1
9872	T	N	21834	21835	\N	\N	nt	1
9873	T	N	21835	21836	\N	\N	nt	1
9874	T	N	21836	21837	\N	\N	nt	1
9875	T	N	21837	21838	\N	\N	nt	1
9876	G	N	21838	21839	\N	\N	nt	1
9877	C	N	21839	21840	\N	\N	nt	1
9878	T	N	21840	21841	\N	\N	nt	1
9879	T	N	21841	21842	\N	\N	nt	1
9880	C	N	21842	21843	\N	\N	nt	1
9881	C	N	21843	21844	\N	\N	nt	1
9882	A	N	21844	21845	\N	\N	nt	1
9883	C	N	21845	21846	\N	\N	nt	1
9884	T	N	21846	21847	\N	\N	nt	1
9885	G	N	21847	21848	\N	\N	nt	1
9886	A	N	21848	21849	\N	\N	nt	1
9887	G	N	21849	21850	\N	\N	nt	1
9888	A	N	21850	21851	\N	\N	nt	1
9889	A	N	21851	21852	\N	\N	nt	1
9890	G	N	21852	21853	\N	\N	nt	1
9891	T	N	21853	21854	\N	\N	nt	1
9892	C	N	21854	21855	\N	\N	nt	1
9893	T	N	21855	21856	\N	\N	nt	1
9894	A	N	21856	21857	\N	\N	nt	1
9895	A	N	21857	21858	\N	\N	nt	1
9896	C	N	21858	21859	\N	\N	nt	1
9897	A	N	21859	21860	\N	\N	nt	1
9898	T	N	21860	21861	\N	\N	nt	1
9899	A	N	21861	21862	\N	\N	nt	1
9900	A	N	21862	21863	\N	\N	nt	1
9901	T	N	21863	21864	\N	\N	nt	1
9902	A	N	21864	21865	\N	\N	nt	1
9903	A	N	21865	21866	\N	\N	nt	1
9904	G	N	21866	21867	\N	\N	nt	1
9905	A	N	21867	21868	\N	\N	nt	1
9906	G	N	21868	21869	\N	\N	nt	1
9907	G	N	21869	21870	\N	\N	nt	1
9908	C	N	21870	21871	\N	\N	nt	1
9909	T	N	21871	21872	\N	\N	nt	1
9910	G	N	21872	21873	\N	\N	nt	1
9911	G	N	21873	21874	\N	\N	nt	1
9912	A	N	21874	21875	\N	\N	nt	1
9914	T	N	21876	21877	\N	\N	nt	1
9915	T	N	21877	21878	\N	\N	nt	1
9916	T	N	21878	21879	\N	\N	nt	1
9917	T	N	21879	21880	\N	\N	nt	1
9918	G	N	21880	21881	\N	\N	nt	1
9919	G	N	21881	21882	\N	\N	nt	1
9920	T	N	21882	21883	\N	\N	nt	1
9921	A	N	21883	21884	\N	\N	nt	1
9922	C	N	21884	21885	\N	\N	nt	1
9923	T	N	21885	21886	\N	\N	nt	1
9924	A	N	21886	21887	\N	\N	nt	1
9925	C	N	21887	21888	\N	\N	nt	1
9926	T	N	21888	21889	\N	\N	nt	1
9927	T	N	21889	21890	\N	\N	nt	1
9928	T	N	21890	21891	\N	\N	nt	1
9929	A	N	21891	21892	\N	\N	nt	1
9930	G	N	21892	21893	\N	\N	nt	1
9931	A	N	21893	21894	\N	\N	nt	1
9932	T	N	21894	21895	\N	\N	nt	1
9933	T	N	21895	21896	\N	\N	nt	1
9934	C	N	21896	21897	\N	\N	nt	1
9935	G	N	21897	21898	\N	\N	nt	1
9936	A	N	21898	21899	\N	\N	nt	1
9937	A	N	21899	21900	\N	\N	nt	1
9938	G	N	21900	21901	\N	\N	nt	1
9939	A	N	21901	21902	\N	\N	nt	1
9940	C	N	21902	21903	\N	\N	nt	1
9941	C	N	21903	21904	\N	\N	nt	1
9942	C	N	21904	21905	\N	\N	nt	1
9943	A	N	21905	21906	\N	\N	nt	1
9944	G	N	21906	21907	\N	\N	nt	1
9945	T	N	21907	21908	\N	\N	nt	1
9946	C	N	21908	21909	\N	\N	nt	1
9947	C	N	21909	21910	\N	\N	nt	1
9948	C	N	21910	21911	\N	\N	nt	1
9949	T	N	21911	21912	\N	\N	nt	1
9950	A	N	21912	21913	\N	\N	nt	1
9951	C	N	21913	21914	\N	\N	nt	1
9952	T	N	21914	21915	\N	\N	nt	1
9953	T	N	21915	21916	\N	\N	nt	1
9954	A	N	21916	21917	\N	\N	nt	1
9955	T	N	21917	21918	\N	\N	nt	1
9956	T	N	21918	21919	\N	\N	nt	1
9957	G	N	21919	21920	\N	\N	nt	1
9958	T	N	21920	21921	\N	\N	nt	1
9959	T	N	21921	21922	\N	\N	nt	1
9960	A	N	21922	21923	\N	\N	nt	1
9961	A	N	21923	21924	\N	\N	nt	1
9962	T	N	21924	21925	\N	\N	nt	1
9963	A	N	21925	21926	\N	\N	nt	1
9964	A	N	21926	21927	\N	\N	nt	1
9965	C	N	21927	21928	\N	\N	nt	1
9966	G	N	21928	21929	\N	\N	nt	1
10000	T	Y	22015	22016	\N	\N	nt	1
10001	G	R	22050	22051	\N	\N	nt	1
10002		\N	22053	22054	\N	\N	nt	1
10003	C	Y	22521	22522	\N	\N	nt	1
10009	T	Y	23715	23716	\N	\N	nt	1
10012	A	R	25504	25505	\N	\N	nt	1
10013	C	Y	25527	25528	\N	\N	nt	1
10014	A	W	25740	25741	\N	\N	nt	1
10015	T	Y	26682	26683	\N	\N	nt	1
10016	G	T	27555	27556	\N	\N	nt	1
10017	C	T	27609	27610	\N	\N	nt	1
10029		\N	29180	29181	\N	\N	nt	1
10030	A	G	29699	29700	\N	\N	nt	1
10031	C	T	29773	29774	\N	\N	nt	1
10039	A	X	1707	1708	\N	4	cds	1
10083	I	X	67	68	\N	12	cds	1
10084	H	X	68	69	\N	12	cds	1
10085	V	X	69	70	\N	12	cds	1
10145	G	K	5011	5012	\N	\N	nt	1
10147	C	Y	5943	5944	\N	\N	nt	1
10150	G	T	8571	8572	\N	\N	nt	1
10151	C	T	10185	10186	\N	\N	nt	1
10152		\N	11287	11289	\N	\N	nt	1
10155	G	N	11291	11292	\N	\N	nt	1
10156	T	N	11292	11293	\N	\N	nt	1
10157	T	N	11293	11294	\N	\N	nt	1
10158	T	N	11294	11295	\N	\N	nt	1
10159	T	N	11295	11296	\N	\N	nt	1
10160	C	T	12024	12025	\N	\N	nt	1
10163	T	C	15095	15096	\N	\N	nt	1
10166	C	T	19263	19264	\N	\N	nt	1
10167		\N	21764	21769	\N	\N	nt	1
10181	G	K	28074	28075	\N	\N	nt	1
10182	A	W	28094	28095	\N	\N	nt	1
10191	G	C	28883	28884	\N	\N	nt	1
10254	F	X	3676	3677	\N	4	cds	1
\.


--
-- TOC entry 3778 (class 0 OID 16485)
-- Dependencies: 254
-- Data for Name: mutation2annotation; Type: TABLE DATA; Schema: public; Owner: postgres
--

COPY public.mutation2annotation (id, alignment_id, annotation_id, mutation_id) FROM stdin;
1	1	1	2
2	9	1	2
3	1	1	3
4	2	1	3
5	3	1	3
6	4	1	3
7	5	1	3
8	7	1	3
9	9	1	3
10	10	1	3
11	11	1	3
12	12	1	3
13	1	1	11
14	9	1	11
15	1	1	12
16	9	1	12
17	1	1	15
18	2	1	15
19	3	1	15
20	4	1	15
21	5	1	15
22	6	1	15
23	7	1	15
24	8	1	15
25	9	1	15
26	10	1	15
27	11	1	15
28	12	1	15
29	1	1	16
30	1	1	17
31	9	1	17
32	1	1	18
33	9	1	18
34	1	1	19
35	1	1	24
36	1	1	29
37	9	1	29
38	1	1	31
39	9	1	31
40	1	1	32
41	3	1	32
42	5	1	32
43	6	1	32
44	11	1	32
45	12	1	32
46	1	1	33
47	9	1	33
48	1	1	34
49	6	1	34
50	9	1	34
51	11	1	34
52	12	1	34
53	1	1	35
54	3	1	35
55	4	1	35
56	5	1	35
57	6	1	35
58	7	1	35
59	8	1	35
60	9	1	35
61	10	1	35
62	11	1	35
63	12	1	35
64	1	1	36
65	2	1	36
66	3	1	36
67	4	1	36
68	5	1	36
69	6	1	36
70	7	1	36
71	8	1	36
72	9	1	36
73	10	1	36
74	11	1	36
75	12	1	36
76	1	1	37
77	9	1	37
78	1	1	38
79	9	1	38
80	1	1	39
81	1	1	40
82	1	1	41
83	1	1	42
84	9	1	42
85	1	1	44
86	9	1	44
87	1	1	344
88	9	1	344
89	2	1	836
90	3	1	836
91	4	1	836
92	5	1	836
93	6	1	836
94	7	1	836
95	8	1	836
96	10	1	836
97	11	1	836
98	12	1	836
99	2	1	837
100	4	1	837
101	10	1	837
102	2	1	838
103	4	1	838
104	7	1	838
105	10	1	838
106	2	1	839
107	4	1	839
108	7	1	839
109	10	1	839
110	2	1	842
111	2	1	843
112	3	1	843
113	4	1	843
114	5	1	843
115	6	1	843
116	7	1	843
117	10	1	843
118	11	1	843
119	12	1	843
120	2	1	1072
121	4	1	1072
122	7	1	1072
123	10	1	1072
124	2	1	1073
125	4	1	1073
126	6	1	1073
127	7	1	1073
128	10	1	1073
129	11	1	1073
130	12	1	1073
131	2	1	1074
132	4	1	1074
133	7	1	1074
134	10	1	1074
135	2	1	1075
136	4	1	1075
137	10	1	1075
138	2	1	1343
139	3	1	1343
140	4	1	1343
141	5	1	1343
142	6	1	1343
143	7	1	1343
144	11	1	1343
145	12	1	1343
146	2	1	1344
147	2	1	1810
148	4	1	1810
149	7	1	1810
150	10	1	1810
151	2	1	1812
152	3	1	1812
153	4	1	1812
154	5	1	1812
155	6	1	1812
156	8	1	1812
157	10	1	1812
158	11	1	1812
159	12	1	1812
160	2	1	1813
161	3	1	1813
162	4	1	1813
163	5	1	1813
164	6	1	1813
165	7	1	1813
166	10	1	1813
167	11	1	1813
168	12	1	1813
169	2	1	1814
170	3	1	1814
171	4	1	1814
172	5	1	1814
173	6	1	1814
174	7	1	1814
175	10	1	1814
176	11	1	1814
177	12	1	1814
178	2	1	1815
179	3	1	1815
180	4	1	1815
181	5	1	1815
182	6	1	1815
183	7	1	1815
184	8	1	1815
185	10	1	1815
186	11	1	1815
187	2	1	1816
188	3	1	1816
189	4	1	1816
190	5	1	1816
191	6	1	1816
192	7	1	1816
193	8	1	1816
194	10	1	1816
195	11	1	1816
196	12	1	1816
197	2	1	1817
198	4	1	1817
199	7	1	1817
200	10	1	1817
201	2	1	1818
202	3	1	1818
203	4	1	1818
204	5	1	1818
205	6	1	1818
206	7	1	1818
207	10	1	1818
208	11	1	1818
209	12	1	1818
210	2	1	1819
211	3	1	1819
212	4	1	1819
213	5	1	1819
214	6	1	1819
215	7	1	1819
216	8	1	1819
217	10	1	1819
218	11	1	1819
219	12	1	1819
220	2	1	1820
221	4	1	1820
222	7	1	1820
223	10	1	1820
224	2	1	1821
225	3	1	1821
226	4	1	1821
227	5	1	1821
228	6	1	1821
229	7	1	1821
230	10	1	1821
231	11	1	1821
232	12	1	1821
233	2	1	2038
234	3	1	2038
235	4	1	2038
236	5	1	2038
237	6	1	2038
238	7	1	2038
239	8	1	2038
240	10	1	2038
241	11	1	2038
242	12	1	2038
243	2	1	2039
244	3	1	2039
245	4	1	2039
246	5	1	2039
247	6	1	2039
248	7	1	2039
249	8	1	2039
250	10	1	2039
251	11	1	2039
252	12	1	2039
253	2	1	2040
254	4	1	2040
255	7	1	2040
256	10	1	2040
257	2	1	2041
258	3	1	2041
259	4	1	2041
260	5	1	2041
261	6	1	2041
262	7	1	2041
263	10	1	2041
264	11	1	2041
265	12	1	2041
266	2	1	2042
267	3	1	2042
268	4	1	2042
269	5	1	2042
270	6	1	2042
271	7	1	2042
272	8	1	2042
273	10	1	2042
274	11	1	2042
275	12	1	2042
276	2	1	2043
277	3	1	2043
278	4	1	2043
279	5	1	2043
280	7	1	2043
281	8	1	2043
282	10	1	2043
283	2	1	2132
284	3	1	2132
285	4	1	2132
286	5	1	2132
287	6	1	2132
288	7	1	2132
289	8	1	2132
290	10	1	2132
291	11	1	2132
292	12	1	2132
293	2	1	2266
294	3	1	2266
295	4	1	2266
296	5	1	2266
297	6	1	2266
298	7	1	2266
299	8	1	2266
300	10	1	2266
301	11	1	2266
302	12	1	2266
303	3	1	2823
304	5	1	2823
305	6	1	2823
306	8	1	2823
307	11	1	2823
308	12	1	2823
309	3	1	2824
310	5	1	2824
311	6	1	2824
312	8	1	2824
313	11	1	2824
314	12	1	2824
315	3	1	2825
316	5	1	2825
317	6	1	2825
318	11	1	2825
319	12	1	2825
320	3	1	2826
321	5	1	2826
322	8	1	2826
323	3	1	2828
324	6	1	2828
325	8	1	2828
326	11	1	2828
327	12	1	2828
328	3	1	2829
329	5	1	2829
330	6	1	2829
331	11	1	2829
332	12	1	2829
333	3	1	2831
334	5	1	2831
335	6	1	2831
336	8	1	2831
337	11	1	2831
338	12	1	2831
339	3	1	2832
340	5	1	2832
341	6	1	2832
342	8	1	2832
343	11	1	2832
344	12	1	2832
345	3	1	2836
346	5	1	2836
347	6	1	2836
348	11	1	2836
349	12	1	2836
350	3	1	2838
351	5	1	2838
352	6	1	2838
353	11	1	2838
354	12	1	2838
355	3	1	2839
356	5	1	2839
357	6	1	2839
358	8	1	2839
359	11	1	2839
360	12	1	2839
361	3	1	2840
362	5	1	2840
363	6	1	2840
364	11	1	2840
365	12	1	2840
366	3	1	2841
367	5	1	2841
368	6	1	2841
369	11	1	2841
370	12	1	2841
371	3	1	2842
372	3	1	2844
373	5	1	2844
374	6	1	2844
375	11	1	2844
376	12	1	2844
377	3	1	2846
378	5	1	2846
379	6	1	2846
380	7	1	2846
381	8	1	2846
382	11	1	2846
383	12	1	2846
384	3	1	2847
385	5	1	2847
386	6	1	2847
387	7	1	2847
388	8	1	2847
389	11	1	2847
390	12	1	2847
391	3	1	2848
392	5	1	2848
393	6	1	2848
394	7	1	2848
395	8	1	2848
396	11	1	2848
397	12	1	2848
398	3	1	2849
399	5	1	2849
400	6	1	2849
401	8	1	2849
402	11	1	2849
403	12	1	2849
404	3	1	2850
405	5	1	2850
406	6	1	2850
407	8	1	2850
408	11	1	2850
409	12	1	2850
410	3	1	2851
411	5	1	2851
412	6	1	2851
413	11	1	2851
414	12	1	2851
415	3	1	2852
416	5	1	2852
417	3	1	2853
418	5	1	2853
419	6	1	2853
420	7	1	2853
421	8	1	2853
422	10	1	2853
423	3	1	2854
424	4	1	2854
425	5	1	2854
426	6	1	2854
427	7	1	2854
428	8	1	2854
429	10	1	2854
430	11	1	2854
431	12	1	2854
432	3	1	2856
433	4	1	2856
434	5	1	2856
435	6	1	2856
436	7	1	2856
437	8	1	2856
438	10	1	2856
439	11	1	2856
440	12	1	2856
441	3	1	2857
442	4	1	2857
443	5	1	2857
444	7	1	2857
445	10	1	2857
446	3	1	2858
447	4	1	2858
448	5	1	2858
449	6	1	2858
450	7	1	2858
451	8	1	2858
452	10	1	2858
453	11	1	2858
454	12	1	2858
455	3	1	2859
456	4	1	2859
457	5	1	2859
458	6	1	2859
459	7	1	2859
460	8	1	2859
461	10	1	2859
462	11	1	2859
463	12	1	2859
464	3	1	2860
465	4	1	2860
466	5	1	2860
467	6	1	2860
468	7	1	2860
469	8	1	2860
470	10	1	2860
471	11	1	2860
472	12	1	2860
473	3	1	2871
474	3	1	2872
475	5	1	2872
476	6	1	2872
477	11	1	2872
478	12	1	2872
479	3	1	2876
480	5	1	2876
481	8	1	2876
482	3	1	2878
483	5	1	2878
484	8	1	2878
485	3	1	2879
486	5	1	2879
487	8	1	2879
488	3	1	2880
489	5	1	2880
490	8	1	2880
491	4	1	2972
492	10	1	2972
493	4	1	2975
494	4	1	3036
495	5	1	3036
496	6	1	3036
497	7	1	3036
498	8	1	3036
499	10	1	3036
500	12	1	3036
501	4	1	3037
502	7	1	3037
503	10	1	3037
504	4	1	3042
505	7	1	3042
506	10	1	3042
507	4	1	3048
508	4	1	3052
509	5	1	3391
510	5	1	3469
511	5	1	3479
512	6	1	4149
513	6	1	4155
514	11	1	4155
515	12	1	4155
516	6	1	4156
517	12	1	4156
518	6	1	4207
519	12	1	4207
520	6	1	4209
521	6	1	4211
522	6	1	4213
523	6	1	4218
524	6	1	4222
525	6	1	4235
526	11	1	4235
527	12	1	4235
528	6	1	4248
529	6	1	4250
530	6	1	4253
531	6	1	4470
532	12	1	4470
533	6	1	4472
534	11	1	4472
535	12	1	4472
536	7	1	4798
537	10	1	4798
538	7	1	4801
539	8	1	5355
540	8	1	5387
541	8	1	5398
542	8	1	5400
543	8	1	5509
544	8	1	5513
545	8	1	5522
546	8	1	5537
547	9	1	5873
548	9	1	5877
549	9	1	5883
550	9	1	5884
551	9	1	5886
552	9	1	5888
553	9	1	5890
554	9	1	5891
555	9	1	5899
556	9	1	5900
557	9	1	5902
558	9	1	5903
559	10	1	6246
560	11	1	7551
561	11	1	7776
562	12	1	7970
563	12	1	7973
564	12	1	8019
565	1	2	2
566	9	2	2
567	1	2	3
568	2	2	3
569	3	2	3
570	4	2	3
571	5	2	3
572	7	2	3
573	9	2	3
574	10	2	3
575	11	2	3
576	12	2	3
577	1	2	525
578	1	2	526
579	2	2	2266
580	3	2	2266
581	4	2	2266
582	5	2	2266
583	6	2	2266
584	7	2	2266
585	8	2	2266
586	10	2	2266
587	11	2	2266
588	12	2	2266
589	2	2	2272
590	3	2	2272
591	5	2	2272
592	3	2	2890
593	5	2	2890
594	11	2	2890
595	12	2	2890
596	4	2	3073
597	6	2	4472
598	11	2	4472
599	12	2	4472
600	6	2	4482
601	6	2	4483
602	6	2	4484
603	6	2	4485
604	6	2	4486
605	6	2	4487
606	7	2	4927
607	7	2	4928
608	7	2	4929
609	7	2	4930
610	7	2	4931
611	7	2	4932
612	7	2	4933
613	7	2	5001
614	8	2	5400
615	8	2	5567
616	9	2	5903
617	9	2	5910
618	9	2	5911
619	9	2	5912
620	1	5	4
621	1	5	5
622	2	5	5
623	3	5	5
624	4	5	5
625	5	5	5
626	6	5	5
627	7	5	5
628	8	5	5
629	9	5	5
630	10	5	5
631	11	5	5
632	12	5	5
633	1	5	11
634	9	5	11
635	1	5	18
636	9	5	18
637	1	5	19
638	1	5	40
639	1	5	523
640	2	5	751
641	2	5	787
642	2	5	788
643	10	5	788
644	2	5	791
645	4	5	791
646	7	5	791
647	10	5	791
648	2	5	839
649	4	5	839
650	7	5	839
651	10	5	839
652	2	5	841
653	4	5	841
654	7	5	841
655	10	5	841
656	2	5	1821
657	3	5	1821
658	4	5	1821
659	5	5	1821
660	6	5	1821
661	7	5	1821
662	10	5	1821
663	11	5	1821
664	12	5	1821
665	2	5	2038
666	3	5	2038
667	4	5	2038
668	5	5	2038
669	6	5	2038
670	7	5	2038
671	8	5	2038
672	10	5	2038
673	11	5	2038
674	12	5	2038
675	2	5	2043
676	3	5	2043
677	4	5	2043
678	5	5	2043
679	7	5	2043
680	8	5	2043
681	10	5	2043
682	2	5	2132
683	3	5	2132
684	4	5	2132
685	5	5	2132
686	6	5	2132
687	7	5	2132
688	8	5	2132
689	10	5	2132
690	11	5	2132
691	12	5	2132
692	2	5	2270
693	3	5	2270
694	4	5	2270
695	5	5	2270
696	6	5	2270
697	7	5	2270
698	8	5	2270
699	10	5	2270
700	11	5	2270
701	12	5	2270
702	3	5	2822
703	5	5	2822
704	6	5	2822
705	8	5	2822
706	11	5	2822
707	12	5	2822
708	3	5	2824
709	5	5	2824
710	6	5	2824
711	8	5	2824
712	11	5	2824
713	12	5	2824
714	3	5	2828
715	6	5	2828
716	8	5	2828
717	11	5	2828
718	12	5	2828
719	3	5	2829
720	5	5	2829
721	6	5	2829
722	11	5	2829
723	12	5	2829
724	3	5	2832
725	5	5	2832
726	6	5	2832
727	8	5	2832
728	11	5	2832
729	12	5	2832
730	3	5	2834
731	5	5	2834
732	6	5	2834
733	11	5	2834
734	12	5	2834
735	3	5	2839
736	5	5	2839
737	6	5	2839
738	8	5	2839
739	11	5	2839
740	12	5	2839
741	3	5	2852
742	5	5	2852
743	3	5	2876
744	5	5	2876
745	8	5	2876
746	3	5	2880
747	5	5	2880
748	8	5	2880
749	4	5	2975
750	5	5	3391
751	5	5	3479
752	6	5	4001
753	6	5	4003
754	12	5	4003
755	6	5	4145
756	6	5	4155
757	11	5	4155
758	12	5	4155
759	6	5	4156
760	12	5	4156
761	6	5	4211
762	6	5	4213
763	6	5	4218
764	6	5	4248
765	6	5	4250
766	6	5	4470
767	12	5	4470
768	6	5	4475
769	12	5	4475
770	6	5	4477
771	8	5	5350
772	8	5	5522
773	8	5	5537
774	9	5	5863
775	9	5	5865
776	9	5	5867
777	9	5	5873
778	9	5	5878
779	9	5	5879
780	9	5	5883
781	9	5	5884
782	9	5	5886
783	9	5	5888
784	9	5	5908
785	12	5	7973
786	12	5	8019
787	1	7	6
788	9	7	6
789	1	7	7
790	9	7	7
791	1	7	8
792	9	7	8
793	1	7	9
794	1	7	12
795	9	7	12
796	1	7	15
797	2	7	15
798	3	7	15
799	4	7	15
800	5	7	15
801	6	7	15
802	7	7	15
803	8	7	15
804	9	7	15
805	10	7	15
806	11	7	15
807	12	7	15
808	1	7	16
809	1	7	17
810	9	7	17
811	1	7	20
812	2	7	20
813	3	7	20
814	4	7	20
815	5	7	20
816	6	7	20
817	7	7	20
818	8	7	20
819	9	7	20
820	10	7	20
821	11	7	20
822	12	7	20
823	1	7	21
824	9	7	21
825	1	7	22
826	9	7	22
827	1	7	24
828	1	7	29
829	9	7	29
830	1	7	31
831	9	7	31
832	1	7	32
833	3	7	32
834	5	7	32
835	6	7	32
836	11	7	32
837	12	7	32
838	1	7	34
839	6	7	34
840	9	7	34
841	11	7	34
842	12	7	34
843	1	7	35
844	3	7	35
845	4	7	35
846	5	7	35
847	6	7	35
848	7	7	35
849	8	7	35
850	9	7	35
851	10	7	35
852	11	7	35
853	12	7	35
854	1	7	36
855	2	7	36
856	3	7	36
857	4	7	36
858	5	7	36
859	6	7	36
860	7	7	36
861	8	7	36
862	9	7	36
863	10	7	36
864	11	7	36
865	12	7	36
866	1	7	37
867	9	7	37
868	1	7	38
869	9	7	38
870	1	7	39
871	1	7	41
872	1	7	42
873	9	7	42
874	1	7	44
875	9	7	44
876	1	7	344
877	9	7	344
878	1	7	520
879	9	7	520
880	1	7	521
881	9	7	521
882	1	7	522
883	9	7	522
884	1	7	524
885	9	7	524
886	2	7	789
887	4	7	789
888	7	7	789
889	10	7	789
890	2	7	834
891	4	7	834
892	7	7	834
893	10	7	834
894	2	7	836
895	3	7	836
896	4	7	836
897	5	7	836
898	6	7	836
899	7	7	836
900	8	7	836
901	10	7	836
902	11	7	836
903	12	7	836
904	2	7	838
905	4	7	838
906	7	7	838
907	10	7	838
908	2	7	842
909	2	7	843
910	3	7	843
911	4	7	843
912	5	7	843
913	6	7	843
914	7	7	843
915	10	7	843
916	11	7	843
917	12	7	843
918	2	7	1072
919	4	7	1072
920	7	7	1072
921	10	7	1072
922	2	7	1074
923	4	7	1074
924	7	7	1074
925	10	7	1074
926	2	7	1343
927	3	7	1343
928	4	7	1343
929	5	7	1343
930	6	7	1343
931	7	7	1343
932	11	7	1343
933	12	7	1343
934	2	7	1344
935	2	7	1810
936	4	7	1810
937	7	7	1810
938	10	7	1810
939	2	7	1812
940	3	7	1812
941	4	7	1812
942	5	7	1812
943	6	7	1812
944	8	7	1812
945	10	7	1812
946	11	7	1812
947	12	7	1812
948	2	7	1813
949	3	7	1813
950	4	7	1813
951	5	7	1813
952	6	7	1813
953	7	7	1813
954	10	7	1813
955	11	7	1813
956	12	7	1813
957	2	7	1814
958	3	7	1814
959	4	7	1814
960	5	7	1814
961	6	7	1814
962	7	7	1814
963	10	7	1814
964	11	7	1814
965	12	7	1814
966	2	7	1815
967	3	7	1815
968	4	7	1815
969	5	7	1815
970	6	7	1815
971	7	7	1815
972	8	7	1815
973	10	7	1815
974	11	7	1815
975	2	7	1816
976	3	7	1816
977	4	7	1816
978	5	7	1816
979	6	7	1816
980	7	7	1816
981	8	7	1816
982	10	7	1816
983	11	7	1816
984	12	7	1816
985	2	7	1817
986	4	7	1817
987	7	7	1817
988	10	7	1817
989	2	7	1818
990	3	7	1818
991	4	7	1818
992	5	7	1818
993	6	7	1818
994	7	7	1818
995	10	7	1818
996	11	7	1818
997	12	7	1818
998	2	7	1819
999	3	7	1819
1000	4	7	1819
1001	5	7	1819
1002	6	7	1819
1003	7	7	1819
1004	8	7	1819
1005	10	7	1819
1006	11	7	1819
1007	12	7	1819
1008	2	7	1820
1009	4	7	1820
1010	7	7	1820
1011	10	7	1820
1012	2	7	2039
1013	3	7	2039
1014	4	7	2039
1015	5	7	2039
1016	6	7	2039
1017	7	7	2039
1018	8	7	2039
1019	10	7	2039
1020	11	7	2039
1021	12	7	2039
1022	2	7	2040
1023	4	7	2040
1024	7	7	2040
1025	10	7	2040
1026	2	7	2041
1027	3	7	2041
1028	4	7	2041
1029	5	7	2041
1030	6	7	2041
1031	7	7	2041
1032	10	7	2041
1033	11	7	2041
1034	12	7	2041
1035	2	7	2042
1036	3	7	2042
1037	4	7	2042
1038	5	7	2042
1039	6	7	2042
1040	7	7	2042
1041	8	7	2042
1042	10	7	2042
1043	11	7	2042
1044	12	7	2042
1045	2	7	2267
1046	3	7	2267
1047	4	7	2267
1048	5	7	2267
1049	6	7	2267
1050	7	7	2267
1051	8	7	2267
1052	10	7	2267
1053	11	7	2267
1054	12	7	2267
1055	2	7	2269
1056	3	7	2269
1057	4	7	2269
1058	5	7	2269
1059	6	7	2269
1060	7	7	2269
1061	8	7	2269
1062	10	7	2269
1063	11	7	2269
1064	12	7	2269
1065	2	7	2271
1066	3	7	2271
1067	4	7	2271
1068	5	7	2271
1069	6	7	2271
1070	7	7	2271
1071	8	7	2271
1072	10	7	2271
1073	11	7	2271
1074	12	7	2271
1075	3	7	2817
1076	3	7	2818
1077	5	7	2818
1078	6	7	2818
1079	11	7	2818
1080	12	7	2818
1081	3	7	2819
1082	5	7	2819
1083	6	7	2819
1084	8	7	2819
1085	11	7	2819
1086	12	7	2819
1087	3	7	2821
1088	5	7	2821
1089	6	7	2821
1090	8	7	2821
1091	11	7	2821
1092	12	7	2821
1093	3	7	2823
1094	5	7	2823
1095	6	7	2823
1096	8	7	2823
1097	11	7	2823
1098	12	7	2823
1099	3	7	2825
1100	5	7	2825
1101	6	7	2825
1102	11	7	2825
1103	12	7	2825
1104	3	7	2826
1105	5	7	2826
1106	8	7	2826
1107	3	7	2835
1108	3	7	2836
1109	5	7	2836
1110	6	7	2836
1111	11	7	2836
1112	12	7	2836
1113	3	7	2838
1114	5	7	2838
1115	6	7	2838
1116	11	7	2838
1117	12	7	2838
1118	3	7	2840
1119	5	7	2840
1120	6	7	2840
1121	11	7	2840
1122	12	7	2840
1123	3	7	2842
1124	3	7	2844
1125	5	7	2844
1126	6	7	2844
1127	11	7	2844
1128	12	7	2844
1129	3	7	2846
1130	5	7	2846
1131	6	7	2846
1132	7	7	2846
1133	8	7	2846
1134	11	7	2846
1135	12	7	2846
1136	3	7	2847
1137	5	7	2847
1138	6	7	2847
1139	7	7	2847
1140	8	7	2847
1141	11	7	2847
1142	12	7	2847
1143	3	7	2848
1144	5	7	2848
1145	6	7	2848
1146	7	7	2848
1147	8	7	2848
1148	11	7	2848
1149	12	7	2848
1150	3	7	2849
1151	5	7	2849
1152	6	7	2849
1153	8	7	2849
1154	11	7	2849
1155	12	7	2849
1156	3	7	2850
1157	5	7	2850
1158	6	7	2850
1159	8	7	2850
1160	11	7	2850
1161	12	7	2850
1162	3	7	2851
1163	5	7	2851
1164	6	7	2851
1165	11	7	2851
1166	12	7	2851
1167	3	7	2853
1168	5	7	2853
1169	6	7	2853
1170	7	7	2853
1171	8	7	2853
1172	10	7	2853
1173	3	7	2854
1174	4	7	2854
1175	5	7	2854
1176	6	7	2854
1177	7	7	2854
1178	8	7	2854
1179	10	7	2854
1180	11	7	2854
1181	12	7	2854
1182	3	7	2856
1183	4	7	2856
1184	5	7	2856
1185	6	7	2856
1186	7	7	2856
1187	8	7	2856
1188	10	7	2856
1189	11	7	2856
1190	12	7	2856
1191	3	7	2857
1192	4	7	2857
1193	5	7	2857
1194	7	7	2857
1195	10	7	2857
1196	3	7	2858
1197	4	7	2858
1198	5	7	2858
1199	6	7	2858
1200	7	7	2858
1201	8	7	2858
1202	10	7	2858
1203	11	7	2858
1204	12	7	2858
1205	3	7	2859
1206	4	7	2859
1207	5	7	2859
1208	6	7	2859
1209	7	7	2859
1210	8	7	2859
1211	10	7	2859
1212	11	7	2859
1213	12	7	2859
1214	3	7	2860
1215	4	7	2860
1216	5	7	2860
1217	6	7	2860
1218	7	7	2860
1219	8	7	2860
1220	10	7	2860
1221	11	7	2860
1222	12	7	2860
1223	3	7	2871
1224	3	7	2872
1225	5	7	2872
1226	6	7	2872
1227	11	7	2872
1228	12	7	2872
1229	3	7	2878
1230	5	7	2878
1231	8	7	2878
1232	3	7	2879
1233	5	7	2879
1234	8	7	2879
1235	3	7	2888
1236	3	7	2889
1237	5	7	2889
1238	6	7	2889
1239	11	7	2889
1240	12	7	2889
1241	4	7	2955
1242	4	7	2957
1243	4	7	3036
1244	5	7	3036
1245	6	7	3036
1246	7	7	3036
1247	8	7	3036
1248	10	7	3036
1249	12	7	3036
1250	4	7	3037
1251	7	7	3037
1252	10	7	3037
1253	4	7	3042
1254	7	7	3042
1255	10	7	3042
1256	4	7	3048
1257	4	7	3052
1258	5	7	3469
1259	6	7	4144
1260	6	7	4149
1261	6	7	4205
1262	6	7	4207
1263	12	7	4207
1264	6	7	4209
1265	6	7	4222
1266	6	7	4235
1267	11	7	4235
1268	12	7	4235
1269	6	7	4253
1270	6	7	4475
1271	12	7	4475
1272	7	7	4801
1273	8	7	5342
1274	8	7	5509
1275	8	7	5513
1276	9	7	5862
1277	9	7	5870
1278	9	7	5877
1279	9	7	5890
1280	9	7	5891
1281	9	7	5899
1282	9	7	5900
1283	9	7	5904
1284	10	7	5973
1285	10	7	6246
1286	11	7	7499
1287	11	7	7551
1288	11	7	7776
1289	12	7	7970
1290	1	26	20
1291	2	26	20
1292	3	26	20
1293	4	26	20
1294	5	26	20
1295	6	26	20
1296	7	26	20
1297	8	26	20
1298	9	26	20
1299	10	26	20
1300	11	26	20
1301	12	26	20
1302	1	26	21
1303	9	26	21
1304	1	26	22
1305	9	26	22
1306	1	26	31
1307	9	26	31
1308	1	26	32
1309	3	26	32
1310	5	26	32
1311	6	26	32
1312	11	26	32
1313	12	26	32
1314	1	26	33
1315	9	26	33
1316	1	26	34
1317	6	26	34
1318	9	26	34
1319	11	26	34
1320	12	26	34
1321	1	26	35
1322	3	26	35
1323	4	26	35
1324	5	26	35
1325	6	26	35
1326	7	26	35
1327	8	26	35
1328	9	26	35
1329	10	26	35
1330	11	26	35
1331	12	26	35
1332	1	26	36
1333	2	26	36
1334	3	26	36
1335	4	26	36
1336	5	26	36
1337	6	26	36
1338	7	26	36
1339	8	26	36
1340	9	26	36
1341	10	26	36
1342	11	26	36
1343	12	26	36
1344	1	26	37
1345	9	26	37
1346	1	26	38
1347	9	26	38
1348	1	26	39
1349	1	26	40
1350	1	26	41
1351	1	26	42
1352	9	26	42
1353	1	26	44
1354	9	26	44
1355	1	26	344
1356	9	26	344
1357	1	26	520
1358	9	26	520
1359	1	26	521
1360	9	26	521
1361	1	26	522
1362	9	26	522
1363	1	26	523
1364	1	26	524
1365	9	26	524
1366	1	26	525
1367	1	26	526
1368	2	26	841
1369	4	26	841
1370	7	26	841
1371	10	26	841
1372	2	26	842
1373	2	26	843
1374	3	26	843
1375	4	26	843
1376	5	26	843
1377	6	26	843
1378	7	26	843
1379	10	26	843
1380	11	26	843
1381	12	26	843
1382	2	26	1072
1383	4	26	1072
1384	7	26	1072
1385	10	26	1072
1386	2	26	1073
1387	4	26	1073
1388	6	26	1073
1389	7	26	1073
1390	10	26	1073
1391	11	26	1073
1392	12	26	1073
1393	2	26	1074
1394	4	26	1074
1395	7	26	1074
1396	10	26	1074
1397	2	26	1075
1398	4	26	1075
1399	10	26	1075
1400	2	26	1343
1401	3	26	1343
1402	4	26	1343
1403	5	26	1343
1404	6	26	1343
1405	7	26	1343
1406	11	26	1343
1407	12	26	1343
1408	2	26	1344
1409	2	26	1810
1410	4	26	1810
1411	7	26	1810
1412	10	26	1810
1413	2	26	1812
1414	3	26	1812
1415	4	26	1812
1416	5	26	1812
1417	6	26	1812
1418	8	26	1812
1419	10	26	1812
1420	11	26	1812
1421	12	26	1812
1422	2	26	1813
1423	3	26	1813
1424	4	26	1813
1425	5	26	1813
1426	6	26	1813
1427	7	26	1813
1428	10	26	1813
1429	11	26	1813
1430	12	26	1813
1431	2	26	1814
1432	3	26	1814
1433	4	26	1814
1434	5	26	1814
1435	6	26	1814
1436	7	26	1814
1437	10	26	1814
1438	11	26	1814
1439	12	26	1814
1440	2	26	1815
1441	3	26	1815
1442	4	26	1815
1443	5	26	1815
1444	6	26	1815
1445	7	26	1815
1446	8	26	1815
1447	10	26	1815
1448	11	26	1815
1449	2	26	1816
1450	3	26	1816
1451	4	26	1816
1452	5	26	1816
1453	6	26	1816
1454	7	26	1816
1455	8	26	1816
1456	10	26	1816
1457	11	26	1816
1458	12	26	1816
1459	2	26	1817
1460	4	26	1817
1461	7	26	1817
1462	10	26	1817
1463	2	26	1818
1464	3	26	1818
1465	4	26	1818
1466	5	26	1818
1467	6	26	1818
1468	7	26	1818
1469	10	26	1818
1470	11	26	1818
1471	12	26	1818
1472	2	26	1819
1473	3	26	1819
1474	4	26	1819
1475	5	26	1819
1476	6	26	1819
1477	7	26	1819
1478	8	26	1819
1479	10	26	1819
1480	11	26	1819
1481	12	26	1819
1482	2	26	1820
1483	4	26	1820
1484	7	26	1820
1485	10	26	1820
1486	2	26	1821
1487	3	26	1821
1488	4	26	1821
1489	5	26	1821
1490	6	26	1821
1491	7	26	1821
1492	10	26	1821
1493	11	26	1821
1494	12	26	1821
1495	2	26	2038
1496	3	26	2038
1497	4	26	2038
1498	5	26	2038
1499	6	26	2038
1500	7	26	2038
1501	8	26	2038
1502	10	26	2038
1503	11	26	2038
1504	12	26	2038
1505	2	26	2039
1506	3	26	2039
1507	4	26	2039
1508	5	26	2039
1509	6	26	2039
1510	7	26	2039
1511	8	26	2039
1512	10	26	2039
1513	11	26	2039
1514	12	26	2039
1515	2	26	2040
1516	4	26	2040
1517	7	26	2040
1518	10	26	2040
1519	2	26	2041
1520	3	26	2041
1521	4	26	2041
1522	5	26	2041
1523	6	26	2041
1524	7	26	2041
1525	10	26	2041
1526	11	26	2041
1527	12	26	2041
1528	2	26	2042
1529	3	26	2042
1530	4	26	2042
1531	5	26	2042
1532	6	26	2042
1533	7	26	2042
1534	8	26	2042
1535	10	26	2042
1536	11	26	2042
1537	12	26	2042
1538	2	26	2043
1539	3	26	2043
1540	4	26	2043
1541	5	26	2043
1542	7	26	2043
1543	8	26	2043
1544	10	26	2043
1545	2	26	2132
1546	3	26	2132
1547	4	26	2132
1548	5	26	2132
1549	6	26	2132
1550	7	26	2132
1551	8	26	2132
1552	10	26	2132
1553	11	26	2132
1554	12	26	2132
1555	2	26	2266
1556	3	26	2266
1557	4	26	2266
1558	5	26	2266
1559	6	26	2266
1560	7	26	2266
1561	8	26	2266
1562	10	26	2266
1563	11	26	2266
1564	12	26	2266
1565	2	26	2267
1566	3	26	2267
1567	4	26	2267
1568	5	26	2267
1569	6	26	2267
1570	7	26	2267
1571	8	26	2267
1572	10	26	2267
1573	11	26	2267
1574	12	26	2267
1575	2	26	2268
1576	3	26	2268
1577	4	26	2268
1578	5	26	2268
1579	6	26	2268
1580	8	26	2268
1581	10	26	2268
1582	11	26	2268
1583	12	26	2268
1584	2	26	2269
1585	3	26	2269
1586	4	26	2269
1587	5	26	2269
1588	6	26	2269
1589	7	26	2269
1590	8	26	2269
1591	10	26	2269
1592	11	26	2269
1593	12	26	2269
1594	2	26	2270
1595	3	26	2270
1596	4	26	2270
1597	5	26	2270
1598	6	26	2270
1599	7	26	2270
1600	8	26	2270
1601	10	26	2270
1602	11	26	2270
1603	12	26	2270
1604	2	26	2271
1605	3	26	2271
1606	4	26	2271
1607	5	26	2271
1608	6	26	2271
1609	7	26	2271
1610	8	26	2271
1611	10	26	2271
1612	11	26	2271
1613	12	26	2271
1614	2	26	2272
1615	3	26	2272
1616	5	26	2272
1617	3	26	2834
1618	5	26	2834
1619	6	26	2834
1620	11	26	2834
1621	12	26	2834
1622	3	26	2835
1623	3	26	2836
1624	5	26	2836
1625	6	26	2836
1626	11	26	2836
1627	12	26	2836
1628	3	26	2840
1629	5	26	2840
1630	6	26	2840
1631	11	26	2840
1632	12	26	2840
1633	3	26	2841
1634	5	26	2841
1635	6	26	2841
1636	11	26	2841
1637	12	26	2841
1638	3	26	2842
1639	3	26	2844
1640	5	26	2844
1641	6	26	2844
1642	11	26	2844
1643	12	26	2844
1644	3	26	2846
1645	5	26	2846
1646	6	26	2846
1647	7	26	2846
1648	8	26	2846
1649	11	26	2846
1650	12	26	2846
1651	3	26	2847
1652	5	26	2847
1653	6	26	2847
1654	7	26	2847
1655	8	26	2847
1656	11	26	2847
1657	12	26	2847
1658	3	26	2848
1659	5	26	2848
1660	6	26	2848
1661	7	26	2848
1662	8	26	2848
1663	11	26	2848
1664	12	26	2848
1665	3	26	2849
1666	5	26	2849
1667	6	26	2849
1668	8	26	2849
1669	11	26	2849
1670	12	26	2849
1671	3	26	2850
1672	5	26	2850
1673	6	26	2850
1674	8	26	2850
1675	11	26	2850
1676	12	26	2850
1677	3	26	2851
1678	5	26	2851
1679	6	26	2851
1680	11	26	2851
1681	12	26	2851
1682	3	26	2852
1683	5	26	2852
1684	3	26	2853
1685	5	26	2853
1686	6	26	2853
1687	7	26	2853
1688	8	26	2853
1689	10	26	2853
1690	3	26	2854
1691	4	26	2854
1692	5	26	2854
1693	6	26	2854
1694	7	26	2854
1695	8	26	2854
1696	10	26	2854
1697	11	26	2854
1698	12	26	2854
1699	3	26	2856
1700	4	26	2856
1701	5	26	2856
1702	6	26	2856
1703	7	26	2856
1704	8	26	2856
1705	10	26	2856
1706	11	26	2856
1707	12	26	2856
1708	3	26	2857
1709	4	26	2857
1710	5	26	2857
1711	7	26	2857
1712	10	26	2857
1713	3	26	2858
1714	4	26	2858
1715	5	26	2858
1716	6	26	2858
1717	7	26	2858
1718	8	26	2858
1719	10	26	2858
1720	11	26	2858
1721	12	26	2858
1722	3	26	2859
1723	4	26	2859
1724	5	26	2859
1725	6	26	2859
1726	7	26	2859
1727	8	26	2859
1728	10	26	2859
1729	11	26	2859
1730	12	26	2859
1731	3	26	2860
1732	4	26	2860
1733	5	26	2860
1734	6	26	2860
1735	7	26	2860
1736	8	26	2860
1737	10	26	2860
1738	11	26	2860
1739	12	26	2860
1740	3	26	2871
1741	3	26	2872
1742	5	26	2872
1743	6	26	2872
1744	11	26	2872
1745	12	26	2872
1746	3	26	2876
1747	5	26	2876
1748	8	26	2876
1749	3	26	2878
1750	5	26	2878
1751	8	26	2878
1752	3	26	2879
1753	5	26	2879
1754	8	26	2879
1755	3	26	2880
1756	5	26	2880
1757	8	26	2880
1758	3	26	2888
1759	3	26	2889
1760	5	26	2889
1761	6	26	2889
1762	11	26	2889
1763	12	26	2889
1764	3	26	2890
1765	5	26	2890
1766	11	26	2890
1767	12	26	2890
1768	4	26	2972
1769	10	26	2972
1770	4	26	2975
1771	4	26	3036
1772	5	26	3036
1773	6	26	3036
1774	7	26	3036
1775	8	26	3036
1776	10	26	3036
1777	12	26	3036
1778	4	26	3037
1779	7	26	3037
1780	10	26	3037
1781	4	26	3042
1782	7	26	3042
1783	10	26	3042
1784	4	26	3048
1785	4	26	3052
1786	4	26	3073
1787	5	26	3469
1788	5	26	3479
1789	6	26	4205
1790	6	26	4207
1791	12	26	4207
1792	6	26	4209
1793	6	26	4218
1794	6	26	4222
1795	6	26	4235
1796	11	26	4235
1797	12	26	4235
1798	6	26	4248
1799	6	26	4250
1800	6	26	4253
1801	6	26	4470
1802	12	26	4470
1803	6	26	4472
1804	11	26	4472
1805	12	26	4472
1806	6	26	4475
1807	12	26	4475
1808	6	26	4477
1809	6	26	4482
1810	6	26	4483
1811	6	26	4484
1812	6	26	4485
1813	6	26	4486
1814	6	26	4487
1815	7	26	4798
1816	10	26	4798
1817	7	26	4801
1818	7	26	4927
1819	7	26	4928
1820	7	26	4929
1821	7	26	4930
1822	7	26	4931
1823	7	26	4932
1824	7	26	4933
1825	7	26	5001
1826	8	26	5369
1827	8	26	5400
1828	8	26	5509
1829	8	26	5513
1830	8	26	5522
1831	8	26	5537
1832	8	26	5567
1833	9	26	5878
1834	9	26	5879
1835	9	26	5883
1836	9	26	5884
1837	9	26	5888
1838	9	26	5890
1839	9	26	5891
1840	9	26	5899
1841	9	26	5900
1842	9	26	5902
1843	9	26	5903
1844	9	26	5904
1845	9	26	5908
1846	9	26	5910
1847	9	26	5911
1848	9	26	5912
1849	11	26	7551
1850	11	26	7776
1851	12	26	8019
1852	1	41	33
1853	9	41	33
1854	2	41	792
1855	4	41	792
1856	10	41	792
1857	2	41	837
1858	4	41	837
1859	10	41	837
1860	2	41	1073
1861	4	41	1073
1862	6	41	1073
1863	7	41	1073
1864	10	41	1073
1865	11	41	1073
1866	12	41	1073
1867	2	41	1075
1868	4	41	1075
1869	10	41	1075
1870	2	41	2268
1871	3	41	2268
1872	4	41	2268
1873	5	41	2268
1874	6	41	2268
1875	8	41	2268
1876	10	41	2268
1877	11	41	2268
1878	12	41	2268
1879	3	41	2841
1880	5	41	2841
1881	6	41	2841
1882	11	41	2841
1883	12	41	2841
1884	4	41	2972
1885	10	41	2972
1886	3	218	2831
1887	5	218	2831
1888	6	218	2831
1889	8	218	2831
1890	11	218	2831
1891	12	218	2831
1892	8	218	5355
1893	9	218	5902
1894	7	407	4798
1895	10	407	4798
1896	8	429	5340
1897	8	429	5369
1898	8	429	5387
1899	8	429	5398
1900	8	429	5400
1902	8	430	5340
1903	8	430	5387
1904	8	442	5400
1905	8	444	5400
1906	8	445	5400
1907	8	447	5400
\.


--
-- TOC entry 3781 (class 0 OID 16490)
-- Dependencies: 257
-- Data for Name: processing_job; Type: TABLE DATA; Schema: public; Owner: postgres
--

COPY public.processing_job (id, job_name, status, entry_time) FROM stdin;
22	cli_prop_a0611903-e61b-4945-836b-731fc740606a	C	2025-01-03 08:58:49.760335+00
1	cli_16c19985-25a9-494c-a51f-010ec83d2bbc	C	2025-01-03 07:42:20.331708+00
42	cli_prop_70baa572-13e6-44bc-aa4a-1577ff7009fb	C	2025-01-03 18:44:27.426428+00
23	cli_prop_494042dd-25b5-451b-88ce-41b92d5c1bf0	C	2025-01-03 08:58:56.577296+00
24	cli_prop_2f0eac4c-a2d8-4160-8799-fca9f71ee117	C	2025-01-03 08:58:57.935984+00
43	cli_prop_9d4cec74-c924-49fd-9bdc-48ae32176d8f	C	2025-01-03 18:44:33.298016+00
44	cli_prop_26e58223-7b34-4df9-bdc2-5ec1cf1ce7db	C	2025-01-03 18:44:34.445867+00
11	cli_queue-job	Q	2025-01-03 08:45:03.788408+00
45	cli_prop_41764f6b-7292-469a-919b-eb1629fbfbfc	C	2025-01-03 18:47:09.827964+00
29	cli_prop_1c09b8b3-4cae-42a5-85fe-1da9da2f2258	C	2025-01-03 09:06:32.296036+00
30	cli_prop_abd0cecc-ed0f-4ac9-ad2e-369f47df751e	C	2025-01-03 09:06:33.918719+00
46	cli_prop_499605c5-02f2-49de-8925-94325aec552c	C	2025-01-03 18:47:15.248203+00
31	cli_d6a7e293-ca12-4492-968c-2b0b75a59831	C	2025-01-03 18:24:09.47712+00
12	cli_prop_0ad78f38-f2fc-4c75-ac41-9f0ff116fbae	IP	2025-01-03 08:51:36.029786+00
47	cli_prop_6d42ea19-50f3-4d61-91be-87c24470b03f	C	2025-01-03 18:47:16.568308+00
13	cli_prop_3516eb0b-6f03-4fe7-b20c-6420d0aecdb6	C	2025-01-03 08:54:01.159563+00
14	cli_prop_7a1e6e65-10e7-4147-a739-9c0c4d04a460	C	2025-01-03 08:54:06.228325+00
15	cli_prop_c504d93f-cd1e-44fe-a8d4-ff5910c6183f	C	2025-01-03 08:54:07.605078+00
25	cli_fail-job	F	2025-01-03 09:02:30.643879+00
16	cli_prop_1676e1b6-fbc8-4618-b433-7497b034654a	C	2025-01-03 08:57:05.381893+00
34	cli_prop_7eb7b41d-0c72-4d17-ad1b-1745634a872d	C	2025-01-03 18:28:42.924416+00
17	cli_prop_5bf34497-1240-4304-9bde-ba805098b1f2	C	2025-01-03 08:57:12.09568+00
18	cli_prop_2823ba59-9daa-4e11-a5fa-643a6a000c08	C	2025-01-03 08:57:13.283405+00
26	cli_fail-job-1	F	2025-01-03 09:02:36.493141+00
19	cli_prop_b3967fcb-af40-49e2-b09f-b422368bd8f5	C	2025-01-03 08:57:36.277978+00
35	cli_prop_4d3c0fc7-f30d-43c6-bc73-f02469bea39b	C	2025-01-03 18:28:44.2119+00
20	cli_prop_7a8e0631-ec8b-43a1-856f-fb6996c6af80	C	2025-01-03 08:57:42.528532+00
21	cli_prop_c5c7a21c-d266-4f8f-8c6f-d7c591f25199	C	2025-01-03 08:57:43.946057+00
36	cli_prop_462c8270-5fc3-47a2-bd1b-bf5df26c1cc8	C	2025-01-03 18:33:57.513317+00
37	cli_prop_61897cca-8ba0-49bf-a83b-7a6bd492bdd1	C	2025-01-03 18:34:03.37214+00
48	cli_prop_bc6a1891-ebc4-4fa0-ae35-0d37ee43f610	C	2025-01-03 18:49:32.188614+00
38	cli_prop_0e434de1-08cf-4141-88d9-9c18582081da	C	2025-01-03 18:34:04.508052+00
27	cli_prop_2b2dd78a-30a9-422b-ba15-675c0121dc06	F	2025-01-03 09:02:37.656729+00
28	cli_prop_4396f18d-9b59-419a-a704-89d49aed3abc	F	2025-01-03 09:06:25.996458+00
39	cli_prop_a0c97196-f397-4f5b-a9ef-9edc1805a4d5	C	2025-01-03 18:39:28.689115+00
40	cli_prop_488de7d6-06a5-4abb-bafa-a09eb9d59920	C	2025-01-03 18:39:34.154924+00
49	cli_prop_7865d3ee-5f4b-4933-83e1-96d715e4d1bf	C	2025-01-03 18:49:38.537846+00
41	cli_prop_adda5947-290e-4fe6-b1c5-b135b42021b8	C	2025-01-03 18:39:35.651049+00
50	cli_prop_134bd179-293d-4065-9113-c2cc5cb26975	C	2025-01-03 18:49:39.819881+00
\.


--
-- TOC entry 3783 (class 0 OID 16494)
-- Dependencies: 259
-- Data for Name: property; Type: TABLE DATA; Schema: public; Owner: postgres
--

COPY public.property (id, name, datatype, querytype, description, target, standard) FROM stdin;
1	sequencing_reason	value_varchar	\N	\N	\N	\N
2	sample_type	value_varchar	\N	\N	\N	\N
267	euro	value_float	\N	\N	\N	\N
269	comments	value_text	\N	\N	\N	\N
274	age	value_integer	\N	\N	\N	\N
\.


--
-- TOC entry 3785 (class 0 OID 16500)
-- Dependencies: 261
-- Data for Name: reference; Type: TABLE DATA; Schema: public; Owner: postgres
--

COPY public.reference (id, accession, description, organism, collection_date, country, db_xref, host, isolate, mol_type, name, translation_id) FROM stdin;
1	MN908947.3	(Wuhan-Hu-1/2019)	Severe acute respiratory syndrome coronavirus 2	2019-12-01	China	taxon:2697049	Homo sapiens	Wuhan-Hu-1	genomic RNA	/sonar/data/import/gbks/ref.cov19.gb	1
\.


--
-- TOC entry 3787 (class 0 OID 16506)
-- Dependencies: 263
-- Data for Name: replicon; Type: TABLE DATA; Schema: public; Owner: postgres
--

COPY public.replicon (id, length, sequence, accession, description, type, segment_number, reference_id) FROM stdin;
1	29903	ATTAAAGGTTTATACCTTCCCAGGTAACAAACCAACCAACTTTCGATCTCTTGTAGATCTGTTCTCTAAACGAACTTTAAAATCTGTGTGGCTGTCACTCGGCTGCATGCTTAGTGCACTCACGCAGTATAATTAATAACTAATTACTGTCGTTGACAGGACACGAGTAACTCGTCTATCTTCTGCAGGCTGCTTACGGTTTCGTCCGTGTTGCAGCCGATCATCAGCACATCTAGGTTTCGTCCGGGTGTGACCGAAAGGTAAGATGGAGAGCCTTGTCCCTGGTTTCAACGAGAAAACACACGTCCAACTCAGTTTGCCTGTTTTACAGGTTCGCGACGTGCTCGTACGTGGCTTTGGAGACTCCGTGGAGGAGGTCTTATCAGAGGCACGTCAACATCTTAAAGATGGCACTTGTGGCTTAGTAGAAGTTGAAAAAGGCGTTTTGCCTCAACTTGAACAGCCCTATGTGTTCATCAAACGTTCGGATGCTCGAACTGCACCTCATGGTCATGTTATGGTTGAGCTGGTAGCAGAACTCGAAGGCATTCAGTACGGTCGTAGTGGTGAGACACTTGGTGTCCTTGTCCCTCATGTGGGCGAAATACCAGTGGCTTACCGCAAGGTTCTTCTTCGTAAGAACGGTAATAAAGGAGCTGGTGGCCATAGTTACGGCGCCGATCTAAAGTCATTTGACTTAGGCGACGAGCTTGGCACTGATCCTTATGAAGATTTTCAAGAAAACTGGAACACTAAACATAGCAGTGGTGTTACCCGTGAACTCATGCGTGAGCTTAACGGAGGGGCATACACTCGCTATGTCGATAACAACTTCTGTGGCCCTGATGGCTACCCTCTTGAGTGCATTAAAGACCTTCTAGCACGTGCTGGTAAAGCTTCATGCACTTTGTCCGAACAACTGGACTTTATTGACACTAAGAGGGGTGTATACTGCTGCCGTGAACATGAGCATGAAATTGCTTGGTACACGGAACGTTCTGAAAAGAGCTATGAATTGCAGACACCTTTTGAAATTAAATTGGCAAAGAAATTTGACACCTTCAATGGGGAATGTCCAAATTTTGTATTTCCCTTAAATTCCATAATCAAGACTATTCAACCAAGGGTTGAAAAGAAAAAGCTTGATGGCTTTATGGGTAGAATTCGATCTGTCTATCCAGTTGCGTCACCAAATGAATGCAACCAAATGTGCCTTTCAACTCTCATGAAGTGTGATCATTGTGGTGAAACTTCATGGCAGACGGGCGATTTTGTTAAAGCCACTTGCGAATTTTGTGGCACTGAGAATTTGACTAAAGAAGGTGCCACTACTTGTGGTTACTTACCCCAAAATGCTGTTGTTAAAATTTATTGTCCAGCATGTCACAATTCAGAAGTAGGACCTGAGCATAGTCTTGCCGAATACCATAATGAATCTGGCTTGAAAACCATTCTTCGTAAGGGTGGTCGCACTATTGCCTTTGGAGGCTGTGTGTTCTCTTATGTTGGTTGCCATAACAAGTGTGCCTATTGGGTTCCACGTGCTAGCGCTAACATAGGTTGTAACCATACAGGTGTTGTTGGAGAAGGTTCCGAAGGTCTTAATGACAACCTTCTTGAAATACTCCAAAAAGAGAAAGTCAACATCAATATTGTTGGTGACTTTAAACTTAATGAAGAGATCGCCATTATTTTGGCATCTTTTTCTGCTTCCACAAGTGCTTTTGTGGAAACTGTGAAAGGTTTGGATTATAAAGCATTCAAACAAATTGTTGAATCCTGTGGTAATTTTAAAGTTACAAAAGGAAAAGCTAAAAAAGGTGCCTGGAATATTGGTGAACAGAAATCAATACTGAGTCCTCTTTATGCATTTGCATCAGAGGCTGCTCGTGTTGTACGATCAATTTTCTCCCGCACTCTTGAAACTGCTCAAAATTCTGTGCGTGTTTTACAGAAGGCCGCTATAACAATACTAGATGGAATTTCACAGTATTCACTGAGACTCATTGATGCTATGATGTTCACATCTGATTTGGCTACTAACAATCTAGTTGTAATGGCCTACATTACAGGTGGTGTTGTTCAGTTGACTTCGCAGTGGCTAACTAACATCTTTGGCACTGTTTATGAAAAACTCAAACCCGTCCTTGATTGGCTTGAAGAGAAGTTTAAGGAAGGTGTAGAGTTTCTTAGAGACGGTTGGGAAATTGTTAAATTTATCTCAACCTGTGCTTGTGAAATTGTCGGTGGACAAATTGTCACCTGTGCAAAGGAAATTAAGGAGAGTGTTCAGACATTCTTTAAGCTTGTAAATAAATTTTTGGCTTTGTGTGCTGACTCTATCATTATTGGTGGAGCTAAACTTAAAGCCTTGAATTTAGGTGAAACATTTGTCACGCACTCAAAGGGATTGTACAGAAAGTGTGTTAAATCCAGAGAAGAAACTGGCCTACTCATGCCTCTAAAAGCCCCAAAAGAAATTATCTTCTTAGAGGGAGAAACACTTCCCACAGAAGTGTTAACAGAGGAAGTTGTCTTGAAAACTGGTGATTTACAACCATTAGAACAACCTACTAGTGAAGCTGTTGAAGCTCCATTGGTTGGTACACCAGTTTGTATTAACGGGCTTATGTTGCTCGAAATCAAAGACACAGAAAAGTACTGTGCCCTTGCACCTAATATGATGGTAACAAACAATACCTTCACACTCAAAGGCGGTGCACCAACAAAGGTTACTTTTGGTGATGACACTGTGATAGAAGTGCAAGGTTACAAGAGTGTGAATATCACTTTTGAACTTGATGAAAGGATTGATAAAGTACTTAATGAGAAGTGCTCTGCCTATACAGTTGAACTCGGTACAGAAGTAAATGAGTTCGCCTGTGTTGTGGCAGATGCTGTCATAAAAACTTTGCAACCAGTATCTGAATTACTTACACCACTGGGCATTGATTTAGATGAGTGGAGTATGGCTACATACTACTTATTTGATGAGTCTGGTGAGTTTAAATTGGCTTCACATATGTATTGTTCTTTCTACCCTCCAGATGAGGATGAAGAAGAAGGTGATTGTGAAGAAGAAGAGTTTGAGCCATCAACTCAATATGAGTATGGTACTGAAGATGATTACCAAGGTAAACCTTTGGAATTTGGTGCCACTTCTGCTGCTCTTCAACCTGAAGAAGAGCAAGAAGAAGATTGGTTAGATGATGATAGTCAACAAACTGTTGGTCAACAAGACGGCAGTGAGGACAATCAGACAACTACTATTCAAACAATTGTTGAGGTTCAACCTCAATTAGAGATGGAACTTACACCAGTTGTTCAGACTATTGAAGTGAATAGTTTTAGTGGTTATTTAAAACTTACTGACAATGTATACATTAAAAATGCAGACATTGTGGAAGAAGCTAAAAAGGTAAAACCAACAGTGGTTGTTAATGCAGCCAATGTTTACCTTAAACATGGAGGAGGTGTTGCAGGAGCCTTAAATAAGGCTACTAACAATGCCATGCAAGTTGAATCTGATGATTACATAGCTACTAATGGACCACTTAAAGTGGGTGGTAGTTGTGTTTTAAGCGGACACAATCTTGCTAAACACTGTCTTCATGTTGTCGGCCCAAATGTTAACAAAGGTGAAGACATTCAACTTCTTAAGAGTGCTTATGAAAATTTTAATCAGCACGAAGTTCTACTTGCACCATTATTATCAGCTGGTATTTTTGGTGCTGACCCTATACATTCTTTAAGAGTTTGTGTAGATACTGTTCGCACAAATGTCTACTTAGCTGTCTTTGATAAAAATCTCTATGACAAACTTGTTTCAAGCTTTTTGGAAATGAAGAGTGAAAAGCAAGTTGAACAAAAGATCGCTGAGATTCCTAAAGAGGAAGTTAAGCCATTTATAACTGAAAGTAAACCTTCAGTTGAACAGAGAAAACAAGATGATAAGAAAATCAAAGCTTGTGTTGAAGAAGTTACAACAACTCTGGAAGAAACTAAGTTCCTCACAGAAAACTTGTTACTTTATATTGACATTAATGGCAATCTTCATCCAGATTCTGCCACTCTTGTTAGTGACATTGACATCACTTTCTTAAAGAAAGATGCTCCATATATAGTGGGTGATGTTGTTCAAGAGGGTGTTTTAACTGCTGTGGTTATACCTACTAAAAAGGCTGGTGGCACTACTGAAATGCTAGCGAAAGCTTTGAGAAAAGTGCCAACAGACAATTATATAACCACTTACCCGGGTCAGGGTTTAAATGGTTACACTGTAGAGGAGGCAAAGACAGTGCTTAAAAAGTGTAAAAGTGCCTTTTACATTCTACCATCTATTATCTCTAATGAGAAGCAAGAAATTCTTGGAACTGTTTCTTGGAATTTGCGAGAAATGCTTGCACATGCAGAAGAAACACGCAAATTAATGCCTGTCTGTGTGGAAACTAAAGCCATAGTTTCAACTATACAGCGTAAATATAAGGGTATTAAAATACAAGAGGGTGTGGTTGATTATGGTGCTAGATTTTACTTTTACACCAGTAAAACAACTGTAGCGTCACTTATCAACACACTTAACGATCTAAATGAAACTCTTGTTACAATGCCACTTGGCTATGTAACACATGGCTTAAATTTGGAAGAAGCTGCTCGGTATATGAGATCTCTCAAAGTGCCAGCTACAGTTTCTGTTTCTTCACCTGATGCTGTTACAGCGTATAATGGTTATCTTACTTCTTCTTCTAAAACACCTGAAGAACATTTTATTGAAACCATCTCACTTGCTGGTTCCTATAAAGATTGGTCCTATTCTGGACAATCTACACAACTAGGTATAGAATTTCTTAAGAGAGGTGATAAAAGTGTATATTACACTAGTAATCCTACCACATTCCACCTAGATGGTGAAGTTATCACCTTTGACAATCTTAAGACACTTCTTTCTTTGAGAGAAGTGAGGACTATTAAGGTGTTTACAACAGTAGACAACATTAACCTCCACACGCAAGTTGTGGACATGTCAATGACATATGGACAACAGTTTGGTCCAACTTATTTGGATGGAGCTGATGTTACTAAAATAAAACCTCATAATTCACATGAAGGTAAAACATTTTATGTTTTACCTAATGATGACACTCTACGTGTTGAGGCTTTTGAGTACTACCACACAACTGATCCTAGTTTTCTGGGTAGGTACATGTCAGCATTAAATCACACTAAAAAGTGGAAATACCCACAAGTTAATGGTTTAACTTCTATTAAATGGGCAGATAACAACTGTTATCTTGCCACTGCATTGTTAACACTCCAACAAATAGAGTTGAAGTTTAATCCACCTGCTCTACAAGATGCTTATTACAGAGCAAGGGCTGGTGAAGCTGCTAACTTTTGTGCACTTATCTTAGCCTACTGTAATAAGACAGTAGGTGAGTTAGGTGATGTTAGAGAAACAATGAGTTACTTGTTTCAACATGCCAATTTAGATTCTTGCAAAAGAGTCTTGAACGTGGTGTGTAAAACTTGTGGACAACAGCAGACAACCCTTAAGGGTGTAGAAGCTGTTATGTACATGGGCACACTTTCTTATGAACAATTTAAGAAAGGTGTTCAGATACCTTGTACGTGTGGTAAACAAGCTACAAAATATCTAGTACAACAGGAGTCACCTTTTGTTATGATGTCAGCACCACCTGCTCAGTATGAACTTAAGCATGGTACATTTACTTGTGCTAGTGAGTACACTGGTAATTACCAGTGTGGTCACTATAAACATATAACTTCTAAAGAAACTTTGTATTGCATAGACGGTGCTTTACTTACAAAGTCCTCAGAATACAAAGGTCCTATTACGGATGTTTTCTACAAAGAAAACAGTTACACAACAACCATAAAACCAGTTACTTATAAATTGGATGGTGTTGTTTGTACAGAAATTGACCCTAAGTTGGACAATTATTATAAGAAAGACAATTCTTATTTCACAGAGCAACCAATTGATCTTGTACCAAACCAACCATATCCAAACGCAAGCTTCGATAATTTTAAGTTTGTATGTGATAATATCAAATTTGCTGATGATTTAAACCAGTTAACTGGTTATAAGAAACCTGCTTCAAGAGAGCTTAAAGTTACATTTTTCCCTGACTTAAATGGTGATGTGGTGGCTATTGATTATAAACACTACACACCCTCTTTTAAGAAAGGAGCTAAATTGTTACATAAACCTATTGTTTGGCATGTTAACAATGCAACTAATAAAGCCACGTATAAACCAAATACCTGGTGTATACGTTGTCTTTGGAGCACAAAACCAGTTGAAACATCAAATTCGTTTGATGTACTGAAGTCAGAGGACGCGCAGGGAATGGATAATCTTGCCTGCGAAGATCTAAAACCAGTCTCTGAAGAAGTAGTGGAAAATCCTACCATACAGAAAGACGTTCTTGAGTGTAATGTGAAAACTACCGAAGTTGTAGGAGACATTATACTTAAACCAGCAAATAATAGTTTAAAAATTACAGAAGAGGTTGGCCACACAGATCTAATGGCTGCTTATGTAGACAATTCTAGTCTTACTATTAAGAAACCTAATGAATTATCTAGAGTATTAGGTTTGAAAACCCTTGCTACTCATGGTTTAGCTGCTGTTAATAGTGTCCCTTGGGATACTATAGCTAATTATGCTAAGCCTTTTCTTAACAAAGTTGTTAGTACAACTACTAACATAGTTACACGGTGTTTAAACCGTGTTTGTACTAATTATATGCCTTATTTCTTTACTTTATTGCTACAATTGTGTACTTTTACTAGAAGTACAAATTCTAGAATTAAAGCATCTATGCCGACTACTATAGCAAAGAATACTGTTAAGAGTGTCGGTAAATTTTGTCTAGAGGCTTCATTTAATTATTTGAAGTCACCTAATTTTTCTAAACTGATAAATATTATAATTTGGTTTTTACTATTAAGTGTTTGCCTAGGTTCTTTAATCTACTCAACCGCTGCTTTAGGTGTTTTAATGTCTAATTTAGGCATGCCTTCTTACTGTACTGGTTACAGAGAAGGCTATTTGAACTCTACTAATGTCACTATTGCAACCTACTGTACTGGTTCTATACCTTGTAGTGTTTGTCTTAGTGGTTTAGATTCTTTAGACACCTATCCTTCTTTAGAAACTATACAAATTACCATTTCATCTTTTAAATGGGATTTAACTGCTTTTGGCTTAGTTGCAGAGTGGTTTTTGGCATATATTCTTTTCACTAGGTTTTTCTATGTACTTGGATTGGCTGCAATCATGCAATTGTTTTTCAGCTATTTTGCAGTACATTTTATTAGTAATTCTTGGCTTATGTGGTTAATAATTAATCTTGTACAAATGGCCCCGATTTCAGCTATGGTTAGAATGTACATCTTCTTTGCATCATTTTATTATGTATGGAAAAGTTATGTGCATGTTGTAGACGGTTGTAATTCATCAACTTGTATGATGTGTTACAAACGTAATAGAGCAACAAGAGTCGAATGTACAACTATTGTTAATGGTGTTAGAAGGTCCTTTTATGTCTATGCTAATGGAGGTAAAGGCTTTTGCAAACTACACAATTGGAATTGTGTTAATTGTGATACATTCTGTGCTGGTAGTACATTTATTAGTGATGAAGTTGCGAGAGACTTGTCACTACAGTTTAAAAGACCAATAAATCCTACTGACCAGTCTTCTTACATCGTTGATAGTGTTACAGTGAAGAATGGTTCCATCCATCTTTACTTTGATAAAGCTGGTCAAAAGACTTATGAAAGACATTCTCTCTCTCATTTTGTTAACTTAGACAACCTGAGAGCTAATAACACTAAAGGTTCATTGCCTATTAATGTTATAGTTTTTGATGGTAAATCAAAATGTGAAGAATCATCTGCAAAATCAGCGTCTGTTTACTACAGTCAGCTTATGTGTCAACCTATACTGTTACTAGATCAGGCATTAGTGTCTGATGTTGGTGATAGTGCGGAAGTTGCAGTTAAAATGTTTGATGCTTACGTTAATACGTTTTCATCAACTTTTAACGTACCAATGGAAAAACTCAAAACACTAGTTGCAACTGCAGAAGCTGAACTTGCAAAGAATGTGTCCTTAGACAATGTCTTATCTACTTTTATTTCAGCAGCTCGGCAAGGGTTTGTTGATTCAGATGTAGAAACTAAAGATGTTGTTGAATGTCTTAAATTGTCACATCAATCTGACATAGAAGTTACTGGCGATAGTTGTAATAACTATATGCTCACCTATAACAAAGTTGAAAACATGACACCCCGTGACCTTGGTGCTTGTATTGACTGTAGTGCGCGTCATATTAATGCGCAGGTAGCAAAAAGTCACAACATTGCTTTGATATGGAACGTTAAAGATTTCATGTCATTGTCTGAACAACTACGAAAACAAATACGTAGTGCTGCTAAAAAGAATAACTTACCTTTTAAGTTGACATGTGCAACTACTAGACAAGTTGTTAATGTTGTAACAACAAAGATAGCACTTAAGGGTGGTAAAATTGTTAATAATTGGTTGAAGCAGTTAATTAAAGTTACACTTGTGTTCCTTTTTGTTGCTGCTATTTTCTATTTAATAACACCTGTTCATGTCATGTCTAAACATACTGACTTTTCAAGTGAAATCATAGGATACAAGGCTATTGATGGTGGTGTCACTCGTGACATAGCATCTACAGATACTTGTTTTGCTAACAAACATGCTGATTTTGACACATGGTTTAGCCAGCGTGGTGGTAGTTATACTAATGACAAAGCTTGCCCATTGATTGCTGCAGTCATAACAAGAGAAGTGGGTTTTGTCGTGCCTGGTTTGCCTGGCACGATATTACGCACAACTAATGGTGACTTTTTGCATTTCTTACCTAGAGTTTTTAGTGCAGTTGGTAACATCTGTTACACACCATCAAAACTTATAGAGTACACTGACTTTGCAACATCAGCTTGTGTTTTGGCTGCTGAATGTACAATTTTTAAAGATGCTTCTGGTAAGCCAGTACCATATTGTTATGATACCAATGTACTAGAAGGTTCTGTTGCTTATGAAAGTTTACGCCCTGACACACGTTATGTGCTCATGGATGGCTCTATTATTCAATTTCCTAACACCTACCTTGAAGGTTCTGTTAGAGTGGTAACAACTTTTGATTCTGAGTACTGTAGGCACGGCACTTGTGAAAGATCAGAAGCTGGTGTTTGTGTATCTACTAGTGGTAGATGGGTACTTAACAATGATTATTACAGATCTTTACCAGGAGTTTTCTGTGGTGTAGATGCTGTAAATTTACTTACTAATATGTTTACACCACTAATTCAACCTATTGGTGCTTTGGACATATCAGCATCTATAGTAGCTGGTGGTATTGTAGCTATCGTAGTAACATGCCTTGCCTACTATTTTATGAGGTTTAGAAGAGCTTTTGGTGAATACAGTCATGTAGTTGCCTTTAATACTTTACTATTCCTTATGTCATTCACTGTACTCTGTTTAACACCAGTTTACTCATTCTTACCTGGTGTTTATTCTGTTATTTACTTGTACTTGACATTTTATCTTACTAATGATGTTTCTTTTTTAGCACATATTCAGTGGATGGTTATGTTCACACCTTTAGTACCTTTCTGGATAACAATTGCTTATATCATTTGTATTTCCACAAAGCATTTCTATTGGTTCTTTAGTAATTACCTAAAGAGACGTGTAGTCTTTAATGGTGTTTCCTTTAGTACTTTTGAAGAAGCTGCGCTGTGCACCTTTTTGTTAAATAAAGAAATGTATCTAAAGTTGCGTAGTGATGTGCTATTACCTCTTACGCAATATAATAGATACTTAGCTCTTTATAATAAGTACAAGTATTTTAGTGGAGCAATGGATACAACTAGCTACAGAGAAGCTGCTTGTTGTCATCTCGCAAAGGCTCTCAATGACTTCAGTAACTCAGGTTCTGATGTTCTTTACCAACCACCACAAACCTCTATCACCTCAGCTGTTTTGCAGAGTGGTTTTAGAAAAATGGCATTCCCATCTGGTAAAGTTGAGGGTTGTATGGTACAAGTAACTTGTGGTACAACTACACTTAACGGTCTTTGGCTTGATGACGTAGTTTACTGTCCAAGACATGTGATCTGCACCTCTGAAGACATGCTTAACCCTAATTATGAAGATTTACTCATTCGTAAGTCTAATCATAATTTCTTGGTACAGGCTGGTAATGTTCAACTCAGGGTTATTGGACATTCTATGCAAAATTGTGTACTTAAGCTTAAGGTTGATACAGCCAATCCTAAGACACCTAAGTATAAGTTTGTTCGCATTCAACCAGGACAGACTTTTTCAGTGTTAGCTTGTTACAATGGTTCACCATCTGGTGTTTACCAATGTGCTATGAGGCCCAATTTCACTATTAAGGGTTCATTCCTTAATGGTTCATGTGGTAGTGTTGGTTTTAACATAGATTATGACTGTGTCTCTTTTTGTTACATGCACCATATGGAATTACCAACTGGAGTTCATGCTGGCACAGACTTAGAAGGTAACTTTTATGGACCTTTTGTTGACAGGCAAACAGCACAAGCAGCTGGTACGGACACAACTATTACAGTTAATGTTTTAGCTTGGTTGTACGCTGCTGTTATAAATGGAGACAGGTGGTTTCTCAATCGATTTACCACAACTCTTAATGACTTTAACCTTGTGGCTATGAAGTACAATTATGAACCTCTAACACAAGACCATGTTGACATACTAGGACCTCTTTCTGCTCAAACTGGAATTGCCGTTTTAGATATGTGTGCTTCATTAAAAGAATTACTGCAAAATGGTATGAATGGACGTACCATATTGGGTAGTGCTTTATTAGAAGATGAATTTACACCTTTTGATGTTGTTAGACAATGCTCAGGTGTTACTTTCCAAAGTGCAGTGAAAAGAACAATCAAGGGTACACACCACTGGTTGTTACTCACAATTTTGACTTCACTTTTAGTTTTAGTCCAGAGTACTCAATGGTCTTTGTTCTTTTTTTTGTATGAAAATGCCTTTTTACCTTTTGCTATGGGTATTATTGCTATGTCTGCTTTTGCAATGATGTTTGTCAAACATAAGCATGCATTTCTCTGTTTGTTTTTGTTACCTTCTCTTGCCACTGTAGCTTATTTTAATATGGTCTATATGCCTGCTAGTTGGGTGATGCGTATTATGACATGGTTGGATATGGTTGATACTAGTTTGTCTGGTTTTAAGCTAAAAGACTGTGTTATGTATGCATCAGCTGTAGTGTTACTAATCCTTATGACAGCAAGAACTGTGTATGATGATGGTGCTAGGAGAGTGTGGACACTTATGAATGTCTTGACACTCGTTTATAAAGTTTATTATGGTAATGCTTTAGATCAAGCCATTTCCATGTGGGCTCTTATAATCTCTGTTACTTCTAACTACTCAGGTGTAGTTACAACTGTCATGTTTTTGGCCAGAGGTATTGTTTTTATGTGTGTTGAGTATTGCCCTATTTTCTTCATAACTGGTAATACACTTCAGTGTATAATGCTAGTTTATTGTTTCTTAGGCTATTTTTGTACTTGTTACTTTGGCCTCTTTTGTTTACTCAACCGCTACTTTAGACTGACTCTTGGTGTTTATGATTACTTAGTTTCTACACAGGAGTTTAGATATATGAATTCACAGGGACTACTCCCACCCAAGAATAGCATAGATGCCTTCAAACTCAACATTAAATTGTTGGGTGTTGGTGGCAAACCTTGTATCAAAGTAGCCACTGTACAGTCTAAAATGTCAGATGTAAAGTGCACATCAGTAGTCTTACTCTCAGTTTTGCAACAACTCAGAGTAGAATCATCATCTAAATTGTGGGCTCAATGTGTCCAGTTACACAATGACATTCTCTTAGCTAAAGATACTACTGAAGCCTTTGAAAAAATGGTTTCACTACTTTCTGTTTTGCTTTCCATGCAGGGTGCTGTAGACATAAACAAGCTTTGTGAAGAAATGCTGGACAACAGGGCAACCTTACAAGCTATAGCCTCAGAGTTTAGTTCCCTTCCATCATATGCAGCTTTTGCTACTGCTCAAGAAGCTTATGAGCAGGCTGTTGCTAATGGTGATTCTGAAGTTGTTCTTAAAAAGTTGAAGAAGTCTTTGAATGTGGCTAAATCTGAATTTGACCGTGATGCAGCCATGCAACGTAAGTTGGAAAAGATGGCTGATCAAGCTATGACCCAAATGTATAAACAGGCTAGATCTGAGGACAAGAGGGCAAAAGTTACTAGTGCTATGCAGACAATGCTTTTCACTATGCTTAGAAAGTTGGATAATGATGCACTCAACAACATTATCAACAATGCAAGAGATGGTTGTGTTCCCTTGAACATAATACCTCTTACAACAGCAGCCAAACTAATGGTTGTCATACCAGACTATAACACATATAAAAATACGTGTGATGGTACAACATTTACTTATGCATCAGCATTGTGGGAAATCCAACAGGTTGTAGATGCAGATAGTAAAATTGTTCAACTTAGTGAAATTAGTATGGACAATTCACCTAATTTAGCATGGCCTCTTATTGTAACAGCTTTAAGGGCCAATTCTGCTGTCAAATTACAGAATAATGAGCTTAGTCCTGTTGCACTACGACAGATGTCTTGTGCTGCCGGTACTACACAAACTGCTTGCACTGATGACAATGCGTTAGCTTACTACAACACAACAAAGGGAGGTAGGTTTGTACTTGCACTGTTATCCGATTTACAGGATTTGAAATGGGCTAGATTCCCTAAGAGTGATGGAACTGGTACTATCTATACAGAACTGGAACCACCTTGTAGGTTTGTTACAGACACACCTAAAGGTCCTAAAGTGAAGTATTTATACTTTATTAAAGGATTAAACAACCTAAATAGAGGTATGGTACTTGGTAGTTTAGCTGCCACAGTACGTCTACAAGCTGGTAATGCAACAGAAGTGCCTGCCAATTCAACTGTATTATCTTTCTGTGCTTTTGCTGTAGATGCTGCTAAAGCTTACAAAGATTATCTAGCTAGTGGGGGACAACCAATCACTAATTGTGTTAAGATGTTGTGTACACACACTGGTACTGGTCAGGCAATAACAGTTACACCGGAAGCCAATATGGATCAAGAATCCTTTGGTGGTGCATCGTGTTGTCTGTACTGCCGTTGCCACATAGATCATCCAAATCCTAAAGGATTTTGTGACTTAAAAGGTAAGTATGTACAAATACCTACAACTTGTGCTAATGACCCTGTGGGTTTTACACTTAAAAACACAGTCTGTACCGTCTGCGGTATGTGGAAAGGTTATGGCTGTAGTTGTGATCAACTCCGCGAACCCATGCTTCAGTCAGCTGATGCACAATCGTTTTTAAACGGGTTTGCGGTGTAAGTGCAGCCCGTCTTACACCGTGCGGCACAGGCACTAGTACTGATGTCGTATACAGGGCTTTTGACATCTACAATGATAAAGTAGCTGGTTTTGCTAAATTCCTAAAAACTAATTGTTGTCGCTTCCAAGAAAAGGACGAAGATGACAATTTAATTGATTCTTACTTTGTAGTTAAGAGACACACTTTCTCTAACTACCAACATGAAGAAACAATTTATAATTTACTTAAGGATTGTCCAGCTGTTGCTAAACATGACTTCTTTAAGTTTAGAATAGACGGTGACATGGTACCACATATATCACGTCAACGTCTTACTAAATACACAATGGCAGACCTCGTCTATGCTTTAAGGCATTTTGATGAAGGTAATTGTGACACATTAAAAGAAATACTTGTCACATACAATTGTTGTGATGATGATTATTTCAATAAAAAGGACTGGTATGATTTTGTAGAAAACCCAGATATATTACGCGTATACGCCAACTTAGGTGAACGTGTACGCCAAGCTTTGTTAAAAACAGTACAATTCTGTGATGCCATGCGAAATGCTGGTATTGTTGGTGTACTGACATTAGATAATCAAGATCTCAATGGTAACTGGTATGATTTCGGTGATTTCATACAAACCACGCCAGGTAGTGGAGTTCCTGTTGTAGATTCTTATTATTCATTGTTAATGCCTATATTAACCTTGACCAGGGCTTTAACTGCAGAGTCACATGTTGACACTGACTTAACAAAGCCTTACATTAAGTGGGATTTGTTAAAATATGACTTCACGGAAGAGAGGTTAAAACTCTTTGACCGTTATTTTAAATATTGGGATCAGACATACCACCCAAATTGTGTTAACTGTTTGGATGACAGATGCATTCTGCATTGTGCAAACTTTAATGTTTTATTCTCTACAGTGTTCCCACCTACAAGTTTTGGACCACTAGTGAGAAAAATATTTGTTGATGGTGTTCCATTTGTAGTTTCAACTGGATACCACTTCAGAGAGCTAGGTGTTGTACATAATCAGGATGTAAACTTACATAGCTCTAGACTTAGTTTTAAGGAATTACTTGTGTATGCTGCTGACCCTGCTATGCACGCTGCTTCTGGTAATCTATTACTAGATAAACGCACTACGTGCTTTTCAGTAGCTGCACTTACTAACAATGTTGCTTTTCAAACTGTCAAACCCGGTAATTTTAACAAAGACTTCTATGACTTTGCTGTGTCTAAGGGTTTCTTTAAGGAAGGAAGTTCTGTTGAATTAAAACACTTCTTCTTTGCTCAGGATGGTAATGCTGCTATCAGCGATTATGACTACTATCGTTATAATCTACCAACAATGTGTGATATCAGACAACTACTATTTGTAGTTGAAGTTGTTGATAAGTACTTTGATTGTTACGATGGTGGCTGTATTAATGCTAACCAAGTCATCGTCAACAACCTAGACAAATCAGCTGGTTTTCCATTTAATAAATGGGGTAAGGCTAGACTTTATTATGATTCAATGAGTTATGAGGATCAAGATGCACTTTTCGCATATACAAAACGTAATGTCATCCCTACTATAACTCAAATGAATCTTAAGTATGCCATTAGTGCAAAGAATAGAGCTCGCACCGTAGCTGGTGTCTCTATCTGTAGTACTATGACCAATAGACAGTTTCATCAAAAATTATTGAAATCAATAGCCGCCACTAGAGGAGCTACTGTAGTAATTGGAACAAGCAAATTCTATGGTGGTTGGCACAACATGTTAAAAACTGTTTATAGTGATGTAGAAAACCCTCACCTTATGGGTTGGGATTATCCTAAATGTGATAGAGCCATGCCTAACATGCTTAGAATTATGGCCTCACTTGTTCTTGCTCGCAAACATACAACGTGTTGTAGCTTGTCACACCGTTTCTATAGATTAGCTAATGAGTGTGCTCAAGTATTGAGTGAAATGGTCATGTGTGGCGGTTCACTATATGTTAAACCAGGTGGAACCTCATCAGGAGATGCCACAACTGCTTATGCTAATAGTGTTTTTAACATTTGTCAAGCTGTCACGGCCAATGTTAATGCACTTTTATCTACTGATGGTAACAAAATTGCCGATAAGTATGTCCGCAATTTACAACACAGACTTTATGAGTGTCTCTATAGAAATAGAGATGTTGACACAGACTTTGTGAATGAGTTTTACGCATATTTGCGTAAACATTTCTCAATGATGATACTCTCTGACGATGCTGTTGTGTGTTTCAATAGCACTTATGCATCTCAAGGTCTAGTGGCTAGCATAAAGAACTTTAAGTCAGTTCTTTATTATCAAAACAATGTTTTTATGTCTGAAGCAAAATGTTGGACTGAGACTGACCTTACTAAAGGACCTCATGAATTTTGCTCTCAACATACAATGCTAGTTAAACAGGGTGATGATTATGTGTACCTTCCTTACCCAGATCCATCAAGAATCCTAGGGGCCGGCTGTTTTGTAGATGATATCGTAAAAACAGATGGTACACTTATGATTGAACGGTTCGTGTCTTTAGCTATAGATGCTTACCCACTTACTAAACATCCTAATCAGGAGTATGCTGATGTCTTTCATTTGTACTTACAATACATAAGAAAGCTACATGATGAGTTAACAGGACACATGTTAGACATGTATTCTGTTATGCTTACTAATGATAACACTTCAAGGTATTGGGAACCTGAGTTTTATGAGGCTATGTACACACCGCATACAGTCTTACAGGCTGTTGGGGCTTGTGTTCTTTGCAATTCACAGACTTCATTAAGATGTGGTGCTTGCATACGTAGACCATTCTTATGTTGTAAATGCTGTTACGACCATGTCATATCAACATCACATAAATTAGTCTTGTCTGTTAATCCGTATGTTTGCAATGCTCCAGGTTGTGATGTCACAGATGTGACTCAACTTTACTTAGGAGGTATGAGCTATTATTGTAAATCACATAAACCACCCATTAGTTTTCCATTGTGTGCTAATGGACAAGTTTTTGGTTTATATAAAAATACATGTGTTGGTAGCGATAATGTTACTGACTTTAATGCAATTGCAACATGTGACTGGACAAATGCTGGTGATTACATTTTAGCTAACACCTGTACTGAAAGACTCAAGCTTTTTGCAGCAGAAACGCTCAAAGCTACTGAGGAGACATTTAAACTGTCTTATGGTATTGCTACTGTACGTGAAGTGCTGTCTGACAGAGAATTACATCTTTCATGGGAAGTTGGTAAACCTAGACCACCACTTAACCGAAATTATGTCTTTACTGGTTATCGTGTAACTAAAAACAGTAAAGTACAAATAGGAGAGTACACCTTTGAAAAAGGTGACTATGGTGATGCTGTTGTTTACCGAGGTACAACAACTTACAAATTAAATGTTGGTGATTATTTTGTGCTGACATCACATACAGTAATGCCATTAAGTGCACCTACACTAGTGCCACAAGAGCACTATGTTAGAATTACTGGCTTATACCCAACACTCAATATCTCAGATGAGTTTTCTAGCAATGTTGCAAATTATCAAAAGGTTGGTATGCAAAAGTATTCTACACTCCAGGGACCACCTGGTACTGGTAAGAGTCATTTTGCTATTGGCCTAGCTCTCTACTACCCTTCTGCTCGCATAGTGTATACAGCTTGCTCTCATGCCGCTGTTGATGCACTATGTGAGAAGGCATTAAAATATTTGCCTATAGATAAATGTAGTAGAATTATACCTGCACGTGCTCGTGTAGAGTGTTTTGATAAATTCAAAGTGAATTCAACATTAGAACAGTATGTCTTTTGTACTGTAAATGCATTGCCTGAGACGACAGCAGATATAGTTGTCTTTGATGAAATTTCAATGGCCACAAATTATGATTTGAGTGTTGTCAATGCCAGATTACGTGCTAAGCACTATGTGTACATTGGCGACCCTGCTCAATTACCTGCACCACGCACATTGCTAACTAAGGGCACACTAGAACCAGAATATTTCAATTCAGTGTGTAGACTTATGAAAACTATAGGTCCAGACATGTTCCTCGGAACTTGTCGGCGTTGTCCTGCTGAAATTGTTGACACTGTGAGTGCTTTGGTTTATGATAATAAGCTTAAAGCACATAAAGACAAATCAGCTCAATGCTTTAAAATGTTTTATAAGGGTGTTATCACGCATGATGTTTCATCTGCAATTAACAGGCCACAAATAGGCGTGGTAAGAGAATTCCTTACACGTAACCCTGCTTGGAGAAAAGCTGTCTTTATTTCACCTTATAATTCACAGAATGCTGTAGCCTCAAAGATTTTGGGACTACCAACTCAAACTGTTGATTCATCACAGGGCTCAGAATATGACTATGTCATATTCACTCAAACCACTGAAACAGCTCACTCTTGTAATGTAAACAGATTTAATGTTGCTATTACCAGAGCAAAAGTAGGCATACTTTGCATAATGTCTGATAGAGACCTTTATGACAAGTTGCAATTTACAAGTCTTGAAATTCCACGTAGGAATGTGGCAACTTTACAAGCTGAAAATGTAACAGGACTCTTTAAAGATTGTAGTAAGGTAATCACTGGGTTACATCCTACACAGGCACCTACACACCTCAGTGTTGACACTAAATTCAAAACTGAAGGTTTATGTGTTGACATACCTGGCATACCTAAGGACATGACCTATAGAAGACTCATCTCTATGATGGGTTTTAAAATGAATTATCAAGTTAATGGTTACCCTAACATGTTTATCACCCGCGAAGAAGCTATAAGACATGTACGTGCATGGATTGGCTTCGATGTCGAGGGGTGTCATGCTACTAGAGAAGCTGTTGGTACCAATTTACCTTTACAGCTAGGTTTTTCTACAGGTGTTAACCTAGTTGCTGTACCTACAGGTTATGTTGATACACCTAATAATACAGATTTTTCCAGAGTTAGTGCTAAACCACCGCCTGGAGATCAATTTAAACACCTCATACCACTTATGTACAAAGGACTTCCTTGGAATGTAGTGCGTATAAAGATTGTACAAATGTTAAGTGACACACTTAAAAATCTCTCTGACAGAGTCGTATTTGTCTTATGGGCACATGGCTTTGAGTTGACATCTATGAAGTATTTTGTGAAAATAGGACCTGAGCGCACCTGTTGTCTATGTGATAGACGTGCCACATGCTTTTCCACTGCTTCAGACACTTATGCCTGTTGGCATCATTCTATTGGATTTGATTACGTCTATAATCCGTTTATGATTGATGTTCAACAATGGGGTTTTACAGGTAACCTACAAAGCAACCATGATCTGTATTGTCAAGTCCATGGTAATGCACATGTAGCTAGTTGTGATGCAATCATGACTAGGTGTCTAGCTGTCCACGAGTGCTTTGTTAAGCGTGTTGACTGGACTATTGAATATCCTATAATTGGTGATGAACTGAAGATTAATGCGGCTTGTAGAAAGGTTCAACACATGGTTGTTAAAGCTGCATTATTAGCAGACAAATTCCCAGTTCTTCACGACATTGGTAACCCTAAAGCTATTAAGTGTGTACCTCAAGCTGATGTAGAATGGAAGTTCTATGATGCACAGCCTTGTAGTGACAAAGCTTATAAAATAGAAGAATTATTCTATTCTTATGCCACACATTCTGACAAATTCACAGATGGTGTATGCCTATTTTGGAATTGCAATGTCGATAGATATCCTGCTAATTCCATTGTTTGTAGATTTGACACTAGAGTGCTATCTAACCTTAACTTGCCTGGTTGTGATGGTGGCAGTTTGTATGTAAATAAACATGCATTCCACACACCAGCTTTTGATAAAAGTGCTTTTGTTAATTTAAAACAATTACCATTTTTCTATTACTCTGACAGTCCATGTGAGTCTCATGGAAAACAAGTAGTGTCAGATATAGATTATGTACCACTAAAGTCTGCTACGTGTATAACACGTTGCAATTTAGGTGGTGCTGTCTGTAGACATCATGCTAATGAGTACAGATTGTATCTCGATGCTTATAACATGATGATCTCAGCTGGCTTTAGCTTGTGGGTTTACAAACAATTTGATACTTATAACCTCTGGAACACTTTTACAAGACTTCAGAGTTTAGAAAATGTGGCTTTTAATGTTGTAAATAAGGGACACTTTGATGGACAACAGGGTGAAGTACCAGTTTCTATCATTAATAACACTGTTTACACAAAAGTTGATGGTGTTGATGTAGAATTGTTTGAAAATAAAACAACATTACCTGTTAATGTAGCATTTGAGCTTTGGGCTAAGCGCAACATTAAACCAGTACCAGAGGTGAAAATACTCAATAATTTGGGTGTGGACATTGCTGCTAATACTGTGATCTGGGACTACAAAAGAGATGCTCCAGCACATATATCTACTATTGGTGTTTGTTCTATGACTGACATAGCCAAGAAACCAACTGAAACGATTTGTGCACCACTCACTGTCTTTTTTGATGGTAGAGTTGATGGTCAAGTAGACTTATTTAGAAATGCCCGTAATGGTGTTCTTATTACAGAAGGTAGTGTTAAAGGTTTACAACCATCTGTAGGTCCCAAACAAGCTAGTCTTAATGGAGTCACATTAATTGGAGAAGCCGTAAAAACACAGTTCAATTATTATAAGAAAGTTGATGGTGTTGTCCAACAATTACCTGAAACTTACTTTACTCAGAGTAGAAATTTACAAGAATTTAAACCCAGGAGTCAAATGGAAATTGATTTCTTAGAATTAGCTATGGATGAATTCATTGAACGGTATAAATTAGAAGGCTATGCCTTCGAACATATCGTTTATGGAGATTTTAGTCATAGTCAGTTAGGTGGTTTACATCTACTGATTGGACTAGCTAAACGTTTTAAGGAATCACCTTTTGAATTAGAAGATTTTATTCCTATGGACAGTACAGTTAAAAACTATTTCATAACAGATGCGCAAACAGGTTCATCTAAGTGTGTGTGTTCTGTTATTGATTTATTACTTGATGATTTTGTTGAAATAATAAAATCCCAAGATTTATCTGTAGTTTCTAAGGTTGTCAAAGTGACTATTGACTATACAGAAATTTCATTTATGCTTTGGTGTAAAGATGGCCATGTAGAAACATTTTACCCAAAATTACAATCTAGTCAAGCGTGGCAACCGGGTGTTGCTATGCCTAATCTTTACAAAATGCAAAGAATGCTATTAGAAAAGTGTGACCTTCAAAATTATGGTGATAGTGCAACATTACCTAAAGGCATAATGATGAATGTCGCAAAATATACTCAACTGTGTCAATATTTAAACACATTAACATTAGCTGTACCCTATAATATGAGAGTTATACATTTTGGTGCTGGTTCTGATAAAGGAGTTGCACCAGGTACAGCTGTTTTAAGACAGTGGTTGCCTACGGGTACGCTGCTTGTCGATTCAGATCTTAATGACTTTGTCTCTGATGCAGATTCAACTTTGATTGGTGATTGTGCAACTGTACATACAGCTAATAAATGGGATCTCATTATTAGTGATATGTACGACCCTAAGACTAAAAATGTTACAAAAGAAAATGACTCTAAAGAGGGTTTTTTCACTTACATTTGTGGGTTTATACAACAAAAGCTAGCTCTTGGAGGTTCCGTGGCTATAAAGATAACAGAACATTCTTGGAATGCTGATCTTTATAAGCTCATGGGACACTTCGCATGGTGGACAGCCTTTGTTACTAATGTGAATGCGTCATCATCTGAAGCATTTTTAATTGGATGTAATTATCTTGGCAAACCACGCGAACAAATAGATGGTTATGTCATGCATGCAAATTACATATTTTGGAGGAATACAAATCCAATTCAGTTGTCTTCCTATTCTTTATTTGACATGAGTAAATTTCCCCTTAAATTAAGGGGTACTGCTGTTATGTCTTTAAAAGAAGGTCAAATCAATGATATGATTTTATCTCTTCTTAGTAAAGGTAGACTTATAATTAGAGAAAACAACAGAGTTGTTATTTCTAGTGATGTTCTTGTTAACAACTAAACGAACAATGTTTGTTTTTCTTGTTTTATTGCCACTAGTCTCTAGTCAGTGTGTTAATCTTACAACCAGAACTCAATTACCCCCTGCATACACTAATTCTTTCACACGTGGTGTTTATTACCCTGACAAAGTTTTCAGATCCTCAGTTTTACATTCAACTCAGGACTTGTTCTTACCTTTCTTTTCCAATGTTACTTGGTTCCATGCTATACATGTCTCTGGGACCAATGGTACTAAGAGGTTTGATAACCCTGTCCTACCATTTAATGATGGTGTTTATTTTGCTTCCACTGAGAAGTCTAACATAATAAGAGGCTGGATTTTTGGTACTACTTTAGATTCGAAGACCCAGTCCCTACTTATTGTTAATAACGCTACTAATGTTGTTATTAAAGTCTGTGAATTTCAATTTTGTAATGATCCATTTTTGGGTGTTTATTACCACAAAAACAACAAAAGTTGGATGGAAAGTGAGTTCAGAGTTTATTCTAGTGCGAATAATTGCACTTTTGAATATGTCTCTCAGCCTTTTCTTATGGACCTTGAAGGAAAACAGGGTAATTTCAAAAATCTTAGGGAATTTGTGTTTAAGAATATTGATGGTTATTTTAAAATATATTCTAAGCACACGCCTATTAATTTAGTGCGTGATCTCCCTCAGGGTTTTTCGGCTTTAGAACCATTGGTAGATTTGCCAATAGGTATTAACATCACTAGGTTTCAAACTTTACTTGCTTTACATAGAAGTTATTTGACTCCTGGTGATTCTTCTTCAGGTTGGACAGCTGGTGCTGCAGCTTATTATGTGGGTTATCTTCAACCTAGGACTTTTCTATTAAAATATAATGAAAATGGAACCATTACAGATGCTGTAGACTGTGCACTTGACCCTCTCTCAGAAACAAAGTGTACGTTGAAATCCTTCACTGTAGAAAAAGGAATCTATCAAACTTCTAACTTTAGAGTCCAACCAACAGAATCTATTGTTAGATTTCCTAATATTACAAACTTGTGCCCTTTTGGTGAAGTTTTTAACGCCACCAGATTTGCATCTGTTTATGCTTGGAACAGGAAGAGAATCAGCAACTGTGTTGCTGATTATTCTGTCCTATATAATTCCGCATCATTTTCCACTTTTAAGTGTTATGGAGTGTCTCCTACTAAATTAAATGATCTCTGCTTTACTAATGTCTATGCAGATTCATTTGTAATTAGAGGTGATGAAGTCAGACAAATCGCTCCAGGGCAAACTGGAAAGATTGCTGATTATAATTATAAATTACCAGATGATTTTACAGGCTGCGTTATAGCTTGGAATTCTAACAATCTTGATTCTAAGGTTGGTGGTAATTATAATTACCTGTATAGATTGTTTAGGAAGTCTAATCTCAAACCTTTTGAGAGAGATATTTCAACTGAAATCTATCAGGCCGGTAGCACACCTTGTAATGGTGTTGAAGGTTTTAATTGTTACTTTCCTTTACAATCATATGGTTTCCAACCCACTAATGGTGTTGGTTACCAACCATACAGAGTAGTAGTACTTTCTTTTGAACTTCTACATGCACCAGCAACTGTTTGTGGACCTAAAAAGTCTACTAATTTGGTTAAAAACAAATGTGTCAATTTCAACTTCAATGGTTTAACAGGCACAGGTGTTCTTACTGAGTCTAACAAAAAGTTTCTGCCTTTCCAACAATTTGGCAGAGACATTGCTGACACTACTGATGCTGTCCGTGATCCACAGACACTTGAGATTCTTGACATTACACCATGTTCTTTTGGTGGTGTCAGTGTTATAACACCAGGAACAAATACTTCTAACCAGGTTGCTGTTCTTTATCAGGATGTTAACTGCACAGAAGTCCCTGTTGCTATTCATGCAGATCAACTTACTCCTACTTGGCGTGTTTATTCTACAGGTTCTAATGTTTTTCAAACACGTGCAGGCTGTTTAATAGGGGCTGAACATGTCAACAACTCATATGAGTGTGACATACCCATTGGTGCAGGTATATGCGCTAGTTATCAGACTCAGACTAATTCTCCTCGGCGGGCACGTAGTGTAGCTAGTCAATCCATCATTGCCTACACTATGTCACTTGGTGCAGAAAATTCAGTTGCTTACTCTAATAACTCTATTGCCATACCCACAAATTTTACTATTAGTGTTACCACAGAAATTCTACCAGTGTCTATGACCAAGACATCAGTAGATTGTACAATGTACATTTGTGGTGATTCAACTGAATGCAGCAATCTTTTGTTGCAATATGGCAGTTTTTGTACACAATTAAACCGTGCTTTAACTGGAATAGCTGTTGAACAAGACAAAAACACCCAAGAAGTTTTTGCACAAGTCAAACAAATTTACAAAACACCACCAATTAAAGATTTTGGTGGTTTTAATTTTTCACAAATATTACCAGATCCATCAAAACCAAGCAAGAGGTCATTTATTGAAGATCTACTTTTCAACAAAGTGACACTTGCAGATGCTGGCTTCATCAAACAATATGGTGATTGCCTTGGTGATATTGCTGCTAGAGACCTCATTTGTGCACAAAAGTTTAACGGCCTTACTGTTTTGCCACCTTTGCTCACAGATGAAATGATTGCTCAATACACTTCTGCACTGTTAGCGGGTACAATCACTTCTGGTTGGACCTTTGGTGCAGGTGCTGCATTACAAATACCATTTGCTATGCAAATGGCTTATAGGTTTAATGGTATTGGAGTTACACAGAATGTTCTCTATGAGAACCAAAAATTGATTGCCAACCAATTTAATAGTGCTATTGGCAAAATTCAAGACTCACTTTCTTCCACAGCAAGTGCACTTGGAAAACTTCAAGATGTGGTCAACCAAAATGCACAAGCTTTAAACACGCTTGTTAAACAACTTAGCTCCAATTTTGGTGCAATTTCAAGTGTTTTAAATGATATCCTTTCACGTCTTGACAAAGTTGAGGCTGAAGTGCAAATTGATAGGTTGATCACAGGCAGACTTCAAAGTTTGCAGACATATGTGACTCAACAATTAATTAGAGCTGCAGAAATCAGAGCTTCTGCTAATCTTGCTGCTACTAAAATGTCAGAGTGTGTACTTGGACAATCAAAAAGAGTTGATTTTTGTGGAAAGGGCTATCATCTTATGTCCTTCCCTCAGTCAGCACCTCATGGTGTAGTCTTCTTGCATGTGACTTATGTCCCTGCACAAGAAAAGAACTTCACAACTGCTCCTGCCATTTGTCATGATGGAAAAGCACACTTTCCTCGTGAAGGTGTCTTTGTTTCAAATGGCACACACTGGTTTGTAACACAAAGGAATTTTTATGAACCACAAATCATTACTACAGACAACACATTTGTGTCTGGTAACTGTGATGTTGTAATAGGAATTGTCAACAACACAGTTTATGATCCTTTGCAACCTGAATTAGACTCATTCAAGGAGGAGTTAGATAAATATTTTAAGAATCATACATCACCAGATGTTGATTTAGGTGACATCTCTGGCATTAATGCTTCAGTTGTAAACATTCAAAAAGAAATTGACCGCCTCAATGAGGTTGCCAAGAATTTAAATGAATCTCTCATCGATCTCCAAGAACTTGGAAAGTATGAGCAGTATATAAAATGGCCATGGTACATTTGGCTAGGTTTTATAGCTGGCTTGATTGCCATAGTAATGGTGACAATTATGCTTTGCTGTATGACCAGTTGCTGTAGTTGTCTCAAGGGCTGTTGTTCTTGTGGATCCTGCTGCAAATTTGATGAAGACGACTCTGAGCCAGTGCTCAAAGGAGTCAAATTACATTACACATAAACGAACTTATGGATTTGTTTATGAGAATCTTCACAATTGGAACTGTAACTTTGAAGCAAGGTGAAATCAAGGATGCTACTCCTTCAGATTTTGTTCGCGCTACTGCAACGATACCGATACAAGCCTCACTCCCTTTCGGATGGCTTATTGTTGGCGTTGCACTTCTTGCTGTTTTTCAGAGCGCTTCCAAAATCATAACCCTCAAAAAGAGATGGCAACTAGCACTCTCCAAGGGTGTTCACTTTGTTTGCAACTTGCTGTTGTTGTTTGTAACAGTTTACTCACACCTTTTGCTCGTTGCTGCTGGCCTTGAAGCCCCTTTTCTCTATCTTTATGCTTTAGTCTACTTCTTGCAGAGTATAAACTTTGTAAGAATAATAATGAGGCTTTGGCTTTGCTGGAAATGCCGTTCCAAAAACCCATTACTTTATGATGCCAACTATTTTCTTTGCTGGCATACTAATTGTTACGACTATTGTATACCTTACAATAGTGTAACTTCTTCAATTGTCATTACTTCAGGTGATGGCACAACAAGTCCTATTTCTGAACATGACTACCAGATTGGTGGTTATACTGAAAAATGGGAATCTGGAGTAAAAGACTGTGTTGTATTACACAGTTACTTCACTTCAGACTATTACCAGCTGTACTCAACTCAATTGAGTACAGACACTGGTGTTGAACATGTTACCTTCTTCATCTACAATAAAATTGTTGATGAGCCTGAAGAACATGTCCAAATTCACACAATCGACGGTTCATCCGGAGTTGTTAATCCAGTAATGGAACCAATTTATGATGAACCGACGACGACTACTAGCGTGCCTTTGTAAGCACAAGCTGATGAGTACGAACTTATGTACTCATTCGTTTCGGAAGAGACAGGTACGTTAATAGTTAATAGCGTACTTCTTTTTCTTGCTTTCGTGGTATTCTTGCTAGTTACACTAGCCATCCTTACTGCGCTTCGATTGTGTGCGTACTGCTGCAATATTGTTAACGTGAGTCTTGTAAAACCTTCTTTTTACGTTTACTCTCGTGTTAAAAATCTGAATTCTTCTAGAGTTCCTGATCTTCTGGTCTAAACGAACTAAATATTATATTAGTTTTTCTGTTTGGAACTTTAATTTTAGCCATGGCAGATTCCAACGGTACTATTACCGTTGAAGAGCTTAAAAAGCTCCTTGAACAATGGAACCTAGTAATAGGTTTCCTATTCCTTACATGGATTTGTCTTCTACAATTTGCCTATGCCAACAGGAATAGGTTTTTGTATATAATTAAGTTAATTTTCCTCTGGCTGTTATGGCCAGTAACTTTAGCTTGTTTTGTGCTTGCTGCTGTTTACAGAATAAATTGGATCACCGGTGGAATTGCTATCGCAATGGCTTGTCTTGTAGGCTTGATGTGGCTCAGCTACTTCATTGCTTCTTTCAGACTGTTTGCGCGTACGCGTTCCATGTGGTCATTCAATCCAGAAACTAACATTCTTCTCAACGTGCCACTCCATGGCACTATTCTGACCAGACCGCTTCTAGAAAGTGAACTCGTAATCGGAGCTGTGATCCTTCGTGGACATCTTCGTATTGCTGGACACCATCTAGGACGCTGTGACATCAAGGACCTGCCTAAAGAAATCACTGTTGCTACATCACGAACGCTTTCTTATTACAAATTGGGAGCTTCGCAGCGTGTAGCAGGTGACTCAGGTTTTGCTGCATACAGTCGCTACAGGATTGGCAACTATAAATTAAACACAGACCATTCCAGTAGCAGTGACAATATTGCTTTGCTTGTACAGTAAGTGACAACAGATGTTTCATCTCGTTGACTTTCAGGTTACTATAGCAGAGATATTACTAATTATTATGAGGACTTTTAAAGTTTCCATTTGGAATCTTGATTACATCATAAACCTCATAATTAAAAATTTATCTAAGTCACTAACTGAGAATAAATATTCTCAATTAGATGAAGAGCAACCAATGGAGATTGATTAAACGAACATGAAAATTATTCTTTTCTTGGCACTGATAACACTCGCTACTTGTGAGCTTTATCACTACCAAGAGTGTGTTAGAGGTACAACAGTACTTTTAAAAGAACCTTGCTCTTCTGGAACATACGAGGGCAATTCACCATTTCATCCTCTAGCTGATAACAAATTTGCACTGACTTGCTTTAGCACTCAATTTGCTTTTGCTTGTCCTGACGGCGTAAAACACGTCTATCAGTTACGTGCCAGATCAGTTTCACCTAAACTGTTCATCAGACAAGAGGAAGTTCAAGAACTTTACTCTCCAATTTTTCTTATTGTTGCGGCAATAGTGTTTATAACACTTTGCTTCACACTCAAAAGAAAGACAGAATGATTGAACTTTCATTAATTGACTTCTATTTGTGCTTTTTAGCCTTTCTGCTATTCCTTGTTTTAATTATGCTTATTATCTTTTGGTTCTCACTTGAACTGCAAGATCATAATGAAACTTGTCACGCCTAAACGAACATGAAATTTCTTGTTTTCTTAGGAATCATCACAACTGTAGCTGCATTTCACCAAGAATGTAGTTTACAGTCATGTACTCAACATCAACCATATGTAGTTGATGACCCGTGTCCTATTCACTTCTATTCTAAATGGTATATTAGAGTAGGAGCTAGAAAATCAGCACCTTTAATTGAATTGTGCGTGGATGAGGCTGGTTCTAAATCACCCATTCAGTACATCGATATCGGTAATTATACAGTTTCCTGTTTACCTTTTACAATTAATTGCCAGGAACCTAAATTGGGTAGTCTTGTAGTGCGTTGTTCGTTCTATGAAGACTTTTTAGAGTATCATGACGTTCGTGTTGTTTTAGATTTCATCTAAACGAACAAACTAAAATGTCTGATAATGGACCCCAAAATCAGCGAAATGCACCCCGCATTACGTTTGGTGGACCCTCAGATTCAACTGGCAGTAACCAGAATGGAGAACGCAGTGGGGCGCGATCAAAACAACGTCGGCCCCAAGGTTTACCCAATAATACTGCGTCTTGGTTCACCGCTCTCACTCAACATGGCAAGGAAGACCTTAAATTCCCTCGAGGACAAGGCGTTCCAATTAACACCAATAGCAGTCCAGATGACCAAATTGGCTACTACCGAAGAGCTACCAGACGAATTCGTGGTGGTGACGGTAAAATGAAAGATCTCAGTCCAAGATGGTATTTCTACTACCTAGGAACTGGGCCAGAAGCTGGACTTCCCTATGGTGCTAACAAAGACGGCATCATATGGGTTGCAACTGAGGGAGCCTTGAATACACCAAAAGATCACATTGGCACCCGCAATCCTGCTAACAATGCTGCAATCGTGCTACAACTTCCTCAAGGAACAACATTGCCAAAAGGCTTCTACGCAGAAGGGAGCAGAGGCGGCAGTCAAGCCTCTTCTCGTTCCTCATCACGTAGTCGCAACAGTTCAAGAAATTCAACTCCAGGCAGCAGTAGGGGAACTTCTCCTGCTAGAATGGCTGGCAATGGCGGTGATGCTGCTCTTGCTTTGCTGCTGCTTGACAGATTGAACCAGCTTGAGAGCAAAATGTCTGGTAAAGGCCAACAACAACAAGGCCAAACTGTCACTAAGAAATCTGCTGCTGAGGCTTCTAAGAAGCCTCGGCAAAAACGTACTGCCACTAAAGCATACAATGTAACACAAGCTTTCGGCAGACGTGGTCCAGAACAAACCCAAGGAAATTTTGGGGACCAGGAACTAATCAGACAAGGAACTGATTACAAACATTGGCCGCAAATTGCACAATTTGCCCCCAGCGCTTCAGCGTTCTTCGGAATGTCGCGCATTGGCATGGAAGTCACACCTTCGGGAACGTGGTTGACCTACACAGGTGCCATCAAATTGGATGACAAAGATCCAAATTTCAAAGATCAAGTCATTTTGCTGAATAAGCATATTGACGCATACAAAACATTCCCACCAACAGAGCCTAAAAAGGACAAAAAGAAGAAGGCTGATGAAACTCAAGCCTTACCGCAGAGACAGAAGAAACAGCAAACTGTGACTCTTCTTCCTGCTGCAGATTTGGATGATTTCTCCAAACAATTGCAACAATCCATGAGCAGTGCTGACTCAACTCAGGCCTAAACTCATGCAGACCACACAAGGCAGATGGGCTATATAAACGTTTTCGCTTTTCCGTTTACGATATATAGTCTACTCTTGTGCAGAATGAATTCTCGTAACTACATAGCACAAGTAGATGTAGTTAACTTTAATCTCACATAGCAATCTTTAATCAGTGTGTAACATTAGGGAGGACTTGAAAGAGCCACCACATTTTCACCGAGGCCACGCGGAGTACGATCGAGTGTACAGTGAACAATGCTAGGGAGAGCTGCCTATATGGAAGAGCCCTAATGTGTAAAATTAATTTTAGTAGTGCTATCCCCATGTGATTTTAATAGCTTCTTAGGAGAATGACAAAAAAAAAAAAAAAAAAAAAAAAAAAAAAAAA	MN908947.3	(Wuhan-Hu-1/2019)	\N	\N	1
\.


--
-- TOC entry 3789 (class 0 OID 16512)
-- Dependencies: 265
-- Data for Name: sample; Type: TABLE DATA; Schema: public; Owner: postgres
--

COPY public.sample (id, name, datahash, sequence_id, collection_date, country, genome_completeness, host, lab, length, lineage, sequencing_tech, zip_code, init_upload_date, last_update_date) FROM stdin;
6	IMS-10768-CVDP-0E69A26F-7AC0-4631-B0F3-192FF005FDA0	\N	6	2023-01-18	Japan	complete	\N		29436	BA.5.2.6	ILLUMINA	65451	2024-07-12 12:38:03.392997+00	2025-01-03 18:24:09.945471+00
13	IMS-10025-CVDP-00960	\N	13	2021-02-09	\N	\N	\N	\N	29887	\N	Y	\N	2025-01-03 08:45:04.106953+00	2025-01-03 18:49:39.947626+00
14	IMS-10013-CVDP-37E0BD5A-03D8-42CE-95C0-7B900B714B95	\N	14	2021-03-03	\N	\N	\N	\N	29884	\N	N	\N	2025-01-03 08:45:04.107008+00	2025-01-03 18:49:39.951093+00
15	IMS-10004-CVDP-0672526C-BAEA-4FE9-A57B-941CBCC13343	\N	15	2021-03-21	\N	\N	\N	\N	29897	\N	N	\N	2025-01-03 08:45:04.107053+00	2025-01-03 18:49:39.952418+00
16	IMS-10013-CVDP-69DF29F4-D7E3-4954-94F4-65C20BE7B850	\N	16	2021-03-18	\N	\N	\N	\N	29883	\N	N	\N	2025-01-03 08:45:04.107122+00	2025-01-03 18:49:39.953493+00
17	IMS-10087-CVDP-D484F3AD-CD8F-473C-8A5E-DB5D6A710BE5	\N	17	2021-03-02	\N	\N	\N	\N	29896	\N	Y	\N	2025-01-03 08:45:04.107167+00	2025-01-03 18:49:39.954537+00
1	IMS-10338-CVDP-BAF51380-B921-4701-98ED-8DAACF2C7D11	\N	1	2021-12-30	USA	complete	\N	DEMIS-SL-10338	29676	AY.4	ILLUMINA	60327	2024-07-12 12:38:03.392997+00	2025-01-03 18:24:09.942405+00
2	IMS-10150-CVDP-469B04EB-4D49-4109-9F81-0531CE275F6D	\N	2	2022-03-07	UK	partial	\N	DEMIS-SL-10150	29752	BA.1.1	ILLUMINA	92637	2024-07-12 12:38:03.392997+00	2025-01-03 18:24:09.943405+00
3	IMS-10280-CVDP-2A9F0F09-E708-4CB2-91E4-9CD5F68C9093	\N	3	2022-06-10	Germany	partial	\N	DEMIS-SL-10280	29729	BA.2.36	ILLUMINA	16816	2024-07-12 12:38:03.392997+00	2025-01-03 18:24:09.943938+00
4	IMS-10150-CVDP-C81AA5B8-AAF9-41C9-B64D-1EEBF0E9A01A	\N	4	2022-01-11	UK	complete	\N	DEMIS-SL-10150	29795	BA.1.17.2	ILLUMINA	51375	2024-07-12 12:38:03.392997+00	2025-01-03 18:24:09.944425+00
5	IMS-10150-CVDP-E3D797D9-FF1A-4BE8-AE50-13E30B77E18A	\N	5	2022-03-09	Thailand	partial	\N	DEMIS-SL-10150	29753	BA.2.9	ILLUMINA	92637	2024-07-12 12:38:03.392997+00	2025-01-03 18:24:09.944949+00
7	IMS-10023-CVDP-0E428B50-D29B-4173-97B4-D7575296CD84	\N	7	2022-01-13	USA	partial	\N	DEMIS-SL-10023	29901	BA.1	ILLUMINA	9221	2024-07-12 12:38:03.392997+00	2025-01-03 18:24:09.945981+00
8	IMS-10259-CVDP-3A88C5D5-D88B-458A-9040-843D8CBCEA2D	\N	8	2022-05-17	Korea	partial	\N	DEMIS-SL-10259	29088	BA.2	ILLUMINA	45147	2024-07-12 12:38:03.392997+00	2025-01-03 18:24:09.946447+00
9	IMS-10150-CVDP-6EC46FD8-1FBA-427D-A559-411BCF94B679	\N	9	2021-12-30	Germany	complete	\N	DEMIS-SL-10150	29823	AY.98	ILLUMINA	70771	2024-07-12 12:38:03.392997+00	2025-01-03 18:24:09.946944+00
11	IMS-10013-CVDP-7629957A-D507-442D-BD2A-18236F7DB38C	\N	11	2022-06-18	UK	partial	\N	DEMIS-SL-10013	29844	BA.5.3.1	ILLUMINA	4779	2024-07-12 12:38:03.392997+00	2025-01-03 18:24:09.947889+00
12	IMS-10013-CVDP-A38AD576-D6B0-4585-9D11-38C4BAFE862D	\N	12	2022-09-26	USA	complete	\N	DEMIS-SL-10013	29844	BA.5.2	ILLUMINA	44799	2024-07-12 12:38:03.392997+00	2025-01-03 18:24:09.948453+00
10	IMS-10116-CVDP-77AB96B7-B9FB-46D6-B844-F9356151F2CA	\N	10	2022-01-30	France	partial	\N	DEMIS-SL-10116	29873	BA.1.1	ILLUMINA	69126	2024-07-12 12:38:03.392997+00	2025-01-03 18:24:09.947389+00
\.


--
-- TOC entry 3790 (class 0 OID 16517)
-- Dependencies: 266
-- Data for Name: sample2property; Type: TABLE DATA; Schema: public; Owner: postgres
--

COPY public.sample2property (id, value_integer, value_float, value_text, value_varchar, value_blob, value_date, value_zip, property_id, sample_id) FROM stdin;
1	\N	\N	\N	X	\N	\N	\N	1	1
2	\N	\N	\N	X	\N	\N	\N	2	1
51	\N	63.33	\N	\N	\N	\N	\N	267	1
88	48	\N	\N	\N	\N	\N	\N	274	1
89	\N	\N	The legend of the haunted vending machine: A spooky tale of ghostly snacks, possessed buttons, and a craving for revenge.	\N	\N	\N	\N	269	1
3	\N	\N	\N	X	\N	\N	\N	1	2
4	\N	\N	\N	X	\N	\N	\N	2	2
54	\N	31.16	\N	\N	\N	\N	\N	267	2
93	18	\N	\N	\N	\N	\N	\N	274	2
94	\N	\N	The curious case of the disappearing socks: A tale of mismatched mysteries and runaway laundry.	\N	\N	\N	\N	269	2
5	\N	\N	\N	N	\N	\N	\N	1	3
6	\N	\N	\N	S002	\N	\N	\N	2	3
57	\N	66.11	\N	\N	\N	\N	\N	267	3
98	84	\N	\N	\N	\N	\N	\N	274	3
99	\N	\N	The misadventures of Professor Forgetful: A forgettable tale of absent-minded antics and misplaced memories.	\N	\N	\N	\N	269	3
7	\N	\N	\N	X	\N	\N	\N	1	4
8	\N	\N	\N	S002	\N	\N	\N	2	4
60	\N	19.91	\N	\N	\N	\N	\N	267	4
103	91	\N	\N	\N	\N	\N	\N	274	4
104	\N	\N	The curious case of the disappearing socks: A tale of mismatched mysteries and runaway laundry.	\N	\N	\N	\N	269	4
9	\N	\N	\N	X	\N	\N	\N	1	5
10	\N	\N	\N	S002	\N	\N	\N	2	5
63	\N	2.47	\N	\N	\N	\N	\N	267	5
108	16	\N	\N	\N	\N	\N	\N	274	5
109	\N	\N	The secret life of office plants: A documentary on the dramatic world of potted flora and their water cooler gossip.	\N	\N	\N	\N	269	5
11	\N	\N	\N	N	\N	\N	\N	1	6
12	\N	\N	\N	S002	\N	\N	\N	2	6
66	\N	1.47	\N	\N	\N	\N	\N	267	6
113	90	\N	\N	\N	\N	\N	\N	274	6
114	\N	\N	The culinary catastrophe: A kitchen comedy of errors featuring burnt toast, exploded souffls, and a rogue blender.	\N	\N	\N	\N	269	6
13	\N	\N	\N	N	\N	\N	\N	1	7
14	\N	\N	\N	S001	\N	\N	\N	2	7
69	\N	39.95	\N	\N	\N	\N	\N	267	7
118	52	\N	\N	\N	\N	\N	\N	274	7
119	\N	\N	The curious case of the disappearing dessert: A culinary mystery involving vanished cakes, stolen cookies, and a trail of crumbs leading to a sweet tooth culprit.	\N	\N	\N	\N	269	7
15	\N	\N	\N	N	\N	\N	\N	1	8
16	\N	\N	\N	S008	\N	\N	\N	2	8
72	\N	63.09	\N	\N	\N	\N	\N	267	8
123	99	\N	\N	\N	\N	\N	\N	274	8
124	\N	\N	The culinary catastrophe: A kitchen comedy of errors featuring burnt toast, exploded souffls, and a rogue blender.	\N	\N	\N	\N	269	8
17	\N	\N	\N	X	\N	\N	\N	1	9
18	\N	\N	\N	S002	\N	\N	\N	2	9
75	\N	91.46	\N	\N	\N	\N	\N	267	9
128	66	\N	\N	\N	\N	\N	\N	274	9
129	\N	\N	The sound of thunder rumbled ominously in the distance, as dark clouds gathered overhead. A storm was brewing, casting an air of anticipation over the sleepy town.	\N	\N	\N	\N	269	9
19	\N	\N	\N	N	\N	\N	\N	1	10
20	\N	\N	\N	X	\N	\N	\N	2	10
78	\N	26.93	\N	\N	\N	\N	\N	267	10
133	79	\N	\N	\N	\N	\N	\N	274	10
134	\N	\N	The laughter of children echoed through the playground, mingling with the sound of birdsong in the trees. It was a scene of pure joy and innocence, a reminder of the simple pleasures in life.	\N	\N	\N	\N	269	10
21	\N	\N	\N	N	\N	\N	\N	1	11
22	\N	\N	\N	S001	\N	\N	\N	2	11
81	\N	42.64	\N	\N	\N	\N	\N	267	11
138	83	\N	\N	\N	\N	\N	\N	274	11
139	\N	\N	The epic battle of the sibling rivalry: A family feud featuring sibling showdowns, petty squabbles, and the quest for parental attention.	\N	\N	\N	\N	269	11
23	\N	\N	\N	N	\N	\N	\N	1	12
24	\N	\N	\N	S001	\N	\N	\N	2	12
84	\N	73.17	\N	\N	\N	\N	\N	267	12
143	84	\N	\N	\N	\N	\N	\N	274	12
144	\N	\N	\N	\N	\N	\N	\N	269	12
145	\N	\N	\N	S002	\N	\N	\N	2	13
146	\N	\N	\N	S001	\N	\N	\N	2	14
147	\N	\N	\N	S002	\N	\N	\N	2	15
148	\N	\N	\N	S001	\N	\N	\N	2	16
149	\N	\N	\N	S002	\N	\N	\N	2	17
\.


--
-- TOC entry 3793 (class 0 OID 16524)
-- Dependencies: 269
-- Data for Name: sequence; Type: TABLE DATA; Schema: public; Owner: postgres
--

COPY public.sequence (id, seqhash) FROM stdin;
1	09b05391ed038a810f767e007b74bd5edb194508648b30a1fdce639474334365
2	d7adf70cb6b07449ffe8e204f9b16827da3a910bf1dccd328b6cea0656868d21
3	096c8366c9b1707603aa80e97d30d5e12bbac4f4f3135a7117dd8fc2c6ce7412
4	38a733cce2808b474c22ab4f36c53a701d3159c1b02207bf90fdd7767ce65faa
5	dbff03a2fd359e7432785d96be7a9bce6c6e860d3165d2bbb82daa7aaaf4095f
6	51f1c4bfa1632fe6f5ee2c926bbc5597a55b657ecbf9d822f1e8b2e004c496e5
7	969d9df12e15e943c929a0b950b35b4de9ffcb4c00f35f637fb0dcd44c5ce017
8	07ec797792fe36854b13eff45da15002d1286c91dfbceffd3482767d82fdb6a1
9	9774da801f2026c33ac1f689907a6a20b9af9ddfa71a579826fa59dc89ace51b
10	d6d1b96148bfd60c68a181746e7865b8712f33f944fb7827c5ccfee8ab784646
11	3c02255278ac729c0717621eb028cbd1d6db8fad2e9f9958a537d5a9fc61db37
12	4a9b9a95ef99fefcdcad331f89fc4b005f431f5162afc953049f21381ed19d7e
13	9d0d969f286cfc0c011afd51c750c273a436413acce6c938562245d155db6d7e
14	ba69451405d6add13e2e1c2be4f35f981282084b401b0c760988654794abf308
15	87d5c963d924743787ce373a974c46721dbe6611edf40874e0d50b3d32883d8e
16	d626098d606176f032b4cc816d9b38064638874d9cb037314b09e714d7a4ac4c
17	d28e18e88f80bb3a07e43dc74a3d9966a08c438260b6721e735239ceccd3702d
\.


--
-- TOC entry 3801 (class 0 OID 0)
-- Dependencies: 217
-- Name: alignment2mutation_id_seq; Type: SEQUENCE SET; Schema: public; Owner: postgres
--

SELECT pg_catalog.setval('public.alignment2mutation_id_seq', 18440, true);


--
-- TOC entry 3802 (class 0 OID 0)
-- Dependencies: 218
-- Name: alignment_id_seq; Type: SEQUENCE SET; Schema: public; Owner: postgres
--

SELECT pg_catalog.setval('public.alignment_id_seq', 17, true);


--
-- TOC entry 3803 (class 0 OID 0)
-- Dependencies: 220
-- Name: annotation_type_id_seq; Type: SEQUENCE SET; Schema: public; Owner: postgres
--

SELECT pg_catalog.setval('public.annotation_type_id_seq', 5469, true);


--
-- TOC entry 3804 (class 0 OID 0)
-- Dependencies: 222
-- Name: auth_group_id_seq; Type: SEQUENCE SET; Schema: public; Owner: postgres
--

SELECT pg_catalog.setval('public.auth_group_id_seq', 1, false);


--
-- TOC entry 3805 (class 0 OID 0)
-- Dependencies: 224
-- Name: auth_group_permissions_id_seq; Type: SEQUENCE SET; Schema: public; Owner: postgres
--

SELECT pg_catalog.setval('public.auth_group_permissions_id_seq', 1, false);


--
-- TOC entry 3806 (class 0 OID 0)
-- Dependencies: 226
-- Name: auth_permission_id_seq; Type: SEQUENCE SET; Schema: public; Owner: postgres
--

SELECT pg_catalog.setval('public.auth_permission_id_seq', 108, true);


--
-- TOC entry 3807 (class 0 OID 0)
-- Dependencies: 229
-- Name: auth_user_groups_id_seq; Type: SEQUENCE SET; Schema: public; Owner: postgres
--

SELECT pg_catalog.setval('public.auth_user_groups_id_seq', 1, false);


--
-- TOC entry 3808 (class 0 OID 0)
-- Dependencies: 230
-- Name: auth_user_id_seq; Type: SEQUENCE SET; Schema: public; Owner: postgres
--

SELECT pg_catalog.setval('public.auth_user_id_seq', 1, true);


--
-- TOC entry 3809 (class 0 OID 0)
-- Dependencies: 232
-- Name: auth_user_user_permissions_id_seq; Type: SEQUENCE SET; Schema: public; Owner: postgres
--

SELECT pg_catalog.setval('public.auth_user_user_permissions_id_seq', 1, false);


--
-- TOC entry 3810 (class 0 OID 0)
-- Dependencies: 234
-- Name: child_element_id_seq; Type: SEQUENCE SET; Schema: public; Owner: postgres
--

SELECT pg_catalog.setval('public.child_element_id_seq', 50, true);


--
-- TOC entry 3811 (class 0 OID 0)
-- Dependencies: 236
-- Name: django_admin_log_id_seq; Type: SEQUENCE SET; Schema: public; Owner: postgres
--

SELECT pg_catalog.setval('public.django_admin_log_id_seq', 1, false);


--
-- TOC entry 3812 (class 0 OID 0)
-- Dependencies: 239
-- Name: django_apscheduler_djangojobexecution_id_seq; Type: SEQUENCE SET; Schema: public; Owner: postgres
--

SELECT pg_catalog.setval('public.django_apscheduler_djangojobexecution_id_seq', 2, true);


--
-- TOC entry 3813 (class 0 OID 0)
-- Dependencies: 241
-- Name: django_content_type_id_seq; Type: SEQUENCE SET; Schema: public; Owner: postgres
--

SELECT pg_catalog.setval('public.django_content_type_id_seq', 27, true);


--
-- TOC entry 3814 (class 0 OID 0)
-- Dependencies: 243
-- Name: django_migrations_id_seq; Type: SEQUENCE SET; Schema: public; Owner: postgres
--

SELECT pg_catalog.setval('public.django_migrations_id_seq', 87, true);


--
-- TOC entry 3815 (class 0 OID 0)
-- Dependencies: 246
-- Name: file_processing_id_seq; Type: SEQUENCE SET; Schema: public; Owner: postgres
--

SELECT pg_catalog.setval('public.file_processing_id_seq', 46, true);


--
-- TOC entry 3816 (class 0 OID 0)
-- Dependencies: 248
-- Name: gene_part_id_seq; Type: SEQUENCE SET; Schema: public; Owner: postgres
--

SELECT pg_catalog.setval('public.gene_part_id_seq', 56, true);


--
-- TOC entry 3817 (class 0 OID 0)
-- Dependencies: 250
-- Name: import_log_id_seq; Type: SEQUENCE SET; Schema: public; Owner: postgres
--

SELECT pg_catalog.setval('public.import_log_id_seq', 40, true);


--
-- TOC entry 3818 (class 0 OID 0)
-- Dependencies: 252
-- Name: lineage_id_seq; Type: SEQUENCE SET; Schema: public; Owner: postgres
--

SELECT pg_catalog.setval('public.lineage_id_seq', 4353, true);


--
-- TOC entry 3819 (class 0 OID 0)
-- Dependencies: 255
-- Name: mutation2annotation_id_seq; Type: SEQUENCE SET; Schema: public; Owner: postgres
--

SELECT pg_catalog.setval('public.mutation2annotation_id_seq', 6843, true);


--
-- TOC entry 3820 (class 0 OID 0)
-- Dependencies: 256
-- Name: mutation_id_seq; Type: SEQUENCE SET; Schema: public; Owner: postgres
--

SELECT pg_catalog.setval('public.mutation_id_seq', 18441, true);


--
-- TOC entry 3821 (class 0 OID 0)
-- Dependencies: 258
-- Name: processing_job_id_seq; Type: SEQUENCE SET; Schema: public; Owner: postgres
--

SELECT pg_catalog.setval('public.processing_job_id_seq', 50, true);


--
-- TOC entry 3822 (class 0 OID 0)
-- Dependencies: 260
-- Name: property_id_seq; Type: SEQUENCE SET; Schema: public; Owner: postgres
--

SELECT pg_catalog.setval('public.property_id_seq', 511, true);


--
-- TOC entry 3823 (class 0 OID 0)
-- Dependencies: 262
-- Name: reference_id_seq; Type: SEQUENCE SET; Schema: public; Owner: postgres
--

SELECT pg_catalog.setval('public.reference_id_seq', 41, true);


--
-- TOC entry 3824 (class 0 OID 0)
-- Dependencies: 264
-- Name: replicon_id_seq; Type: SEQUENCE SET; Schema: public; Owner: postgres
--

SELECT pg_catalog.setval('public.replicon_id_seq', 41, true);


--
-- TOC entry 3825 (class 0 OID 0)
-- Dependencies: 267
-- Name: sample2property_id_seq; Type: SEQUENCE SET; Schema: public; Owner: postgres
--

SELECT pg_catalog.setval('public.sample2property_id_seq', 329, true);


--
-- TOC entry 3826 (class 0 OID 0)
-- Dependencies: 268
-- Name: sample_id_seq; Type: SEQUENCE SET; Schema: public; Owner: postgres
--

SELECT pg_catalog.setval('public.sample_id_seq', 29, true);


--
-- TOC entry 3827 (class 0 OID 0)
-- Dependencies: 270
-- Name: sequence_id_seq; Type: SEQUENCE SET; Schema: public; Owner: postgres
--

SELECT pg_catalog.setval('public.sequence_id_seq', 29, true);


--
-- TOC entry 3396 (class 2606 OID 16535)
-- Name: alignment2mutation alignment2mutation_pkey; Type: CONSTRAINT; Schema: public; Owner: postgres
--

ALTER TABLE ONLY public.alignment2mutation
    ADD CONSTRAINT alignment2mutation_pkey PRIMARY KEY (id);


--
-- TOC entry 3386 (class 2606 OID 16537)
-- Name: alignment alignment_pkey; Type: CONSTRAINT; Schema: public; Owner: postgres
--

ALTER TABLE ONLY public.alignment
    ADD CONSTRAINT alignment_pkey PRIMARY KEY (id);


--
-- TOC entry 3400 (class 2606 OID 16539)
-- Name: annotation_type annotation_type_pkey; Type: CONSTRAINT; Schema: public; Owner: postgres
--

ALTER TABLE ONLY public.annotation_type
    ADD CONSTRAINT annotation_type_pkey PRIMARY KEY (id);


--
-- TOC entry 3406 (class 2606 OID 16541)
-- Name: auth_group auth_group_name_key; Type: CONSTRAINT; Schema: public; Owner: postgres
--

ALTER TABLE ONLY public.auth_group
    ADD CONSTRAINT auth_group_name_key UNIQUE (name);


--
-- TOC entry 3411 (class 2606 OID 16543)
-- Name: auth_group_permissions auth_group_permissions_group_id_permission_id_0cd325b0_uniq; Type: CONSTRAINT; Schema: public; Owner: postgres
--

ALTER TABLE ONLY public.auth_group_permissions
    ADD CONSTRAINT auth_group_permissions_group_id_permission_id_0cd325b0_uniq UNIQUE (group_id, permission_id);


--
-- TOC entry 3414 (class 2606 OID 16545)
-- Name: auth_group_permissions auth_group_permissions_pkey; Type: CONSTRAINT; Schema: public; Owner: postgres
--

ALTER TABLE ONLY public.auth_group_permissions
    ADD CONSTRAINT auth_group_permissions_pkey PRIMARY KEY (id);


--
-- TOC entry 3408 (class 2606 OID 16547)
-- Name: auth_group auth_group_pkey; Type: CONSTRAINT; Schema: public; Owner: postgres
--

ALTER TABLE ONLY public.auth_group
    ADD CONSTRAINT auth_group_pkey PRIMARY KEY (id);


--
-- TOC entry 3417 (class 2606 OID 16549)
-- Name: auth_permission auth_permission_content_type_id_codename_01ab375a_uniq; Type: CONSTRAINT; Schema: public; Owner: postgres
--

ALTER TABLE ONLY public.auth_permission
    ADD CONSTRAINT auth_permission_content_type_id_codename_01ab375a_uniq UNIQUE (content_type_id, codename);


--
-- TOC entry 3419 (class 2606 OID 16551)
-- Name: auth_permission auth_permission_pkey; Type: CONSTRAINT; Schema: public; Owner: postgres
--

ALTER TABLE ONLY public.auth_permission
    ADD CONSTRAINT auth_permission_pkey PRIMARY KEY (id);


--
-- TOC entry 3427 (class 2606 OID 16553)
-- Name: auth_user_groups auth_user_groups_pkey; Type: CONSTRAINT; Schema: public; Owner: postgres
--

ALTER TABLE ONLY public.auth_user_groups
    ADD CONSTRAINT auth_user_groups_pkey PRIMARY KEY (id);


--
-- TOC entry 3430 (class 2606 OID 16555)
-- Name: auth_user_groups auth_user_groups_user_id_group_id_94350c0c_uniq; Type: CONSTRAINT; Schema: public; Owner: postgres
--

ALTER TABLE ONLY public.auth_user_groups
    ADD CONSTRAINT auth_user_groups_user_id_group_id_94350c0c_uniq UNIQUE (user_id, group_id);


--
-- TOC entry 3421 (class 2606 OID 16557)
-- Name: auth_user auth_user_pkey; Type: CONSTRAINT; Schema: public; Owner: postgres
--

ALTER TABLE ONLY public.auth_user
    ADD CONSTRAINT auth_user_pkey PRIMARY KEY (id);


--
-- TOC entry 3433 (class 2606 OID 16559)
-- Name: auth_user_user_permissions auth_user_user_permissions_pkey; Type: CONSTRAINT; Schema: public; Owner: postgres
--

ALTER TABLE ONLY public.auth_user_user_permissions
    ADD CONSTRAINT auth_user_user_permissions_pkey PRIMARY KEY (id);


--
-- TOC entry 3436 (class 2606 OID 16561)
-- Name: auth_user_user_permissions auth_user_user_permissions_user_id_permission_id_14a6b632_uniq; Type: CONSTRAINT; Schema: public; Owner: postgres
--

ALTER TABLE ONLY public.auth_user_user_permissions
    ADD CONSTRAINT auth_user_user_permissions_user_id_permission_id_14a6b632_uniq UNIQUE (user_id, permission_id);


--
-- TOC entry 3424 (class 2606 OID 16563)
-- Name: auth_user auth_user_username_key; Type: CONSTRAINT; Schema: public; Owner: postgres
--

ALTER TABLE ONLY public.auth_user
    ADD CONSTRAINT auth_user_username_key UNIQUE (username);


--
-- TOC entry 3439 (class 2606 OID 16565)
-- Name: gene child_element_pkey; Type: CONSTRAINT; Schema: public; Owner: postgres
--

ALTER TABLE ONLY public.gene
    ADD CONSTRAINT child_element_pkey PRIMARY KEY (id);


--
-- TOC entry 3446 (class 2606 OID 16567)
-- Name: django_admin_log django_admin_log_pkey; Type: CONSTRAINT; Schema: public; Owner: postgres
--

ALTER TABLE ONLY public.django_admin_log
    ADD CONSTRAINT django_admin_log_pkey PRIMARY KEY (id);


--
-- TOC entry 3450 (class 2606 OID 16569)
-- Name: django_apscheduler_djangojob django_apscheduler_djangojob_pkey; Type: CONSTRAINT; Schema: public; Owner: postgres
--

ALTER TABLE ONLY public.django_apscheduler_djangojob
    ADD CONSTRAINT django_apscheduler_djangojob_pkey PRIMARY KEY (id);


--
-- TOC entry 3453 (class 2606 OID 16571)
-- Name: django_apscheduler_djangojobexecution django_apscheduler_djangojobexecution_pkey; Type: CONSTRAINT; Schema: public; Owner: postgres
--

ALTER TABLE ONLY public.django_apscheduler_djangojobexecution
    ADD CONSTRAINT django_apscheduler_djangojobexecution_pkey PRIMARY KEY (id);


--
-- TOC entry 3458 (class 2606 OID 16573)
-- Name: django_content_type django_content_type_app_label_model_76bd3d3b_uniq; Type: CONSTRAINT; Schema: public; Owner: postgres
--

ALTER TABLE ONLY public.django_content_type
    ADD CONSTRAINT django_content_type_app_label_model_76bd3d3b_uniq UNIQUE (app_label, model);


--
-- TOC entry 3460 (class 2606 OID 16575)
-- Name: django_content_type django_content_type_pkey; Type: CONSTRAINT; Schema: public; Owner: postgres
--

ALTER TABLE ONLY public.django_content_type
    ADD CONSTRAINT django_content_type_pkey PRIMARY KEY (id);


--
-- TOC entry 3462 (class 2606 OID 16577)
-- Name: django_migrations django_migrations_pkey; Type: CONSTRAINT; Schema: public; Owner: postgres
--

ALTER TABLE ONLY public.django_migrations
    ADD CONSTRAINT django_migrations_pkey PRIMARY KEY (id);


--
-- TOC entry 3465 (class 2606 OID 16579)
-- Name: django_session django_session_pkey; Type: CONSTRAINT; Schema: public; Owner: postgres
--

ALTER TABLE ONLY public.django_session
    ADD CONSTRAINT django_session_pkey PRIMARY KEY (session_key);


--
-- TOC entry 3469 (class 2606 OID 16581)
-- Name: file_processing file_processing_file_name_key; Type: CONSTRAINT; Schema: public; Owner: postgres
--

ALTER TABLE ONLY public.file_processing
    ADD CONSTRAINT file_processing_file_name_key UNIQUE (file_name);


--
-- TOC entry 3471 (class 2606 OID 16583)
-- Name: file_processing file_processing_pkey; Type: CONSTRAINT; Schema: public; Owner: postgres
--

ALTER TABLE ONLY public.file_processing
    ADD CONSTRAINT file_processing_pkey PRIMARY KEY (id);


--
-- TOC entry 3442 (class 2606 OID 16585)
-- Name: gene gene_cds_accession_key; Type: CONSTRAINT; Schema: public; Owner: postgres
--

ALTER TABLE ONLY public.gene
    ADD CONSTRAINT gene_cds_accession_key UNIQUE (cds_accession);


--
-- TOC entry 3475 (class 2606 OID 16587)
-- Name: gene_segment gene_part_pkey; Type: CONSTRAINT; Schema: public; Owner: postgres
--

ALTER TABLE ONLY public.gene_segment
    ADD CONSTRAINT gene_part_pkey PRIMARY KEY (id);


--
-- TOC entry 3479 (class 2606 OID 16589)
-- Name: import_log import_log_pkey; Type: CONSTRAINT; Schema: public; Owner: postgres
--

ALTER TABLE ONLY public.import_log
    ADD CONSTRAINT import_log_pkey PRIMARY KEY (id);


--
-- TOC entry 3484 (class 2606 OID 16591)
-- Name: lineage lineage_pkey; Type: CONSTRAINT; Schema: public; Owner: postgres
--

ALTER TABLE ONLY public.lineage
    ADD CONSTRAINT lineage_pkey PRIMARY KEY (id);


--
-- TOC entry 3508 (class 2606 OID 16593)
-- Name: mutation2annotation mutation2annotation_pkey; Type: CONSTRAINT; Schema: public; Owner: postgres
--

ALTER TABLE ONLY public.mutation2annotation
    ADD CONSTRAINT mutation2annotation_pkey PRIMARY KEY (id);


--
-- TOC entry 3493 (class 2606 OID 16595)
-- Name: mutation mutation_pkey; Type: CONSTRAINT; Schema: public; Owner: postgres
--

ALTER TABLE ONLY public.mutation
    ADD CONSTRAINT mutation_pkey PRIMARY KEY (id);


--
-- TOC entry 3512 (class 2606 OID 16597)
-- Name: processing_job processing_job_entry_time_a867758c_uniq; Type: CONSTRAINT; Schema: public; Owner: postgres
--

ALTER TABLE ONLY public.processing_job
    ADD CONSTRAINT processing_job_entry_time_a867758c_uniq UNIQUE (entry_time);


--
-- TOC entry 3515 (class 2606 OID 16599)
-- Name: processing_job processing_job_job_name_d910ea14_uniq; Type: CONSTRAINT; Schema: public; Owner: postgres
--

ALTER TABLE ONLY public.processing_job
    ADD CONSTRAINT processing_job_job_name_d910ea14_uniq UNIQUE (job_name);


--
-- TOC entry 3517 (class 2606 OID 16601)
-- Name: processing_job processing_job_pkey; Type: CONSTRAINT; Schema: public; Owner: postgres
--

ALTER TABLE ONLY public.processing_job
    ADD CONSTRAINT processing_job_pkey PRIMARY KEY (id);


--
-- TOC entry 3519 (class 2606 OID 16603)
-- Name: property property_name_key; Type: CONSTRAINT; Schema: public; Owner: postgres
--

ALTER TABLE ONLY public.property
    ADD CONSTRAINT property_name_key UNIQUE (name);


--
-- TOC entry 3521 (class 2606 OID 16605)
-- Name: property property_pkey; Type: CONSTRAINT; Schema: public; Owner: postgres
--

ALTER TABLE ONLY public.property
    ADD CONSTRAINT property_pkey PRIMARY KEY (id);


--
-- TOC entry 3523 (class 2606 OID 16607)
-- Name: reference reference_accession_key; Type: CONSTRAINT; Schema: public; Owner: postgres
--

ALTER TABLE ONLY public.reference
    ADD CONSTRAINT reference_accession_key UNIQUE (accession);


--
-- TOC entry 3526 (class 2606 OID 16609)
-- Name: reference reference_db_xref_key; Type: CONSTRAINT; Schema: public; Owner: postgres
--

ALTER TABLE ONLY public.reference
    ADD CONSTRAINT reference_db_xref_key UNIQUE (db_xref);


--
-- TOC entry 3529 (class 2606 OID 16611)
-- Name: reference reference_name_key; Type: CONSTRAINT; Schema: public; Owner: postgres
--

ALTER TABLE ONLY public.reference
    ADD CONSTRAINT reference_name_key UNIQUE (name);


--
-- TOC entry 3531 (class 2606 OID 16613)
-- Name: reference reference_pkey; Type: CONSTRAINT; Schema: public; Owner: postgres
--

ALTER TABLE ONLY public.reference
    ADD CONSTRAINT reference_pkey PRIMARY KEY (id);


--
-- TOC entry 3534 (class 2606 OID 16615)
-- Name: replicon replicon_accession_key; Type: CONSTRAINT; Schema: public; Owner: postgres
--

ALTER TABLE ONLY public.replicon
    ADD CONSTRAINT replicon_accession_key UNIQUE (accession);


--
-- TOC entry 3536 (class 2606 OID 16617)
-- Name: replicon replicon_pkey; Type: CONSTRAINT; Schema: public; Owner: postgres
--

ALTER TABLE ONLY public.replicon
    ADD CONSTRAINT replicon_pkey PRIMARY KEY (id);


--
-- TOC entry 3558 (class 2606 OID 16619)
-- Name: sample2property sample2property_pkey; Type: CONSTRAINT; Schema: public; Owner: postgres
--

ALTER TABLE ONLY public.sample2property
    ADD CONSTRAINT sample2property_pkey PRIMARY KEY (id);


--
-- TOC entry 3551 (class 2606 OID 16621)
-- Name: sample sample_name_key; Type: CONSTRAINT; Schema: public; Owner: postgres
--

ALTER TABLE ONLY public.sample
    ADD CONSTRAINT sample_name_key UNIQUE (name);


--
-- TOC entry 3553 (class 2606 OID 16623)
-- Name: sample sample_pkey; Type: CONSTRAINT; Schema: public; Owner: postgres
--

ALTER TABLE ONLY public.sample
    ADD CONSTRAINT sample_pkey PRIMARY KEY (id);


--
-- TOC entry 3564 (class 2606 OID 16625)
-- Name: sequence sequence_pkey; Type: CONSTRAINT; Schema: public; Owner: postgres
--

ALTER TABLE ONLY public.sequence
    ADD CONSTRAINT sequence_pkey PRIMARY KEY (id);


--
-- TOC entry 3567 (class 2606 OID 16627)
-- Name: sequence sequence_seqhash_key; Type: CONSTRAINT; Schema: public; Owner: postgres
--

ALTER TABLE ONLY public.sequence
    ADD CONSTRAINT sequence_seqhash_key UNIQUE (seqhash);


--
-- TOC entry 3391 (class 2606 OID 16629)
-- Name: alignment unique_alignment; Type: CONSTRAINT; Schema: public; Owner: postgres
--

ALTER TABLE ONLY public.alignment
    ADD CONSTRAINT unique_alignment UNIQUE (replicon_id, sequence_id);


--
-- TOC entry 3398 (class 2606 OID 16631)
-- Name: alignment2mutation unique_alignment2mutation; Type: CONSTRAINT; Schema: public; Owner: postgres
--

ALTER TABLE ONLY public.alignment2mutation
    ADD CONSTRAINT unique_alignment2mutation UNIQUE (mutation_id, alignment_id);


--
-- TOC entry 3402 (class 2606 OID 16633)
-- Name: annotation_type unique_annotation; Type: CONSTRAINT; Schema: public; Owner: postgres
--

ALTER TABLE ONLY public.annotation_type
    ADD CONSTRAINT unique_annotation UNIQUE (seq_ontology, region, impact);


--
-- TOC entry 3481 (class 2606 OID 16635)
-- Name: import_log unique_import_log; Type: CONSTRAINT; Schema: public; Owner: postgres
--

ALTER TABLE ONLY public.import_log
    ADD CONSTRAINT unique_import_log UNIQUE (file_id, updated);


--
-- TOC entry 3456 (class 2606 OID 16637)
-- Name: django_apscheduler_djangojobexecution unique_job_executions; Type: CONSTRAINT; Schema: public; Owner: postgres
--

ALTER TABLE ONLY public.django_apscheduler_djangojobexecution
    ADD CONSTRAINT unique_job_executions UNIQUE (job_id, run_time);


--
-- TOC entry 3486 (class 2606 OID 16639)
-- Name: lineage unique_lineage; Type: CONSTRAINT; Schema: public; Owner: postgres
--

ALTER TABLE ONLY public.lineage
    ADD CONSTRAINT unique_lineage UNIQUE (name, parent_id);


--
-- TOC entry 3499 (class 2606 OID 16641)
-- Name: mutation unique_mutation; Type: CONSTRAINT; Schema: public; Owner: postgres
--

ALTER TABLE ONLY public.mutation
    ADD CONSTRAINT unique_mutation UNIQUE (ref, alt, start, "end", type, gene_id, replicon_id);


--
-- TOC entry 3510 (class 2606 OID 16643)
-- Name: mutation2annotation unique_mutation2annotation; Type: CONSTRAINT; Schema: public; Owner: postgres
--

ALTER TABLE ONLY public.mutation2annotation
    ADD CONSTRAINT unique_mutation2annotation UNIQUE (mutation_id, alignment_id, annotation_id);


--
-- TOC entry 3562 (class 2606 OID 16645)
-- Name: sample2property unique_property2sample; Type: CONSTRAINT; Schema: public; Owner: postgres
--

ALTER TABLE ONLY public.sample2property
    ADD CONSTRAINT unique_property2sample UNIQUE (property_id, sample_id);


--
-- TOC entry 3392 (class 1259 OID 16646)
-- Name: alignment2m_alignme_d1c719_idx; Type: INDEX; Schema: public; Owner: postgres
--

CREATE INDEX alignment2m_alignme_d1c719_idx ON public.alignment2mutation USING btree (alignment_id, mutation_id);


--
-- TOC entry 3393 (class 1259 OID 16647)
-- Name: alignment2mutation_alignment_id_e77170a1; Type: INDEX; Schema: public; Owner: postgres
--

CREATE INDEX alignment2mutation_alignment_id_e77170a1 ON public.alignment2mutation USING btree (alignment_id);


--
-- TOC entry 3394 (class 1259 OID 16648)
-- Name: alignment2mutation_mutation_id_a0eaa2d8; Type: INDEX; Schema: public; Owner: postgres
--

CREATE INDEX alignment2mutation_mutation_id_a0eaa2d8 ON public.alignment2mutation USING btree (mutation_id);


--
-- TOC entry 3387 (class 1259 OID 16649)
-- Name: alignment_replico_f9eb6b_idx; Type: INDEX; Schema: public; Owner: postgres
--

CREATE INDEX alignment_replico_f9eb6b_idx ON public.alignment USING btree (replicon_id, sequence_id);


--
-- TOC entry 3388 (class 1259 OID 16650)
-- Name: alignment_replicon_id_68bc5c6d; Type: INDEX; Schema: public; Owner: postgres
--

CREATE INDEX alignment_replicon_id_68bc5c6d ON public.alignment USING btree (replicon_id);


--
-- TOC entry 3389 (class 1259 OID 16651)
-- Name: alignment_sequence_id_7c24bc6c; Type: INDEX; Schema: public; Owner: postgres
--

CREATE INDEX alignment_sequence_id_7c24bc6c ON public.alignment USING btree (sequence_id);


--
-- TOC entry 3404 (class 1259 OID 16652)
-- Name: auth_group_name_a6ea08ec_like; Type: INDEX; Schema: public; Owner: postgres
--

CREATE INDEX auth_group_name_a6ea08ec_like ON public.auth_group USING btree (name varchar_pattern_ops);


--
-- TOC entry 3409 (class 1259 OID 16653)
-- Name: auth_group_permissions_group_id_b120cbf9; Type: INDEX; Schema: public; Owner: postgres
--

CREATE INDEX auth_group_permissions_group_id_b120cbf9 ON public.auth_group_permissions USING btree (group_id);


--
-- TOC entry 3412 (class 1259 OID 16654)
-- Name: auth_group_permissions_permission_id_84c5c92e; Type: INDEX; Schema: public; Owner: postgres
--

CREATE INDEX auth_group_permissions_permission_id_84c5c92e ON public.auth_group_permissions USING btree (permission_id);


--
-- TOC entry 3415 (class 1259 OID 16655)
-- Name: auth_permission_content_type_id_2f476e4b; Type: INDEX; Schema: public; Owner: postgres
--

CREATE INDEX auth_permission_content_type_id_2f476e4b ON public.auth_permission USING btree (content_type_id);


--
-- TOC entry 3425 (class 1259 OID 16656)
-- Name: auth_user_groups_group_id_97559544; Type: INDEX; Schema: public; Owner: postgres
--

CREATE INDEX auth_user_groups_group_id_97559544 ON public.auth_user_groups USING btree (group_id);


--
-- TOC entry 3428 (class 1259 OID 16657)
-- Name: auth_user_groups_user_id_6a12ed8b; Type: INDEX; Schema: public; Owner: postgres
--

CREATE INDEX auth_user_groups_user_id_6a12ed8b ON public.auth_user_groups USING btree (user_id);


--
-- TOC entry 3431 (class 1259 OID 16658)
-- Name: auth_user_user_permissions_permission_id_1fbb5f2c; Type: INDEX; Schema: public; Owner: postgres
--

CREATE INDEX auth_user_user_permissions_permission_id_1fbb5f2c ON public.auth_user_user_permissions USING btree (permission_id);


--
-- TOC entry 3434 (class 1259 OID 16659)
-- Name: auth_user_user_permissions_user_id_a95ead1b; Type: INDEX; Schema: public; Owner: postgres
--

CREATE INDEX auth_user_user_permissions_user_id_a95ead1b ON public.auth_user_user_permissions USING btree (user_id);


--
-- TOC entry 3422 (class 1259 OID 16660)
-- Name: auth_user_username_6821ab7c_like; Type: INDEX; Schema: public; Owner: postgres
--

CREATE INDEX auth_user_username_6821ab7c_like ON public.auth_user USING btree (username varchar_pattern_ops);


--
-- TOC entry 3437 (class 1259 OID 16661)
-- Name: child_element_gene_accession_52ac9c05_like; Type: INDEX; Schema: public; Owner: postgres
--

CREATE INDEX child_element_gene_accession_52ac9c05_like ON public.gene USING btree (gene_accession varchar_pattern_ops);


--
-- TOC entry 3538 (class 1259 OID 16662)
-- Name: collection_date_month_idx; Type: INDEX; Schema: public; Owner: postgres
--

CREATE INDEX collection_date_month_idx ON public.sample USING btree (EXTRACT(month FROM collection_date));


--
-- TOC entry 3539 (class 1259 OID 16663)
-- Name: collection_date_week_idx; Type: INDEX; Schema: public; Owner: postgres
--

CREATE INDEX collection_date_week_idx ON public.sample USING btree (EXTRACT(week FROM collection_date));


--
-- TOC entry 3540 (class 1259 OID 16664)
-- Name: collection_date_year_idx; Type: INDEX; Schema: public; Owner: postgres
--

CREATE INDEX collection_date_year_idx ON public.sample USING btree (EXTRACT(year FROM collection_date));


--
-- TOC entry 3444 (class 1259 OID 16665)
-- Name: django_admin_log_content_type_id_c4bce8eb; Type: INDEX; Schema: public; Owner: postgres
--

CREATE INDEX django_admin_log_content_type_id_c4bce8eb ON public.django_admin_log USING btree (content_type_id);


--
-- TOC entry 3447 (class 1259 OID 16666)
-- Name: django_admin_log_user_id_c564eba6; Type: INDEX; Schema: public; Owner: postgres
--

CREATE INDEX django_admin_log_user_id_c564eba6 ON public.django_admin_log USING btree (user_id);


--
-- TOC entry 3448 (class 1259 OID 16667)
-- Name: django_apscheduler_djangojob_next_run_time_2f022619; Type: INDEX; Schema: public; Owner: postgres
--

CREATE INDEX django_apscheduler_djangojob_next_run_time_2f022619 ON public.django_apscheduler_djangojob USING btree (next_run_time);


--
-- TOC entry 3451 (class 1259 OID 16668)
-- Name: django_apscheduler_djangojobexecution_job_id_daf5090a; Type: INDEX; Schema: public; Owner: postgres
--

CREATE INDEX django_apscheduler_djangojobexecution_job_id_daf5090a ON public.django_apscheduler_djangojobexecution USING btree (job_id);


--
-- TOC entry 3454 (class 1259 OID 16669)
-- Name: django_apscheduler_djangojobexecution_run_time_16edd96b; Type: INDEX; Schema: public; Owner: postgres
--

CREATE INDEX django_apscheduler_djangojobexecution_run_time_16edd96b ON public.django_apscheduler_djangojobexecution USING btree (run_time);


--
-- TOC entry 3463 (class 1259 OID 16670)
-- Name: django_session_expire_date_a5c62663; Type: INDEX; Schema: public; Owner: postgres
--

CREATE INDEX django_session_expire_date_a5c62663 ON public.django_session USING btree (expire_date);


--
-- TOC entry 3466 (class 1259 OID 16671)
-- Name: django_session_session_key_c0390e0f_like; Type: INDEX; Schema: public; Owner: postgres
--

CREATE INDEX django_session_session_key_c0390e0f_like ON public.django_session USING btree (session_key varchar_pattern_ops);


--
-- TOC entry 3467 (class 1259 OID 16672)
-- Name: file_processing_file_name_bacdccbd_like; Type: INDEX; Schema: public; Owner: postgres
--

CREATE INDEX file_processing_file_name_bacdccbd_like ON public.file_processing USING btree (file_name varchar_pattern_ops);


--
-- TOC entry 3472 (class 1259 OID 16673)
-- Name: file_processing_processing_job_id_46fcf01d; Type: INDEX; Schema: public; Owner: postgres
--

CREATE INDEX file_processing_processing_job_id_46fcf01d ON public.file_processing USING btree (processing_job_id);


--
-- TOC entry 3440 (class 1259 OID 16674)
-- Name: gene_cds_accession_6b5e6f72_like; Type: INDEX; Schema: public; Owner: postgres
--

CREATE INDEX gene_cds_accession_6b5e6f72_like ON public.gene USING btree (cds_accession varchar_pattern_ops);


--
-- TOC entry 3473 (class 1259 OID 16675)
-- Name: gene_part_gene_id_be41e83b; Type: INDEX; Schema: public; Owner: postgres
--

CREATE INDEX gene_part_gene_id_be41e83b ON public.gene_segment USING btree (gene_id);


--
-- TOC entry 3443 (class 1259 OID 16676)
-- Name: gene_replicon_id_7a0d0bd8; Type: INDEX; Schema: public; Owner: postgres
--

CREATE INDEX gene_replicon_id_7a0d0bd8 ON public.gene USING btree (replicon_id);


--
-- TOC entry 3476 (class 1259 OID 16677)
-- Name: import_log_file_id_7df8ad67; Type: INDEX; Schema: public; Owner: postgres
--

CREATE INDEX import_log_file_id_7df8ad67 ON public.import_log USING btree (file_id);


--
-- TOC entry 3477 (class 1259 OID 16678)
-- Name: import_log_file_id_7df8ad67_like; Type: INDEX; Schema: public; Owner: postgres
--

CREATE INDEX import_log_file_id_7df8ad67_like ON public.import_log USING btree (file_id varchar_pattern_ops);


--
-- TOC entry 3482 (class 1259 OID 16679)
-- Name: lineage_parent_id_332a5968; Type: INDEX; Schema: public; Owner: postgres
--

CREATE INDEX lineage_parent_id_332a5968 ON public.lineage USING btree (parent_id);


--
-- TOC entry 3504 (class 1259 OID 16680)
-- Name: mutation2annotation_alignment_id_aedf2f9a; Type: INDEX; Schema: public; Owner: postgres
--

CREATE INDEX mutation2annotation_alignment_id_aedf2f9a ON public.mutation2annotation USING btree (alignment_id);


--
-- TOC entry 3505 (class 1259 OID 16681)
-- Name: mutation2annotation_annotation_id_da2dbb5c; Type: INDEX; Schema: public; Owner: postgres
--

CREATE INDEX mutation2annotation_annotation_id_da2dbb5c ON public.mutation2annotation USING btree (annotation_id);


--
-- TOC entry 3506 (class 1259 OID 16682)
-- Name: mutation2annotation_mutation_id_5e36a6b5; Type: INDEX; Schema: public; Owner: postgres
--

CREATE INDEX mutation2annotation_mutation_id_5e36a6b5 ON public.mutation2annotation USING btree (mutation_id);


--
-- TOC entry 3488 (class 1259 OID 16683)
-- Name: mutation_alt_c8d6b3_idx; Type: INDEX; Schema: public; Owner: postgres
--

CREATE INDEX mutation_alt_c8d6b3_idx ON public.mutation USING btree (alt);


--
-- TOC entry 3489 (class 1259 OID 16684)
-- Name: mutation_end_c996da_idx; Type: INDEX; Schema: public; Owner: postgres
--

CREATE INDEX mutation_end_c996da_idx ON public.mutation USING btree ("end");


--
-- TOC entry 3490 (class 1259 OID 16685)
-- Name: mutation_gene_id_2f1f1c_idx; Type: INDEX; Schema: public; Owner: postgres
--

CREATE INDEX mutation_gene_id_2f1f1c_idx ON public.mutation USING btree (gene_id);


--
-- TOC entry 3491 (class 1259 OID 16686)
-- Name: mutation_gene_id_e03e0de9; Type: INDEX; Schema: public; Owner: postgres
--

CREATE INDEX mutation_gene_id_e03e0de9 ON public.mutation USING btree (gene_id);


--
-- TOC entry 3494 (class 1259 OID 16687)
-- Name: mutation_ref_460df8_idx; Type: INDEX; Schema: public; Owner: postgres
--

CREATE INDEX mutation_ref_460df8_idx ON public.mutation USING btree (ref);


--
-- TOC entry 3495 (class 1259 OID 16688)
-- Name: mutation_replicon_id_d1f3401d; Type: INDEX; Schema: public; Owner: postgres
--

CREATE INDEX mutation_replicon_id_d1f3401d ON public.mutation USING btree (replicon_id);


--
-- TOC entry 3496 (class 1259 OID 16689)
-- Name: mutation_start_d58834_idx; Type: INDEX; Schema: public; Owner: postgres
--

CREATE INDEX mutation_start_d58834_idx ON public.mutation USING btree (start);


--
-- TOC entry 3497 (class 1259 OID 16690)
-- Name: mutation_type_bf4ac1_idx; Type: INDEX; Schema: public; Owner: postgres
--

CREATE INDEX mutation_type_bf4ac1_idx ON public.mutation USING btree (type);


--
-- TOC entry 3513 (class 1259 OID 16691)
-- Name: processing_job_job_name_d910ea14_like; Type: INDEX; Schema: public; Owner: postgres
--

CREATE INDEX processing_job_job_name_d910ea14_like ON public.processing_job USING btree (job_name varchar_pattern_ops);


--
-- TOC entry 3524 (class 1259 OID 16692)
-- Name: reference_db_xref_0f9dcc91_like; Type: INDEX; Schema: public; Owner: postgres
--

CREATE INDEX reference_db_xref_0f9dcc91_like ON public.reference USING btree (db_xref varchar_pattern_ops);


--
-- TOC entry 3527 (class 1259 OID 16693)
-- Name: reference_name_5a6362c2_like; Type: INDEX; Schema: public; Owner: postgres
--

CREATE INDEX reference_name_5a6362c2_like ON public.reference USING btree (name varchar_pattern_ops);


--
-- TOC entry 3532 (class 1259 OID 16694)
-- Name: replicon_accession_fb021954_like; Type: INDEX; Schema: public; Owner: postgres
--

CREATE INDEX replicon_accession_fb021954_like ON public.replicon USING btree (accession varchar_pattern_ops);


--
-- TOC entry 3537 (class 1259 OID 16695)
-- Name: replicon_reference_id_f0191358; Type: INDEX; Schema: public; Owner: postgres
--

CREATE INDEX replicon_reference_id_f0191358 ON public.replicon USING btree (reference_id);


--
-- TOC entry 3559 (class 1259 OID 16696)
-- Name: sample2property_property_id_c2180c6c; Type: INDEX; Schema: public; Owner: postgres
--

CREATE INDEX sample2property_property_id_c2180c6c ON public.sample2property USING btree (property_id);


--
-- TOC entry 3560 (class 1259 OID 16697)
-- Name: sample2property_sample_id_8576a658; Type: INDEX; Schema: public; Owner: postgres
--

CREATE INDEX sample2property_sample_id_8576a658 ON public.sample2property USING btree (sample_id);


--
-- TOC entry 3541 (class 1259 OID 16698)
-- Name: sample_collect_861c47_idx; Type: INDEX; Schema: public; Owner: postgres
--

CREATE INDEX sample_collect_861c47_idx ON public.sample USING btree (collection_date);


--
-- TOC entry 3542 (class 1259 OID 16699)
-- Name: sample_country_da3900_idx; Type: INDEX; Schema: public; Owner: postgres
--

CREATE INDEX sample_country_da3900_idx ON public.sample USING btree (country);


--
-- TOC entry 3543 (class 1259 OID 16700)
-- Name: sample_genome__ca4dc9_idx; Type: INDEX; Schema: public; Owner: postgres
--

CREATE INDEX sample_genome__ca4dc9_idx ON public.sample USING btree (genome_completeness);


--
-- TOC entry 3544 (class 1259 OID 16701)
-- Name: sample_host_ef80b0_idx; Type: INDEX; Schema: public; Owner: postgres
--

CREATE INDEX sample_host_ef80b0_idx ON public.sample USING btree (host);


--
-- TOC entry 3545 (class 1259 OID 16702)
-- Name: sample_init_up_6bdf99_idx; Type: INDEX; Schema: public; Owner: postgres
--

CREATE INDEX sample_init_up_6bdf99_idx ON public.sample USING btree (init_upload_date);


--
-- TOC entry 3546 (class 1259 OID 16703)
-- Name: sample_lab_f9c2e2_idx; Type: INDEX; Schema: public; Owner: postgres
--

CREATE INDEX sample_lab_f9c2e2_idx ON public.sample USING btree (lab);


--
-- TOC entry 3547 (class 1259 OID 16704)
-- Name: sample_last_up_5f4e06_idx; Type: INDEX; Schema: public; Owner: postgres
--

CREATE INDEX sample_last_up_5f4e06_idx ON public.sample USING btree (last_update_date);


--
-- TOC entry 3548 (class 1259 OID 16705)
-- Name: sample_lineage_1bf41c_idx; Type: INDEX; Schema: public; Owner: postgres
--

CREATE INDEX sample_lineage_1bf41c_idx ON public.sample USING btree (lineage);


--
-- TOC entry 3549 (class 1259 OID 16706)
-- Name: sample_name_be7a19_idx; Type: INDEX; Schema: public; Owner: postgres
--

CREATE INDEX sample_name_be7a19_idx ON public.sample USING btree (name);


--
-- TOC entry 3554 (class 1259 OID 16707)
-- Name: sample_sequenc_99b417_idx; Type: INDEX; Schema: public; Owner: postgres
--

CREATE INDEX sample_sequenc_99b417_idx ON public.sample USING btree (sequencing_tech);


--
-- TOC entry 3555 (class 1259 OID 16708)
-- Name: sample_sequence_id_ce61d347; Type: INDEX; Schema: public; Owner: postgres
--

CREATE INDEX sample_sequence_id_ce61d347 ON public.sample USING btree (sequence_id);


--
-- TOC entry 3556 (class 1259 OID 16709)
-- Name: sample_zip_cod_2b199b_idx; Type: INDEX; Schema: public; Owner: postgres
--

CREATE INDEX sample_zip_cod_2b199b_idx ON public.sample USING btree (zip_code);


--
-- TOC entry 3565 (class 1259 OID 16710)
-- Name: sequence_seqhash_85573dac_like; Type: INDEX; Schema: public; Owner: postgres
--

CREATE INDEX sequence_seqhash_85573dac_like ON public.sequence USING btree (seqhash varchar_pattern_ops);


--
-- TOC entry 3403 (class 1259 OID 16711)
-- Name: unique_annotation_null_region; Type: INDEX; Schema: public; Owner: postgres
--

CREATE UNIQUE INDEX unique_annotation_null_region ON public.annotation_type USING btree (seq_ontology, impact) WHERE (region IS NULL);


--
-- TOC entry 3487 (class 1259 OID 16712)
-- Name: unique_lineage_parent_null; Type: INDEX; Schema: public; Owner: postgres
--

CREATE UNIQUE INDEX unique_lineage_parent_null ON public.lineage USING btree (name) WHERE (parent_id IS NULL);


--
-- TOC entry 3500 (class 1259 OID 16713)
-- Name: unique_mutation_null_alt; Type: INDEX; Schema: public; Owner: postgres
--

CREATE UNIQUE INDEX unique_mutation_null_alt ON public.mutation USING btree (ref, start, "end", type, gene_id, replicon_id) WHERE (alt IS NULL);


--
-- TOC entry 3501 (class 1259 OID 16714)
-- Name: unique_mutation_null_alt_null_gene; Type: INDEX; Schema: public; Owner: postgres
--

CREATE UNIQUE INDEX unique_mutation_null_alt_null_gene ON public.mutation USING btree (ref, start, "end", type, replicon_id) WHERE ((alt IS NULL) AND (gene_id IS NULL));


--
-- TOC entry 3502 (class 1259 OID 16715)
-- Name: unique_mutation_null_gene; Type: INDEX; Schema: public; Owner: postgres
--

CREATE UNIQUE INDEX unique_mutation_null_gene ON public.mutation USING btree (ref, alt, start, "end", type, replicon_id) WHERE (gene_id IS NULL);


--
-- TOC entry 3503 (class 1259 OID 16716)
-- Name: unique_mutation_null_ref; Type: INDEX; Schema: public; Owner: postgres
--

CREATE UNIQUE INDEX unique_mutation_null_ref ON public.mutation USING btree (alt, start, "end", type, gene_id, replicon_id) WHERE (ref IS NULL);


--
-- TOC entry 3570 (class 2606 OID 16717)
-- Name: alignment2mutation alignment2mutation_alignment_id_e77170a1_fk_alignment_id; Type: FK CONSTRAINT; Schema: public; Owner: postgres
--

ALTER TABLE ONLY public.alignment2mutation
    ADD CONSTRAINT alignment2mutation_alignment_id_e77170a1_fk_alignment_id FOREIGN KEY (alignment_id) REFERENCES public.alignment(id) DEFERRABLE INITIALLY DEFERRED;


--
-- TOC entry 3571 (class 2606 OID 16722)
-- Name: alignment2mutation alignment2mutation_mutation_id_a0eaa2d8_fk_mutation_id; Type: FK CONSTRAINT; Schema: public; Owner: postgres
--

ALTER TABLE ONLY public.alignment2mutation
    ADD CONSTRAINT alignment2mutation_mutation_id_a0eaa2d8_fk_mutation_id FOREIGN KEY (mutation_id) REFERENCES public.mutation(id) DEFERRABLE INITIALLY DEFERRED;


--
-- TOC entry 3568 (class 2606 OID 16727)
-- Name: alignment alignment_replicon_id_68bc5c6d_fk_replicon_id; Type: FK CONSTRAINT; Schema: public; Owner: postgres
--

ALTER TABLE ONLY public.alignment
    ADD CONSTRAINT alignment_replicon_id_68bc5c6d_fk_replicon_id FOREIGN KEY (replicon_id) REFERENCES public.replicon(id) DEFERRABLE INITIALLY DEFERRED;


--
-- TOC entry 3569 (class 2606 OID 16732)
-- Name: alignment alignment_sequence_id_7c24bc6c_fk_sequence_id; Type: FK CONSTRAINT; Schema: public; Owner: postgres
--

ALTER TABLE ONLY public.alignment
    ADD CONSTRAINT alignment_sequence_id_7c24bc6c_fk_sequence_id FOREIGN KEY (sequence_id) REFERENCES public.sequence(id) DEFERRABLE INITIALLY DEFERRED;


--
-- TOC entry 3572 (class 2606 OID 16737)
-- Name: auth_group_permissions auth_group_permissio_permission_id_84c5c92e_fk_auth_perm; Type: FK CONSTRAINT; Schema: public; Owner: postgres
--

ALTER TABLE ONLY public.auth_group_permissions
    ADD CONSTRAINT auth_group_permissio_permission_id_84c5c92e_fk_auth_perm FOREIGN KEY (permission_id) REFERENCES public.auth_permission(id) DEFERRABLE INITIALLY DEFERRED;


--
-- TOC entry 3573 (class 2606 OID 16742)
-- Name: auth_group_permissions auth_group_permissions_group_id_b120cbf9_fk_auth_group_id; Type: FK CONSTRAINT; Schema: public; Owner: postgres
--

ALTER TABLE ONLY public.auth_group_permissions
    ADD CONSTRAINT auth_group_permissions_group_id_b120cbf9_fk_auth_group_id FOREIGN KEY (group_id) REFERENCES public.auth_group(id) DEFERRABLE INITIALLY DEFERRED;


--
-- TOC entry 3574 (class 2606 OID 16747)
-- Name: auth_permission auth_permission_content_type_id_2f476e4b_fk_django_co; Type: FK CONSTRAINT; Schema: public; Owner: postgres
--

ALTER TABLE ONLY public.auth_permission
    ADD CONSTRAINT auth_permission_content_type_id_2f476e4b_fk_django_co FOREIGN KEY (content_type_id) REFERENCES public.django_content_type(id) DEFERRABLE INITIALLY DEFERRED;


--
-- TOC entry 3575 (class 2606 OID 16752)
-- Name: auth_user_groups auth_user_groups_group_id_97559544_fk_auth_group_id; Type: FK CONSTRAINT; Schema: public; Owner: postgres
--

ALTER TABLE ONLY public.auth_user_groups
    ADD CONSTRAINT auth_user_groups_group_id_97559544_fk_auth_group_id FOREIGN KEY (group_id) REFERENCES public.auth_group(id) DEFERRABLE INITIALLY DEFERRED;


--
-- TOC entry 3576 (class 2606 OID 16757)
-- Name: auth_user_groups auth_user_groups_user_id_6a12ed8b_fk_auth_user_id; Type: FK CONSTRAINT; Schema: public; Owner: postgres
--

ALTER TABLE ONLY public.auth_user_groups
    ADD CONSTRAINT auth_user_groups_user_id_6a12ed8b_fk_auth_user_id FOREIGN KEY (user_id) REFERENCES public.auth_user(id) DEFERRABLE INITIALLY DEFERRED;


--
-- TOC entry 3577 (class 2606 OID 16762)
-- Name: auth_user_user_permissions auth_user_user_permi_permission_id_1fbb5f2c_fk_auth_perm; Type: FK CONSTRAINT; Schema: public; Owner: postgres
--

ALTER TABLE ONLY public.auth_user_user_permissions
    ADD CONSTRAINT auth_user_user_permi_permission_id_1fbb5f2c_fk_auth_perm FOREIGN KEY (permission_id) REFERENCES public.auth_permission(id) DEFERRABLE INITIALLY DEFERRED;


--
-- TOC entry 3578 (class 2606 OID 16767)
-- Name: auth_user_user_permissions auth_user_user_permissions_user_id_a95ead1b_fk_auth_user_id; Type: FK CONSTRAINT; Schema: public; Owner: postgres
--

ALTER TABLE ONLY public.auth_user_user_permissions
    ADD CONSTRAINT auth_user_user_permissions_user_id_a95ead1b_fk_auth_user_id FOREIGN KEY (user_id) REFERENCES public.auth_user(id) DEFERRABLE INITIALLY DEFERRED;


--
-- TOC entry 3580 (class 2606 OID 16772)
-- Name: django_admin_log django_admin_log_content_type_id_c4bce8eb_fk_django_co; Type: FK CONSTRAINT; Schema: public; Owner: postgres
--

ALTER TABLE ONLY public.django_admin_log
    ADD CONSTRAINT django_admin_log_content_type_id_c4bce8eb_fk_django_co FOREIGN KEY (content_type_id) REFERENCES public.django_content_type(id) DEFERRABLE INITIALLY DEFERRED;


--
-- TOC entry 3581 (class 2606 OID 16777)
-- Name: django_admin_log django_admin_log_user_id_c564eba6_fk_auth_user_id; Type: FK CONSTRAINT; Schema: public; Owner: postgres
--

ALTER TABLE ONLY public.django_admin_log
    ADD CONSTRAINT django_admin_log_user_id_c564eba6_fk_auth_user_id FOREIGN KEY (user_id) REFERENCES public.auth_user(id) DEFERRABLE INITIALLY DEFERRED;


--
-- TOC entry 3582 (class 2606 OID 16782)
-- Name: django_apscheduler_djangojobexecution django_apscheduler_djangojobexecution_job_id_daf5090a_fk; Type: FK CONSTRAINT; Schema: public; Owner: postgres
--

ALTER TABLE ONLY public.django_apscheduler_djangojobexecution
    ADD CONSTRAINT django_apscheduler_djangojobexecution_job_id_daf5090a_fk FOREIGN KEY (job_id) REFERENCES public.django_apscheduler_djangojob(id) DEFERRABLE INITIALLY DEFERRED;


--
-- TOC entry 3583 (class 2606 OID 16787)
-- Name: file_processing file_processing_processing_job_id_46fcf01d_fk_processing_job_id; Type: FK CONSTRAINT; Schema: public; Owner: postgres
--

ALTER TABLE ONLY public.file_processing
    ADD CONSTRAINT file_processing_processing_job_id_46fcf01d_fk_processing_job_id FOREIGN KEY (processing_job_id) REFERENCES public.processing_job(id) DEFERRABLE INITIALLY DEFERRED;


--
-- TOC entry 3584 (class 2606 OID 16792)
-- Name: gene_segment gene_part_gene_id_be41e83b_fk_child_element_id; Type: FK CONSTRAINT; Schema: public; Owner: postgres
--

ALTER TABLE ONLY public.gene_segment
    ADD CONSTRAINT gene_part_gene_id_be41e83b_fk_child_element_id FOREIGN KEY (gene_id) REFERENCES public.gene(id) DEFERRABLE INITIALLY DEFERRED;


--
-- TOC entry 3579 (class 2606 OID 16797)
-- Name: gene gene_replicon_id_7a0d0bd8_fk_replicon_id; Type: FK CONSTRAINT; Schema: public; Owner: postgres
--

ALTER TABLE ONLY public.gene
    ADD CONSTRAINT gene_replicon_id_7a0d0bd8_fk_replicon_id FOREIGN KEY (replicon_id) REFERENCES public.replicon(id) DEFERRABLE INITIALLY DEFERRED;


--
-- TOC entry 3585 (class 2606 OID 16802)
-- Name: import_log import_log_file_id_7df8ad67_fk_file_processing_file_name; Type: FK CONSTRAINT; Schema: public; Owner: postgres
--

ALTER TABLE ONLY public.import_log
    ADD CONSTRAINT import_log_file_id_7df8ad67_fk_file_processing_file_name FOREIGN KEY (file_id) REFERENCES public.file_processing(file_name) DEFERRABLE INITIALLY DEFERRED;


--
-- TOC entry 3586 (class 2606 OID 16807)
-- Name: lineage lineage_parent_id_332a5968_fk_lineage_id; Type: FK CONSTRAINT; Schema: public; Owner: postgres
--

ALTER TABLE ONLY public.lineage
    ADD CONSTRAINT lineage_parent_id_332a5968_fk_lineage_id FOREIGN KEY (parent_id) REFERENCES public.lineage(id) DEFERRABLE INITIALLY DEFERRED;


--
-- TOC entry 3589 (class 2606 OID 16812)
-- Name: mutation2annotation mutation2annotation_alignment_id_aedf2f9a_fk_alignment_id; Type: FK CONSTRAINT; Schema: public; Owner: postgres
--

ALTER TABLE ONLY public.mutation2annotation
    ADD CONSTRAINT mutation2annotation_alignment_id_aedf2f9a_fk_alignment_id FOREIGN KEY (alignment_id) REFERENCES public.alignment(id) DEFERRABLE INITIALLY DEFERRED;


--
-- TOC entry 3590 (class 2606 OID 16817)
-- Name: mutation2annotation mutation2annotation_annotation_id_da2dbb5c_fk_annotatio; Type: FK CONSTRAINT; Schema: public; Owner: postgres
--

ALTER TABLE ONLY public.mutation2annotation
    ADD CONSTRAINT mutation2annotation_annotation_id_da2dbb5c_fk_annotatio FOREIGN KEY (annotation_id) REFERENCES public.annotation_type(id) DEFERRABLE INITIALLY DEFERRED;


--
-- TOC entry 3591 (class 2606 OID 16822)
-- Name: mutation2annotation mutation2annotation_mutation_id_5e36a6b5_fk_mutation_id; Type: FK CONSTRAINT; Schema: public; Owner: postgres
--

ALTER TABLE ONLY public.mutation2annotation
    ADD CONSTRAINT mutation2annotation_mutation_id_5e36a6b5_fk_mutation_id FOREIGN KEY (mutation_id) REFERENCES public.mutation(id) DEFERRABLE INITIALLY DEFERRED;


--
-- TOC entry 3587 (class 2606 OID 16827)
-- Name: mutation mutation_gene_id_e03e0de9_fk_gene_id; Type: FK CONSTRAINT; Schema: public; Owner: postgres
--

ALTER TABLE ONLY public.mutation
    ADD CONSTRAINT mutation_gene_id_e03e0de9_fk_gene_id FOREIGN KEY (gene_id) REFERENCES public.gene(id) DEFERRABLE INITIALLY DEFERRED;


--
-- TOC entry 3588 (class 2606 OID 16832)
-- Name: mutation mutation_replicon_id_d1f3401d_fk_replicon_id; Type: FK CONSTRAINT; Schema: public; Owner: postgres
--

ALTER TABLE ONLY public.mutation
    ADD CONSTRAINT mutation_replicon_id_d1f3401d_fk_replicon_id FOREIGN KEY (replicon_id) REFERENCES public.replicon(id) DEFERRABLE INITIALLY DEFERRED;


--
-- TOC entry 3592 (class 2606 OID 16837)
-- Name: replicon replicon_reference_id_f0191358_fk_reference_id; Type: FK CONSTRAINT; Schema: public; Owner: postgres
--

ALTER TABLE ONLY public.replicon
    ADD CONSTRAINT replicon_reference_id_f0191358_fk_reference_id FOREIGN KEY (reference_id) REFERENCES public.reference(id) DEFERRABLE INITIALLY DEFERRED;


--
-- TOC entry 3594 (class 2606 OID 16842)
-- Name: sample2property sample2property_property_id_c2180c6c_fk_property_id; Type: FK CONSTRAINT; Schema: public; Owner: postgres
--

ALTER TABLE ONLY public.sample2property
    ADD CONSTRAINT sample2property_property_id_c2180c6c_fk_property_id FOREIGN KEY (property_id) REFERENCES public.property(id) DEFERRABLE INITIALLY DEFERRED;


--
-- TOC entry 3595 (class 2606 OID 16847)
-- Name: sample2property sample2property_sample_id_8576a658_fk_sample_id; Type: FK CONSTRAINT; Schema: public; Owner: postgres
--

ALTER TABLE ONLY public.sample2property
    ADD CONSTRAINT sample2property_sample_id_8576a658_fk_sample_id FOREIGN KEY (sample_id) REFERENCES public.sample(id) DEFERRABLE INITIALLY DEFERRED;


--
-- TOC entry 3593 (class 2606 OID 16852)
-- Name: sample sample_sequence_id_ce61d347_fk_sequence_id; Type: FK CONSTRAINT; Schema: public; Owner: postgres
--

ALTER TABLE ONLY public.sample
    ADD CONSTRAINT sample_sequence_id_ce61d347_fk_sequence_id FOREIGN KEY (sequence_id) REFERENCES public.sequence(id) DEFERRABLE INITIALLY DEFERRED;


-- Completed on 2025-01-03 20:10:57

--
-- PostgreSQL database dump complete
--

