--
-- PostgreSQL database dump
--

-- Dumped from database version 17.5 (Debian 17.5-1.pgdg120+1)
-- Dumped by pg_dump version 17.5

SET statement_timeout = 0;
SET lock_timeout = 0;
SET idle_in_transaction_session_timeout = 0;
SET transaction_timeout = 0;
SET client_encoding = 'UTF8';
SET standard_conforming_strings = on;
SELECT pg_catalog.set_config('search_path', '', false);
SET check_function_bodies = false;
SET xmloption = content;
SET client_min_messages = warning;
SET row_security = off;

SET default_tablespace = '';

SET default_table_access_method = heap;

--
-- Name: alignment; Type: TABLE; Schema: public; Owner: -
--

CREATE TABLE public.alignment (
    id bigint NOT NULL,
    sequence_id bigint NOT NULL,
    replicon_id bigint NOT NULL
);


--
-- Name: alignment_id_seq; Type: SEQUENCE; Schema: public; Owner: -
--

ALTER TABLE public.alignment ALTER COLUMN id ADD GENERATED BY DEFAULT AS IDENTITY (
    SEQUENCE NAME public.alignment_id_seq
    START WITH 1
    INCREMENT BY 1
    NO MINVALUE
    NO MAXVALUE
    CACHE 1
);


--
-- Name: amino_acid_mutation; Type: TABLE; Schema: public; Owner: -
--

CREATE TABLE public.amino_acid_mutation (
    id bigint NOT NULL,
    ref text NOT NULL,
    alt text NOT NULL,
    start bigint NOT NULL,
    "end" bigint NOT NULL,
    cds_id bigint NOT NULL
);


--
-- Name: amino_acid_mutation_alignments; Type: TABLE; Schema: public; Owner: -
--

CREATE TABLE public.amino_acid_mutation_alignments (
    id bigint NOT NULL,
    aminoacidmutation_id bigint NOT NULL,
    alignment_id bigint NOT NULL
);


--
-- Name: amino_acid_mutation_alignments_id_seq; Type: SEQUENCE; Schema: public; Owner: -
--

ALTER TABLE public.amino_acid_mutation_alignments ALTER COLUMN id ADD GENERATED BY DEFAULT AS IDENTITY (
    SEQUENCE NAME public.amino_acid_mutation_alignments_id_seq
    START WITH 1
    INCREMENT BY 1
    NO MINVALUE
    NO MAXVALUE
    CACHE 1
);


--
-- Name: amino_acid_mutation_id_seq; Type: SEQUENCE; Schema: public; Owner: -
--

ALTER TABLE public.amino_acid_mutation ALTER COLUMN id ADD GENERATED BY DEFAULT AS IDENTITY (
    SEQUENCE NAME public.amino_acid_mutation_id_seq
    START WITH 1
    INCREMENT BY 1
    NO MINVALUE
    NO MAXVALUE
    CACHE 1
);


--
-- Name: amino_acid_mutation_parent; Type: TABLE; Schema: public; Owner: -
--

CREATE TABLE public.amino_acid_mutation_parent (
    id bigint NOT NULL,
    aminoacidmutation_id bigint NOT NULL,
    nucleotidemutation_id bigint NOT NULL
);


--
-- Name: amino_acid_mutation_parent_id_seq; Type: SEQUENCE; Schema: public; Owner: -
--

ALTER TABLE public.amino_acid_mutation_parent ALTER COLUMN id ADD GENERATED BY DEFAULT AS IDENTITY (
    SEQUENCE NAME public.amino_acid_mutation_parent_id_seq
    START WITH 1
    INCREMENT BY 1
    NO MINVALUE
    NO MAXVALUE
    CACHE 1
);


--
-- Name: annotation_type; Type: TABLE; Schema: public; Owner: -
--

CREATE TABLE public.annotation_type (
    id bigint NOT NULL,
    seq_ontology character varying(50) NOT NULL,
    region character varying(50),
    impact character varying(20) NOT NULL
);


--
-- Name: annotation_type_id_seq; Type: SEQUENCE; Schema: public; Owner: -
--

ALTER TABLE public.annotation_type ALTER COLUMN id ADD GENERATED BY DEFAULT AS IDENTITY (
    SEQUENCE NAME public.annotation_type_id_seq
    START WITH 1
    INCREMENT BY 1
    NO MINVALUE
    NO MAXVALUE
    CACHE 1
);


--
-- Name: annotation_type_mutations; Type: TABLE; Schema: public; Owner: -
--

CREATE TABLE public.annotation_type_mutations (
    id bigint NOT NULL,
    annotationtype_id bigint NOT NULL,
    nucleotidemutation_id bigint NOT NULL
);


--
-- Name: annotation_type_mutations_id_seq; Type: SEQUENCE; Schema: public; Owner: -
--

ALTER TABLE public.annotation_type_mutations ALTER COLUMN id ADD GENERATED BY DEFAULT AS IDENTITY (
    SEQUENCE NAME public.annotation_type_mutations_id_seq
    START WITH 1
    INCREMENT BY 1
    NO MINVALUE
    NO MAXVALUE
    CACHE 1
);


--
-- Name: auth_group; Type: TABLE; Schema: public; Owner: -
--

CREATE TABLE public.auth_group (
    id integer NOT NULL,
    name character varying(150) NOT NULL
);


--
-- Name: auth_group_id_seq; Type: SEQUENCE; Schema: public; Owner: -
--

ALTER TABLE public.auth_group ALTER COLUMN id ADD GENERATED BY DEFAULT AS IDENTITY (
    SEQUENCE NAME public.auth_group_id_seq
    START WITH 1
    INCREMENT BY 1
    NO MINVALUE
    NO MAXVALUE
    CACHE 1
);


--
-- Name: auth_group_permissions; Type: TABLE; Schema: public; Owner: -
--

CREATE TABLE public.auth_group_permissions (
    id bigint NOT NULL,
    group_id integer NOT NULL,
    permission_id integer NOT NULL
);


--
-- Name: auth_group_permissions_id_seq; Type: SEQUENCE; Schema: public; Owner: -
--

ALTER TABLE public.auth_group_permissions ALTER COLUMN id ADD GENERATED BY DEFAULT AS IDENTITY (
    SEQUENCE NAME public.auth_group_permissions_id_seq
    START WITH 1
    INCREMENT BY 1
    NO MINVALUE
    NO MAXVALUE
    CACHE 1
);


--
-- Name: auth_permission; Type: TABLE; Schema: public; Owner: -
--

CREATE TABLE public.auth_permission (
    id integer NOT NULL,
    name character varying(255) NOT NULL,
    content_type_id integer NOT NULL,
    codename character varying(100) NOT NULL
);


--
-- Name: auth_permission_id_seq; Type: SEQUENCE; Schema: public; Owner: -
--

ALTER TABLE public.auth_permission ALTER COLUMN id ADD GENERATED BY DEFAULT AS IDENTITY (
    SEQUENCE NAME public.auth_permission_id_seq
    START WITH 1
    INCREMENT BY 1
    NO MINVALUE
    NO MAXVALUE
    CACHE 1
);


--
-- Name: auth_user; Type: TABLE; Schema: public; Owner: -
--

CREATE TABLE public.auth_user (
    id integer NOT NULL,
    password character varying(128) NOT NULL,
    last_login timestamp with time zone,
    is_superuser boolean NOT NULL,
    username character varying(150) NOT NULL,
    first_name character varying(150) NOT NULL,
    last_name character varying(150) NOT NULL,
    email character varying(254) NOT NULL,
    is_staff boolean NOT NULL,
    is_active boolean NOT NULL,
    date_joined timestamp with time zone NOT NULL
);


--
-- Name: auth_user_groups; Type: TABLE; Schema: public; Owner: -
--

CREATE TABLE public.auth_user_groups (
    id bigint NOT NULL,
    user_id integer NOT NULL,
    group_id integer NOT NULL
);


--
-- Name: auth_user_groups_id_seq; Type: SEQUENCE; Schema: public; Owner: -
--

ALTER TABLE public.auth_user_groups ALTER COLUMN id ADD GENERATED BY DEFAULT AS IDENTITY (
    SEQUENCE NAME public.auth_user_groups_id_seq
    START WITH 1
    INCREMENT BY 1
    NO MINVALUE
    NO MAXVALUE
    CACHE 1
);


--
-- Name: auth_user_id_seq; Type: SEQUENCE; Schema: public; Owner: -
--

ALTER TABLE public.auth_user ALTER COLUMN id ADD GENERATED BY DEFAULT AS IDENTITY (
    SEQUENCE NAME public.auth_user_id_seq
    START WITH 1
    INCREMENT BY 1
    NO MINVALUE
    NO MAXVALUE
    CACHE 1
);


--
-- Name: auth_user_user_permissions; Type: TABLE; Schema: public; Owner: -
--

CREATE TABLE public.auth_user_user_permissions (
    id bigint NOT NULL,
    user_id integer NOT NULL,
    permission_id integer NOT NULL
);


--
-- Name: auth_user_user_permissions_id_seq; Type: SEQUENCE; Schema: public; Owner: -
--

ALTER TABLE public.auth_user_user_permissions ALTER COLUMN id ADD GENERATED BY DEFAULT AS IDENTITY (
    SEQUENCE NAME public.auth_user_user_permissions_id_seq
    START WITH 1
    INCREMENT BY 1
    NO MINVALUE
    NO MAXVALUE
    CACHE 1
);


--
-- Name: cds; Type: TABLE; Schema: public; Owner: -
--

CREATE TABLE public.cds (
    id bigint NOT NULL,
    accession character varying(50),
    sequence text,
    description character varying(100),
    gene_id bigint NOT NULL
);


--
-- Name: cds_id_seq; Type: SEQUENCE; Schema: public; Owner: -
--

ALTER TABLE public.cds ALTER COLUMN id ADD GENERATED BY DEFAULT AS IDENTITY (
    SEQUENCE NAME public.cds_id_seq
    START WITH 1
    INCREMENT BY 1
    NO MINVALUE
    NO MAXVALUE
    CACHE 1
);


--
-- Name: cds_segment; Type: TABLE; Schema: public; Owner: -
--

CREATE TABLE public.cds_segment (
    id bigint NOT NULL,
    "order" bigint NOT NULL,
    start bigint NOT NULL,
    "end" bigint NOT NULL,
    forward_strand boolean NOT NULL,
    cds_id bigint NOT NULL
);


--
-- Name: cds_part_id_seq; Type: SEQUENCE; Schema: public; Owner: -
--

ALTER TABLE public.cds_segment ALTER COLUMN id ADD GENERATED BY DEFAULT AS IDENTITY (
    SEQUENCE NAME public.cds_part_id_seq
    START WITH 1
    INCREMENT BY 1
    NO MINVALUE
    NO MAXVALUE
    CACHE 1
);


--
-- Name: gene; Type: TABLE; Schema: public; Owner: -
--

CREATE TABLE public.gene (
    id bigint NOT NULL,
    description character varying(100),
    start bigint NOT NULL,
    "end" bigint NOT NULL,
    accession character varying(50),
    sequence text,
    replicon_id bigint NOT NULL,
    symbol character varying(50),
    forward_strand boolean NOT NULL,
    type character varying,
    locus_tag character varying(100)
);


--
-- Name: child_element_id_seq; Type: SEQUENCE; Schema: public; Owner: -
--

ALTER TABLE public.gene ALTER COLUMN id ADD GENERATED BY DEFAULT AS IDENTITY (
    SEQUENCE NAME public.child_element_id_seq
    START WITH 1
    INCREMENT BY 1
    NO MINVALUE
    NO MAXVALUE
    CACHE 1
);


--
-- Name: django_admin_log; Type: TABLE; Schema: public; Owner: -
--

CREATE TABLE public.django_admin_log (
    id integer NOT NULL,
    action_time timestamp with time zone NOT NULL,
    object_id text,
    object_repr character varying(200) NOT NULL,
    action_flag smallint NOT NULL,
    change_message text NOT NULL,
    content_type_id integer,
    user_id integer NOT NULL,
    CONSTRAINT django_admin_log_action_flag_check CHECK ((action_flag >= 0))
);


--
-- Name: django_admin_log_id_seq; Type: SEQUENCE; Schema: public; Owner: -
--

ALTER TABLE public.django_admin_log ALTER COLUMN id ADD GENERATED BY DEFAULT AS IDENTITY (
    SEQUENCE NAME public.django_admin_log_id_seq
    START WITH 1
    INCREMENT BY 1
    NO MINVALUE
    NO MAXVALUE
    CACHE 1
);


--
-- Name: django_apscheduler_djangojob; Type: TABLE; Schema: public; Owner: -
--

CREATE TABLE public.django_apscheduler_djangojob (
    id character varying(255) NOT NULL,
    next_run_time timestamp with time zone,
    job_state bytea NOT NULL
);


--
-- Name: django_apscheduler_djangojobexecution; Type: TABLE; Schema: public; Owner: -
--

CREATE TABLE public.django_apscheduler_djangojobexecution (
    id bigint NOT NULL,
    status character varying(50) NOT NULL,
    run_time timestamp with time zone NOT NULL,
    duration numeric(15,2),
    finished numeric(15,2),
    exception character varying(1000),
    traceback text,
    job_id character varying(255) NOT NULL
);


--
-- Name: django_apscheduler_djangojobexecution_id_seq; Type: SEQUENCE; Schema: public; Owner: -
--

ALTER TABLE public.django_apscheduler_djangojobexecution ALTER COLUMN id ADD GENERATED BY DEFAULT AS IDENTITY (
    SEQUENCE NAME public.django_apscheduler_djangojobexecution_id_seq
    START WITH 1
    INCREMENT BY 1
    NO MINVALUE
    NO MAXVALUE
    CACHE 1
);


--
-- Name: django_content_type; Type: TABLE; Schema: public; Owner: -
--

CREATE TABLE public.django_content_type (
    id integer NOT NULL,
    app_label character varying(100) NOT NULL,
    model character varying(100) NOT NULL
);


--
-- Name: django_content_type_id_seq; Type: SEQUENCE; Schema: public; Owner: -
--

ALTER TABLE public.django_content_type ALTER COLUMN id ADD GENERATED BY DEFAULT AS IDENTITY (
    SEQUENCE NAME public.django_content_type_id_seq
    START WITH 1
    INCREMENT BY 1
    NO MINVALUE
    NO MAXVALUE
    CACHE 1
);


--
-- Name: django_migrations; Type: TABLE; Schema: public; Owner: -
--

CREATE TABLE public.django_migrations (
    id bigint NOT NULL,
    app character varying(255) NOT NULL,
    name character varying(255) NOT NULL,
    applied timestamp with time zone NOT NULL
);


--
-- Name: django_migrations_id_seq; Type: SEQUENCE; Schema: public; Owner: -
--

ALTER TABLE public.django_migrations ALTER COLUMN id ADD GENERATED BY DEFAULT AS IDENTITY (
    SEQUENCE NAME public.django_migrations_id_seq
    START WITH 1
    INCREMENT BY 1
    NO MINVALUE
    NO MAXVALUE
    CACHE 1
);


--
-- Name: django_session; Type: TABLE; Schema: public; Owner: -
--

CREATE TABLE public.django_session (
    session_key character varying(40) NOT NULL,
    session_data text NOT NULL,
    expire_date timestamp with time zone NOT NULL
);


--
-- Name: file_processing; Type: TABLE; Schema: public; Owner: -
--

CREATE TABLE public.file_processing (
    id bigint NOT NULL,
    file_name character varying(255) NOT NULL,
    processing_job_id bigint NOT NULL
);


--
-- Name: file_processing_id_seq; Type: SEQUENCE; Schema: public; Owner: -
--

ALTER TABLE public.file_processing ALTER COLUMN id ADD GENERATED BY DEFAULT AS IDENTITY (
    SEQUENCE NAME public.file_processing_id_seq
    START WITH 1
    INCREMENT BY 1
    NO MINVALUE
    NO MAXVALUE
    CACHE 1
);


--
-- Name: gene_segment; Type: TABLE; Schema: public; Owner: -
--

CREATE TABLE public.gene_segment (
    id bigint NOT NULL,
    start bigint NOT NULL,
    "end" bigint NOT NULL,
    "order" bigint NOT NULL,
    gene_id bigint NOT NULL,
    forward_strand boolean NOT NULL
);


--
-- Name: gene_part_id_seq; Type: SEQUENCE; Schema: public; Owner: -
--

ALTER TABLE public.gene_segment ALTER COLUMN id ADD GENERATED BY DEFAULT AS IDENTITY (
    SEQUENCE NAME public.gene_part_id_seq
    START WITH 1
    INCREMENT BY 1
    NO MINVALUE
    NO MAXVALUE
    CACHE 1
);


--
-- Name: import_log; Type: TABLE; Schema: public; Owner: -
--

CREATE TABLE public.import_log (
    id bigint NOT NULL,
    type character varying(3) NOT NULL,
    file_id character varying(255) NOT NULL,
    updated timestamp with time zone NOT NULL,
    success boolean NOT NULL,
    exception_text text,
    stack_trace text
);


--
-- Name: import_log_id_seq; Type: SEQUENCE; Schema: public; Owner: -
--

ALTER TABLE public.import_log ALTER COLUMN id ADD GENERATED BY DEFAULT AS IDENTITY (
    SEQUENCE NAME public.import_log_id_seq
    START WITH 1
    INCREMENT BY 1
    NO MINVALUE
    NO MAXVALUE
    CACHE 1
);


--
-- Name: lineage; Type: TABLE; Schema: public; Owner: -
--

CREATE TABLE public.lineage (
    id bigint NOT NULL,
    name character varying(50) NOT NULL,
    parent_id bigint
);


--
-- Name: lineage_id_seq; Type: SEQUENCE; Schema: public; Owner: -
--

ALTER TABLE public.lineage ALTER COLUMN id ADD GENERATED BY DEFAULT AS IDENTITY (
    SEQUENCE NAME public.lineage_id_seq
    START WITH 1
    INCREMENT BY 1
    NO MINVALUE
    NO MAXVALUE
    CACHE 1
);


--
-- Name: nucleotide_mutation; Type: TABLE; Schema: public; Owner: -
--

CREATE TABLE public.nucleotide_mutation (
    id bigint NOT NULL,
    ref text NOT NULL,
    alt text NOT NULL,
    start bigint NOT NULL,
    "end" bigint NOT NULL,
    replicon_id bigint,
    is_frameshift boolean NOT NULL
);


--
-- Name: nucleotide_mutation_alignments; Type: TABLE; Schema: public; Owner: -
--

CREATE TABLE public.nucleotide_mutation_alignments (
    id bigint NOT NULL,
    nucleotidemutation_id bigint NOT NULL,
    alignment_id bigint NOT NULL
);


--
-- Name: nucleotide_mutation_alignments_id_seq; Type: SEQUENCE; Schema: public; Owner: -
--

ALTER TABLE public.nucleotide_mutation_alignments ALTER COLUMN id ADD GENERATED BY DEFAULT AS IDENTITY (
    SEQUENCE NAME public.nucleotide_mutation_alignments_id_seq
    START WITH 1
    INCREMENT BY 1
    NO MINVALUE
    NO MAXVALUE
    CACHE 1
);


--
-- Name: nucleotide_mutation_id_seq; Type: SEQUENCE; Schema: public; Owner: -
--

ALTER TABLE public.nucleotide_mutation ALTER COLUMN id ADD GENERATED BY DEFAULT AS IDENTITY (
    SEQUENCE NAME public.nucleotide_mutation_id_seq
    START WITH 1
    INCREMENT BY 1
    NO MINVALUE
    NO MAXVALUE
    CACHE 1
);


--
-- Name: peptide; Type: TABLE; Schema: public; Owner: -
--

CREATE TABLE public.peptide (
    id bigint NOT NULL,
    description character varying(100),
    type character varying NOT NULL,
    cds_id bigint NOT NULL
);


--
-- Name: peptide_id_seq; Type: SEQUENCE; Schema: public; Owner: -
--

ALTER TABLE public.peptide ALTER COLUMN id ADD GENERATED BY DEFAULT AS IDENTITY (
    SEQUENCE NAME public.peptide_id_seq
    START WITH 1
    INCREMENT BY 1
    NO MINVALUE
    NO MAXVALUE
    CACHE 1
);


--
-- Name: peptide_segment; Type: TABLE; Schema: public; Owner: -
--

CREATE TABLE public.peptide_segment (
    id bigint NOT NULL,
    "order" bigint NOT NULL,
    start bigint NOT NULL,
    "end" bigint NOT NULL,
    peptide_id bigint NOT NULL,
    end_cds bigint NOT NULL,
    start_cds bigint NOT NULL
);


--
-- Name: peptide_part_id_seq; Type: SEQUENCE; Schema: public; Owner: -
--

ALTER TABLE public.peptide_segment ALTER COLUMN id ADD GENERATED BY DEFAULT AS IDENTITY (
    SEQUENCE NAME public.peptide_part_id_seq
    START WITH 1
    INCREMENT BY 1
    NO MINVALUE
    NO MAXVALUE
    CACHE 1
);


--
-- Name: processing_job; Type: TABLE; Schema: public; Owner: -
--

CREATE TABLE public.processing_job (
    id bigint NOT NULL,
    job_name character varying(255) NOT NULL,
    status character varying(2) NOT NULL,
    entry_time timestamp with time zone NOT NULL
);


--
-- Name: processing_job_id_seq; Type: SEQUENCE; Schema: public; Owner: -
--

ALTER TABLE public.processing_job ALTER COLUMN id ADD GENERATED BY DEFAULT AS IDENTITY (
    SEQUENCE NAME public.processing_job_id_seq
    START WITH 1
    INCREMENT BY 1
    NO MINVALUE
    NO MAXVALUE
    CACHE 1
);


--
-- Name: property; Type: TABLE; Schema: public; Owner: -
--

CREATE TABLE public.property (
    id bigint NOT NULL,
    name character varying(50) NOT NULL,
    datatype character varying(50) NOT NULL,
    querytype character varying(50),
    description character varying(400),
    "default" character varying(50)
);


--
-- Name: property_id_seq; Type: SEQUENCE; Schema: public; Owner: -
--

ALTER TABLE public.property ALTER COLUMN id ADD GENERATED BY DEFAULT AS IDENTITY (
    SEQUENCE NAME public.property_id_seq
    START WITH 1
    INCREMENT BY 1
    NO MINVALUE
    NO MAXVALUE
    CACHE 1
);


--
-- Name: reference; Type: TABLE; Schema: public; Owner: -
--

CREATE TABLE public.reference (
    id bigint NOT NULL,
    accession character varying(50),
    description character varying(400),
    organism character varying(50),
    collection_date date,
    country character varying(50),
    db_xref character varying(50),
    host character varying(50),
    isolate character varying(50),
    mol_type character varying(50),
    name character varying(600),
    translation_id integer NOT NULL
);


--
-- Name: reference_id_seq; Type: SEQUENCE; Schema: public; Owner: -
--

ALTER TABLE public.reference ALTER COLUMN id ADD GENERATED BY DEFAULT AS IDENTITY (
    SEQUENCE NAME public.reference_id_seq
    START WITH 1
    INCREMENT BY 1
    NO MINVALUE
    NO MAXVALUE
    CACHE 1
);


--
-- Name: replicon; Type: TABLE; Schema: public; Owner: -
--

CREATE TABLE public.replicon (
    id bigint NOT NULL,
    length bigint,
    sequence text NOT NULL,
    accession character varying(50),
    description character varying(400),
    type character varying(50),
    segment_number bigint,
    reference_id bigint NOT NULL
);


--
-- Name: replicon_id_seq; Type: SEQUENCE; Schema: public; Owner: -
--

ALTER TABLE public.replicon ALTER COLUMN id ADD GENERATED BY DEFAULT AS IDENTITY (
    SEQUENCE NAME public.replicon_id_seq
    START WITH 1
    INCREMENT BY 1
    NO MINVALUE
    NO MAXVALUE
    CACHE 1
);


--
-- Name: sample; Type: TABLE; Schema: public; Owner: -
--

CREATE TABLE public.sample (
    id bigint NOT NULL,
    name character varying(100) NOT NULL,
    datahash character varying(50) NOT NULL,
    collection_date date,
    country character varying(50),
    genome_completeness character varying(50),
    host character varying(50),
    lab character varying(50),
    lineage character varying(50),
    sequencing_tech character varying(50),
    zip_code character varying(50),
    init_upload_date timestamp with time zone NOT NULL,
    last_update_date timestamp with time zone,
    data_set character varying(50)
);


--
-- Name: sample2property; Type: TABLE; Schema: public; Owner: -
--

CREATE TABLE public.sample2property (
    id bigint NOT NULL,
    value_integer bigint,
    value_float double precision,
    value_text text,
    value_varchar character varying(400),
    value_blob bytea,
    value_date date,
    value_zip character varying(100),
    property_id bigint NOT NULL,
    sample_id bigint NOT NULL
);


--
-- Name: sample2property_id_seq; Type: SEQUENCE; Schema: public; Owner: -
--

ALTER TABLE public.sample2property ALTER COLUMN id ADD GENERATED BY DEFAULT AS IDENTITY (
    SEQUENCE NAME public.sample2property_id_seq
    START WITH 1
    INCREMENT BY 1
    NO MINVALUE
    NO MAXVALUE
    CACHE 1
);


--
-- Name: sample_id_seq; Type: SEQUENCE; Schema: public; Owner: -
--

ALTER TABLE public.sample ALTER COLUMN id ADD GENERATED BY DEFAULT AS IDENTITY (
    SEQUENCE NAME public.sample_id_seq
    START WITH 1
    INCREMENT BY 1
    NO MINVALUE
    NO MAXVALUE
    CACHE 1
);


--
-- Name: sample_sequences; Type: TABLE; Schema: public; Owner: -
--

CREATE TABLE public.sample_sequences (
    id bigint NOT NULL,
    sample_id bigint NOT NULL,
    sequence_id bigint NOT NULL
);


--
-- Name: sample_sequences_id_seq; Type: SEQUENCE; Schema: public; Owner: -
--

ALTER TABLE public.sample_sequences ALTER COLUMN id ADD GENERATED BY DEFAULT AS IDENTITY (
    SEQUENCE NAME public.sample_sequences_id_seq
    START WITH 1
    INCREMENT BY 1
    NO MINVALUE
    NO MAXVALUE
    CACHE 1
);


--
-- Name: sequence; Type: TABLE; Schema: public; Owner: -
--

CREATE TABLE public.sequence (
    id bigint NOT NULL,
    seqhash character varying(200) NOT NULL,
    init_upload_date timestamp with time zone NOT NULL,
    last_update_date timestamp with time zone,
    length integer,
    name character varying(200) NOT NULL
);


--
-- Name: sequence_id_seq; Type: SEQUENCE; Schema: public; Owner: -
--

ALTER TABLE public.sequence ALTER COLUMN id ADD GENERATED BY DEFAULT AS IDENTITY (
    SEQUENCE NAME public.sequence_id_seq
    START WITH 1
    INCREMENT BY 1
    NO MINVALUE
    NO MAXVALUE
    CACHE 1
);


--
-- Data for Name: alignment; Type: TABLE DATA; Schema: public; Owner: -
--

COPY public.alignment (id, sequence_id, replicon_id) FROM stdin;
1	1	1
2	2	1
3	3	1
4	4	1
5	5	1
6	6	1
7	7	1
8	8	1
9	9	1
10	10	1
11	11	1
12	12	1
\.


--
-- Data for Name: amino_acid_mutation; Type: TABLE DATA; Schema: public; Owner: -
--

COPY public.amino_acid_mutation (id, ref, alt, start, "end", cds_id) FROM stdin;
1	T	I	8	9	1
2	Q	E	18	19	2
3	A	T	62	63	2
4	P	L	12	13	3
5	R	K	202	203	3
6	G	R	203	204	3
7	S	R	412	413	3
8	S	R	134	135	4
9	T	I	841	842	4
10	G	S	1306	1307	4
11	L	F	3026	3027	4
12	T	I	3089	3090	4
13	L	F	3200	3201	4
14	T	I	3254	3255	4
15	W	X	3293	3294	4
16	L	X	3294	3295	4
17	D	X	3295	3296	4
18	D	X	3296	3297	4
19	V	X	3297	3298	4
20	V	X	3298	3299	4
21	Y	X	3299	3300	4
22	C	X	3300	3301	4
23	P	X	3301	3302	4
24	R	X	3302	3303	4
25	H	X	3303	3304	4
26	V	X	3304	3305	4
27	I	X	3305	3306	4
28	C	X	3306	3307	4
29	T	X	3307	3308	4
30	S	X	3308	3309	4
31	E	X	3309	3310	4
32	D	X	3310	3311	4
33	M	X	3311	3312	4
34	L	X	3312	3313	4
35	N	X	3313	3314	4
36	P	X	3314	3315	4
37	N	X	3315	3316	4
38	Y	X	3316	3317	4
39	E	X	3317	3318	4
40	D	X	3318	3319	4
41	L	X	3319	3320	4
42	L	X	3320	3321	4
43	I	X	3321	3322	4
44	R	X	3322	3323	4
45	K	X	3323	3324	4
46	S	X	3324	3325	4
47	N	X	3325	3326	4
48	H	X	3326	3327	4
49	N	X	3327	3328	4
50	F	X	3328	3329	4
51	L	X	3329	3330	4
52	V	X	3330	3331	4
53	Q	X	3331	3332	4
54	A	X	3332	3333	4
55	G	X	3333	3334	4
56	N	X	3334	3335	4
57	V	X	3335	3336	4
58	Q	X	3336	3337	4
59	L	X	3337	3338	4
60	R	X	3338	3339	4
61	V	X	3339	3340	4
62	I	X	3340	3341	4
63	G	X	3341	3342	4
64	H	X	3342	3343	4
65	S	X	3343	3344	4
66	M	X	3344	3345	4
67	Q	X	3345	3346	4
68	N	X	3346	3347	4
69	C	X	3347	3348	4
70	V	X	3348	3349	4
71	L	X	3349	3350	4
72	K	X	3350	3351	4
73	L	X	3351	3352	4
74	K	X	3352	3353	4
75	V	X	3353	3354	4
76	D	X	3354	3355	4
77	T	X	3355	3356	4
78	A	X	3356	3357	4
79	N	X	3357	3358	4
80	P	X	3358	3359	4
81	K	X	3359	3360	4
82	T	X	3360	3361	4
83	P	X	3361	3362	4
84	K	X	3362	3363	4
85	Y	X	3363	3364	4
86	K	X	3364	3365	4
87	F	X	3365	3366	4
88	V	X	3366	3367	4
89	R	X	3367	3368	4
90	I	X	3368	3369	4
91	Q	X	3369	3370	4
92	P	X	3370	3371	4
93	P	H	3394	3395	4
94	E	X	4112	4113	4
95	I	X	4113	4114	4
96	D	X	4116	4117	4
97	N	X	4117	4118	4
98	S	X	4118	4119	4
99	P	X	4119	4120	4
100	N	X	4120	4121	4
101	L	X	4121	4122	4
102	A	X	4122	4123	4
103	V	X	4127	4128	4
104	T	X	4128	4129	4
105	A	X	4129	4130	4
106	L	X	4130	4131	4
107	R	X	4131	4132	4
108	A	X	4132	4133	4
109	A	X	33	34	5
110	P	L	313	314	5
111	R	C	1314	1315	5
112	I	V	1565	1566	5
113	T	I	2162	2163	5
114	H	Y	77	78	6
115	T	I	222	223	6
116	D	L	60	61	7
117	M	X	23	24	9
118	L	X	24	25	9
119	I	X	25	26	9
120	I	X	26	27	9
121	F	X	27	28	9
122	W	X	28	29	9
123	F	X	29	30	9
124	S	X	30	31	9
125	L	X	31	32	9
126	E	X	32	33	9
127	L	X	33	34	9
128	Q	X	34	35	9
129	D	X	35	36	9
130	H	X	36	37	9
131	N	X	37	38	9
132	E	X	38	39	9
133	T	X	39	40	9
134	C	X	40	41	9
135	H	X	41	42	9
136	A	X	42	43	9
137	*	X	43	44	9
138	M	X	0	1	10
139	K	X	1	2	10
140	F	X	2	3	10
141	L	X	3	4	10
142	V	X	4	5	10
143	F	X	5	6	10
144	L	X	6	7	10
145	G	X	7	8	10
146	I	X	8	9	10
147	I	X	9	10	10
148	T	X	10	11	10
149	T	X	11	12	10
150	V	X	12	13	10
151	A	X	13	14	10
152	A	X	14	15	10
153	F	X	15	16	10
154	H	X	16	17	10
155	Q	X	17	18	10
156	E	X	18	19	10
157	C	X	19	20	10
158	S	X	20	21	10
159	L	X	21	22	10
160	Q	X	22	23	10
161	S	X	23	24	10
162	C	X	24	25	10
163	T	X	25	26	10
164	Q	X	26	27	10
165	H	X	27	28	10
166	Q	X	28	29	10
167	P	X	29	30	10
168	Y	X	30	31	10
169	V	X	31	32	10
170	V	X	32	33	10
171	D	X	33	34	10
172	D	X	34	35	10
173	P	X	35	36	10
174	C	X	36	37	10
175	P	X	37	38	10
176	I	X	38	39	10
177	H	X	39	40	10
178	F	X	40	41	10
179	Y	X	41	42	10
180	S	X	42	43	10
181	K	X	43	44	10
182	W	X	44	45	10
183	Y	X	45	46	10
184	I	X	46	47	10
185	R	X	47	48	10
186	V	X	48	49	10
187	G	X	49	50	10
188	A	X	50	51	10
189	R	X	51	52	10
190	K	X	52	53	10
191	S	X	53	54	10
192	A	X	54	55	10
193	P	X	55	56	10
194	L	X	56	57	10
195	I	X	57	58	10
196	E	X	58	59	10
197	L	X	59	60	10
198	C	X	60	61	10
199	V	X	61	62	10
200	D	X	62	63	10
201	E	X	63	64	10
202	A	X	64	65	10
203	G	X	65	66	10
204	S	X	66	67	10
205	K	X	67	68	10
206	P	S	9	10	11
207	T	I	18	19	12
208	G	D	141	142	12
209	V	G	212	213	12
210	G	D	338	339	12
211	S	F	370	371	12
212	S	P	372	373	12
213	S	F	374	375	12
214	T	A	375	376	12
215	D	N	404	405	12
216	R	S	407	408	12
217	K	N	416	417	12
218	N	K	439	440	12
219	S	N	476	477	12
220	T	K	477	478	12
221	E	A	483	484	12
222	Q	R	492	493	12
223	Q	R	497	498	12
224	N	Y	500	501	12
225	Y	H	504	505	12
226	D	G	613	614	12
227	H	Y	654	655	12
228	N	K	678	679	12
229	P	H	680	681	12
230	N	K	763	764	12
231	D	Y	795	796	12
232	Q	H	953	954	12
233	N	K	968	969	12
234	ER		30	32	3
235	SGF		3674	3677	4
236	ENA		26	29	11
237	PP		24	26	12
238	P	L	382	383	3
239	T	N	77	78	4
240	Y	H	821	822	5
241	I	V	185	186	6
242	I	T	67	68	12
243	I	T	81	82	2
244	T	N	48	49	3
245	D	G	62	63	3
246	R	M	202	203	3
247	G	C	214	215	3
248	D	Y	376	377	3
249	E	D	86	87	4
250	A	S	1305	1306	4
251	P	L	2045	2046	4
252	P	S	2286	2287	4
253	V	A	2495	2496	4
254	V	L	2929	2930	4
255	T	A	3645	3646	4
256	V	F	3717	3718	4
257	G	S	661	662	5
258	P	L	999	1000	5
259	A	V	1917	1918	5
260	S	L	25	26	6
261	V	A	81	82	8
262	T	I	119	120	8
263	T	I	39	40	9
264	L	M	45	46	11
265	T	A	59	60	11
266	T	R	18	19	12
267	R	T	272	273	12
268	L	R	451	452	12
269	P	R	680	681	12
270	D	N	949	950	12
271	DF		118	120	10
272	F		156	157	12
273	D	G	2	3	2
274	C	X	505	506	4
275	G	X	506	507	4
276	N	X	507	508	4
277	F	X	508	509	4
278	K	X	509	510	4
279	V	X	510	511	4
280	T	X	511	512	4
281	K	X	512	513	4
282	G	X	513	514	4
283	K	X	514	515	4
284	A	X	515	516	4
285	K	X	516	517	4
286	K	X	517	518	4
287	K	R	855	856	4
288	E	X	2211	2212	4
289	A	X	2212	2213	4
290	S	X	2213	2214	4
291	F	X	2214	2215	4
292	N	X	2215	2216	4
293	Y	X	2216	2217	4
294	L	X	2217	2218	4
295	K	X	2218	2219	4
296	S	X	2219	2220	4
297	L	X	2233	2234	4
298	L	X	2234	2235	4
299	C	X	2238	2239	4
300	Y	X	2244	2245	4
301	S	X	2245	2246	4
302	A	X	2247	2248	4
303	S	X	2260	2261	4
304	C	X	2262	2263	4
305	T	X	2263	2264	4
306	A	T	2709	2710	4
307	I	V	3757	3758	4
308	P	L	1426	1427	5
309	K	X	2254	2255	5
310	P	X	2255	2256	5
311	R	X	2256	2257	5
312	S	X	2257	2258	5
313	Q	X	2258	2259	5
314	M	X	2259	2260	5
315	E	X	2260	2261	5
316	I	X	2261	2262	5
317	D	X	2262	2263	5
318	F	X	2263	2264	5
319	L	X	2264	2265	5
320	E	X	2265	2266	5
321	L	X	2266	2267	5
322	A	X	2267	2268	5
323	M	X	2268	2269	5
324	D	X	2269	2270	5
325	E	X	2270	2271	5
326	F	X	2271	2272	5
327	I	X	2272	2273	5
328	E	X	2273	2274	5
329	R	X	2274	2275	5
330	Y	X	2275	2276	5
331	K	X	2276	2277	5
332	L	X	2277	2278	5
333	E	X	2278	2279	5
334	Y	X	2280	2281	5
335	A	X	2281	2282	5
336	F	X	2282	2283	5
337	E	X	2283	2284	5
338	H	X	2284	2285	5
339	I	X	2285	2286	5
340	V	X	2286	2287	5
341	Y	X	2287	2288	5
342	G	X	2288	2289	5
343	D	X	2289	2290	5
344	F	X	2290	2291	5
345	S	X	2291	2292	5
346	H	X	2292	2293	5
347	S	X	2293	2294	5
348	Q	X	2294	2295	5
349	L	X	2295	2296	5
350	G	X	2296	2297	5
351	G	X	2297	2298	5
352	L	X	2298	2299	5
353	H	X	2299	2300	5
354	L	X	2300	2301	5
355	L	X	2301	2302	5
356	I	X	2302	2303	5
357	G	X	2303	2304	5
358	L	X	2304	2305	5
359	A	X	2305	2306	5
360	K	X	2306	2307	5
361	R	X	2307	2308	5
362	F	X	2308	2309	5
363	K	X	2309	2310	5
364	E	X	2310	2311	5
365	S	X	2311	2312	5
366	P	X	2312	2313	5
367	F	X	2313	2314	5
368	E	X	2314	2315	5
369	L	X	2315	2316	5
370	E	X	2316	2317	5
371	D	X	2317	2318	5
372	F	X	2318	2319	5
373	I	X	2319	2320	5
374	P	X	2320	2321	5
375	M	X	2321	2322	5
376	D	X	2322	2323	5
377	S	X	2323	2324	5
378	T	X	2324	2325	5
379	V	X	2325	2326	5
380	K	X	2326	2327	5
381	N	X	2327	2328	5
382	Y	X	2328	2329	5
383	F	X	2329	2330	5
384	I	X	2330	2331	5
385	T	X	2331	2332	5
386	D	X	2332	2333	5
387	F	X	45	46	8
388	H	X	46	47	8
389	P	X	47	48	8
390	L	X	48	49	8
391	A	X	49	50	8
392	D	X	50	51	8
393	N	X	51	52	8
394	K	X	52	53	8
395	F	X	53	54	8
396	A	X	54	55	8
397	L	X	55	56	8
398	T	X	56	57	8
399	C	X	57	58	8
400	F	X	58	59	8
401	S	X	59	60	8
402	T	X	60	61	8
403	Q	X	61	62	8
404	F	X	62	63	8
405	A	X	63	64	8
406	F	X	64	65	8
407	A	X	65	66	8
408	C	X	66	67	8
409	P	X	67	68	8
410	D	X	68	69	8
411	G	X	69	70	8
412	V	X	70	71	8
413	K	X	71	72	8
414	H	X	72	73	8
415	V	X	73	74	8
416	Y	X	74	75	8
417	A	V	66	67	12
418	T	I	94	95	12
419	E	X	153	154	12
420	S	X	154	155	12
421	E	X	155	156	12
422	F	X	156	157	12
423	R	X	157	158	12
424	V	X	158	159	12
425	Y	X	159	160	12
426	S	X	160	161	12
427	S	X	161	162	12
428	A	X	162	163	12
429	N	X	163	164	12
430	N	X	164	165	12
431	C	X	165	166	12
432	T	X	166	167	12
433	F	X	167	168	12
434	E	X	168	169	12
435	Y	X	169	170	12
436	V	X	170	171	12
437	S	X	171	172	12
438	Q	X	172	173	12
439	P	X	173	174	12
440	F	X	174	175	12
441	L	X	175	176	12
442	M	X	176	177	12
443	D	X	177	178	12
444	L	X	178	179	12
445	E	X	179	180	12
446	G	X	180	181	12
447	K	X	181	182	12
448	Q	X	182	183	12
449	G	X	183	184	12
450	N	X	184	185	12
451	F	X	185	186	12
452	K	X	186	187	12
453	N	X	187	188	12
454	L	X	188	189	12
455	R	X	189	190	12
456	E	X	190	191	12
457	F	X	191	192	12
458	V	X	192	193	12
459	F	X	193	194	12
460	K	X	194	195	12
461	N	X	195	196	12
462	I	X	196	197	12
463	D	X	197	198	12
464	G	X	198	199	12
465	Y	X	199	200	12
466	F	X	200	201	12
467	K	X	201	202	12
468	I	X	202	203	12
469	Y	X	203	204	12
470	S	X	204	205	12
471	K	X	205	206	12
472	H	X	206	207	12
473	T	X	207	208	12
474	P	X	208	209	12
475	I	X	209	210	12
476	N	X	210	211	12
477	L	X	211	212	12
478	V	X	212	213	12
479	R	X	213	214	12
480	D	X	214	215	12
481	L	X	215	216	12
482	P	X	216	217	12
483	Q	X	217	218	12
484	G	X	218	219	12
485	F	X	219	220	12
486	S	X	220	221	12
487	A	X	221	222	12
488	L	X	222	223	12
489	E	X	223	224	12
490	P	X	224	225	12
491	L	X	225	226	12
492	V	X	226	227	12
493	D	X	227	228	12
494	L	X	228	229	12
495	P	X	229	230	12
496	I	X	230	231	12
497	G	X	231	232	12
498	I	X	232	233	12
499	N	X	233	234	12
500	I	X	234	235	12
501	T	X	235	236	12
502	R	X	236	237	12
503	F	X	237	238	12
504	Q	X	238	239	12
505	T	X	239	240	12
506	L	X	240	241	12
507	L	X	241	242	12
508	A	X	242	243	12
509	R	K	345	346	12
510	R	X	354	355	12
511	K	X	355	356	12
512	R	X	356	357	12
513	I	X	357	358	12
514	S	X	358	359	12
515	N	X	359	360	12
516	C	X	360	361	12
517	V	X	361	362	12
518	A	X	362	363	12
519	D	X	363	364	12
520	Y	X	364	365	12
521	S	X	365	366	12
522	V	X	366	367	12
523	L	X	367	368	12
524	Y	X	368	369	12
525	N	X	369	370	12
526	S	X	370	371	12
527	A	X	371	372	12
528	S	X	372	373	12
529	F	X	373	374	12
530	S	X	374	375	12
531	T	X	375	376	12
532	F	X	376	377	12
533	K	X	377	378	12
534	C	X	378	379	12
535	Y	X	379	380	12
536	G	X	380	381	12
537	V	X	381	382	12
538	S	X	382	383	12
539	P	X	383	384	12
540	T	X	384	385	12
541	K	X	385	386	12
542	L	X	386	387	12
543	N	X	387	388	12
544	D	X	388	389	12
545	L	X	389	390	12
546	C	X	390	391	12
547	F	X	391	392	12
548	T	X	392	393	12
549	N	X	393	394	12
550	V	X	394	395	12
551	Y	X	395	396	12
552	A	X	396	397	12
553	D	X	397	398	12
554	S	X	398	399	12
555	F	X	399	400	12
556	V	X	400	401	12
557	I	X	401	402	12
558	R	X	402	403	12
559	G	X	403	404	12
560	D	X	404	405	12
561	E	X	405	406	12
562	V	X	406	407	12
563	R	X	407	408	12
564	Q	X	408	409	12
565	I	X	409	410	12
566	A	X	410	411	12
567	P	X	411	412	12
568	G	X	412	413	12
569	Q	X	413	414	12
570	T	X	414	415	12
571	G	X	415	416	12
572	K	X	416	417	12
573	I	X	417	418	12
574	A	X	418	419	12
575	D	X	419	420	12
576	I	X	433	434	12
577	A	X	434	435	12
578	W	X	435	436	12
579	N	X	436	437	12
580	S	X	437	438	12
581	N	X	438	439	12
582	N	X	439	440	12
583	L	X	440	441	12
584	D	X	441	442	12
585	S	X	442	443	12
586	K	X	443	444	12
587	V	X	444	445	12
588	G	X	445	446	12
589	G	X	446	447	12
590	N	X	447	448	12
591	Y	X	448	449	12
592	N	X	449	450	12
593	Y	X	450	451	12
594	L	X	451	452	12
595	Y	X	452	453	12
596	R	X	453	454	12
597	L	X	454	455	12
598	F	X	455	456	12
599	R	X	456	457	12
600	K	X	457	458	12
601	S	X	458	459	12
602	N	X	459	460	12
603	L	X	460	461	12
604	K	X	461	462	12
605	P	X	462	463	12
606	F	X	463	464	12
607	E	X	464	465	12
608	R	X	465	466	12
609	D	X	466	467	12
610	I	X	467	468	12
611	S	X	468	469	12
612	T	X	469	470	12
613	E	X	470	471	12
614	I	X	471	472	12
615	Y	X	472	473	12
616	Q	X	473	474	12
617	A	X	474	475	12
618	G	X	475	476	12
619	S	X	476	477	12
620	T	X	477	478	12
621	P	X	478	479	12
622	C	X	479	480	12
623	N	X	480	481	12
624	G	X	481	482	12
625	V	X	482	483	12
626	E	X	483	484	12
627	G	X	484	485	12
628	F	X	485	486	12
629	N	X	486	487	12
630	C	X	487	488	12
631	Y	X	488	489	12
632	F	X	489	490	12
633	P	X	490	491	12
634	L	X	491	492	12
635	Q	X	492	493	12
636	S	X	493	494	12
637	Y	X	494	495	12
638	G	X	495	496	12
639	F	X	496	497	12
640	Q	X	497	498	12
641	P	X	498	499	12
642	T	X	499	500	12
643	N	X	500	501	12
644	G	X	501	502	12
645	V	X	502	503	12
646	G	X	503	504	12
647	Y	X	504	505	12
648	Q	X	505	506	12
649	P	X	506	507	12
650	Y	X	507	508	12
651	R	X	508	509	12
652	V	X	509	510	12
653	V	X	510	511	12
654	V	X	511	512	12
655	L	X	512	513	12
656	S	X	513	514	12
657	F	X	514	515	12
658	E	X	515	516	12
659	L	X	516	517	12
660	L	X	517	518	12
661	H	X	518	519	12
662	A	X	519	520	12
663	P	X	520	521	12
664	A	X	521	522	12
665	T	X	522	523	12
666	V	X	523	524	12
667	T	K	546	547	12
668	N	K	855	856	12
669	L	F	980	981	12
670	I	X	1171	1172	12
671	N	X	1172	1173	12
672	A	X	1173	1174	12
673	S	X	1174	1175	12
674	V	X	1175	1176	12
675	V	X	1176	1177	12
676	N	X	1177	1178	12
677	I	X	1178	1179	12
678	Q	X	1179	1180	12
679	K	X	1180	1181	12
680	E	X	1181	1182	12
681	I	X	1182	1183	12
682	D	X	1183	1184	12
683	R	X	1184	1185	12
684	L	X	1185	1186	12
685	N	X	1186	1187	12
686	E	X	1187	1188	12
687	V	X	1188	1189	12
688	A	X	1189	1190	12
689	K	X	1190	1191	12
690	N	X	1191	1192	12
691	L	X	1192	1193	12
692	N	X	1193	1194	12
693	E	X	1194	1195	12
694	S	X	1195	1196	12
695	L	X	1196	1197	12
696	I	X	1197	1198	12
697	D	X	1198	1199	12
698	L	X	1199	1200	12
699	Q	X	1200	1201	12
700	E	X	1201	1202	12
701	L	X	1202	1203	12
702	G	X	1203	1204	12
703	K	X	1204	1205	12
704	Y	X	1205	1206	12
705	E	X	1206	1207	12
706	Q	X	1207	1208	12
707	Y	X	1208	1209	12
708	I	X	1209	1210	12
709	K	X	1210	1211	12
710	W	X	1211	1212	12
711	P	X	1212	1213	12
712	W	X	1213	1214	12
713	Y	X	1214	1215	12
714	I	X	1215	1216	12
715	W	X	1216	1217	12
716	L	X	1217	1218	12
717	G	X	1218	1219	12
718	F	X	1219	1220	12
719	I	X	1220	1221	12
720	A	X	1221	1222	12
721	G	X	1222	1223	12
722	L	X	1223	1224	12
723	I	X	1224	1225	12
724	A	X	1225	1226	12
725	I	X	1226	1227	12
726	V	X	1227	1228	12
727	M	X	1228	1229	12
728	V	X	1229	1230	12
729	T	X	1230	1231	12
730	I	X	1231	1232	12
731	M	X	1232	1233	12
732	L	X	1233	1234	12
733	C	X	1234	1235	12
734	C	X	1235	1236	12
735	M	X	1236	1237	12
736	T	X	1237	1238	12
737	S	X	1238	1239	12
738	C	X	1239	1240	12
739	C	X	1240	1241	12
740	S	X	1241	1242	12
741	C	X	1242	1243	12
742	L	X	1243	1244	12
743	LS		3673	3675	4
744	H		68	69	12
745	VY		142	144	12
746	D	N	2	3	2
747	R	X	145	146	2
748	G	X	146	147	2
749	H	X	147	148	2
750	L	X	148	149	2
751	R	X	149	150	2
752	I	X	150	151	2
753	A	X	151	152	2
754	G	X	152	153	2
755	H	X	153	154	2
756	H	X	154	155	2
757	L	X	155	156	2
758	G	X	156	157	2
759	R	X	157	158	2
760	C	X	158	159	2
761	D	X	159	160	2
762	I	X	160	161	2
763	K	X	161	162	2
764	D	X	162	163	2
765	L	X	163	164	2
766	P	X	164	165	2
767	K	X	165	166	2
768	E	X	166	167	2
769	I	X	167	168	2
770	T	X	168	169	2
771	V	X	169	170	2
772	A	X	170	171	2
773	T	X	171	172	2
774	S	X	172	173	2
775	R	X	173	174	2
776	T	X	174	175	2
777	L	X	175	176	2
778	S	X	176	177	2
779	Y	X	177	178	2
780	Y	X	178	179	2
781	K	X	179	180	2
782	L	X	180	181	2
783	G	X	181	182	2
784	A	X	182	183	2
785	S	X	183	184	2
786	Q	X	184	185	2
787	R	X	185	186	2
788	V	X	186	187	2
789	A	X	187	188	2
790	G	X	188	189	2
791	D	X	189	190	2
792	S	X	190	191	2
793	G	X	191	192	2
794	F	X	192	193	2
795	A	X	193	194	2
796	A	X	194	195	2
797	Y	X	195	196	2
798	S	X	196	197	2
799	R	X	197	198	2
800	Y	X	198	199	2
801	R	X	199	200	2
802	I	X	200	201	2
803	G	X	201	202	2
804	N	X	202	203	2
805	Y	X	203	204	2
806	K	X	204	205	2
807	L	X	205	206	2
808	N	X	206	207	2
809	T	X	207	208	2
810	D	X	208	209	2
811	H	X	209	210	2
812	S	X	210	211	2
813	S	X	211	212	2
814	S	X	212	213	2
815	S	X	213	214	2
816	D	X	214	215	2
817	N	X	215	216	2
818	T	X	2001	2002	4
819	Y	X	2002	2003	4
820	K	X	2003	2004	4
821	P	X	2004	2005	4
822	N	X	2005	2006	4
823	T	X	2006	2007	4
824	W	X	2007	2008	4
825	C	X	2008	2009	4
826	I	X	2009	2010	4
827	R	X	2010	2011	4
828	C	X	2011	2012	4
829	L	X	2012	2013	4
830	W	X	2013	2014	4
831	S	X	2014	2015	4
832	T	X	2015	2016	4
833	K	X	2016	2017	4
834	P	X	2017	2018	4
835	V	X	2018	2019	4
836	E	X	2019	2020	4
837	T	X	2020	2021	4
838	S	X	2021	2022	4
839	N	X	2022	2023	4
840	S	X	2023	2024	4
841	F	X	2024	2025	4
842	D	X	2025	2026	4
843	V	X	2026	2027	4
844	L	X	2027	2028	4
845	K	X	2028	2029	4
846	S	X	2029	2030	4
847	E	X	2030	2031	4
848	D	X	2031	2032	4
849	A	X	2032	2033	4
850	Q	X	2033	2034	4
851	G	X	2034	2035	4
852	M	X	2035	2036	4
853	D	X	2036	2037	4
854	N	X	2037	2038	4
855	L	X	2038	2039	4
856	A	X	2039	2040	4
857	C	X	2040	2041	4
858	E	X	2041	2042	4
859	D	X	2042	2043	4
860	L	X	2043	2044	4
861	K	X	2044	2045	4
862	P	X	2045	2046	4
863	V	A	2046	2047	4
864	I	F	3145	3146	4
865	R	X	641	642	5
866	L	X	663	664	5
867	Y	X	664	665	5
868	V	X	665	666	5
869	K	X	666	667	5
870	T	X	670	671	5
871	S	X	671	672	5
872	S	X	672	673	5
873	G	X	673	674	5
874	D	X	674	675	5
875	A	X	675	676	5
876	T	X	676	677	5
877	T	X	677	678	5
878	A	X	678	679	5
879	Y	X	679	680	5
880	A	X	680	681	5
881	F	Y	684	685	5
882	T	N	1049	1050	5
883	M	V	1498	1499	5
884	D	G	15	16	11
885	R	T	345	346	12
886	F	V	485	486	12
887	MESLVPGFNEKTHVQLSLPVL		0	21	4
888	P	X	12	13	3
889	R	X	13	14	3
890	I	X	14	15	3
891	T	X	15	16	3
892	F	X	16	17	3
893	G	X	17	18	3
894	G	X	18	19	3
895	P	X	19	20	3
896	S	X	20	21	3
897	D	X	21	22	3
898	S	X	22	23	3
899	T	X	23	24	3
900	G	X	24	25	3
901	S	X	25	26	3
902	N	X	26	27	3
903	Q	X	27	28	3
904	N	X	28	29	3
905	G	X	29	30	3
906	E	X	30	31	3
907	R	X	31	32	3
908	S	X	32	33	3
909	G	X	33	34	3
910	A	X	34	35	3
911	R	X	35	36	3
912	S	X	36	37	3
913	K	X	37	38	3
914	Q	X	38	39	3
915	R	X	39	40	3
916	A	V	2528	2529	4
917	Q	X	2566	2567	4
918	F	X	3121	3122	4
919	A	V	3644	3645	4
920	V	X	1707	1708	5
921	W	X	1709	1710	5
922	F	X	1713	1714	5
923	V	X	1722	1723	5
924	F	X	2352	2353	5
925	I	F	19	20	6
926	V	X	28	29	8
927	L	X	29	30	8
928	L	X	30	31	8
929	K	X	31	32	8
930	E	X	32	33	8
931	P	X	33	34	8
932	C	X	34	35	8
933	S	X	35	36	8
934	S	X	36	37	8
935	G	X	37	38	8
936	T	X	38	39	8
937	Y	X	39	40	8
938	E	X	40	41	8
939	G	X	41	42	8
940	N	X	42	43	8
941	S	X	43	44	8
942	P	X	44	45	8
943	Q	X	75	76	8
944	L	X	76	77	8
945	R	X	77	78	8
946	A	X	78	79	8
947	R	X	79	80	8
948	S	X	80	81	8
949	V	X	81	82	8
950	S	X	82	83	8
951	P	X	83	84	8
952	K	X	84	85	8
953	L	X	85	86	8
954	F	X	86	87	8
955	I	X	87	88	8
956	R	X	88	89	8
957	Q	X	89	90	8
958	E	X	90	91	8
959	E	X	91	92	8
960	V	X	92	93	8
961	Q	X	93	94	8
962	E	X	94	95	8
963	L	X	95	96	8
964	Y	X	96	97	8
965	S	X	97	98	8
966	P	X	98	99	8
967	I	X	99	100	8
968	F	X	100	101	8
969	L	X	101	102	8
970	I	X	102	103	8
971	V	X	103	104	8
972	A	X	104	105	8
973	A	X	105	106	8
974	I	X	106	107	8
975	V	X	107	108	8
976	F	X	108	109	8
977	I	X	109	110	8
978	T	X	110	111	8
979	L	X	111	112	8
980	C	X	112	113	8
981	F	X	113	114	8
982	T	X	114	115	8
983	L	X	115	116	8
984	K	X	116	117	8
985	R	X	117	118	8
986	K	X	118	119	8
987	T	X	119	120	8
988	E	X	120	121	8
989	V	X	20	21	9
990	L	X	21	22	9
991	I	X	22	23	9
992	L	X	83	84	10
993	E	X	91	92	10
994	S	X	96	97	10
995	L	X	97	98	10
996	V	X	98	99	10
997	V	X	99	100	10
998	R	X	100	101	10
999	C	X	101	102	10
1000	S	X	102	103	10
1001	F	X	103	104	10
1002	Y	X	104	105	10
1003	E	X	105	106	10
1004	D	X	106	107	10
1005	F	X	107	108	10
1006	L	X	108	109	10
1007	E	X	109	110	10
1008	Y	X	110	111	10
1009	H	X	111	112	10
1010	D	X	112	113	10
1011	V	X	113	114	10
1012	R	X	114	115	10
1013	V	X	115	116	10
1014	V	X	116	117	10
1015	L	X	117	118	10
1016	D	X	118	119	10
1017	F	X	119	120	10
1018	I	X	120	121	10
1019	*	X	121	122	10
1020	H	X	8	9	11
1021	P	X	9	10	11
1022	A	X	10	11	11
1023	L	X	11	12	11
1024	R	X	12	13	11
1025	L	X	13	14	11
1026	V	X	14	15	11
1027	D	X	15	16	11
1028	P	X	16	17	11
1029	Q	X	17	18	11
1030	I	X	18	19	11
1031	Q	X	19	20	11
1032	L	X	20	21	11
1033	A	X	21	22	11
1034	V	X	22	23	11
1035	T	X	23	24	11
1036	R	X	24	25	11
1037	M	X	25	26	11
1038	E	X	26	27	11
1039	N	X	27	28	11
1040	A	X	28	29	11
1041	V	X	29	30	11
1042	G	X	30	31	11
1043	R	X	31	32	11
1044	D	X	32	33	11
1045	Q	X	33	34	11
1046	N	X	34	35	11
1047	N	X	35	36	11
1048	V	I	1093	1094	12
1049	S	X	135	136	2
1050	E	X	136	137	2
1051	L	X	137	138	2
1052	V	X	138	139	2
1053	I	X	139	140	2
1054	G	X	140	141	2
1055	A	X	141	142	2
1056	V	X	142	143	2
1057	I	X	143	144	2
1058	L	X	144	145	2
1059	Q	H	1581	1582	4
1060	D	X	2572	2573	4
1061	Q	X	2573	2574	4
1062	A	X	2574	2575	4
1063	L	X	2575	2576	4
1064	V	X	2576	2577	4
1065	S	X	2577	2578	4
1066	D	X	2578	2579	4
1067	V	X	2579	2580	4
1068	G	X	2580	2581	4
1069	D	X	2581	2582	4
1070	S	X	2582	2583	4
1071	A	X	2583	2584	4
1072	E	X	2584	2585	4
1073	V	X	2585	2586	4
1074	A	X	2586	2587	4
1075	V	X	2587	2588	4
1076	K	X	2588	2589	4
1077	M	X	2589	2590	4
1078	F	X	2590	2591	4
1079	D	X	2591	2592	4
1080	A	X	2592	2593	4
1081	Y	X	2593	2594	4
1082	V	X	2594	2595	4
1083	N	X	2595	2596	4
1084	T	X	2596	2597	4
1085	F	X	2597	2598	4
1086	S	X	2598	2599	4
1087	S	X	2599	2600	4
1088	T	X	2600	2601	4
1089	F	X	2601	2602	4
1090	N	X	2602	2603	4
1091	V	X	2603	2604	4
1092	P	X	2604	2605	4
1093	M	X	2605	2606	4
1094	E	X	2606	2607	4
1095	K	X	2607	2608	4
1096	L	X	2608	2609	4
1097	K	X	2609	2610	4
1098	T	X	2610	2611	4
1099	L	X	2611	2612	4
1100	V	X	2612	2613	4
1101	A	X	2613	2614	4
1102	T	X	2614	2615	4
1103	A	X	2615	2616	4
1104	E	X	2616	2617	4
1105	A	X	2617	2618	4
1106	E	X	2618	2619	4
1107	L	X	2619	2620	4
1108	A	X	2620	2621	4
1109	K	X	2621	2622	4
1110	N	X	2622	2623	4
1111	V	X	2623	2624	4
1112	S	X	2624	2625	4
1113	L	X	2625	2626	4
1114	D	X	2626	2627	4
1115	N	X	2627	2628	4
1116	V	X	2628	2629	4
1117	L	X	2629	2630	4
1118	S	X	2630	2631	4
1119	T	X	2631	2632	4
1120	F	X	2632	2633	4
1121	I	X	2633	2634	4
1122	S	X	2634	2635	4
1123	A	X	2635	2636	4
1124	A	X	2636	2637	4
1125	R	X	2637	2638	4
1126	Q	X	2638	2639	4
1127	G	X	2639	2640	4
1128	F	X	2640	2641	4
1129	V	X	2641	2642	4
1130	D	X	2642	2643	4
1131	S	X	2643	2644	4
1132	D	X	2644	2645	4
1133	V	X	2645	2646	4
1134	E	X	2646	2647	4
1135	T	X	2647	2648	4
1136	K	X	2648	2649	4
1137	D	X	2649	2650	4
1138	V	X	2650	2651	4
1139	V	X	2651	2652	4
1140	E	X	2652	2653	4
1141	C	X	2653	2654	4
1142	L	X	2654	2655	4
1143	K	X	2655	2656	4
1144	L	X	2656	2657	4
1145	S	X	2657	2658	4
1146	H	X	2658	2659	4
1147	Q	X	2659	2660	4
1148	S	X	2660	2661	4
1149	D	X	2661	2662	4
1150	T	I	3283	3284	4
1151	L	X	110	111	6
1152	V	X	111	112	6
1153	Y	X	112	113	6
1154	F	X	113	114	6
1155	L	X	114	115	6
1156	Q	X	115	116	6
1157	S	X	116	117	6
1158	I	X	117	118	6
1159	N	X	118	119	6
1160	F	X	119	120	6
1161	V	X	120	121	6
1162	R	X	121	122	6
1163	I	X	122	123	6
1164	I	X	123	124	6
1165	M	X	124	125	6
1166	R	X	125	126	6
1167	L	X	126	127	6
1168	W	X	127	128	6
1169	L	X	128	129	6
1170	C	X	129	130	6
1171	W	X	130	131	6
1172	K	X	131	132	6
1173	C	X	132	133	6
1174	R	X	133	134	6
1175	S	X	134	135	6
1176	K	X	135	136	6
1177	N	X	136	137	6
1178	P	X	137	138	6
1179	L	X	138	139	6
1180	L	X	139	140	6
1181	Y	X	140	141	6
1182	D	X	141	142	6
1183	A	X	142	143	6
1184	N	X	143	144	6
1185	Y	X	144	145	6
1186	F	X	145	146	6
1187	L	X	146	147	6
1188	C	X	147	148	6
1189	W	X	148	149	6
1190	H	X	149	150	6
1191	T	X	150	151	6
1192	N	X	151	152	6
1193	C	X	152	153	6
1194	Y	X	153	154	6
1195	D	X	154	155	6
1196	Y	X	155	156	6
1197	C	X	156	157	6
1198	I	X	157	158	6
1199	P	X	158	159	6
1200	Y	X	159	160	6
1201	N	X	160	161	6
1202	S	X	161	162	6
1203	V	X	162	163	6
1204	T	X	163	164	6
1205	S	X	164	165	6
1206	S	X	165	166	6
1207	I	X	166	167	6
1208	V	X	167	168	6
1209	I	X	168	169	6
1210	T	X	169	170	6
1211	S	X	170	171	6
1212	G	X	171	172	6
1213	D	X	172	173	6
1214	G	X	173	174	6
1215	T	X	174	175	6
1216	T	X	175	176	6
1217	S	X	176	177	6
1218	P	X	177	178	6
1219	I	X	178	179	6
1220	S	X	179	180	6
1221	E	X	180	181	6
1222	H	X	181	182	6
1223	D	X	182	183	6
1224	Y	X	183	184	6
1225	Q	X	184	185	6
1226	I	X	185	186	6
1227	G	X	186	187	6
1228	G	X	187	188	6
1229	Y	X	188	189	6
1230	T	X	189	190	6
1231	E	X	190	191	6
1232	W	X	192	193	6
1233	E	X	193	194	6
1234	S	X	194	195	6
1235	D	X	198	199	6
1236	C	X	199	200	6
1237	V	X	200	201	6
1238	R	REPE	213	214	12
1239	F	X	305	306	12
1240	T	X	306	307	12
1241	V	X	307	308	12
1242	E	X	308	309	12
1243	K	X	309	310	12
1244	G	X	310	311	12
1245	I	X	311	312	12
1246	Y	X	312	313	12
1247	Q	X	313	314	12
1248	T	X	314	315	12
1249	S	X	315	316	12
1250	N	X	316	317	12
1251	F	X	317	318	12
1252	R	X	318	319	12
1253	V	X	319	320	12
1254	Q	X	320	321	12
1255	P	X	321	322	12
1256	T	X	322	323	12
1257	E	X	323	324	12
1258	S	X	324	325	12
1259	I	X	325	326	12
1260	V	X	326	327	12
1261	R	X	327	328	12
1262	F	X	328	329	12
1263	P	X	329	330	12
1264	N	X	330	331	12
1265	I	X	331	332	12
1266	T	X	332	333	12
1267	N	X	333	334	12
1268	L	X	334	335	12
1269	C	X	335	336	12
1270	P	X	336	337	12
1271	F	X	337	338	12
1272	G	X	338	339	12
1273	E	X	339	340	12
1274	V	X	340	341	12
1275	F	X	341	342	12
1276	N	X	342	343	12
1277	A	X	343	344	12
1278	T	X	344	345	12
1279	R	X	345	346	12
1280	F	X	346	347	12
1281	A	X	347	348	12
1282	S	X	348	349	12
1283	V	X	349	350	12
1284	Y	X	350	351	12
1285	A	X	351	352	12
1286	W	X	352	353	12
1287	N	X	353	354	12
1288	G	S	445	446	12
1289	G	S	495	496	12
1290	S	X	749	750	12
1291	N	X	750	751	12
1292	L	X	751	752	12
1293	L	X	752	753	12
1294	T	X	760	761	12
1295	D	B	2	3	2
1296	E	X	135	136	3
1297	Q	K	555	556	4
1298	L	I	980	981	12
1299	K	E	1065	1066	4
1300	V	I	1886	1887	4
1301	F	L	642	643	12
1302	A	V	700	701	12
1303	Q	X	18	19	2
1304	R	X	292	293	3
1305	G	X	294	295	3
1306	D	X	296	297	3
1307	W	X	300	301	3
1308	A	X	304	305	3
1309	Q	X	388	389	3
1310	S	X	412	413	3
1311	A	X	41	42	4
1312	D	X	47	48	4
1313	G	X	48	49	4
1314	T	X	49	50	4
1315	C	X	50	51	4
1316	G	X	51	52	4
1317	V	X	53	54	4
1318	E	X	54	55	4
1319	S	X	134	135	4
1320	A	X	497	498	4
1321	Y	YTVEEAXXXXXXXXXXXXXXXXXXXXXXXXXXXXXXXXX	1336	1337	4
1322	A	V	1678	1679	4
1323	S	X	2103	2104	4
1324	K	X	2107	2108	4
1325	R	X	2729	2730	4
1326	T	X	3089	3090	4
1327	F	X	3752	3753	4
1328	I	X	3757	3758	4
1329	M	X	4031	4032	4
1330	A	X	480	481	5
1331	V	X	483	484	5
1332	N	X	524	525	5
1333	V	X	525	526	5
1334	I	X	526	527	5
1335	T	X	546	547	5
1336	R	X	1314	1315	5
1337	I	X	1565	1566	5
1338	D	X	1745	1746	5
1339	A	X	1748	1749	5
1340	D	X	1902	1903	5
1341	V	X	2074	2075	5
1342	V	X	2081	2082	5
1343	T	X	2162	2163	5
1344	L	LNGVTLIGEXVKXXXXXXXXXXXXXXXXXXXXXXXXXXXXXXXXX	2212	2213	5
1345	D	X	2360	2361	5
1346	V	X	2363	2364	5
1347	V	X	2364	2365	5
1348	K	X	2366	2367	5
1349	V	X	2367	2368	5
1350	V	X	2368	2369	5
1351	V	X	2370	2371	5
1352	D	X	2373	2374	5
1353	E	X	2376	2377	5
1354	D	X	2529	2530	5
1355	M	X	0	1	6
1356	D	X	1	2	6
1357	L	X	2	3	6
1358	M	X	4	5	6
1359	R	X	5	6	6
1360	T	X	222	223	6
1361	T	X	123	124	12
1362	N	X	124	125	12
1363	V	X	125	126	12
1364	V	X	126	127	12
1365	I	X	127	128	12
1366	K	X	128	129	12
1367	V	X	129	130	12
1368	C	X	130	131	12
1369	E	X	131	132	12
1370	F	X	132	133	12
1371	Q	X	133	134	12
1372	F	X	134	135	12
1373	C	X	135	136	12
1374	N	X	136	137	12
1375	D	X	137	138	12
1376	P	X	138	139	12
1377	F	X	139	140	12
1378	L	X	140	141	12
1379	G	X	141	142	12
1380	V	X	142	143	12
1381	Y	X	143	144	12
1382	Y	X	144	145	12
1383	H	X	145	146	12
1384	K	X	146	147	12
1385	N	X	147	148	12
1386	N	X	148	149	12
1387	K	X	149	150	12
1388	S	X	150	151	12
1389	W	X	151	152	12
1390	M	X	152	153	12
1391	F	Y	455	456	12
1392	Q	L	492	493	12
1393	N	X	678	679	12
1394	P	X	680	681	12
1395	Q	X	953	954	12
1396	L	X	1003	1004	12
1397	Q	X	1004	1005	12
1398	D	X	1145	1146	12
1399	LAHIQWM		3122	3129	4
1400	DALFAYTKR		515	524	5
1401	ICGFIQQKLALGGSVAIKITEHSWNADLYKLMGHFAWWTAFVTNVNASSSEAFLIGCNYLGKPREQIDGYVMHANYIFWRNTNPIQLSSYSLFDMSKFPLKLRGTAVMSLKEGQINDMILSLLSKGRLIIRENNRVVISSDVLVNN*		2549	2696	5
1402	MFVFLVLLPLVSSQCVNLTTRTQLPPAYTNSFTRGVYYPDKVFRSSVLHSTQDLFLPFFSNVTWFHAIHVSGTNGTKRFDNPVLPFNDGVYFASTEKSNIIRGWIFGTTLDSKTQSLLIVNN		0	122	12
1403	L	X	44	45	3
1404	P	X	45	46	3
1405	N	X	46	47	3
1406	N	X	47	48	3
1407	T	X	48	49	3
1408	A	X	49	50	3
1409	S	X	50	51	3
1410	W	X	51	52	3
1411	F	X	52	53	3
1412	T	X	53	54	3
1413	A	X	54	55	3
1414	L	X	55	56	3
1415	T	X	56	57	3
1416	Q	X	57	58	3
1417	H	X	58	59	3
1418	G	X	59	60	3
1419	K	X	60	61	3
1420	E	X	61	62	3
1421	D	X	62	63	3
1422	L	X	63	64	3
1423	K	X	64	65	3
1424	F	X	65	66	3
1425	P	X	66	67	3
1426	R	X	67	68	3
1427	G	X	68	69	3
1428	A	X	133	134	3
1429	S	X	2082	2083	4
1430	L	X	2083	2084	4
1431	S	X	3674	3675	4
1432	G	X	3675	3676	4
1433	G	X	2200	2201	5
1434	S	X	2687	2688	5
1435	S	X	2688	2689	5
1436	D	X	2689	2690	5
1437	V	X	2692	2693	5
1438	N	X	2693	2694	5
1439	N	X	2694	2695	5
1440	V	X	40	41	11
1441	Y	X	41	42	11
1442	P	X	42	43	11
1443	I	X	43	44	11
1444	I	X	44	45	11
1445	L	X	45	46	11
1446	R	X	46	47	11
1447	L	X	47	48	11
1448	G	X	48	49	11
1449	S	X	49	50	11
1450	P	X	50	51	11
1451	L	X	51	52	11
1452	S	X	52	53	11
1453	L	X	53	54	11
1454	N	X	54	55	11
1455	M	X	55	56	11
1456	A	X	56	57	11
1457	R	X	57	58	11
1458	K	X	58	59	11
1459	T	X	59	60	11
1460	L	X	60	61	11
1461	N	X	61	62	11
1462	S	X	62	63	11
1463	L	X	63	64	11
1464	E	X	64	65	11
1465	S	L	370	371	12
1466	H	X	654	655	12
1467	E		26	27	11
1468	V		142	143	12
1469	I	V	3730	3731	4
1470	N	X	763	764	12
\.


--
-- Data for Name: amino_acid_mutation_alignments; Type: TABLE DATA; Schema: public; Owner: -
--

COPY public.amino_acid_mutation_alignments (id, aminoacidmutation_id, alignment_id) FROM stdin;
1	1	1
2	2	1
3	3	1
4	4	1
5	5	1
6	6	1
7	7	1
8	8	1
9	9	1
10	10	1
11	11	1
12	12	1
13	13	1
14	14	1
15	15	1
16	16	1
17	17	1
18	18	1
19	19	1
20	20	1
21	21	1
22	22	1
23	23	1
24	24	1
25	25	1
26	26	1
27	27	1
28	28	1
29	29	1
30	30	1
31	31	1
32	32	1
33	33	1
34	34	1
35	35	1
36	36	1
37	37	1
38	38	1
39	39	1
40	40	1
41	41	1
42	42	1
43	43	1
44	44	1
45	45	1
46	46	1
47	47	1
48	48	1
49	49	1
50	50	1
51	51	1
52	52	1
53	53	1
54	54	1
55	55	1
56	56	1
57	57	1
58	58	1
59	59	1
60	60	1
61	61	1
62	62	1
63	63	1
64	64	1
65	65	1
66	66	1
67	67	1
68	68	1
69	69	1
70	70	1
71	71	1
72	72	1
73	73	1
74	74	1
75	75	1
76	76	1
77	77	1
78	78	1
79	79	1
80	80	1
81	81	1
82	82	1
83	83	1
84	84	1
85	85	1
86	86	1
87	87	1
88	88	1
89	89	1
90	90	1
91	91	1
92	92	1
93	93	1
94	94	1
95	95	1
96	96	1
97	97	1
98	98	1
99	99	1
100	100	1
101	101	1
102	102	1
103	103	1
104	104	1
105	105	1
106	106	1
107	107	1
108	108	1
109	109	1
110	110	1
111	111	1
112	112	1
113	113	1
114	114	1
115	115	1
116	116	1
117	117	1
118	118	1
119	119	1
120	120	1
121	121	1
122	122	1
123	123	1
124	124	1
125	125	1
126	126	1
127	127	1
128	128	1
129	129	1
130	130	1
131	131	1
132	132	1
133	133	1
134	134	1
135	135	1
136	136	1
137	137	1
138	138	1
139	139	1
140	140	1
141	141	1
142	142	1
143	143	1
144	144	1
145	145	1
146	146	1
147	147	1
148	148	1
149	149	1
150	150	1
151	151	1
152	152	1
153	153	1
154	154	1
155	155	1
156	156	1
157	157	1
158	158	1
159	159	1
160	160	1
161	161	1
162	162	1
163	163	1
164	164	1
165	165	1
166	166	1
167	167	1
168	168	1
169	169	1
170	170	1
171	171	1
172	172	1
173	173	1
174	174	1
175	175	1
176	176	1
177	177	1
178	178	1
179	179	1
180	180	1
181	181	1
182	182	1
183	183	1
184	184	1
185	185	1
186	186	1
187	187	1
188	188	1
189	189	1
190	190	1
191	191	1
192	192	1
193	193	1
194	194	1
195	195	1
196	196	1
197	197	1
198	198	1
199	199	1
200	200	1
201	201	1
202	202	1
203	203	1
204	204	1
205	205	1
206	206	1
207	207	1
208	208	1
209	209	1
210	210	1
211	211	1
212	212	1
213	213	1
214	214	1
215	215	1
216	216	1
217	217	1
218	218	1
219	219	1
220	220	1
221	221	1
222	222	1
223	223	1
224	224	1
225	225	1
226	226	1
227	227	1
228	228	1
229	229	1
230	230	1
231	231	1
232	232	1
233	233	1
234	234	1
235	235	1
236	236	1
237	237	1
238	1	2
239	2	2
240	3	2
241	4	2
242	5	2
243	6	2
244	238	2
245	7	2
246	239	2
247	8	2
248	9	2
249	10	2
250	11	2
251	12	2
252	13	2
253	14	2
254	93	2
255	110	2
256	240	2
257	111	2
258	112	2
259	113	2
260	241	2
261	115	2
262	116	2
263	206	2
264	207	2
265	242	2
266	208	2
267	209	2
268	210	2
269	211	2
270	212	2
271	213	2
272	214	2
273	215	2
274	216	2
275	217	2
276	219	2
277	220	2
278	221	2
279	222	2
280	223	2
281	224	2
282	225	2
283	226	2
284	227	2
285	228	2
286	229	2
287	230	2
288	231	2
289	232	2
290	233	2
291	234	2
292	235	2
293	236	2
294	237	2
295	243	3
296	244	3
297	245	3
298	246	3
299	247	3
300	248	3
301	249	3
302	250	3
303	251	3
304	252	3
305	253	3
306	254	3
307	14	3
308	255	3
309	256	3
310	110	3
311	257	3
312	258	3
313	259	3
314	260	3
315	261	3
316	262	3
317	263	3
318	264	3
319	265	3
320	266	3
321	267	3
322	268	3
323	220	3
324	226	3
325	269	3
326	270	3
327	271	3
328	272	3
329	1	4
330	273	4
331	2	4
332	3	4
333	4	4
334	5	4
335	6	4
336	274	4
337	275	4
338	276	4
339	277	4
340	278	4
341	279	4
342	280	4
343	281	4
344	282	4
345	283	4
346	284	4
347	285	4
348	286	4
349	287	4
350	288	4
351	289	4
352	290	4
353	291	4
354	292	4
355	293	4
356	294	4
357	295	4
358	296	4
359	297	4
360	298	4
361	299	4
362	300	4
363	301	4
364	302	4
365	303	4
366	304	4
367	305	4
368	306	4
369	14	4
370	93	4
371	307	4
372	110	4
373	308	4
374	112	4
375	309	4
376	310	4
377	311	4
378	312	4
379	313	4
380	314	4
381	315	4
382	316	4
383	317	4
384	318	4
385	319	4
386	320	4
387	321	4
388	322	4
389	323	4
390	324	4
391	325	4
392	326	4
393	327	4
394	328	4
395	329	4
396	330	4
397	331	4
398	332	4
399	333	4
400	334	4
401	335	4
402	336	4
403	337	4
404	338	4
405	339	4
406	340	4
407	341	4
408	342	4
409	343	4
410	344	4
411	345	4
412	346	4
413	347	4
414	348	4
415	349	4
416	350	4
417	351	4
418	352	4
419	353	4
420	354	4
421	355	4
422	356	4
423	357	4
424	358	4
425	359	4
426	360	4
427	361	4
428	362	4
429	363	4
430	364	4
431	365	4
432	366	4
433	367	4
434	368	4
435	369	4
436	370	4
437	371	4
438	372	4
439	373	4
440	374	4
441	375	4
442	376	4
443	377	4
444	378	4
445	379	4
446	380	4
447	381	4
448	382	4
449	383	4
450	384	4
451	385	4
452	386	4
453	387	4
454	388	4
455	389	4
456	390	4
457	391	4
458	392	4
459	393	4
460	394	4
461	395	4
462	396	4
463	397	4
464	398	4
465	399	4
466	400	4
467	401	4
468	402	4
469	403	4
470	404	4
471	405	4
472	406	4
473	407	4
474	408	4
475	409	4
476	410	4
477	411	4
478	412	4
479	413	4
480	414	4
481	415	4
482	416	4
483	117	4
484	118	4
485	119	4
486	120	4
487	121	4
488	122	4
489	123	4
490	124	4
491	125	4
492	126	4
493	127	4
494	128	4
495	129	4
496	130	4
497	131	4
498	132	4
499	133	4
500	134	4
501	135	4
502	136	4
503	137	4
504	138	4
505	139	4
506	140	4
507	141	4
508	142	4
509	143	4
510	144	4
511	161	4
512	162	4
513	163	4
514	164	4
515	166	4
516	167	4
517	170	4
518	171	4
519	172	4
520	185	4
521	186	4
522	187	4
523	188	4
524	189	4
525	191	4
526	192	4
527	193	4
528	194	4
529	206	4
530	417	4
531	418	4
532	419	4
533	420	4
534	421	4
535	422	4
536	423	4
537	424	4
538	425	4
539	426	4
540	427	4
541	428	4
542	429	4
543	430	4
544	431	4
545	432	4
546	433	4
547	434	4
548	435	4
549	436	4
550	437	4
551	438	4
552	439	4
553	440	4
554	441	4
555	442	4
556	443	4
557	444	4
558	445	4
559	446	4
560	447	4
561	448	4
562	449	4
563	450	4
564	451	4
565	452	4
566	453	4
567	454	4
568	455	4
569	456	4
570	457	4
571	458	4
572	459	4
573	460	4
574	461	4
575	462	4
576	463	4
577	464	4
578	465	4
579	466	4
580	467	4
581	468	4
582	469	4
583	470	4
584	471	4
585	472	4
586	473	4
587	474	4
588	475	4
589	476	4
590	477	4
591	478	4
592	479	4
593	480	4
594	481	4
595	482	4
596	483	4
597	484	4
598	485	4
599	486	4
600	487	4
601	488	4
602	489	4
603	490	4
604	491	4
605	492	4
606	493	4
607	494	4
608	495	4
609	496	4
610	497	4
611	498	4
612	499	4
613	500	4
614	501	4
615	502	4
616	503	4
617	504	4
618	505	4
619	506	4
620	507	4
621	508	4
622	210	4
623	509	4
624	510	4
625	511	4
626	512	4
627	513	4
628	514	4
629	515	4
630	516	4
631	517	4
632	518	4
633	519	4
634	520	4
635	521	4
636	522	4
637	523	4
638	524	4
639	525	4
640	526	4
641	527	4
642	528	4
643	529	4
644	530	4
645	531	4
646	532	4
647	533	4
648	534	4
649	535	4
650	536	4
651	537	4
652	538	4
653	539	4
654	540	4
655	541	4
656	542	4
657	543	4
658	544	4
659	545	4
660	546	4
661	547	4
662	548	4
663	549	4
664	550	4
665	551	4
666	552	4
667	553	4
668	554	4
669	555	4
670	556	4
671	557	4
672	558	4
673	559	4
674	560	4
675	561	4
676	562	4
677	563	4
678	564	4
679	565	4
680	566	4
681	567	4
682	568	4
683	569	4
684	570	4
685	571	4
686	572	4
687	573	4
688	574	4
689	575	4
690	576	4
691	577	4
692	578	4
693	579	4
694	580	4
695	581	4
696	582	4
697	583	4
698	584	4
699	585	4
700	586	4
701	587	4
702	588	4
703	589	4
704	590	4
705	591	4
706	592	4
707	593	4
708	594	4
709	595	4
710	596	4
711	597	4
712	598	4
713	599	4
714	600	4
715	601	4
716	602	4
717	603	4
718	604	4
719	605	4
720	606	4
721	607	4
722	608	4
723	609	4
724	610	4
725	611	4
726	612	4
727	613	4
728	614	4
729	615	4
730	616	4
731	617	4
732	618	4
733	619	4
734	620	4
735	621	4
736	622	4
737	623	4
738	624	4
739	625	4
740	626	4
741	627	4
742	628	4
743	629	4
744	630	4
745	631	4
746	632	4
747	633	4
748	634	4
749	635	4
750	636	4
751	637	4
752	638	4
753	639	4
754	640	4
755	641	4
756	642	4
757	643	4
758	644	4
759	645	4
760	646	4
761	647	4
762	648	4
763	649	4
764	650	4
765	651	4
766	652	4
767	653	4
768	654	4
769	655	4
770	656	4
771	657	4
772	658	4
773	659	4
774	660	4
775	661	4
776	662	4
777	663	4
778	664	4
779	665	4
780	666	4
781	667	4
782	226	4
783	227	4
784	228	4
785	229	4
786	230	4
787	231	4
788	668	4
789	232	4
790	233	4
791	669	4
792	670	4
793	671	4
794	672	4
795	673	4
796	674	4
797	675	4
798	676	4
799	677	4
800	678	4
801	679	4
802	680	4
803	681	4
804	682	4
805	683	4
806	684	4
807	685	4
808	686	4
809	687	4
810	688	4
811	689	4
812	690	4
813	691	4
814	692	4
815	693	4
816	694	4
817	695	4
818	696	4
819	697	4
820	698	4
821	699	4
822	700	4
823	701	4
824	702	4
825	703	4
826	704	4
827	705	4
828	706	4
829	707	4
830	708	4
831	709	4
832	710	4
833	711	4
834	712	4
835	713	4
836	714	4
837	715	4
838	716	4
839	717	4
840	718	4
841	719	4
842	720	4
843	721	4
844	722	4
845	723	4
846	724	4
847	725	4
848	726	4
849	727	4
850	728	4
851	729	4
852	730	4
853	731	4
854	732	4
855	733	4
856	734	4
857	735	4
858	736	4
859	737	4
860	738	4
861	739	4
862	740	4
863	741	4
864	742	4
865	234	4
866	743	4
867	236	4
868	744	4
869	745	4
870	1	5
871	746	5
872	2	5
873	3	5
874	747	5
875	748	5
876	749	5
877	750	5
878	751	5
879	752	5
880	753	5
881	754	5
882	755	5
883	756	5
884	757	5
885	758	5
886	759	5
887	760	5
888	761	5
889	762	5
890	763	5
891	764	5
892	765	5
893	766	5
894	767	5
895	768	5
896	769	5
897	770	5
898	771	5
899	772	5
900	773	5
901	774	5
902	775	5
903	776	5
904	777	5
905	778	5
906	779	5
907	780	5
908	781	5
909	782	5
910	783	5
911	784	5
912	785	5
913	786	5
914	787	5
915	788	5
916	789	5
917	790	5
918	791	5
919	792	5
920	793	5
921	794	5
922	795	5
923	796	5
924	797	5
925	798	5
926	799	5
927	800	5
928	801	5
929	802	5
930	803	5
931	804	5
932	805	5
933	806	5
934	807	5
935	808	5
936	809	5
937	810	5
938	811	5
939	812	5
940	813	5
941	814	5
942	815	5
943	816	5
944	817	5
945	4	5
946	5	5
947	6	5
948	7	5
949	8	5
950	9	5
951	10	5
952	818	5
953	819	5
954	820	5
955	821	5
956	822	5
957	823	5
958	824	5
959	825	5
960	826	5
961	827	5
962	828	5
963	829	5
964	830	5
965	831	5
966	832	5
967	833	5
968	834	5
969	835	5
970	836	5
971	837	5
972	838	5
973	839	5
974	840	5
975	841	5
976	842	5
977	843	5
978	844	5
979	845	5
980	846	5
981	847	5
982	848	5
983	849	5
984	850	5
985	851	5
986	852	5
987	853	5
988	854	5
989	855	5
990	856	5
991	857	5
992	858	5
993	859	5
994	860	5
995	861	5
996	862	5
997	863	5
998	11	5
999	12	5
1000	864	5
1001	14	5
1002	93	5
1003	110	5
1004	865	5
1005	866	5
1006	867	5
1007	868	5
1008	869	5
1009	870	5
1010	871	5
1011	872	5
1012	873	5
1013	874	5
1014	875	5
1015	876	5
1016	877	5
1017	878	5
1018	879	5
1019	880	5
1020	881	5
1021	882	5
1022	111	5
1023	883	5
1024	112	5
1025	113	5
1026	115	5
1027	206	5
1028	884	5
1029	207	5
1030	208	5
1031	209	5
1032	210	5
1033	885	5
1034	211	5
1035	212	5
1036	213	5
1037	214	5
1038	215	5
1039	216	5
1040	217	5
1041	218	5
1042	268	5
1043	219	5
1044	220	5
1045	221	5
1046	886	5
1047	223	5
1048	224	5
1049	225	5
1050	226	5
1051	227	5
1052	228	5
1053	229	5
1054	230	5
1055	231	5
1056	232	5
1057	233	5
1058	234	5
1059	887	5
1060	235	5
1061	236	5
1062	237	5
1063	744	5
1064	243	6
1065	888	6
1066	889	6
1067	890	6
1068	891	6
1069	892	6
1070	893	6
1071	894	6
1072	895	6
1073	896	6
1074	897	6
1075	898	6
1076	899	6
1077	900	6
1078	901	6
1079	902	6
1080	903	6
1081	904	6
1082	905	6
1083	906	6
1084	907	6
1085	908	6
1086	909	6
1087	910	6
1088	911	6
1089	912	6
1090	913	6
1091	914	6
1092	915	6
1093	245	6
1094	246	6
1095	247	6
1096	248	6
1097	250	6
1098	251	6
1099	252	6
1100	916	6
1101	917	6
1102	254	6
1103	918	6
1104	14	6
1105	919	6
1106	255	6
1107	110	6
1108	257	6
1109	258	6
1110	920	6
1111	921	6
1112	922	6
1113	923	6
1114	259	6
1115	924	6
1116	925	6
1117	260	6
1118	926	6
1119	927	6
1120	928	6
1121	929	6
1122	930	6
1123	931	6
1124	932	6
1125	933	6
1126	934	6
1127	935	6
1128	936	6
1129	937	6
1130	938	6
1131	939	6
1132	940	6
1133	941	6
1134	942	6
1135	387	6
1136	388	6
1137	389	6
1138	390	6
1139	391	6
1140	392	6
1141	393	6
1142	394	6
1143	395	6
1144	396	6
1145	397	6
1146	398	6
1147	399	6
1148	400	6
1149	401	6
1150	402	6
1151	403	6
1152	404	6
1153	405	6
1154	406	6
1155	407	6
1156	408	6
1157	409	6
1158	410	6
1159	411	6
1160	412	6
1161	413	6
1162	414	6
1163	415	6
1164	416	6
1165	943	6
1166	944	6
1167	945	6
1168	946	6
1169	947	6
1170	948	6
1171	949	6
1172	950	6
1173	951	6
1174	952	6
1175	953	6
1176	954	6
1177	955	6
1178	956	6
1179	957	6
1180	958	6
1181	959	6
1182	960	6
1183	961	6
1184	962	6
1185	963	6
1186	964	6
1187	965	6
1188	966	6
1189	967	6
1190	968	6
1191	969	6
1192	970	6
1193	971	6
1194	972	6
1195	973	6
1196	974	6
1197	975	6
1198	976	6
1199	977	6
1200	978	6
1201	979	6
1202	980	6
1203	981	6
1204	982	6
1205	983	6
1206	984	6
1207	985	6
1208	986	6
1209	987	6
1210	988	6
1211	989	6
1212	990	6
1213	991	6
1214	117	6
1215	118	6
1216	119	6
1217	120	6
1218	263	6
1219	205	6
1220	992	6
1221	993	6
1222	994	6
1223	995	6
1224	996	6
1225	997	6
1226	998	6
1227	999	6
1228	1000	6
1229	1001	6
1230	1002	6
1231	1003	6
1232	1004	6
1233	1005	6
1234	1006	6
1235	1007	6
1236	1008	6
1237	1009	6
1238	1010	6
1239	1011	6
1240	1012	6
1241	1013	6
1242	1014	6
1243	1015	6
1244	1016	6
1245	1017	6
1246	1018	6
1247	1019	6
1248	1020	6
1249	1021	6
1250	1022	6
1251	1023	6
1252	1024	6
1253	1025	6
1254	1026	6
1255	1027	6
1256	1028	6
1257	1029	6
1258	1030	6
1259	1031	6
1260	1032	6
1261	1033	6
1262	1034	6
1263	1035	6
1264	1036	6
1265	1037	6
1266	1038	6
1267	1039	6
1268	1040	6
1269	1041	6
1270	1042	6
1271	1043	6
1272	1044	6
1273	1045	6
1274	1046	6
1275	1047	6
1276	265	6
1277	266	6
1278	208	6
1279	268	6
1280	220	6
1281	226	6
1282	269	6
1283	270	6
1284	1048	6
1285	272	6
1286	1	7
1287	273	7
1288	2	7
1289	3	7
1290	1049	7
1291	1050	7
1292	1051	7
1293	1052	7
1294	1053	7
1295	1054	7
1296	1055	7
1297	1056	7
1298	1057	7
1299	1058	7
1300	747	7
1301	748	7
1302	749	7
1303	750	7
1304	751	7
1305	752	7
1306	753	7
1307	754	7
1308	755	7
1309	756	7
1310	757	7
1311	758	7
1312	759	7
1313	760	7
1314	761	7
1315	762	7
1316	763	7
1317	764	7
1318	765	7
1319	766	7
1320	767	7
1321	768	7
1322	769	7
1323	770	7
1324	771	7
1325	772	7
1326	773	7
1327	774	7
1328	775	7
1329	776	7
1330	777	7
1331	778	7
1332	779	7
1333	780	7
1334	781	7
1335	782	7
1336	783	7
1337	784	7
1338	785	7
1339	786	7
1340	787	7
1341	788	7
1342	789	7
1343	790	7
1344	791	7
1345	792	7
1346	793	7
1347	794	7
1348	795	7
1349	4	7
1350	5	7
1351	6	7
1352	287	7
1353	1059	7
1354	1060	7
1355	1061	7
1356	1062	7
1357	1063	7
1358	1064	7
1359	1065	7
1360	1066	7
1361	1067	7
1362	1068	7
1363	1069	7
1364	1070	7
1365	1071	7
1366	1072	7
1367	1073	7
1368	1074	7
1369	1075	7
1370	1076	7
1371	1077	7
1372	1078	7
1373	1079	7
1374	1080	7
1375	1081	7
1376	1082	7
1377	1083	7
1378	1084	7
1379	1085	7
1380	1086	7
1381	1087	7
1382	1088	7
1383	1089	7
1384	1090	7
1385	1091	7
1386	1092	7
1387	1093	7
1388	1094	7
1389	1095	7
1390	1096	7
1391	1097	7
1392	1098	7
1393	1099	7
1394	1100	7
1395	1101	7
1396	1102	7
1397	1103	7
1398	1104	7
1399	1105	7
1400	1106	7
1401	1107	7
1402	1108	7
1403	1109	7
1404	1110	7
1405	1111	7
1406	1112	7
1407	1113	7
1408	1114	7
1409	1115	7
1410	1116	7
1411	1117	7
1412	1118	7
1413	1119	7
1414	1120	7
1415	1121	7
1416	1122	7
1417	1123	7
1418	1124	7
1419	1125	7
1420	1126	7
1421	1127	7
1422	1128	7
1423	1129	7
1424	1130	7
1425	1131	7
1426	1132	7
1427	1133	7
1428	1134	7
1429	1135	7
1430	1136	7
1431	1137	7
1432	1138	7
1433	1139	7
1434	1140	7
1435	1141	7
1436	1142	7
1437	1143	7
1438	1144	7
1439	1145	7
1440	1146	7
1441	1147	7
1442	1148	7
1443	1149	7
1444	306	7
1445	14	7
1446	1150	7
1447	93	7
1448	307	7
1449	110	7
1450	112	7
1451	1151	7
1452	1152	7
1453	1153	7
1454	1154	7
1455	1155	7
1456	1156	7
1457	1157	7
1458	1158	7
1459	1159	7
1460	1160	7
1461	1161	7
1462	1162	7
1463	1163	7
1464	1164	7
1465	1165	7
1466	1166	7
1467	1167	7
1468	1168	7
1469	1169	7
1470	1170	7
1471	1171	7
1472	1172	7
1473	1173	7
1474	1174	7
1475	1175	7
1476	1176	7
1477	1177	7
1478	1178	7
1479	1179	7
1480	1180	7
1481	1181	7
1482	1182	7
1483	1183	7
1484	1184	7
1485	1185	7
1486	1186	7
1487	1187	7
1488	1188	7
1489	1189	7
1490	1190	7
1491	1191	7
1492	1192	7
1493	1193	7
1494	1194	7
1495	1195	7
1496	1196	7
1497	1197	7
1498	1198	7
1499	1199	7
1500	1200	7
1501	1201	7
1502	1202	7
1503	1203	7
1504	1204	7
1505	1205	7
1506	1206	7
1507	1207	7
1508	1208	7
1509	1209	7
1510	1210	7
1511	1211	7
1512	1212	7
1513	1213	7
1514	1214	7
1515	1215	7
1516	1216	7
1517	1217	7
1518	1218	7
1519	1219	7
1520	1220	7
1521	1221	7
1522	1222	7
1523	1223	7
1524	1224	7
1525	1225	7
1526	1226	7
1527	1227	7
1528	1228	7
1529	1229	7
1530	1230	7
1531	1231	7
1532	1232	7
1533	1233	7
1534	1234	7
1535	1235	7
1536	1236	7
1537	1237	7
1538	206	7
1539	417	7
1540	418	7
1541	1238	7
1542	1239	7
1543	1240	7
1544	1241	7
1545	1242	7
1546	1243	7
1547	1244	7
1548	1245	7
1549	1246	7
1550	1247	7
1551	1248	7
1552	1249	7
1553	1250	7
1554	1251	7
1555	1252	7
1556	1253	7
1557	1254	7
1558	1255	7
1559	1256	7
1560	1257	7
1561	1258	7
1562	1259	7
1563	1260	7
1564	1261	7
1565	1262	7
1566	1263	7
1567	1264	7
1568	1265	7
1569	1266	7
1570	1267	7
1571	1268	7
1572	1269	7
1573	1270	7
1574	1271	7
1575	1272	7
1576	1273	7
1577	1274	7
1578	1275	7
1579	1276	7
1580	1277	7
1581	1278	7
1582	1279	7
1583	1280	7
1584	1281	7
1585	1282	7
1586	1283	7
1587	1284	7
1588	1285	7
1589	1286	7
1590	1287	7
1591	510	7
1592	511	7
1593	512	7
1594	513	7
1595	514	7
1596	515	7
1597	516	7
1598	517	7
1599	518	7
1600	519	7
1601	520	7
1602	521	7
1603	522	7
1604	523	7
1605	524	7
1606	525	7
1607	526	7
1608	527	7
1609	528	7
1610	529	7
1611	530	7
1612	531	7
1613	532	7
1614	533	7
1615	534	7
1616	535	7
1617	536	7
1618	537	7
1619	538	7
1620	539	7
1621	540	7
1622	541	7
1623	542	7
1624	543	7
1625	544	7
1626	545	7
1627	546	7
1628	547	7
1629	548	7
1630	549	7
1631	550	7
1632	551	7
1633	217	7
1634	218	7
1635	1288	7
1636	219	7
1637	220	7
1638	221	7
1639	222	7
1640	1289	7
1641	223	7
1642	224	7
1643	225	7
1644	667	7
1645	226	7
1646	227	7
1647	228	7
1648	229	7
1649	1290	7
1650	1291	7
1651	1292	7
1652	1293	7
1653	1294	7
1654	230	7
1655	231	7
1656	668	7
1657	232	7
1658	233	7
1659	669	7
1660	234	7
1661	743	7
1662	236	7
1663	744	7
1664	745	7
1665	1	8
1666	1295	8
1667	2	8
1668	3	8
1669	4	8
1670	1296	8
1671	5	8
1672	6	8
1673	7	8
1674	8	8
1675	1297	8
1676	9	8
1677	10	8
1678	11	8
1679	12	8
1680	14	8
1681	93	8
1682	110	8
1683	111	8
1684	112	8
1685	113	8
1686	115	8
1687	936	8
1688	388	8
1689	389	8
1690	390	8
1691	391	8
1692	392	8
1693	393	8
1694	394	8
1695	395	8
1696	396	8
1697	397	8
1698	398	8
1699	399	8
1700	400	8
1701	401	8
1702	402	8
1703	403	8
1704	404	8
1705	405	8
1706	406	8
1707	407	8
1708	408	8
1709	409	8
1710	410	8
1711	411	8
1712	412	8
1713	413	8
1714	414	8
1715	415	8
1716	416	8
1717	943	8
1718	944	8
1719	945	8
1720	946	8
1721	947	8
1722	948	8
1723	949	8
1724	950	8
1725	951	8
1726	952	8
1727	953	8
1728	954	8
1729	955	8
1730	956	8
1731	957	8
1732	958	8
1733	959	8
1734	960	8
1735	961	8
1736	962	8
1737	963	8
1738	964	8
1739	965	8
1740	966	8
1741	967	8
1742	968	8
1743	969	8
1744	970	8
1745	971	8
1746	972	8
1747	973	8
1748	974	8
1749	975	8
1750	976	8
1751	977	8
1752	978	8
1753	979	8
1754	980	8
1755	981	8
1756	982	8
1757	983	8
1758	984	8
1759	985	8
1760	986	8
1761	206	8
1762	207	8
1763	208	8
1764	209	8
1765	210	8
1766	211	8
1767	212	8
1768	213	8
1769	214	8
1770	215	8
1771	216	8
1772	572	8
1773	582	8
1774	268	8
1775	219	8
1776	220	8
1777	221	8
1778	886	8
1779	223	8
1780	224	8
1781	225	8
1782	226	8
1783	227	8
1784	228	8
1785	229	8
1786	230	8
1787	231	8
1788	232	8
1789	233	8
1790	1298	8
1791	234	8
1792	235	8
1793	236	8
1794	237	8
1795	744	8
1796	1	9
1797	273	9
1798	2	9
1799	3	9
1800	4	9
1801	5	9
1802	6	9
1803	287	9
1804	1299	9
1805	1300	9
1806	306	9
1807	14	9
1808	93	9
1809	307	9
1810	110	9
1811	112	9
1812	206	9
1813	417	9
1814	418	9
1815	210	9
1816	518	9
1817	526	9
1818	527	9
1819	528	9
1820	529	9
1821	530	9
1822	531	9
1823	532	9
1824	533	9
1825	535	9
1826	536	9
1827	537	9
1828	538	9
1829	539	9
1830	540	9
1831	545	9
1832	546	9
1833	547	9
1834	548	9
1835	549	9
1836	551	9
1837	552	9
1838	218	9
1839	1288	9
1840	219	9
1841	220	9
1842	221	9
1843	222	9
1844	1289	9
1845	223	9
1846	224	9
1847	225	9
1848	667	9
1849	226	9
1850	1301	9
1851	227	9
1852	228	9
1853	229	9
1854	1302	9
1855	230	9
1856	231	9
1857	668	9
1858	232	9
1859	233	9
1860	669	9
1861	234	9
1862	743	9
1863	236	9
1864	744	9
1865	745	9
1866	1	10
1867	1303	10
1868	3	10
1869	4	10
1870	5	10
1871	6	10
1872	1304	10
1873	1305	10
1874	1306	10
1875	1307	10
1876	1308	10
1877	1309	10
1878	1310	10
1879	1311	10
1880	1312	10
1881	1313	10
1882	1314	10
1883	1315	10
1884	1316	10
1885	1317	10
1886	1318	10
1887	1319	10
1888	1320	10
1889	9	10
1890	10	10
1891	1321	10
1892	1322	10
1893	1323	10
1894	1324	10
1895	1082	10
1896	1091	10
1897	1093	10
1898	1094	10
1899	1325	10
1900	11	10
1901	1326	10
1902	13	10
1903	14	10
1904	93	10
1905	1327	10
1906	1328	10
1907	1329	10
1908	110	10
1909	1330	10
1910	1331	10
1911	1332	10
1912	1333	10
1913	1334	10
1914	1335	10
1915	880	10
1916	1336	10
1917	1337	10
1918	1338	10
1919	1339	10
1920	1340	10
1921	1341	10
1922	1342	10
1923	1343	10
1924	1344	10
1925	1345	10
1926	1346	10
1927	1347	10
1928	1348	10
1929	1349	10
1930	1350	10
1931	1351	10
1932	1352	10
1933	1353	10
1934	1354	10
1935	1355	10
1936	1356	10
1937	1357	10
1938	1358	10
1939	1359	10
1940	1212	10
1941	1360	10
1942	116	10
1943	415	10
1944	1004	10
1945	206	10
1946	1361	10
1947	1362	10
1948	1363	10
1949	1364	10
1950	1365	10
1951	1366	10
1952	1367	10
1953	1368	10
1954	1369	10
1955	1370	10
1956	1371	10
1957	1372	10
1958	1373	10
1959	1374	10
1960	1375	10
1961	1376	10
1962	1377	10
1963	1378	10
1964	1379	10
1965	1380	10
1966	1381	10
1967	1382	10
1968	1383	10
1969	1384	10
1970	1385	10
1971	1386	10
1972	1387	10
1973	1388	10
1974	1389	10
1975	1390	10
1976	419	10
1977	420	10
1978	478	10
1979	1272	10
1980	211	10
1981	212	10
1982	213	10
1983	214	10
1984	215	10
1985	563	10
1986	217	10
1987	218	10
1988	1391	10
1989	219	10
1990	220	10
1991	221	10
1992	1392	10
1993	638	10
1994	223	10
1995	224	10
1996	225	10
1997	226	10
1998	227	10
1999	1393	10
2000	1394	10
2001	230	10
2002	231	10
2003	1395	10
2004	233	10
2005	1396	10
2006	1397	10
2007	1398	10
2008	234	10
2009	1399	10
2010	235	10
2011	1400	10
2012	1401	10
2013	236	10
2014	1402	10
2015	1	11
2016	273	11
2017	2	11
2018	3	11
2019	4	11
2020	907	11
2021	908	11
2022	1403	11
2023	1404	11
2024	1405	11
2025	1406	11
2026	1407	11
2027	1408	11
2028	1409	11
2029	1410	11
2030	1411	11
2031	1412	11
2032	1413	11
2033	1414	11
2034	1415	11
2035	1416	11
2036	1417	11
2037	1418	11
2038	1419	11
2039	1420	11
2040	1421	11
2041	1422	11
2042	1423	11
2043	1424	11
2044	1425	11
2045	1426	11
2046	1427	11
2047	1428	11
2048	5	11
2049	6	11
2050	287	11
2051	1429	11
2052	1430	11
2053	306	11
2054	14	11
2055	93	11
2056	1431	11
2057	1432	11
2058	307	11
2059	110	11
2060	112	11
2061	1433	11
2062	1434	11
2063	1435	11
2064	1436	11
2065	1437	11
2066	1438	11
2067	1439	11
2068	1018	11
2069	206	11
2070	1040	11
2071	1440	11
2072	1441	11
2073	1442	11
2074	1443	11
2075	1444	11
2076	1445	11
2077	1446	11
2078	1447	11
2079	1448	11
2080	1449	11
2081	1450	11
2082	1451	11
2083	1452	11
2084	1453	11
2085	1454	11
2086	1455	11
2087	1456	11
2088	1457	11
2089	1458	11
2090	1459	11
2091	1460	11
2092	1461	11
2093	1462	11
2094	1463	11
2095	1464	11
2096	417	11
2097	418	11
2098	1382	11
2099	476	11
2100	477	11
2101	1238	11
2102	210	11
2103	1279	11
2104	1465	11
2105	212	11
2106	213	11
2107	217	11
2108	218	11
2109	1288	11
2110	219	11
2111	220	11
2112	221	11
2113	222	11
2114	1289	11
2115	223	11
2116	224	11
2117	225	11
2118	667	11
2119	226	11
2120	1466	11
2121	228	11
2122	229	11
2123	230	11
2124	231	11
2125	668	11
2126	232	11
2127	233	11
2128	669	11
2129	1467	11
2130	744	11
2131	1468	11
2132	1	12
2133	1295	12
2134	2	12
2135	3	12
2136	4	12
2137	5	12
2138	6	12
2139	7	12
2140	8	12
2141	9	12
2142	10	12
2143	11	12
2144	12	12
2145	14	12
2146	93	12
2147	1469	12
2148	110	12
2149	882	12
2150	111	12
2151	112	12
2152	113	12
2153	115	12
2154	206	12
2155	884	12
2156	207	12
2157	208	12
2158	209	12
2159	210	12
2160	211	12
2161	212	12
2162	213	12
2163	214	12
2164	215	12
2165	216	12
2166	572	12
2167	218	12
2168	268	12
2169	219	12
2170	220	12
2171	221	12
2172	886	12
2173	223	12
2174	224	12
2175	225	12
2176	226	12
2177	227	12
2178	228	12
2179	229	12
2180	1470	12
2181	231	12
2182	232	12
2183	233	12
2184	234	12
2185	235	12
2186	236	12
2187	237	12
2188	744	12
\.


--
-- Data for Name: amino_acid_mutation_parent; Type: TABLE DATA; Schema: public; Owner: -
--

COPY public.amino_acid_mutation_parent (id, aminoacidmutation_id, nucleotidemutation_id) FROM stdin;
1	1	327
2	2	328
3	3	329
4	4	609
5	5	611
6	5	612
7	6	613
8	7	614
9	8	3
10	9	4
11	10	6
12	11	8
13	12	10
14	13	11
15	14	12
16	15	13
17	16	14
18	16	15
19	16	16
20	17	17
21	17	18
22	17	19
23	18	20
24	18	21
25	18	22
26	19	23
27	19	24
28	19	25
29	20	26
30	20	27
31	20	28
32	21	29
33	21	30
34	21	31
35	22	32
36	22	33
37	22	34
38	23	35
39	23	36
40	23	37
41	24	38
42	24	39
43	24	40
44	25	41
45	25	42
46	25	43
47	26	44
48	26	45
49	26	46
50	27	47
51	27	48
52	27	49
53	28	50
54	28	51
55	28	52
56	29	53
57	29	54
58	29	55
59	30	56
60	30	57
61	30	58
62	31	59
63	31	60
64	31	61
65	32	62
66	32	63
67	32	64
68	33	65
69	33	66
70	33	67
71	34	68
72	34	69
73	34	70
74	35	71
75	35	72
76	35	73
77	36	74
78	36	75
79	36	76
80	37	77
81	37	78
82	37	79
83	38	80
84	38	81
85	38	82
86	39	83
87	39	84
88	39	85
89	40	86
90	40	87
91	40	88
92	41	89
93	41	90
94	41	91
95	42	92
96	42	93
97	42	94
98	43	95
99	43	96
100	43	97
101	44	98
102	44	99
103	44	100
104	45	101
105	45	102
106	45	103
107	46	104
108	46	105
109	46	106
110	47	107
111	47	108
112	47	109
113	48	110
114	48	111
115	48	112
116	49	113
117	49	114
118	49	115
119	50	116
120	50	117
121	50	118
122	51	119
123	51	120
124	51	121
125	52	122
126	52	123
127	52	124
128	53	125
129	53	126
130	53	127
131	54	128
132	54	129
133	54	130
134	55	131
135	55	132
136	55	133
137	56	134
138	56	135
139	56	136
140	57	137
141	57	138
142	57	139
143	58	140
144	58	141
145	58	142
146	59	143
147	59	144
148	59	145
149	60	146
150	60	147
151	60	148
152	61	149
153	61	150
154	61	151
155	62	152
156	62	153
157	62	154
158	63	155
159	63	156
160	63	157
161	64	158
162	64	159
163	64	160
164	65	161
165	65	162
166	65	163
167	66	164
168	66	165
169	66	166
170	67	167
171	67	168
172	67	169
173	68	170
174	68	171
175	68	172
176	69	173
177	69	174
178	69	175
179	70	176
180	70	177
181	70	178
182	71	179
183	71	180
184	71	181
185	72	182
186	72	183
187	72	184
188	73	185
189	73	186
190	73	187
191	74	188
192	74	189
193	74	190
194	75	191
195	75	192
196	75	193
197	76	194
198	76	195
199	76	196
200	77	197
201	77	198
202	77	199
203	78	200
204	78	201
205	78	202
206	79	203
207	79	204
208	79	205
209	80	206
210	80	207
211	80	208
212	81	209
213	81	210
214	81	211
215	82	212
216	82	213
217	82	214
218	83	215
219	83	216
220	83	217
221	84	218
222	84	219
223	84	220
224	85	221
225	85	222
226	85	223
227	86	224
228	86	225
229	86	226
230	87	227
231	87	228
232	87	229
233	88	230
234	88	231
235	88	232
236	89	233
237	89	234
238	89	235
239	90	236
240	90	237
241	90	238
242	91	239
243	91	240
244	91	241
245	92	242
246	92	243
247	93	245
248	94	248
249	95	249
250	95	250
251	95	251
252	96	252
253	97	253
254	97	254
255	97	255
256	98	256
257	98	257
258	98	258
259	99	259
260	99	260
261	99	261
262	100	262
263	100	263
264	100	264
265	101	265
266	101	266
267	101	267
268	102	268
269	102	269
270	103	270
271	103	271
272	104	272
273	104	273
274	104	274
275	105	275
276	105	276
277	105	277
278	106	278
279	106	279
280	106	280
281	107	281
282	107	282
283	108	283
284	108	284
285	109	287
286	110	288
287	111	290
288	112	291
289	113	292
290	114	325
291	115	326
292	116	332
293	116	333
294	116	334
295	117	337
296	117	338
297	118	339
298	118	340
299	118	341
300	119	342
301	119	343
302	119	344
303	120	345
304	120	346
305	120	347
306	121	348
307	121	349
308	121	350
309	122	351
310	122	352
311	122	353
312	123	354
313	123	355
314	123	356
315	124	357
316	124	358
317	124	359
318	125	360
319	125	361
320	125	362
321	126	363
322	126	364
323	126	365
324	127	366
325	127	367
326	127	368
327	128	369
328	128	370
329	128	371
330	129	372
331	129	373
332	129	374
333	130	375
334	130	376
335	130	377
336	131	378
337	131	379
338	131	380
339	132	381
340	132	382
341	132	383
342	133	384
343	133	385
344	133	386
345	134	387
346	134	388
347	134	389
348	135	390
349	135	391
350	135	392
351	136	393
352	136	394
353	136	395
354	137	396
355	137	397
356	137	398
357	138	405
358	138	406
359	138	407
360	139	408
361	139	409
362	139	410
363	140	411
364	140	412
365	140	413
366	141	414
367	141	415
368	141	416
369	142	417
370	142	418
371	142	419
372	143	420
373	143	421
374	143	422
375	144	423
376	144	424
377	144	425
378	145	426
379	145	427
380	145	428
381	146	429
382	146	430
383	146	431
384	147	432
385	147	433
386	147	434
387	148	435
388	148	436
389	148	437
390	149	438
391	149	439
392	149	440
393	150	441
394	150	442
395	150	443
396	151	444
397	151	445
398	151	446
399	152	447
400	152	448
401	152	449
402	153	450
403	153	451
404	153	452
405	154	453
406	154	454
407	154	455
408	155	456
409	155	457
410	155	458
411	156	459
412	156	460
413	156	461
414	157	462
415	157	463
416	157	464
417	158	465
418	158	466
419	158	467
420	159	468
421	159	469
422	159	470
423	160	471
424	160	472
425	160	473
426	161	474
427	161	475
428	161	476
429	162	477
430	162	478
431	162	479
432	163	480
433	163	481
434	163	482
435	164	483
436	164	484
437	164	485
438	165	486
439	165	487
440	165	488
441	166	489
442	166	490
443	166	491
444	167	492
445	167	493
446	167	494
447	168	495
448	168	496
449	168	497
450	169	498
451	169	499
452	169	500
453	170	501
454	170	502
455	170	503
456	171	504
457	171	505
458	171	506
459	172	507
460	172	508
461	172	509
462	173	510
463	173	511
464	173	512
465	174	513
466	174	514
467	174	515
468	175	516
469	175	517
470	175	518
471	176	519
472	176	520
473	176	521
474	177	522
475	177	523
476	177	524
477	178	525
478	178	526
479	178	527
480	179	528
481	179	529
482	179	530
483	180	531
484	180	532
485	180	533
486	181	534
487	181	535
488	181	536
489	182	537
490	182	538
491	182	539
492	183	540
493	183	541
494	183	542
495	184	543
496	184	544
497	184	545
498	185	546
499	185	547
500	185	548
501	186	549
502	186	550
503	186	551
504	187	552
505	187	553
506	187	554
507	188	555
508	188	556
509	188	557
510	189	558
511	189	559
512	189	560
513	190	561
514	190	562
515	190	563
516	191	564
517	191	565
518	191	566
519	192	567
520	192	568
521	192	569
522	193	570
523	193	571
524	193	572
525	194	573
526	194	574
527	194	575
528	195	576
529	195	577
530	195	578
531	196	579
532	196	580
533	196	581
534	197	582
535	197	583
536	197	584
537	198	585
538	198	586
539	198	587
540	199	588
541	199	589
542	199	590
543	200	591
544	200	592
545	200	593
546	201	594
547	201	595
548	201	596
549	202	597
550	202	598
551	202	599
552	203	600
553	203	601
554	203	602
555	204	603
556	204	604
557	204	605
558	205	606
559	205	607
560	206	609
561	207	294
562	208	296
563	209	297
564	210	298
565	211	299
566	212	300
567	213	301
568	214	302
569	215	303
570	216	304
571	217	306
572	218	307
573	219	308
574	220	309
575	221	310
576	222	311
577	223	312
578	224	313
579	225	314
580	226	315
581	227	316
582	228	317
583	229	318
584	230	319
585	231	320
586	232	321
587	233	322
588	234	610
589	235	246
590	236	610
591	237	295
599	238	623
601	239	618
611	240	620
615	241	622
622	242	621
652	243	656
653	244	662
654	245	663
655	246	664
656	247	665
657	248	667
658	249	625
659	250	628
660	251	630
661	252	631
662	253	632
663	254	634
665	255	636
666	256	638
668	257	641
669	258	642
670	259	645
671	260	655
672	261	657
673	262	658
674	263	659
675	264	662
676	265	663
677	266	647
678	267	650
679	267	651
680	268	652
683	269	653
684	270	654
685	271	660
686	272	649
688	273	1944
695	274	673
696	275	674
697	275	675
698	275	676
699	276	677
700	276	678
701	276	679
702	277	680
703	277	681
704	277	682
705	278	683
706	278	684
707	278	685
708	279	686
709	279	687
710	279	688
711	280	689
712	280	690
713	280	691
714	281	692
715	281	693
716	281	694
717	282	695
718	282	696
719	282	697
720	283	698
721	283	699
722	283	700
723	284	701
724	284	702
725	284	703
726	285	704
727	285	705
728	285	706
729	286	707
730	287	710
731	288	713
732	289	714
733	289	715
734	289	716
735	290	717
736	290	718
737	290	719
738	291	720
739	291	721
740	291	722
741	292	723
742	292	724
743	292	725
744	293	726
745	293	727
746	293	728
747	294	729
748	294	730
749	294	731
750	295	732
751	295	733
752	295	734
753	296	735
754	297	736
755	298	737
756	298	738
757	299	740
758	299	741
759	300	742
760	300	743
761	301	744
762	301	745
763	301	746
764	302	748
765	303	749
766	304	750
767	304	751
768	304	752
769	305	753
770	306	754
773	307	756
775	308	759
777	309	760
778	310	761
779	310	762
780	310	763
781	311	764
782	311	765
783	311	766
784	312	767
785	312	768
786	312	769
787	313	770
788	313	771
789	313	772
790	314	773
791	314	774
792	314	775
793	315	776
794	315	777
795	315	778
796	316	779
797	316	780
798	316	781
799	317	782
800	317	783
801	317	784
802	318	785
803	318	786
804	318	787
805	319	788
806	319	789
807	319	790
808	320	791
809	320	792
810	320	793
811	321	794
812	321	795
813	321	796
814	322	797
815	322	798
816	322	799
817	323	800
818	323	801
819	323	802
820	324	803
821	324	804
822	324	805
823	325	806
824	325	807
825	325	808
826	326	809
827	326	810
828	326	811
829	327	812
830	327	813
831	327	814
832	328	815
833	328	816
834	328	817
835	329	818
836	329	819
837	329	820
838	330	821
839	330	822
840	330	823
841	331	824
842	331	825
843	331	826
844	332	827
845	332	828
846	332	829
847	333	830
848	333	831
849	333	832
850	334	833
851	335	834
852	335	835
853	335	836
854	336	837
855	336	838
856	336	839
857	337	840
858	337	841
859	337	842
860	338	843
861	338	844
862	338	845
863	339	846
864	339	847
865	339	848
866	340	849
867	340	850
868	340	851
869	341	852
870	341	853
871	341	854
872	342	855
873	342	856
874	342	857
875	343	858
876	343	859
877	343	860
878	344	861
879	344	862
880	344	863
881	345	864
882	345	865
883	345	866
884	346	867
885	346	868
886	346	869
887	347	870
888	347	871
889	347	872
890	348	873
891	348	874
892	348	875
893	349	876
894	349	877
895	349	878
896	350	879
897	350	880
898	350	881
899	351	882
900	351	883
901	351	884
902	352	885
903	352	886
904	352	887
905	353	888
906	353	889
907	353	890
908	354	891
909	354	892
910	354	893
911	355	894
912	355	895
913	355	896
914	356	897
915	356	898
916	356	899
917	357	900
918	357	901
919	357	902
920	358	903
921	358	904
922	358	905
923	359	906
924	359	907
925	359	908
926	360	909
927	360	910
928	360	911
929	361	912
930	361	913
931	361	914
932	362	915
933	362	916
934	362	917
935	363	918
936	363	919
937	363	920
938	364	921
939	364	922
940	364	923
941	365	924
942	365	925
943	365	926
944	366	927
945	366	928
946	366	929
947	367	930
948	367	931
949	367	932
950	368	933
951	368	934
952	368	935
953	369	936
954	369	937
955	369	938
956	370	939
957	370	940
958	370	941
959	371	942
960	371	943
961	371	944
962	372	945
963	372	946
964	372	947
965	373	948
966	373	949
967	373	950
968	374	951
969	374	952
970	374	953
971	375	954
972	375	955
973	375	956
974	376	957
975	376	958
976	376	959
977	377	960
978	377	961
979	377	962
980	378	963
981	378	964
982	378	965
983	379	966
984	379	967
985	379	968
986	380	969
987	380	970
988	380	971
989	381	972
990	381	973
991	381	974
992	382	975
993	382	976
994	382	977
995	383	978
996	383	979
997	383	980
998	384	981
999	384	982
1000	384	983
1001	385	984
1002	385	985
1003	385	986
1004	386	987
1005	387	1945
1006	387	1946
1007	387	1947
1008	388	1948
1009	388	1949
1010	388	1950
1011	389	1951
1012	389	1952
1013	389	1953
1014	390	1954
1015	390	1955
1016	390	1956
1017	391	1957
1018	391	1958
1019	391	1959
1020	392	1960
1021	392	1961
1022	392	1962
1023	393	1963
1024	393	1964
1025	393	1965
1026	394	1966
1027	394	1967
1028	394	1968
1029	395	1969
1030	395	1970
1031	395	1971
1032	396	1972
1033	396	1973
1034	396	1974
1035	397	1975
1036	397	1976
1037	397	1977
1038	398	1978
1039	398	1979
1040	398	1980
1041	399	1981
1042	399	1982
1043	399	1983
1044	400	1984
1045	400	1985
1046	400	1986
1047	401	1987
1048	401	1988
1049	401	1989
1050	402	1990
1051	402	1991
1052	402	1992
1053	403	1993
1054	403	1994
1055	403	1995
1056	404	1996
1057	404	1997
1058	404	1998
1059	405	1999
1060	405	2000
1061	405	2001
1062	406	2002
1063	406	2003
1064	406	2004
1065	407	2005
1066	407	2006
1067	407	2007
1068	408	2008
1069	408	2009
1070	408	2010
1071	409	2011
1072	409	2012
1073	409	2013
1074	410	2014
1075	410	2015
1076	410	2016
1077	411	2017
1078	411	2018
1079	411	2019
1080	412	2020
1081	412	2021
1082	412	2022
1083	413	2023
1084	413	2024
1085	413	2025
1086	414	2026
1087	414	2027
1088	414	2028
1089	415	2029
1090	416	2030
1091	416	2031
1092	416	2032
1221	417	988
1222	418	990
1223	419	992
1224	420	993
1225	420	994
1226	420	995
1227	421	996
1228	421	997
1229	421	998
1230	422	999
1231	422	1000
1232	422	1001
1233	423	1002
1234	423	1003
1235	423	1004
1236	424	1005
1237	424	1006
1238	424	1007
1239	425	1008
1240	425	1009
1241	425	1010
1242	426	1011
1243	426	1012
1244	426	1013
1245	427	1014
1246	427	1015
1247	427	1016
1248	428	1017
1249	428	1018
1250	428	1019
1251	429	1020
1252	429	1021
1253	429	1022
1254	430	1023
1255	430	1024
1256	430	1025
1257	431	1026
1258	431	1027
1259	431	1028
1260	432	1029
1261	432	1030
1262	432	1031
1263	433	1032
1264	433	1033
1265	433	1034
1266	434	1035
1267	434	1036
1268	434	1037
1269	435	1038
1270	435	1039
1271	435	1040
1272	436	1041
1273	436	1042
1274	436	1043
1275	437	1044
1276	437	1045
1277	437	1046
1278	438	1047
1279	438	1048
1280	438	1049
1281	439	1050
1282	439	1051
1283	439	1052
1284	440	1053
1285	440	1054
1286	440	1055
1287	441	1056
1288	441	1057
1289	441	1058
1290	442	1059
1291	442	1060
1292	442	1061
1293	443	1062
1294	443	1063
1295	443	1064
1296	444	1065
1297	444	1066
1298	444	1067
1299	445	1068
1300	445	1069
1301	445	1070
1302	446	1071
1303	446	1072
1304	446	1073
1305	447	1074
1306	447	1075
1307	447	1076
1308	448	1077
1309	448	1078
1310	448	1079
1311	449	1080
1312	449	1081
1313	449	1082
1314	450	1083
1315	450	1084
1316	450	1085
1317	451	1086
1318	451	1087
1319	451	1088
1320	452	1089
1321	452	1090
1322	452	1091
1323	453	1092
1324	453	1093
1325	453	1094
1326	454	1095
1327	454	1096
1328	454	1097
1329	455	1098
1330	455	1099
1331	455	1100
1332	456	1101
1333	456	1102
1334	456	1103
1335	457	1104
1336	457	1105
1337	457	1106
1338	458	1107
1339	458	1108
1340	458	1109
1341	459	1110
1342	459	1111
1343	459	1112
1344	460	1113
1345	460	1114
1346	460	1115
1347	461	1116
1348	461	1117
1349	461	1118
1350	462	1119
1351	462	1120
1352	462	1121
1353	463	1122
1354	463	1123
1355	463	1124
1356	464	1125
1357	464	1126
1358	464	1127
1359	465	1128
1360	465	1129
1361	465	1130
1362	466	1131
1363	466	1132
1364	466	1133
1365	467	1134
1366	467	1135
1367	467	1136
1368	468	1137
1369	468	1138
1370	468	1139
1371	469	1140
1372	469	1141
1373	469	1142
1374	470	1143
1375	470	1144
1376	470	1145
1377	471	1146
1378	471	1147
1379	471	1148
1380	472	1149
1381	472	1150
1382	472	1151
1383	473	1152
1384	473	1153
1385	473	1154
1386	474	1155
1387	474	1156
1388	474	1157
1389	475	1158
1390	475	1159
1391	475	1160
1392	476	1161
1393	476	1162
1394	476	1163
1395	477	1164
1396	477	1165
1397	477	1166
1398	478	1167
1399	478	1168
1400	478	1169
1401	479	1170
1402	479	1171
1403	479	1172
1404	480	1173
1405	480	1174
1406	480	1175
1407	481	1176
1408	481	1177
1409	481	1178
1410	482	1179
1411	482	1180
1412	482	1181
1413	483	1182
1414	483	1183
1415	483	1184
1416	484	1185
1417	484	1186
1418	484	1187
1419	485	1188
1420	485	1189
1421	485	1190
1422	486	1191
1423	486	1192
1424	486	1193
1425	487	1194
1426	487	1195
1427	487	1196
1428	488	1197
1429	488	1198
1430	488	1199
1431	489	1200
1432	489	1201
1433	489	1202
1434	490	1203
1435	490	1204
1436	490	1205
1437	491	1206
1438	491	1207
1439	491	1208
1440	492	1209
1441	492	1210
1442	492	1211
1443	493	1212
1444	493	1213
1445	493	1214
1446	494	1215
1447	494	1216
1448	494	1217
1449	495	1218
1450	495	1219
1451	495	1220
1452	496	1221
1453	496	1222
1454	496	1223
1455	497	1224
1456	497	1225
1457	497	1226
1458	498	1227
1459	498	1228
1460	498	1229
1461	499	1230
1462	499	1231
1463	499	1232
1464	500	1233
1465	500	1234
1466	500	1235
1467	501	1236
1468	501	1237
1469	501	1238
1470	502	1239
1471	502	1240
1472	502	1241
1473	503	1242
1474	503	1243
1475	503	1244
1476	504	1245
1477	504	1246
1478	504	1247
1479	505	1248
1480	505	1249
1481	505	1250
1482	506	1251
1483	506	1252
1484	506	1253
1485	507	1254
1486	507	1255
1487	507	1256
1488	508	1257
1489	508	1258
1491	509	1259
1492	510	1260
1493	511	1261
1494	511	1262
1495	511	1263
1496	512	1264
1497	512	1265
1498	512	1266
1499	513	1267
1500	513	1268
1501	513	1269
1502	514	1270
1503	514	1271
1504	514	1272
1505	515	1273
1506	515	1274
1507	515	1275
1508	516	1276
1509	516	1277
1510	516	1278
1511	517	1279
1512	517	1280
1513	517	1281
1514	518	1282
1515	518	1283
1516	518	1284
1517	519	1285
1518	519	1286
1519	519	1287
1520	520	1288
1521	520	1289
1522	520	1290
1523	521	1291
1524	521	1292
1525	521	1293
1526	522	1294
1527	522	1295
1528	522	1296
1529	523	1297
1530	523	1298
1531	523	1299
1532	524	1300
1533	524	1301
1534	524	1302
1535	525	1303
1536	525	1304
1537	525	1305
1538	526	1306
1539	526	1307
1540	526	1308
1541	527	1309
1542	527	1310
1543	527	1311
1544	528	1312
1545	528	1313
1546	528	1314
1547	529	1315
1548	529	1316
1549	529	1317
1550	530	1318
1551	530	1319
1552	530	1320
1553	531	1321
1554	531	1322
1555	531	1323
1556	532	1324
1557	532	1325
1558	532	1326
1559	533	1327
1560	533	1328
1561	533	1329
1562	534	1330
1563	534	1331
1564	534	1332
1565	535	1333
1566	535	1334
1567	535	1335
1568	536	1336
1569	536	1337
1570	536	1338
1571	537	1339
1572	537	1340
1573	537	1341
1574	538	1342
1575	538	1343
1576	538	1344
1577	539	1345
1578	539	1346
1579	539	1347
1580	540	1348
1581	540	1349
1582	540	1350
1583	541	1351
1584	541	1352
1585	541	1353
1586	542	1354
1587	542	1355
1588	542	1356
1589	543	1357
1590	543	1358
1591	543	1359
1592	544	1360
1593	544	1361
1594	544	1362
1595	545	1363
1596	545	1364
1597	545	1365
1598	546	1366
1599	546	1367
1600	546	1368
1601	547	1369
1602	547	1370
1603	547	1371
1604	548	1372
1605	548	1373
1606	548	1374
1607	549	1375
1608	549	1376
1609	549	1377
1610	550	1378
1611	550	1379
1612	550	1380
1613	551	1381
1614	551	1382
1615	551	1383
1616	552	1384
1617	552	1385
1618	552	1386
1619	553	1387
1620	553	1388
1621	553	1389
1622	554	1390
1623	554	1391
1624	554	1392
1625	555	1393
1626	555	1394
1627	555	1395
1628	556	1396
1629	556	1397
1630	556	1398
1631	557	1399
1632	557	1400
1633	557	1401
1634	558	1402
1635	558	1403
1636	558	1404
1637	559	1405
1638	559	1406
1639	559	1407
1640	560	1408
1641	560	1409
1642	560	1410
1643	561	1411
1644	561	1412
1645	561	1413
1646	562	1414
1647	562	1415
1648	562	1416
1649	563	1417
1650	563	1418
1651	563	1419
1652	564	1420
1653	564	1421
1654	564	1422
1655	565	1423
1656	565	1424
1657	565	1425
1658	566	1426
1659	566	1427
1660	566	1428
1661	567	1429
1662	567	1430
1663	567	1431
1664	568	1432
1665	568	1433
1666	568	1434
1667	569	1435
1668	569	1436
1669	569	1437
1670	570	1438
1671	570	1439
1672	570	1440
1673	571	1441
1674	571	1442
1675	571	1443
1676	572	1444
1677	572	1445
1678	572	1446
1679	573	1447
1680	573	1448
1681	573	1449
1682	574	1450
1683	574	1451
1684	574	1452
1685	575	1453
1686	575	1454
1687	576	1455
1688	577	1456
1689	577	1457
1690	577	1458
1691	578	1459
1692	578	1460
1693	578	1461
1694	579	1462
1695	579	1463
1696	579	1464
1697	580	1465
1698	580	1466
1699	580	1467
1700	581	1468
1701	581	1469
1702	581	1470
1703	582	1471
1704	582	1472
1705	582	1473
1706	583	1474
1707	583	1475
1708	583	1476
1709	584	1477
1710	584	1478
1711	584	1479
1712	585	1480
1713	585	1481
1714	585	1482
1715	586	1483
1716	586	1484
1717	586	1485
1718	587	1486
1719	587	1487
1720	587	1488
1721	588	1489
1722	588	1490
1723	588	1491
1724	589	1492
1725	589	1493
1726	589	1494
1727	590	1495
1728	590	1496
1729	590	1497
1730	591	1498
1731	591	1499
1732	591	1500
1733	592	1501
1734	592	1502
1735	592	1503
1736	593	1504
1737	593	1505
1738	593	1506
1739	594	1507
1740	594	1508
1741	594	1509
1742	595	1510
1743	595	1511
1744	595	1512
1745	596	1513
1746	596	1514
1747	596	1515
1748	597	1516
1749	597	1517
1750	597	1518
1751	598	1519
1752	598	1520
1753	598	1521
1754	599	1522
1755	599	1523
1756	599	1524
1757	600	1525
1758	600	1526
1759	600	1527
1760	601	1528
1761	601	1529
1762	601	1530
1763	602	1531
1764	602	1532
1765	603	1533
1766	603	1534
1767	603	1535
1768	604	1536
1769	604	1537
1770	604	1538
1771	605	1539
1772	605	1540
1773	605	1541
1774	606	1542
1775	606	1543
1776	606	1544
1777	607	1545
1778	607	1546
1779	607	1547
1780	608	1548
1781	608	1549
1782	608	1550
1783	609	1551
1784	609	1552
1785	609	1553
1786	610	1554
1787	610	1555
1788	610	1556
1789	611	1557
1790	611	1558
1791	611	1559
1792	612	1560
1793	612	1561
1794	612	1562
1795	613	1563
1796	613	1564
1797	613	1565
1798	614	1566
1799	614	1567
1800	614	1568
1801	615	1569
1802	615	1570
1803	615	1571
1804	616	1572
1805	616	1573
1806	616	1574
1807	617	1575
1808	617	1576
1809	617	1577
1810	618	1578
1811	618	1579
1812	618	1580
1813	619	1581
1814	619	1582
1815	619	1583
1816	620	1584
1817	620	1585
1818	620	1586
1819	621	1587
1820	621	1588
1821	621	1589
1822	622	1590
1823	622	1591
1824	622	1592
1825	623	1593
1826	623	1594
1827	623	1595
1828	624	1596
1829	624	1597
1830	624	1598
1831	625	1599
1832	625	1600
1833	625	1601
1834	626	1602
1835	626	1603
1836	626	1604
1837	627	1605
1838	627	1606
1839	627	1607
1840	628	1608
1841	628	1609
1842	628	1610
1843	629	1611
1844	629	1612
1845	629	1613
1846	630	1614
1847	630	1615
1848	630	1616
1849	631	1617
1850	631	1618
1851	631	1619
1852	632	1620
1853	632	1621
1854	632	1622
1855	633	1623
1856	633	1624
1857	633	1625
1858	634	1626
1859	634	1627
1860	634	1628
1861	635	1629
1862	635	1630
1863	635	1631
1864	636	1632
1865	636	1633
1866	636	1634
1867	637	1635
1868	637	1636
1869	637	1637
1870	638	1638
1871	638	1639
1872	638	1640
1873	639	1641
1874	639	1642
1875	639	1643
1876	640	1644
1877	640	1645
1878	640	1646
1879	641	1647
1880	641	1648
1881	641	1649
1882	642	1650
1883	642	1651
1884	642	1652
1885	643	1653
1886	643	1654
1887	643	1655
1888	644	1656
1889	644	1657
1890	644	1658
1891	645	1659
1892	645	1660
1893	645	1661
1894	646	1662
1895	646	1663
1896	646	1664
1897	647	1665
1898	647	1666
1899	647	1667
1900	648	1668
1901	648	1669
1902	648	1670
1903	649	1671
1904	649	1672
1905	649	1673
1906	650	1674
1907	650	1675
1908	650	1676
1909	651	1677
1910	651	1678
1911	651	1679
1912	652	1680
1913	652	1681
1914	652	1682
1915	653	1683
1916	653	1684
1917	653	1685
1918	654	1686
1919	654	1687
1920	654	1688
1921	655	1689
1922	655	1690
1923	655	1691
1924	656	1692
1925	656	1693
1926	656	1694
1927	657	1695
1928	657	1696
1929	657	1697
1930	658	1698
1931	658	1699
1932	658	1700
1933	659	1701
1934	659	1702
1935	659	1703
1936	660	1704
1937	660	1705
1938	660	1706
1939	661	1707
1940	661	1708
1941	661	1709
1942	662	1710
1943	662	1711
1944	662	1712
1945	663	1713
1946	663	1714
1947	663	1715
1948	664	1716
1949	664	1717
1950	664	1718
1951	665	1719
1952	665	1720
1953	665	1721
1954	666	1722
1955	666	1723
1956	666	1724
1957	667	1725
1964	668	1726
1967	669	1727
1968	670	1728
1969	670	1729
1970	671	1730
1971	671	1731
1972	671	1732
1973	672	1733
1974	672	1734
1975	672	1735
1976	673	1736
1977	673	1737
1978	673	1738
1979	674	1739
1980	674	1740
1981	674	1741
1982	675	1742
1983	675	1743
1984	675	1744
1985	676	1745
1986	676	1746
1987	676	1747
1988	677	1748
1989	677	1749
1990	677	1750
1991	678	1751
1992	678	1752
1993	678	1753
1994	679	1754
1995	679	1755
1996	679	1756
1997	680	1757
1998	680	1758
1999	680	1759
2000	681	1760
2001	681	1761
2002	681	1762
2003	682	1763
2004	682	1764
2005	682	1765
2006	683	1766
2007	683	1767
2008	683	1768
2009	684	1769
2010	684	1770
2011	684	1771
2012	685	1772
2013	685	1773
2014	685	1774
2015	686	1775
2016	686	1776
2017	686	1777
2018	687	1778
2019	687	1779
2020	687	1780
2021	688	1781
2022	688	1782
2023	688	1783
2024	689	1784
2025	689	1785
2026	689	1786
2027	690	1787
2028	690	1788
2029	690	1789
2030	691	1790
2031	691	1791
2032	691	1792
2033	692	1793
2034	692	1794
2035	692	1795
2036	693	1796
2037	693	1797
2038	693	1798
2039	694	1799
2040	694	1800
2041	694	1801
2042	695	1802
2043	695	1803
2044	695	1804
2045	696	1805
2046	696	1806
2047	696	1807
2048	697	1808
2049	697	1809
2050	697	1810
2051	698	1811
2052	698	1812
2053	698	1813
2054	699	1814
2055	699	1815
2056	699	1816
2057	700	1817
2058	700	1818
2059	700	1819
2060	701	1820
2061	701	1821
2062	701	1822
2063	702	1823
2064	702	1824
2065	702	1825
2066	703	1826
2067	703	1827
2068	703	1828
2069	704	1829
2070	704	1830
2071	704	1831
2072	705	1832
2073	705	1833
2074	705	1834
2075	706	1835
2076	706	1836
2077	706	1837
2078	707	1838
2079	707	1839
2080	707	1840
2081	708	1841
2082	708	1842
2083	708	1843
2084	709	1844
2085	709	1845
2086	709	1846
2087	710	1847
2088	710	1848
2089	710	1849
2090	711	1850
2091	711	1851
2092	711	1852
2093	712	1853
2094	712	1854
2095	712	1855
2096	713	1856
2097	713	1857
2098	713	1858
2099	714	1859
2100	714	1860
2101	714	1861
2102	715	1862
2103	715	1863
2104	715	1864
2105	716	1865
2106	716	1866
2107	716	1867
2108	717	1868
2109	717	1869
2110	717	1870
2111	718	1871
2112	718	1872
2113	718	1873
2114	719	1874
2115	719	1875
2116	719	1876
2117	720	1877
2118	720	1878
2119	720	1879
2120	721	1880
2121	721	1881
2122	721	1882
2123	722	1883
2124	722	1884
2125	722	1885
2126	723	1886
2127	723	1887
2128	723	1888
2129	724	1889
2130	724	1890
2131	724	1891
2132	725	1892
2133	725	1893
2134	725	1894
2135	726	1895
2136	726	1896
2137	726	1897
2138	727	1898
2139	727	1899
2140	727	1900
2141	728	1901
2142	728	1902
2143	728	1903
2144	729	1904
2145	729	1905
2146	729	1906
2147	730	1907
2148	730	1908
2149	730	1909
2150	731	1910
2151	731	1911
2152	731	1912
2153	732	1913
2154	732	1914
2155	732	1915
2156	733	1916
2157	733	1917
2158	733	1918
2159	734	1919
2160	734	1920
2161	734	1921
2162	735	1922
2163	735	1923
2164	735	1924
2165	736	1925
2166	736	1926
2167	736	1927
2168	737	1928
2169	737	1929
2170	737	1930
2171	738	1931
2172	738	1932
2173	738	1933
2174	739	1934
2175	739	1935
2176	739	1936
2177	740	1937
2178	740	1938
2179	740	1939
2180	741	1940
2181	741	1941
2182	741	1942
2183	742	1943
2185	743	755
2187	744	989
2188	745	991
2190	746	2233
2193	747	2235
2194	747	2236
2195	747	2237
2196	748	2238
2197	748	2239
2198	748	2240
2199	749	2241
2200	749	2242
2201	749	2243
2202	750	2244
2203	750	2245
2204	750	2246
2205	751	2247
2206	751	2248
2207	751	2249
2208	752	2250
2209	752	2251
2210	752	2252
2211	753	2253
2212	753	2254
2213	753	2255
2214	754	2256
2215	754	2257
2216	754	2258
2217	755	2259
2218	755	2260
2219	755	2261
2220	756	2262
2221	756	2263
2222	756	2264
2223	757	2265
2224	757	2266
2225	757	2267
2226	758	2268
2227	758	2269
2228	758	2270
2229	759	2271
2230	759	2272
2231	759	2273
2232	760	2274
2233	760	2275
2234	760	2276
2235	761	2277
2236	761	2278
2237	761	2279
2238	762	2280
2239	762	2281
2240	762	2282
2241	763	2283
2242	763	2284
2243	763	2285
2244	764	2286
2245	764	2287
2246	764	2288
2247	765	2289
2248	765	2290
2249	765	2291
2250	766	2292
2251	766	2293
2252	766	2294
2253	767	2295
2254	767	2296
2255	767	2297
2256	768	2298
2257	768	2299
2258	768	2300
2259	769	2301
2260	769	2302
2261	769	2303
2262	770	2304
2263	770	2305
2264	770	2306
2265	771	2307
2266	771	2308
2267	771	2309
2268	772	2310
2269	772	2311
2270	772	2312
2271	773	2313
2272	773	2314
2273	773	2315
2274	774	2316
2275	774	2317
2276	774	2318
2277	775	2319
2278	775	2320
2279	775	2321
2280	776	2322
2281	776	2323
2282	776	2324
2283	777	2325
2284	777	2326
2285	777	2327
2286	778	2328
2287	778	2329
2288	778	2330
2289	779	2331
2290	779	2332
2291	779	2333
2292	780	2334
2293	780	2335
2294	780	2336
2295	781	2337
2296	781	2338
2297	781	2339
2298	782	2340
2299	782	2341
2300	782	2342
2301	783	2343
2302	783	2344
2303	783	2345
2304	784	2346
2305	784	2347
2306	784	2348
2307	785	2349
2308	785	2350
2309	785	2351
2310	786	2352
2311	786	2353
2312	786	2354
2313	787	2355
2314	787	2356
2315	787	2357
2316	788	2358
2317	788	2359
2318	788	2360
2319	789	2361
2320	789	2362
2321	789	2363
2322	790	2364
2323	790	2365
2324	790	2366
2325	791	2367
2326	791	2368
2327	791	2369
2328	792	2370
2329	792	2371
2330	792	2372
2331	793	2373
2332	793	2374
2333	793	2375
2334	794	2376
2335	794	2377
2336	794	2378
2337	795	2379
2338	795	2380
2339	795	2381
2340	796	2382
2341	796	2383
2342	796	2384
2343	797	2385
2344	797	2386
2345	797	2387
2346	798	2388
2347	798	2389
2348	798	2390
2349	799	2391
2350	799	2392
2351	799	2393
2352	800	2394
2353	800	2395
2354	800	2396
2355	801	2397
2356	801	2398
2357	801	2399
2358	802	2400
2359	802	2401
2360	802	2402
2361	803	2403
2362	803	2404
2363	803	2405
2364	804	2406
2365	804	2407
2366	804	2408
2367	805	2409
2368	805	2410
2369	805	2411
2370	806	2412
2371	806	2413
2372	806	2414
2373	807	2415
2374	807	2416
2375	807	2417
2376	808	2418
2377	808	2419
2378	808	2420
2379	809	2421
2380	809	2422
2381	809	2423
2382	810	2424
2383	810	2425
2384	810	2426
2385	811	2427
2386	811	2428
2387	811	2429
2388	812	2430
2389	812	2431
2390	812	2432
2391	813	2433
2392	813	2434
2393	813	2435
2394	814	2436
2395	814	2437
2396	814	2438
2397	815	2439
2398	815	2440
2399	815	2441
2400	816	2442
2401	816	2443
2402	816	2444
2403	817	2445
2404	817	2446
2405	817	2447
2414	818	2037
2415	818	2038
2416	818	2039
2417	819	2040
2418	819	2041
2419	819	2042
2420	820	2043
2421	820	2044
2422	820	2045
2423	821	2046
2424	821	2047
2425	821	2048
2426	822	2049
2427	822	2050
2428	822	2051
2429	823	2052
2430	823	2053
2431	823	2054
2432	824	2055
2433	824	2056
2434	824	2057
2435	825	2058
2436	825	2059
2437	825	2060
2438	826	2061
2439	826	2062
2440	826	2063
2441	827	2064
2442	827	2065
2443	827	2066
2444	828	2067
2445	828	2068
2446	828	2069
2447	829	2070
2448	829	2071
2449	829	2072
2450	830	2073
2451	830	2074
2452	830	2075
2453	831	2076
2454	831	2077
2455	831	2078
2456	832	2079
2457	832	2080
2458	832	2081
2459	833	2082
2460	833	2083
2461	833	2084
2462	834	2085
2463	834	2086
2464	834	2087
2465	835	2088
2466	835	2089
2467	835	2090
2468	836	2091
2469	836	2092
2470	836	2093
2471	837	2094
2472	837	2095
2473	837	2096
2474	838	2097
2475	838	2098
2476	838	2099
2477	839	2100
2478	839	2101
2479	839	2102
2480	840	2103
2481	840	2104
2482	840	2105
2483	841	2106
2484	841	2107
2485	841	2108
2486	842	2109
2487	842	2110
2488	842	2111
2489	843	2112
2490	843	2113
2491	843	2114
2492	844	2115
2493	844	2116
2494	844	2117
2495	845	2118
2496	845	2119
2497	845	2120
2498	846	2121
2499	846	2122
2500	846	2123
2501	847	2124
2502	847	2125
2503	847	2126
2504	848	2127
2505	848	2128
2506	848	2129
2507	849	2130
2508	849	2131
2509	849	2132
2510	850	2133
2511	850	2134
2512	850	2135
2513	851	2136
2514	851	2137
2515	851	2138
2516	852	2139
2517	852	2140
2518	852	2141
2519	853	2142
2520	853	2143
2521	853	2144
2522	854	2145
2523	854	2146
2524	854	2147
2525	855	2148
2526	855	2149
2527	855	2150
2528	856	2151
2529	856	2152
2530	856	2153
2531	857	2154
2532	857	2155
2533	857	2156
2534	858	2157
2535	858	2158
2536	858	2159
2537	859	2160
2538	859	2161
2539	859	2162
2540	860	2163
2541	860	2164
2542	860	2165
2543	861	2166
2544	861	2167
2545	861	2168
2546	862	2169
2547	862	2170
2548	862	2171
2549	863	2172
2552	864	2174
2556	865	2177
2557	866	2180
2558	866	2181
2559	866	2182
2560	867	2183
2561	867	2184
2562	867	2185
2563	868	2186
2564	868	2187
2565	868	2188
2566	869	2189
2567	869	2190
2568	869	2191
2569	870	2192
2570	871	2193
2571	871	2194
2572	871	2195
2573	872	2196
2574	872	2197
2575	872	2198
2576	873	2199
2577	873	2200
2578	873	2201
2579	874	2202
2580	874	2203
2581	874	2204
2582	875	2205
2583	875	2206
2584	875	2207
2585	876	2208
2586	876	2209
2587	876	2210
2588	877	2211
2589	877	2212
2590	877	2213
2591	878	2214
2592	878	2215
2593	878	2216
2594	879	2217
2595	879	2218
2596	879	2219
2597	880	2220
2598	880	2221
2599	880	2222
2600	881	2223
2601	882	2224
2603	883	2225
2608	884	2450
2613	885	2229
2626	886	2230
2639	887	2033
2645	888	2770
2646	888	2771
2647	888	2772
2648	889	2773
2649	889	2774
2650	889	2775
2651	890	2776
2652	890	2777
2653	890	2778
2654	891	2779
2655	891	2780
2656	891	2781
2657	892	2782
2658	892	2783
2659	892	2784
2660	893	2785
2661	893	2786
2662	893	2787
2663	894	2788
2664	894	2789
2665	894	2790
2666	895	2791
2667	895	2792
2668	895	2793
2669	896	2794
2670	896	2795
2671	896	2796
2672	897	2797
2673	897	2798
2674	897	2799
2675	898	2800
2676	898	2801
2677	898	2802
2678	899	2803
2679	899	2804
2680	899	2805
2681	900	2806
2682	900	2807
2683	900	2808
2684	901	2809
2685	901	2810
2686	901	2811
2687	902	2812
2688	902	2813
2689	902	2814
2690	903	2815
2691	903	2816
2692	903	2817
2693	904	2818
2694	904	2819
2695	904	2820
2696	905	2821
2697	905	2822
2698	905	2823
2699	906	2824
2700	906	2825
2701	906	2826
2702	907	2827
2703	907	2828
2704	907	2829
2705	908	2830
2706	908	2831
2707	908	2832
2708	909	2833
2709	909	2834
2710	909	2835
2711	910	2836
2712	910	2837
2713	910	2838
2714	911	2839
2715	911	2840
2716	911	2841
2717	912	2842
2718	912	2843
2719	912	2844
2720	913	2845
2721	913	2846
2722	913	2847
2723	914	2848
2724	914	2849
2725	914	2850
2726	915	2851
2734	916	2460
2735	917	2461
2737	918	2463
2739	919	2464
2744	920	2467
2745	920	2468
2746	921	2469
2747	922	2470
2748	923	2471
2750	924	2472
2751	925	2475
2753	926	2477
2754	926	2478
2755	926	2479
2756	927	2480
2757	927	2481
2758	927	2482
2759	928	2483
2760	928	2484
2761	928	2485
2762	929	2486
2763	929	2487
2764	929	2488
2765	930	2489
2766	930	2490
2767	930	2491
2768	931	2492
2769	931	2493
2770	931	2494
2771	932	2495
2772	932	2496
2773	932	2497
2774	933	2498
2775	933	2499
2776	933	2500
2777	934	2501
2778	934	2502
2779	934	2503
2780	935	2504
2781	935	2505
2782	935	2506
2783	936	2507
2784	936	2508
2785	936	2509
2786	937	2510
2787	937	2511
2788	937	2512
2789	938	2513
2790	938	2514
2791	938	2515
2792	939	2516
2793	939	2517
2794	939	2518
2795	940	2519
2796	940	2520
2797	940	2521
2798	941	2522
2799	941	2523
2800	941	2524
2801	942	2525
2802	942	2526
2803	942	2527
2889	415	2528
2890	415	2529
2894	943	2530
2895	943	2531
2896	943	2532
2897	944	2533
2898	944	2534
2899	944	2535
2900	945	2536
2901	945	2537
2902	945	2538
2903	946	2539
2904	946	2540
2905	946	2541
2906	947	2542
2907	947	2543
2908	947	2544
2909	948	2545
2910	948	2546
2911	948	2547
2912	949	2548
2913	949	2549
2914	949	2550
2915	950	2551
2916	950	2552
2917	950	2553
2918	951	2554
2919	951	2555
2920	951	2556
2921	952	2557
2922	952	2558
2923	952	2559
2924	953	2560
2925	953	2561
2926	953	2562
2927	954	2563
2928	954	2564
2929	954	2565
2930	955	2566
2931	955	2567
2932	955	2568
2933	956	2569
2934	956	2570
2935	956	2571
2936	957	2572
2937	957	2573
2938	957	2574
2939	958	2575
2940	958	2576
2941	958	2577
2942	959	2578
2943	959	2579
2944	959	2580
2945	960	2581
2946	960	2582
2947	960	2583
2948	961	2584
2949	961	2585
2950	961	2586
2951	962	2587
2952	962	2588
2953	962	2589
2954	963	2590
2955	963	2591
2956	963	2592
2957	964	2593
2958	964	2594
2959	964	2595
2960	965	2596
2961	965	2597
2962	965	2598
2963	966	2599
2964	966	2600
2965	966	2601
2966	967	2602
2967	967	2603
2968	967	2604
2969	968	2605
2970	968	2606
2971	968	2607
2972	969	2608
2973	969	2609
2974	969	2610
2975	970	2611
2976	970	2612
2977	970	2613
2978	971	2614
2979	971	2615
2980	971	2616
2981	972	2617
2982	972	2618
2983	972	2619
2984	973	2620
2985	973	2621
2986	973	2622
2987	974	2623
2988	974	2624
2989	974	2625
2990	975	2626
2991	975	2627
2992	975	2628
2993	976	2629
2994	976	2630
2995	976	2631
2996	977	2632
2997	977	2633
2998	977	2634
2999	978	2635
3000	978	2636
3001	978	2637
3002	979	2638
3003	979	2639
3004	979	2640
3005	980	2641
3006	980	2642
3007	980	2643
3008	981	2644
3009	981	2645
3010	981	2646
3011	982	2647
3012	982	2648
3013	982	2649
3014	983	2650
3015	983	2651
3016	983	2652
3017	984	2653
3018	984	2654
3019	984	2655
3020	985	2656
3021	985	2657
3022	985	2658
3023	986	2659
3024	986	2660
3025	986	2661
3026	987	2662
3027	987	2663
3028	987	2664
3029	988	2665
3030	988	2666
3031	989	2668
3032	989	2669
3033	989	2670
3034	990	2671
3035	990	2672
3036	990	2673
3037	991	2674
3038	991	2675
3039	991	2676
3040	117	2677
3053	992	2678
3054	993	2680
3055	994	2681
3056	995	2682
3057	995	2683
3058	995	2684
3059	996	2685
3060	996	2686
3061	996	2687
3062	997	2688
3063	997	2689
3064	997	2690
3065	998	2691
3066	998	2692
3067	998	2693
3068	999	2694
3069	999	2695
3070	999	2696
3071	1000	2697
3072	1000	2698
3073	1000	2699
3074	1001	2700
3075	1001	2701
3076	1001	2702
3077	1002	2703
3078	1002	2704
3079	1002	2705
3080	1003	2706
3081	1003	2707
3082	1003	2708
3083	1004	2709
3084	1004	2710
3085	1004	2711
3086	1005	2712
3087	1005	2713
3088	1005	2714
3089	1006	2715
3090	1006	2716
3091	1006	2717
3092	1007	2718
3093	1007	2719
3094	1007	2720
3095	1008	2721
3096	1008	2722
3097	1008	2723
3098	1009	2724
3099	1009	2725
3100	1009	2726
3101	1010	2727
3102	1010	2728
3103	1010	2729
3104	1011	2730
3105	1011	2731
3106	1011	2732
3107	1012	2733
3108	1012	2734
3109	1012	2735
3110	1013	2736
3111	1013	2737
3112	1013	2738
3113	1014	2739
3114	1014	2740
3115	1014	2741
3116	1015	2742
3117	1015	2743
3118	1015	2744
3119	1016	2745
3120	1016	2746
3121	1016	2747
3122	1017	2748
3123	1017	2749
3124	1017	2750
3125	1018	2751
3126	1018	2752
3127	1018	2753
3128	1019	2754
3129	1019	2755
3130	1019	2756
3131	1020	2770
3132	1021	2771
3133	1021	2772
3134	1021	2773
3135	1022	2774
3136	1022	2775
3137	1022	2776
3138	1023	2777
3139	1023	2778
3140	1023	2779
3141	1024	2780
3142	1024	2781
3143	1024	2782
3144	1025	2783
3145	1025	2784
3146	1025	2785
3147	1026	2786
3148	1026	2787
3149	1026	2788
3150	1027	2789
3151	1027	2790
3152	1027	2791
3153	1028	2792
3154	1028	2793
3155	1028	2794
3156	1029	2795
3157	1029	2796
3158	1029	2797
3159	1030	2798
3160	1030	2799
3161	1030	2800
3162	1031	2801
3163	1031	2802
3164	1031	2803
3165	1032	2804
3166	1032	2805
3167	1032	2806
3168	1033	2807
3169	1033	2808
3170	1033	2809
3171	1034	2810
3172	1034	2811
3173	1034	2812
3174	1035	2813
3175	1035	2814
3176	1035	2815
3177	1036	2816
3178	1036	2817
3179	1036	2818
3180	1037	2819
3181	1037	2820
3182	1037	2821
3183	1038	2822
3184	1038	2823
3185	1038	2824
3186	1039	2825
3187	1039	2826
3188	1039	2827
3189	1040	2828
3190	1040	2829
3191	1040	2830
3192	1041	2831
3193	1041	2832
3194	1041	2833
3195	1042	2834
3196	1042	2835
3197	1042	2836
3198	1043	2837
3199	1043	2838
3200	1043	2839
3201	1044	2840
3202	1044	2841
3203	1044	2842
3204	1045	2843
3205	1045	2844
3206	1045	2845
3207	1046	2846
3208	1046	2847
3209	1046	2848
3210	1047	2849
3211	1047	2850
3212	1047	2851
3221	1048	2473
3227	1049	3564
3228	1049	3565
3229	1049	3566
3230	1050	3567
3231	1050	3568
3232	1050	3569
3233	1051	3570
3234	1051	3571
3235	1051	3572
3236	1052	3573
3237	1052	3574
3238	1052	3575
3239	1053	3576
3240	1053	3577
3241	1053	3578
3242	1054	3579
3243	1054	3580
3244	1054	3581
3245	1055	3582
3246	1055	3583
3247	1055	3584
3248	1056	3585
3249	1056	3586
3250	1056	3587
3251	1057	3588
3252	1057	3589
3253	1057	3590
3254	1058	3591
3255	1058	3592
3256	1058	2234
3408	1059	2877
3409	1060	2878
3410	1061	2879
3411	1061	2880
3412	1061	2881
3413	1062	2882
3414	1062	2883
3415	1062	2884
3416	1063	2885
3417	1063	2886
3418	1063	2887
3419	1064	2888
3420	1064	2889
3421	1064	2890
3422	1065	2891
3423	1065	2892
3424	1065	2893
3425	1066	2894
3426	1066	2895
3427	1066	2896
3428	1067	2897
3429	1067	2898
3430	1067	2899
3431	1068	2900
3432	1068	2901
3433	1068	2902
3434	1069	2903
3435	1069	2904
3436	1069	2905
3437	1070	2906
3438	1070	2907
3439	1070	2908
3440	1071	2909
3441	1071	2910
3442	1071	2911
3443	1072	2912
3444	1072	2913
3445	1072	2914
3446	1073	2915
3447	1073	2916
3448	1073	2917
3449	1074	2918
3450	1074	2919
3451	1074	2920
3452	1075	2921
3453	1075	2922
3454	1075	2923
3455	1076	2924
3456	1076	2925
3457	1076	2926
3458	1077	2927
3459	1077	2928
3460	1077	2929
3461	1078	2930
3462	1078	2931
3463	1078	2932
3464	1079	2933
3465	1079	2934
3466	1079	2935
3467	1080	2936
3468	1080	2937
3469	1080	2938
3470	1081	2939
3471	1081	2940
3472	1081	2941
3473	1082	2942
3474	1082	2943
3475	1082	2944
3476	1083	2945
3477	1083	2946
3478	1083	2947
3479	1084	2948
3480	1084	2949
3481	1084	2950
3482	1085	2951
3483	1085	2952
3484	1085	2953
3485	1086	2954
3486	1086	2955
3487	1086	2956
3488	1087	2957
3489	1087	2958
3490	1087	2959
3491	1088	2960
3492	1088	2961
3493	1088	2962
3494	1089	2963
3495	1089	2964
3496	1089	2965
3497	1090	2966
3498	1090	2967
3499	1090	2968
3500	1091	2969
3501	1091	2970
3502	1091	2971
3503	1092	2972
3504	1092	2973
3505	1092	2974
3506	1093	2975
3507	1093	2976
3508	1093	2977
3509	1094	2978
3510	1094	2979
3511	1094	2980
3512	1095	2981
3513	1095	2982
3514	1095	2983
3515	1096	2984
3516	1096	2985
3517	1096	2986
3518	1097	2987
3519	1097	2988
3520	1097	2989
3521	1098	2990
3522	1098	2991
3523	1098	2992
3524	1099	2993
3525	1099	2994
3526	1099	2995
3527	1100	2996
3528	1100	2997
3529	1100	2998
3530	1101	2999
3531	1101	3000
3532	1101	3001
3533	1102	3002
3534	1102	3003
3535	1102	3004
3536	1103	3005
3537	1103	3006
3538	1103	3007
3539	1104	3008
3540	1104	3009
3541	1104	3010
3542	1105	3011
3543	1105	3012
3544	1105	3013
3545	1106	3014
3546	1106	3015
3547	1106	3016
3548	1107	3017
3549	1107	3018
3550	1107	3019
3551	1108	3020
3552	1108	3021
3553	1108	3022
3554	1109	3023
3555	1109	3024
3556	1109	3025
3557	1110	3026
3558	1110	3027
3559	1110	3028
3560	1111	3029
3561	1111	3030
3562	1111	3031
3563	1112	3032
3564	1112	3033
3565	1112	3034
3566	1113	3035
3567	1113	3036
3568	1113	3037
3569	1114	3038
3570	1114	3039
3571	1114	3040
3572	1115	3041
3573	1115	3042
3574	1115	3043
3575	1116	3044
3576	1116	3045
3577	1116	3046
3578	1117	3047
3579	1117	3048
3580	1117	3049
3581	1118	3050
3582	1118	3051
3583	1118	3052
3584	1119	3053
3585	1119	3054
3586	1119	3055
3587	1120	3056
3588	1120	3057
3589	1120	3058
3590	1121	3059
3591	1121	3060
3592	1121	3061
3593	1122	3062
3594	1122	3063
3595	1122	3064
3596	1123	3065
3597	1123	3066
3598	1123	3067
3599	1124	3068
3600	1124	3069
3601	1124	3070
3602	1125	3071
3603	1125	3072
3604	1125	3073
3605	1126	3074
3606	1126	3075
3607	1126	3076
3608	1127	3077
3609	1127	3078
3610	1127	3079
3611	1128	3080
3612	1128	3081
3613	1128	3082
3614	1129	3083
3615	1129	3084
3616	1129	3085
3617	1130	3086
3618	1130	3087
3619	1130	3088
3620	1131	3089
3621	1131	3090
3622	1131	3091
3623	1132	3092
3624	1132	3093
3625	1132	3094
3626	1133	3095
3627	1133	3096
3628	1133	3097
3629	1134	3098
3630	1134	3099
3631	1134	3100
3632	1135	3101
3633	1135	3102
3634	1135	3103
3635	1136	3104
3636	1136	3105
3637	1136	3106
3638	1137	3107
3639	1137	3108
3640	1137	3109
3641	1138	3110
3642	1138	3111
3643	1138	3112
3644	1139	3113
3645	1139	3114
3646	1139	3115
3647	1140	3116
3648	1140	3117
3649	1140	3118
3650	1141	3119
3651	1141	3120
3652	1141	3121
3653	1142	3122
3654	1142	3123
3655	1142	3124
3656	1143	3125
3657	1143	3126
3658	1143	3127
3659	1144	3128
3660	1144	3129
3661	1144	3130
3662	1145	3131
3663	1145	3132
3664	1145	3133
3665	1146	3134
3666	1146	3135
3667	1146	3136
3668	1147	3137
3669	1147	3138
3670	1147	3139
3671	1148	3140
3672	1148	3141
3673	1148	3142
3674	1149	3143
3675	1149	3144
3676	1149	3145
3679	1150	3146
3684	1151	3311
3685	1152	3312
3686	1152	3313
3687	1152	3314
3688	1153	3315
3689	1153	3316
3690	1153	3317
3691	1154	3318
3692	1154	3319
3693	1154	3320
3694	1155	3321
3695	1155	3322
3696	1155	3323
3697	1156	3324
3698	1156	3325
3699	1156	3326
3700	1157	3327
3701	1157	3328
3702	1157	3329
3703	1158	3330
3704	1158	3331
3705	1158	3332
3706	1159	3333
3707	1159	3334
3708	1159	3335
3709	1160	3336
3710	1160	3337
3711	1160	3338
3712	1161	3339
3713	1161	3340
3714	1161	3341
3715	1162	3342
3716	1162	3343
3717	1162	3344
3718	1163	3345
3719	1163	3346
3720	1163	3347
3721	1164	3348
3722	1164	3349
3723	1164	3350
3724	1165	3351
3725	1165	3352
3726	1165	3353
3727	1166	3354
3728	1166	3355
3729	1166	3356
3730	1167	3357
3731	1167	3358
3732	1167	3359
3733	1168	3360
3734	1168	3361
3735	1168	3362
3736	1169	3363
3737	1169	3364
3738	1169	3365
3739	1170	3366
3740	1170	3367
3741	1170	3368
3742	1171	3369
3743	1171	3370
3744	1171	3371
3745	1172	3372
3746	1172	3373
3747	1172	3374
3748	1173	3375
3749	1173	3376
3750	1173	3377
3751	1174	3378
3752	1174	3379
3753	1174	3380
3754	1175	3381
3755	1175	3382
3756	1175	3383
3757	1176	3384
3758	1176	3385
3759	1176	3386
3760	1177	3387
3761	1177	3388
3762	1177	3389
3763	1178	3390
3764	1178	3391
3765	1178	3392
3766	1179	3393
3767	1179	3394
3768	1179	3395
3769	1180	3396
3770	1180	3397
3771	1180	3398
3772	1181	3399
3773	1181	3400
3774	1181	3401
3775	1182	3402
3776	1182	3403
3777	1182	3404
3778	1183	3405
3779	1183	3406
3780	1183	3407
3781	1184	3408
3782	1184	3409
3783	1184	3410
3784	1185	3411
3785	1185	3412
3786	1185	3413
3787	1186	3414
3788	1186	3415
3789	1186	3416
3790	1187	3417
3791	1187	3418
3792	1187	3419
3793	1188	3420
3794	1188	3421
3795	1188	3422
3796	1189	3423
3797	1189	3424
3798	1189	3425
3799	1190	3426
3800	1190	3427
3801	1190	3428
3802	1191	3429
3803	1191	3430
3804	1191	3431
3805	1192	3432
3806	1192	3433
3807	1192	3434
3808	1193	3435
3809	1193	3436
3810	1193	3437
3811	1194	3438
3812	1194	3439
3813	1194	3440
3814	1195	3441
3815	1195	3442
3816	1195	3443
3817	1196	3444
3818	1196	3445
3819	1196	3446
3820	1197	3447
3821	1197	3448
3822	1197	3449
3823	1198	3450
3824	1198	3451
3825	1198	3452
3826	1199	3453
3827	1199	3454
3828	1199	3455
3829	1200	3456
3830	1200	3457
3831	1200	3458
3832	1201	3459
3833	1201	3460
3834	1201	3461
3835	1202	3462
3836	1202	3463
3837	1202	3464
3838	1203	3465
3839	1203	3466
3840	1203	3467
3841	1204	3468
3842	1204	3469
3843	1204	3470
3844	1205	3471
3845	1205	3472
3846	1205	3473
3847	1206	3474
3848	1206	3475
3849	1206	3476
3850	1207	3477
3851	1207	3478
3852	1207	3479
3853	1208	3480
3854	1208	3481
3855	1208	3482
3856	1209	3483
3857	1209	3484
3858	1209	3485
3859	1210	3486
3860	1210	3487
3861	1210	3488
3862	1211	3489
3863	1211	3490
3864	1211	3491
3865	1212	3492
3866	1212	3493
3867	1212	3494
3868	1213	3495
3869	1213	3496
3870	1213	3497
3871	1214	3498
3872	1214	3499
3873	1214	3500
3874	1215	3501
3875	1215	3502
3876	1215	3503
3877	1216	3504
3878	1216	3505
3879	1216	3506
3880	1217	3507
3881	1217	3508
3882	1217	3509
3883	1218	3510
3884	1218	3511
3885	1218	3512
3886	1219	3513
3887	1219	3514
3888	1219	3515
3889	1220	3516
3890	1220	3517
3891	1220	3518
3892	1221	3519
3893	1221	3520
3894	1221	3521
3895	1222	3522
3896	1222	3523
3897	1222	3524
3898	1223	3525
3899	1223	3526
3900	1223	3527
3901	1224	3528
3902	1224	3529
3903	1224	3530
3904	1225	3531
3905	1225	3532
3906	1225	3533
3907	1226	3534
3908	1226	3535
3909	1226	3536
3910	1227	3537
3911	1227	3538
3912	1227	3539
3913	1228	3540
3914	1228	3541
3915	1228	3542
3916	1229	3543
3917	1229	3544
3918	1229	3545
3919	1230	3546
3920	1230	3547
3921	1230	3548
3922	1231	3549
3923	1231	3550
3924	1232	3551
3925	1233	3552
3926	1233	3553
3927	1233	3554
3928	1234	3555
3929	1235	3556
3930	1235	3557
3931	1236	3558
3932	1236	3559
3933	1236	3560
3934	1237	3561
3935	1237	3562
3936	1237	3563
3940	1238	3148
3941	1239	3149
3942	1240	3150
3943	1240	3151
3944	1240	3152
3945	1241	3153
3946	1241	3154
3947	1241	3155
3948	1242	3156
3949	1242	3157
3950	1242	3158
3951	1243	3159
3952	1243	3160
3953	1243	3161
3954	1244	3162
3955	1244	3163
3956	1244	3164
3957	1245	3165
3958	1245	3166
3959	1245	3167
3960	1246	3168
3961	1246	3169
3962	1246	3170
3963	1247	3171
3964	1247	3172
3965	1247	3173
3966	1248	3174
3967	1248	3175
3968	1248	3176
3969	1249	3177
3970	1249	3178
3971	1249	3179
3972	1250	3180
3973	1250	3181
3974	1250	3182
3975	1251	3183
3976	1251	3184
3977	1251	3185
3978	1252	3186
3979	1252	3187
3980	1252	3188
3981	1253	3189
3982	1253	3190
3983	1253	3191
3984	1254	3192
3985	1254	3193
3986	1254	3194
3987	1255	3195
3988	1255	3196
3989	1255	3197
3990	1256	3198
3991	1256	3199
3992	1256	3200
3993	1257	3201
3994	1257	3202
3995	1257	3203
3996	1258	3204
3997	1258	3205
3998	1258	3206
3999	1259	3207
4000	1259	3208
4001	1259	3209
4002	1260	3210
4003	1260	3211
4004	1260	3212
4005	1261	3213
4006	1261	3214
4007	1261	3215
4008	1262	3216
4009	1262	3217
4010	1262	3218
4011	1263	3219
4012	1263	3220
4013	1263	3221
4014	1264	3222
4015	1264	3223
4016	1264	3224
4017	1265	3225
4018	1265	3226
4019	1265	3227
4020	1266	3228
4021	1266	3229
4022	1266	3230
4023	1267	3231
4024	1267	3232
4025	1267	3233
4026	1268	3234
4027	1268	3235
4028	1268	3236
4029	1269	3237
4030	1269	3238
4031	1269	3239
4032	1270	3240
4033	1270	3241
4034	1270	3242
4035	1271	3243
4036	1271	3244
4037	1271	3245
4038	1272	3246
4039	1272	3247
4040	1272	3248
4041	1273	3249
4042	1273	3250
4043	1273	3251
4044	1274	3252
4045	1274	3253
4046	1274	3254
4047	1275	3255
4048	1275	3256
4049	1275	3257
4050	1276	3258
4051	1276	3259
4052	1276	3260
4053	1277	3261
4054	1277	3262
4055	1277	3263
4056	1278	3264
4057	1278	3265
4058	1278	3266
4059	1279	3267
4060	1279	3268
4061	1279	3269
4062	1280	3270
4063	1280	3271
4064	1280	3272
4065	1281	3273
4066	1281	3274
4067	1281	3275
4068	1282	3276
4069	1282	3277
4070	1282	3278
4071	1283	3279
4072	1283	3280
4073	1283	3281
4074	1284	3282
4075	1284	3283
4076	1284	3284
4077	1285	3285
4078	1285	3286
4079	1285	3287
4080	1286	3288
4081	1286	3289
4082	1286	3290
4083	1287	3291
4084	1287	3292
4085	1287	3293
4086	510	3294
4087	510	3295
4213	1288	3296
4218	1289	3297
4227	1290	3298
4228	1290	3299
4229	1291	3300
4230	1291	3301
4231	1291	3302
4232	1292	3303
4233	1292	3304
4234	1292	3305
4235	1293	3306
4236	1293	3307
4237	1293	3308
4238	1294	3309
4239	1294	3310
4252	1295	3703
4256	1296	3706
4262	1297	3698
4274	936	3704
4491	986	3705
4503	572	3700
4504	582	3701
4521	1298	3702
4536	1299	3708
4537	1300	3709
4619	1301	3711
4623	1302	3712
4636	1303	4092
4642	1304	4093
4643	1305	4094
4644	1305	4095
4645	1306	4096
4646	1307	4097
4647	1307	4098
4648	1308	4100
4649	1309	4101
4650	1310	4102
4651	1311	3918
4652	1312	3919
4653	1313	3920
4654	1313	3921
4655	1314	3922
4656	1315	3923
4657	1316	3924
4658	1316	3925
4659	1316	3926
4660	1317	3927
4661	1317	3928
4662	1318	3929
4663	1319	3930
4664	1320	3931
4667	1321	3932
4668	1322	3933
4669	1323	3934
4670	1324	3935
4674	1094	3937
4675	1325	3939
4677	1326	3940
4681	1327	3943
4682	1328	3944
4683	1329	3945
4685	1330	3946
4686	1331	3947
4687	1332	3949
4688	1333	3950
4689	1333	3951
4690	1333	3952
4691	1334	3953
4692	1335	3954
4694	1336	3956
4695	1337	3957
4696	1338	3958
4697	1339	3959
4698	1340	3960
4699	1341	3961
4700	1342	3962
4701	1343	3963
4702	1344	3964
4703	1345	3965
4704	1346	3966
4705	1347	3967
4706	1348	3968
4707	1349	3969
4708	1350	3970
4709	1351	3971
4710	1351	3972
4711	1352	3973
4712	1353	3974
4713	1354	3976
4714	1355	4084
4715	1356	4085
4716	1357	4086
4717	1358	4087
4718	1359	4088
4719	1212	4090
4720	1360	4091
4727	1361	3980
4728	1361	3981
4729	1361	3982
4730	1362	3983
4731	1362	3984
4732	1362	3985
4733	1363	3986
4734	1363	3987
4735	1363	3988
4736	1364	3989
4737	1364	3990
4738	1364	3991
4739	1365	3992
4740	1365	3993
4741	1365	3994
4742	1366	3995
4743	1366	3996
4744	1366	3997
4745	1367	3998
4746	1367	3999
4747	1367	4000
4748	1368	4001
4749	1368	4002
4750	1368	4003
4751	1369	4004
4752	1369	4005
4753	1369	4006
4754	1370	4007
4755	1370	4008
4756	1370	4009
4757	1371	4010
4758	1371	4011
4759	1371	4012
4760	1372	4013
4761	1372	4014
4762	1372	4015
4763	1373	4016
4764	1373	4017
4765	1373	4018
4766	1374	4019
4767	1374	4020
4768	1374	4021
4769	1375	4022
4770	1375	4023
4771	1375	4024
4772	1376	4025
4773	1376	4026
4774	1376	4027
4775	1377	4028
4776	1377	4029
4777	1377	4030
4778	1378	4031
4779	1378	4032
4780	1378	4033
4781	1379	4034
4782	1379	4035
4783	1379	4036
4784	1380	4037
4785	1380	4038
4786	1380	4039
4787	1381	4040
4788	1381	4041
4789	1381	4042
4790	1382	4043
4791	1382	4044
4792	1382	4045
4793	1383	4046
4794	1383	4047
4795	1383	4048
4796	1384	4049
4797	1384	4050
4798	1384	4051
4799	1385	4052
4800	1385	4053
4801	1385	4054
4802	1386	4055
4803	1386	4056
4804	1386	4057
4805	1387	4058
4806	1387	4059
4807	1387	4060
4808	1388	4061
4809	1388	4062
4810	1388	4063
4811	1389	4064
4812	1389	4065
4813	1389	4066
4814	1390	4067
4815	1390	4068
4816	1390	4069
4817	419	4070
4818	419	4071
4823	478	4072
4824	1272	4073
4833	1391	4074
4837	1392	4075
4844	1393	4076
4845	1394	4077
4848	1395	4079
4850	1396	4080
4851	1397	4081
4852	1398	4082
4854	1399	3941
4856	1400	3948
4857	1401	3977
4859	1402	3977
4869	1403	4147
4870	1403	4148
4871	1403	4149
4872	1404	4150
4873	1404	4151
4874	1404	4152
4875	1405	4153
4876	1405	4154
4877	1405	4155
4878	1406	4156
4879	1406	4157
4880	1406	4158
4881	1407	4159
4882	1407	4160
4883	1407	4161
4884	1408	4162
4885	1408	4163
4886	1408	4164
4887	1409	4165
4888	1409	4166
4889	1409	4167
4890	1410	4168
4891	1410	4169
4892	1410	4170
4893	1411	4171
4894	1411	4172
4895	1411	4173
4896	1412	4174
4897	1412	4175
4898	1412	4176
4899	1413	4177
4900	1413	4178
4901	1413	4179
4902	1414	4180
4903	1414	4181
4904	1414	4182
4905	1415	4183
4906	1415	4184
4907	1415	4185
4908	1416	4186
4909	1416	4187
4910	1416	4188
4911	1417	4189
4912	1417	4190
4913	1417	4191
4914	1418	4192
4915	1418	4193
4916	1418	4194
4917	1419	4195
4918	1419	4196
4919	1419	4197
4920	1420	4198
4921	1420	4199
4922	1420	4200
4923	1421	4201
4924	1421	4202
4925	1421	4203
4926	1422	4204
4927	1422	4205
4928	1422	4206
4929	1423	4207
4930	1423	4208
4931	1423	4209
4932	1424	4210
4933	1424	4211
4934	1424	4212
4935	1425	4213
4936	1425	4214
4937	1425	4215
4938	1426	4216
4939	1426	4217
4940	1426	4218
4941	1427	4219
4942	1428	4220
4943	1428	4221
4948	1429	4115
4949	1429	4116
4950	1430	4117
4954	1431	4121
4955	1431	4122
4956	1431	4123
4957	1432	4124
4961	1433	4125
4962	1434	4126
4963	1435	4127
4964	1436	4128
4965	1436	4129
4966	1437	4131
4967	1437	4132
4968	1437	4133
4969	1438	4134
4970	1438	4135
4971	1438	4136
4972	1439	4137
4973	1439	4138
4979	1440	4146
4980	1440	4147
4981	1441	4148
4982	1441	4149
4983	1441	4150
4984	1442	4151
4985	1442	4152
4986	1442	4153
4987	1443	4154
4988	1443	4155
4989	1443	4156
4990	1444	4157
4991	1444	4158
4992	1444	4159
4993	1445	4160
4994	1445	4161
4995	1445	4162
4996	1446	4163
4997	1446	4164
4998	1446	4165
4999	1447	4166
5000	1447	4167
5001	1447	4168
5002	1448	4169
5003	1448	4170
5004	1448	4171
5005	1449	4172
5006	1449	4173
5007	1449	4174
5008	1450	4175
5009	1450	4176
5010	1450	4177
5011	1451	4178
5012	1451	4179
5013	1451	4180
5014	1452	4181
5015	1452	4182
5016	1452	4183
5017	1453	4184
5018	1453	4185
5019	1453	4186
5020	1454	4187
5021	1454	4188
5022	1454	4189
5023	1455	4190
5024	1455	4191
5025	1455	4192
5026	1456	4193
5027	1456	4194
5028	1456	4195
5029	1457	4196
5030	1457	4197
5031	1457	4198
5032	1458	4199
5033	1458	4200
5034	1458	4201
5035	1459	4202
5036	1459	4203
5037	1459	4204
5038	1460	4205
5039	1460	4206
5040	1460	4207
5041	1461	4208
5042	1461	4209
5043	1461	4210
5044	1462	4211
5045	1462	4212
5046	1462	4213
5047	1463	4214
5048	1463	4215
5049	1463	4216
5050	1464	4217
5051	1464	4218
5052	1464	4219
5061	1279	4140
5062	1465	4141
5063	1465	299
5079	1466	4142
5088	1467	4145
5090	1468	4139
5107	1469	4233
5140	1470	4235
\.


--
-- Data for Name: annotation_type; Type: TABLE DATA; Schema: public; Owner: -
--

COPY public.annotation_type (id, seq_ontology, region, impact) FROM stdin;
1	upstream_gene_variant	\N	MODIFIER
2	intergenic_region	\N	MODIFIER
3	missense_variant	\N	MODERATE
5	synonymous_variant	\N	LOW
27	downstream_gene_variant	\N	MODIFIER
403	disruptive_inframe_insertion	\N	MODERATE
\.


--
-- Data for Name: annotation_type_mutations; Type: TABLE DATA; Schema: public; Owner: -
--

COPY public.annotation_type_mutations (id, annotationtype_id, nucleotidemutation_id) FROM stdin;
1	1	2
2	1	8
3	1	9
4	1	10
5	1	11
6	1	12
7	1	244
8	1	245
9	1	247
10	1	285
11	1	290
12	1	291
13	1	292
14	1	293
15	1	294
16	1	296
17	1	297
18	1	298
19	1	299
20	1	300
21	1	301
22	1	302
23	1	303
24	1	304
25	1	305
26	1	306
27	1	307
28	1	308
29	1	309
30	1	310
31	1	311
32	1	312
33	1	313
34	1	314
35	1	315
36	1	316
37	1	317
38	1	318
39	1	319
40	1	320
41	1	321
42	1	322
43	1	323
44	1	324
45	1	325
46	1	326
47	1	327
48	1	328
49	1	329
50	1	330
51	1	331
52	1	332
53	1	333
54	1	334
55	1	335
56	1	336
57	1	608
58	1	619
59	1	621
60	1	622
61	1	624
62	1	633
63	1	634
64	1	635
65	1	636
66	1	637
67	1	638
68	1	643
69	1	644
70	1	645
71	1	646
72	1	647
73	1	648
74	1	650
75	1	651
76	1	652
77	1	653
78	1	654
79	1	655
80	1	656
81	1	657
82	1	658
83	1	659
84	1	756
85	1	757
86	1	759
87	1	988
88	1	990
89	1	1259
90	1	1725
91	1	1726
92	1	1727
93	1	1944
94	1	2174
95	1	2175
96	1	2176
97	1	2224
98	1	2225
99	1	2226
100	1	2227
101	1	2228
102	1	2229
103	1	2230
104	1	2231
105	1	2232
106	1	2233
107	1	2448
108	1	2449
109	1	2464
110	1	2465
111	1	2467
112	1	2473
113	1	2474
114	1	2475
115	1	3146
116	1	3148
117	1	3296
118	1	3297
119	1	3702
120	1	3705
121	1	3710
122	1	3711
123	1	3712
124	1	4074
125	1	4075
126	1	4078
127	1	4089
128	1	4141
129	1	4233
130	1	4234
131	1	4236
132	2	2
133	2	608
134	2	624
135	2	668
136	2	669
137	2	2449
138	2	2452
139	2	2454
140	2	2455
141	2	2456
142	2	2853
143	2	4224
144	2	4226
145	2	4227
146	2	4228
147	2	4229
148	2	4230
149	3	3
150	3	4
151	3	6
152	3	8
153	3	10
154	3	11
155	3	12
156	3	245
157	3	288
158	3	290
159	3	291
160	3	292
161	3	294
162	3	296
163	3	297
164	3	298
165	3	299
166	3	300
167	3	301
168	3	302
169	3	303
170	3	304
171	3	306
172	3	307
173	3	308
174	3	309
175	3	310
176	3	311
177	3	312
178	3	313
179	3	314
180	3	315
181	3	316
182	3	317
183	3	318
184	3	319
185	3	320
186	3	321
187	3	322
188	3	325
189	3	326
190	3	327
191	3	328
192	3	329
193	3	332
194	3	333
195	3	609
196	3	611
197	3	613
198	3	614
199	3	618
200	3	620
201	3	621
202	3	622
203	3	623
204	3	625
205	3	628
206	3	630
207	3	631
208	3	632
209	3	634
210	3	636
211	3	638
212	3	641
213	3	642
214	3	645
215	3	647
216	3	650
217	3	651
218	3	652
219	3	653
220	3	654
221	3	655
222	3	656
223	3	657
224	3	658
225	3	659
226	3	662
227	3	663
228	3	664
229	3	665
230	3	667
231	3	710
232	3	754
233	3	756
234	3	759
235	3	988
236	3	990
237	3	1259
238	3	1725
239	3	1726
240	3	1727
241	3	1944
242	3	2172
243	3	2174
244	3	2223
245	3	2224
246	3	2225
247	3	2229
248	3	2230
249	3	2233
250	3	2450
251	3	2460
252	3	2464
253	3	2467
254	3	2473
255	3	2475
256	3	2877
257	3	3146
258	3	3296
259	3	3297
260	3	3698
261	3	3702
262	3	3705
263	3	3708
264	3	3709
265	3	3711
266	3	3712
267	3	3933
268	3	4074
269	3	4075
270	3	4141
271	3	4233
272	5	5
273	5	7
274	5	9
275	5	244
276	5	247
277	5	285
278	5	289
279	5	293
280	5	305
281	5	323
282	5	324
283	5	330
284	5	331
285	5	334
286	5	335
287	5	336
288	5	612
289	5	619
290	5	626
291	5	627
292	5	629
293	5	633
294	5	635
295	5	637
296	5	639
297	5	640
298	5	643
299	5	644
300	5	646
301	5	648
302	5	666
303	5	672
304	5	708
305	5	709
306	5	711
307	5	757
308	5	758
309	5	2034
310	5	2035
311	5	2173
312	5	2175
313	5	2176
314	5	2226
315	5	2227
316	5	2228
317	5	2231
318	5	2232
319	5	2448
320	5	2450
321	5	2451
322	5	2459
323	5	2465
324	5	2474
325	5	2852
326	5	3710
327	5	3938
328	5	4078
329	5	4089
330	5	4234
331	5	4236
332	27	288
333	27	289
334	27	290
335	27	291
336	27	294
337	27	296
338	27	297
339	27	298
340	27	299
341	27	300
342	27	301
343	27	302
344	27	303
345	27	304
346	27	305
347	27	306
348	27	307
349	27	308
350	27	309
351	27	310
352	27	311
353	27	312
354	27	313
355	27	314
356	27	315
357	27	316
358	27	317
359	27	318
360	27	319
361	27	320
362	27	321
363	27	322
364	27	323
365	27	324
366	27	325
367	27	326
368	27	327
369	27	328
370	27	329
371	27	330
372	27	331
373	27	332
374	27	333
375	27	334
376	27	335
377	27	336
378	27	608
379	27	609
380	27	611
381	27	612
382	27	613
383	27	614
384	27	620
385	27	621
386	27	622
387	27	623
388	27	639
389	27	640
390	27	641
391	27	642
392	27	643
393	27	644
394	27	647
395	27	648
396	27	650
397	27	651
398	27	652
399	27	653
400	27	654
401	27	655
402	27	656
403	27	657
404	27	658
405	27	659
406	27	662
407	27	663
408	27	664
409	27	665
410	27	666
411	27	667
412	27	668
413	27	669
414	27	758
415	27	759
416	27	988
417	27	990
418	27	1259
419	27	1725
420	27	1726
421	27	1727
422	27	1944
423	27	2223
424	27	2224
425	27	2225
426	27	2228
427	27	2229
428	27	2230
429	27	2231
430	27	2232
431	27	2233
432	27	2448
433	27	2449
434	27	2450
435	27	2451
436	27	2452
437	27	2454
438	27	2455
439	27	2456
440	27	2473
441	27	2474
442	27	2475
443	27	2852
444	27	2853
445	27	3148
446	27	3296
447	27	3297
448	27	3702
449	27	3705
450	27	3710
451	27	3711
452	27	3712
453	27	4074
454	27	4075
455	27	4078
456	27	4089
457	27	4141
458	27	4224
459	27	4226
460	27	4227
461	27	4228
462	27	4229
463	27	4230
464	27	4236
465	403	3148
\.


--
-- Data for Name: auth_group; Type: TABLE DATA; Schema: public; Owner: -
--

COPY public.auth_group (id, name) FROM stdin;
\.


--
-- Data for Name: auth_group_permissions; Type: TABLE DATA; Schema: public; Owner: -
--

COPY public.auth_group_permissions (id, group_id, permission_id) FROM stdin;
\.


--
-- Data for Name: auth_permission; Type: TABLE DATA; Schema: public; Owner: -
--

COPY public.auth_permission (id, name, content_type_id, codename) FROM stdin;
97	Can add peptide	25	add_peptide
98	Can change peptide	25	change_peptide
99	Can delete peptide	25	delete_peptide
100	Can view peptide	25	view_peptide
101	Can add peptide segment	26	add_peptidesegment
102	Can change peptide segment	26	change_peptidesegment
103	Can delete peptide segment	26	delete_peptidesegment
104	Can view peptide segment	26	view_peptidesegment
105	Can add django job	27	add_djangojob
106	Can change django job	27	change_djangojob
107	Can delete django job	27	delete_djangojob
108	Can view django job	27	view_djangojob
109	Can add django job execution	28	add_djangojobexecution
110	Can change django job execution	28	change_djangojobexecution
111	Can delete django job execution	28	delete_djangojobexecution
112	Can view django job execution	28	view_djangojobexecution
1	Can add log entry	1	add_logentry
2	Can change log entry	1	change_logentry
3	Can delete log entry	1	delete_logentry
4	Can view log entry	1	view_logentry
5	Can add permission	2	add_permission
6	Can change permission	2	change_permission
7	Can delete permission	2	delete_permission
8	Can view permission	2	view_permission
9	Can add group	3	add_group
10	Can change group	3	change_group
11	Can delete group	3	delete_group
12	Can view group	3	view_group
13	Can add user	4	add_user
14	Can change user	4	change_user
15	Can delete user	4	delete_user
16	Can view user	4	view_user
17	Can add content type	5	add_contenttype
18	Can change content type	5	change_contenttype
19	Can delete content type	5	delete_contenttype
20	Can view content type	5	view_contenttype
21	Can add session	6	add_session
22	Can change session	6	change_session
23	Can delete session	6	delete_session
24	Can view session	6	view_session
25	Can add alignment	7	add_alignment
26	Can change alignment	7	change_alignment
27	Can delete alignment	7	delete_alignment
28	Can view alignment	7	view_alignment
29	Can add annotation type	8	add_annotationtype
30	Can change annotation type	8	change_annotationtype
31	Can delete annotation type	8	delete_annotationtype
32	Can view annotation type	8	view_annotationtype
33	Can add property	9	add_property
34	Can change property	9	change_property
35	Can delete property	9	delete_property
36	Can view property	9	view_property
37	Can add sequence	10	add_sequence
38	Can change sequence	10	change_sequence
39	Can delete sequence	10	delete_sequence
40	Can view sequence	10	view_sequence
41	Can add sample	11	add_sample
42	Can change sample	11	change_sample
43	Can delete sample	11	delete_sample
44	Can view sample	11	view_sample
45	Can add reference	12	add_reference
46	Can change reference	12	change_reference
47	Can delete reference	12	delete_reference
48	Can view reference	12	view_reference
49	Can add sample2 property	13	add_sample2property
50	Can change sample2 property	13	change_sample2property
51	Can delete sample2 property	13	delete_sample2property
52	Can view sample2 property	13	view_sample2property
53	Can add gene	14	add_gene
54	Can change gene	14	change_gene
55	Can delete gene	14	delete_gene
56	Can view gene	14	view_gene
57	Can add replicon	15	add_replicon
58	Can change replicon	15	change_replicon
59	Can delete replicon	15	delete_replicon
60	Can view replicon	15	view_replicon
61	Can add gene segment	16	add_genesegment
62	Can change gene segment	16	change_genesegment
63	Can delete gene segment	16	delete_genesegment
64	Can view gene segment	16	view_genesegment
65	Can add lineage	17	add_lineage
66	Can change lineage	17	change_lineage
67	Can delete lineage	17	delete_lineage
68	Can view lineage	17	view_lineage
69	Can add import log	18	add_importlog
70	Can change import log	18	change_importlog
71	Can delete import log	18	delete_importlog
72	Can view import log	18	view_importlog
73	Can add file processing	19	add_fileprocessing
74	Can change file processing	19	change_fileprocessing
75	Can delete file processing	19	delete_fileprocessing
76	Can view file processing	19	view_fileprocessing
77	Can add processing job	20	add_processingjob
78	Can change processing job	20	change_processingjob
79	Can delete processing job	20	delete_processingjob
80	Can view processing job	20	view_processingjob
81	Can add nucleotide mutation	21	add_nucleotidemutation
82	Can change nucleotide mutation	21	change_nucleotidemutation
83	Can delete nucleotide mutation	21	delete_nucleotidemutation
84	Can view nucleotide mutation	21	view_nucleotidemutation
85	Can add amino acid mutation	22	add_aminoacidmutation
86	Can change amino acid mutation	22	change_aminoacidmutation
87	Can delete amino acid mutation	22	delete_aminoacidmutation
88	Can view amino acid mutation	22	view_aminoacidmutation
89	Can add django job	23	add_djangojob
90	Can change django job	23	change_djangojob
91	Can delete django job	23	delete_djangojob
92	Can view django job	23	view_djangojob
93	Can add django job execution	24	add_djangojobexecution
94	Can change django job execution	24	change_djangojobexecution
95	Can delete django job execution	24	delete_djangojobexecution
96	Can view django job execution	24	view_djangojobexecution
\.


--
-- Data for Name: auth_user; Type: TABLE DATA; Schema: public; Owner: -
--

COPY public.auth_user (id, password, last_login, is_superuser, username, first_name, last_name, email, is_staff, is_active, date_joined) FROM stdin;
\.


--
-- Data for Name: auth_user_groups; Type: TABLE DATA; Schema: public; Owner: -
--

COPY public.auth_user_groups (id, user_id, group_id) FROM stdin;
\.


--
-- Data for Name: auth_user_user_permissions; Type: TABLE DATA; Schema: public; Owner: -
--

COPY public.auth_user_user_permissions (id, user_id, permission_id) FROM stdin;
\.


--
-- Data for Name: cds; Type: TABLE DATA; Schema: public; Owner: -
--

COPY public.cds (id, accession, sequence, description, gene_id) FROM stdin;
1	QHD43418.1	MYSFVSEETGTLIVNSVLLFLAFVVFLLVTLAILTALRLCAYCCNIVNVSLVKPSFYVYSRVKNLNSSRVPDLLV	envelope protein	1
2	QHD43419.1	MADSNGTITVEELKKLLEQWNLVIGFLFLTWICLLQFAYANRNRFLYIIKLIFLWLLWPVTLACFVLAAVYRINWITGGIAIAMACLVGLMWLSYFIASFRLFARTRSMWSFNPETNILLNVPLHGTILTRPLLESELVIGAVILRGHLRIAGHHLGRCDIKDLPKEITVATSRTLSYYKLGASQRVAGDSGFAAYSRYRIGNYKLNTDHSSSSDNIALLVQ	membrane glycoprotein	2
3	QHD43423.2	MSDNGPQNQRNAPRITFGGPSDSTGSNQNGERSGARSKQRRPQGLPNNTASWFTALTQHGKEDLKFPRGQGVPINTNSSPDDQIGYYRRATRRIRGGDGKMKDLSPRWYFYYLGTGPEAGLPYGANKDGIIWVATEGALNTPKDHIGTRNPANNAAIVLQLPQGTTLPKGFYAEGSRGGSQASSRSSSRSRNSSRNSTPGSSRGTSPARMAGNGGDAALALLLLDRLNQLESKMSGKGQQQQGQTVTKKSAAEASKKPRQKRTATKAYNVTQAFGRRGPEQTQGNFGDQELIRQGTDYKHWPQIAQFAPSASAFFGMSRIGMEVTPSGTWLTYTGAIKLDDKDPNFKDQVILLNKHIDAYKTFPPTEPKKDKKKKADETQALPQRQKKQQTVTLLPAADLDDFSKQLQQSMSSADSTQA	nucleocapsid phosphoprotein	3
4	ORF1a	MESLVPGFNEKTHVQLSLPVLQVRDVLVRGFGDSVEEVLSEARQHLKDGTCGLVEVEKGVLPQLEQPYVFIKRSDARTAPHGHVMVELVAELEGIQYGRSGETLGVLVPHVGEIPVAYRKVLLRKNGNKGAGGHSYGADLKSFDLGDELGTDPYEDFQENWNTKHSSGVTRELMRELNGGAYTRYVDNNFCGPDGYPLECIKDLLARAGKASCTLSEQLDFIDTKRGVYCCREHEHEIAWYTERSEKSYELQTPFEIKLAKKFDTFNGECPNFVFPLNSIIKTIQPRVEKKKLDGFMGRIRSVYPVASPNECNQMCLSTLMKCDHCGETSWQTGDFVKATCEFCGTENLTKEGATTCGYLPQNAVVKIYCPACHNSEVGPEHSLAEYHNESGLKTILRKGGRTIAFGGCVFSYVGCHNKCAYWVPRASANIGCNHTGVVGEGSEGLNDNLLEILQKEKVNINIVGDFKLNEEIAIILASFSASTSAFVETVKGLDYKAFKQIVESCGNFKVTKGKAKKGAWNIGEQKSILSPLYAFASEAARVVRSIFSRTLETAQNSVRVLQKAAITILDGISQYSLRLIDAMMFTSDLATNNLVVMAYITGGVVQLTSQWLTNIFGTVYEKLKPVLDWLEEKFKEGVEFLRDGWEIVKFISTCACEIVGGQIVTCAKEIKESVQTFFKLVNKFLALCADSIIIGGAKLKALNLGETFVTHSKGLYRKCVKSREETGLLMPLKAPKEIIFLEGETLPTEVLTEEVVLKTGDLQPLEQPTSEAVEAPLVGTPVCINGLMLLEIKDTEKYCALAPNMMVTNNTFTLKGGAPTKVTFGDDTVIEVQGYKSVNITFELDERIDKVLNEKCSAYTVELGTEVNEFACVVADAVIKTLQPVSELLTPLGIDLDEWSMATYYLFDESGEFKLASHMYCSFYPPDEDEEEGDCEEEEFEPSTQYEYGTEDDYQGKPLEFGATSAALQPEEEQEEDWLDDDSQQTVGQQDGSEDNQTTTIQTIVEVQPQLEMELTPVVQTIEVNSFSGYLKLTDNVYIKNADIVEEAKKVKPTVVVNAANVYLKHGGGVAGALNKATNNAMQVESDDYIATNGPLKVGGSCVLSGHNLAKHCLHVVGPNVNKGEDIQLLKSAYENFNQHEVLLAPLLSAGIFGADPIHSLRVCVDTVRTNVYLAVFDKNLYDKLVSSFLEMKSEKQVEQKIAEIPKEEVKPFITESKPSVEQRKQDDKKIKACVEEVTTTLEETKFLTENLLLYIDINGNLHPDSATLVSDIDITFLKKDAPYIVGDVVQEGVLTAVVIPTKKAGGTTEMLAKALRKVPTDNYITTYPGQGLNGYTVEEAKTVLKKCKSAFYILPSIISNEKQEILGTVSWNLREMLAHAEETRKLMPVCVETKAIVSTIQRKYKGIKIQEGVVDYGARFYFYTSKTTVASLINTLNDLNETLVTMPLGYVTHGLNLEEAARYMRSLKVPATVSVSSPDAVTAYNGYLTSSSKTPEEHFIETISLAGSYKDWSYSGQSTQLGIEFLKRGDKSVYYTSNPTTFHLDGEVITFDNLKTLLSLREVRTIKVFTTVDNINLHTQVVDMSMTYGQQFGPTYLDGADVTKIKPHNSHEGKTFYVLPNDDTLRVEAFEYYHTTDPSFLGRYMSALNHTKKWKYPQVNGLTSIKWADNNCYLATALLTLQQIELKFNPPALQDAYYRARAGEAANFCALILAYCNKTVGELGDVRETMSYLFQHANLDSCKRVLNVVCKTCGQQQTTLKGVEAVMYMGTLSYEQFKKGVQIPCTCGKQATKYLVQQESPFVMMSAPPAQYELKHGTFTCASEYTGNYQCGHYKHITSKETLYCIDGALLTKSSEYKGPITDVFYKENSYTTTIKPVTYKLDGVVCTEIDPKLDNYYKKDNSYFTEQPIDLVPNQPYPNASFDNFKFVCDNIKFADDLNQLTGYKKPASRELKVTFFPDLNGDVVAIDYKHYTPSFKKGAKLLHKPIVWHVNNATNKATYKPNTWCIRCLWSTKPVETSNSFDVLKSEDAQGMDNLACEDLKPVSEEVVENPTIQKDVLECNVKTTEVVGDIILKPANNSLKITEEVGHTDLMAAYVDNSSLTIKKPNELSRVLGLKTLATHGLAAVNSVPWDTIANYAKPFLNKVVSTTTNIVTRCLNRVCTNYMPYFFTLLLQLCTFTRSTNSRIKASMPTTIAKNTVKSVGKFCLEASFNYLKSPNFSKLINIIIWFLLLSVCLGSLIYSTAALGVLMSNLGMPSYCTGYREGYLNSTNVTIATYCTGSIPCSVCLSGLDSLDTYPSLETIQITISSFKWDLTAFGLVAEWFLAYILFTRFFYVLGLAAIMQLFFSYFAVHFISNSWLMWLIINLVQMAPISAMVRMYIFFASFYYVWKSYVHVVDGCNSSTCMMCYKRNRATRVECTTIVNGVRRSFYVYANGGKGFCKLHNWNCVNCDTFCAGSTFISDEVARDLSLQFKRPINPTDQSSYIVDSVTVKNGSIHLYFDKAGQKTYERHSLSHFVNLDNLRANNTKGSLPINVIVFDGKSKCEESSAKSASVYYSQLMCQPILLLDQALVSDVGDSAEVAVKMFDAYVNTFSSTFNVPMEKLKTLVATAEAELAKNVSLDNVLSTFISAARQGFVDSDVETKDVVECLKLSHQSDIEVTGDSCNNYMLTYNKVENMTPRDLGACIDCSARHINAQVAKSHNIALIWNVKDFMSLSEQLRKQIRSAAKKNNLPFKLTCATTRQVVNVVTTKIALKGGKIVNNWLKQLIKVTLVFLFVAAIFYLITPVHVMSKHTDFSSEIIGYKAIDGGVTRDIASTDTCFANKHADFDTWFSQRGGSYTNDKACPLIAAVITREVGFVVPGLPGTILRTTNGDFLHFLPRVFSAVGNICYTPSKLIEYTDFATSACVLAAECTIFKDASGKPVPYCYDTNVLEGSVAYESLRPDTRYVLMDGSIIQFPNTYLEGSVRVVTTFDSEYCRHGTCERSEAGVCVSTSGRWVLNNDYYRSLPGVFCGVDAVNLLTNMFTPLIQPIGALDISASIVAGGIVAIVVTCLAYYFMRFRRAFGEYSHVVAFNTLLFLMSFTVLCLTPVYSFLPGVYSVIYLYLTFYLTNDVSFLAHIQWMVMFTPLVPFWITIAYIICISTKHFYWFFSNYLKRRVVFNGVSFSTFEEAALCTFLLNKEMYLKLRSDVLLPLTQYNRYLALYNKYKYFSGAMDTTSYREAACCHLAKALNDFSNSGSDVLYQPPQTSITSAVLQSGFRKMAFPSGKVEGCMVQVTCGTTTLNGLWLDDVVYCPRHVICTSEDMLNPNYEDLLIRKSNHNFLVQAGNVQLRVIGHSMQNCVLKLKVDTANPKTPKYKFVRIQPGQTFSVLACYNGSPSGVYQCAMRPNFTIKGSFLNGSCGSVGFNIDYDCVSFCYMHHMELPTGVHAGTDLEGNFYGPFVDRQTAQAAGTDTTITVNVLAWLYAAVINGDRWFLNRFTTTLNDFNLVAMKYNYEPLTQDHVDILGPLSAQTGIAVLDMCASLKELLQNGMNGRTILGSALLEDEFTPFDVVRQCSGVTFQSAVKRTIKGTHHWLLLTILTSLLVLVQSTQWSLFFFLYENAFLPFAMGIIAMSAFAMMFVKHKHAFLCLFLLPSLATVAYFNMVYMPASWVMRIMTWLDMVDTSLSGFKLKDCVMYASAVVLLILMTARTVYDDGARRVWTLMNVLTLVYKVYYGNALDQAISMWALIISVTSNYSGVVTTVMFLARGIVFMCVEYCPIFFITGNTLQCIMLVYCFLGYFCTCYFGLFCLLNRYFRLTLGVYDYLVSTQEFRYMNSQGLLPPKNSIDAFKLNIKLLGVGGKPCIKVATVQSKMSDVKCTSVVLLSVLQQLRVESSSKLWAQCVQLHNDILLAKDTTEAFEKMVSLLSVLLSMQGAVDINKLCEEMLDNRATLQAIASEFSSLPSYAAFATAQEAYEQAVANGDSEVVLKKLKKSLNVAKSEFDRDAAMQRKLEKMADQAMTQMYKQARSEDKRAKVTSAMQTMLFTMLRKLDNDALNNIINNARDGCVPLNIIPLTTAAKLMVVIPDYNTYKNTCDGTTFTYASALWEIQQVVDADSKIVQLSEISMDNSPNLAWPLIVTALRANSAVKLQNNELSPVALRQMSCAAGTTQTACTDDNALAYYNTTKGGRFVLALLSDLQDLKWARFPKSDGTGTIYTELEPPCRFVTDTPKGPKVKYLYFIKGLNNLNRGMVLGSLAATVRLQAGNATEVPANSTVLSFCAFAVDAAKAYKDYLASGGQPITNCVKMLCTHTGTGQAITVTPEANMDQESFGGASCCLYCRCHIDHPNPKGFCDLKGKYVQIPTTCANDPVGFTLKNTVCTVCGMWKGYGCSCDQLREPMLQSADAQSFLN		4
5	ORF1b	RVCGVSAARLTPCGTGTSTDVVYRAFDIYNDKVAGFAKFLKTNCCRFQEKDEDDNLIDSYFVVKRHTFSNYQHEETIYNLLKDCPAVAKHDFFKFRIDGDMVPHISRQRLTKYTMADLVYALRHFDEGNCDTLKEILVTYNCCDDDYFNKKDWYDFVENPDILRVYANLGERVRQALLKTVQFCDAMRNAGIVGVLTLDNQDLNGNWYDFGDFIQTTPGSGVPVVDSYYSLLMPILTLTRALTAESHVDTDLTKPYIKWDLLKYDFTEERLKLFDRYFKYWDQTYHPNCVNCLDDRCILHCANFNVLFSTVFPPTSFGPLVRKIFVDGVPFVVSTGYHFRELGVVHNQDVNLHSSRLSFKELLVYAADPAMHAASGNLLLDKRTTCFSVAALTNNVAFQTVKPGNFNKDFYDFAVSKGFFKEGSSVELKHFFFAQDGNAAISDYDYYRYNLPTMCDIRQLLFVVEVVDKYFDCYDGGCINANQVIVNNLDKSAGFPFNKWGKARLYYDSMSYEDQDALFAYTKRNVIPTITQMNLKYAISAKNRARTVAGVSICSTMTNRQFHQKLLKSIAATRGATVVIGTSKFYGGWHNMLKTVYSDVENPHLMGWDYPKCDRAMPNMLRIMASLVLARKHTTCCSLSHRFYRLANECAQVLSEMVMCGGSLYVKPGGTSSGDATTAYANSVFNICQAVTANVNALLSTDGNKIADKYVRNLQHRLYECLYRNRDVDTDFVNEFYAYLRKHFSMMILSDDAVVCFNSTYASQGLVASIKNFKSVLYYQNNVFMSEAKCWTETDLTKGPHEFCSQHTMLVKQGDDYVYLPYPDPSRILGAGCFVDDIVKTDGTLMIERFVSLAIDAYPLTKHPNQEYADVFHLYLQYIRKLHDELTGHMLDMYSVMLTNDNTSRYWEPEFYEAMYTPHTVLQAVGACVLCNSQTSLRCGACIRRPFLCCKCCYDHVISTSHKLVLSVNPYVCNAPGCDVTDVTQLYLGGMSYYCKSHKPPISFPLCANGQVFGLYKNTCVGSDNVTDFNAIATCDWTNAGDYILANTCTERLKLFAAETLKATEETFKLSYGIATVREVLSDRELHLSWEVGKPRPPLNRNYVFTGYRVTKNSKVQIGEYTFEKGDYGDAVVYRGTTTYKLNVGDYFVLTSHTVMPLSAPTLVPQEHYVRITGLYPTLNISDEFSSNVANYQKVGMQKYSTLQGPPGTGKSHFAIGLALYYPSARIVYTACSHAAVDALCEKALKYLPIDKCSRIIPARARVECFDKFKVNSTLEQYVFCTVNALPETTADIVVFDEISMATNYDLSVVNARLRAKHYVYIGDPAQLPAPRTLLTKGTLEPEYFNSVCRLMKTIGPDMFLGTCRRCPAEIVDTVSALVYDNKLKAHKDKSAQCFKMFYKGVITHDVSSAINRPQIGVVREFLTRNPAWRKAVFISPYNSQNAVASKILGLPTQTVDSSQGSEYDYVIFTQTTETAHSCNVNRFNVAITRAKVGILCIMSDRDLYDKLQFTSLEIPRRNVATLQAENVTGLFKDCSKVITGLHPTQAPTHLSVDTKFKTEGLCVDIPGIPKDMTYRRLISMMGFKMNYQVNGYPNMFITREEAIRHVRAWIGFDVEGCHATREAVGTNLPLQLGFSTGVNLVAVPTGYVDTPNNTDFSRVSAKPPPGDQFKHLIPLMYKGLPWNVVRIKIVQMLSDTLKNLSDRVVFVLWAHGFELTSMKYFVKIGPERTCCLCDRRATCFSTASDTYACWHHSIGFDYVYNPFMIDVQQWGFTGNLQSNHDLYCQVHGNAHVASCDAIMTRCLAVHECFVKRVDWTIEYPIIGDELKINAACRKVQHMVVKAALLADKFPVLHDIGNPKAIKCVPQADVEWKFYDAQPCSDKAYKIEELFYSYATHSDKFTDGVCLFWNCNVDRYPANSIVCRFDTRVLSNLNLPGCDGGSLYVNKHAFHTPAFDKSAFVNLKQLPFFYYSDSPCESHGKQVVSDIDYVPLKSATCITRCNLGGAVCRHHANEYRLYLDAYNMMISAGFSLWVYKQFDTYNLWNTFTRLQSLENVAFNVVNKGHFDGQQGEVPVSIINNTVYTKVDGVDVELFENKTTLPVNVAFELWAKRNIKPVPEVKILNNLGVDIAANTVIWDYKRDAPAHISTIGVCSMTDIAKKPTETICAPLTVFFDGRVDGQVDLFRNARNGVLITEGSVKGLQPSVGPKQASLNGVTLIGEAVKTQFNYYKKVDGVVQQLPETYFTQSRNLQEFKPRSQMEIDFLELAMDEFIERYKLEGYAFEHIVYGDFSHSQLGGLHLLIGLAKRFKESPFELEDFIPMDSTVKNYFITDAQTGSSKCVCSVIDLLLDDFVEIIKSQDLSVVSKVVKVTIDYTEISFMLWCKDGHVETFYPKLQSSQAWQPGVAMPNLYKMQRMLLEKCDLQNYGDSATLPKGIMMNVAKYTQLCQYLNTLTLAVPYNMRVIHFGAGSDKGVAPGTAVLRQWLPTGTLLVDSDLNDFVSDADSTLIGDCATVHTANKWDLIISDMYDPKTKNVTKENDSKEGFFTYICGFIQQKLALGGSVAIKITEHSWNADLYKLMGHFAWWTAFVTNVNASSSEAFLIGCNYLGKPREQIDGYVMHANYIFWRNTNPIQLSSYSLFDMSKFPLKLRGTAVMSLKEGQINDMILSLLSKGRLIIRENNRVVISSDVLVNN		5
6	QHD43417.1	MDLFMRIFTIGTVTLKQGEIKDATPSDFVRATATIPIQASLPFGWLIVGVALLAVFQSASKIITLKKRWQLALSKGVHFVCNLLLLFVTVYSHLLLVAAGLEAPFLYLYALVYFLQSINFVRIIMRLWLCWKCRSKNPLLYDANYFLCWHTNCYDYCIPYNSVTSSIVITSGDGTTSPISEHDYQIGGYTEKWESGVKDCVVLHSYFTSDYYQLYSTQLSTDTGVEHVTFFIYNKIVDEPEEHVQIHTIDGSSGVVNPVMEPIYDEPTTTTSVPL	ORF3a protein	6
7	QHD43420.1	MFHLVDFQVTIAEILLIIMRTFKVSIWNLDYIINLIIKNLSKSLTENKYSQLDEEQPMEID	ORF6 protein	7
8	QHD43421.1	MKIILFLALITLATCELYHYQECVRGTTVLLKEPCSSGTYEGNSPFHPLADNKFALTCFSTQFAFACPDGVKHVYQLRARSVSPKLFIRQEEVQELYSPIFLIVAAIVFITLCFTLKRKTE	ORF7a protein	8
9	ORF7b	MIELSLIDFYLCFLAFLLFLVLIMLIIFWFSLELQDHNETCHA		9
10	QHD43422.1	MKFLVFLGIITTVAAFHQECSLQSCTQHQPYVVDDPCPIHFYSKWYIRVGARKSAPLIELCVDEAGSKSPIQYIDIGNYTVSCLPFTINCQEPKLGSLVVRCSFYEDFLEYHDVRVVLDFI	ORF8 protein	10
11	ORF9b	MDPKISEMHPALRLVDPQIQLAVTRMENAVGRDQNNVGPKVYPIILRLGSPLSLNMARKTLNSLEDKAFQLTPIAVQMTKLATTEELPDEFVVVTVK		11
12	QHD43416.1	MFVFLVLLPLVSSQCVNLTTRTQLPPAYTNSFTRGVYYPDKVFRSSVLHSTQDLFLPFFSNVTWFHAIHVSGTNGTKRFDNPVLPFNDGVYFASTEKSNIIRGWIFGTTLDSKTQSLLIVNNATNVVIKVCEFQFCNDPFLGVYYHKNNKSWMESEFRVYSSANNCTFEYVSQPFLMDLEGKQGNFKNLREFVFKNIDGYFKIYSKHTPINLVRDLPQGFSALEPLVDLPIGINITRFQTLLALHRSYLTPGDSSSGWTAGAAAYYVGYLQPRTFLLKYNENGTITDAVDCALDPLSETKCTLKSFTVEKGIYQTSNFRVQPTESIVRFPNITNLCPFGEVFNATRFASVYAWNRKRISNCVADYSVLYNSASFSTFKCYGVSPTKLNDLCFTNVYADSFVIRGDEVRQIAPGQTGKIADYNYKLPDDFTGCVIAWNSNNLDSKVGGNYNYLYRLFRKSNLKPFERDISTEIYQAGSTPCNGVEGFNCYFPLQSYGFQPTNGVGYQPYRVVVLSFELLHAPATVCGPKKSTNLVKNKCVNFNFNGLTGTGVLTESNKKFLPFQQFGRDIADTTDAVRDPQTLEILDITPCSFGGVSVITPGTNTSNQVAVLYQDVNCTEVPVAIHADQLTPTWRVYSTGSNVFQTRAGCLIGAEHVNNSYECDIPIGAGICASYQTQTNSPRRARSVASQSIIAYTMSLGAENSVAYSNNSIAIPTNFTISVTTEILPVSMTKTSVDCTMYICGDSTECSNLLLQYGSFCTQLNRALTGIAVEQDKNTQEVFAQVKQIYKTPPIKDFGGFNFSQILPDPSKPSKRSFIEDLLFNKVTLADAGFIKQYGDCLGDIAARDLICAQKFNGLTVLPPLLTDEMIAQYTSALLAGTITSGWTFGAGAALQIPFAMQMAYRFNGIGVTQNVLYENQKLIANQFNSAIGKIQDSLSSTASALGKLQDVVNQNAQALNTLVKQLSSNFGAISSVLNDILSRLDKVEAEVQIDRLITGRLQSLQTYVTQQLIRAAEIRASANLAATKMSECVLGQSKRVDFCGKGYHLMSFPQSAPHGVVFLHVTYVPAQEKNFTTAPAICHDGKAHFPREGVFVSNGTHWFVTQRNFYEPQIITTDNTFVSGNCDVVIGIVNNTVYDPLQPELDSFKEELDKYFKNHTSPDVDLGDISGINASVVNIQKEIDRLNEVAKNLNESLIDLQELGKYEQYIKWPWYIWLGFIAGLIAIVMVTIMLCCMTSCCSCLKGCCSCGSCCKFDEDDSEPVLKGVKLHYT	surface glycoprotein	12
\.


--
-- Data for Name: cds_segment; Type: TABLE DATA; Schema: public; Owner: -
--

COPY public.cds_segment (id, "order", start, "end", forward_strand, cds_id) FROM stdin;
1	1	26244	26472	t	1
2	1	26522	27191	t	2
3	1	28273	29533	t	3
4	1	265	13468	t	4
5	1	13467	21555	t	5
6	1	25392	26220	t	6
7	1	27201	27387	t	7
8	1	27393	27759	t	8
9	1	27755	27887	t	9
10	1	27893	28259	t	10
11	1	28283	28577	t	11
12	1	21562	25384	t	12
\.


--
-- Data for Name: django_admin_log; Type: TABLE DATA; Schema: public; Owner: -
--

COPY public.django_admin_log (id, action_time, object_id, object_repr, action_flag, change_message, content_type_id, user_id) FROM stdin;
\.


--
-- Data for Name: django_apscheduler_djangojob; Type: TABLE DATA; Schema: public; Owner: -
--

COPY public.django_apscheduler_djangojob (id, next_run_time, job_state) FROM stdin;
data_import	\N	\\x8005954b010000000000007d94288c0776657273696f6e944b018c026964948c0b646174615f696d706f7274948c0466756e63948c40726573745f6170692e6d616e6167656d656e742e636f6d6d616e64732e72756e61707363686564756c65723a7363686564756c65645f646174615f656e747279948c0774726967676572948c2b726573745f6170692e6d616e6167656d656e742e636f6d6d616e64732e72756e61707363686564756c6572948c114d616e75616c4f6e6c79547269676765729493942981948c086578656375746f72948c0764656661756c74948c046172677394298c066b7761726773947d948c046e616d65948c147363686564756c65645f646174615f656e747279948c126d6973666972655f67726163655f74696d65944b018c08636f616c6573636594888c0d6d61785f696e7374616e636573944b018c0d6e6578745f72756e5f74696d65944e752e
delete_old_job_executions	2025-09-29 00:00:00+00	\\x80059553040000000000007d94288c0776657273696f6e944b018c026964948c1964656c6574655f6f6c645f6a6f625f657865637574696f6e73948c0466756e63948c45726573745f6170692e6d616e6167656d656e742e636f6d6d616e64732e72756e61707363686564756c65723a64656c6574655f6f6c645f6a6f625f657865637574696f6e73948c0774726967676572948c1961707363686564756c65722e74726967676572732e63726f6e948c0b43726f6e547269676765729493942981947d942868014b028c0874696d657a6f6e65948c086275696c74696e73948c07676574617474729493948c087a6f6e65696e666f948c085a6f6e65496e666f9493948c095f756e7069636b6c6594869452948c03555443944b01869452948c0a73746172745f64617465944e8c08656e645f64617465944e8c066669656c6473945d94288c2061707363686564756c65722e74726967676572732e63726f6e2e6669656c6473948c09426173654669656c649493942981947d94288c046e616d65948c0479656172948c0a69735f64656661756c7494888c0b65787072657373696f6e73945d948c2561707363686564756c65722e74726967676572732e63726f6e2e65787072657373696f6e73948c0d416c6c45787072657373696f6e9493942981947d948c0473746570944e7362617562681d8c0a4d6f6e74684669656c649493942981947d942868228c056d6f6e74689468248868255d9468292981947d94682c4e7362617562681d8c0f4461794f664d6f6e74684669656c649493942981947d942868228c036461799468248868255d9468292981947d94682c4e7362617562681d8c095765656b4669656c649493942981947d942868228c047765656b9468248868255d9468292981947d94682c4e7362617562681d8c0e4461794f665765656b4669656c649493942981947d942868228c0b6461795f6f665f7765656b9468248968255d9468278c165765656b64617952616e676545787072657373696f6e9493942981947d9428682c4e8c056669727374944b008c046c617374944b007562617562681f2981947d942868228c04686f75729468248968255d9468278c0f52616e676545787072657373696f6e9493942981947d9428682c4e684f4b0068504b007562617562681f2981947d942868228c066d696e7574659468248968255d9468562981947d9428682c4e684f4b0068504b007562617562681f2981947d942868228c067365636f6e649468248868255d9468562981947d9428682c4e684f4b0068504b007562617562658c066a6974746572944e75628c086578656375746f72948c0764656661756c74948c046172677394298c066b7761726773947d94682268038c126d6973666972655f67726163655f74696d65944b018c08636f616c6573636594888c0d6d61785f696e7374616e636573944b018c0d6e6578745f72756e5f74696d65948c086461746574696d65948c086461746574696d65949394430a07e9091d00000000000094681886945294752e
\.


--
-- Data for Name: django_apscheduler_djangojobexecution; Type: TABLE DATA; Schema: public; Owner: -
--

COPY public.django_apscheduler_djangojobexecution (id, status, run_time, duration, finished, exception, traceback, job_id) FROM stdin;
\.


--
-- Data for Name: django_content_type; Type: TABLE DATA; Schema: public; Owner: -
--

COPY public.django_content_type (id, app_label, model) FROM stdin;
1	admin	logentry
2	auth	permission
3	auth	group
4	auth	user
5	contenttypes	contenttype
6	sessions	session
7	rest_api	alignment
8	rest_api	annotationtype
9	rest_api	property
10	rest_api	sequence
11	rest_api	sample
12	rest_api	reference
13	rest_api	sample2property
14	rest_api	gene
15	rest_api	replicon
16	rest_api	genesegment
17	rest_api	lineage
18	rest_api	importlog
19	rest_api	fileprocessing
20	rest_api	processingjob
21	rest_api	nucleotidemutation
22	rest_api	aminoacidmutation
23	rest_api	cds
24	rest_api	cdssegment
25	rest_api	peptide
26	rest_api	peptidesegment
27	django_apscheduler	djangojob
28	django_apscheduler	djangojobexecution
\.


--
-- Data for Name: django_migrations; Type: TABLE DATA; Schema: public; Owner: -
--

COPY public.django_migrations (id, app, name, applied) FROM stdin;
1	contenttypes	0001_initial	2025-09-26 12:48:13.323305+00
2	auth	0001_initial	2025-09-26 12:48:13.353077+00
3	admin	0001_initial	2025-09-26 12:48:13.365005+00
4	admin	0002_logentry_remove_auto_add	2025-09-26 12:48:13.37303+00
5	admin	0003_logentry_add_action_flag_choices	2025-09-26 12:48:13.38031+00
6	contenttypes	0002_remove_content_type_name	2025-09-26 12:48:13.391992+00
7	auth	0002_alter_permission_name_max_length	2025-09-26 12:48:13.399199+00
8	auth	0003_alter_user_email_max_length	2025-09-26 12:48:13.404891+00
9	auth	0004_alter_user_username_opts	2025-09-26 12:48:13.410088+00
10	auth	0005_alter_user_last_login_null	2025-09-26 12:48:13.419012+00
11	auth	0006_require_contenttypes_0002	2025-09-26 12:48:13.419818+00
12	auth	0007_alter_validators_add_error_messages	2025-09-26 12:48:13.425384+00
13	auth	0008_alter_user_username_max_length	2025-09-26 12:48:13.432515+00
14	auth	0009_alter_user_last_name_max_length	2025-09-26 12:48:13.444516+00
15	auth	0010_alter_group_name_max_length	2025-09-26 12:48:13.455253+00
16	auth	0011_update_proxy_permissions	2025-09-26 12:48:13.461953+00
17	auth	0012_alter_user_first_name_max_length	2025-09-26 12:48:13.469031+00
18	django_apscheduler	0001_initial	2025-09-26 12:48:13.4791+00
19	django_apscheduler	0002_auto_20180412_0758	2025-09-26 12:48:13.48232+00
20	django_apscheduler	0003_auto_20200716_1632	2025-09-26 12:48:13.498455+00
21	django_apscheduler	0004_auto_20200717_1043	2025-09-26 12:48:13.513419+00
22	django_apscheduler	0005_migrate_name_to_id	2025-09-26 12:48:13.532616+00
23	django_apscheduler	0006_remove_djangojob_name	2025-09-26 12:48:13.537255+00
24	django_apscheduler	0007_auto_20200717_1404	2025-09-26 12:48:13.54955+00
25	django_apscheduler	0008_remove_djangojobexecution_started	2025-09-26 12:48:13.560689+00
26	django_apscheduler	0009_djangojobexecution_unique_job_executions	2025-09-26 12:48:13.563656+00
27	rest_api	0001_initial	2025-09-26 12:48:13.727391+00
28	rest_api	0002_alter_sample2property_value_varchar_and_more	2025-09-26 12:48:13.743223+00
29	rest_api	0003_sample_properties_alter_element_accession_and_more	2025-09-26 12:48:13.847617+00
30	rest_api	0004_sample_properties_alter_sample2property_value_text	2025-09-26 12:48:13.879771+00
31	rest_api	0005_alter_alignment_id_alter_element_id_and_more	2025-09-26 12:48:14.011745+00
32	rest_api	0006_alignment2mutation_mutation_mutation2annotation_and_more	2025-09-26 12:48:14.292931+00
33	rest_api	0007_entereddata	2025-09-26 12:48:14.295526+00
34	rest_api	0008_alter_entereddata_name	2025-09-26 12:48:14.30819+00
35	rest_api	0009_remove_mutation_aa_profile_and_more	2025-09-26 12:48:14.394732+00
36	rest_api	0010_alter_mutation_unique_together	2025-09-26 12:48:14.404666+00
37	rest_api	0011_alter_mutation_unique_together	2025-09-26 12:48:14.415922+00
38	rest_api	0012_alter_mutation_unique_together	2025-09-26 12:48:14.427018+00
39	rest_api	0013_alter_entereddata_unique_together_and_more	2025-09-26 12:48:14.447933+00
40	rest_api	0014_sample_collection_date_sample_country_and_more	2025-09-26 12:48:14.486214+00
41	rest_api	0015_gene_genepart_sourceelement_remove_element_molecule_and_more	2025-09-26 12:48:14.563231+00
42	rest_api	0016_alter_gene_table	2025-09-26 12:48:14.575849+00
43	rest_api	0017_remove_gene_symbol	2025-09-26 12:48:14.581359+00
44	rest_api	0018_alter_mutation_element	2025-09-26 12:48:14.593346+00
45	rest_api	0019_replicon_rename_genepart_genesegment_and_more	2025-09-26 12:48:14.907553+00
46	rest_api	0020_remove_reference_standard	2025-09-26 12:48:14.919165+00
47	rest_api	0021_remove_alignment_element_remove_mutation_element_and_more	2025-09-26 12:48:14.986785+00
48	rest_api	0022_mutation_type	2025-09-26 12:48:14.992935+00
49	rest_api	0023_mutation_mutation_gene_id_2f1f1c_idx_and_more	2025-09-26 12:48:15.025797+00
50	rest_api	0024_mutation_mutation_label_94967f_idx	2025-09-26 12:48:15.364913+00
51	rest_api	0025_alignment_alignment_gene_id_81f250_idx	2025-09-26 12:48:15.451012+00
52	rest_api	0026_alignment2mutation_alignment2m_alignme_d1c719_idx	2025-09-26 12:48:15.464791+00
53	rest_api	0027_mutation_mutation_type_bf4ac1_idx	2025-09-26 12:48:15.479376+00
54	rest_api	0028_remove_mutation_mutation_label_94967f_idx_and_more	2025-09-26 12:48:15.531223+00
55	rest_api	0029_remove_alignment_alignment_gene_id_81f250_idx_and_more	2025-09-26 12:48:15.577686+00
56	rest_api	0030_delete_mutation2property	2025-09-26 12:48:15.579885+00
57	rest_api	0031_remove_annotationtype_test	2025-09-26 12:48:15.590563+00
58	rest_api	0032_annotationtype_impact	2025-09-26 12:48:15.595939+00
59	rest_api	0033_alter_alignment_id_alter_annotationtype_id_and_more	2025-09-26 12:48:15.678398+00
60	rest_api	0034_mutation_unique_mutation	2025-09-26 12:48:15.69514+00
61	rest_api	0035_mutation_unique_mutation_null_gene	2025-09-26 12:48:15.707398+00
62	rest_api	0036_alter_alignment2mutation_unique_together_and_more	2025-09-26 12:48:15.772156+00
63	rest_api	0037_mutation_unique_mutation_null_alt_and_more	2025-09-26 12:48:15.865209+00
64	rest_api	0038_annotationtype_unique_annotation_null_region	2025-09-26 12:48:15.878621+00
65	rest_api	0039_alter_gene_cds_accession_alter_gene_cds_symbol_and_more	2025-09-26 12:48:16.172647+00
66	rest_api	0040_alter_mutation_alt_alter_mutation_ref	2025-09-26 12:48:16.209146+00
67	rest_api	0041_reference_translation_id	2025-09-26 12:48:16.217487+00
68	rest_api	0042_alter_mutation_ref	2025-09-26 12:48:16.241189+00
69	rest_api	0043_alter_alignment_replicon_and_more	2025-09-26 12:48:16.308013+00
70	rest_api	0044_alter_mutation_gene_alter_mutation_replicon	2025-09-26 12:48:16.448223+00
71	rest_api	0045_alter_alignment_sequence	2025-09-26 12:48:16.470238+00
72	rest_api	0046_alter_alignment2mutation_mutation_and_more	2025-09-26 12:48:16.502422+00
73	rest_api	0047_alter_sample2property_value_float	2025-09-26 12:48:16.508738+00
74	rest_api	0048_lineage_lineagealias_delete_lineages_and_more	2025-09-26 12:48:16.533763+00
75	rest_api	0049_alter_mutation_alt	2025-09-26 12:48:16.553268+00
76	rest_api	0050_alter_sample_sequence	2025-09-26 12:48:16.566488+00
77	rest_api	0051_importlog_delete_entereddata_alter_sample_sequence_and_more	2025-09-26 12:48:16.579964+00
78	rest_api	0052_alter_mutation2annotation_alignment_and_more	2025-09-26 12:48:16.630985+00
79	rest_api	0053_fileprocessing_processingjob_and_more	2025-09-26 12:48:16.717034+00
80	rest_api	0054_alter_processingjob_entry_time_and_more	2025-09-26 12:48:16.724492+00
81	rest_api	0055_alter_gene_gene_accession	2025-09-26 12:48:16.73591+00
82	rest_api	0056_alter_mutation_alt_alter_mutation_ref	2025-09-26 12:48:16.764339+00
83	rest_api	0057_remove_sample_processing_date_and_more	2025-09-26 12:48:16.794447+00
84	rest_api	0058_remove_lineagealias_lineage_and_more	2025-09-26 12:48:16.815772+00
85	rest_api	0059_lineage_unique_lineage_parent_null	2025-09-26 12:48:16.818952+00
86	rest_api	0060_alter_importlog_type	2025-09-26 12:48:16.821912+00
87	rest_api	0061_auto_20241031_1135	2025-09-26 12:48:16.824798+00
88	rest_api	0062_sample_sample_name_be7a19_idx_and_more	2025-09-26 12:48:16.87+00
89	rest_api	0063_remove_mutation_parent_id_mutation_parent	2025-09-26 12:48:16.891177+00
90	rest_api	0064_remove_mutation_alignments_remove_mutation_gene_and_more	2025-09-26 12:48:17.284101+00
91	rest_api	0065_nucleotidemutation_unique_nt_mutation_null_alt_null_ref	2025-09-26 12:48:17.293136+00
92	rest_api	0066_remove_nucleotidemutation_unique_nt_mutation_null_alt_and_more	2025-09-26 12:48:17.339424+00
93	rest_api	0067_remove_aminoacidmutation_unique_aa_mutation_null_gene_and_more	2025-09-26 12:48:17.515098+00
94	rest_api	0068_cds_cdssegment_peptide_peptidesegment_and_more	2025-09-26 12:48:17.893145+00
95	rest_api	0069_remove_cdssegment_unique_cds_part_and_more	2025-09-26 12:48:17.927766+00
96	rest_api	0070_aminoacidmutation_is_frameshift_and_more	2025-09-26 12:48:17.992393+00
97	rest_api	0071_alter_reference_name	2025-09-26 12:48:17.996752+00
98	rest_api	0072_remove_aminoacidmutation_is_frameshift_and_more	2025-09-26 12:48:18.014158+00
99	rest_api	0073_remove_sample_length_remove_sample_sequence_and_more	2025-09-26 12:48:18.087259+00
100	rest_api	0074_alter_sequence_seqhash	2025-09-26 12:48:18.104935+00
101	sessions	0001_initial	2025-09-26 12:48:18.111971+00
\.


--
-- Data for Name: django_session; Type: TABLE DATA; Schema: public; Owner: -
--

COPY public.django_session (session_key, session_data, expire_date) FROM stdin;
\.


--
-- Data for Name: file_processing; Type: TABLE DATA; Schema: public; Owner: -
--

COPY public.file_processing (id, file_name, processing_job_id) FROM stdin;
1	2025-09-26_12-49-02.230.16383b.zip	1
2	2025-09-26_12-49-22.513.d32c00.zip	2
3	2025-09-26_12-49-32.682.cli_prop_69024f66-6ded-4464-8ff1-5e2ccf723d83.zip	3
\.


--
-- Data for Name: gene; Type: TABLE DATA; Schema: public; Owner: -
--

COPY public.gene (id, description, start, "end", accession, sequence, replicon_id, symbol, forward_strand, type, locus_tag) FROM stdin;
1		26244	26472	E	ATGTACTCATTCGTTTCGGAAGAGACAGGTACGTTAATAGTTAATAGCGTACTTCTTTTTCTTGCTTTCGTGGTATTCTTGCTAGTTACACTAGCCATCCTTACTGCGCTTCGATTGTGTGCGTACTGCTGCAATATTGTTAACGTGAGTCTTGTAAAACCTTCTTTTTACGTTTACTCTCGTGTTAAAAATCTGAATTCTTCTAGAGTTCCTGATCTTCTGGTCTAA	1	E	t	CDS	
2		26522	27191	M	ATGGCAGATTCCAACGGTACTATTACCGTTGAAGAGCTTAAAAAGCTCCTTGAACAATGGAACCTAGTAATAGGTTTCCTATTCCTTACATGGATTTGTCTTCTACAATTTGCCTATGCCAACAGGAATAGGTTTTTGTATATAATTAAGTTAATTTTCCTCTGGCTGTTATGGCCAGTAACTTTAGCTTGTTTTGTGCTTGCTGCTGTTTACAGAATAAATTGGATCACCGGTGGAATTGCTATCGCAATGGCTTGTCTTGTAGGCTTGATGTGGCTCAGCTACTTCATTGCTTCTTTCAGACTGTTTGCGCGTACGCGTTCCATGTGGTCATTCAATCCAGAAACTAACATTCTTCTCAACGTGCCACTCCATGGCACTATTCTGACCAGACCGCTTCTAGAAAGTGAACTCGTAATCGGAGCTGTGATCCTTCGTGGACATCTTCGTATTGCTGGACACCATCTAGGACGCTGTGACATCAAGGACCTGCCTAAAGAAATCACTGTTGCTACATCACGAACGCTTTCTTATTACAAATTGGGAGCTTCGCAGCGTGTAGCAGGTGACTCAGGTTTTGCTGCATACAGTCGCTACAGGATTGGCAACTATAAATTAAACACAGACCATTCCAGTAGCAGTGACAATATTGCTTTGCTTGTACAGTAA	1	M	t	CDS	
3		28273	29533	N	ATGTCTGATAATGGACCCCAAAATCAGCGAAATGCACCCCGCATTACGTTTGGTGGACCCTCAGATTCAACTGGCAGTAACCAGAATGGAGAACGCAGTGGGGCGCGATCAAAACAACGTCGGCCCCAAGGTTTACCCAATAATACTGCGTCTTGGTTCACCGCTCTCACTCAACATGGCAAGGAAGACCTTAAATTCCCTCGAGGACAAGGCGTTCCAATTAACACCAATAGCAGTCCAGATGACCAAATTGGCTACTACCGAAGAGCTACCAGACGAATTCGTGGTGGTGACGGTAAAATGAAAGATCTCAGTCCAAGATGGTATTTCTACTACCTAGGAACTGGGCCAGAAGCTGGACTTCCCTATGGTGCTAACAAAGACGGCATCATATGGGTTGCAACTGAGGGAGCCTTGAATACACCAAAAGATCACATTGGCACCCGCAATCCTGCTAACAATGCTGCAATCGTGCTACAACTTCCTCAAGGAACAACATTGCCAAAAGGCTTCTACGCAGAAGGGAGCAGAGGCGGCAGTCAAGCCTCTTCTCGTTCCTCATCACGTAGTCGCAACAGTTCAAGAAATTCAACTCCAGGCAGCAGTAGGGGAACTTCTCCTGCTAGAATGGCTGGCAATGGCGGTGATGCTGCTCTTGCTTTGCTGCTGCTTGACAGATTGAACCAGCTTGAGAGCAAAATGTCTGGTAAAGGCCAACAACAACAAGGCCAAACTGTCACTAAGAAATCTGCTGCTGAGGCTTCTAAGAAGCCTCGGCAAAAACGTACTGCCACTAAAGCATACAATGTAACACAAGCTTTCGGCAGACGTGGTCCAGAACAAACCCAAGGAAATTTTGGGGACCAGGAACTAATCAGACAAGGAACTGATTACAAACATTGGCCGCAAATTGCACAATTTGCCCCCAGCGCTTCAGCGTTCTTCGGAATGTCGCGCATTGGCATGGAAGTCACACCTTCGGGAACGTGGTTGACCTACACAGGTGCCATCAAATTGGATGACAAAGATCCAAATTTCAAAGATCAAGTCATTTTGCTGAATAAGCATATTGACGCATACAAAACATTCCCACCAACAGAGCCTAAAAAGGACAAAAAGAAGAAGGCTGATGAAACTCAAGCCTTACCGCAGAGACAGAAGAAACAGCAAACTGTGACTCTTCTTCCTGCTGCAGATTTGGATGATTTCTCCAAACAATTGCAACAATCCATGAGCAGTGCTGACTCAACTCAGGCCTAA	1	N	t	CDS	
4		265	13468	ORF1a	ATGGAGAGCCTTGTCCCTGGTTTCAACGAGAAAACACACGTCCAACTCAGTTTGCCTGTTTTACAGGTTCGCGACGTGCTCGTACGTGGCTTTGGAGACTCCGTGGAGGAGGTCTTATCAGAGGCACGTCAACATCTTAAAGATGGCACTTGTGGCTTAGTAGAAGTTGAAAAAGGCGTTTTGCCTCAACTTGAACAGCCCTATGTGTTCATCAAACGTTCGGATGCTCGAACTGCACCTCATGGTCATGTTATGGTTGAGCTGGTAGCAGAACTCGAAGGCATTCAGTACGGTCGTAGTGGTGAGACACTTGGTGTCCTTGTCCCTCATGTGGGCGAAATACCAGTGGCTTACCGCAAGGTTCTTCTTCGTAAGAACGGTAATAAAGGAGCTGGTGGCCATAGTTACGGCGCCGATCTAAAGTCATTTGACTTAGGCGACGAGCTTGGCACTGATCCTTATGAAGATTTTCAAGAAAACTGGAACACTAAACATAGCAGTGGTGTTACCCGTGAACTCATGCGTGAGCTTAACGGAGGGGCATACACTCGCTATGTCGATAACAACTTCTGTGGCCCTGATGGCTACCCTCTTGAGTGCATTAAAGACCTTCTAGCACGTGCTGGTAAAGCTTCATGCACTTTGTCCGAACAACTGGACTTTATTGACACTAAGAGGGGTGTATACTGCTGCCGTGAACATGAGCATGAAATTGCTTGGTACACGGAACGTTCTGAAAAGAGCTATGAATTGCAGACACCTTTTGAAATTAAATTGGCAAAGAAATTTGACACCTTCAATGGGGAATGTCCAAATTTTGTATTTCCCTTAAATTCCATAATCAAGACTATTCAACCAAGGGTTGAAAAGAAAAAGCTTGATGGCTTTATGGGTAGAATTCGATCTGTCTATCCAGTTGCGTCACCAAATGAATGCAACCAAATGTGCCTTTCAACTCTCATGAAGTGTGATCATTGTGGTGAAACTTCATGGCAGACGGGCGATTTTGTTAAAGCCACTTGCGAATTTTGTGGCACTGAGAATTTGACTAAAGAAGGTGCCACTACTTGTGGTTACTTACCCCAAAATGCTGTTGTTAAAATTTATTGTCCAGCATGTCACAATTCAGAAGTAGGACCTGAGCATAGTCTTGCCGAATACCATAATGAATCTGGCTTGAAAACCATTCTTCGTAAGGGTGGTCGCACTATTGCCTTTGGAGGCTGTGTGTTCTCTTATGTTGGTTGCCATAACAAGTGTGCCTATTGGGTTCCACGTGCTAGCGCTAACATAGGTTGTAACCATACAGGTGTTGTTGGAGAAGGTTCCGAAGGTCTTAATGACAACCTTCTTGAAATACTCCAAAAAGAGAAAGTCAACATCAATATTGTTGGTGACTTTAAACTTAATGAAGAGATCGCCATTATTTTGGCATCTTTTTCTGCTTCCACAAGTGCTTTTGTGGAAACTGTGAAAGGTTTGGATTATAAAGCATTCAAACAAATTGTTGAATCCTGTGGTAATTTTAAAGTTACAAAAGGAAAAGCTAAAAAAGGTGCCTGGAATATTGGTGAACAGAAATCAATACTGAGTCCTCTTTATGCATTTGCATCAGAGGCTGCTCGTGTTGTACGATCAATTTTCTCCCGCACTCTTGAAACTGCTCAAAATTCTGTGCGTGTTTTACAGAAGGCCGCTATAACAATACTAGATGGAATTTCACAGTATTCACTGAGACTCATTGATGCTATGATGTTCACATCTGATTTGGCTACTAACAATCTAGTTGTAATGGCCTACATTACAGGTGGTGTTGTTCAGTTGACTTCGCAGTGGCTAACTAACATCTTTGGCACTGTTTATGAAAAACTCAAACCCGTCCTTGATTGGCTTGAAGAGAAGTTTAAGGAAGGTGTAGAGTTTCTTAGAGACGGTTGGGAAATTGTTAAATTTATCTCAACCTGTGCTTGTGAAATTGTCGGTGGACAAATTGTCACCTGTGCAAAGGAAATTAAGGAGAGTGTTCAGACATTCTTTAAGCTTGTAAATAAATTTTTGGCTTTGTGTGCTGACTCTATCATTATTGGTGGAGCTAAACTTAAAGCCTTGAATTTAGGTGAAACATTTGTCACGCACTCAAAGGGATTGTACAGAAAGTGTGTTAAATCCAGAGAAGAAACTGGCCTACTCATGCCTCTAAAAGCCCCAAAAGAAATTATCTTCTTAGAGGGAGAAACACTTCCCACAGAAGTGTTAACAGAGGAAGTTGTCTTGAAAACTGGTGATTTACAACCATTAGAACAACCTACTAGTGAAGCTGTTGAAGCTCCATTGGTTGGTACACCAGTTTGTATTAACGGGCTTATGTTGCTCGAAATCAAAGACACAGAAAAGTACTGTGCCCTTGCACCTAATATGATGGTAACAAACAATACCTTCACACTCAAAGGCGGTGCACCAACAAAGGTTACTTTTGGTGATGACACTGTGATAGAAGTGCAAGGTTACAAGAGTGTGAATATCACTTTTGAACTTGATGAAAGGATTGATAAAGTACTTAATGAGAAGTGCTCTGCCTATACAGTTGAACTCGGTACAGAAGTAAATGAGTTCGCCTGTGTTGTGGCAGATGCTGTCATAAAAACTTTGCAACCAGTATCTGAATTACTTACACCACTGGGCATTGATTTAGATGAGTGGAGTATGGCTACATACTACTTATTTGATGAGTCTGGTGAGTTTAAATTGGCTTCACATATGTATTGTTCTTTCTACCCTCCAGATGAGGATGAAGAAGAAGGTGATTGTGAAGAAGAAGAGTTTGAGCCATCAACTCAATATGAGTATGGTACTGAAGATGATTACCAAGGTAAACCTTTGGAATTTGGTGCCACTTCTGCTGCTCTTCAACCTGAAGAAGAGCAAGAAGAAGATTGGTTAGATGATGATAGTCAACAAACTGTTGGTCAACAAGACGGCAGTGAGGACAATCAGACAACTACTATTCAAACAATTGTTGAGGTTCAACCTCAATTAGAGATGGAACTTACACCAGTTGTTCAGACTATTGAAGTGAATAGTTTTAGTGGTTATTTAAAACTTACTGACAATGTATACATTAAAAATGCAGACATTGTGGAAGAAGCTAAAAAGGTAAAACCAACAGTGGTTGTTAATGCAGCCAATGTTTACCTTAAACATGGAGGAGGTGTTGCAGGAGCCTTAAATAAGGCTACTAACAATGCCATGCAAGTTGAATCTGATGATTACATAGCTACTAATGGACCACTTAAAGTGGGTGGTAGTTGTGTTTTAAGCGGACACAATCTTGCTAAACACTGTCTTCATGTTGTCGGCCCAAATGTTAACAAAGGTGAAGACATTCAACTTCTTAAGAGTGCTTATGAAAATTTTAATCAGCACGAAGTTCTACTTGCACCATTATTATCAGCTGGTATTTTTGGTGCTGACCCTATACATTCTTTAAGAGTTTGTGTAGATACTGTTCGCACAAATGTCTACTTAGCTGTCTTTGATAAAAATCTCTATGACAAACTTGTTTCAAGCTTTTTGGAAATGAAGAGTGAAAAGCAAGTTGAACAAAAGATCGCTGAGATTCCTAAAGAGGAAGTTAAGCCATTTATAACTGAAAGTAAACCTTCAGTTGAACAGAGAAAACAAGATGATAAGAAAATCAAAGCTTGTGTTGAAGAAGTTACAACAACTCTGGAAGAAACTAAGTTCCTCACAGAAAACTTGTTACTTTATATTGACATTAATGGCAATCTTCATCCAGATTCTGCCACTCTTGTTAGTGACATTGACATCACTTTCTTAAAGAAAGATGCTCCATATATAGTGGGTGATGTTGTTCAAGAGGGTGTTTTAACTGCTGTGGTTATACCTACTAAAAAGGCTGGTGGCACTACTGAAATGCTAGCGAAAGCTTTGAGAAAAGTGCCAACAGACAATTATATAACCACTTACCCGGGTCAGGGTTTAAATGGTTACACTGTAGAGGAGGCAAAGACAGTGCTTAAAAAGTGTAAAAGTGCCTTTTACATTCTACCATCTATTATCTCTAATGAGAAGCAAGAAATTCTTGGAACTGTTTCTTGGAATTTGCGAGAAATGCTTGCACATGCAGAAGAAACACGCAAATTAATGCCTGTCTGTGTGGAAACTAAAGCCATAGTTTCAACTATACAGCGTAAATATAAGGGTATTAAAATACAAGAGGGTGTGGTTGATTATGGTGCTAGATTTTACTTTTACACCAGTAAAACAACTGTAGCGTCACTTATCAACACACTTAACGATCTAAATGAAACTCTTGTTACAATGCCACTTGGCTATGTAACACATGGCTTAAATTTGGAAGAAGCTGCTCGGTATATGAGATCTCTCAAAGTGCCAGCTACAGTTTCTGTTTCTTCACCTGATGCTGTTACAGCGTATAATGGTTATCTTACTTCTTCTTCTAAAACACCTGAAGAACATTTTATTGAAACCATCTCACTTGCTGGTTCCTATAAAGATTGGTCCTATTCTGGACAATCTACACAACTAGGTATAGAATTTCTTAAGAGAGGTGATAAAAGTGTATATTACACTAGTAATCCTACCACATTCCACCTAGATGGTGAAGTTATCACCTTTGACAATCTTAAGACACTTCTTTCTTTGAGAGAAGTGAGGACTATTAAGGTGTTTACAACAGTAGACAACATTAACCTCCACACGCAAGTTGTGGACATGTCAATGACATATGGACAACAGTTTGGTCCAACTTATTTGGATGGAGCTGATGTTACTAAAATAAAACCTCATAATTCACATGAAGGTAAAACATTTTATGTTTTACCTAATGATGACACTCTACGTGTTGAGGCTTTTGAGTACTACCACACAACTGATCCTAGTTTTCTGGGTAGGTACATGTCAGCATTAAATCACACTAAAAAGTGGAAATACCCACAAGTTAATGGTTTAACTTCTATTAAATGGGCAGATAACAACTGTTATCTTGCCACTGCATTGTTAACACTCCAACAAATAGAGTTGAAGTTTAATCCACCTGCTCTACAAGATGCTTATTACAGAGCAAGGGCTGGTGAAGCTGCTAACTTTTGTGCACTTATCTTAGCCTACTGTAATAAGACAGTAGGTGAGTTAGGTGATGTTAGAGAAACAATGAGTTACTTGTTTCAACATGCCAATTTAGATTCTTGCAAAAGAGTCTTGAACGTGGTGTGTAAAACTTGTGGACAACAGCAGACAACCCTTAAGGGTGTAGAAGCTGTTATGTACATGGGCACACTTTCTTATGAACAATTTAAGAAAGGTGTTCAGATACCTTGTACGTGTGGTAAACAAGCTACAAAATATCTAGTACAACAGGAGTCACCTTTTGTTATGATGTCAGCACCACCTGCTCAGTATGAACTTAAGCATGGTACATTTACTTGTGCTAGTGAGTACACTGGTAATTACCAGTGTGGTCACTATAAACATATAACTTCTAAAGAAACTTTGTATTGCATAGACGGTGCTTTACTTACAAAGTCCTCAGAATACAAAGGTCCTATTACGGATGTTTTCTACAAAGAAAACAGTTACACAACAACCATAAAACCAGTTACTTATAAATTGGATGGTGTTGTTTGTACAGAAATTGACCCTAAGTTGGACAATTATTATAAGAAAGACAATTCTTATTTCACAGAGCAACCAATTGATCTTGTACCAAACCAACCATATCCAAACGCAAGCTTCGATAATTTTAAGTTTGTATGTGATAATATCAAATTTGCTGATGATTTAAACCAGTTAACTGGTTATAAGAAACCTGCTTCAAGAGAGCTTAAAGTTACATTTTTCCCTGACTTAAATGGTGATGTGGTGGCTATTGATTATAAACACTACACACCCTCTTTTAAGAAAGGAGCTAAATTGTTACATAAACCTATTGTTTGGCATGTTAACAATGCAACTAATAAAGCCACGTATAAACCAAATACCTGGTGTATACGTTGTCTTTGGAGCACAAAACCAGTTGAAACATCAAATTCGTTTGATGTACTGAAGTCAGAGGACGCGCAGGGAATGGATAATCTTGCCTGCGAAGATCTAAAACCAGTCTCTGAAGAAGTAGTGGAAAATCCTACCATACAGAAAGACGTTCTTGAGTGTAATGTGAAAACTACCGAAGTTGTAGGAGACATTATACTTAAACCAGCAAATAATAGTTTAAAAATTACAGAAGAGGTTGGCCACACAGATCTAATGGCTGCTTATGTAGACAATTCTAGTCTTACTATTAAGAAACCTAATGAATTATCTAGAGTATTAGGTTTGAAAACCCTTGCTACTCATGGTTTAGCTGCTGTTAATAGTGTCCCTTGGGATACTATAGCTAATTATGCTAAGCCTTTTCTTAACAAAGTTGTTAGTACAACTACTAACATAGTTACACGGTGTTTAAACCGTGTTTGTACTAATTATATGCCTTATTTCTTTACTTTATTGCTACAATTGTGTACTTTTACTAGAAGTACAAATTCTAGAATTAAAGCATCTATGCCGACTACTATAGCAAAGAATACTGTTAAGAGTGTCGGTAAATTTTGTCTAGAGGCTTCATTTAATTATTTGAAGTCACCTAATTTTTCTAAACTGATAAATATTATAATTTGGTTTTTACTATTAAGTGTTTGCCTAGGTTCTTTAATCTACTCAACCGCTGCTTTAGGTGTTTTAATGTCTAATTTAGGCATGCCTTCTTACTGTACTGGTTACAGAGAAGGCTATTTGAACTCTACTAATGTCACTATTGCAACCTACTGTACTGGTTCTATACCTTGTAGTGTTTGTCTTAGTGGTTTAGATTCTTTAGACACCTATCCTTCTTTAGAAACTATACAAATTACCATTTCATCTTTTAAATGGGATTTAACTGCTTTTGGCTTAGTTGCAGAGTGGTTTTTGGCATATATTCTTTTCACTAGGTTTTTCTATGTACTTGGATTGGCTGCAATCATGCAATTGTTTTTCAGCTATTTTGCAGTACATTTTATTAGTAATTCTTGGCTTATGTGGTTAATAATTAATCTTGTACAAATGGCCCCGATTTCAGCTATGGTTAGAATGTACATCTTCTTTGCATCATTTTATTATGTATGGAAAAGTTATGTGCATGTTGTAGACGGTTGTAATTCATCAACTTGTATGATGTGTTACAAACGTAATAGAGCAACAAGAGTCGAATGTACAACTATTGTTAATGGTGTTAGAAGGTCCTTTTATGTCTATGCTAATGGAGGTAAAGGCTTTTGCAAACTACACAATTGGAATTGTGTTAATTGTGATACATTCTGTGCTGGTAGTACATTTATTAGTGATGAAGTTGCGAGAGACTTGTCACTACAGTTTAAAAGACCAATAAATCCTACTGACCAGTCTTCTTACATCGTTGATAGTGTTACAGTGAAGAATGGTTCCATCCATCTTTACTTTGATAAAGCTGGTCAAAAGACTTATGAAAGACATTCTCTCTCTCATTTTGTTAACTTAGACAACCTGAGAGCTAATAACACTAAAGGTTCATTGCCTATTAATGTTATAGTTTTTGATGGTAAATCAAAATGTGAAGAATCATCTGCAAAATCAGCGTCTGTTTACTACAGTCAGCTTATGTGTCAACCTATACTGTTACTAGATCAGGCATTAGTGTCTGATGTTGGTGATAGTGCGGAAGTTGCAGTTAAAATGTTTGATGCTTACGTTAATACGTTTTCATCAACTTTTAACGTACCAATGGAAAAACTCAAAACACTAGTTGCAACTGCAGAAGCTGAACTTGCAAAGAATGTGTCCTTAGACAATGTCTTATCTACTTTTATTTCAGCAGCTCGGCAAGGGTTTGTTGATTCAGATGTAGAAACTAAAGATGTTGTTGAATGTCTTAAATTGTCACATCAATCTGACATAGAAGTTACTGGCGATAGTTGTAATAACTATATGCTCACCTATAACAAAGTTGAAAACATGACACCCCGTGACCTTGGTGCTTGTATTGACTGTAGTGCGCGTCATATTAATGCGCAGGTAGCAAAAAGTCACAACATTGCTTTGATATGGAACGTTAAAGATTTCATGTCATTGTCTGAACAACTACGAAAACAAATACGTAGTGCTGCTAAAAAGAATAACTTACCTTTTAAGTTGACATGTGCAACTACTAGACAAGTTGTTAATGTTGTAACAACAAAGATAGCACTTAAGGGTGGTAAAATTGTTAATAATTGGTTGAAGCAGTTAATTAAAGTTACACTTGTGTTCCTTTTTGTTGCTGCTATTTTCTATTTAATAACACCTGTTCATGTCATGTCTAAACATACTGACTTTTCAAGTGAAATCATAGGATACAAGGCTATTGATGGTGGTGTCACTCGTGACATAGCATCTACAGATACTTGTTTTGCTAACAAACATGCTGATTTTGACACATGGTTTAGCCAGCGTGGTGGTAGTTATACTAATGACAAAGCTTGCCCATTGATTGCTGCAGTCATAACAAGAGAAGTGGGTTTTGTCGTGCCTGGTTTGCCTGGCACGATATTACGCACAACTAATGGTGACTTTTTGCATTTCTTACCTAGAGTTTTTAGTGCAGTTGGTAACATCTGTTACACACCATCAAAACTTATAGAGTACACTGACTTTGCAACATCAGCTTGTGTTTTGGCTGCTGAATGTACAATTTTTAAAGATGCTTCTGGTAAGCCAGTACCATATTGTTATGATACCAATGTACTAGAAGGTTCTGTTGCTTATGAAAGTTTACGCCCTGACACACGTTATGTGCTCATGGATGGCTCTATTATTCAATTTCCTAACACCTACCTTGAAGGTTCTGTTAGAGTGGTAACAACTTTTGATTCTGAGTACTGTAGGCACGGCACTTGTGAAAGATCAGAAGCTGGTGTTTGTGTATCTACTAGTGGTAGATGGGTACTTAACAATGATTATTACAGATCTTTACCAGGAGTTTTCTGTGGTGTAGATGCTGTAAATTTACTTACTAATATGTTTACACCACTAATTCAACCTATTGGTGCTTTGGACATATCAGCATCTATAGTAGCTGGTGGTATTGTAGCTATCGTAGTAACATGCCTTGCCTACTATTTTATGAGGTTTAGAAGAGCTTTTGGTGAATACAGTCATGTAGTTGCCTTTAATACTTTACTATTCCTTATGTCATTCACTGTACTCTGTTTAACACCAGTTTACTCATTCTTACCTGGTGTTTATTCTGTTATTTACTTGTACTTGACATTTTATCTTACTAATGATGTTTCTTTTTTAGCACATATTCAGTGGATGGTTATGTTCACACCTTTAGTACCTTTCTGGATAACAATTGCTTATATCATTTGTATTTCCACAAAGCATTTCTATTGGTTCTTTAGTAATTACCTAAAGAGACGTGTAGTCTTTAATGGTGTTTCCTTTAGTACTTTTGAAGAAGCTGCGCTGTGCACCTTTTTGTTAAATAAAGAAATGTATCTAAAGTTGCGTAGTGATGTGCTATTACCTCTTACGCAATATAATAGATACTTAGCTCTTTATAATAAGTACAAGTATTTTAGTGGAGCAATGGATACAACTAGCTACAGAGAAGCTGCTTGTTGTCATCTCGCAAAGGCTCTCAATGACTTCAGTAACTCAGGTTCTGATGTTCTTTACCAACCACCACAAACCTCTATCACCTCAGCTGTTTTGCAGAGTGGTTTTAGAAAAATGGCATTCCCATCTGGTAAAGTTGAGGGTTGTATGGTACAAGTAACTTGTGGTACAACTACACTTAACGGTCTTTGGCTTGATGACGTAGTTTACTGTCCAAGACATGTGATCTGCACCTCTGAAGACATGCTTAACCCTAATTATGAAGATTTACTCATTCGTAAGTCTAATCATAATTTCTTGGTACAGGCTGGTAATGTTCAACTCAGGGTTATTGGACATTCTATGCAAAATTGTGTACTTAAGCTTAAGGTTGATACAGCCAATCCTAAGACACCTAAGTATAAGTTTGTTCGCATTCAACCAGGACAGACTTTTTCAGTGTTAGCTTGTTACAATGGTTCACCATCTGGTGTTTACCAATGTGCTATGAGGCCCAATTTCACTATTAAGGGTTCATTCCTTAATGGTTCATGTGGTAGTGTTGGTTTTAACATAGATTATGACTGTGTCTCTTTTTGTTACATGCACCATATGGAATTACCAACTGGAGTTCATGCTGGCACAGACTTAGAAGGTAACTTTTATGGACCTTTTGTTGACAGGCAAACAGCACAAGCAGCTGGTACGGACACAACTATTACAGTTAATGTTTTAGCTTGGTTGTACGCTGCTGTTATAAATGGAGACAGGTGGTTTCTCAATCGATTTACCACAACTCTTAATGACTTTAACCTTGTGGCTATGAAGTACAATTATGAACCTCTAACACAAGACCATGTTGACATACTAGGACCTCTTTCTGCTCAAACTGGAATTGCCGTTTTAGATATGTGTGCTTCATTAAAAGAATTACTGCAAAATGGTATGAATGGACGTACCATATTGGGTAGTGCTTTATTAGAAGATGAATTTACACCTTTTGATGTTGTTAGACAATGCTCAGGTGTTACTTTCCAAAGTGCAGTGAAAAGAACAATCAAGGGTACACACCACTGGTTGTTACTCACAATTTTGACTTCACTTTTAGTTTTAGTCCAGAGTACTCAATGGTCTTTGTTCTTTTTTTTGTATGAAAATGCCTTTTTACCTTTTGCTATGGGTATTATTGCTATGTCTGCTTTTGCAATGATGTTTGTCAAACATAAGCATGCATTTCTCTGTTTGTTTTTGTTACCTTCTCTTGCCACTGTAGCTTATTTTAATATGGTCTATATGCCTGCTAGTTGGGTGATGCGTATTATGACATGGTTGGATATGGTTGATACTAGTTTGTCTGGTTTTAAGCTAAAAGACTGTGTTATGTATGCATCAGCTGTAGTGTTACTAATCCTTATGACAGCAAGAACTGTGTATGATGATGGTGCTAGGAGAGTGTGGACACTTATGAATGTCTTGACACTCGTTTATAAAGTTTATTATGGTAATGCTTTAGATCAAGCCATTTCCATGTGGGCTCTTATAATCTCTGTTACTTCTAACTACTCAGGTGTAGTTACAACTGTCATGTTTTTGGCCAGAGGTATTGTTTTTATGTGTGTTGAGTATTGCCCTATTTTCTTCATAACTGGTAATACACTTCAGTGTATAATGCTAGTTTATTGTTTCTTAGGCTATTTTTGTACTTGTTACTTTGGCCTCTTTTGTTTACTCAACCGCTACTTTAGACTGACTCTTGGTGTTTATGATTACTTAGTTTCTACACAGGAGTTTAGATATATGAATTCACAGGGACTACTCCCACCCAAGAATAGCATAGATGCCTTCAAACTCAACATTAAATTGTTGGGTGTTGGTGGCAAACCTTGTATCAAAGTAGCCACTGTACAGTCTAAAATGTCAGATGTAAAGTGCACATCAGTAGTCTTACTCTCAGTTTTGCAACAACTCAGAGTAGAATCATCATCTAAATTGTGGGCTCAATGTGTCCAGTTACACAATGACATTCTCTTAGCTAAAGATACTACTGAAGCCTTTGAAAAAATGGTTTCACTACTTTCTGTTTTGCTTTCCATGCAGGGTGCTGTAGACATAAACAAGCTTTGTGAAGAAATGCTGGACAACAGGGCAACCTTACAAGCTATAGCCTCAGAGTTTAGTTCCCTTCCATCATATGCAGCTTTTGCTACTGCTCAAGAAGCTTATGAGCAGGCTGTTGCTAATGGTGATTCTGAAGTTGTTCTTAAAAAGTTGAAGAAGTCTTTGAATGTGGCTAAATCTGAATTTGACCGTGATGCAGCCATGCAACGTAAGTTGGAAAAGATGGCTGATCAAGCTATGACCCAAATGTATAAACAGGCTAGATCTGAGGACAAGAGGGCAAAAGTTACTAGTGCTATGCAGACAATGCTTTTCACTATGCTTAGAAAGTTGGATAATGATGCACTCAACAACATTATCAACAATGCAAGAGATGGTTGTGTTCCCTTGAACATAATACCTCTTACAACAGCAGCCAAACTAATGGTTGTCATACCAGACTATAACACATATAAAAATACGTGTGATGGTACAACATTTACTTATGCATCAGCATTGTGGGAAATCCAACAGGTTGTAGATGCAGATAGTAAAATTGTTCAACTTAGTGAAATTAGTATGGACAATTCACCTAATTTAGCATGGCCTCTTATTGTAACAGCTTTAAGGGCCAATTCTGCTGTCAAATTACAGAATAATGAGCTTAGTCCTGTTGCACTACGACAGATGTCTTGTGCTGCCGGTACTACACAAACTGCTTGCACTGATGACAATGCGTTAGCTTACTACAACACAACAAAGGGAGGTAGGTTTGTACTTGCACTGTTATCCGATTTACAGGATTTGAAATGGGCTAGATTCCCTAAGAGTGATGGAACTGGTACTATCTATACAGAACTGGAACCACCTTGTAGGTTTGTTACAGACACACCTAAAGGTCCTAAAGTGAAGTATTTATACTTTATTAAAGGATTAAACAACCTAAATAGAGGTATGGTACTTGGTAGTTTAGCTGCCACAGTACGTCTACAAGCTGGTAATGCAACAGAAGTGCCTGCCAATTCAACTGTATTATCTTTCTGTGCTTTTGCTGTAGATGCTGCTAAAGCTTACAAAGATTATCTAGCTAGTGGGGGACAACCAATCACTAATTGTGTTAAGATGTTGTGTACACACACTGGTACTGGTCAGGCAATAACAGTTACACCGGAAGCCAATATGGATCAAGAATCCTTTGGTGGTGCATCGTGTTGTCTGTACTGCCGTTGCCACATAGATCATCCAAATCCTAAAGGATTTTGTGACTTAAAAGGTAAGTATGTACAAATACCTACAACTTGTGCTAATGACCCTGTGGGTTTTACACTTAAAAACACAGTCTGTACCGTCTGCGGTATGTGGAAAGGTTATGGCTGTAGTTGTGATCAACTCCGCGAACCCATGCTTCAGTCAGCTGATGCACAATCGTTTTTAAAC	1	ORF1a	t	CDS	
5		13467	21555	ORF1b	CGGGTTTGCGGTGTAAGTGCAGCCCGTCTTACACCGTGCGGCACAGGCACTAGTACTGATGTCGTATACAGGGCTTTTGACATCTACAATGATAAAGTAGCTGGTTTTGCTAAATTCCTAAAAACTAATTGTTGTCGCTTCCAAGAAAAGGACGAAGATGACAATTTAATTGATTCTTACTTTGTAGTTAAGAGACACACTTTCTCTAACTACCAACATGAAGAAACAATTTATAATTTACTTAAGGATTGTCCAGCTGTTGCTAAACATGACTTCTTTAAGTTTAGAATAGACGGTGACATGGTACCACATATATCACGTCAACGTCTTACTAAATACACAATGGCAGACCTCGTCTATGCTTTAAGGCATTTTGATGAAGGTAATTGTGACACATTAAAAGAAATACTTGTCACATACAATTGTTGTGATGATGATTATTTCAATAAAAAGGACTGGTATGATTTTGTAGAAAACCCAGATATATTACGCGTATACGCCAACTTAGGTGAACGTGTACGCCAAGCTTTGTTAAAAACAGTACAATTCTGTGATGCCATGCGAAATGCTGGTATTGTTGGTGTACTGACATTAGATAATCAAGATCTCAATGGTAACTGGTATGATTTCGGTGATTTCATACAAACCACGCCAGGTAGTGGAGTTCCTGTTGTAGATTCTTATTATTCATTGTTAATGCCTATATTAACCTTGACCAGGGCTTTAACTGCAGAGTCACATGTTGACACTGACTTAACAAAGCCTTACATTAAGTGGGATTTGTTAAAATATGACTTCACGGAAGAGAGGTTAAAACTCTTTGACCGTTATTTTAAATATTGGGATCAGACATACCACCCAAATTGTGTTAACTGTTTGGATGACAGATGCATTCTGCATTGTGCAAACTTTAATGTTTTATTCTCTACAGTGTTCCCACCTACAAGTTTTGGACCACTAGTGAGAAAAATATTTGTTGATGGTGTTCCATTTGTAGTTTCAACTGGATACCACTTCAGAGAGCTAGGTGTTGTACATAATCAGGATGTAAACTTACATAGCTCTAGACTTAGTTTTAAGGAATTACTTGTGTATGCTGCTGACCCTGCTATGCACGCTGCTTCTGGTAATCTATTACTAGATAAACGCACTACGTGCTTTTCAGTAGCTGCACTTACTAACAATGTTGCTTTTCAAACTGTCAAACCCGGTAATTTTAACAAAGACTTCTATGACTTTGCTGTGTCTAAGGGTTTCTTTAAGGAAGGAAGTTCTGTTGAATTAAAACACTTCTTCTTTGCTCAGGATGGTAATGCTGCTATCAGCGATTATGACTACTATCGTTATAATCTACCAACAATGTGTGATATCAGACAACTACTATTTGTAGTTGAAGTTGTTGATAAGTACTTTGATTGTTACGATGGTGGCTGTATTAATGCTAACCAAGTCATCGTCAACAACCTAGACAAATCAGCTGGTTTTCCATTTAATAAATGGGGTAAGGCTAGACTTTATTATGATTCAATGAGTTATGAGGATCAAGATGCACTTTTCGCATATACAAAACGTAATGTCATCCCTACTATAACTCAAATGAATCTTAAGTATGCCATTAGTGCAAAGAATAGAGCTCGCACCGTAGCTGGTGTCTCTATCTGTAGTACTATGACCAATAGACAGTTTCATCAAAAATTATTGAAATCAATAGCCGCCACTAGAGGAGCTACTGTAGTAATTGGAACAAGCAAATTCTATGGTGGTTGGCACAACATGTTAAAAACTGTTTATAGTGATGTAGAAAACCCTCACCTTATGGGTTGGGATTATCCTAAATGTGATAGAGCCATGCCTAACATGCTTAGAATTATGGCCTCACTTGTTCTTGCTCGCAAACATACAACGTGTTGTAGCTTGTCACACCGTTTCTATAGATTAGCTAATGAGTGTGCTCAAGTATTGAGTGAAATGGTCATGTGTGGCGGTTCACTATATGTTAAACCAGGTGGAACCTCATCAGGAGATGCCACAACTGCTTATGCTAATAGTGTTTTTAACATTTGTCAAGCTGTCACGGCCAATGTTAATGCACTTTTATCTACTGATGGTAACAAAATTGCCGATAAGTATGTCCGCAATTTACAACACAGACTTTATGAGTGTCTCTATAGAAATAGAGATGTTGACACAGACTTTGTGAATGAGTTTTACGCATATTTGCGTAAACATTTCTCAATGATGATACTCTCTGACGATGCTGTTGTGTGTTTCAATAGCACTTATGCATCTCAAGGTCTAGTGGCTAGCATAAAGAACTTTAAGTCAGTTCTTTATTATCAAAACAATGTTTTTATGTCTGAAGCAAAATGTTGGACTGAGACTGACCTTACTAAAGGACCTCATGAATTTTGCTCTCAACATACAATGCTAGTTAAACAGGGTGATGATTATGTGTACCTTCCTTACCCAGATCCATCAAGAATCCTAGGGGCCGGCTGTTTTGTAGATGATATCGTAAAAACAGATGGTACACTTATGATTGAACGGTTCGTGTCTTTAGCTATAGATGCTTACCCACTTACTAAACATCCTAATCAGGAGTATGCTGATGTCTTTCATTTGTACTTACAATACATAAGAAAGCTACATGATGAGTTAACAGGACACATGTTAGACATGTATTCTGTTATGCTTACTAATGATAACACTTCAAGGTATTGGGAACCTGAGTTTTATGAGGCTATGTACACACCGCATACAGTCTTACAGGCTGTTGGGGCTTGTGTTCTTTGCAATTCACAGACTTCATTAAGATGTGGTGCTTGCATACGTAGACCATTCTTATGTTGTAAATGCTGTTACGACCATGTCATATCAACATCACATAAATTAGTCTTGTCTGTTAATCCGTATGTTTGCAATGCTCCAGGTTGTGATGTCACAGATGTGACTCAACTTTACTTAGGAGGTATGAGCTATTATTGTAAATCACATAAACCACCCATTAGTTTTCCATTGTGTGCTAATGGACAAGTTTTTGGTTTATATAAAAATACATGTGTTGGTAGCGATAATGTTACTGACTTTAATGCAATTGCAACATGTGACTGGACAAATGCTGGTGATTACATTTTAGCTAACACCTGTACTGAAAGACTCAAGCTTTTTGCAGCAGAAACGCTCAAAGCTACTGAGGAGACATTTAAACTGTCTTATGGTATTGCTACTGTACGTGAAGTGCTGTCTGACAGAGAATTACATCTTTCATGGGAAGTTGGTAAACCTAGACCACCACTTAACCGAAATTATGTCTTTACTGGTTATCGTGTAACTAAAAACAGTAAAGTACAAATAGGAGAGTACACCTTTGAAAAAGGTGACTATGGTGATGCTGTTGTTTACCGAGGTACAACAACTTACAAATTAAATGTTGGTGATTATTTTGTGCTGACATCACATACAGTAATGCCATTAAGTGCACCTACACTAGTGCCACAAGAGCACTATGTTAGAATTACTGGCTTATACCCAACACTCAATATCTCAGATGAGTTTTCTAGCAATGTTGCAAATTATCAAAAGGTTGGTATGCAAAAGTATTCTACACTCCAGGGACCACCTGGTACTGGTAAGAGTCATTTTGCTATTGGCCTAGCTCTCTACTACCCTTCTGCTCGCATAGTGTATACAGCTTGCTCTCATGCCGCTGTTGATGCACTATGTGAGAAGGCATTAAAATATTTGCCTATAGATAAATGTAGTAGAATTATACCTGCACGTGCTCGTGTAGAGTGTTTTGATAAATTCAAAGTGAATTCAACATTAGAACAGTATGTCTTTTGTACTGTAAATGCATTGCCTGAGACGACAGCAGATATAGTTGTCTTTGATGAAATTTCAATGGCCACAAATTATGATTTGAGTGTTGTCAATGCCAGATTACGTGCTAAGCACTATGTGTACATTGGCGACCCTGCTCAATTACCTGCACCACGCACATTGCTAACTAAGGGCACACTAGAACCAGAATATTTCAATTCAGTGTGTAGACTTATGAAAACTATAGGTCCAGACATGTTCCTCGGAACTTGTCGGCGTTGTCCTGCTGAAATTGTTGACACTGTGAGTGCTTTGGTTTATGATAATAAGCTTAAAGCACATAAAGACAAATCAGCTCAATGCTTTAAAATGTTTTATAAGGGTGTTATCACGCATGATGTTTCATCTGCAATTAACAGGCCACAAATAGGCGTGGTAAGAGAATTCCTTACACGTAACCCTGCTTGGAGAAAAGCTGTCTTTATTTCACCTTATAATTCACAGAATGCTGTAGCCTCAAAGATTTTGGGACTACCAACTCAAACTGTTGATTCATCACAGGGCTCAGAATATGACTATGTCATATTCACTCAAACCACTGAAACAGCTCACTCTTGTAATGTAAACAGATTTAATGTTGCTATTACCAGAGCAAAAGTAGGCATACTTTGCATAATGTCTGATAGAGACCTTTATGACAAGTTGCAATTTACAAGTCTTGAAATTCCACGTAGGAATGTGGCAACTTTACAAGCTGAAAATGTAACAGGACTCTTTAAAGATTGTAGTAAGGTAATCACTGGGTTACATCCTACACAGGCACCTACACACCTCAGTGTTGACACTAAATTCAAAACTGAAGGTTTATGTGTTGACATACCTGGCATACCTAAGGACATGACCTATAGAAGACTCATCTCTATGATGGGTTTTAAAATGAATTATCAAGTTAATGGTTACCCTAACATGTTTATCACCCGCGAAGAAGCTATAAGACATGTACGTGCATGGATTGGCTTCGATGTCGAGGGGTGTCATGCTACTAGAGAAGCTGTTGGTACCAATTTACCTTTACAGCTAGGTTTTTCTACAGGTGTTAACCTAGTTGCTGTACCTACAGGTTATGTTGATACACCTAATAATACAGATTTTTCCAGAGTTAGTGCTAAACCACCGCCTGGAGATCAATTTAAACACCTCATACCACTTATGTACAAAGGACTTCCTTGGAATGTAGTGCGTATAAAGATTGTACAAATGTTAAGTGACACACTTAAAAATCTCTCTGACAGAGTCGTATTTGTCTTATGGGCACATGGCTTTGAGTTGACATCTATGAAGTATTTTGTGAAAATAGGACCTGAGCGCACCTGTTGTCTATGTGATAGACGTGCCACATGCTTTTCCACTGCTTCAGACACTTATGCCTGTTGGCATCATTCTATTGGATTTGATTACGTCTATAATCCGTTTATGATTGATGTTCAACAATGGGGTTTTACAGGTAACCTACAAAGCAACCATGATCTGTATTGTCAAGTCCATGGTAATGCACATGTAGCTAGTTGTGATGCAATCATGACTAGGTGTCTAGCTGTCCACGAGTGCTTTGTTAAGCGTGTTGACTGGACTATTGAATATCCTATAATTGGTGATGAACTGAAGATTAATGCGGCTTGTAGAAAGGTTCAACACATGGTTGTTAAAGCTGCATTATTAGCAGACAAATTCCCAGTTCTTCACGACATTGGTAACCCTAAAGCTATTAAGTGTGTACCTCAAGCTGATGTAGAATGGAAGTTCTATGATGCACAGCCTTGTAGTGACAAAGCTTATAAAATAGAAGAATTATTCTATTCTTATGCCACACATTCTGACAAATTCACAGATGGTGTATGCCTATTTTGGAATTGCAATGTCGATAGATATCCTGCTAATTCCATTGTTTGTAGATTTGACACTAGAGTGCTATCTAACCTTAACTTGCCTGGTTGTGATGGTGGCAGTTTGTATGTAAATAAACATGCATTCCACACACCAGCTTTTGATAAAAGTGCTTTTGTTAATTTAAAACAATTACCATTTTTCTATTACTCTGACAGTCCATGTGAGTCTCATGGAAAACAAGTAGTGTCAGATATAGATTATGTACCACTAAAGTCTGCTACGTGTATAACACGTTGCAATTTAGGTGGTGCTGTCTGTAGACATCATGCTAATGAGTACAGATTGTATCTCGATGCTTATAACATGATGATCTCAGCTGGCTTTAGCTTGTGGGTTTACAAACAATTTGATACTTATAACCTCTGGAACACTTTTACAAGACTTCAGAGTTTAGAAAATGTGGCTTTTAATGTTGTAAATAAGGGACACTTTGATGGACAACAGGGTGAAGTACCAGTTTCTATCATTAATAACACTGTTTACACAAAAGTTGATGGTGTTGATGTAGAATTGTTTGAAAATAAAACAACATTACCTGTTAATGTAGCATTTGAGCTTTGGGCTAAGCGCAACATTAAACCAGTACCAGAGGTGAAAATACTCAATAATTTGGGTGTGGACATTGCTGCTAATACTGTGATCTGGGACTACAAAAGAGATGCTCCAGCACATATATCTACTATTGGTGTTTGTTCTATGACTGACATAGCCAAGAAACCAACTGAAACGATTTGTGCACCACTCACTGTCTTTTTTGATGGTAGAGTTGATGGTCAAGTAGACTTATTTAGAAATGCCCGTAATGGTGTTCTTATTACAGAAGGTAGTGTTAAAGGTTTACAACCATCTGTAGGTCCCAAACAAGCTAGTCTTAATGGAGTCACATTAATTGGAGAAGCCGTAAAAACACAGTTCAATTATTATAAGAAAGTTGATGGTGTTGTCCAACAATTACCTGAAACTTACTTTACTCAGAGTAGAAATTTACAAGAATTTAAACCCAGGAGTCAAATGGAAATTGATTTCTTAGAATTAGCTATGGATGAATTCATTGAACGGTATAAATTAGAAGGCTATGCCTTCGAACATATCGTTTATGGAGATTTTAGTCATAGTCAGTTAGGTGGTTTACATCTACTGATTGGACTAGCTAAACGTTTTAAGGAATCACCTTTTGAATTAGAAGATTTTATTCCTATGGACAGTACAGTTAAAAACTATTTCATAACAGATGCGCAAACAGGTTCATCTAAGTGTGTGTGTTCTGTTATTGATTTATTACTTGATGATTTTGTTGAAATAATAAAATCCCAAGATTTATCTGTAGTTTCTAAGGTTGTCAAAGTGACTATTGACTATACAGAAATTTCATTTATGCTTTGGTGTAAAGATGGCCATGTAGAAACATTTTACCCAAAATTACAATCTAGTCAAGCGTGGCAACCGGGTGTTGCTATGCCTAATCTTTACAAAATGCAAAGAATGCTATTAGAAAAGTGTGACCTTCAAAATTATGGTGATAGTGCAACATTACCTAAAGGCATAATGATGAATGTCGCAAAATATACTCAACTGTGTCAATATTTAAACACATTAACATTAGCTGTACCCTATAATATGAGAGTTATACATTTTGGTGCTGGTTCTGATAAAGGAGTTGCACCAGGTACAGCTGTTTTAAGACAGTGGTTGCCTACGGGTACGCTGCTTGTCGATTCAGATCTTAATGACTTTGTCTCTGATGCAGATTCAACTTTGATTGGTGATTGTGCAACTGTACATACAGCTAATAAATGGGATCTCATTATTAGTGATATGTACGACCCTAAGACTAAAAATGTTACAAAAGAAAATGACTCTAAAGAGGGTTTTTTCACTTACATTTGTGGGTTTATACAACAAAAGCTAGCTCTTGGAGGTTCCGTGGCTATAAAGATAACAGAACATTCTTGGAATGCTGATCTTTATAAGCTCATGGGACACTTCGCATGGTGGACAGCCTTTGTTACTAATGTGAATGCGTCATCATCTGAAGCATTTTTAATTGGATGTAATTATCTTGGCAAACCACGCGAACAAATAGATGGTTATGTCATGCATGCAAATTACATATTTTGGAGGAATACAAATCCAATTCAGTTGTCTTCCTATTCTTTATTTGACATGAGTAAATTTCCCCTTAAATTAAGGGGTACTGCTGTTATGTCTTTAAAAGAAGGTCAAATCAATGATATGATTTTATCTCTTCTTAGTAAAGGTAGACTTATAATTAGAGAAAACAACAGAGTTGTTATTTCTAGTGATGTTCTTGTTAACAACTAA	1	ORF1b	t	CDS	
6		25392	26220	ORF3a	ATGGATTTGTTTATGAGAATCTTCACAATTGGAACTGTAACTTTGAAGCAAGGTGAAATCAAGGATGCTACTCCTTCAGATTTTGTTCGCGCTACTGCAACGATACCGATACAAGCCTCACTCCCTTTCGGATGGCTTATTGTTGGCGTTGCACTTCTTGCTGTTTTTCAGAGCGCTTCCAAAATCATAACCCTCAAAAAGAGATGGCAACTAGCACTCTCCAAGGGTGTTCACTTTGTTTGCAACTTGCTGTTGTTGTTTGTAACAGTTTACTCACACCTTTTGCTCGTTGCTGCTGGCCTTGAAGCCCCTTTTCTCTATCTTTATGCTTTAGTCTACTTCTTGCAGAGTATAAACTTTGTAAGAATAATAATGAGGCTTTGGCTTTGCTGGAAATGCCGTTCCAAAAACCCATTACTTTATGATGCCAACTATTTTCTTTGCTGGCATACTAATTGTTACGACTATTGTATACCTTACAATAGTGTAACTTCTTCAATTGTCATTACTTCAGGTGATGGCACAACAAGTCCTATTTCTGAACATGACTACCAGATTGGTGGTTATACTGAAAAATGGGAATCTGGAGTAAAAGACTGTGTTGTATTACACAGTTACTTCACTTCAGACTATTACCAGCTGTACTCAACTCAATTGAGTACAGACACTGGTGTTGAACATGTTACCTTCTTCATCTACAATAAAATTGTTGATGAGCCTGAAGAACATGTCCAAATTCACACAATCGACGGTTCATCCGGAGTTGTTAATCCAGTAATGGAACCAATTTATGATGAACCGACGACGACTACTAGCGTGCCTTTGTAA	1	ORF3a	t	CDS	
7		27201	27387	ORF6	ATGTTTCATCTCGTTGACTTTCAGGTTACTATAGCAGAGATATTACTAATTATTATGAGGACTTTTAAAGTTTCCATTTGGAATCTTGATTACATCATAAACCTCATAATTAAAAATTTATCTAAGTCACTAACTGAGAATAAATATTCTCAATTAGATGAAGAGCAACCAATGGAGATTGATTAA	1	ORF6	t	CDS	
8		27393	27759	ORF7a	ATGAAAATTATTCTTTTCTTGGCACTGATAACACTCGCTACTTGTGAGCTTTATCACTACCAAGAGTGTGTTAGAGGTACAACAGTACTTTTAAAAGAACCTTGCTCTTCTGGAACATACGAGGGCAATTCACCATTTCATCCTCTAGCTGATAACAAATTTGCACTGACTTGCTTTAGCACTCAATTTGCTTTTGCTTGTCCTGACGGCGTAAAACACGTCTATCAGTTACGTGCCAGATCAGTTTCACCTAAACTGTTCATCAGACAAGAGGAAGTTCAAGAACTTTACTCTCCAATTTTTCTTATTGTTGCGGCAATAGTGTTTATAACACTTTGCTTCACACTCAAAAGAAAGACAGAATGA	1	ORF7a	t	CDS	
9		27755	27887	ORF7b	ATGATTGAACTTTCATTAATTGACTTCTATTTGTGCTTTTTAGCCTTTCTGCTATTCCTTGTTTTAATTATGCTTATTATCTTTTGGTTCTCACTTGAACTGCAAGATCATAATGAAACTTGTCACGCCTAA	1	ORF7b	t	CDS	
10		27893	28259	ORF8	ATGAAATTTCTTGTTTTCTTAGGAATCATCACAACTGTAGCTGCATTTCACCAAGAATGTAGTTTACAGTCATGTACTCAACATCAACCATATGTAGTTGATGACCCGTGTCCTATTCACTTCTATTCTAAATGGTATATTAGAGTAGGAGCTAGAAAATCAGCACCTTTAATTGAATTGTGCGTGGATGAGGCTGGTTCTAAATCACCCATTCAGTACATCGATATCGGTAATTATACAGTTTCCTGTTTACCTTTTACAATTAATTGCCAGGAACCTAAATTGGGTAGTCTTGTAGTGCGTTGTTCGTTCTATGAAGACTTTTTAGAGTATCATGACGTTCGTGTTGTTTTAGATTTCATCTAA	1	ORF8	t	CDS	
11		28283	28577	ORF9b	ATGGACCCCAAAATCAGCGAAATGCACCCCGCATTACGTTTGGTGGACCCTCAGATTCAACTGGCAGTAACCAGAATGGAGAACGCAGTGGGGCGCGATCAAAACAACGTCGGCCCCAAGGTTTACCCAATAATACTGCGTCTTGGTTCACCGCTCTCACTCAACATGGCAAGGAAGACCTTAAATTCCCTCGAGGACAAGGCGTTCCAATTAACACCAATAGCAGTCCAGATGACCAAATTGGCTACTACCGAAGAGCTACCAGACGAATTCGTGGTGGTGACGGTAAAATGA	1	ORF9b	t	CDS	
12		21562	25384	S	ATGTTTGTTTTTCTTGTTTTATTGCCACTAGTCTCTAGTCAGTGTGTTAATCTTACAACCAGAACTCAATTACCCCCTGCATACACTAATTCTTTCACACGTGGTGTTTATTACCCTGACAAAGTTTTCAGATCCTCAGTTTTACATTCAACTCAGGACTTGTTCTTACCTTTCTTTTCCAATGTTACTTGGTTCCATGCTATACATGTCTCTGGGACCAATGGTACTAAGAGGTTTGATAACCCTGTCCTACCATTTAATGATGGTGTTTATTTTGCTTCCACTGAGAAGTCTAACATAATAAGAGGCTGGATTTTTGGTACTACTTTAGATTCGAAGACCCAGTCCCTACTTATTGTTAATAACGCTACTAATGTTGTTATTAAAGTCTGTGAATTTCAATTTTGTAATGATCCATTTTTGGGTGTTTATTACCACAAAAACAACAAAAGTTGGATGGAAAGTGAGTTCAGAGTTTATTCTAGTGCGAATAATTGCACTTTTGAATATGTCTCTCAGCCTTTTCTTATGGACCTTGAAGGAAAACAGGGTAATTTCAAAAATCTTAGGGAATTTGTGTTTAAGAATATTGATGGTTATTTTAAAATATATTCTAAGCACACGCCTATTAATTTAGTGCGTGATCTCCCTCAGGGTTTTTCGGCTTTAGAACCATTGGTAGATTTGCCAATAGGTATTAACATCACTAGGTTTCAAACTTTACTTGCTTTACATAGAAGTTATTTGACTCCTGGTGATTCTTCTTCAGGTTGGACAGCTGGTGCTGCAGCTTATTATGTGGGTTATCTTCAACCTAGGACTTTTCTATTAAAATATAATGAAAATGGAACCATTACAGATGCTGTAGACTGTGCACTTGACCCTCTCTCAGAAACAAAGTGTACGTTGAAATCCTTCACTGTAGAAAAAGGAATCTATCAAACTTCTAACTTTAGAGTCCAACCAACAGAATCTATTGTTAGATTTCCTAATATTACAAACTTGTGCCCTTTTGGTGAAGTTTTTAACGCCACCAGATTTGCATCTGTTTATGCTTGGAACAGGAAGAGAATCAGCAACTGTGTTGCTGATTATTCTGTCCTATATAATTCCGCATCATTTTCCACTTTTAAGTGTTATGGAGTGTCTCCTACTAAATTAAATGATCTCTGCTTTACTAATGTCTATGCAGATTCATTTGTAATTAGAGGTGATGAAGTCAGACAAATCGCTCCAGGGCAAACTGGAAAGATTGCTGATTATAATTATAAATTACCAGATGATTTTACAGGCTGCGTTATAGCTTGGAATTCTAACAATCTTGATTCTAAGGTTGGTGGTAATTATAATTACCTGTATAGATTGTTTAGGAAGTCTAATCTCAAACCTTTTGAGAGAGATATTTCAACTGAAATCTATCAGGCCGGTAGCACACCTTGTAATGGTGTTGAAGGTTTTAATTGTTACTTTCCTTTACAATCATATGGTTTCCAACCCACTAATGGTGTTGGTTACCAACCATACAGAGTAGTAGTACTTTCTTTTGAACTTCTACATGCACCAGCAACTGTTTGTGGACCTAAAAAGTCTACTAATTTGGTTAAAAACAAATGTGTCAATTTCAACTTCAATGGTTTAACAGGCACAGGTGTTCTTACTGAGTCTAACAAAAAGTTTCTGCCTTTCCAACAATTTGGCAGAGACATTGCTGACACTACTGATGCTGTCCGTGATCCACAGACACTTGAGATTCTTGACATTACACCATGTTCTTTTGGTGGTGTCAGTGTTATAACACCAGGAACAAATACTTCTAACCAGGTTGCTGTTCTTTATCAGGATGTTAACTGCACAGAAGTCCCTGTTGCTATTCATGCAGATCAACTTACTCCTACTTGGCGTGTTTATTCTACAGGTTCTAATGTTTTTCAAACACGTGCAGGCTGTTTAATAGGGGCTGAACATGTCAACAACTCATATGAGTGTGACATACCCATTGGTGCAGGTATATGCGCTAGTTATCAGACTCAGACTAATTCTCCTCGGCGGGCACGTAGTGTAGCTAGTCAATCCATCATTGCCTACACTATGTCACTTGGTGCAGAAAATTCAGTTGCTTACTCTAATAACTCTATTGCCATACCCACAAATTTTACTATTAGTGTTACCACAGAAATTCTACCAGTGTCTATGACCAAGACATCAGTAGATTGTACAATGTACATTTGTGGTGATTCAACTGAATGCAGCAATCTTTTGTTGCAATATGGCAGTTTTTGTACACAATTAAACCGTGCTTTAACTGGAATAGCTGTTGAACAAGACAAAAACACCCAAGAAGTTTTTGCACAAGTCAAACAAATTTACAAAACACCACCAATTAAAGATTTTGGTGGTTTTAATTTTTCACAAATATTACCAGATCCATCAAAACCAAGCAAGAGGTCATTTATTGAAGATCTACTTTTCAACAAAGTGACACTTGCAGATGCTGGCTTCATCAAACAATATGGTGATTGCCTTGGTGATATTGCTGCTAGAGACCTCATTTGTGCACAAAAGTTTAACGGCCTTACTGTTTTGCCACCTTTGCTCACAGATGAAATGATTGCTCAATACACTTCTGCACTGTTAGCGGGTACAATCACTTCTGGTTGGACCTTTGGTGCAGGTGCTGCATTACAAATACCATTTGCTATGCAAATGGCTTATAGGTTTAATGGTATTGGAGTTACACAGAATGTTCTCTATGAGAACCAAAAATTGATTGCCAACCAATTTAATAGTGCTATTGGCAAAATTCAAGACTCACTTTCTTCCACAGCAAGTGCACTTGGAAAACTTCAAGATGTGGTCAACCAAAATGCACAAGCTTTAAACACGCTTGTTAAACAACTTAGCTCCAATTTTGGTGCAATTTCAAGTGTTTTAAATGATATCCTTTCACGTCTTGACAAAGTTGAGGCTGAAGTGCAAATTGATAGGTTGATCACAGGCAGACTTCAAAGTTTGCAGACATATGTGACTCAACAATTAATTAGAGCTGCAGAAATCAGAGCTTCTGCTAATCTTGCTGCTACTAAAATGTCAGAGTGTGTACTTGGACAATCAAAAAGAGTTGATTTTTGTGGAAAGGGCTATCATCTTATGTCCTTCCCTCAGTCAGCACCTCATGGTGTAGTCTTCTTGCATGTGACTTATGTCCCTGCACAAGAAAAGAACTTCACAACTGCTCCTGCCATTTGTCATGATGGAAAAGCACACTTTCCTCGTGAAGGTGTCTTTGTTTCAAATGGCACACACTGGTTTGTAACACAAAGGAATTTTTATGAACCACAAATCATTACTACAGACAACACATTTGTGTCTGGTAACTGTGATGTTGTAATAGGAATTGTCAACAACACAGTTTATGATCCTTTGCAACCTGAATTAGACTCATTCAAGGAGGAGTTAGATAAATATTTTAAGAATCATACATCACCAGATGTTGATTTAGGTGACATCTCTGGCATTAATGCTTCAGTTGTAAACATTCAAAAAGAAATTGACCGCCTCAATGAGGTTGCCAAGAATTTAAATGAATCTCTCATCGATCTCCAAGAACTTGGAAAGTATGAGCAGTATATAAAATGGCCATGGTACATTTGGCTAGGTTTTATAGCTGGCTTGATTGCCATAGTAATGGTGACAATTATGCTTTGCTGTATGACCAGTTGCTGTAGTTGTCTCAAGGGCTGTTGTTCTTGTGGATCCTGCTGCAAATTTGATGAAGACGACTCTGAGCCAGTGCTCAAAGGAGTCAAATTACATTACACATAA	1	S	t	CDS	
\.


--
-- Data for Name: gene_segment; Type: TABLE DATA; Schema: public; Owner: -
--

COPY public.gene_segment (id, start, "end", "order", gene_id, forward_strand) FROM stdin;
1	26244	26472	1	1	t
2	26522	27191	1	2	t
3	28273	29533	1	3	t
4	265	13468	1	4	t
5	13467	21555	1	5	t
6	25392	26220	1	6	t
7	27201	27387	1	7	t
8	27393	27759	1	8	t
9	27755	27887	1	9	t
10	27893	28259	1	10	t
11	28283	28577	1	11	t
12	21562	25384	1	12	t
\.


--
-- Data for Name: import_log; Type: TABLE DATA; Schema: public; Owner: -
--

COPY public.import_log (id, type, file_id, updated, success, exception_text, stack_trace) FROM stdin;
1	SMP	2025-09-26_12-49-02.230.16383b.zip	2025-09-26 12:49:22.44144+00	t	\N	\N
2	ANN	2025-09-26_12-49-22.513.d32c00.zip	2025-09-26 12:49:23.055127+00	t	\N	\N
3	PTY	2025-09-26_12-49-32.682.cli_prop_69024f66-6ded-4464-8ff1-5e2ccf723d83.zip	2025-09-26 12:49:33.737648+00	t	\N	\N
\.


--
-- Data for Name: lineage; Type: TABLE DATA; Schema: public; Owner: -
--

COPY public.lineage (id, name, parent_id) FROM stdin;
1	B	\N
2	BA.1	\N
3	BA.1.1	\N
4	BA.1.17	\N
5	B.1.617	\N
6	BA.5	\N
7	BA.5.2	\N
8	BA.2	\N
9	BA.5.3	\N
10	AY.4	\N
11	B.1.617.2	\N
12	B.1	1
13	BA.1	1
14	BA.5	1
15	BA.2	1
16	BA.1.1	2
17	BC.1	2
18	BC.2	2
19	BA.1.2	2
20	BA.1.3	2
21	BA.1.4	2
22	BA.1.5	2
23	BA.1.6	2
24	BA.1.7	2
25	BA.1.8	2
26	BA.1.9	2
27	BA.1.10	2
28	BA.1.12	2
29	BA.1.13	2
30	BA.1.13.1	2
31	BA.1.14	2
32	BA.1.14.1	2
33	BA.1.14.2	2
34	BA.1.15	2
35	BA.1.16	2
36	BA.1.17	2
37	BD.1	2
38	BA.1.18	2
39	BA.1.19	2
40	BA.1.20	2
41	BA.1.21	2
42	BA.1.22	2
43	BA.1.23	2
44	BA.1.24	2
45	B.1.617	2
46	BA.1.1.1	3
47	BA.1.1.2	3
48	BA.1.1.3	3
49	BA.1.1.4	3
50	BA.1.1.5	3
51	BA.1.1.6	3
52	BA.1.1.7	3
53	BA.1.1.8	3
54	BA.1.1.9	3
55	BA.1.17.1	4
56	BA.1.17.2	4
57	B.1.617.2	5
58	BA.5.2	6
59	BF.2	6
60	BA.5.3	6
61	BA.5.2.1	7
62	BA.5.2.6	7
63	BA.2.36	8
64	BA.2.9	8
65	BA.5.3.1	9
66	AY.4.1	10
67	AY.4.2	10
68	AY.4.3	10
69	AY.4.4	10
70	AY.4.5	10
71	AY.4.6	10
72	AY.4.7	10
73	AY.4.8	10
74	AY.4.9	10
75	AY.4.10	10
76	AY.4.11	10
77	AY.4.12	10
78	AY.4.13	10
79	AY.4.14	10
80	AY.4.15	10
81	AY.4.16	10
82	AY.4.17	10
83	AY.4	11
84	AY.98	11
\.


--
-- Data for Name: nucleotide_mutation; Type: TABLE DATA; Schema: public; Owner: -
--

COPY public.nucleotide_mutation (id, ref, alt, start, "end", replicon_id, is_frameshift) FROM stdin;
1	ATTAAAGGTTTATACCTTCCCAGGTAACAA		0	30	1	f
2	C	T	240	241	1	f
3	T	G	669	670	1	f
4	C	T	2789	2790	1	f
5	C	T	3036	3037	1	f
6	G	A	4183	4184	1	f
7	C	T	4320	4321	1	f
8	C	T	9343	9344	1	f
9	A	G	9423	9424	1	f
10	C	T	9533	9534	1	f
11	C	T	9865	9866	1	f
12	C	T	10028	10029	1	f
13	G	N	10146	10147	1	f
14	C	N	10147	10148	1	f
15	T	N	10148	10149	1	f
16	T	N	10149	10150	1	f
17	G	N	10150	10151	1	f
18	A	N	10151	10152	1	f
19	T	N	10152	10153	1	f
20	G	N	10153	10154	1	f
21	A	N	10154	10155	1	f
22	C	N	10155	10156	1	f
23	G	N	10156	10157	1	f
24	T	N	10157	10158	1	f
25	A	N	10158	10159	1	f
26	G	N	10159	10160	1	f
27	T	N	10160	10161	1	f
28	T	N	10161	10162	1	f
29	T	N	10162	10163	1	f
30	A	N	10163	10164	1	f
31	C	N	10164	10165	1	f
32	T	N	10165	10166	1	f
33	G	N	10166	10167	1	f
34	T	N	10167	10168	1	f
35	C	N	10168	10169	1	f
36	C	N	10169	10170	1	f
37	A	N	10170	10171	1	f
38	A	N	10171	10172	1	f
39	G	N	10172	10173	1	f
40	A	N	10173	10174	1	f
41	C	N	10174	10175	1	f
42	A	N	10175	10176	1	f
43	T	N	10176	10177	1	f
44	G	N	10177	10178	1	f
45	T	N	10178	10179	1	f
46	G	N	10179	10180	1	f
47	A	N	10180	10181	1	f
48	T	N	10181	10182	1	f
49	C	N	10182	10183	1	f
50	T	N	10183	10184	1	f
51	G	N	10184	10185	1	f
52	C	N	10185	10186	1	f
53	A	N	10186	10187	1	f
54	C	N	10187	10188	1	f
55	C	N	10188	10189	1	f
56	T	N	10189	10190	1	f
57	C	N	10190	10191	1	f
58	T	N	10191	10192	1	f
59	G	N	10192	10193	1	f
60	A	N	10193	10194	1	f
61	A	N	10194	10195	1	f
62	G	N	10195	10196	1	f
63	A	N	10196	10197	1	f
64	C	N	10197	10198	1	f
65	A	N	10198	10199	1	f
66	T	N	10199	10200	1	f
67	G	N	10200	10201	1	f
68	C	N	10201	10202	1	f
69	T	N	10202	10203	1	f
70	T	N	10203	10204	1	f
71	A	N	10204	10205	1	f
72	A	N	10205	10206	1	f
73	C	N	10206	10207	1	f
74	C	N	10207	10208	1	f
75	C	N	10208	10209	1	f
76	T	N	10209	10210	1	f
77	A	N	10210	10211	1	f
78	A	N	10211	10212	1	f
79	T	N	10212	10213	1	f
80	T	N	10213	10214	1	f
81	A	N	10214	10215	1	f
82	T	N	10215	10216	1	f
83	G	N	10216	10217	1	f
84	A	N	10217	10218	1	f
85	A	N	10218	10219	1	f
86	G	N	10219	10220	1	f
87	A	N	10220	10221	1	f
88	T	N	10221	10222	1	f
89	T	N	10222	10223	1	f
90	T	N	10223	10224	1	f
91	A	N	10224	10225	1	f
92	C	N	10225	10226	1	f
93	T	N	10226	10227	1	f
94	C	N	10227	10228	1	f
95	A	N	10228	10229	1	f
96	T	N	10229	10230	1	f
97	T	N	10230	10231	1	f
98	C	N	10231	10232	1	f
99	G	N	10232	10233	1	f
100	T	N	10233	10234	1	f
101	A	N	10234	10235	1	f
102	A	N	10235	10236	1	f
103	G	N	10236	10237	1	f
104	T	N	10237	10238	1	f
105	C	N	10238	10239	1	f
106	T	N	10239	10240	1	f
107	A	N	10240	10241	1	f
108	A	N	10241	10242	1	f
109	T	N	10242	10243	1	f
110	C	N	10243	10244	1	f
111	A	N	10244	10245	1	f
112	T	N	10245	10246	1	f
113	A	N	10246	10247	1	f
114	A	N	10247	10248	1	f
115	T	N	10248	10249	1	f
116	T	N	10249	10250	1	f
117	T	N	10250	10251	1	f
118	C	N	10251	10252	1	f
119	T	N	10252	10253	1	f
120	T	N	10253	10254	1	f
121	G	N	10254	10255	1	f
122	G	N	10255	10256	1	f
123	T	N	10256	10257	1	f
124	A	N	10257	10258	1	f
125	C	N	10258	10259	1	f
126	A	N	10259	10260	1	f
127	G	N	10260	10261	1	f
128	G	N	10261	10262	1	f
129	C	N	10262	10263	1	f
130	T	N	10263	10264	1	f
131	G	N	10264	10265	1	f
132	G	N	10265	10266	1	f
133	T	N	10266	10267	1	f
134	A	N	10267	10268	1	f
135	A	N	10268	10269	1	f
136	T	N	10269	10270	1	f
137	G	N	10270	10271	1	f
138	T	N	10271	10272	1	f
139	T	N	10272	10273	1	f
140	C	N	10273	10274	1	f
141	A	N	10274	10275	1	f
142	A	N	10275	10276	1	f
143	C	N	10276	10277	1	f
144	T	N	10277	10278	1	f
145	C	N	10278	10279	1	f
146	A	N	10279	10280	1	f
147	G	N	10280	10281	1	f
148	G	N	10281	10282	1	f
149	G	N	10282	10283	1	f
150	T	N	10283	10284	1	f
151	T	N	10284	10285	1	f
152	A	N	10285	10286	1	f
153	T	N	10286	10287	1	f
154	T	N	10287	10288	1	f
155	G	N	10288	10289	1	f
156	G	N	10289	10290	1	f
157	A	N	10290	10291	1	f
158	C	N	10291	10292	1	f
159	A	N	10292	10293	1	f
160	T	N	10293	10294	1	f
161	T	N	10294	10295	1	f
162	C	N	10295	10296	1	f
163	T	N	10296	10297	1	f
164	A	N	10297	10298	1	f
165	T	N	10298	10299	1	f
166	G	N	10299	10300	1	f
167	C	N	10300	10301	1	f
168	A	N	10301	10302	1	f
169	A	N	10302	10303	1	f
170	A	N	10303	10304	1	f
171	A	N	10304	10305	1	f
172	T	N	10305	10306	1	f
173	T	N	10306	10307	1	f
174	G	N	10307	10308	1	f
175	T	N	10308	10309	1	f
176	G	N	10309	10310	1	f
177	T	N	10310	10311	1	f
178	A	N	10311	10312	1	f
179	C	N	10312	10313	1	f
180	T	N	10313	10314	1	f
181	T	N	10314	10315	1	f
182	A	N	10315	10316	1	f
183	A	N	10316	10317	1	f
184	G	N	10317	10318	1	f
185	C	N	10318	10319	1	f
186	T	N	10319	10320	1	f
187	T	N	10320	10321	1	f
188	A	N	10321	10322	1	f
189	A	N	10322	10323	1	f
190	G	N	10323	10324	1	f
191	G	N	10324	10325	1	f
192	T	N	10325	10326	1	f
193	T	N	10326	10327	1	f
194	G	N	10327	10328	1	f
195	A	N	10328	10329	1	f
196	T	N	10329	10330	1	f
197	A	N	10330	10331	1	f
198	C	N	10331	10332	1	f
199	A	N	10332	10333	1	f
200	G	N	10333	10334	1	f
201	C	N	10334	10335	1	f
202	C	N	10335	10336	1	f
203	A	N	10336	10337	1	f
204	A	N	10337	10338	1	f
205	T	N	10338	10339	1	f
206	C	N	10339	10340	1	f
207	C	N	10340	10341	1	f
208	T	N	10341	10342	1	f
209	A	N	10342	10343	1	f
210	A	N	10343	10344	1	f
211	G	N	10344	10345	1	f
212	A	N	10345	10346	1	f
213	C	N	10346	10347	1	f
214	A	N	10347	10348	1	f
215	C	N	10348	10349	1	f
216	C	N	10349	10350	1	f
217	T	N	10350	10351	1	f
218	A	N	10351	10352	1	f
219	A	N	10352	10353	1	f
220	G	N	10353	10354	1	f
221	T	N	10354	10355	1	f
222	A	N	10355	10356	1	f
223	T	N	10356	10357	1	f
224	A	N	10357	10358	1	f
225	A	N	10358	10359	1	f
226	G	N	10359	10360	1	f
227	T	N	10360	10361	1	f
228	T	N	10361	10362	1	f
229	T	N	10362	10363	1	f
230	G	N	10363	10364	1	f
231	T	N	10364	10365	1	f
232	T	N	10365	10366	1	f
233	C	N	10366	10367	1	f
234	G	N	10367	10368	1	f
235	C	N	10368	10369	1	f
236	A	N	10369	10370	1	f
237	T	N	10370	10371	1	f
238	T	N	10371	10372	1	f
239	C	N	10372	10373	1	f
240	A	N	10373	10374	1	f
241	A	N	10374	10375	1	f
242	C	N	10375	10376	1	f
243	C	N	10376	10377	1	f
244	G	A	10446	10447	1	f
245	C	A	10448	10449	1	f
246	TCTGGTTTT		11287	11296	1	f
247	C	T	12438	12439	1	f
248	A	N	12603	12604	1	f
249	A	N	12604	12605	1	f
250	T	N	12605	12606	1	f
251	T	N	12606	12607	1	f
252	C	N	12615	12616	1	f
253	A	N	12616	12617	1	f
254	A	N	12617	12618	1	f
255	T	N	12618	12619	1	f
256	T	N	12619	12620	1	f
257	C	N	12620	12621	1	f
258	A	N	12621	12622	1	f
259	C	N	12622	12623	1	f
260	C	N	12623	12624	1	f
261	T	N	12624	12625	1	f
262	A	N	12625	12626	1	f
263	A	N	12626	12627	1	f
264	T	N	12627	12628	1	f
265	T	N	12628	12629	1	f
266	T	N	12629	12630	1	f
267	A	N	12630	12631	1	f
268	G	N	12631	12632	1	f
269	C	N	12632	12633	1	f
270	T	N	12647	12648	1	f
271	A	N	12648	12649	1	f
272	A	N	12649	12650	1	f
273	C	N	12650	12651	1	f
274	A	N	12651	12652	1	f
275	G	N	12652	12653	1	f
276	C	N	12653	12654	1	f
277	T	N	12654	12655	1	f
278	T	N	12655	12656	1	f
279	T	N	12656	12657	1	f
280	A	N	12657	12658	1	f
281	A	N	12658	12659	1	f
282	G	N	12659	12660	1	f
283	G	N	12661	12662	1	f
284	C	N	12662	12663	1	f
285	C	T	12879	12880	1	f
286	A	N	13565	13566	1	f
287	G	N	13566	13567	1	f
288	C	T	14407	14408	1	f
289	C	T	15713	15714	1	f
290	C	T	17409	17410	1	f
291	A	G	18162	18163	1	f
292	C	T	19954	19955	1	f
293	A	G	20054	20055	1	f
294	C	T	21617	21618	1	f
295	TACCCCCTG		21632	21641	1	f
296	G	A	21986	21987	1	f
297	T	G	22199	22200	1	f
298	G	A	22577	22578	1	f
299	C	T	22673	22674	1	f
300	T	C	22678	22679	1	f
301	C	T	22685	22686	1	f
302	A	G	22687	22688	1	f
303	G	A	22774	22775	1	f
304	A	C	22785	22786	1	f
305	C	T	22791	22792	1	f
306	G	T	22812	22813	1	f
307	T	G	22881	22882	1	f
308	G	A	22991	22992	1	f
309	C	A	22994	22995	1	f
310	A	C	23012	23013	1	f
311	A	G	23039	23040	1	f
312	A	G	23054	23055	1	f
313	A	T	23062	23063	1	f
314	T	C	23074	23075	1	f
315	A	G	23402	23403	1	f
316	C	T	23524	23525	1	f
317	T	G	23598	23599	1	f
318	C	A	23603	23604	1	f
319	C	A	23853	23854	1	f
320	G	T	23947	23948	1	f
321	A	T	24423	24424	1	f
322	T	A	24468	24469	1	f
323	C	T	24999	25000	1	f
324	C	T	25583	25584	1	f
325	C	T	25623	25624	1	f
326	C	T	26059	26060	1	f
327	C	T	26269	26270	1	f
328	C	G	26576	26577	1	f
329	G	A	26708	26709	1	f
330	C	T	26857	26858	1	f
331	A	C	27258	27259	1	f
332	G	C	27381	27382	1	f
333	A	T	27382	27383	1	f
334	T	C	27383	27384	1	f
335	T	C	27431	27432	1	f
336	C	T	27806	27807	1	f
337	T	N	27825	27826	1	f
338	G	N	27826	27827	1	f
339	C	N	27827	27828	1	f
340	T	N	27828	27829	1	f
341	T	N	27829	27830	1	f
342	A	N	27830	27831	1	f
343	T	N	27831	27832	1	f
344	T	N	27832	27833	1	f
345	A	N	27833	27834	1	f
346	T	N	27834	27835	1	f
347	C	N	27835	27836	1	f
348	T	N	27836	27837	1	f
349	T	N	27837	27838	1	f
350	T	N	27838	27839	1	f
351	T	N	27839	27840	1	f
352	G	N	27840	27841	1	f
353	G	N	27841	27842	1	f
354	T	N	27842	27843	1	f
355	T	N	27843	27844	1	f
356	C	N	27844	27845	1	f
357	T	N	27845	27846	1	f
358	C	N	27846	27847	1	f
359	A	N	27847	27848	1	f
360	C	N	27848	27849	1	f
361	T	N	27849	27850	1	f
362	T	N	27850	27851	1	f
363	G	N	27851	27852	1	f
364	A	N	27852	27853	1	f
365	A	N	27853	27854	1	f
366	C	N	27854	27855	1	f
367	T	N	27855	27856	1	f
368	G	N	27856	27857	1	f
369	C	N	27857	27858	1	f
370	A	N	27858	27859	1	f
371	A	N	27859	27860	1	f
372	G	N	27860	27861	1	f
373	A	N	27861	27862	1	f
374	T	N	27862	27863	1	f
375	C	N	27863	27864	1	f
376	A	N	27864	27865	1	f
377	T	N	27865	27866	1	f
378	A	N	27866	27867	1	f
379	A	N	27867	27868	1	f
380	T	N	27868	27869	1	f
381	G	N	27869	27870	1	f
382	A	N	27870	27871	1	f
383	A	N	27871	27872	1	f
384	A	N	27872	27873	1	f
385	C	N	27873	27874	1	f
386	T	N	27874	27875	1	f
387	T	N	27875	27876	1	f
388	G	N	27876	27877	1	f
389	T	N	27877	27878	1	f
390	C	N	27878	27879	1	f
391	A	N	27879	27880	1	f
392	C	N	27880	27881	1	f
393	G	N	27881	27882	1	f
394	C	N	27882	27883	1	f
395	C	N	27883	27884	1	f
396	T	N	27884	27885	1	f
397	A	N	27885	27886	1	f
398	A	N	27886	27887	1	f
399	A	N	27887	27888	1	f
400	C	N	27888	27889	1	f
401	G	N	27889	27890	1	f
402	A	N	27890	27891	1	f
403	A	N	27891	27892	1	f
404	C	N	27892	27893	1	f
405	A	N	27893	27894	1	f
406	T	N	27894	27895	1	f
407	G	N	27895	27896	1	f
408	A	N	27896	27897	1	f
409	A	N	27897	27898	1	f
410	A	N	27898	27899	1	f
411	T	N	27899	27900	1	f
412	T	N	27900	27901	1	f
413	T	N	27901	27902	1	f
414	C	N	27902	27903	1	f
415	T	N	27903	27904	1	f
416	T	N	27904	27905	1	f
417	G	N	27905	27906	1	f
418	T	N	27906	27907	1	f
419	T	N	27907	27908	1	f
420	T	N	27908	27909	1	f
421	T	N	27909	27910	1	f
422	C	N	27910	27911	1	f
423	T	N	27911	27912	1	f
424	T	N	27912	27913	1	f
425	A	N	27913	27914	1	f
426	G	N	27914	27915	1	f
427	G	N	27915	27916	1	f
428	A	N	27916	27917	1	f
429	A	N	27917	27918	1	f
430	T	N	27918	27919	1	f
431	C	N	27919	27920	1	f
432	A	N	27920	27921	1	f
433	T	N	27921	27922	1	f
434	C	N	27922	27923	1	f
435	A	N	27923	27924	1	f
436	C	N	27924	27925	1	f
437	A	N	27925	27926	1	f
438	A	N	27926	27927	1	f
439	C	N	27927	27928	1	f
440	T	N	27928	27929	1	f
441	G	N	27929	27930	1	f
442	T	N	27930	27931	1	f
443	A	N	27931	27932	1	f
444	G	N	27932	27933	1	f
445	C	N	27933	27934	1	f
446	T	N	27934	27935	1	f
447	G	N	27935	27936	1	f
448	C	N	27936	27937	1	f
449	A	N	27937	27938	1	f
450	T	N	27938	27939	1	f
451	T	N	27939	27940	1	f
452	T	N	27940	27941	1	f
453	C	N	27941	27942	1	f
454	A	N	27942	27943	1	f
455	C	N	27943	27944	1	f
456	C	N	27944	27945	1	f
457	A	N	27945	27946	1	f
458	A	N	27946	27947	1	f
459	G	N	27947	27948	1	f
460	A	N	27948	27949	1	f
461	A	N	27949	27950	1	f
462	T	N	27950	27951	1	f
463	G	N	27951	27952	1	f
464	T	N	27952	27953	1	f
465	A	N	27953	27954	1	f
466	G	N	27954	27955	1	f
467	T	N	27955	27956	1	f
468	T	N	27956	27957	1	f
469	T	N	27957	27958	1	f
470	A	N	27958	27959	1	f
471	C	N	27959	27960	1	f
472	A	N	27960	27961	1	f
473	G	N	27961	27962	1	f
474	T	N	27962	27963	1	f
475	C	N	27963	27964	1	f
476	A	N	27964	27965	1	f
477	T	N	27965	27966	1	f
478	G	N	27966	27967	1	f
479	T	N	27967	27968	1	f
480	A	N	27968	27969	1	f
481	C	N	27969	27970	1	f
482	T	N	27970	27971	1	f
483	C	N	27971	27972	1	f
484	A	N	27972	27973	1	f
485	A	N	27973	27974	1	f
486	C	N	27974	27975	1	f
487	A	N	27975	27976	1	f
488	T	N	27976	27977	1	f
489	C	N	27977	27978	1	f
490	A	N	27978	27979	1	f
491	A	N	27979	27980	1	f
492	C	N	27980	27981	1	f
493	C	N	27981	27982	1	f
494	A	N	27982	27983	1	f
495	T	N	27983	27984	1	f
496	A	N	27984	27985	1	f
497	T	N	27985	27986	1	f
498	G	N	27986	27987	1	f
499	T	N	27987	27988	1	f
500	A	N	27988	27989	1	f
501	G	N	27989	27990	1	f
502	T	N	27990	27991	1	f
503	T	N	27991	27992	1	f
504	G	N	27992	27993	1	f
505	A	N	27993	27994	1	f
506	T	N	27994	27995	1	f
507	G	N	27995	27996	1	f
508	A	N	27996	27997	1	f
509	C	N	27997	27998	1	f
510	C	N	27998	27999	1	f
511	C	N	27999	28000	1	f
512	G	N	28000	28001	1	f
513	T	N	28001	28002	1	f
514	G	N	28002	28003	1	f
515	T	N	28003	28004	1	f
516	C	N	28004	28005	1	f
517	C	N	28005	28006	1	f
518	T	N	28006	28007	1	f
519	A	N	28007	28008	1	f
520	T	N	28008	28009	1	f
521	T	N	28009	28010	1	f
522	C	N	28010	28011	1	f
523	A	N	28011	28012	1	f
524	C	N	28012	28013	1	f
525	T	N	28013	28014	1	f
526	T	N	28014	28015	1	f
527	C	N	28015	28016	1	f
528	T	N	28016	28017	1	f
529	A	N	28017	28018	1	f
530	T	N	28018	28019	1	f
531	T	N	28019	28020	1	f
532	C	N	28020	28021	1	f
533	T	N	28021	28022	1	f
534	A	N	28022	28023	1	f
535	A	N	28023	28024	1	f
536	A	N	28024	28025	1	f
537	T	N	28025	28026	1	f
538	G	N	28026	28027	1	f
539	G	N	28027	28028	1	f
540	T	N	28028	28029	1	f
541	A	N	28029	28030	1	f
542	T	N	28030	28031	1	f
543	A	N	28031	28032	1	f
544	T	N	28032	28033	1	f
545	T	N	28033	28034	1	f
546	A	N	28034	28035	1	f
547	G	N	28035	28036	1	f
548	A	N	28036	28037	1	f
549	G	N	28037	28038	1	f
550	T	N	28038	28039	1	f
551	A	N	28039	28040	1	f
552	G	N	28040	28041	1	f
553	G	N	28041	28042	1	f
554	A	N	28042	28043	1	f
555	G	N	28043	28044	1	f
556	C	N	28044	28045	1	f
557	T	N	28045	28046	1	f
558	A	N	28046	28047	1	f
559	G	N	28047	28048	1	f
560	A	N	28048	28049	1	f
561	A	N	28049	28050	1	f
562	A	N	28050	28051	1	f
563	A	N	28051	28052	1	f
564	T	N	28052	28053	1	f
565	C	N	28053	28054	1	f
566	A	N	28054	28055	1	f
567	G	N	28055	28056	1	f
568	C	N	28056	28057	1	f
569	A	N	28057	28058	1	f
570	C	N	28058	28059	1	f
571	C	N	28059	28060	1	f
572	T	N	28060	28061	1	f
573	T	N	28061	28062	1	f
574	T	N	28062	28063	1	f
575	A	N	28063	28064	1	f
576	A	N	28064	28065	1	f
577	T	N	28065	28066	1	f
578	T	N	28066	28067	1	f
579	G	N	28067	28068	1	f
580	A	N	28068	28069	1	f
581	A	N	28069	28070	1	f
582	T	N	28070	28071	1	f
583	T	N	28071	28072	1	f
584	G	N	28072	28073	1	f
585	T	N	28073	28074	1	f
586	G	N	28074	28075	1	f
587	C	N	28075	28076	1	f
588	G	N	28076	28077	1	f
589	T	N	28077	28078	1	f
590	G	N	28078	28079	1	f
591	G	N	28079	28080	1	f
592	A	N	28080	28081	1	f
593	T	N	28081	28082	1	f
594	G	N	28082	28083	1	f
595	A	N	28083	28084	1	f
596	G	N	28084	28085	1	f
597	G	N	28085	28086	1	f
598	C	N	28086	28087	1	f
599	T	N	28087	28088	1	f
600	G	N	28088	28089	1	f
601	G	N	28089	28090	1	f
602	T	N	28090	28091	1	f
603	T	N	28091	28092	1	f
604	C	N	28092	28093	1	f
605	T	N	28093	28094	1	f
606	A	N	28094	28095	1	f
607	A	N	28095	28096	1	f
608	A	T	28270	28271	1	f
609	C	T	28310	28311	1	f
610	GAGAACGCA		28361	28370	1	f
611	G	A	28880	28881	1	f
612	G	A	28881	28882	1	f
613	G	C	28882	28883	1	f
614	A	C	29509	29510	1	f
615	GAGGCCACGCGGAGTACGATCGAGTG		29733	29759	1	f
616	CCATGTGATTTTAATAGCTTCTTAGGAGAATGACAAAAAAAAAAAAAAAAAAAAAAAAAAAAAAAAA		29836	29903	1	f
617	ATTAAAGGTTTATACCTTCCCAGGTAACAAACCAACCAACTTTCGATCTCTTGT		0	54	1	f
618	C	A	497	498	1	f
619	C	T	10197	10198	1	f
620	T	C	15930	15931	1	f
621	T	C	21764	21765	1	f
622	A	G	25947	25948	1	f
623	C	T	29420	29421	1	f
624	G	T	209	210	1	f
625	G	T	525	526	1	f
626	G	A	2943	2944	1	f
627	C	T	3810	3811	1	f
628	G	T	4180	4181	1	f
629	A	G	4332	4333	1	f
630	C	T	6401	6402	1	f
631	C	T	7123	7124	1	f
632	T	C	7751	7752	1	f
633	C	T	8985	8986	1	f
634	G	T	9052	9053	1	f
635	A	G	9192	9193	1	f
636	A	G	11200	11201	1	f
637	A	G	11331	11332	1	f
638	G	T	11416	11417	1	f
639	T	C	13901	13902	1	f
640	G	T	14054	14055	1	f
641	G	A	15450	15451	1	f
642	C	T	16465	16466	1	f
643	C	T	17501	17502	1	f
644	A	G	18140	18141	1	f
645	C	T	19219	19220	1	f
646	C	T	19523	19524	1	f
647	C	G	21617	21618	1	f
648	T	C	21885	21886	1	f
649	AGTTCA		22028	22034	1	f
650	G	C	22379	22380	1	f
651	G	C	22380	22381	1	f
652	T	G	22916	22917	1	f
653	C	G	23603	23604	1	f
654	G	A	24409	24410	1	f
655	C	T	25468	25469	1	f
656	T	C	26766	26767	1	f
657	T	C	27637	27638	1	f
658	C	T	27751	27752	1	f
659	C	T	27873	27874	1	f
660	GATTTC		28247	28253	1	f
661	A		28270	28271	1	f
662	C	A	28418	28419	1	f
663	A	G	28460	28461	1	f
664	G	T	28880	28881	1	f
665	G	T	28915	28916	1	f
666	C	T	28956	28957	1	f
667	G	T	29401	29402	1	f
668	G	C	29735	29736	1	f
669	G	T	29741	29742	1	f
670	TGACAAAAAAAAAAAAAAAAAAAAAAAAAAAAAAAAA		29866	29903	1	f
671	ATTAAAGGTTTATACCTTCCCAGGTAACAAACCAACCAACTTTCGATC		0	48	1	f
672	C	T	1593	1594	1	f
673	T	N	1782	1783	1	f
674	G	N	1783	1784	1	f
675	G	N	1784	1785	1	f
676	T	N	1785	1786	1	f
677	A	N	1786	1787	1	f
678	A	N	1787	1788	1	f
679	T	N	1788	1789	1	f
680	T	N	1789	1790	1	f
681	T	N	1790	1791	1	f
682	T	N	1791	1792	1	f
683	A	N	1792	1793	1	f
684	A	N	1793	1794	1	f
685	A	N	1794	1795	1	f
686	G	N	1795	1796	1	f
687	T	N	1796	1797	1	f
688	T	N	1797	1798	1	f
689	A	N	1798	1799	1	f
690	C	N	1799	1800	1	f
691	A	N	1800	1801	1	f
692	A	N	1801	1802	1	f
693	A	N	1802	1803	1	f
694	A	N	1803	1804	1	f
695	G	N	1804	1805	1	f
696	G	N	1805	1806	1	f
697	A	N	1806	1807	1	f
698	A	N	1807	1808	1	f
699	A	N	1808	1809	1	f
700	A	N	1809	1810	1	f
701	G	N	1810	1811	1	f
702	C	N	1811	1812	1	f
703	T	N	1812	1813	1	f
704	A	N	1813	1814	1	f
705	A	N	1814	1815	1	f
706	A	N	1815	1816	1	f
707	A	N	1816	1817	1	f
708	A	G	1896	1897	1	f
709	C	T	2469	2470	1	f
710	A	G	2831	2832	1	f
711	T	G	5385	5386	1	f
712	GTT		6512	6515	1	f
713	G	N	6900	6901	1	f
714	G	N	6901	6902	1	f
715	C	N	6902	6903	1	f
716	T	N	6903	6904	1	f
717	T	N	6904	6905	1	f
718	C	N	6905	6906	1	f
719	A	N	6906	6907	1	f
720	T	N	6907	6908	1	f
721	T	N	6908	6909	1	f
722	T	N	6909	6910	1	f
723	A	N	6910	6911	1	f
724	A	N	6911	6912	1	f
725	T	N	6912	6913	1	f
726	T	N	6913	6914	1	f
727	A	N	6914	6915	1	f
728	T	N	6915	6916	1	f
729	T	N	6916	6917	1	f
730	T	N	6917	6918	1	f
731	G	N	6918	6919	1	f
732	A	N	6919	6920	1	f
733	A	N	6920	6921	1	f
734	G	N	6921	6922	1	f
735	T	N	6922	6923	1	f
736	A	N	6966	6967	1	f
737	C	N	6967	6968	1	f
738	T	N	6968	6969	1	f
739	T	N	6978	6979	1	f
740	T	N	6979	6980	1	f
741	G	N	6980	6981	1	f
742	A	N	6998	6999	1	f
743	C	N	6999	7000	1	f
744	T	N	7000	7001	1	f
745	C	N	7001	7002	1	f
746	A	N	7002	7003	1	f
747	C	N	7005	7006	1	f
748	G	N	7006	7007	1	f
749	T	N	7045	7046	1	f
750	T	N	7051	7052	1	f
751	G	N	7052	7053	1	f
752	T	N	7053	7054	1	f
753	A	N	7054	7055	1	f
754	G	A	8392	8393	1	f
755	GTTTGTCTG		11282	11291	1	f
756	A	G	11536	11537	1	f
757	T	C	13194	13195	1	f
758	C	T	15239	15240	1	f
759	C	T	17746	17747	1	f
760	A	N	20231	20232	1	f
761	C	N	20232	20233	1	f
762	C	N	20233	20234	1	f
763	C	N	20234	20235	1	f
764	A	N	20235	20236	1	f
765	G	N	20236	20237	1	f
766	G	N	20237	20238	1	f
767	A	N	20238	20239	1	f
768	G	N	20239	20240	1	f
769	T	N	20240	20241	1	f
770	C	N	20241	20242	1	f
771	A	N	20242	20243	1	f
772	A	N	20243	20244	1	f
773	A	N	20244	20245	1	f
774	T	N	20245	20246	1	f
775	G	N	20246	20247	1	f
776	G	N	20247	20248	1	f
777	A	N	20248	20249	1	f
778	A	N	20249	20250	1	f
779	A	N	20250	20251	1	f
780	T	N	20251	20252	1	f
781	T	N	20252	20253	1	f
782	G	N	20253	20254	1	f
783	A	N	20254	20255	1	f
784	T	N	20255	20256	1	f
785	T	N	20256	20257	1	f
786	T	N	20257	20258	1	f
787	C	N	20258	20259	1	f
788	T	N	20259	20260	1	f
789	T	N	20260	20261	1	f
790	A	N	20261	20262	1	f
791	G	N	20262	20263	1	f
792	A	N	20263	20264	1	f
793	A	N	20264	20265	1	f
794	T	N	20265	20266	1	f
795	T	N	20266	20267	1	f
796	A	N	20267	20268	1	f
797	G	N	20268	20269	1	f
798	C	N	20269	20270	1	f
799	T	N	20270	20271	1	f
800	A	N	20271	20272	1	f
801	T	N	20272	20273	1	f
802	G	N	20273	20274	1	f
803	G	N	20274	20275	1	f
804	A	N	20275	20276	1	f
805	T	N	20276	20277	1	f
806	G	N	20277	20278	1	f
807	A	N	20278	20279	1	f
808	A	N	20279	20280	1	f
809	T	N	20280	20281	1	f
810	T	N	20281	20282	1	f
811	C	N	20282	20283	1	f
812	A	N	20283	20284	1	f
813	T	N	20284	20285	1	f
814	T	N	20285	20286	1	f
815	G	N	20286	20287	1	f
816	A	N	20287	20288	1	f
817	A	N	20288	20289	1	f
818	C	N	20289	20290	1	f
819	G	N	20290	20291	1	f
820	G	N	20291	20292	1	f
821	T	N	20292	20293	1	f
822	A	N	20293	20294	1	f
823	T	N	20294	20295	1	f
824	A	N	20295	20296	1	f
825	A	N	20296	20297	1	f
826	A	N	20297	20298	1	f
827	T	N	20298	20299	1	f
828	T	N	20299	20300	1	f
829	A	N	20300	20301	1	f
830	G	N	20301	20302	1	f
831	A	N	20302	20303	1	f
832	A	N	20303	20304	1	f
833	T	N	20307	20308	1	f
834	G	N	20310	20311	1	f
835	C	N	20311	20312	1	f
836	C	N	20312	20313	1	f
837	T	N	20313	20314	1	f
838	T	N	20314	20315	1	f
839	C	N	20315	20316	1	f
840	G	N	20316	20317	1	f
841	A	N	20317	20318	1	f
842	A	N	20318	20319	1	f
843	C	N	20319	20320	1	f
844	A	N	20320	20321	1	f
845	T	N	20321	20322	1	f
846	A	N	20322	20323	1	f
847	T	N	20323	20324	1	f
848	C	N	20324	20325	1	f
849	G	N	20325	20326	1	f
850	T	N	20326	20327	1	f
851	T	N	20327	20328	1	f
852	T	N	20328	20329	1	f
853	A	N	20329	20330	1	f
854	T	N	20330	20331	1	f
855	G	N	20331	20332	1	f
856	G	N	20332	20333	1	f
857	A	N	20333	20334	1	f
858	G	N	20334	20335	1	f
859	A	N	20335	20336	1	f
860	T	N	20336	20337	1	f
861	T	N	20337	20338	1	f
862	T	N	20338	20339	1	f
863	T	N	20339	20340	1	f
864	A	N	20340	20341	1	f
865	G	N	20341	20342	1	f
866	T	N	20342	20343	1	f
867	C	N	20343	20344	1	f
868	A	N	20344	20345	1	f
869	T	N	20345	20346	1	f
870	A	N	20346	20347	1	f
871	G	N	20347	20348	1	f
872	T	N	20348	20349	1	f
873	C	N	20349	20350	1	f
874	A	N	20350	20351	1	f
875	G	N	20351	20352	1	f
876	T	N	20352	20353	1	f
877	T	N	20353	20354	1	f
878	A	N	20354	20355	1	f
879	G	N	20355	20356	1	f
880	G	N	20356	20357	1	f
881	T	N	20357	20358	1	f
882	G	N	20358	20359	1	f
883	G	N	20359	20360	1	f
884	T	N	20360	20361	1	f
885	T	N	20361	20362	1	f
886	T	N	20362	20363	1	f
887	A	N	20363	20364	1	f
888	C	N	20364	20365	1	f
889	A	N	20365	20366	1	f
890	T	N	20366	20367	1	f
891	C	N	20367	20368	1	f
892	T	N	20368	20369	1	f
893	A	N	20369	20370	1	f
894	C	N	20370	20371	1	f
895	T	N	20371	20372	1	f
896	G	N	20372	20373	1	f
897	A	N	20373	20374	1	f
898	T	N	20374	20375	1	f
899	T	N	20375	20376	1	f
900	G	N	20376	20377	1	f
901	G	N	20377	20378	1	f
902	A	N	20378	20379	1	f
903	C	N	20379	20380	1	f
904	T	N	20380	20381	1	f
905	A	N	20381	20382	1	f
906	G	N	20382	20383	1	f
907	C	N	20383	20384	1	f
908	T	N	20384	20385	1	f
909	A	N	20385	20386	1	f
910	A	N	20386	20387	1	f
911	A	N	20387	20388	1	f
912	C	N	20388	20389	1	f
913	G	N	20389	20390	1	f
914	T	N	20390	20391	1	f
915	T	N	20391	20392	1	f
916	T	N	20392	20393	1	f
917	T	N	20393	20394	1	f
918	A	N	20394	20395	1	f
919	A	N	20395	20396	1	f
920	G	N	20396	20397	1	f
921	G	N	20397	20398	1	f
922	A	N	20398	20399	1	f
923	A	N	20399	20400	1	f
924	T	N	20400	20401	1	f
925	C	N	20401	20402	1	f
926	A	N	20402	20403	1	f
927	C	N	20403	20404	1	f
928	C	N	20404	20405	1	f
929	T	N	20405	20406	1	f
930	T	N	20406	20407	1	f
931	T	N	20407	20408	1	f
932	T	N	20408	20409	1	f
933	G	N	20409	20410	1	f
934	A	N	20410	20411	1	f
935	A	N	20411	20412	1	f
936	T	N	20412	20413	1	f
937	T	N	20413	20414	1	f
938	A	N	20414	20415	1	f
939	G	N	20415	20416	1	f
940	A	N	20416	20417	1	f
941	A	N	20417	20418	1	f
942	G	N	20418	20419	1	f
943	A	N	20419	20420	1	f
944	T	N	20420	20421	1	f
945	T	N	20421	20422	1	f
946	T	N	20422	20423	1	f
947	T	N	20423	20424	1	f
948	A	N	20424	20425	1	f
949	T	N	20425	20426	1	f
950	T	N	20426	20427	1	f
951	C	N	20427	20428	1	f
952	C	N	20428	20429	1	f
953	T	N	20429	20430	1	f
954	A	N	20430	20431	1	f
955	T	N	20431	20432	1	f
956	G	N	20432	20433	1	f
957	G	N	20433	20434	1	f
958	A	N	20434	20435	1	f
959	C	N	20435	20436	1	f
960	A	N	20436	20437	1	f
961	G	N	20437	20438	1	f
962	T	N	20438	20439	1	f
963	A	N	20439	20440	1	f
964	C	N	20440	20441	1	f
965	A	N	20441	20442	1	f
966	G	N	20442	20443	1	f
967	T	N	20443	20444	1	f
968	T	N	20444	20445	1	f
969	A	N	20445	20446	1	f
970	A	N	20446	20447	1	f
971	A	N	20447	20448	1	f
972	A	N	20448	20449	1	f
973	A	N	20449	20450	1	f
974	C	N	20450	20451	1	f
975	T	N	20451	20452	1	f
976	A	N	20452	20453	1	f
977	T	N	20453	20454	1	f
978	T	N	20454	20455	1	f
979	T	N	20455	20456	1	f
980	C	N	20456	20457	1	f
981	A	N	20457	20458	1	f
982	T	N	20458	20459	1	f
983	A	N	20459	20460	1	f
984	A	N	20460	20461	1	f
985	C	N	20461	20462	1	f
986	A	N	20462	20463	1	f
987	G	N	20463	20464	1	f
988	C	T	21761	21762	1	f
989	TACATG		21764	21770	1	f
990	C	T	21845	21846	1	f
991	GTGTTTATT		21986	21995	1	f
992	A	N	22023	22024	1	f
993	A	N	22024	22025	1	f
994	G	N	22025	22026	1	f
995	T	N	22026	22027	1	f
996	G	N	22027	22028	1	f
997	A	N	22028	22029	1	f
998	G	N	22029	22030	1	f
999	T	N	22030	22031	1	f
1000	T	N	22031	22032	1	f
1001	C	N	22032	22033	1	f
1002	A	N	22033	22034	1	f
1003	G	N	22034	22035	1	f
1004	A	N	22035	22036	1	f
1005	G	N	22036	22037	1	f
1006	T	N	22037	22038	1	f
1007	T	N	22038	22039	1	f
1008	T	N	22039	22040	1	f
1009	A	N	22040	22041	1	f
1010	T	N	22041	22042	1	f
1011	T	N	22042	22043	1	f
1012	C	N	22043	22044	1	f
1013	T	N	22044	22045	1	f
1014	A	N	22045	22046	1	f
1015	G	N	22046	22047	1	f
1016	T	N	22047	22048	1	f
1017	G	N	22048	22049	1	f
1018	C	N	22049	22050	1	f
1019	G	N	22050	22051	1	f
1020	A	N	22051	22052	1	f
1021	A	N	22052	22053	1	f
1022	T	N	22053	22054	1	f
1023	A	N	22054	22055	1	f
1024	A	N	22055	22056	1	f
1025	T	N	22056	22057	1	f
1026	T	N	22057	22058	1	f
1027	G	N	22058	22059	1	f
1028	C	N	22059	22060	1	f
1029	A	N	22060	22061	1	f
1030	C	N	22061	22062	1	f
1031	T	N	22062	22063	1	f
1032	T	N	22063	22064	1	f
1033	T	N	22064	22065	1	f
1034	T	N	22065	22066	1	f
1035	G	N	22066	22067	1	f
1036	A	N	22067	22068	1	f
1037	A	N	22068	22069	1	f
1038	T	N	22069	22070	1	f
1039	A	N	22070	22071	1	f
1040	T	N	22071	22072	1	f
1041	G	N	22072	22073	1	f
1042	T	N	22073	22074	1	f
1043	C	N	22074	22075	1	f
1044	T	N	22075	22076	1	f
1045	C	N	22076	22077	1	f
1046	T	N	22077	22078	1	f
1047	C	N	22078	22079	1	f
1048	A	N	22079	22080	1	f
1049	G	N	22080	22081	1	f
1050	C	N	22081	22082	1	f
1051	C	N	22082	22083	1	f
1052	T	N	22083	22084	1	f
1053	T	N	22084	22085	1	f
1054	T	N	22085	22086	1	f
1055	T	N	22086	22087	1	f
1056	C	N	22087	22088	1	f
1057	T	N	22088	22089	1	f
1058	T	N	22089	22090	1	f
1059	A	N	22090	22091	1	f
1060	T	N	22091	22092	1	f
1061	G	N	22092	22093	1	f
1062	G	N	22093	22094	1	f
1063	A	N	22094	22095	1	f
1064	C	N	22095	22096	1	f
1065	C	N	22096	22097	1	f
1066	T	N	22097	22098	1	f
1067	T	N	22098	22099	1	f
1068	G	N	22099	22100	1	f
1069	A	N	22100	22101	1	f
1070	A	N	22101	22102	1	f
1071	G	N	22102	22103	1	f
1072	G	N	22103	22104	1	f
1073	A	N	22104	22105	1	f
1074	A	N	22105	22106	1	f
1075	A	N	22106	22107	1	f
1076	A	N	22107	22108	1	f
1077	C	N	22108	22109	1	f
1078	A	N	22109	22110	1	f
1079	G	N	22110	22111	1	f
1080	G	N	22111	22112	1	f
1081	G	N	22112	22113	1	f
1082	T	N	22113	22114	1	f
1083	A	N	22114	22115	1	f
1084	A	N	22115	22116	1	f
1085	T	N	22116	22117	1	f
1086	T	N	22117	22118	1	f
1087	T	N	22118	22119	1	f
1088	C	N	22119	22120	1	f
1089	A	N	22120	22121	1	f
1090	A	N	22121	22122	1	f
1091	A	N	22122	22123	1	f
1092	A	N	22123	22124	1	f
1093	A	N	22124	22125	1	f
1094	T	N	22125	22126	1	f
1095	C	N	22126	22127	1	f
1096	T	N	22127	22128	1	f
1097	T	N	22128	22129	1	f
1098	A	N	22129	22130	1	f
1099	G	N	22130	22131	1	f
1100	G	N	22131	22132	1	f
1101	G	N	22132	22133	1	f
1102	A	N	22133	22134	1	f
1103	A	N	22134	22135	1	f
1104	T	N	22135	22136	1	f
1105	T	N	22136	22137	1	f
1106	T	N	22137	22138	1	f
1107	G	N	22138	22139	1	f
1108	T	N	22139	22140	1	f
1109	G	N	22140	22141	1	f
1110	T	N	22141	22142	1	f
1111	T	N	22142	22143	1	f
1112	T	N	22143	22144	1	f
1113	A	N	22144	22145	1	f
1114	A	N	22145	22146	1	f
1115	G	N	22146	22147	1	f
1116	A	N	22147	22148	1	f
1117	A	N	22148	22149	1	f
1118	T	N	22149	22150	1	f
1119	A	N	22150	22151	1	f
1120	T	N	22151	22152	1	f
1121	T	N	22152	22153	1	f
1122	G	N	22153	22154	1	f
1123	A	N	22154	22155	1	f
1124	T	N	22155	22156	1	f
1125	G	N	22156	22157	1	f
1126	G	N	22157	22158	1	f
1127	T	N	22158	22159	1	f
1128	T	N	22159	22160	1	f
1129	A	N	22160	22161	1	f
1130	T	N	22161	22162	1	f
1131	T	N	22162	22163	1	f
1132	T	N	22163	22164	1	f
1133	T	N	22164	22165	1	f
1134	A	N	22165	22166	1	f
1135	A	N	22166	22167	1	f
1136	A	N	22167	22168	1	f
1137	A	N	22168	22169	1	f
1138	T	N	22169	22170	1	f
1139	A	N	22170	22171	1	f
1140	T	N	22171	22172	1	f
1141	A	N	22172	22173	1	f
1142	T	N	22173	22174	1	f
1143	T	N	22174	22175	1	f
1144	C	N	22175	22176	1	f
1145	T	N	22176	22177	1	f
1146	A	N	22177	22178	1	f
1147	A	N	22178	22179	1	f
1148	G	N	22179	22180	1	f
1149	C	N	22180	22181	1	f
1150	A	N	22181	22182	1	f
1151	C	N	22182	22183	1	f
1152	A	N	22183	22184	1	f
1153	C	N	22184	22185	1	f
1154	G	N	22185	22186	1	f
1155	C	N	22186	22187	1	f
1156	C	N	22187	22188	1	f
1157	T	N	22188	22189	1	f
1158	A	N	22189	22190	1	f
1159	T	N	22190	22191	1	f
1160	T	N	22191	22192	1	f
1161	A	N	22192	22193	1	f
1162	A	N	22193	22194	1	f
1163	T	N	22194	22195	1	f
1164	T	N	22195	22196	1	f
1165	T	N	22196	22197	1	f
1166	A	N	22197	22198	1	f
1167	G	N	22198	22199	1	f
1168	T	N	22199	22200	1	f
1169	G	N	22200	22201	1	f
1170	C	N	22201	22202	1	f
1171	G	N	22202	22203	1	f
1172	T	N	22203	22204	1	f
1173	G	N	22204	22205	1	f
1174	A	N	22205	22206	1	f
1175	T	N	22206	22207	1	f
1176	C	N	22207	22208	1	f
1177	T	N	22208	22209	1	f
1178	C	N	22209	22210	1	f
1179	C	N	22210	22211	1	f
1180	C	N	22211	22212	1	f
1181	T	N	22212	22213	1	f
1182	C	N	22213	22214	1	f
1183	A	N	22214	22215	1	f
1184	G	N	22215	22216	1	f
1185	G	N	22216	22217	1	f
1186	G	N	22217	22218	1	f
1187	T	N	22218	22219	1	f
1188	T	N	22219	22220	1	f
1189	T	N	22220	22221	1	f
1190	T	N	22221	22222	1	f
1191	T	N	22222	22223	1	f
1192	C	N	22223	22224	1	f
1193	G	N	22224	22225	1	f
1194	G	N	22225	22226	1	f
1195	C	N	22226	22227	1	f
1196	T	N	22227	22228	1	f
1197	T	N	22228	22229	1	f
1198	T	N	22229	22230	1	f
1199	A	N	22230	22231	1	f
1200	G	N	22231	22232	1	f
1201	A	N	22232	22233	1	f
1202	A	N	22233	22234	1	f
1203	C	N	22234	22235	1	f
1204	C	N	22235	22236	1	f
1205	A	N	22236	22237	1	f
1206	T	N	22237	22238	1	f
1207	T	N	22238	22239	1	f
1208	G	N	22239	22240	1	f
1209	G	N	22240	22241	1	f
1210	T	N	22241	22242	1	f
1211	A	N	22242	22243	1	f
1212	G	N	22243	22244	1	f
1213	A	N	22244	22245	1	f
1214	T	N	22245	22246	1	f
1215	T	N	22246	22247	1	f
1216	T	N	22247	22248	1	f
1217	G	N	22248	22249	1	f
1218	C	N	22249	22250	1	f
1219	C	N	22250	22251	1	f
1220	A	N	22251	22252	1	f
1221	A	N	22252	22253	1	f
1222	T	N	22253	22254	1	f
1223	A	N	22254	22255	1	f
1224	G	N	22255	22256	1	f
1225	G	N	22256	22257	1	f
1226	T	N	22257	22258	1	f
1227	A	N	22258	22259	1	f
1228	T	N	22259	22260	1	f
1229	T	N	22260	22261	1	f
1230	A	N	22261	22262	1	f
1231	A	N	22262	22263	1	f
1232	C	N	22263	22264	1	f
1233	A	N	22264	22265	1	f
1234	T	N	22265	22266	1	f
1235	C	N	22266	22267	1	f
1236	A	N	22267	22268	1	f
1237	C	N	22268	22269	1	f
1238	T	N	22269	22270	1	f
1239	A	N	22270	22271	1	f
1240	G	N	22271	22272	1	f
1241	G	N	22272	22273	1	f
1242	T	N	22273	22274	1	f
1243	T	N	22274	22275	1	f
1244	T	N	22275	22276	1	f
1245	C	N	22276	22277	1	f
1246	A	N	22277	22278	1	f
1247	A	N	22278	22279	1	f
1248	A	N	22279	22280	1	f
1249	C	N	22280	22281	1	f
1250	T	N	22281	22282	1	f
1251	T	N	22282	22283	1	f
1252	T	N	22283	22284	1	f
1253	A	N	22284	22285	1	f
1254	C	N	22285	22286	1	f
1255	T	N	22286	22287	1	f
1256	T	N	22287	22288	1	f
1257	G	N	22288	22289	1	f
1258	C	N	22289	22290	1	f
1259	G	A	22598	22599	1	f
1260	G	N	22626	22627	1	f
1261	A	N	22627	22628	1	f
1262	A	N	22628	22629	1	f
1263	G	N	22629	22630	1	f
1264	A	N	22630	22631	1	f
1265	G	N	22631	22632	1	f
1266	A	N	22632	22633	1	f
1267	A	N	22633	22634	1	f
1268	T	N	22634	22635	1	f
1269	C	N	22635	22636	1	f
1270	A	N	22636	22637	1	f
1271	G	N	22637	22638	1	f
1272	C	N	22638	22639	1	f
1273	A	N	22639	22640	1	f
1274	A	N	22640	22641	1	f
1275	C	N	22641	22642	1	f
1276	T	N	22642	22643	1	f
1277	G	N	22643	22644	1	f
1278	T	N	22644	22645	1	f
1279	G	N	22645	22646	1	f
1280	T	N	22646	22647	1	f
1281	T	N	22647	22648	1	f
1282	G	N	22648	22649	1	f
1283	C	N	22649	22650	1	f
1284	T	N	22650	22651	1	f
1285	G	N	22651	22652	1	f
1286	A	N	22652	22653	1	f
1287	T	N	22653	22654	1	f
1288	T	N	22654	22655	1	f
1289	A	N	22655	22656	1	f
1290	T	N	22656	22657	1	f
1291	T	N	22657	22658	1	f
1292	C	N	22658	22659	1	f
1293	T	N	22659	22660	1	f
1294	G	N	22660	22661	1	f
1295	T	N	22661	22662	1	f
1296	C	N	22662	22663	1	f
1297	C	N	22663	22664	1	f
1298	T	N	22664	22665	1	f
1299	A	N	22665	22666	1	f
1300	T	N	22666	22667	1	f
1301	A	N	22667	22668	1	f
1302	T	N	22668	22669	1	f
1303	A	N	22669	22670	1	f
1304	A	N	22670	22671	1	f
1305	T	N	22671	22672	1	f
1306	T	N	22672	22673	1	f
1307	C	N	22673	22674	1	f
1308	C	N	22674	22675	1	f
1309	G	N	22675	22676	1	f
1310	C	N	22676	22677	1	f
1311	A	N	22677	22678	1	f
1312	T	N	22678	22679	1	f
1313	C	N	22679	22680	1	f
1314	A	N	22680	22681	1	f
1315	T	N	22681	22682	1	f
1316	T	N	22682	22683	1	f
1317	T	N	22683	22684	1	f
1318	T	N	22684	22685	1	f
1319	C	N	22685	22686	1	f
1320	C	N	22686	22687	1	f
1321	A	N	22687	22688	1	f
1322	C	N	22688	22689	1	f
1323	T	N	22689	22690	1	f
1324	T	N	22690	22691	1	f
1325	T	N	22691	22692	1	f
1326	T	N	22692	22693	1	f
1327	A	N	22693	22694	1	f
1328	A	N	22694	22695	1	f
1329	G	N	22695	22696	1	f
1330	T	N	22696	22697	1	f
1331	G	N	22697	22698	1	f
1332	T	N	22698	22699	1	f
1333	T	N	22699	22700	1	f
1334	A	N	22700	22701	1	f
1335	T	N	22701	22702	1	f
1336	G	N	22702	22703	1	f
1337	G	N	22703	22704	1	f
1338	A	N	22704	22705	1	f
1339	G	N	22705	22706	1	f
1340	T	N	22706	22707	1	f
1341	G	N	22707	22708	1	f
1342	T	N	22708	22709	1	f
1343	C	N	22709	22710	1	f
1344	T	N	22710	22711	1	f
1345	C	N	22711	22712	1	f
1346	C	N	22712	22713	1	f
1347	T	N	22713	22714	1	f
1348	A	N	22714	22715	1	f
1349	C	N	22715	22716	1	f
1350	T	N	22716	22717	1	f
1351	A	N	22717	22718	1	f
1352	A	N	22718	22719	1	f
1353	A	N	22719	22720	1	f
1354	T	N	22720	22721	1	f
1355	T	N	22721	22722	1	f
1356	A	N	22722	22723	1	f
1357	A	N	22723	22724	1	f
1358	A	N	22724	22725	1	f
1359	T	N	22725	22726	1	f
1360	G	N	22726	22727	1	f
1361	A	N	22727	22728	1	f
1362	T	N	22728	22729	1	f
1363	C	N	22729	22730	1	f
1364	T	N	22730	22731	1	f
1365	C	N	22731	22732	1	f
1366	T	N	22732	22733	1	f
1367	G	N	22733	22734	1	f
1368	C	N	22734	22735	1	f
1369	T	N	22735	22736	1	f
1370	T	N	22736	22737	1	f
1371	T	N	22737	22738	1	f
1372	A	N	22738	22739	1	f
1373	C	N	22739	22740	1	f
1374	T	N	22740	22741	1	f
1375	A	N	22741	22742	1	f
1376	A	N	22742	22743	1	f
1377	T	N	22743	22744	1	f
1378	G	N	22744	22745	1	f
1379	T	N	22745	22746	1	f
1380	C	N	22746	22747	1	f
1381	T	N	22747	22748	1	f
1382	A	N	22748	22749	1	f
1383	T	N	22749	22750	1	f
1384	G	N	22750	22751	1	f
1385	C	N	22751	22752	1	f
1386	A	N	22752	22753	1	f
1387	G	N	22753	22754	1	f
1388	A	N	22754	22755	1	f
1389	T	N	22755	22756	1	f
1390	T	N	22756	22757	1	f
1391	C	N	22757	22758	1	f
1392	A	N	22758	22759	1	f
1393	T	N	22759	22760	1	f
1394	T	N	22760	22761	1	f
1395	T	N	22761	22762	1	f
1396	G	N	22762	22763	1	f
1397	T	N	22763	22764	1	f
1398	A	N	22764	22765	1	f
1399	A	N	22765	22766	1	f
1400	T	N	22766	22767	1	f
1401	T	N	22767	22768	1	f
1402	A	N	22768	22769	1	f
1403	G	N	22769	22770	1	f
1404	A	N	22770	22771	1	f
1405	G	N	22771	22772	1	f
1406	G	N	22772	22773	1	f
1407	T	N	22773	22774	1	f
1408	G	N	22774	22775	1	f
1409	A	N	22775	22776	1	f
1410	T	N	22776	22777	1	f
1411	G	N	22777	22778	1	f
1412	A	N	22778	22779	1	f
1413	A	N	22779	22780	1	f
1414	G	N	22780	22781	1	f
1415	T	N	22781	22782	1	f
1416	C	N	22782	22783	1	f
1417	A	N	22783	22784	1	f
1418	G	N	22784	22785	1	f
1419	A	N	22785	22786	1	f
1420	C	N	22786	22787	1	f
1421	A	N	22787	22788	1	f
1422	A	N	22788	22789	1	f
1423	A	N	22789	22790	1	f
1424	T	N	22790	22791	1	f
1425	C	N	22791	22792	1	f
1426	G	N	22792	22793	1	f
1427	C	N	22793	22794	1	f
1428	T	N	22794	22795	1	f
1429	C	N	22795	22796	1	f
1430	C	N	22796	22797	1	f
1431	A	N	22797	22798	1	f
1432	G	N	22798	22799	1	f
1433	G	N	22799	22800	1	f
1434	G	N	22800	22801	1	f
1435	C	N	22801	22802	1	f
1436	A	N	22802	22803	1	f
1437	A	N	22803	22804	1	f
1438	A	N	22804	22805	1	f
1439	C	N	22805	22806	1	f
1440	T	N	22806	22807	1	f
1441	G	N	22807	22808	1	f
1442	G	N	22808	22809	1	f
1443	A	N	22809	22810	1	f
1444	A	N	22810	22811	1	f
1445	A	N	22811	22812	1	f
1446	G	N	22812	22813	1	f
1447	A	N	22813	22814	1	f
1448	T	N	22814	22815	1	f
1449	T	N	22815	22816	1	f
1450	G	N	22816	22817	1	f
1451	C	N	22817	22818	1	f
1452	T	N	22818	22819	1	f
1453	G	N	22819	22820	1	f
1454	A	N	22820	22821	1	f
1455	A	N	22863	22864	1	f
1456	G	N	22864	22865	1	f
1457	C	N	22865	22866	1	f
1458	T	N	22866	22867	1	f
1459	T	N	22867	22868	1	f
1460	G	N	22868	22869	1	f
1461	G	N	22869	22870	1	f
1462	A	N	22870	22871	1	f
1463	A	N	22871	22872	1	f
1464	T	N	22872	22873	1	f
1465	T	N	22873	22874	1	f
1466	C	N	22874	22875	1	f
1467	T	N	22875	22876	1	f
1468	A	N	22876	22877	1	f
1469	A	N	22877	22878	1	f
1470	C	N	22878	22879	1	f
1471	A	N	22879	22880	1	f
1472	A	N	22880	22881	1	f
1473	T	N	22881	22882	1	f
1474	C	N	22882	22883	1	f
1475	T	N	22883	22884	1	f
1476	T	N	22884	22885	1	f
1477	G	N	22885	22886	1	f
1478	A	N	22886	22887	1	f
1479	T	N	22887	22888	1	f
1480	T	N	22888	22889	1	f
1481	C	N	22889	22890	1	f
1482	T	N	22890	22891	1	f
1483	A	N	22891	22892	1	f
1484	A	N	22892	22893	1	f
1485	G	N	22893	22894	1	f
1486	G	N	22894	22895	1	f
1487	T	N	22895	22896	1	f
1488	T	N	22896	22897	1	f
1489	G	N	22897	22898	1	f
1490	G	N	22898	22899	1	f
1491	T	N	22899	22900	1	f
1492	G	N	22900	22901	1	f
1493	G	N	22901	22902	1	f
1494	T	N	22902	22903	1	f
1495	A	N	22903	22904	1	f
1496	A	N	22904	22905	1	f
1497	T	N	22905	22906	1	f
1498	T	N	22906	22907	1	f
1499	A	N	22907	22908	1	f
1500	T	N	22908	22909	1	f
1501	A	N	22909	22910	1	f
1502	A	N	22910	22911	1	f
1503	T	N	22911	22912	1	f
1504	T	N	22912	22913	1	f
1505	A	N	22913	22914	1	f
1506	C	N	22914	22915	1	f
1507	C	N	22915	22916	1	f
1508	T	N	22916	22917	1	f
1509	G	N	22917	22918	1	f
1510	T	N	22918	22919	1	f
1511	A	N	22919	22920	1	f
1512	T	N	22920	22921	1	f
1513	A	N	22921	22922	1	f
1514	G	N	22922	22923	1	f
1515	A	N	22923	22924	1	f
1516	T	N	22924	22925	1	f
1517	T	N	22925	22926	1	f
1518	G	N	22926	22927	1	f
1519	T	N	22927	22928	1	f
1520	T	N	22928	22929	1	f
1521	T	N	22929	22930	1	f
1522	A	N	22930	22931	1	f
1523	G	N	22931	22932	1	f
1524	G	N	22932	22933	1	f
1525	A	N	22933	22934	1	f
1526	A	N	22934	22935	1	f
1527	G	N	22935	22936	1	f
1528	T	N	22936	22937	1	f
1529	C	N	22937	22938	1	f
1530	T	N	22938	22939	1	f
1531	A	N	22939	22940	1	f
1532	A	N	22940	22941	1	f
1533	C	N	22942	22943	1	f
1534	T	N	22943	22944	1	f
1535	C	N	22944	22945	1	f
1536	A	N	22945	22946	1	f
1537	A	N	22946	22947	1	f
1538	A	N	22947	22948	1	f
1539	C	N	22948	22949	1	f
1540	C	N	22949	22950	1	f
1541	T	N	22950	22951	1	f
1542	T	N	22951	22952	1	f
1543	T	N	22952	22953	1	f
1544	T	N	22953	22954	1	f
1545	G	N	22954	22955	1	f
1546	A	N	22955	22956	1	f
1547	G	N	22956	22957	1	f
1548	A	N	22957	22958	1	f
1549	G	N	22958	22959	1	f
1550	A	N	22959	22960	1	f
1551	G	N	22960	22961	1	f
1552	A	N	22961	22962	1	f
1553	T	N	22962	22963	1	f
1554	A	N	22963	22964	1	f
1555	T	N	22964	22965	1	f
1556	T	N	22965	22966	1	f
1557	T	N	22966	22967	1	f
1558	C	N	22967	22968	1	f
1559	A	N	22968	22969	1	f
1560	A	N	22969	22970	1	f
1561	C	N	22970	22971	1	f
1562	T	N	22971	22972	1	f
1563	G	N	22972	22973	1	f
1564	A	N	22973	22974	1	f
1565	A	N	22974	22975	1	f
1566	A	N	22975	22976	1	f
1567	T	N	22976	22977	1	f
1568	C	N	22977	22978	1	f
1569	T	N	22978	22979	1	f
1570	A	N	22979	22980	1	f
1571	T	N	22980	22981	1	f
1572	C	N	22981	22982	1	f
1573	A	N	22982	22983	1	f
1574	G	N	22983	22984	1	f
1575	G	N	22984	22985	1	f
1576	C	N	22985	22986	1	f
1577	C	N	22986	22987	1	f
1578	G	N	22987	22988	1	f
1579	G	N	22988	22989	1	f
1580	T	N	22989	22990	1	f
1581	A	N	22990	22991	1	f
1582	G	N	22991	22992	1	f
1583	C	N	22992	22993	1	f
1584	A	N	22993	22994	1	f
1585	C	N	22994	22995	1	f
1586	A	N	22995	22996	1	f
1587	C	N	22996	22997	1	f
1588	C	N	22997	22998	1	f
1589	T	N	22998	22999	1	f
1590	T	N	22999	23000	1	f
1591	G	N	23000	23001	1	f
1592	T	N	23001	23002	1	f
1593	A	N	23002	23003	1	f
1594	A	N	23003	23004	1	f
1595	T	N	23004	23005	1	f
1596	G	N	23005	23006	1	f
1597	G	N	23006	23007	1	f
1598	T	N	23007	23008	1	f
1599	G	N	23008	23009	1	f
1600	T	N	23009	23010	1	f
1601	T	N	23010	23011	1	f
1602	G	N	23011	23012	1	f
1603	A	N	23012	23013	1	f
1604	A	N	23013	23014	1	f
1605	G	N	23014	23015	1	f
1606	G	N	23015	23016	1	f
1607	T	N	23016	23017	1	f
1608	T	N	23017	23018	1	f
1609	T	N	23018	23019	1	f
1610	T	N	23019	23020	1	f
1611	A	N	23020	23021	1	f
1612	A	N	23021	23022	1	f
1613	T	N	23022	23023	1	f
1614	T	N	23023	23024	1	f
1615	G	N	23024	23025	1	f
1616	T	N	23025	23026	1	f
1617	T	N	23026	23027	1	f
1618	A	N	23027	23028	1	f
1619	C	N	23028	23029	1	f
1620	T	N	23029	23030	1	f
1621	T	N	23030	23031	1	f
1622	T	N	23031	23032	1	f
1623	C	N	23032	23033	1	f
1624	C	N	23033	23034	1	f
1625	T	N	23034	23035	1	f
1626	T	N	23035	23036	1	f
1627	T	N	23036	23037	1	f
1628	A	N	23037	23038	1	f
1629	C	N	23038	23039	1	f
1630	A	N	23039	23040	1	f
1631	A	N	23040	23041	1	f
1632	T	N	23041	23042	1	f
1633	C	N	23042	23043	1	f
1634	A	N	23043	23044	1	f
1635	T	N	23044	23045	1	f
1636	A	N	23045	23046	1	f
1637	T	N	23046	23047	1	f
1638	G	N	23047	23048	1	f
1639	G	N	23048	23049	1	f
1640	T	N	23049	23050	1	f
1641	T	N	23050	23051	1	f
1642	T	N	23051	23052	1	f
1643	C	N	23052	23053	1	f
1644	C	N	23053	23054	1	f
1645	A	N	23054	23055	1	f
1646	A	N	23055	23056	1	f
1647	C	N	23056	23057	1	f
1648	C	N	23057	23058	1	f
1649	C	N	23058	23059	1	f
1650	A	N	23059	23060	1	f
1651	C	N	23060	23061	1	f
1652	T	N	23061	23062	1	f
1653	A	N	23062	23063	1	f
1654	A	N	23063	23064	1	f
1655	T	N	23064	23065	1	f
1656	G	N	23065	23066	1	f
1657	G	N	23066	23067	1	f
1658	T	N	23067	23068	1	f
1659	G	N	23068	23069	1	f
1660	T	N	23069	23070	1	f
1661	T	N	23070	23071	1	f
1662	G	N	23071	23072	1	f
1663	G	N	23072	23073	1	f
1664	T	N	23073	23074	1	f
1665	T	N	23074	23075	1	f
1666	A	N	23075	23076	1	f
1667	C	N	23076	23077	1	f
1668	C	N	23077	23078	1	f
1669	A	N	23078	23079	1	f
1670	A	N	23079	23080	1	f
1671	C	N	23080	23081	1	f
1672	C	N	23081	23082	1	f
1673	A	N	23082	23083	1	f
1674	T	N	23083	23084	1	f
1675	A	N	23084	23085	1	f
1676	C	N	23085	23086	1	f
1677	A	N	23086	23087	1	f
1678	G	N	23087	23088	1	f
1679	A	N	23088	23089	1	f
1680	G	N	23089	23090	1	f
1681	T	N	23090	23091	1	f
1682	A	N	23091	23092	1	f
1683	G	N	23092	23093	1	f
1684	T	N	23093	23094	1	f
1685	A	N	23094	23095	1	f
1686	G	N	23095	23096	1	f
1687	T	N	23096	23097	1	f
1688	A	N	23097	23098	1	f
1689	C	N	23098	23099	1	f
1690	T	N	23099	23100	1	f
1691	T	N	23100	23101	1	f
1692	T	N	23101	23102	1	f
1693	C	N	23102	23103	1	f
1694	T	N	23103	23104	1	f
1695	T	N	23104	23105	1	f
1696	T	N	23105	23106	1	f
1697	T	N	23106	23107	1	f
1698	G	N	23107	23108	1	f
1699	A	N	23108	23109	1	f
1700	A	N	23109	23110	1	f
1701	C	N	23110	23111	1	f
1702	T	N	23111	23112	1	f
1703	T	N	23112	23113	1	f
1704	C	N	23113	23114	1	f
1705	T	N	23114	23115	1	f
1706	A	N	23115	23116	1	f
1707	C	N	23116	23117	1	f
1708	A	N	23117	23118	1	f
1709	T	N	23118	23119	1	f
1710	G	N	23119	23120	1	f
1711	C	N	23120	23121	1	f
1712	A	N	23121	23122	1	f
1713	C	N	23122	23123	1	f
1714	C	N	23123	23124	1	f
1715	A	N	23124	23125	1	f
1716	G	N	23125	23126	1	f
1717	C	N	23126	23127	1	f
1718	A	N	23127	23128	1	f
1719	A	N	23128	23129	1	f
1720	C	N	23129	23130	1	f
1721	T	N	23130	23131	1	f
1722	G	N	23131	23132	1	f
1723	T	N	23132	23133	1	f
1724	T	N	23133	23134	1	f
1725	C	A	23201	23202	1	f
1726	C	A	24129	24130	1	f
1727	C	T	24502	24503	1	f
1728	T	N	25076	25077	1	f
1729	T	N	25077	25078	1	f
1730	A	N	25078	25079	1	f
1731	A	N	25079	25080	1	f
1732	T	N	25080	25081	1	f
1733	G	N	25081	25082	1	f
1734	C	N	25082	25083	1	f
1735	T	N	25083	25084	1	f
1736	T	N	25084	25085	1	f
1737	C	N	25085	25086	1	f
1738	A	N	25086	25087	1	f
1739	G	N	25087	25088	1	f
1740	T	N	25088	25089	1	f
1741	T	N	25089	25090	1	f
1742	G	N	25090	25091	1	f
1743	T	N	25091	25092	1	f
1744	A	N	25092	25093	1	f
1745	A	N	25093	25094	1	f
1746	A	N	25094	25095	1	f
1747	C	N	25095	25096	1	f
1748	A	N	25096	25097	1	f
1749	T	N	25097	25098	1	f
1750	T	N	25098	25099	1	f
1751	C	N	25099	25100	1	f
1752	A	N	25100	25101	1	f
1753	A	N	25101	25102	1	f
1754	A	N	25102	25103	1	f
1755	A	N	25103	25104	1	f
1756	A	N	25104	25105	1	f
1757	G	N	25105	25106	1	f
1758	A	N	25106	25107	1	f
1759	A	N	25107	25108	1	f
1760	A	N	25108	25109	1	f
1761	T	N	25109	25110	1	f
1762	T	N	25110	25111	1	f
1763	G	N	25111	25112	1	f
1764	A	N	25112	25113	1	f
1765	C	N	25113	25114	1	f
1766	C	N	25114	25115	1	f
1767	G	N	25115	25116	1	f
1768	C	N	25116	25117	1	f
1769	C	N	25117	25118	1	f
1770	T	N	25118	25119	1	f
1771	C	N	25119	25120	1	f
1772	A	N	25120	25121	1	f
1773	A	N	25121	25122	1	f
1774	T	N	25122	25123	1	f
1775	G	N	25123	25124	1	f
1776	A	N	25124	25125	1	f
1777	G	N	25125	25126	1	f
1778	G	N	25126	25127	1	f
1779	T	N	25127	25128	1	f
1780	T	N	25128	25129	1	f
1781	G	N	25129	25130	1	f
1782	C	N	25130	25131	1	f
1783	C	N	25131	25132	1	f
1784	A	N	25132	25133	1	f
1785	A	N	25133	25134	1	f
1786	G	N	25134	25135	1	f
1787	A	N	25135	25136	1	f
1788	A	N	25136	25137	1	f
1789	T	N	25137	25138	1	f
1790	T	N	25138	25139	1	f
1791	T	N	25139	25140	1	f
1792	A	N	25140	25141	1	f
1793	A	N	25141	25142	1	f
1794	A	N	25142	25143	1	f
1795	T	N	25143	25144	1	f
1796	G	N	25144	25145	1	f
1797	A	N	25145	25146	1	f
1798	A	N	25146	25147	1	f
1799	T	N	25147	25148	1	f
1800	C	N	25148	25149	1	f
1801	T	N	25149	25150	1	f
1802	C	N	25150	25151	1	f
1803	T	N	25151	25152	1	f
1804	C	N	25152	25153	1	f
1805	A	N	25153	25154	1	f
1806	T	N	25154	25155	1	f
1807	C	N	25155	25156	1	f
1808	G	N	25156	25157	1	f
1809	A	N	25157	25158	1	f
1810	T	N	25158	25159	1	f
1811	C	N	25159	25160	1	f
1812	T	N	25160	25161	1	f
1813	C	N	25161	25162	1	f
1814	C	N	25162	25163	1	f
1815	A	N	25163	25164	1	f
1816	A	N	25164	25165	1	f
1817	G	N	25165	25166	1	f
1818	A	N	25166	25167	1	f
1819	A	N	25167	25168	1	f
1820	C	N	25168	25169	1	f
1821	T	N	25169	25170	1	f
1822	T	N	25170	25171	1	f
1823	G	N	25171	25172	1	f
1824	G	N	25172	25173	1	f
1825	A	N	25173	25174	1	f
1826	A	N	25174	25175	1	f
1827	A	N	25175	25176	1	f
1828	G	N	25176	25177	1	f
1829	T	N	25177	25178	1	f
1830	A	N	25178	25179	1	f
1831	T	N	25179	25180	1	f
1832	G	N	25180	25181	1	f
1833	A	N	25181	25182	1	f
1834	G	N	25182	25183	1	f
1835	C	N	25183	25184	1	f
1836	A	N	25184	25185	1	f
1837	G	N	25185	25186	1	f
1838	T	N	25186	25187	1	f
1839	A	N	25187	25188	1	f
1840	T	N	25188	25189	1	f
1841	A	N	25189	25190	1	f
1842	T	N	25190	25191	1	f
1843	A	N	25191	25192	1	f
1844	A	N	25192	25193	1	f
1845	A	N	25193	25194	1	f
1846	A	N	25194	25195	1	f
1847	T	N	25195	25196	1	f
1848	G	N	25196	25197	1	f
1849	G	N	25197	25198	1	f
1850	C	N	25198	25199	1	f
1851	C	N	25199	25200	1	f
1852	A	N	25200	25201	1	f
1853	T	N	25201	25202	1	f
1854	G	N	25202	25203	1	f
1855	G	N	25203	25204	1	f
1856	T	N	25204	25205	1	f
1857	A	N	25205	25206	1	f
1858	C	N	25206	25207	1	f
1859	A	N	25207	25208	1	f
1860	T	N	25208	25209	1	f
1861	T	N	25209	25210	1	f
1862	T	N	25210	25211	1	f
1863	G	N	25211	25212	1	f
1864	G	N	25212	25213	1	f
1865	C	N	25213	25214	1	f
1866	T	N	25214	25215	1	f
1867	A	N	25215	25216	1	f
1868	G	N	25216	25217	1	f
1869	G	N	25217	25218	1	f
1870	T	N	25218	25219	1	f
1871	T	N	25219	25220	1	f
1872	T	N	25220	25221	1	f
1873	T	N	25221	25222	1	f
1874	A	N	25222	25223	1	f
1875	T	N	25223	25224	1	f
1876	A	N	25224	25225	1	f
1877	G	N	25225	25226	1	f
1878	C	N	25226	25227	1	f
1879	T	N	25227	25228	1	f
1880	G	N	25228	25229	1	f
1881	G	N	25229	25230	1	f
1882	C	N	25230	25231	1	f
1883	T	N	25231	25232	1	f
1884	T	N	25232	25233	1	f
1885	G	N	25233	25234	1	f
1886	A	N	25234	25235	1	f
1887	T	N	25235	25236	1	f
1888	T	N	25236	25237	1	f
1889	G	N	25237	25238	1	f
1890	C	N	25238	25239	1	f
1891	C	N	25239	25240	1	f
1892	A	N	25240	25241	1	f
1893	T	N	25241	25242	1	f
1894	A	N	25242	25243	1	f
1895	G	N	25243	25244	1	f
1896	T	N	25244	25245	1	f
1897	A	N	25245	25246	1	f
1898	A	N	25246	25247	1	f
1899	T	N	25247	25248	1	f
1900	G	N	25248	25249	1	f
1901	G	N	25249	25250	1	f
1902	T	N	25250	25251	1	f
1903	G	N	25251	25252	1	f
1904	A	N	25252	25253	1	f
1905	C	N	25253	25254	1	f
1906	A	N	25254	25255	1	f
1907	A	N	25255	25256	1	f
1908	T	N	25256	25257	1	f
1909	T	N	25257	25258	1	f
1910	A	N	25258	25259	1	f
1911	T	N	25259	25260	1	f
1912	G	N	25260	25261	1	f
1913	C	N	25261	25262	1	f
1914	T	N	25262	25263	1	f
1915	T	N	25263	25264	1	f
1916	T	N	25264	25265	1	f
1917	G	N	25265	25266	1	f
1918	C	N	25266	25267	1	f
1919	T	N	25267	25268	1	f
1920	G	N	25268	25269	1	f
1921	T	N	25269	25270	1	f
1922	A	N	25270	25271	1	f
1923	T	N	25271	25272	1	f
1924	G	N	25272	25273	1	f
1925	A	N	25273	25274	1	f
1926	C	N	25274	25275	1	f
1927	C	N	25275	25276	1	f
1928	A	N	25276	25277	1	f
1929	G	N	25277	25278	1	f
1930	T	N	25278	25279	1	f
1931	T	N	25279	25280	1	f
1932	G	N	25280	25281	1	f
1933	C	N	25281	25282	1	f
1934	T	N	25282	25283	1	f
1935	G	N	25283	25284	1	f
1936	T	N	25284	25285	1	f
1937	A	N	25285	25286	1	f
1938	G	N	25286	25287	1	f
1939	T	N	25287	25288	1	f
1940	T	N	25288	25289	1	f
1941	G	N	25289	25290	1	f
1942	T	N	25290	25291	1	f
1943	C	N	25291	25292	1	f
1944	A	G	26529	26530	1	f
1945	T	N	27528	27529	1	f
1946	T	N	27529	27530	1	f
1947	T	N	27530	27531	1	f
1948	C	N	27531	27532	1	f
1949	A	N	27532	27533	1	f
1950	T	N	27533	27534	1	f
1951	C	N	27534	27535	1	f
1952	C	N	27535	27536	1	f
1953	T	N	27536	27537	1	f
1954	C	N	27537	27538	1	f
1955	T	N	27538	27539	1	f
1956	A	N	27539	27540	1	f
1957	G	N	27540	27541	1	f
1958	C	N	27541	27542	1	f
1959	T	N	27542	27543	1	f
1960	G	N	27543	27544	1	f
1961	A	N	27544	27545	1	f
1962	T	N	27545	27546	1	f
1963	A	N	27546	27547	1	f
1964	A	N	27547	27548	1	f
1965	C	N	27548	27549	1	f
1966	A	N	27549	27550	1	f
1967	A	N	27550	27551	1	f
1968	A	N	27551	27552	1	f
1969	T	N	27552	27553	1	f
1970	T	N	27553	27554	1	f
1971	T	N	27554	27555	1	f
1972	G	N	27555	27556	1	f
1973	C	N	27556	27557	1	f
1974	A	N	27557	27558	1	f
1975	C	N	27558	27559	1	f
1976	T	N	27559	27560	1	f
1977	G	N	27560	27561	1	f
1978	A	N	27561	27562	1	f
1979	C	N	27562	27563	1	f
1980	T	N	27563	27564	1	f
1981	T	N	27564	27565	1	f
1982	G	N	27565	27566	1	f
1983	C	N	27566	27567	1	f
1984	T	N	27567	27568	1	f
1985	T	N	27568	27569	1	f
1986	T	N	27569	27570	1	f
1987	A	N	27570	27571	1	f
1988	G	N	27571	27572	1	f
1989	C	N	27572	27573	1	f
1990	A	N	27573	27574	1	f
1991	C	N	27574	27575	1	f
1992	T	N	27575	27576	1	f
1993	C	N	27576	27577	1	f
1994	A	N	27577	27578	1	f
1995	A	N	27578	27579	1	f
1996	T	N	27579	27580	1	f
1997	T	N	27580	27581	1	f
1998	T	N	27581	27582	1	f
1999	G	N	27582	27583	1	f
2000	C	N	27583	27584	1	f
2001	T	N	27584	27585	1	f
2002	T	N	27585	27586	1	f
2003	T	N	27586	27587	1	f
2004	T	N	27587	27588	1	f
2005	G	N	27588	27589	1	f
2006	C	N	27589	27590	1	f
2007	T	N	27590	27591	1	f
2008	T	N	27591	27592	1	f
2009	G	N	27592	27593	1	f
2010	T	N	27593	27594	1	f
2011	C	N	27594	27595	1	f
2012	C	N	27595	27596	1	f
2013	T	N	27596	27597	1	f
2014	G	N	27597	27598	1	f
2015	A	N	27598	27599	1	f
2016	C	N	27599	27600	1	f
2017	G	N	27600	27601	1	f
2018	G	N	27601	27602	1	f
2019	C	N	27602	27603	1	f
2020	G	N	27603	27604	1	f
2021	T	N	27604	27605	1	f
2022	A	N	27605	27606	1	f
2023	A	N	27606	27607	1	f
2024	A	N	27607	27608	1	f
2025	A	N	27608	27609	1	f
2026	C	N	27609	27610	1	f
2027	A	N	27610	27611	1	f
2028	C	N	27611	27612	1	f
2029	G	N	27612	27613	1	f
2030	T	N	27615	27616	1	f
2031	A	N	27616	27617	1	f
2032	T	N	27617	27618	1	f
2033	ATTAAAGGTTTATACCTTCCCAGGTAACAAACCAACCAACTTTCGATCTCTTGTAGATCTGTTCTCTAAACGAACTTTAAAATCTGTGTGGCTGTCACTCGGCTGCATGCTTAGTGCACTCACGCAGTATAATTAATAACTAATTACTGTCGTTGACAGGACACGAGTAACTCGTCTATCTTCTGCAGGCTGCTTACGGTTTCGTCCGTGTTGCAGCCGATCATCAGCACATCTAGGTTTCGTCCGGGTGTGACCGAAAGGTAAGATGGAGAGCCTTGTCCCTGGTTTCAACGAGAAAACACACGTCCAACTCAGTTTGCCTGTTTTACA		0	330	1	f
2034	T	G	456	457	1	f
2035	C	T	1626	1627	1	f
2036	C	N	6267	6268	1	f
2037	A	N	6268	6269	1	f
2038	C	N	6269	6270	1	f
2039	G	N	6270	6271	1	f
2040	T	N	6271	6272	1	f
2041	A	N	6272	6273	1	f
2042	T	N	6273	6274	1	f
2043	A	N	6274	6275	1	f
2044	A	N	6275	6276	1	f
2045	A	N	6276	6277	1	f
2046	C	N	6277	6278	1	f
2047	C	N	6278	6279	1	f
2048	A	N	6279	6280	1	f
2049	A	N	6280	6281	1	f
2050	A	N	6281	6282	1	f
2051	T	N	6282	6283	1	f
2052	A	N	6283	6284	1	f
2053	C	N	6284	6285	1	f
2054	C	N	6285	6286	1	f
2055	T	N	6286	6287	1	f
2056	G	N	6287	6288	1	f
2057	G	N	6288	6289	1	f
2058	T	N	6289	6290	1	f
2059	G	N	6290	6291	1	f
2060	T	N	6291	6292	1	f
2061	A	N	6292	6293	1	f
2062	T	N	6293	6294	1	f
2063	A	N	6294	6295	1	f
2064	C	N	6295	6296	1	f
2065	G	N	6296	6297	1	f
2066	T	N	6297	6298	1	f
2067	T	N	6298	6299	1	f
2068	G	N	6299	6300	1	f
2069	T	N	6300	6301	1	f
2070	C	N	6301	6302	1	f
2071	T	N	6302	6303	1	f
2072	T	N	6303	6304	1	f
2073	T	N	6304	6305	1	f
2074	G	N	6305	6306	1	f
2075	G	N	6306	6307	1	f
2076	A	N	6307	6308	1	f
2077	G	N	6308	6309	1	f
2078	C	N	6309	6310	1	f
2079	A	N	6310	6311	1	f
2080	C	N	6311	6312	1	f
2081	A	N	6312	6313	1	f
2082	A	N	6313	6314	1	f
2083	A	N	6314	6315	1	f
2084	A	N	6315	6316	1	f
2085	C	N	6316	6317	1	f
2086	C	N	6317	6318	1	f
2087	A	N	6318	6319	1	f
2088	G	N	6319	6320	1	f
2089	T	N	6320	6321	1	f
2090	T	N	6321	6322	1	f
2091	G	N	6322	6323	1	f
2092	A	N	6323	6324	1	f
2093	A	N	6324	6325	1	f
2094	A	N	6325	6326	1	f
2095	C	N	6326	6327	1	f
2096	A	N	6327	6328	1	f
2097	T	N	6328	6329	1	f
2098	C	N	6329	6330	1	f
2099	A	N	6330	6331	1	f
2100	A	N	6331	6332	1	f
2101	A	N	6332	6333	1	f
2102	T	N	6333	6334	1	f
2103	T	N	6334	6335	1	f
2104	C	N	6335	6336	1	f
2105	G	N	6336	6337	1	f
2106	T	N	6337	6338	1	f
2107	T	N	6338	6339	1	f
2108	T	N	6339	6340	1	f
2109	G	N	6340	6341	1	f
2110	A	N	6341	6342	1	f
2111	T	N	6342	6343	1	f
2112	G	N	6343	6344	1	f
2113	T	N	6344	6345	1	f
2114	A	N	6345	6346	1	f
2115	C	N	6346	6347	1	f
2116	T	N	6347	6348	1	f
2117	G	N	6348	6349	1	f
2118	A	N	6349	6350	1	f
2119	A	N	6350	6351	1	f
2120	G	N	6351	6352	1	f
2121	T	N	6352	6353	1	f
2122	C	N	6353	6354	1	f
2123	A	N	6354	6355	1	f
2124	G	N	6355	6356	1	f
2125	A	N	6356	6357	1	f
2126	G	N	6357	6358	1	f
2127	G	N	6358	6359	1	f
2128	A	N	6359	6360	1	f
2129	C	N	6360	6361	1	f
2130	G	N	6361	6362	1	f
2131	C	N	6362	6363	1	f
2132	G	N	6363	6364	1	f
2133	C	N	6364	6365	1	f
2134	A	N	6365	6366	1	f
2135	G	N	6366	6367	1	f
2136	G	N	6367	6368	1	f
2137	G	N	6368	6369	1	f
2138	A	N	6369	6370	1	f
2139	A	N	6370	6371	1	f
2140	T	N	6371	6372	1	f
2141	G	N	6372	6373	1	f
2142	G	N	6373	6374	1	f
2143	A	N	6374	6375	1	f
2144	T	N	6375	6376	1	f
2145	A	N	6376	6377	1	f
2146	A	N	6377	6378	1	f
2147	T	N	6378	6379	1	f
2148	C	N	6379	6380	1	f
2149	T	N	6380	6381	1	f
2150	T	N	6381	6382	1	f
2151	G	N	6382	6383	1	f
2152	C	N	6383	6384	1	f
2153	C	N	6384	6385	1	f
2154	T	N	6385	6386	1	f
2155	G	N	6386	6387	1	f
2156	C	N	6387	6388	1	f
2157	G	N	6388	6389	1	f
2158	A	N	6389	6390	1	f
2159	A	N	6390	6391	1	f
2160	G	N	6391	6392	1	f
2161	A	N	6392	6393	1	f
2162	T	N	6393	6394	1	f
2163	C	N	6394	6395	1	f
2164	T	N	6395	6396	1	f
2165	A	N	6396	6397	1	f
2166	A	N	6397	6398	1	f
2167	A	N	6398	6399	1	f
2168	A	N	6399	6400	1	f
2169	C	N	6400	6401	1	f
2170	C	N	6401	6402	1	f
2171	A	N	6402	6403	1	f
2172	T	C	6404	6405	1	f
2173	T	A	6408	6409	1	f
2174	A	T	9700	9701	1	f
2175	G	A	12159	12160	1	f
2176	G	A	12309	12310	1	f
2177	C	N	15390	15391	1	f
2178	T	N	15452	15453	1	f
2179	A	N	15455	15456	1	f
2180	C	N	15456	15457	1	f
2181	T	N	15457	15458	1	f
2182	A	N	15458	15459	1	f
2183	T	N	15459	15460	1	f
2184	A	N	15460	15461	1	f
2185	T	N	15461	15462	1	f
2186	G	N	15462	15463	1	f
2187	T	N	15463	15464	1	f
2188	T	N	15464	15465	1	f
2189	A	N	15465	15466	1	f
2190	A	N	15466	15467	1	f
2191	A	N	15467	15468	1	f
2192	C	N	15478	15479	1	f
2193	T	N	15480	15481	1	f
2194	C	N	15481	15482	1	f
2195	A	N	15482	15483	1	f
2196	T	N	15483	15484	1	f
2197	C	N	15484	15485	1	f
2198	A	N	15485	15486	1	f
2199	G	N	15486	15487	1	f
2200	G	N	15487	15488	1	f
2201	A	N	15488	15489	1	f
2202	G	N	15489	15490	1	f
2203	A	N	15490	15491	1	f
2204	T	N	15491	15492	1	f
2205	G	N	15492	15493	1	f
2206	C	N	15493	15494	1	f
2207	C	N	15494	15495	1	f
2208	A	N	15495	15496	1	f
2209	C	N	15496	15497	1	f
2210	A	N	15497	15498	1	f
2211	A	N	15498	15499	1	f
2212	C	N	15499	15500	1	f
2213	T	N	15500	15501	1	f
2214	G	N	15501	15502	1	f
2215	C	N	15502	15503	1	f
2216	T	N	15503	15504	1	f
2217	T	N	15504	15505	1	f
2218	A	N	15505	15506	1	f
2219	T	N	15506	15507	1	f
2220	G	N	15507	15508	1	f
2221	C	N	15508	15509	1	f
2222	T	N	15509	15510	1	f
2223	T	A	15520	15521	1	f
2224	C	A	16615	16616	1	f
2225	A	G	17961	17962	1	f
2226	G	T	19253	19254	1	f
2227	T	C	20027	20028	1	f
2228	C	T	21910	21911	1	f
2229	G	C	22598	22599	1	f
2230	T	G	23017	23018	1	f
2231	T	C	25556	25557	1	f
2232	C	T	25625	25626	1	f
2233	G	A	26528	26529	1	f
2234	T	N	26956	26957	1	f
2235	C	N	26957	26958	1	f
2236	G	N	26958	26959	1	f
2237	T	N	26959	26960	1	f
2238	G	N	26960	26961	1	f
2239	G	N	26961	26962	1	f
2240	A	N	26962	26963	1	f
2241	C	N	26963	26964	1	f
2242	A	N	26964	26965	1	f
2243	T	N	26965	26966	1	f
2244	C	N	26966	26967	1	f
2245	T	N	26967	26968	1	f
2246	T	N	26968	26969	1	f
2247	C	N	26969	26970	1	f
2248	G	N	26970	26971	1	f
2249	T	N	26971	26972	1	f
2250	A	N	26972	26973	1	f
2251	T	N	26973	26974	1	f
2252	T	N	26974	26975	1	f
2253	G	N	26975	26976	1	f
2254	C	N	26976	26977	1	f
2255	T	N	26977	26978	1	f
2256	G	N	26978	26979	1	f
2257	G	N	26979	26980	1	f
2258	A	N	26980	26981	1	f
2259	C	N	26981	26982	1	f
2260	A	N	26982	26983	1	f
2261	C	N	26983	26984	1	f
2262	C	N	26984	26985	1	f
2263	A	N	26985	26986	1	f
2264	T	N	26986	26987	1	f
2265	C	N	26987	26988	1	f
2266	T	N	26988	26989	1	f
2267	A	N	26989	26990	1	f
2268	G	N	26990	26991	1	f
2269	G	N	26991	26992	1	f
2270	A	N	26992	26993	1	f
2271	C	N	26993	26994	1	f
2272	G	N	26994	26995	1	f
2273	C	N	26995	26996	1	f
2274	T	N	26996	26997	1	f
2275	G	N	26997	26998	1	f
2276	T	N	26998	26999	1	f
2277	G	N	26999	27000	1	f
2278	A	N	27000	27001	1	f
2279	C	N	27001	27002	1	f
2280	A	N	27002	27003	1	f
2281	T	N	27003	27004	1	f
2282	C	N	27004	27005	1	f
2283	A	N	27005	27006	1	f
2284	A	N	27006	27007	1	f
2285	G	N	27007	27008	1	f
2286	G	N	27008	27009	1	f
2287	A	N	27009	27010	1	f
2288	C	N	27010	27011	1	f
2289	C	N	27011	27012	1	f
2290	T	N	27012	27013	1	f
2291	G	N	27013	27014	1	f
2292	C	N	27014	27015	1	f
2293	C	N	27015	27016	1	f
2294	T	N	27016	27017	1	f
2295	A	N	27017	27018	1	f
2296	A	N	27018	27019	1	f
2297	A	N	27019	27020	1	f
2298	G	N	27020	27021	1	f
2299	A	N	27021	27022	1	f
2300	A	N	27022	27023	1	f
2301	A	N	27023	27024	1	f
2302	T	N	27024	27025	1	f
2303	C	N	27025	27026	1	f
2304	A	N	27026	27027	1	f
2305	C	N	27027	27028	1	f
2306	T	N	27028	27029	1	f
2307	G	N	27029	27030	1	f
2308	T	N	27030	27031	1	f
2309	T	N	27031	27032	1	f
2310	G	N	27032	27033	1	f
2311	C	N	27033	27034	1	f
2312	T	N	27034	27035	1	f
2313	A	N	27035	27036	1	f
2314	C	N	27036	27037	1	f
2315	A	N	27037	27038	1	f
2316	T	N	27038	27039	1	f
2317	C	N	27039	27040	1	f
2318	A	N	27040	27041	1	f
2319	C	N	27041	27042	1	f
2320	G	N	27042	27043	1	f
2321	A	N	27043	27044	1	f
2322	A	N	27044	27045	1	f
2323	C	N	27045	27046	1	f
2324	G	N	27046	27047	1	f
2325	C	N	27047	27048	1	f
2326	T	N	27048	27049	1	f
2327	T	N	27049	27050	1	f
2328	T	N	27050	27051	1	f
2329	C	N	27051	27052	1	f
2330	T	N	27052	27053	1	f
2331	T	N	27053	27054	1	f
2332	A	N	27054	27055	1	f
2333	T	N	27055	27056	1	f
2334	T	N	27056	27057	1	f
2335	A	N	27057	27058	1	f
2336	C	N	27058	27059	1	f
2337	A	N	27059	27060	1	f
2338	A	N	27060	27061	1	f
2339	A	N	27061	27062	1	f
2340	T	N	27062	27063	1	f
2341	T	N	27063	27064	1	f
2342	G	N	27064	27065	1	f
2343	G	N	27065	27066	1	f
2344	G	N	27066	27067	1	f
2345	A	N	27067	27068	1	f
2346	G	N	27068	27069	1	f
2347	C	N	27069	27070	1	f
2348	T	N	27070	27071	1	f
2349	T	N	27071	27072	1	f
2350	C	N	27072	27073	1	f
2351	G	N	27073	27074	1	f
2352	C	N	27074	27075	1	f
2353	A	N	27075	27076	1	f
2354	G	N	27076	27077	1	f
2355	C	N	27077	27078	1	f
2356	G	N	27078	27079	1	f
2357	T	N	27079	27080	1	f
2358	G	N	27080	27081	1	f
2359	T	N	27081	27082	1	f
2360	A	N	27082	27083	1	f
2361	G	N	27083	27084	1	f
2362	C	N	27084	27085	1	f
2363	A	N	27085	27086	1	f
2364	G	N	27086	27087	1	f
2365	G	N	27087	27088	1	f
2366	T	N	27088	27089	1	f
2367	G	N	27089	27090	1	f
2368	A	N	27090	27091	1	f
2369	C	N	27091	27092	1	f
2370	T	N	27092	27093	1	f
2371	C	N	27093	27094	1	f
2372	A	N	27094	27095	1	f
2373	G	N	27095	27096	1	f
2374	G	N	27096	27097	1	f
2375	T	N	27097	27098	1	f
2376	T	N	27098	27099	1	f
2377	T	N	27099	27100	1	f
2378	T	N	27100	27101	1	f
2379	G	N	27101	27102	1	f
2380	C	N	27102	27103	1	f
2381	T	N	27103	27104	1	f
2382	G	N	27104	27105	1	f
2383	C	N	27105	27106	1	f
2384	A	N	27106	27107	1	f
2385	T	N	27107	27108	1	f
2386	A	N	27108	27109	1	f
2387	C	N	27109	27110	1	f
2388	A	N	27110	27111	1	f
2389	G	N	27111	27112	1	f
2390	T	N	27112	27113	1	f
2391	C	N	27113	27114	1	f
2392	G	N	27114	27115	1	f
2393	C	N	27115	27116	1	f
2394	T	N	27116	27117	1	f
2395	A	N	27117	27118	1	f
2396	C	N	27118	27119	1	f
2397	A	N	27119	27120	1	f
2398	G	N	27120	27121	1	f
2399	G	N	27121	27122	1	f
2400	A	N	27122	27123	1	f
2401	T	N	27123	27124	1	f
2402	T	N	27124	27125	1	f
2403	G	N	27125	27126	1	f
2404	G	N	27126	27127	1	f
2405	C	N	27127	27128	1	f
2406	A	N	27128	27129	1	f
2407	A	N	27129	27130	1	f
2408	C	N	27130	27131	1	f
2409	T	N	27131	27132	1	f
2410	A	N	27132	27133	1	f
2411	T	N	27133	27134	1	f
2412	A	N	27134	27135	1	f
2413	A	N	27135	27136	1	f
2414	A	N	27136	27137	1	f
2415	T	N	27137	27138	1	f
2416	T	N	27138	27139	1	f
2417	A	N	27139	27140	1	f
2418	A	N	27140	27141	1	f
2419	A	N	27141	27142	1	f
2420	C	N	27142	27143	1	f
2421	A	N	27143	27144	1	f
2422	C	N	27144	27145	1	f
2423	A	N	27145	27146	1	f
2424	G	N	27146	27147	1	f
2425	A	N	27147	27148	1	f
2426	C	N	27148	27149	1	f
2427	C	N	27149	27150	1	f
2428	A	N	27150	27151	1	f
2429	T	N	27151	27152	1	f
2430	T	N	27152	27153	1	f
2431	C	N	27153	27154	1	f
2432	C	N	27154	27155	1	f
2433	A	N	27155	27156	1	f
2434	G	N	27156	27157	1	f
2435	T	N	27157	27158	1	f
2436	A	N	27158	27159	1	f
2437	G	N	27159	27160	1	f
2438	C	N	27160	27161	1	f
2439	A	N	27161	27162	1	f
2440	G	N	27162	27163	1	f
2441	T	N	27163	27164	1	f
2442	G	N	27164	27165	1	f
2443	A	N	27165	27166	1	f
2444	C	N	27166	27167	1	f
2445	A	N	27167	27168	1	f
2446	A	N	27168	27169	1	f
2447	T	N	27169	27170	1	f
2448	C	T	27512	27513	1	f
2449	C	T	27888	27889	1	f
2450	A	G	28329	28330	1	f
2451	C	T	28707	28708	1	f
2452	T	C	29727	29728	1	f
2453	TCACCGAGGCCACGCGGAGTACGATCGA		29728	29756	1	f
2454	G	A	29756	29757	1	f
2455	T	C	29757	29758	1	f
2456	G	C	29758	29759	1	f
2457	GTGCTATCCCCATGTGATTTTAATAGCTTCTTAGGAGAATGACAAAAAAAAAAAAAAAAAAAAAAAAAAAAAAAAA		29827	29903	1	f
2458	ATTAAAGGTTTATACCTTCCCAGGTAACAAA		0	31	1	f
2459	A	G	1740	1741	1	f
2460	C	T	7850	7851	1	f
2461	A	N	7965	7966	1	f
2462	T	N	9627	9628	1	f
2463	T	N	9628	9629	1	f
2464	C	T	11198	11199	1	f
2465	C	T	11746	11747	1	f
2466	A	R	18584	18585	1	f
2467	G	T	18588	18589	1	f
2468	C	S	18590	18591	1	f
2469	G	K	18595	18596	1	f
2470	T	K	18606	18607	1	f
2471	G	K	18633	18634	1	f
2472	T	N	20525	20526	1	f
2473	G	A	24841	24842	1	f
2474	C	T	24864	24865	1	f
2475	A	T	25449	25450	1	f
2476	A	M	25767	25768	1	f
2477	G	N	27477	27478	1	f
2478	T	N	27478	27479	1	f
2479	A	N	27479	27480	1	f
2480	C	N	27480	27481	1	f
2481	T	N	27481	27482	1	f
2482	T	N	27482	27483	1	f
2483	T	N	27483	27484	1	f
2484	T	N	27484	27485	1	f
2485	A	N	27485	27486	1	f
2486	A	N	27486	27487	1	f
2487	A	N	27487	27488	1	f
2488	A	N	27488	27489	1	f
2489	G	N	27489	27490	1	f
2490	A	N	27490	27491	1	f
2491	A	N	27491	27492	1	f
2492	C	N	27492	27493	1	f
2493	C	N	27493	27494	1	f
2494	T	N	27494	27495	1	f
2495	T	N	27495	27496	1	f
2496	G	N	27496	27497	1	f
2497	C	N	27497	27498	1	f
2498	T	N	27498	27499	1	f
2499	C	N	27499	27500	1	f
2500	T	N	27500	27501	1	f
2501	T	N	27501	27502	1	f
2502	C	N	27502	27503	1	f
2503	T	N	27503	27504	1	f
2504	G	N	27504	27505	1	f
2505	G	N	27505	27506	1	f
2506	A	N	27506	27507	1	f
2507	A	N	27507	27508	1	f
2508	C	N	27508	27509	1	f
2509	A	N	27509	27510	1	f
2510	T	N	27510	27511	1	f
2511	A	N	27511	27512	1	f
2512	C	N	27512	27513	1	f
2513	G	N	27513	27514	1	f
2514	A	N	27514	27515	1	f
2515	G	N	27515	27516	1	f
2516	G	N	27516	27517	1	f
2517	G	N	27517	27518	1	f
2518	C	N	27518	27519	1	f
2519	A	N	27519	27520	1	f
2520	A	N	27520	27521	1	f
2521	T	N	27521	27522	1	f
2522	T	N	27522	27523	1	f
2523	C	N	27523	27524	1	f
2524	A	N	27524	27525	1	f
2525	C	N	27525	27526	1	f
2526	C	N	27526	27527	1	f
2527	A	N	27527	27528	1	f
2528	T	N	27613	27614	1	f
2529	C	N	27614	27615	1	f
2530	C	N	27618	27619	1	f
2531	A	N	27619	27620	1	f
2532	G	N	27620	27621	1	f
2533	T	N	27621	27622	1	f
2534	T	N	27622	27623	1	f
2535	A	N	27623	27624	1	f
2536	C	N	27624	27625	1	f
2537	G	N	27625	27626	1	f
2538	T	N	27626	27627	1	f
2539	G	N	27627	27628	1	f
2540	C	N	27628	27629	1	f
2541	C	N	27629	27630	1	f
2542	A	N	27630	27631	1	f
2543	G	N	27631	27632	1	f
2544	A	N	27632	27633	1	f
2545	T	N	27633	27634	1	f
2546	C	N	27634	27635	1	f
2547	A	N	27635	27636	1	f
2548	G	N	27636	27637	1	f
2549	T	N	27637	27638	1	f
2550	T	N	27638	27639	1	f
2551	T	N	27639	27640	1	f
2552	C	N	27640	27641	1	f
2553	A	N	27641	27642	1	f
2554	C	N	27642	27643	1	f
2555	C	N	27643	27644	1	f
2556	T	N	27644	27645	1	f
2557	A	N	27645	27646	1	f
2558	A	N	27646	27647	1	f
2559	A	N	27647	27648	1	f
2560	C	N	27648	27649	1	f
2561	T	N	27649	27650	1	f
2562	G	N	27650	27651	1	f
2563	T	N	27651	27652	1	f
2564	T	N	27652	27653	1	f
2565	C	N	27653	27654	1	f
2566	A	N	27654	27655	1	f
2567	T	N	27655	27656	1	f
2568	C	N	27656	27657	1	f
2569	A	N	27657	27658	1	f
2570	G	N	27658	27659	1	f
2571	A	N	27659	27660	1	f
2572	C	N	27660	27661	1	f
2573	A	N	27661	27662	1	f
2574	A	N	27662	27663	1	f
2575	G	N	27663	27664	1	f
2576	A	N	27664	27665	1	f
2577	G	N	27665	27666	1	f
2578	G	N	27666	27667	1	f
2579	A	N	27667	27668	1	f
2580	A	N	27668	27669	1	f
2581	G	N	27669	27670	1	f
2582	T	N	27670	27671	1	f
2583	T	N	27671	27672	1	f
2584	C	N	27672	27673	1	f
2585	A	N	27673	27674	1	f
2586	A	N	27674	27675	1	f
2587	G	N	27675	27676	1	f
2588	A	N	27676	27677	1	f
2589	A	N	27677	27678	1	f
2590	C	N	27678	27679	1	f
2591	T	N	27679	27680	1	f
2592	T	N	27680	27681	1	f
2593	T	N	27681	27682	1	f
2594	A	N	27682	27683	1	f
2595	C	N	27683	27684	1	f
2596	T	N	27684	27685	1	f
2597	C	N	27685	27686	1	f
2598	T	N	27686	27687	1	f
2599	C	N	27687	27688	1	f
2600	C	N	27688	27689	1	f
2601	A	N	27689	27690	1	f
2602	A	N	27690	27691	1	f
2603	T	N	27691	27692	1	f
2604	T	N	27692	27693	1	f
2605	T	N	27693	27694	1	f
2606	T	N	27694	27695	1	f
2607	T	N	27695	27696	1	f
2608	C	N	27696	27697	1	f
2609	T	N	27697	27698	1	f
2610	T	N	27698	27699	1	f
2611	A	N	27699	27700	1	f
2612	T	N	27700	27701	1	f
2613	T	N	27701	27702	1	f
2614	G	N	27702	27703	1	f
2615	T	N	27703	27704	1	f
2616	T	N	27704	27705	1	f
2617	G	N	27705	27706	1	f
2618	C	N	27706	27707	1	f
2619	G	N	27707	27708	1	f
2620	G	N	27708	27709	1	f
2621	C	N	27709	27710	1	f
2622	A	N	27710	27711	1	f
2623	A	N	27711	27712	1	f
2624	T	N	27712	27713	1	f
2625	A	N	27713	27714	1	f
2626	G	N	27714	27715	1	f
2627	T	N	27715	27716	1	f
2628	G	N	27716	27717	1	f
2629	T	N	27717	27718	1	f
2630	T	N	27718	27719	1	f
2631	T	N	27719	27720	1	f
2632	A	N	27720	27721	1	f
2633	T	N	27721	27722	1	f
2634	A	N	27722	27723	1	f
2635	A	N	27723	27724	1	f
2636	C	N	27724	27725	1	f
2637	A	N	27725	27726	1	f
2638	C	N	27726	27727	1	f
2639	T	N	27727	27728	1	f
2640	T	N	27728	27729	1	f
2641	T	N	27729	27730	1	f
2642	G	N	27730	27731	1	f
2643	C	N	27731	27732	1	f
2644	T	N	27732	27733	1	f
2645	T	N	27733	27734	1	f
2646	C	N	27734	27735	1	f
2647	A	N	27735	27736	1	f
2648	C	N	27736	27737	1	f
2649	A	N	27737	27738	1	f
2650	C	N	27738	27739	1	f
2651	T	N	27739	27740	1	f
2652	C	N	27740	27741	1	f
2653	A	N	27741	27742	1	f
2654	A	N	27742	27743	1	f
2655	A	N	27743	27744	1	f
2656	A	N	27744	27745	1	f
2657	G	N	27745	27746	1	f
2658	A	N	27746	27747	1	f
2659	A	N	27747	27748	1	f
2660	A	N	27748	27749	1	f
2661	G	N	27749	27750	1	f
2662	A	N	27750	27751	1	f
2663	C	N	27751	27752	1	f
2664	A	N	27752	27753	1	f
2665	G	N	27753	27754	1	f
2666	A	N	27754	27755	1	f
2667	T	N	27814	27815	1	f
2668	G	N	27815	27816	1	f
2669	T	N	27816	27817	1	f
2670	T	N	27817	27818	1	f
2671	T	N	27818	27819	1	f
2672	T	N	27819	27820	1	f
2673	A	N	27820	27821	1	f
2674	A	N	27821	27822	1	f
2675	T	N	27822	27823	1	f
2676	T	N	27823	27824	1	f
2677	A	N	27824	27825	1	f
2678	A	N	28144	28145	1	f
2679	T	N	28147	28148	1	f
2680	A	N	28168	28169	1	f
2681	T	N	28183	28184	1	f
2682	C	N	28184	28185	1	f
2683	T	N	28185	28186	1	f
2684	T	N	28186	28187	1	f
2685	G	N	28187	28188	1	f
2686	T	N	28188	28189	1	f
2687	A	N	28189	28190	1	f
2688	G	N	28190	28191	1	f
2689	T	N	28191	28192	1	f
2690	G	N	28192	28193	1	f
2691	C	N	28193	28194	1	f
2692	G	N	28194	28195	1	f
2693	T	N	28195	28196	1	f
2694	T	N	28196	28197	1	f
2695	G	N	28197	28198	1	f
2696	T	N	28198	28199	1	f
2697	T	N	28199	28200	1	f
2698	C	N	28200	28201	1	f
2699	G	N	28201	28202	1	f
2700	T	N	28202	28203	1	f
2701	T	N	28203	28204	1	f
2702	C	N	28204	28205	1	f
2703	T	N	28205	28206	1	f
2704	A	N	28206	28207	1	f
2705	T	N	28207	28208	1	f
2706	G	N	28208	28209	1	f
2707	A	N	28209	28210	1	f
2708	A	N	28210	28211	1	f
2709	G	N	28211	28212	1	f
2710	A	N	28212	28213	1	f
2711	C	N	28213	28214	1	f
2712	T	N	28214	28215	1	f
2713	T	N	28215	28216	1	f
2714	T	N	28216	28217	1	f
2715	T	N	28217	28218	1	f
2716	T	N	28218	28219	1	f
2717	A	N	28219	28220	1	f
2718	G	N	28220	28221	1	f
2719	A	N	28221	28222	1	f
2720	G	N	28222	28223	1	f
2721	T	N	28223	28224	1	f
2722	A	N	28224	28225	1	f
2723	T	N	28225	28226	1	f
2724	C	N	28226	28227	1	f
2725	A	N	28227	28228	1	f
2726	T	N	28228	28229	1	f
2727	G	N	28229	28230	1	f
2728	A	N	28230	28231	1	f
2729	C	N	28231	28232	1	f
2730	G	N	28232	28233	1	f
2731	T	N	28233	28234	1	f
2732	T	N	28234	28235	1	f
2733	C	N	28235	28236	1	f
2734	G	N	28236	28237	1	f
2735	T	N	28237	28238	1	f
2736	G	N	28238	28239	1	f
2737	T	N	28239	28240	1	f
2738	T	N	28240	28241	1	f
2739	G	N	28241	28242	1	f
2740	T	N	28242	28243	1	f
2741	T	N	28243	28244	1	f
2742	T	N	28244	28245	1	f
2743	T	N	28245	28246	1	f
2744	A	N	28246	28247	1	f
2745	G	N	28247	28248	1	f
2746	A	N	28248	28249	1	f
2747	T	N	28249	28250	1	f
2748	T	N	28250	28251	1	f
2749	T	N	28251	28252	1	f
2750	C	N	28252	28253	1	f
2751	A	N	28253	28254	1	f
2752	T	N	28254	28255	1	f
2753	C	N	28255	28256	1	f
2754	T	N	28256	28257	1	f
2755	A	N	28257	28258	1	f
2756	A	N	28258	28259	1	f
2757	A	N	28259	28260	1	f
2758	C	N	28260	28261	1	f
2759	G	N	28261	28262	1	f
2760	A	N	28262	28263	1	f
2761	A	N	28263	28264	1	f
2762	C	N	28264	28265	1	f
2763	A	N	28265	28266	1	f
2764	A	N	28266	28267	1	f
2765	A	N	28267	28268	1	f
2766	C	N	28268	28269	1	f
2767	T	N	28269	28270	1	f
2768	A	N	28270	28271	1	f
2769	A	N	28271	28272	1	f
2770	C	N	28309	28310	1	f
2771	C	N	28310	28311	1	f
2772	C	N	28311	28312	1	f
2773	C	N	28312	28313	1	f
2774	G	N	28313	28314	1	f
2775	C	N	28314	28315	1	f
2776	A	N	28315	28316	1	f
2777	T	N	28316	28317	1	f
2778	T	N	28317	28318	1	f
2779	A	N	28318	28319	1	f
2780	C	N	28319	28320	1	f
2781	G	N	28320	28321	1	f
2782	T	N	28321	28322	1	f
2783	T	N	28322	28323	1	f
2784	T	N	28323	28324	1	f
2785	G	N	28324	28325	1	f
2786	G	N	28325	28326	1	f
2787	T	N	28326	28327	1	f
2788	G	N	28327	28328	1	f
2789	G	N	28328	28329	1	f
2790	A	N	28329	28330	1	f
2791	C	N	28330	28331	1	f
2792	C	N	28331	28332	1	f
2793	C	N	28332	28333	1	f
2794	T	N	28333	28334	1	f
2795	C	N	28334	28335	1	f
2796	A	N	28335	28336	1	f
2797	G	N	28336	28337	1	f
2798	A	N	28337	28338	1	f
2799	T	N	28338	28339	1	f
2800	T	N	28339	28340	1	f
2801	C	N	28340	28341	1	f
2802	A	N	28341	28342	1	f
2803	A	N	28342	28343	1	f
2804	C	N	28343	28344	1	f
2805	T	N	28344	28345	1	f
2806	G	N	28345	28346	1	f
2807	G	N	28346	28347	1	f
2808	C	N	28347	28348	1	f
2809	A	N	28348	28349	1	f
2810	G	N	28349	28350	1	f
2811	T	N	28350	28351	1	f
2812	A	N	28351	28352	1	f
2813	A	N	28352	28353	1	f
2814	C	N	28353	28354	1	f
2815	C	N	28354	28355	1	f
2816	A	N	28355	28356	1	f
2817	G	N	28356	28357	1	f
2818	A	N	28357	28358	1	f
2819	A	N	28358	28359	1	f
2820	T	N	28359	28360	1	f
2821	G	N	28360	28361	1	f
2822	G	N	28361	28362	1	f
2823	A	N	28362	28363	1	f
2824	G	N	28363	28364	1	f
2825	A	N	28364	28365	1	f
2826	A	N	28365	28366	1	f
2827	C	N	28366	28367	1	f
2828	G	N	28367	28368	1	f
2829	C	N	28368	28369	1	f
2830	A	N	28369	28370	1	f
2831	G	N	28370	28371	1	f
2832	T	N	28371	28372	1	f
2833	G	N	28372	28373	1	f
2834	G	N	28373	28374	1	f
2835	G	N	28374	28375	1	f
2836	G	N	28375	28376	1	f
2837	C	N	28376	28377	1	f
2838	G	N	28377	28378	1	f
2839	C	N	28378	28379	1	f
2840	G	N	28379	28380	1	f
2841	A	N	28380	28381	1	f
2842	T	N	28381	28382	1	f
2843	C	N	28382	28383	1	f
2844	A	N	28383	28384	1	f
2845	A	N	28384	28385	1	f
2846	A	N	28385	28386	1	f
2847	A	N	28386	28387	1	f
2848	C	N	28387	28388	1	f
2849	A	N	28388	28389	1	f
2850	A	N	28389	28390	1	f
2851	C	N	28390	28391	1	f
2852	T	C	29205	29206	1	f
2853	G	A	29702	29703	1	f
2854	AGAGCCACCACATTTTCACCGAGGCCACGCGGAGTACGATCGAGTGTACAGTGAACAATGCTAGGGAGAGCTGCCTATATGGAAGAGCCCTAATGTGTAAAATTAATTTTAGTAGTGCTATCCCCATGTGATTTTAATAGCTTCTTAGGAGAATGACAAAAAAAAAAAAAAAAAAAAAAAAAAAAAAAAA		29713	29903	1	f
2855	A	N	0	1	1	f
2856	T	N	1	2	1	f
2857	T	N	2	3	1	f
2858	A	N	3	4	1	f
2859	A	N	4	5	1	f
2860	A	N	5	6	1	f
2861	G	N	6	7	1	f
2862	G	N	7	8	1	f
2863	T	N	8	9	1	f
2864	T	N	9	10	1	f
2865	T	N	10	11	1	f
2866	A	N	11	12	1	f
2867	T	N	12	13	1	f
2868	A	N	13	14	1	f
2869	C	N	14	15	1	f
2870	C	N	15	16	1	f
2871	T	N	16	17	1	f
2872	T	N	17	18	1	f
2873	C	N	18	19	1	f
2874	C	N	19	20	1	f
2875	C	N	20	21	1	f
2876	A	N	21	22	1	f
2877	A	C	5010	5011	1	f
2878	T	N	7983	7984	1	f
2879	C	N	7984	7985	1	f
2880	A	N	7985	7986	1	f
2881	G	N	7986	7987	1	f
2882	G	N	7987	7988	1	f
2883	C	N	7988	7989	1	f
2884	A	N	7989	7990	1	f
2885	T	N	7990	7991	1	f
2886	T	N	7991	7992	1	f
2887	A	N	7992	7993	1	f
2888	G	N	7993	7994	1	f
2889	T	N	7994	7995	1	f
2890	G	N	7995	7996	1	f
2891	T	N	7996	7997	1	f
2892	C	N	7997	7998	1	f
2893	T	N	7998	7999	1	f
2894	G	N	7999	8000	1	f
2895	A	N	8000	8001	1	f
2896	T	N	8001	8002	1	f
2897	G	N	8002	8003	1	f
2898	T	N	8003	8004	1	f
2899	T	N	8004	8005	1	f
2900	G	N	8005	8006	1	f
2901	G	N	8006	8007	1	f
2902	T	N	8007	8008	1	f
2903	G	N	8008	8009	1	f
2904	A	N	8009	8010	1	f
2905	T	N	8010	8011	1	f
2906	A	N	8011	8012	1	f
2907	G	N	8012	8013	1	f
2908	T	N	8013	8014	1	f
2909	G	N	8014	8015	1	f
2910	C	N	8015	8016	1	f
2911	G	N	8016	8017	1	f
2912	G	N	8017	8018	1	f
2913	A	N	8018	8019	1	f
2914	A	N	8019	8020	1	f
2915	G	N	8020	8021	1	f
2916	T	N	8021	8022	1	f
2917	T	N	8022	8023	1	f
2918	G	N	8023	8024	1	f
2919	C	N	8024	8025	1	f
2920	A	N	8025	8026	1	f
2921	G	N	8026	8027	1	f
2922	T	N	8027	8028	1	f
2923	T	N	8028	8029	1	f
2924	A	N	8029	8030	1	f
2925	A	N	8030	8031	1	f
2926	A	N	8031	8032	1	f
2927	A	N	8032	8033	1	f
2928	T	N	8033	8034	1	f
2929	G	N	8034	8035	1	f
2930	T	N	8035	8036	1	f
2931	T	N	8036	8037	1	f
2932	T	N	8037	8038	1	f
2933	G	N	8038	8039	1	f
2934	A	N	8039	8040	1	f
2935	T	N	8040	8041	1	f
2936	G	N	8041	8042	1	f
2937	C	N	8042	8043	1	f
2938	T	N	8043	8044	1	f
2939	T	N	8044	8045	1	f
2940	A	N	8045	8046	1	f
2941	C	N	8046	8047	1	f
2942	G	N	8047	8048	1	f
2943	T	N	8048	8049	1	f
2944	T	N	8049	8050	1	f
2945	A	N	8050	8051	1	f
2946	A	N	8051	8052	1	f
2947	T	N	8052	8053	1	f
2948	A	N	8053	8054	1	f
2949	C	N	8054	8055	1	f
2950	G	N	8055	8056	1	f
2951	T	N	8056	8057	1	f
2952	T	N	8057	8058	1	f
2953	T	N	8058	8059	1	f
2954	T	N	8059	8060	1	f
2955	C	N	8060	8061	1	f
2956	A	N	8061	8062	1	f
2957	T	N	8062	8063	1	f
2958	C	N	8063	8064	1	f
2959	A	N	8064	8065	1	f
2960	A	N	8065	8066	1	f
2961	C	N	8066	8067	1	f
2962	T	N	8067	8068	1	f
2963	T	N	8068	8069	1	f
2964	T	N	8069	8070	1	f
2965	T	N	8070	8071	1	f
2966	A	N	8071	8072	1	f
2967	A	N	8072	8073	1	f
2968	C	N	8073	8074	1	f
2969	G	N	8074	8075	1	f
2970	T	N	8075	8076	1	f
2971	A	N	8076	8077	1	f
2972	C	N	8077	8078	1	f
2973	C	N	8078	8079	1	f
2974	A	N	8079	8080	1	f
2975	A	N	8080	8081	1	f
2976	T	N	8081	8082	1	f
2977	G	N	8082	8083	1	f
2978	G	N	8083	8084	1	f
2979	A	N	8084	8085	1	f
2980	A	N	8085	8086	1	f
2981	A	N	8086	8087	1	f
2982	A	N	8087	8088	1	f
2983	A	N	8088	8089	1	f
2984	C	N	8089	8090	1	f
2985	T	N	8090	8091	1	f
2986	C	N	8091	8092	1	f
2987	A	N	8092	8093	1	f
2988	A	N	8093	8094	1	f
2989	A	N	8094	8095	1	f
2990	A	N	8095	8096	1	f
2991	C	N	8096	8097	1	f
2992	A	N	8097	8098	1	f
2993	C	N	8098	8099	1	f
2994	T	N	8099	8100	1	f
2995	A	N	8100	8101	1	f
2996	G	N	8101	8102	1	f
2997	T	N	8102	8103	1	f
2998	T	N	8103	8104	1	f
2999	G	N	8104	8105	1	f
3000	C	N	8105	8106	1	f
3001	A	N	8106	8107	1	f
3002	A	N	8107	8108	1	f
3003	C	N	8108	8109	1	f
3004	T	N	8109	8110	1	f
3005	G	N	8110	8111	1	f
3006	C	N	8111	8112	1	f
3007	A	N	8112	8113	1	f
3008	G	N	8113	8114	1	f
3009	A	N	8114	8115	1	f
3010	A	N	8115	8116	1	f
3011	G	N	8116	8117	1	f
3012	C	N	8117	8118	1	f
3013	T	N	8118	8119	1	f
3014	G	N	8119	8120	1	f
3015	A	N	8120	8121	1	f
3016	A	N	8121	8122	1	f
3017	C	N	8122	8123	1	f
3018	T	N	8123	8124	1	f
3019	T	N	8124	8125	1	f
3020	G	N	8125	8126	1	f
3021	C	N	8126	8127	1	f
3022	A	N	8127	8128	1	f
3023	A	N	8128	8129	1	f
3024	A	N	8129	8130	1	f
3025	G	N	8130	8131	1	f
3026	A	N	8131	8132	1	f
3027	A	N	8132	8133	1	f
3028	T	N	8133	8134	1	f
3029	G	N	8134	8135	1	f
3030	T	N	8135	8136	1	f
3031	G	N	8136	8137	1	f
3032	T	N	8137	8138	1	f
3033	C	N	8138	8139	1	f
3034	C	N	8139	8140	1	f
3035	T	N	8140	8141	1	f
3036	T	N	8141	8142	1	f
3037	A	N	8142	8143	1	f
3038	G	N	8143	8144	1	f
3039	A	N	8144	8145	1	f
3040	C	N	8145	8146	1	f
3041	A	N	8146	8147	1	f
3042	A	N	8147	8148	1	f
3043	T	N	8148	8149	1	f
3044	G	N	8149	8150	1	f
3045	T	N	8150	8151	1	f
3046	C	N	8151	8152	1	f
3047	T	N	8152	8153	1	f
3048	T	N	8153	8154	1	f
3049	A	N	8154	8155	1	f
3050	T	N	8155	8156	1	f
3051	C	N	8156	8157	1	f
3052	T	N	8157	8158	1	f
3053	A	N	8158	8159	1	f
3054	C	N	8159	8160	1	f
3055	T	N	8160	8161	1	f
3056	T	N	8161	8162	1	f
3057	T	N	8162	8163	1	f
3058	T	N	8163	8164	1	f
3059	A	N	8164	8165	1	f
3060	T	N	8165	8166	1	f
3061	T	N	8166	8167	1	f
3062	T	N	8167	8168	1	f
3063	C	N	8168	8169	1	f
3064	A	N	8169	8170	1	f
3065	G	N	8170	8171	1	f
3066	C	N	8171	8172	1	f
3067	A	N	8172	8173	1	f
3068	G	N	8173	8174	1	f
3069	C	N	8174	8175	1	f
3070	T	N	8175	8176	1	f
3071	C	N	8176	8177	1	f
3072	G	N	8177	8178	1	f
3073	G	N	8178	8179	1	f
3074	C	N	8179	8180	1	f
3075	A	N	8180	8181	1	f
3076	A	N	8181	8182	1	f
3077	G	N	8182	8183	1	f
3078	G	N	8183	8184	1	f
3079	G	N	8184	8185	1	f
3080	T	N	8185	8186	1	f
3081	T	N	8186	8187	1	f
3082	T	N	8187	8188	1	f
3083	G	N	8188	8189	1	f
3084	T	N	8189	8190	1	f
3085	T	N	8190	8191	1	f
3086	G	N	8191	8192	1	f
3087	A	N	8192	8193	1	f
3088	T	N	8193	8194	1	f
3089	T	N	8194	8195	1	f
3090	C	N	8195	8196	1	f
3091	A	N	8196	8197	1	f
3092	G	N	8197	8198	1	f
3093	A	N	8198	8199	1	f
3094	T	N	8199	8200	1	f
3095	G	N	8200	8201	1	f
3096	T	N	8201	8202	1	f
3097	A	N	8202	8203	1	f
3098	G	N	8203	8204	1	f
3099	A	N	8204	8205	1	f
3100	A	N	8205	8206	1	f
3101	A	N	8206	8207	1	f
3102	C	N	8207	8208	1	f
3103	T	N	8208	8209	1	f
3104	A	N	8209	8210	1	f
3105	A	N	8210	8211	1	f
3106	A	N	8211	8212	1	f
3107	G	N	8212	8213	1	f
3108	A	N	8213	8214	1	f
3109	T	N	8214	8215	1	f
3110	G	N	8215	8216	1	f
3111	T	N	8216	8217	1	f
3112	T	N	8217	8218	1	f
3113	G	N	8218	8219	1	f
3114	T	N	8219	8220	1	f
3115	T	N	8220	8221	1	f
3116	G	N	8221	8222	1	f
3117	A	N	8222	8223	1	f
3118	A	N	8223	8224	1	f
3119	T	N	8224	8225	1	f
3120	G	N	8225	8226	1	f
3121	T	N	8226	8227	1	f
3122	C	N	8227	8228	1	f
3123	T	N	8228	8229	1	f
3124	T	N	8229	8230	1	f
3125	A	N	8230	8231	1	f
3126	A	N	8231	8232	1	f
3127	A	N	8232	8233	1	f
3128	T	N	8233	8234	1	f
3129	T	N	8234	8235	1	f
3130	G	N	8235	8236	1	f
3131	T	N	8236	8237	1	f
3132	C	N	8237	8238	1	f
3133	A	N	8238	8239	1	f
3134	C	N	8239	8240	1	f
3135	A	N	8240	8241	1	f
3136	T	N	8241	8242	1	f
3137	C	N	8242	8243	1	f
3138	A	N	8243	8244	1	f
3139	A	N	8244	8245	1	f
3140	T	N	8245	8246	1	f
3141	C	N	8246	8247	1	f
3142	T	N	8247	8248	1	f
3143	G	N	8248	8249	1	f
3144	A	N	8249	8250	1	f
3145	C	N	8250	8251	1	f
3146	C	T	10115	10116	1	f
3147	ATT		22193	22196	1	f
3148	T	TGAGCCAGAA	22203	22204	1	f
3149	C	N	22479	22480	1	f
3150	A	N	22480	22481	1	f
3151	C	N	22481	22482	1	f
3152	T	N	22482	22483	1	f
3153	G	N	22483	22484	1	f
3154	T	N	22484	22485	1	f
3155	A	N	22485	22486	1	f
3156	G	N	22486	22487	1	f
3157	A	N	22487	22488	1	f
3158	A	N	22488	22489	1	f
3159	A	N	22489	22490	1	f
3160	A	N	22490	22491	1	f
3161	A	N	22491	22492	1	f
3162	G	N	22492	22493	1	f
3163	G	N	22493	22494	1	f
3164	A	N	22494	22495	1	f
3165	A	N	22495	22496	1	f
3166	T	N	22496	22497	1	f
3167	C	N	22497	22498	1	f
3168	T	N	22498	22499	1	f
3169	A	N	22499	22500	1	f
3170	T	N	22500	22501	1	f
3171	C	N	22501	22502	1	f
3172	A	N	22502	22503	1	f
3173	A	N	22503	22504	1	f
3174	A	N	22504	22505	1	f
3175	C	N	22505	22506	1	f
3176	T	N	22506	22507	1	f
3177	T	N	22507	22508	1	f
3178	C	N	22508	22509	1	f
3179	T	N	22509	22510	1	f
3180	A	N	22510	22511	1	f
3181	A	N	22511	22512	1	f
3182	C	N	22512	22513	1	f
3183	T	N	22513	22514	1	f
3184	T	N	22514	22515	1	f
3185	T	N	22515	22516	1	f
3186	A	N	22516	22517	1	f
3187	G	N	22517	22518	1	f
3188	A	N	22518	22519	1	f
3189	G	N	22519	22520	1	f
3190	T	N	22520	22521	1	f
3191	C	N	22521	22522	1	f
3192	C	N	22522	22523	1	f
3193	A	N	22523	22524	1	f
3194	A	N	22524	22525	1	f
3195	C	N	22525	22526	1	f
3196	C	N	22526	22527	1	f
3197	A	N	22527	22528	1	f
3198	A	N	22528	22529	1	f
3199	C	N	22529	22530	1	f
3200	A	N	22530	22531	1	f
3201	G	N	22531	22532	1	f
3202	A	N	22532	22533	1	f
3203	A	N	22533	22534	1	f
3204	T	N	22534	22535	1	f
3205	C	N	22535	22536	1	f
3206	T	N	22536	22537	1	f
3207	A	N	22537	22538	1	f
3208	T	N	22538	22539	1	f
3209	T	N	22539	22540	1	f
3210	G	N	22540	22541	1	f
3211	T	N	22541	22542	1	f
3212	T	N	22542	22543	1	f
3213	A	N	22543	22544	1	f
3214	G	N	22544	22545	1	f
3215	A	N	22545	22546	1	f
3216	T	N	22546	22547	1	f
3217	T	N	22547	22548	1	f
3218	T	N	22548	22549	1	f
3219	C	N	22549	22550	1	f
3220	C	N	22550	22551	1	f
3221	T	N	22551	22552	1	f
3222	A	N	22552	22553	1	f
3223	A	N	22553	22554	1	f
3224	T	N	22554	22555	1	f
3225	A	N	22555	22556	1	f
3226	T	N	22556	22557	1	f
3227	T	N	22557	22558	1	f
3228	A	N	22558	22559	1	f
3229	C	N	22559	22560	1	f
3230	A	N	22560	22561	1	f
3231	A	N	22561	22562	1	f
3232	A	N	22562	22563	1	f
3233	C	N	22563	22564	1	f
3234	T	N	22564	22565	1	f
3235	T	N	22565	22566	1	f
3236	G	N	22566	22567	1	f
3237	T	N	22567	22568	1	f
3238	G	N	22568	22569	1	f
3239	C	N	22569	22570	1	f
3240	C	N	22570	22571	1	f
3241	C	N	22571	22572	1	f
3242	T	N	22572	22573	1	f
3243	T	N	22573	22574	1	f
3244	T	N	22574	22575	1	f
3245	T	N	22575	22576	1	f
3246	G	N	22576	22577	1	f
3247	G	N	22577	22578	1	f
3248	T	N	22578	22579	1	f
3249	G	N	22579	22580	1	f
3250	A	N	22580	22581	1	f
3251	A	N	22581	22582	1	f
3252	G	N	22582	22583	1	f
3253	T	N	22583	22584	1	f
3254	T	N	22584	22585	1	f
3255	T	N	22585	22586	1	f
3256	T	N	22586	22587	1	f
3257	T	N	22587	22588	1	f
3258	A	N	22588	22589	1	f
3259	A	N	22589	22590	1	f
3260	C	N	22590	22591	1	f
3261	G	N	22591	22592	1	f
3262	C	N	22592	22593	1	f
3263	C	N	22593	22594	1	f
3264	A	N	22594	22595	1	f
3265	C	N	22595	22596	1	f
3266	C	N	22596	22597	1	f
3267	A	N	22597	22598	1	f
3268	G	N	22598	22599	1	f
3269	A	N	22599	22600	1	f
3270	T	N	22600	22601	1	f
3271	T	N	22601	22602	1	f
3272	T	N	22602	22603	1	f
3273	G	N	22603	22604	1	f
3274	C	N	22604	22605	1	f
3275	A	N	22605	22606	1	f
3276	T	N	22606	22607	1	f
3277	C	N	22607	22608	1	f
3278	T	N	22608	22609	1	f
3279	G	N	22609	22610	1	f
3280	T	N	22610	22611	1	f
3281	T	N	22611	22612	1	f
3282	T	N	22612	22613	1	f
3283	A	N	22613	22614	1	f
3284	T	N	22614	22615	1	f
3285	G	N	22615	22616	1	f
3286	C	N	22616	22617	1	f
3287	T	N	22617	22618	1	f
3288	T	N	22618	22619	1	f
3289	G	N	22619	22620	1	f
3290	G	N	22620	22621	1	f
3291	A	N	22621	22622	1	f
3292	A	N	22622	22623	1	f
3293	C	N	22623	22624	1	f
3294	A	N	22624	22625	1	f
3295	G	N	22625	22626	1	f
3296	G	A	22897	22898	1	f
3297	G	A	23047	23048	1	f
3298	G	N	23810	23811	1	f
3299	C	N	23811	23812	1	f
3300	A	N	23812	23813	1	f
3301	A	N	23813	23814	1	f
3302	T	N	23814	23815	1	f
3303	C	N	23815	23816	1	f
3304	T	N	23816	23817	1	f
3305	T	N	23817	23818	1	f
3306	T	N	23818	23819	1	f
3307	T	N	23819	23820	1	f
3308	G	N	23820	23821	1	f
3309	A	N	23842	23843	1	f
3310	C	N	23843	23844	1	f
3311	A	N	25724	25725	1	f
3312	G	N	25725	25726	1	f
3313	T	N	25726	25727	1	f
3314	C	N	25727	25728	1	f
3315	T	N	25728	25729	1	f
3316	A	N	25729	25730	1	f
3317	C	N	25730	25731	1	f
3318	T	N	25731	25732	1	f
3319	T	N	25732	25733	1	f
3320	C	N	25733	25734	1	f
3321	T	N	25734	25735	1	f
3322	T	N	25735	25736	1	f
3323	G	N	25736	25737	1	f
3324	C	N	25737	25738	1	f
3325	A	N	25738	25739	1	f
3326	G	N	25739	25740	1	f
3327	A	N	25740	25741	1	f
3328	G	N	25741	25742	1	f
3329	T	N	25742	25743	1	f
3330	A	N	25743	25744	1	f
3331	T	N	25744	25745	1	f
3332	A	N	25745	25746	1	f
3333	A	N	25746	25747	1	f
3334	A	N	25747	25748	1	f
3335	C	N	25748	25749	1	f
3336	T	N	25749	25750	1	f
3337	T	N	25750	25751	1	f
3338	T	N	25751	25752	1	f
3339	G	N	25752	25753	1	f
3340	T	N	25753	25754	1	f
3341	A	N	25754	25755	1	f
3342	A	N	25755	25756	1	f
3343	G	N	25756	25757	1	f
3344	A	N	25757	25758	1	f
3345	A	N	25758	25759	1	f
3346	T	N	25759	25760	1	f
3347	A	N	25760	25761	1	f
3348	A	N	25761	25762	1	f
3349	T	N	25762	25763	1	f
3350	A	N	25763	25764	1	f
3351	A	N	25764	25765	1	f
3352	T	N	25765	25766	1	f
3353	G	N	25766	25767	1	f
3354	A	N	25767	25768	1	f
3355	G	N	25768	25769	1	f
3356	G	N	25769	25770	1	f
3357	C	N	25770	25771	1	f
3358	T	N	25771	25772	1	f
3359	T	N	25772	25773	1	f
3360	T	N	25773	25774	1	f
3361	G	N	25774	25775	1	f
3362	G	N	25775	25776	1	f
3363	C	N	25776	25777	1	f
3364	T	N	25777	25778	1	f
3365	T	N	25778	25779	1	f
3366	T	N	25779	25780	1	f
3367	G	N	25780	25781	1	f
3368	C	N	25781	25782	1	f
3369	T	N	25782	25783	1	f
3370	G	N	25783	25784	1	f
3371	G	N	25784	25785	1	f
3372	A	N	25785	25786	1	f
3373	A	N	25786	25787	1	f
3374	A	N	25787	25788	1	f
3375	T	N	25788	25789	1	f
3376	G	N	25789	25790	1	f
3377	C	N	25790	25791	1	f
3378	C	N	25791	25792	1	f
3379	G	N	25792	25793	1	f
3380	T	N	25793	25794	1	f
3381	T	N	25794	25795	1	f
3382	C	N	25795	25796	1	f
3383	C	N	25796	25797	1	f
3384	A	N	25797	25798	1	f
3385	A	N	25798	25799	1	f
3386	A	N	25799	25800	1	f
3387	A	N	25800	25801	1	f
3388	A	N	25801	25802	1	f
3389	C	N	25802	25803	1	f
3390	C	N	25803	25804	1	f
3391	C	N	25804	25805	1	f
3392	A	N	25805	25806	1	f
3393	T	N	25806	25807	1	f
3394	T	N	25807	25808	1	f
3395	A	N	25808	25809	1	f
3396	C	N	25809	25810	1	f
3397	T	N	25810	25811	1	f
3398	T	N	25811	25812	1	f
3399	T	N	25812	25813	1	f
3400	A	N	25813	25814	1	f
3401	T	N	25814	25815	1	f
3402	G	N	25815	25816	1	f
3403	A	N	25816	25817	1	f
3404	T	N	25817	25818	1	f
3405	G	N	25818	25819	1	f
3406	C	N	25819	25820	1	f
3407	C	N	25820	25821	1	f
3408	A	N	25821	25822	1	f
3409	A	N	25822	25823	1	f
3410	C	N	25823	25824	1	f
3411	T	N	25824	25825	1	f
3412	A	N	25825	25826	1	f
3413	T	N	25826	25827	1	f
3414	T	N	25827	25828	1	f
3415	T	N	25828	25829	1	f
3416	T	N	25829	25830	1	f
3417	C	N	25830	25831	1	f
3418	T	N	25831	25832	1	f
3419	T	N	25832	25833	1	f
3420	T	N	25833	25834	1	f
3421	G	N	25834	25835	1	f
3422	C	N	25835	25836	1	f
3423	T	N	25836	25837	1	f
3424	G	N	25837	25838	1	f
3425	G	N	25838	25839	1	f
3426	C	N	25839	25840	1	f
3427	A	N	25840	25841	1	f
3428	T	N	25841	25842	1	f
3429	A	N	25842	25843	1	f
3430	C	N	25843	25844	1	f
3431	T	N	25844	25845	1	f
3432	A	N	25845	25846	1	f
3433	A	N	25846	25847	1	f
3434	T	N	25847	25848	1	f
3435	T	N	25848	25849	1	f
3436	G	N	25849	25850	1	f
3437	T	N	25850	25851	1	f
3438	T	N	25851	25852	1	f
3439	A	N	25852	25853	1	f
3440	C	N	25853	25854	1	f
3441	G	N	25854	25855	1	f
3442	A	N	25855	25856	1	f
3443	C	N	25856	25857	1	f
3444	T	N	25857	25858	1	f
3445	A	N	25858	25859	1	f
3446	T	N	25859	25860	1	f
3447	T	N	25860	25861	1	f
3448	G	N	25861	25862	1	f
3449	T	N	25862	25863	1	f
3450	A	N	25863	25864	1	f
3451	T	N	25864	25865	1	f
3452	A	N	25865	25866	1	f
3453	C	N	25866	25867	1	f
3454	C	N	25867	25868	1	f
3455	T	N	25868	25869	1	f
3456	T	N	25869	25870	1	f
3457	A	N	25870	25871	1	f
3458	C	N	25871	25872	1	f
3459	A	N	25872	25873	1	f
3460	A	N	25873	25874	1	f
3461	T	N	25874	25875	1	f
3462	A	N	25875	25876	1	f
3463	G	N	25876	25877	1	f
3464	T	N	25877	25878	1	f
3465	G	N	25878	25879	1	f
3466	T	N	25879	25880	1	f
3467	A	N	25880	25881	1	f
3468	A	N	25881	25882	1	f
3469	C	N	25882	25883	1	f
3470	T	N	25883	25884	1	f
3471	T	N	25884	25885	1	f
3472	C	N	25885	25886	1	f
3473	T	N	25886	25887	1	f
3474	T	N	25887	25888	1	f
3475	C	N	25888	25889	1	f
3476	A	N	25889	25890	1	f
3477	A	N	25890	25891	1	f
3478	T	N	25891	25892	1	f
3479	T	N	25892	25893	1	f
3480	G	N	25893	25894	1	f
3481	T	N	25894	25895	1	f
3482	C	N	25895	25896	1	f
3483	A	N	25896	25897	1	f
3484	T	N	25897	25898	1	f
3485	T	N	25898	25899	1	f
3486	A	N	25899	25900	1	f
3487	C	N	25900	25901	1	f
3488	T	N	25901	25902	1	f
3489	T	N	25902	25903	1	f
3490	C	N	25903	25904	1	f
3491	A	N	25904	25905	1	f
3492	G	N	25905	25906	1	f
3493	G	N	25906	25907	1	f
3494	T	N	25907	25908	1	f
3495	G	N	25908	25909	1	f
3496	A	N	25909	25910	1	f
3497	T	N	25910	25911	1	f
3498	G	N	25911	25912	1	f
3499	G	N	25912	25913	1	f
3500	C	N	25913	25914	1	f
3501	A	N	25914	25915	1	f
3502	C	N	25915	25916	1	f
3503	A	N	25916	25917	1	f
3504	A	N	25917	25918	1	f
3505	C	N	25918	25919	1	f
3506	A	N	25919	25920	1	f
3507	A	N	25920	25921	1	f
3508	G	N	25921	25922	1	f
3509	T	N	25922	25923	1	f
3510	C	N	25923	25924	1	f
3511	C	N	25924	25925	1	f
3512	T	N	25925	25926	1	f
3513	A	N	25926	25927	1	f
3514	T	N	25927	25928	1	f
3515	T	N	25928	25929	1	f
3516	T	N	25929	25930	1	f
3517	C	N	25930	25931	1	f
3518	T	N	25931	25932	1	f
3519	G	N	25932	25933	1	f
3520	A	N	25933	25934	1	f
3521	A	N	25934	25935	1	f
3522	C	N	25935	25936	1	f
3523	A	N	25936	25937	1	f
3524	T	N	25937	25938	1	f
3525	G	N	25938	25939	1	f
3526	A	N	25939	25940	1	f
3527	C	N	25940	25941	1	f
3528	T	N	25941	25942	1	f
3529	A	N	25942	25943	1	f
3530	C	N	25943	25944	1	f
3531	C	N	25944	25945	1	f
3532	A	N	25945	25946	1	f
3533	G	N	25946	25947	1	f
3534	A	N	25947	25948	1	f
3535	T	N	25948	25949	1	f
3536	T	N	25949	25950	1	f
3537	G	N	25950	25951	1	f
3538	G	N	25951	25952	1	f
3539	T	N	25952	25953	1	f
3540	G	N	25953	25954	1	f
3541	G	N	25954	25955	1	f
3542	T	N	25955	25956	1	f
3543	T	N	25956	25957	1	f
3544	A	N	25957	25958	1	f
3545	T	N	25958	25959	1	f
3546	A	N	25959	25960	1	f
3547	C	N	25960	25961	1	f
3548	T	N	25961	25962	1	f
3549	G	N	25962	25963	1	f
3550	A	N	25963	25964	1	f
3551	G	N	25970	25971	1	f
3552	G	N	25971	25972	1	f
3553	A	N	25972	25973	1	f
3554	A	N	25973	25974	1	f
3555	T	N	25974	25975	1	f
3556	A	N	25987	25988	1	f
3557	C	N	25988	25989	1	f
3558	T	N	25989	25990	1	f
3559	G	N	25990	25991	1	f
3560	T	N	25991	25992	1	f
3561	G	N	25992	25993	1	f
3562	T	N	25993	25994	1	f
3563	T	N	25994	25995	1	f
3564	A	N	26927	26928	1	f
3565	G	N	26928	26929	1	f
3566	T	N	26929	26930	1	f
3567	G	N	26930	26931	1	f
3568	A	N	26931	26932	1	f
3569	A	N	26932	26933	1	f
3570	C	N	26933	26934	1	f
3571	T	N	26934	26935	1	f
3572	C	N	26935	26936	1	f
3573	G	N	26936	26937	1	f
3574	T	N	26937	26938	1	f
3575	A	N	26938	26939	1	f
3576	A	N	26939	26940	1	f
3577	T	N	26940	26941	1	f
3578	C	N	26941	26942	1	f
3579	G	N	26942	26943	1	f
3580	G	N	26943	26944	1	f
3581	A	N	26944	26945	1	f
3582	G	N	26945	26946	1	f
3583	C	N	26946	26947	1	f
3584	T	N	26947	26948	1	f
3585	G	N	26948	26949	1	f
3586	T	N	26949	26950	1	f
3587	G	N	26950	26951	1	f
3588	A	N	26951	26952	1	f
3589	T	N	26952	26953	1	f
3590	C	N	26953	26954	1	f
3591	C	N	26954	26955	1	f
3592	T	N	26955	26956	1	f
3593	A	N	29798	29799	1	f
3594	G	N	29799	29800	1	f
3595	C	N	29800	29801	1	f
3596	C	N	29801	29802	1	f
3597	C	N	29802	29803	1	f
3598	T	N	29803	29804	1	f
3599	A	N	29804	29805	1	f
3600	A	N	29805	29806	1	f
3601	T	N	29806	29807	1	f
3602	G	N	29807	29808	1	f
3603	T	N	29808	29809	1	f
3604	G	N	29809	29810	1	f
3605	T	N	29810	29811	1	f
3606	A	N	29811	29812	1	f
3607	A	N	29812	29813	1	f
3608	A	N	29813	29814	1	f
3609	A	N	29814	29815	1	f
3610	T	N	29815	29816	1	f
3611	T	N	29816	29817	1	f
3612	A	N	29817	29818	1	f
3613	A	N	29818	29819	1	f
3614	T	N	29819	29820	1	f
3615	T	N	29820	29821	1	f
3616	T	N	29821	29822	1	f
3617	T	N	29822	29823	1	f
3618	A	N	29823	29824	1	f
3619	G	N	29824	29825	1	f
3620	T	N	29825	29826	1	f
3621	A	N	29826	29827	1	f
3622	G	N	29827	29828	1	f
3623	T	N	29828	29829	1	f
3624	G	N	29829	29830	1	f
3625	C	N	29830	29831	1	f
3626	T	N	29831	29832	1	f
3627	A	N	29832	29833	1	f
3628	T	N	29833	29834	1	f
3629	C	N	29834	29835	1	f
3630	C	N	29835	29836	1	f
3631	C	N	29836	29837	1	f
3632	C	N	29837	29838	1	f
3633	A	N	29838	29839	1	f
3634	T	N	29839	29840	1	f
3635	G	N	29840	29841	1	f
3636	T	N	29841	29842	1	f
3637	G	N	29842	29843	1	f
3638	A	N	29843	29844	1	f
3639	T	N	29844	29845	1	f
3640	T	N	29845	29846	1	f
3641	T	N	29846	29847	1	f
3642	T	N	29847	29848	1	f
3643	A	N	29848	29849	1	f
3644	A	N	29849	29850	1	f
3645	T	N	29850	29851	1	f
3646	A	N	29851	29852	1	f
3647	G	N	29852	29853	1	f
3648	C	N	29853	29854	1	f
3649	T	N	29854	29855	1	f
3650	T	N	29855	29856	1	f
3651	C	N	29856	29857	1	f
3652	T	N	29857	29858	1	f
3653	T	N	29858	29859	1	f
3654	A	N	29859	29860	1	f
3655	G	N	29860	29861	1	f
3656	G	N	29861	29862	1	f
3657	A	N	29862	29863	1	f
3658	G	N	29863	29864	1	f
3659	A	N	29864	29865	1	f
3660	A	N	29865	29866	1	f
3661	T	N	29866	29867	1	f
3662	G	N	29867	29868	1	f
3663	A	N	29868	29869	1	f
3664	C	N	29869	29870	1	f
3665	A	N	29870	29871	1	f
3666	A	N	29871	29872	1	f
3667	A	N	29872	29873	1	f
3668	A	N	29873	29874	1	f
3669	A	N	29874	29875	1	f
3670	A	N	29875	29876	1	f
3671	A	N	29876	29877	1	f
3672	A	N	29877	29878	1	f
3673	A	N	29878	29879	1	f
3674	A	N	29879	29880	1	f
3675	A	N	29880	29881	1	f
3676	A	N	29881	29882	1	f
3677	A	N	29882	29883	1	f
3678	A	N	29883	29884	1	f
3679	A	N	29884	29885	1	f
3680	A	N	29885	29886	1	f
3681	A	N	29886	29887	1	f
3682	A	N	29887	29888	1	f
3683	A	N	29888	29889	1	f
3684	A	N	29889	29890	1	f
3685	A	N	29890	29891	1	f
3686	A	N	29891	29892	1	f
3687	A	N	29892	29893	1	f
3688	A	N	29893	29894	1	f
3689	A	N	29894	29895	1	f
3690	A	N	29895	29896	1	f
3691	A	N	29896	29897	1	f
3692	A	N	29897	29898	1	f
3693	A	N	29898	29899	1	f
3694	A	N	29899	29900	1	f
3695	A	N	29900	29901	1	f
3696	A	N	29901	29902	1	f
3697	A	N	29902	29903	1	f
3698	C	A	1930	1931	1	f
3699	T	Y	4164	4165	1	f
3700	G	K	22812	22813	1	f
3701	T	K	22881	22882	1	f
3702	C	A	24502	24503	1	f
3703	G	R	26528	26529	1	f
3704	A	M	27507	27508	1	f
3705	A	G	27748	27749	1	f
3706	G	K	28680	28681	1	f
3707	T	Y	28692	28693	1	f
3708	A	G	3460	3461	1	f
3709	G	A	5923	5924	1	f
3710	C	T	22623	22624	1	f
3711	T	C	23488	23489	1	f
3712	C	T	23663	23664	1	f
3713	AATGACAAAAAAAAAAAAAAAAAAAAAAAAAAAAAAAAA		29864	29903	1	f
3714	AT		0	2	1	f
3715	A	N	30	31	1	f
3716	C	N	31	32	1	f
3717	C	N	32	33	1	f
3718	A	N	33	34	1	f
3719	A	N	34	35	1	f
3720	C	N	35	36	1	f
3721	C	N	36	37	1	f
3722	A	N	37	38	1	f
3723	A	N	38	39	1	f
3724	C	N	39	40	1	f
3725	T	N	40	41	1	f
3726	T	N	41	42	1	f
3727	T	N	42	43	1	f
3728	C	N	43	44	1	f
3729	G	N	44	45	1	f
3730	A	N	45	46	1	f
3731	T	N	46	47	1	f
3732	C	N	47	48	1	f
3733	T	N	48	49	1	f
3734	C	N	49	50	1	f
3735	T	N	50	51	1	f
3736	T	N	51	52	1	f
3737	G	N	52	53	1	f
3738	T	N	53	54	1	f
3739	A	N	54	55	1	f
3740	G	N	55	56	1	f
3741	A	N	56	57	1	f
3742	T	N	57	58	1	f
3743	C	N	58	59	1	f
3744	T	N	59	60	1	f
3745	G	N	60	61	1	f
3746	T	N	61	62	1	f
3747	T	N	62	63	1	f
3748	C	N	63	64	1	f
3749	T	N	64	65	1	f
3750	C	N	65	66	1	f
3751	T	N	66	67	1	f
3752	A	N	67	68	1	f
3753	A	N	68	69	1	f
3754	A	N	69	70	1	f
3755	C	N	70	71	1	f
3756	G	N	71	72	1	f
3757	A	N	72	73	1	f
3758	A	N	73	74	1	f
3759	C	N	74	75	1	f
3760	T	N	75	76	1	f
3761	T	N	76	77	1	f
3762	T	N	77	78	1	f
3763	A	N	78	79	1	f
3764	A	N	79	80	1	f
3765	A	N	80	81	1	f
3766	A	N	81	82	1	f
3767	T	N	82	83	1	f
3768	C	N	83	84	1	f
3769	T	N	84	85	1	f
3770	G	N	85	86	1	f
3771	T	N	86	87	1	f
3772	G	N	87	88	1	f
3773	T	N	88	89	1	f
3774	G	N	89	90	1	f
3775	G	N	90	91	1	f
3776	C	N	91	92	1	f
3777	T	N	92	93	1	f
3778	G	N	93	94	1	f
3779	T	N	94	95	1	f
3780	C	N	95	96	1	f
3781	A	N	96	97	1	f
3782	C	N	97	98	1	f
3783	T	N	98	99	1	f
3784	C	N	99	100	1	f
3785	G	N	100	101	1	f
3786	G	N	101	102	1	f
3787	C	N	102	103	1	f
3788	T	N	103	104	1	f
3789	G	N	104	105	1	f
3790	C	N	105	106	1	f
3791	A	N	106	107	1	f
3792	T	N	107	108	1	f
3793	G	N	108	109	1	f
3794	C	N	109	110	1	f
3795	T	N	110	111	1	f
3796	T	N	111	112	1	f
3797	A	N	112	113	1	f
3798	G	N	113	114	1	f
3799	T	N	114	115	1	f
3800	G	N	115	116	1	f
3801	C	N	116	117	1	f
3802	A	N	117	118	1	f
3803	C	N	118	119	1	f
3804	T	N	119	120	1	f
3805	C	N	120	121	1	f
3806	A	N	121	122	1	f
3807	C	N	122	123	1	f
3808	G	N	123	124	1	f
3809	C	N	124	125	1	f
3810	A	N	125	126	1	f
3811	G	N	126	127	1	f
3812	T	N	127	128	1	f
3813	A	N	128	129	1	f
3814	T	N	129	130	1	f
3815	A	N	130	131	1	f
3816	A	N	131	132	1	f
3817	T	N	132	133	1	f
3818	T	N	133	134	1	f
3819	A	N	134	135	1	f
3820	A	N	135	136	1	f
3821	T	N	136	137	1	f
3822	A	N	137	138	1	f
3823	A	N	138	139	1	f
3824	C	N	139	140	1	f
3825	T	N	140	141	1	f
3826	A	N	141	142	1	f
3827	A	N	142	143	1	f
3828	T	N	143	144	1	f
3829	T	N	144	145	1	f
3830	A	N	145	146	1	f
3831	C	N	146	147	1	f
3832	T	N	147	148	1	f
3833	G	N	148	149	1	f
3834	T	N	149	150	1	f
3835	C	N	150	151	1	f
3836	G	N	151	152	1	f
3837	T	N	152	153	1	f
3838	T	N	153	154	1	f
3839	G	N	154	155	1	f
3840	A	N	155	156	1	f
3841	C	N	156	157	1	f
3842	A	N	157	158	1	f
3843	G	N	158	159	1	f
3844	G	N	159	160	1	f
3845	A	N	160	161	1	f
3846	C	N	161	162	1	f
3847	A	N	162	163	1	f
3848	C	N	163	164	1	f
3849	G	N	164	165	1	f
3850	A	N	165	166	1	f
3851	G	N	166	167	1	f
3852	T	N	167	168	1	f
3853	A	N	168	169	1	f
3854	A	N	169	170	1	f
3855	C	N	170	171	1	f
3856	T	N	171	172	1	f
3857	C	N	172	173	1	f
3858	G	N	173	174	1	f
3859	T	N	174	175	1	f
3860	C	N	175	176	1	f
3861	T	N	176	177	1	f
3862	A	N	177	178	1	f
3863	T	N	178	179	1	f
3864	C	N	179	180	1	f
3865	T	N	180	181	1	f
3866	T	N	181	182	1	f
3867	C	N	182	183	1	f
3868	T	N	183	184	1	f
3869	G	N	184	185	1	f
3870	C	N	185	186	1	f
3871	A	N	186	187	1	f
3872	G	N	187	188	1	f
3873	G	N	188	189	1	f
3874	C	N	189	190	1	f
3875	T	N	190	191	1	f
3876	G	N	191	192	1	f
3877	C	N	192	193	1	f
3878	T	N	193	194	1	f
3879	T	N	194	195	1	f
3880	A	N	195	196	1	f
3881	C	N	196	197	1	f
3882	G	N	197	198	1	f
3883	G	N	198	199	1	f
3884	T	N	199	200	1	f
3885	T	N	200	201	1	f
3886	T	N	201	202	1	f
3887	C	N	202	203	1	f
3888	G	N	203	204	1	f
3889	T	N	204	205	1	f
3890	C	N	205	206	1	f
3891	C	N	206	207	1	f
3892	G	N	207	208	1	f
3893	T	N	208	209	1	f
3894	G	N	209	210	1	f
3895	T	N	210	211	1	f
3896	T	N	211	212	1	f
3897	G	N	212	213	1	f
3898	C	N	213	214	1	f
3899	A	N	214	215	1	f
3900	G	N	215	216	1	f
3901	C	N	216	217	1	f
3902	C	N	217	218	1	f
3903	G	N	218	219	1	f
3904	A	N	219	220	1	f
3905	T	N	220	221	1	f
3906	C	N	221	222	1	f
3907	A	N	222	223	1	f
3908	T	N	223	224	1	f
3909	C	N	224	225	1	f
3910	A	N	225	226	1	f
3911	G	N	226	227	1	f
3912	C	N	227	228	1	f
3913	A	N	228	229	1	f
3914	C	N	229	230	1	f
3915	A	N	230	231	1	f
3916	T	Y	231	232	1	f
3917	C	N	240	241	1	f
3918	G	D	388	389	1	f
3919	G	N	406	407	1	f
3920	G	N	409	410	1	f
3921	G	N	410	411	1	f
3922	A	R	412	413	1	f
3923	G	N	416	417	1	f
3924	G	N	418	419	1	f
3925	G	N	419	420	1	f
3926	C	S	420	421	1	f
3927	G	D	424	425	1	f
3928	A	R	426	427	1	f
3929	G	N	427	428	1	f
3930	T	B	669	670	1	f
3931	G	N	1756	1757	1	f
3932	A	ACACTGTAGAGGAGGCAANNNNNNNNNNNNNNNNNNNNNNNNNNNNNNNNNNNNNNNNNNNNNNNNNNNNNNNNNNNNNNNNNNNNNNNNNNNNNNNNNNNNNNNNNNNNNNNNNNN	4274	4275	1	f
3933	C	T	5300	5301	1	f
3934	G	N	6575	6576	1	f
3935	G	N	6588	6589	1	f
3936	G	D	8055	8056	1	f
3937	G	D	8083	8084	1	f
3938	C	T	8298	8299	1	f
3939	G	N	8453	8454	1	f
3940	C	Y	9533	9534	1	f
3941	TTTTAGCACATATTCAGTGGATGG		9629	9653	1	f
3942	G	R	10446	10447	1	f
3943	T	N	11523	11524	1	f
3944	A	D	11536	11537	1	f
3945	G	N	12360	12361	1	f
3946	G	N	14907	14908	1	f
3947	G	N	14916	14917	1	f
3948	AAGATGCACTTTTCGCATATACAAAACGT		15010	15039	1	f
3949	T	N	15041	15042	1	f
3950	G	N	15042	15043	1	f
3951	T	N	15043	15044	1	f
3952	C	N	15044	15045	1	f
3953	T	Y	15046	15047	1	f
3954	A	N	15105	15106	1	f
3955	C	N	15713	15714	1	f
3956	C	Y	17409	17410	1	f
3957	A	D	18162	18163	1	f
3958	G	N	18702	18703	1	f
3959	G	N	18711	18712	1	f
3960	G	N	19173	19174	1	f
3961	G	N	19689	19690	1	f
3962	G	N	19710	19711	1	f
3963	C	Y	19954	19955	1	f
3964	T	TAATGGAGTCACATTAATTGGRGAAKCCGTAAAAANNNNNNNNNNNNNNNNNNNNNNNNNNNNNNNNNNNNNNNNNNNNNNNNNNNNNNNNNNNNNNNNNNNNNNNNNNNNNNNNNNNNNNNNNNNNNNNNNNNN	20105	20106	1	f
3965	G	D	20547	20548	1	f
3966	G	N	20556	20557	1	f
3967	G	N	20559	20560	1	f
3968	G	D	20567	20568	1	f
3969	G	D	20568	20569	1	f
3970	G	N	20571	20572	1	f
3971	G	D	20577	20578	1	f
3972	G	D	20579	20580	1	f
3973	G	N	20586	20587	1	f
3974	G	N	20595	20596	1	f
3975	AA		20725	20727	1	f
3976	C	N	21056	21057	1	f
3977	CATTTGTGGGTTTATACAACAAAAGCTAGCTCTTGGAGGTTCCGTGGCTATAAAGATAACAGAACATTCTTGGAATGCTGATCTTTATAAGCTCATGGGACACTTCGCATGGTGGACAGCCTTTGTTACTAATGTGAATGCGTCATCATCTGAAGCATTTTTAATTGGATGTAATTATCTTGGCAAACCACGCGAACAAATAGATGGTTATGTCATGCATGCAAATTACATATTTTGGAGGAATACAAATCCAATTCAGTTGTCTTCCTATTCTTTATTTGACATGAGTAAATTTCCCCTTAAATTAAGGGGTACTGCTGTTATGTCTTTAAAAGAAGGTCAAATCAATGATATGATTTTATCTCTTCTTAGTAAAGGTAGACTTATAATTAGAGAAAACAACAGAGTTGTTATTTCTAGTGATGTTCTTGTTAACAACTAAACGAACAATGTTTGTTTTTCTTGTTTTATTGCCACTAGTCTCTAGTCAGTGTGTTAATCTTACAACCAGAACTCAATTACCCCCTGCATACACTAATTCTTTCACACGTGGTGTTTATTACCCTGACAAAGTTTTCAGATCCTCAGTTTTACATTCAACTCAGGACTTGTTCTTACCTTTCTTTTCCAATGTTACTTGGTTCCATGCTATACATGTCTCTGGGACCAATGGTACTAAGAGGTTTGATAACCCTGTCCTACCATTTAATGATGGTGTTTATTTTGCTTCCACTGAGAAGTCTAACATAATAAGAGGCTGGATTTTTGGTACTACTTTAGATTCGAAGACCCAGTCCCTACTTATTGTTAATAACG		21113	21929	1	f
3978	C	N	21929	21930	1	f
3979	T	N	21930	21931	1	f
3980	A	N	21931	21932	1	f
3981	C	N	21932	21933	1	f
3982	T	N	21933	21934	1	f
3983	A	N	21934	21935	1	f
3984	A	N	21935	21936	1	f
3985	T	N	21936	21937	1	f
3986	G	N	21937	21938	1	f
3987	T	N	21938	21939	1	f
3988	T	N	21939	21940	1	f
3989	G	N	21940	21941	1	f
3990	T	N	21941	21942	1	f
3991	T	N	21942	21943	1	f
3992	A	N	21943	21944	1	f
3993	T	N	21944	21945	1	f
3994	T	N	21945	21946	1	f
3995	A	N	21946	21947	1	f
3996	A	N	21947	21948	1	f
3997	A	N	21948	21949	1	f
3998	G	N	21949	21950	1	f
3999	T	N	21950	21951	1	f
4000	C	N	21951	21952	1	f
4001	T	N	21952	21953	1	f
4002	G	N	21953	21954	1	f
4003	T	N	21954	21955	1	f
4004	G	N	21955	21956	1	f
4005	A	N	21956	21957	1	f
4006	A	N	21957	21958	1	f
4007	T	N	21958	21959	1	f
4008	T	N	21959	21960	1	f
4009	T	N	21960	21961	1	f
4010	C	N	21961	21962	1	f
4011	A	N	21962	21963	1	f
4012	A	N	21963	21964	1	f
4013	T	N	21964	21965	1	f
4014	T	N	21965	21966	1	f
4015	T	N	21966	21967	1	f
4016	T	N	21967	21968	1	f
4017	G	N	21968	21969	1	f
4018	T	N	21969	21970	1	f
4019	A	N	21970	21971	1	f
4020	A	N	21971	21972	1	f
4021	T	N	21972	21973	1	f
4022	G	N	21973	21974	1	f
4023	A	N	21974	21975	1	f
4024	T	N	21975	21976	1	f
4025	C	N	21976	21977	1	f
4026	C	N	21977	21978	1	f
4027	A	N	21978	21979	1	f
4028	T	N	21979	21980	1	f
4029	T	N	21980	21981	1	f
4030	T	N	21981	21982	1	f
4031	T	N	21982	21983	1	f
4032	T	N	21983	21984	1	f
4033	G	N	21984	21985	1	f
4034	G	N	21985	21986	1	f
4035	G	N	21986	21987	1	f
4036	T	N	21987	21988	1	f
4037	G	N	21988	21989	1	f
4038	T	N	21989	21990	1	f
4039	T	N	21990	21991	1	f
4040	T	N	21991	21992	1	f
4041	A	N	21992	21993	1	f
4042	T	N	21993	21994	1	f
4043	T	N	21994	21995	1	f
4044	A	N	21995	21996	1	f
4045	C	N	21996	21997	1	f
4046	C	N	21997	21998	1	f
4047	A	N	21998	21999	1	f
4048	C	N	21999	22000	1	f
4049	A	N	22000	22001	1	f
4050	A	N	22001	22002	1	f
4051	A	N	22002	22003	1	f
4052	A	N	22003	22004	1	f
4053	A	N	22004	22005	1	f
4054	C	N	22005	22006	1	f
4055	A	N	22006	22007	1	f
4056	A	N	22007	22008	1	f
4057	C	N	22008	22009	1	f
4058	A	N	22009	22010	1	f
4059	A	N	22010	22011	1	f
4060	A	N	22011	22012	1	f
4061	A	N	22012	22013	1	f
4062	G	N	22013	22014	1	f
4063	T	N	22014	22015	1	f
4064	T	N	22015	22016	1	f
4065	G	N	22016	22017	1	f
4066	G	N	22017	22018	1	f
4067	A	N	22018	22019	1	f
4068	T	N	22019	22020	1	f
4069	G	N	22020	22021	1	f
4070	G	N	22021	22022	1	f
4071	A	N	22022	22023	1	f
4072	T	D	22199	22200	1	f
4073	G	D	22577	22578	1	f
4074	T	A	22928	22929	1	f
4075	A	T	23039	23040	1	f
4076	T	N	23598	23599	1	f
4077	C	N	23603	23604	1	f
4078	C	T	23706	23707	1	f
4079	A	N	24423	24424	1	f
4080	G	N	24573	24574	1	f
4081	G	N	24576	24577	1	f
4082	C	N	24999	25000	1	f
4083	G	N	25386	25387	1	f
4084	G	N	25394	25395	1	f
4085	G	N	25395	25396	1	f
4086	G	N	25400	25401	1	f
4087	G	N	25406	25407	1	f
4088	G	N	25408	25409	1	f
4089	C	T	25586	25587	1	f
4090	G	D	25906	25907	1	f
4091	C	N	26059	26060	1	f
4092	C	N	26576	26577	1	f
4093	G	N	29150	29151	1	f
4094	G	N	29155	29156	1	f
4095	G	N	29156	29157	1	f
4096	G	N	29161	29162	1	f
4097	G	N	29174	29175	1	f
4098	G	N	29175	29176	1	f
4099	G	N	29178	29179	1	f
4100	G	N	29185	29186	1	f
4101	G	N	29439	29440	1	f
4102	A	V	29509	29510	1	f
4103	CACCGAGGCCACGCGGAGTACGATCGAGTGTACAGTGAACAATGCTAGGGAGAGCTGCCTATATGGAAGAGCCCTAATGTGTAAAATTAATTTTAGTAGTGCTATCCCCATGTGATTTTAATAGCTTCTTAGGAGAATGACAAAAAAAAAAAAAAAAAAAAAAAAAAAAAAAAA		29729	29903	1	f
4104	G	N	22	23	1	f
4105	G	N	23	24	1	f
4106	T	N	24	25	1	f
4107	A	N	25	26	1	f
4108	A	N	26	27	1	f
4109	C	N	27	28	1	f
4110	A	N	28	29	1	f
4111	A	N	29	30	1	f
4112	C	Y	1092	1093	1	f
4113	C	Y	2469	2470	1	f
4114	A	R	3420	3421	1	f
4115	G	N	6512	6513	1	f
4116	T	N	6513	6514	1	f
4117	T	N	6514	6515	1	f
4118	C	Y	9222	9223	1	f
4119	GTTT		11282	11286	1	f
4120	G	N	11286	11287	1	f
4121	T	N	11287	11288	1	f
4122	C	N	11288	11289	1	f
4123	T	N	11289	11290	1	f
4124	G	N	11290	11291	1	f
4125	G	K	20068	20069	1	f
4126	C	S	21529	21530	1	f
4127	T	W	21533	21534	1	f
4128	G	K	21534	21535	1	f
4129	A	M	21535	21536	1	f
4130	T	N	21542	21543	1	f
4131	G	N	21543	21544	1	f
4132	T	N	21544	21545	1	f
4133	T	N	21545	21546	1	f
4134	A	N	21546	21547	1	f
4135	A	N	21547	21548	1	f
4136	C	N	21548	21549	1	f
4137	A	N	21549	21550	1	f
4138	A	N	21550	21551	1	f
4139	GTGTTT		21986	21992	1	f
4140	G	R	22598	22599	1	f
4141	T	C	22672	22673	1	f
4142	C	Y	23524	23525	1	f
4143	T	Y	23688	23689	1	f
4144	A	M	25380	25381	1	f
4145	GAGA		28361	28365	1	f
4146	T	N	28404	28405	1	f
4147	T	N	28405	28406	1	f
4148	T	N	28406	28407	1	f
4149	A	N	28407	28408	1	f
4150	C	N	28408	28409	1	f
4151	C	N	28409	28410	1	f
4152	C	N	28410	28411	1	f
4153	A	N	28411	28412	1	f
4154	A	N	28412	28413	1	f
4155	T	N	28413	28414	1	f
4156	A	N	28414	28415	1	f
4157	A	N	28415	28416	1	f
4158	T	N	28416	28417	1	f
4159	A	N	28417	28418	1	f
4160	C	N	28418	28419	1	f
4161	T	N	28419	28420	1	f
4162	G	N	28420	28421	1	f
4163	C	N	28421	28422	1	f
4164	G	N	28422	28423	1	f
4165	T	N	28423	28424	1	f
4166	C	N	28424	28425	1	f
4167	T	N	28425	28426	1	f
4168	T	N	28426	28427	1	f
4169	G	N	28427	28428	1	f
4170	G	N	28428	28429	1	f
4171	T	N	28429	28430	1	f
4172	T	N	28430	28431	1	f
4173	C	N	28431	28432	1	f
4174	A	N	28432	28433	1	f
4175	C	N	28433	28434	1	f
4176	C	N	28434	28435	1	f
4177	G	N	28435	28436	1	f
4178	C	N	28436	28437	1	f
4179	T	N	28437	28438	1	f
4180	C	N	28438	28439	1	f
4181	T	N	28439	28440	1	f
4182	C	N	28440	28441	1	f
4183	A	N	28441	28442	1	f
4184	C	N	28442	28443	1	f
4185	T	N	28443	28444	1	f
4186	C	N	28444	28445	1	f
4187	A	N	28445	28446	1	f
4188	A	N	28446	28447	1	f
4189	C	N	28447	28448	1	f
4190	A	N	28448	28449	1	f
4191	T	N	28449	28450	1	f
4192	G	N	28450	28451	1	f
4193	G	N	28451	28452	1	f
4194	C	N	28452	28453	1	f
4195	A	N	28453	28454	1	f
4196	A	N	28454	28455	1	f
4197	G	N	28455	28456	1	f
4198	G	N	28456	28457	1	f
4199	A	N	28457	28458	1	f
4200	A	N	28458	28459	1	f
4201	G	N	28459	28460	1	f
4202	A	N	28460	28461	1	f
4203	C	N	28461	28462	1	f
4204	C	N	28462	28463	1	f
4205	T	N	28463	28464	1	f
4206	T	N	28464	28465	1	f
4207	A	N	28465	28466	1	f
4208	A	N	28466	28467	1	f
4209	A	N	28467	28468	1	f
4210	T	N	28468	28469	1	f
4211	T	N	28469	28470	1	f
4212	C	N	28470	28471	1	f
4213	C	N	28471	28472	1	f
4214	C	N	28472	28473	1	f
4215	T	N	28473	28474	1	f
4216	C	N	28474	28475	1	f
4217	G	N	28475	28476	1	f
4218	A	N	28476	28477	1	f
4219	G	N	28477	28478	1	f
4220	C	N	28673	28674	1	f
4221	A	R	28674	28675	1	f
4222	A	M	29781	29782	1	f
4223	G	K	29782	29783	1	f
4224	G	C	29785	29786	1	f
4225	TATATGGAAGAGCCCTAATGTGTAAAATTAATTTTAG		29788	29825	1	f
4226	T	C	29828	29829	1	f
4227	G	A	29829	29830	1	f
4228	C	T	29830	29831	1	f
4229	A	G	29832	29833	1	f
4230	C	T	29834	29835	1	f
4231	A	NNNNNNNNNNNNNNNNNNNNNNNNNNNNNNNNNNNNNNNNNNNNNNN	29902	29903	1	f
4232	A	M	1572	1573	1	f
4233	A	G	11455	11456	1	f
4234	C	T	12615	12616	1	f
4235	C	M	23853	23854	1	f
4236	C	T	27011	27012	1	f
\.


--
-- Data for Name: nucleotide_mutation_alignments; Type: TABLE DATA; Schema: public; Owner: -
--

COPY public.nucleotide_mutation_alignments (id, nucleotidemutation_id, alignment_id) FROM stdin;
1	1	1
2	2	1
3	3	1
4	4	1
5	5	1
6	6	1
7	7	1
8	8	1
9	9	1
10	10	1
11	11	1
12	12	1
13	13	1
14	14	1
15	15	1
16	16	1
17	17	1
18	18	1
19	19	1
20	20	1
21	21	1
22	22	1
23	23	1
24	24	1
25	25	1
26	26	1
27	27	1
28	28	1
29	29	1
30	30	1
31	31	1
32	32	1
33	33	1
34	34	1
35	35	1
36	36	1
37	37	1
38	38	1
39	39	1
40	40	1
41	41	1
42	42	1
43	43	1
44	44	1
45	45	1
46	46	1
47	47	1
48	48	1
49	49	1
50	50	1
51	51	1
52	52	1
53	53	1
54	54	1
55	55	1
56	56	1
57	57	1
58	58	1
59	59	1
60	60	1
61	61	1
62	62	1
63	63	1
64	64	1
65	65	1
66	66	1
67	67	1
68	68	1
69	69	1
70	70	1
71	71	1
72	72	1
73	73	1
74	74	1
75	75	1
76	76	1
77	77	1
78	78	1
79	79	1
80	80	1
81	81	1
82	82	1
83	83	1
84	84	1
85	85	1
86	86	1
87	87	1
88	88	1
89	89	1
90	90	1
91	91	1
92	92	1
93	93	1
94	94	1
95	95	1
96	96	1
97	97	1
98	98	1
99	99	1
100	100	1
101	101	1
102	102	1
103	103	1
104	104	1
105	105	1
106	106	1
107	107	1
108	108	1
109	109	1
110	110	1
111	111	1
112	112	1
113	113	1
114	114	1
115	115	1
116	116	1
117	117	1
118	118	1
119	119	1
120	120	1
121	121	1
122	122	1
123	123	1
124	124	1
125	125	1
126	126	1
127	127	1
128	128	1
129	129	1
130	130	1
131	131	1
132	132	1
133	133	1
134	134	1
135	135	1
136	136	1
137	137	1
138	138	1
139	139	1
140	140	1
141	141	1
142	142	1
143	143	1
144	144	1
145	145	1
146	146	1
147	147	1
148	148	1
149	149	1
150	150	1
151	151	1
152	152	1
153	153	1
154	154	1
155	155	1
156	156	1
157	157	1
158	158	1
159	159	1
160	160	1
161	161	1
162	162	1
163	163	1
164	164	1
165	165	1
166	166	1
167	167	1
168	168	1
169	169	1
170	170	1
171	171	1
172	172	1
173	173	1
174	174	1
175	175	1
176	176	1
177	177	1
178	178	1
179	179	1
180	180	1
181	181	1
182	182	1
183	183	1
184	184	1
185	185	1
186	186	1
187	187	1
188	188	1
189	189	1
190	190	1
191	191	1
192	192	1
193	193	1
194	194	1
195	195	1
196	196	1
197	197	1
198	198	1
199	199	1
200	200	1
201	201	1
202	202	1
203	203	1
204	204	1
205	205	1
206	206	1
207	207	1
208	208	1
209	209	1
210	210	1
211	211	1
212	212	1
213	213	1
214	214	1
215	215	1
216	216	1
217	217	1
218	218	1
219	219	1
220	220	1
221	221	1
222	222	1
223	223	1
224	224	1
225	225	1
226	226	1
227	227	1
228	228	1
229	229	1
230	230	1
231	231	1
232	232	1
233	233	1
234	234	1
235	235	1
236	236	1
237	237	1
238	238	1
239	239	1
240	240	1
241	241	1
242	242	1
243	243	1
244	244	1
245	245	1
246	246	1
247	247	1
248	248	1
249	249	1
250	250	1
251	251	1
252	252	1
253	253	1
254	254	1
255	255	1
256	256	1
257	257	1
258	258	1
259	259	1
260	260	1
261	261	1
262	262	1
263	263	1
264	264	1
265	265	1
266	266	1
267	267	1
268	268	1
269	269	1
270	270	1
271	271	1
272	272	1
273	273	1
274	274	1
275	275	1
276	276	1
277	277	1
278	278	1
279	279	1
280	280	1
281	281	1
282	282	1
283	283	1
284	284	1
285	285	1
286	286	1
287	287	1
288	288	1
289	289	1
290	290	1
291	291	1
292	292	1
293	293	1
294	294	1
295	295	1
296	296	1
297	297	1
298	298	1
299	299	1
300	300	1
301	301	1
302	302	1
303	303	1
304	304	1
305	305	1
306	306	1
307	307	1
308	308	1
309	309	1
310	310	1
311	311	1
312	312	1
313	313	1
314	314	1
315	315	1
316	316	1
317	317	1
318	318	1
319	319	1
320	320	1
321	321	1
322	322	1
323	323	1
324	324	1
325	325	1
326	326	1
327	327	1
328	328	1
329	329	1
330	330	1
331	331	1
332	332	1
333	333	1
334	334	1
335	335	1
336	336	1
337	337	1
338	338	1
339	339	1
340	340	1
341	341	1
342	342	1
343	343	1
344	344	1
345	345	1
346	346	1
347	347	1
348	348	1
349	349	1
350	350	1
351	351	1
352	352	1
353	353	1
354	354	1
355	355	1
356	356	1
357	357	1
358	358	1
359	359	1
360	360	1
361	361	1
362	362	1
363	363	1
364	364	1
365	365	1
366	366	1
367	367	1
368	368	1
369	369	1
370	370	1
371	371	1
372	372	1
373	373	1
374	374	1
375	375	1
376	376	1
377	377	1
378	378	1
379	379	1
380	380	1
381	381	1
382	382	1
383	383	1
384	384	1
385	385	1
386	386	1
387	387	1
388	388	1
389	389	1
390	390	1
391	391	1
392	392	1
393	393	1
394	394	1
395	395	1
396	396	1
397	397	1
398	398	1
399	399	1
400	400	1
401	401	1
402	402	1
403	403	1
404	404	1
405	405	1
406	406	1
407	407	1
408	408	1
409	409	1
410	410	1
411	411	1
412	412	1
413	413	1
414	414	1
415	415	1
416	416	1
417	417	1
418	418	1
419	419	1
420	420	1
421	421	1
422	422	1
423	423	1
424	424	1
425	425	1
426	426	1
427	427	1
428	428	1
429	429	1
430	430	1
431	431	1
432	432	1
433	433	1
434	434	1
435	435	1
436	436	1
437	437	1
438	438	1
439	439	1
440	440	1
441	441	1
442	442	1
443	443	1
444	444	1
445	445	1
446	446	1
447	447	1
448	448	1
449	449	1
450	450	1
451	451	1
452	452	1
453	453	1
454	454	1
455	455	1
456	456	1
457	457	1
458	458	1
459	459	1
460	460	1
461	461	1
462	462	1
463	463	1
464	464	1
465	465	1
466	466	1
467	467	1
468	468	1
469	469	1
470	470	1
471	471	1
472	472	1
473	473	1
474	474	1
475	475	1
476	476	1
477	477	1
478	478	1
479	479	1
480	480	1
481	481	1
482	482	1
483	483	1
484	484	1
485	485	1
486	486	1
487	487	1
488	488	1
489	489	1
490	490	1
491	491	1
492	492	1
493	493	1
494	494	1
495	495	1
496	496	1
497	497	1
498	498	1
499	499	1
500	500	1
501	501	1
502	502	1
503	503	1
504	504	1
505	505	1
506	506	1
507	507	1
508	508	1
509	509	1
510	510	1
511	511	1
512	512	1
513	513	1
514	514	1
515	515	1
516	516	1
517	517	1
518	518	1
519	519	1
520	520	1
521	521	1
522	522	1
523	523	1
524	524	1
525	525	1
526	526	1
527	527	1
528	528	1
529	529	1
530	530	1
531	531	1
532	532	1
533	533	1
534	534	1
535	535	1
536	536	1
537	537	1
538	538	1
539	539	1
540	540	1
541	541	1
542	542	1
543	543	1
544	544	1
545	545	1
546	546	1
547	547	1
548	548	1
549	549	1
550	550	1
551	551	1
552	552	1
553	553	1
554	554	1
555	555	1
556	556	1
557	557	1
558	558	1
559	559	1
560	560	1
561	561	1
562	562	1
563	563	1
564	564	1
565	565	1
566	566	1
567	567	1
568	568	1
569	569	1
570	570	1
571	571	1
572	572	1
573	573	1
574	574	1
575	575	1
576	576	1
577	577	1
578	578	1
579	579	1
580	580	1
581	581	1
582	582	1
583	583	1
584	584	1
585	585	1
586	586	1
587	587	1
588	588	1
589	589	1
590	590	1
591	591	1
592	592	1
593	593	1
594	594	1
595	595	1
596	596	1
597	597	1
598	598	1
599	599	1
600	600	1
601	601	1
602	602	1
603	603	1
604	604	1
605	605	1
606	606	1
607	607	1
608	608	1
609	609	1
610	610	1
611	611	1
612	612	1
613	613	1
614	614	1
615	615	1
616	616	1
617	617	2
618	2	2
619	618	2
620	3	2
621	4	2
622	5	2
623	6	2
624	7	2
625	8	2
626	9	2
627	10	2
628	11	2
629	12	2
630	619	2
631	244	2
632	245	2
633	246	2
634	285	2
635	288	2
636	289	2
637	620	2
638	290	2
639	291	2
640	292	2
641	293	2
642	294	2
643	295	2
644	621	2
645	296	2
646	297	2
647	298	2
648	299	2
649	300	2
650	301	2
651	302	2
652	303	2
653	304	2
654	305	2
655	306	2
656	308	2
657	309	2
658	310	2
659	311	2
660	312	2
661	313	2
662	314	2
663	315	2
664	316	2
665	317	2
666	318	2
667	319	2
668	320	2
669	321	2
670	322	2
671	323	2
672	324	2
673	622	2
674	326	2
675	327	2
676	328	2
677	329	2
678	330	2
679	331	2
680	332	2
681	333	2
682	334	2
683	336	2
684	608	2
685	609	2
686	610	2
687	611	2
688	612	2
689	613	2
690	623	2
691	614	2
692	615	2
693	616	2
694	1	3
695	624	3
696	2	3
697	625	3
698	626	3
699	5	3
700	627	3
701	628	3
702	629	3
703	630	3
704	631	3
705	632	3
706	633	3
707	634	3
708	635	3
709	12	3
710	636	3
711	637	3
712	638	3
713	639	3
714	640	3
715	288	3
716	641	3
717	642	3
718	643	3
719	644	3
720	645	3
721	646	3
722	647	3
723	648	3
724	649	3
725	650	3
726	651	3
727	652	3
728	309	3
729	315	3
730	653	3
731	654	3
732	655	3
733	656	3
734	657	3
735	658	3
736	659	3
737	660	3
738	661	3
739	662	3
740	663	3
741	664	3
742	665	3
743	666	3
744	667	3
745	668	3
746	669	3
747	670	3
748	671	4
749	2	4
750	672	4
751	673	4
752	674	4
753	675	4
754	676	4
755	677	4
756	678	4
757	679	4
758	680	4
759	681	4
760	682	4
761	683	4
762	684	4
763	685	4
764	686	4
765	687	4
766	688	4
767	689	4
768	690	4
769	691	4
770	692	4
771	693	4
772	694	4
773	695	4
774	696	4
775	697	4
776	698	4
777	699	4
778	700	4
779	701	4
780	702	4
781	703	4
782	704	4
783	705	4
784	706	4
785	707	4
786	708	4
787	709	4
788	710	4
789	5	4
790	711	4
791	712	4
792	713	4
793	714	4
794	715	4
795	716	4
796	717	4
797	718	4
798	719	4
799	720	4
800	721	4
801	722	4
802	723	4
803	724	4
804	725	4
805	726	4
806	727	4
807	728	4
808	729	4
809	730	4
810	731	4
811	732	4
812	733	4
813	734	4
814	735	4
815	736	4
816	737	4
817	738	4
818	739	4
819	740	4
820	741	4
821	742	4
822	743	4
823	744	4
824	745	4
825	746	4
826	747	4
827	748	4
828	749	4
829	750	4
830	751	4
831	752	4
832	753	4
833	754	4
834	12	4
835	245	4
836	755	4
837	756	4
838	757	4
839	288	4
840	758	4
841	759	4
842	291	4
843	760	4
844	761	4
845	762	4
846	763	4
847	764	4
848	765	4
849	766	4
850	767	4
851	768	4
852	769	4
853	770	4
854	771	4
855	772	4
856	773	4
857	774	4
858	775	4
859	776	4
860	777	4
861	778	4
862	779	4
863	780	4
864	781	4
865	782	4
866	783	4
867	784	4
868	785	4
869	786	4
870	787	4
871	788	4
872	789	4
873	790	4
874	791	4
875	792	4
876	793	4
877	794	4
878	795	4
879	796	4
880	797	4
881	798	4
882	799	4
883	800	4
884	801	4
885	802	4
886	803	4
887	804	4
888	805	4
889	806	4
890	807	4
891	808	4
892	809	4
893	810	4
894	811	4
895	812	4
896	813	4
897	814	4
898	815	4
899	816	4
900	817	4
901	818	4
902	819	4
903	820	4
904	821	4
905	822	4
906	823	4
907	824	4
908	825	4
909	826	4
910	827	4
911	828	4
912	829	4
913	830	4
914	831	4
915	832	4
916	833	4
917	834	4
918	835	4
919	836	4
920	837	4
921	838	4
922	839	4
923	840	4
924	841	4
925	842	4
926	843	4
927	844	4
928	845	4
929	846	4
930	847	4
931	848	4
932	849	4
933	850	4
934	851	4
935	852	4
936	853	4
937	854	4
938	855	4
939	856	4
940	857	4
941	858	4
942	859	4
943	860	4
944	861	4
945	862	4
946	863	4
947	864	4
948	865	4
949	866	4
950	867	4
951	868	4
952	869	4
953	870	4
954	871	4
955	872	4
956	873	4
957	874	4
958	875	4
959	876	4
960	877	4
961	878	4
962	879	4
963	880	4
964	881	4
965	882	4
966	883	4
967	884	4
968	885	4
969	886	4
970	887	4
971	888	4
972	889	4
973	890	4
974	891	4
975	892	4
976	893	4
977	894	4
978	895	4
979	896	4
980	897	4
981	898	4
982	899	4
983	900	4
984	901	4
985	902	4
986	903	4
987	904	4
988	905	4
989	906	4
990	907	4
991	908	4
992	909	4
993	910	4
994	911	4
995	912	4
996	913	4
997	914	4
998	915	4
999	916	4
1000	917	4
1001	918	4
1002	919	4
1003	920	4
1004	921	4
1005	922	4
1006	923	4
1007	924	4
1008	925	4
1009	926	4
1010	927	4
1011	928	4
1012	929	4
1013	930	4
1014	931	4
1015	932	4
1016	933	4
1017	934	4
1018	935	4
1019	936	4
1020	937	4
1021	938	4
1022	939	4
1023	940	4
1024	941	4
1025	942	4
1026	943	4
1027	944	4
1028	945	4
1029	946	4
1030	947	4
1031	948	4
1032	949	4
1033	950	4
1034	951	4
1035	952	4
1036	953	4
1037	954	4
1038	955	4
1039	956	4
1040	957	4
1041	958	4
1042	959	4
1043	960	4
1044	961	4
1045	962	4
1046	963	4
1047	964	4
1048	965	4
1049	966	4
1050	967	4
1051	968	4
1052	969	4
1053	970	4
1054	971	4
1055	972	4
1056	973	4
1057	974	4
1058	975	4
1059	976	4
1060	977	4
1061	978	4
1062	979	4
1063	980	4
1064	981	4
1065	982	4
1066	983	4
1067	984	4
1068	985	4
1069	986	4
1070	987	4
1071	988	4
1072	989	4
1073	990	4
1074	991	4
1075	992	4
1076	993	4
1077	994	4
1078	995	4
1079	996	4
1080	997	4
1081	998	4
1082	999	4
1083	1000	4
1084	1001	4
1085	1002	4
1086	1003	4
1087	1004	4
1088	1005	4
1089	1006	4
1090	1007	4
1091	1008	4
1092	1009	4
1093	1010	4
1094	1011	4
1095	1012	4
1096	1013	4
1097	1014	4
1098	1015	4
1099	1016	4
1100	1017	4
1101	1018	4
1102	1019	4
1103	1020	4
1104	1021	4
1105	1022	4
1106	1023	4
1107	1024	4
1108	1025	4
1109	1026	4
1110	1027	4
1111	1028	4
1112	1029	4
1113	1030	4
1114	1031	4
1115	1032	4
1116	1033	4
1117	1034	4
1118	1035	4
1119	1036	4
1120	1037	4
1121	1038	4
1122	1039	4
1123	1040	4
1124	1041	4
1125	1042	4
1126	1043	4
1127	1044	4
1128	1045	4
1129	1046	4
1130	1047	4
1131	1048	4
1132	1049	4
1133	1050	4
1134	1051	4
1135	1052	4
1136	1053	4
1137	1054	4
1138	1055	4
1139	1056	4
1140	1057	4
1141	1058	4
1142	1059	4
1143	1060	4
1144	1061	4
1145	1062	4
1146	1063	4
1147	1064	4
1148	1065	4
1149	1066	4
1150	1067	4
1151	1068	4
1152	1069	4
1153	1070	4
1154	1071	4
1155	1072	4
1156	1073	4
1157	1074	4
1158	1075	4
1159	1076	4
1160	1077	4
1161	1078	4
1162	1079	4
1163	1080	4
1164	1081	4
1165	1082	4
1166	1083	4
1167	1084	4
1168	1085	4
1169	1086	4
1170	1087	4
1171	1088	4
1172	1089	4
1173	1090	4
1174	1091	4
1175	1092	4
1176	1093	4
1177	1094	4
1178	1095	4
1179	1096	4
1180	1097	4
1181	1098	4
1182	1099	4
1183	1100	4
1184	1101	4
1185	1102	4
1186	1103	4
1187	1104	4
1188	1105	4
1189	1106	4
1190	1107	4
1191	1108	4
1192	1109	4
1193	1110	4
1194	1111	4
1195	1112	4
1196	1113	4
1197	1114	4
1198	1115	4
1199	1116	4
1200	1117	4
1201	1118	4
1202	1119	4
1203	1120	4
1204	1121	4
1205	1122	4
1206	1123	4
1207	1124	4
1208	1125	4
1209	1126	4
1210	1127	4
1211	1128	4
1212	1129	4
1213	1130	4
1214	1131	4
1215	1132	4
1216	1133	4
1217	1134	4
1218	1135	4
1219	1136	4
1220	1137	4
1221	1138	4
1222	1139	4
1223	1140	4
1224	1141	4
1225	1142	4
1226	1143	4
1227	1144	4
1228	1145	4
1229	1146	4
1230	1147	4
1231	1148	4
1232	1149	4
1233	1150	4
1234	1151	4
1235	1152	4
1236	1153	4
1237	1154	4
1238	1155	4
1239	1156	4
1240	1157	4
1241	1158	4
1242	1159	4
1243	1160	4
1244	1161	4
1245	1162	4
1246	1163	4
1247	1164	4
1248	1165	4
1249	1166	4
1250	1167	4
1251	1168	4
1252	1169	4
1253	1170	4
1254	1171	4
1255	1172	4
1256	1173	4
1257	1174	4
1258	1175	4
1259	1176	4
1260	1177	4
1261	1178	4
1262	1179	4
1263	1180	4
1264	1181	4
1265	1182	4
1266	1183	4
1267	1184	4
1268	1185	4
1269	1186	4
1270	1187	4
1271	1188	4
1272	1189	4
1273	1190	4
1274	1191	4
1275	1192	4
1276	1193	4
1277	1194	4
1278	1195	4
1279	1196	4
1280	1197	4
1281	1198	4
1282	1199	4
1283	1200	4
1284	1201	4
1285	1202	4
1286	1203	4
1287	1204	4
1288	1205	4
1289	1206	4
1290	1207	4
1291	1208	4
1292	1209	4
1293	1210	4
1294	1211	4
1295	1212	4
1296	1213	4
1297	1214	4
1298	1215	4
1299	1216	4
1300	1217	4
1301	1218	4
1302	1219	4
1303	1220	4
1304	1221	4
1305	1222	4
1306	1223	4
1307	1224	4
1308	1225	4
1309	1226	4
1310	1227	4
1311	1228	4
1312	1229	4
1313	1230	4
1314	1231	4
1315	1232	4
1316	1233	4
1317	1234	4
1318	1235	4
1319	1236	4
1320	1237	4
1321	1238	4
1322	1239	4
1323	1240	4
1324	1241	4
1325	1242	4
1326	1243	4
1327	1244	4
1328	1245	4
1329	1246	4
1330	1247	4
1331	1248	4
1332	1249	4
1333	1250	4
1334	1251	4
1335	1252	4
1336	1253	4
1337	1254	4
1338	1255	4
1339	1256	4
1340	1257	4
1341	1258	4
1342	298	4
1343	1259	4
1344	1260	4
1345	1261	4
1346	1262	4
1347	1263	4
1348	1264	4
1349	1265	4
1350	1266	4
1351	1267	4
1352	1268	4
1353	1269	4
1354	1270	4
1355	1271	4
1356	1272	4
1357	1273	4
1358	1274	4
1359	1275	4
1360	1276	4
1361	1277	4
1362	1278	4
1363	1279	4
1364	1280	4
1365	1281	4
1366	1282	4
1367	1283	4
1368	1284	4
1369	1285	4
1370	1286	4
1371	1287	4
1372	1288	4
1373	1289	4
1374	1290	4
1375	1291	4
1376	1292	4
1377	1293	4
1378	1294	4
1379	1295	4
1380	1296	4
1381	1297	4
1382	1298	4
1383	1299	4
1384	1300	4
1385	1301	4
1386	1302	4
1387	1303	4
1388	1304	4
1389	1305	4
1390	1306	4
1391	1307	4
1392	1308	4
1393	1309	4
1394	1310	4
1395	1311	4
1396	1312	4
1397	1313	4
1398	1314	4
1399	1315	4
1400	1316	4
1401	1317	4
1402	1318	4
1403	1319	4
1404	1320	4
1405	1321	4
1406	1322	4
1407	1323	4
1408	1324	4
1409	1325	4
1410	1326	4
1411	1327	4
1412	1328	4
1413	1329	4
1414	1330	4
1415	1331	4
1416	1332	4
1417	1333	4
1418	1334	4
1419	1335	4
1420	1336	4
1421	1337	4
1422	1338	4
1423	1339	4
1424	1340	4
1425	1341	4
1426	1342	4
1427	1343	4
1428	1344	4
1429	1345	4
1430	1346	4
1431	1347	4
1432	1348	4
1433	1349	4
1434	1350	4
1435	1351	4
1436	1352	4
1437	1353	4
1438	1354	4
1439	1355	4
1440	1356	4
1441	1357	4
1442	1358	4
1443	1359	4
1444	1360	4
1445	1361	4
1446	1362	4
1447	1363	4
1448	1364	4
1449	1365	4
1450	1366	4
1451	1367	4
1452	1368	4
1453	1369	4
1454	1370	4
1455	1371	4
1456	1372	4
1457	1373	4
1458	1374	4
1459	1375	4
1460	1376	4
1461	1377	4
1462	1378	4
1463	1379	4
1464	1380	4
1465	1381	4
1466	1382	4
1467	1383	4
1468	1384	4
1469	1385	4
1470	1386	4
1471	1387	4
1472	1388	4
1473	1389	4
1474	1390	4
1475	1391	4
1476	1392	4
1477	1393	4
1478	1394	4
1479	1395	4
1480	1396	4
1481	1397	4
1482	1398	4
1483	1399	4
1484	1400	4
1485	1401	4
1486	1402	4
1487	1403	4
1488	1404	4
1489	1405	4
1490	1406	4
1491	1407	4
1492	1408	4
1493	1409	4
1494	1410	4
1495	1411	4
1496	1412	4
1497	1413	4
1498	1414	4
1499	1415	4
1500	1416	4
1501	1417	4
1502	1418	4
1503	1419	4
1504	1420	4
1505	1421	4
1506	1422	4
1507	1423	4
1508	1424	4
1509	1425	4
1510	1426	4
1511	1427	4
1512	1428	4
1513	1429	4
1514	1430	4
1515	1431	4
1516	1432	4
1517	1433	4
1518	1434	4
1519	1435	4
1520	1436	4
1521	1437	4
1522	1438	4
1523	1439	4
1524	1440	4
1525	1441	4
1526	1442	4
1527	1443	4
1528	1444	4
1529	1445	4
1530	1446	4
1531	1447	4
1532	1448	4
1533	1449	4
1534	1450	4
1535	1451	4
1536	1452	4
1537	1453	4
1538	1454	4
1539	1455	4
1540	1456	4
1541	1457	4
1542	1458	4
1543	1459	4
1544	1460	4
1545	1461	4
1546	1462	4
1547	1463	4
1548	1464	4
1549	1465	4
1550	1466	4
1551	1467	4
1552	1468	4
1553	1469	4
1554	1470	4
1555	1471	4
1556	1472	4
1557	1473	4
1558	1474	4
1559	1475	4
1560	1476	4
1561	1477	4
1562	1478	4
1563	1479	4
1564	1480	4
1565	1481	4
1566	1482	4
1567	1483	4
1568	1484	4
1569	1485	4
1570	1486	4
1571	1487	4
1572	1488	4
1573	1489	4
1574	1490	4
1575	1491	4
1576	1492	4
1577	1493	4
1578	1494	4
1579	1495	4
1580	1496	4
1581	1497	4
1582	1498	4
1583	1499	4
1584	1500	4
1585	1501	4
1586	1502	4
1587	1503	4
1588	1504	4
1589	1505	4
1590	1506	4
1591	1507	4
1592	1508	4
1593	1509	4
1594	1510	4
1595	1511	4
1596	1512	4
1597	1513	4
1598	1514	4
1599	1515	4
1600	1516	4
1601	1517	4
1602	1518	4
1603	1519	4
1604	1520	4
1605	1521	4
1606	1522	4
1607	1523	4
1608	1524	4
1609	1525	4
1610	1526	4
1611	1527	4
1612	1528	4
1613	1529	4
1614	1530	4
1615	1531	4
1616	1532	4
1617	1533	4
1618	1534	4
1619	1535	4
1620	1536	4
1621	1537	4
1622	1538	4
1623	1539	4
1624	1540	4
1625	1541	4
1626	1542	4
1627	1543	4
1628	1544	4
1629	1545	4
1630	1546	4
1631	1547	4
1632	1548	4
1633	1549	4
1634	1550	4
1635	1551	4
1636	1552	4
1637	1553	4
1638	1554	4
1639	1555	4
1640	1556	4
1641	1557	4
1642	1558	4
1643	1559	4
1644	1560	4
1645	1561	4
1646	1562	4
1647	1563	4
1648	1564	4
1649	1565	4
1650	1566	4
1651	1567	4
1652	1568	4
1653	1569	4
1654	1570	4
1655	1571	4
1656	1572	4
1657	1573	4
1658	1574	4
1659	1575	4
1660	1576	4
1661	1577	4
1662	1578	4
1663	1579	4
1664	1580	4
1665	1581	4
1666	1582	4
1667	1583	4
1668	1584	4
1669	1585	4
1670	1586	4
1671	1587	4
1672	1588	4
1673	1589	4
1674	1590	4
1675	1591	4
1676	1592	4
1677	1593	4
1678	1594	4
1679	1595	4
1680	1596	4
1681	1597	4
1682	1598	4
1683	1599	4
1684	1600	4
1685	1601	4
1686	1602	4
1687	1603	4
1688	1604	4
1689	1605	4
1690	1606	4
1691	1607	4
1692	1608	4
1693	1609	4
1694	1610	4
1695	1611	4
1696	1612	4
1697	1613	4
1698	1614	4
1699	1615	4
1700	1616	4
1701	1617	4
1702	1618	4
1703	1619	4
1704	1620	4
1705	1621	4
1706	1622	4
1707	1623	4
1708	1624	4
1709	1625	4
1710	1626	4
1711	1627	4
1712	1628	4
1713	1629	4
1714	1630	4
1715	1631	4
1716	1632	4
1717	1633	4
1718	1634	4
1719	1635	4
1720	1636	4
1721	1637	4
1722	1638	4
1723	1639	4
1724	1640	4
1725	1641	4
1726	1642	4
1727	1643	4
1728	1644	4
1729	1645	4
1730	1646	4
1731	1647	4
1732	1648	4
1733	1649	4
1734	1650	4
1735	1651	4
1736	1652	4
1737	1653	4
1738	1654	4
1739	1655	4
1740	1656	4
1741	1657	4
1742	1658	4
1743	1659	4
1744	1660	4
1745	1661	4
1746	1662	4
1747	1663	4
1748	1664	4
1749	1665	4
1750	1666	4
1751	1667	4
1752	1668	4
1753	1669	4
1754	1670	4
1755	1671	4
1756	1672	4
1757	1673	4
1758	1674	4
1759	1675	4
1760	1676	4
1761	1677	4
1762	1678	4
1763	1679	4
1764	1680	4
1765	1681	4
1766	1682	4
1767	1683	4
1768	1684	4
1769	1685	4
1770	1686	4
1771	1687	4
1772	1688	4
1773	1689	4
1774	1690	4
1775	1691	4
1776	1692	4
1777	1693	4
1778	1694	4
1779	1695	4
1780	1696	4
1781	1697	4
1782	1698	4
1783	1699	4
1784	1700	4
1785	1701	4
1786	1702	4
1787	1703	4
1788	1704	4
1789	1705	4
1790	1706	4
1791	1707	4
1792	1708	4
1793	1709	4
1794	1710	4
1795	1711	4
1796	1712	4
1797	1713	4
1798	1714	4
1799	1715	4
1800	1716	4
1801	1717	4
1802	1718	4
1803	1719	4
1804	1720	4
1805	1721	4
1806	1722	4
1807	1723	4
1808	1724	4
1809	1725	4
1810	315	4
1811	316	4
1812	317	4
1813	318	4
1814	319	4
1815	320	4
1816	1726	4
1817	321	4
1818	322	4
1819	1727	4
1820	323	4
1821	1728	4
1822	1729	4
1823	1730	4
1824	1731	4
1825	1732	4
1826	1733	4
1827	1734	4
1828	1735	4
1829	1736	4
1830	1737	4
1831	1738	4
1832	1739	4
1833	1740	4
1834	1741	4
1835	1742	4
1836	1743	4
1837	1744	4
1838	1745	4
1839	1746	4
1840	1747	4
1841	1748	4
1842	1749	4
1843	1750	4
1844	1751	4
1845	1752	4
1846	1753	4
1847	1754	4
1848	1755	4
1849	1756	4
1850	1757	4
1851	1758	4
1852	1759	4
1853	1760	4
1854	1761	4
1855	1762	4
1856	1763	4
1857	1764	4
1858	1765	4
1859	1766	4
1860	1767	4
1861	1768	4
1862	1769	4
1863	1770	4
1864	1771	4
1865	1772	4
1866	1773	4
1867	1774	4
1868	1775	4
1869	1776	4
1870	1777	4
1871	1778	4
1872	1779	4
1873	1780	4
1874	1781	4
1875	1782	4
1876	1783	4
1877	1784	4
1878	1785	4
1879	1786	4
1880	1787	4
1881	1788	4
1882	1789	4
1883	1790	4
1884	1791	4
1885	1792	4
1886	1793	4
1887	1794	4
1888	1795	4
1889	1796	4
1890	1797	4
1891	1798	4
1892	1799	4
1893	1800	4
1894	1801	4
1895	1802	4
1896	1803	4
1897	1804	4
1898	1805	4
1899	1806	4
1900	1807	4
1901	1808	4
1902	1809	4
1903	1810	4
1904	1811	4
1905	1812	4
1906	1813	4
1907	1814	4
1908	1815	4
1909	1816	4
1910	1817	4
1911	1818	4
1912	1819	4
1913	1820	4
1914	1821	4
1915	1822	4
1916	1823	4
1917	1824	4
1918	1825	4
1919	1826	4
1920	1827	4
1921	1828	4
1922	1829	4
1923	1830	4
1924	1831	4
1925	1832	4
1926	1833	4
1927	1834	4
1928	1835	4
1929	1836	4
1930	1837	4
1931	1838	4
1932	1839	4
1933	1840	4
1934	1841	4
1935	1842	4
1936	1843	4
1937	1844	4
1938	1845	4
1939	1846	4
1940	1847	4
1941	1848	4
1942	1849	4
1943	1850	4
1944	1851	4
1945	1852	4
1946	1853	4
1947	1854	4
1948	1855	4
1949	1856	4
1950	1857	4
1951	1858	4
1952	1859	4
1953	1860	4
1954	1861	4
1955	1862	4
1956	1863	4
1957	1864	4
1958	1865	4
1959	1866	4
1960	1867	4
1961	1868	4
1962	1869	4
1963	1870	4
1964	1871	4
1965	1872	4
1966	1873	4
1967	1874	4
1968	1875	4
1969	1876	4
1970	1877	4
1971	1878	4
1972	1879	4
1973	1880	4
1974	1881	4
1975	1882	4
1976	1883	4
1977	1884	4
1978	1885	4
1979	1886	4
1980	1887	4
1981	1888	4
1982	1889	4
1983	1890	4
1984	1891	4
1985	1892	4
1986	1893	4
1987	1894	4
1988	1895	4
1989	1896	4
1990	1897	4
1991	1898	4
1992	1899	4
1993	1900	4
1994	1901	4
1995	1902	4
1996	1903	4
1997	1904	4
1998	1905	4
1999	1906	4
2000	1907	4
2001	1908	4
2002	1909	4
2003	1910	4
2004	1911	4
2005	1912	4
2006	1913	4
2007	1914	4
2008	1915	4
2009	1916	4
2010	1917	4
2011	1918	4
2012	1919	4
2013	1920	4
2014	1921	4
2015	1922	4
2016	1923	4
2017	1924	4
2018	1925	4
2019	1926	4
2020	1927	4
2021	1928	4
2022	1929	4
2023	1930	4
2024	1931	4
2025	1932	4
2026	1933	4
2027	1934	4
2028	1935	4
2029	1936	4
2030	1937	4
2031	1938	4
2032	1939	4
2033	1940	4
2034	1941	4
2035	1942	4
2036	1943	4
2037	324	4
2038	327	4
2039	1944	4
2040	328	4
2041	329	4
2042	331	4
2043	1945	4
2044	1946	4
2045	1947	4
2046	1948	4
2047	1949	4
2048	1950	4
2049	1951	4
2050	1952	4
2051	1953	4
2052	1954	4
2053	1955	4
2054	1956	4
2055	1957	4
2056	1958	4
2057	1959	4
2058	1960	4
2059	1961	4
2060	1962	4
2061	1963	4
2062	1964	4
2063	1965	4
2064	1966	4
2065	1967	4
2066	1968	4
2067	1969	4
2068	1970	4
2069	1971	4
2070	1972	4
2071	1973	4
2072	1974	4
2073	1975	4
2074	1976	4
2075	1977	4
2076	1978	4
2077	1979	4
2078	1980	4
2079	1981	4
2080	1982	4
2081	1983	4
2082	1984	4
2083	1985	4
2084	1986	4
2085	1987	4
2086	1988	4
2087	1989	4
2088	1990	4
2089	1991	4
2090	1992	4
2091	1993	4
2092	1994	4
2093	1995	4
2094	1996	4
2095	1997	4
2096	1998	4
2097	1999	4
2098	2000	4
2099	2001	4
2100	2002	4
2101	2003	4
2102	2004	4
2103	2005	4
2104	2006	4
2105	2007	4
2106	2008	4
2107	2009	4
2108	2010	4
2109	2011	4
2110	2012	4
2111	2013	4
2112	2014	4
2113	2015	4
2114	2016	4
2115	2017	4
2116	2018	4
2117	2019	4
2118	2020	4
2119	2021	4
2120	2022	4
2121	2023	4
2122	2024	4
2123	2025	4
2124	2026	4
2125	2027	4
2126	2028	4
2127	2029	4
2128	2030	4
2129	2031	4
2130	2032	4
2131	336	4
2132	337	4
2133	338	4
2134	339	4
2135	340	4
2136	341	4
2137	342	4
2138	343	4
2139	344	4
2140	345	4
2141	346	4
2142	347	4
2143	348	4
2144	349	4
2145	350	4
2146	351	4
2147	352	4
2148	353	4
2149	354	4
2150	355	4
2151	356	4
2152	357	4
2153	358	4
2154	359	4
2155	360	4
2156	361	4
2157	362	4
2158	363	4
2159	364	4
2160	365	4
2161	366	4
2162	367	4
2163	368	4
2164	369	4
2165	370	4
2166	371	4
2167	372	4
2168	373	4
2169	374	4
2170	375	4
2171	376	4
2172	377	4
2173	378	4
2174	379	4
2175	380	4
2176	381	4
2177	382	4
2178	383	4
2179	384	4
2180	385	4
2181	386	4
2182	387	4
2183	388	4
2184	389	4
2185	390	4
2186	391	4
2187	392	4
2188	393	4
2189	394	4
2190	395	4
2191	396	4
2192	397	4
2193	398	4
2194	399	4
2195	400	4
2196	401	4
2197	402	4
2198	403	4
2199	404	4
2200	405	4
2201	406	4
2202	407	4
2203	408	4
2204	409	4
2205	410	4
2206	411	4
2207	412	4
2208	413	4
2209	414	4
2210	415	4
2211	416	4
2212	417	4
2213	418	4
2214	419	4
2215	420	4
2216	421	4
2217	422	4
2218	423	4
2219	424	4
2220	475	4
2221	476	4
2222	477	4
2223	478	4
2224	479	4
2225	480	4
2226	481	4
2227	482	4
2228	483	4
2229	484	4
2230	489	4
2231	490	4
2232	491	4
2233	492	4
2234	493	4
2235	501	4
2236	503	4
2237	504	4
2238	505	4
2239	506	4
2240	507	4
2241	508	4
2242	509	4
2243	548	4
2244	549	4
2245	550	4
2246	551	4
2247	552	4
2248	553	4
2249	554	4
2250	555	4
2251	556	4
2252	557	4
2253	558	4
2254	559	4
2255	565	4
2256	566	4
2257	567	4
2258	568	4
2259	569	4
2260	570	4
2261	571	4
2262	572	4
2263	573	4
2264	575	4
2265	608	4
2266	609	4
2267	610	4
2268	611	4
2269	612	4
2270	613	4
2271	616	4
2272	2033	5
2273	2034	5
2274	3	5
2275	2035	5
2276	4	5
2277	5	5
2278	6	5
2279	7	5
2280	2036	5
2281	2037	5
2282	2038	5
2283	2039	5
2284	2040	5
2285	2041	5
2286	2042	5
2287	2043	5
2288	2044	5
2289	2045	5
2290	2046	5
2291	2047	5
2292	2048	5
2293	2049	5
2294	2050	5
2295	2051	5
2296	2052	5
2297	2053	5
2298	2054	5
2299	2055	5
2300	2056	5
2301	2057	5
2302	2058	5
2303	2059	5
2304	2060	5
2305	2061	5
2306	2062	5
2307	2063	5
2308	2064	5
2309	2065	5
2310	2066	5
2311	2067	5
2312	2068	5
2313	2069	5
2314	2070	5
2315	2071	5
2316	2072	5
2317	2073	5
2318	2074	5
2319	2075	5
2320	2076	5
2321	2077	5
2322	2078	5
2323	2079	5
2324	2080	5
2325	2081	5
2326	2082	5
2327	2083	5
2328	2084	5
2329	2085	5
2330	2086	5
2331	2087	5
2332	2088	5
2333	2089	5
2334	2090	5
2335	2091	5
2336	2092	5
2337	2093	5
2338	2094	5
2339	2095	5
2340	2096	5
2341	2097	5
2342	2098	5
2343	2099	5
2344	2100	5
2345	2101	5
2346	2102	5
2347	2103	5
2348	2104	5
2349	2105	5
2350	2106	5
2351	2107	5
2352	2108	5
2353	2109	5
2354	2110	5
2355	2111	5
2356	2112	5
2357	2113	5
2358	2114	5
2359	2115	5
2360	2116	5
2361	2117	5
2362	2118	5
2363	2119	5
2364	2120	5
2365	2121	5
2366	2122	5
2367	2123	5
2368	2124	5
2369	2125	5
2370	2126	5
2371	2127	5
2372	2128	5
2373	2129	5
2374	2130	5
2375	2131	5
2376	2132	5
2377	2133	5
2378	2134	5
2379	2135	5
2380	2136	5
2381	2137	5
2382	2138	5
2383	2139	5
2384	2140	5
2385	2141	5
2386	2142	5
2387	2143	5
2388	2144	5
2389	2145	5
2390	2146	5
2391	2147	5
2392	2148	5
2393	2149	5
2394	2150	5
2395	2151	5
2396	2152	5
2397	2153	5
2398	2154	5
2399	2155	5
2400	2156	5
2401	2157	5
2402	2158	5
2403	2159	5
2404	2160	5
2405	2161	5
2406	2162	5
2407	2163	5
2408	2164	5
2409	2165	5
2410	2166	5
2411	2167	5
2412	2168	5
2413	2169	5
2414	2170	5
2415	2171	5
2416	2172	5
2417	2173	5
2418	8	5
2419	9	5
2420	10	5
2421	2174	5
2422	12	5
2423	619	5
2424	244	5
2425	245	5
2426	246	5
2427	2175	5
2428	2176	5
2429	285	5
2430	288	5
2431	2177	5
2432	2178	5
2433	2179	5
2434	2180	5
2435	2181	5
2436	2182	5
2437	2183	5
2438	2184	5
2439	2185	5
2440	2186	5
2441	2187	5
2442	2188	5
2443	2189	5
2444	2190	5
2445	2191	5
2446	2192	5
2447	2193	5
2448	2194	5
2449	2195	5
2450	2196	5
2451	2197	5
2452	2198	5
2453	2199	5
2454	2200	5
2455	2201	5
2456	2202	5
2457	2203	5
2458	2204	5
2459	2205	5
2460	2206	5
2461	2207	5
2462	2208	5
2463	2209	5
2464	2210	5
2465	2211	5
2466	2212	5
2467	2213	5
2468	2214	5
2469	2215	5
2470	2216	5
2471	2217	5
2472	2218	5
2473	2219	5
2474	2220	5
2475	2221	5
2476	2222	5
2477	2223	5
2478	289	5
2479	2224	5
2480	290	5
2481	2225	5
2482	291	5
2483	2226	5
2484	292	5
2485	2227	5
2486	293	5
2487	294	5
2488	295	5
2489	989	5
2490	2228	5
2491	296	5
2492	297	5
2493	298	5
2494	2229	5
2495	299	5
2496	300	5
2497	301	5
2498	302	5
2499	303	5
2500	304	5
2501	306	5
2502	307	5
2503	652	5
2504	308	5
2505	309	5
2506	310	5
2507	2230	5
2508	312	5
2509	313	5
2510	314	5
2511	315	5
2512	316	5
2513	317	5
2514	318	5
2515	319	5
2516	320	5
2517	321	5
2518	322	5
2519	323	5
2520	2231	5
2521	324	5
2522	2232	5
2523	326	5
2524	327	5
2525	2233	5
2526	328	5
2527	329	5
2528	2234	5
2529	2235	5
2530	2236	5
2531	2237	5
2532	2238	5
2533	2239	5
2534	2240	5
2535	2241	5
2536	2242	5
2537	2243	5
2538	2244	5
2539	2245	5
2540	2246	5
2541	2247	5
2542	2248	5
2543	2249	5
2544	2250	5
2545	2251	5
2546	2252	5
2547	2253	5
2548	2254	5
2549	2255	5
2550	2256	5
2551	2257	5
2552	2258	5
2553	2259	5
2554	2260	5
2555	2261	5
2556	2262	5
2557	2263	5
2558	2264	5
2559	2265	5
2560	2266	5
2561	2267	5
2562	2268	5
2563	2269	5
2564	2270	5
2565	2271	5
2566	2272	5
2567	2273	5
2568	2274	5
2569	2275	5
2570	2276	5
2571	2277	5
2572	2278	5
2573	2279	5
2574	2280	5
2575	2281	5
2576	2282	5
2577	2283	5
2578	2284	5
2579	2285	5
2580	2286	5
2581	2287	5
2582	2288	5
2583	2289	5
2584	2290	5
2585	2291	5
2586	2292	5
2587	2293	5
2588	2294	5
2589	2295	5
2590	2296	5
2591	2297	5
2592	2298	5
2593	2299	5
2594	2300	5
2595	2301	5
2596	2302	5
2597	2303	5
2598	2304	5
2599	2305	5
2600	2306	5
2601	2307	5
2602	2308	5
2603	2309	5
2604	2310	5
2605	2311	5
2606	2312	5
2607	2313	5
2608	2314	5
2609	2315	5
2610	2316	5
2611	2317	5
2612	2318	5
2613	2319	5
2614	2320	5
2615	2321	5
2616	2322	5
2617	2323	5
2618	2324	5
2619	2325	5
2620	2326	5
2621	2327	5
2622	2328	5
2623	2329	5
2624	2330	5
2625	2331	5
2626	2332	5
2627	2333	5
2628	2334	5
2629	2335	5
2630	2336	5
2631	2337	5
2632	2338	5
2633	2339	5
2634	2340	5
2635	2341	5
2636	2342	5
2637	2343	5
2638	2344	5
2639	2345	5
2640	2346	5
2641	2347	5
2642	2348	5
2643	2349	5
2644	2350	5
2645	2351	5
2646	2352	5
2647	2353	5
2648	2354	5
2649	2355	5
2650	2356	5
2651	2357	5
2652	2358	5
2653	2359	5
2654	2360	5
2655	2361	5
2656	2362	5
2657	2363	5
2658	2364	5
2659	2365	5
2660	2366	5
2661	2367	5
2662	2368	5
2663	2369	5
2664	2370	5
2665	2371	5
2666	2372	5
2667	2373	5
2668	2374	5
2669	2375	5
2670	2376	5
2671	2377	5
2672	2378	5
2673	2379	5
2674	2380	5
2675	2381	5
2676	2382	5
2677	2383	5
2678	2384	5
2679	2385	5
2680	2386	5
2681	2387	5
2682	2388	5
2683	2389	5
2684	2390	5
2685	2391	5
2686	2392	5
2687	2393	5
2688	2394	5
2689	2395	5
2690	2396	5
2691	2397	5
2692	2398	5
2693	2399	5
2694	2400	5
2695	2401	5
2696	2402	5
2697	2403	5
2698	2404	5
2699	2405	5
2700	2406	5
2701	2407	5
2702	2408	5
2703	2409	5
2704	2410	5
2705	2411	5
2706	2412	5
2707	2413	5
2708	2414	5
2709	2415	5
2710	2416	5
2711	2417	5
2712	2418	5
2713	2419	5
2714	2420	5
2715	2421	5
2716	2422	5
2717	2423	5
2718	2424	5
2719	2425	5
2720	2426	5
2721	2427	5
2722	2428	5
2723	2429	5
2724	2430	5
2725	2431	5
2726	2432	5
2727	2433	5
2728	2434	5
2729	2435	5
2730	2436	5
2731	2437	5
2732	2438	5
2733	2439	5
2734	2440	5
2735	2441	5
2736	2442	5
2737	2443	5
2738	2444	5
2739	2445	5
2740	2446	5
2741	2447	5
2742	2448	5
2743	336	5
2744	2449	5
2745	608	5
2746	609	5
2747	2450	5
2748	610	5
2749	2451	5
2750	611	5
2751	612	5
2752	613	5
2753	614	5
2754	2452	5
2755	2453	5
2756	2454	5
2757	2455	5
2758	2456	5
2759	2457	5
2760	2458	6
2761	624	6
2762	2	6
2763	2459	6
2764	5	6
2765	628	6
2766	630	6
2767	631	6
2768	2460	6
2769	2461	6
2770	633	6
2771	634	6
2772	2462	6
2773	2463	6
2774	12	6
2775	2464	6
2776	636	6
2777	637	6
2778	2465	6
2779	288	6
2780	641	6
2781	642	6
2782	2466	6
2783	2467	6
2784	2468	6
2785	2469	6
2786	2470	6
2787	2471	6
2788	645	6
2789	2472	6
2790	647	6
2791	296	6
2792	649	6
2793	652	6
2794	309	6
2795	315	6
2796	653	6
2797	654	6
2798	2473	6
2799	2474	6
2800	2475	6
2801	655	6
2802	2476	6
2803	656	6
2804	2477	6
2805	2478	6
2806	2479	6
2807	2480	6
2808	2481	6
2809	2482	6
2810	2483	6
2811	2484	6
2812	2485	6
2813	2486	6
2814	2487	6
2815	2488	6
2816	2489	6
2817	2490	6
2818	2491	6
2819	2492	6
2820	2493	6
2821	2494	6
2822	2495	6
2823	2496	6
2824	2497	6
2825	2498	6
2826	2499	6
2827	2500	6
2828	2501	6
2829	2502	6
2830	2503	6
2831	2504	6
2832	2505	6
2833	2506	6
2834	2507	6
2835	2508	6
2836	2509	6
2837	2510	6
2838	2511	6
2839	2512	6
2840	2513	6
2841	2514	6
2842	2515	6
2843	2516	6
2844	2517	6
2845	2518	6
2846	2519	6
2847	2520	6
2848	2521	6
2849	2522	6
2850	2523	6
2851	2524	6
2852	2525	6
2853	2526	6
2854	2527	6
2855	1945	6
2856	1946	6
2857	1947	6
2858	1948	6
2859	1949	6
2860	1950	6
2861	1951	6
2862	1952	6
2863	1953	6
2864	1954	6
2865	1955	6
2866	1956	6
2867	1957	6
2868	1958	6
2869	1959	6
2870	1960	6
2871	1961	6
2872	1962	6
2873	1963	6
2874	1964	6
2875	1965	6
2876	1966	6
2877	1967	6
2878	1968	6
2879	1969	6
2880	1970	6
2881	1971	6
2882	1972	6
2883	1973	6
2884	1974	6
2885	1975	6
2886	1976	6
2887	1977	6
2888	1978	6
2889	1979	6
2890	1980	6
2891	1981	6
2892	1982	6
2893	1983	6
2894	1984	6
2895	1985	6
2896	1986	6
2897	1987	6
2898	1988	6
2899	1989	6
2900	1990	6
2901	1991	6
2902	1992	6
2903	1993	6
2904	1994	6
2905	1995	6
2906	1996	6
2907	1997	6
2908	1998	6
2909	1999	6
2910	2000	6
2911	2001	6
2912	2002	6
2913	2003	6
2914	2004	6
2915	2005	6
2916	2006	6
2917	2007	6
2918	2008	6
2919	2009	6
2920	2010	6
2921	2011	6
2922	2012	6
2923	2013	6
2924	2014	6
2925	2015	6
2926	2016	6
2927	2017	6
2928	2018	6
2929	2019	6
2930	2020	6
2931	2021	6
2932	2022	6
2933	2023	6
2934	2024	6
2935	2025	6
2936	2026	6
2937	2027	6
2938	2028	6
2939	2029	6
2940	2528	6
2941	2529	6
2942	2030	6
2943	2031	6
2944	2032	6
2945	2530	6
2946	2531	6
2947	2532	6
2948	2533	6
2949	2534	6
2950	2535	6
2951	2536	6
2952	2537	6
2953	2538	6
2954	2539	6
2955	2540	6
2956	2541	6
2957	2542	6
2958	2543	6
2959	2544	6
2960	2545	6
2961	2546	6
2962	2547	6
2963	2548	6
2964	2549	6
2965	2550	6
2966	2551	6
2967	2552	6
2968	2553	6
2969	2554	6
2970	2555	6
2971	2556	6
2972	2557	6
2973	2558	6
2974	2559	6
2975	2560	6
2976	2561	6
2977	2562	6
2978	2563	6
2979	2564	6
2980	2565	6
2981	2566	6
2982	2567	6
2983	2568	6
2984	2569	6
2985	2570	6
2986	2571	6
2987	2572	6
2988	2573	6
2989	2574	6
2990	2575	6
2991	2576	6
2992	2577	6
2993	2578	6
2994	2579	6
2995	2580	6
2996	2581	6
2997	2582	6
2998	2583	6
2999	2584	6
3000	2585	6
3001	2586	6
3002	2587	6
3003	2588	6
3004	2589	6
3005	2590	6
3006	2591	6
3007	2592	6
3008	2593	6
3009	2594	6
3010	2595	6
3011	2596	6
3012	2597	6
3013	2598	6
3014	2599	6
3015	2600	6
3016	2601	6
3017	2602	6
3018	2603	6
3019	2604	6
3020	2605	6
3021	2606	6
3022	2607	6
3023	2608	6
3024	2609	6
3025	2610	6
3026	2611	6
3027	2612	6
3028	2613	6
3029	2614	6
3030	2615	6
3031	2616	6
3032	2617	6
3033	2618	6
3034	2619	6
3035	2620	6
3036	2621	6
3037	2622	6
3038	2623	6
3039	2624	6
3040	2625	6
3041	2626	6
3042	2627	6
3043	2628	6
3044	2629	6
3045	2630	6
3046	2631	6
3047	2632	6
3048	2633	6
3049	2634	6
3050	2635	6
3051	2636	6
3052	2637	6
3053	2638	6
3054	2639	6
3055	2640	6
3056	2641	6
3057	2642	6
3058	2643	6
3059	2644	6
3060	2645	6
3061	2646	6
3062	2647	6
3063	2648	6
3064	2649	6
3065	2650	6
3066	2651	6
3067	2652	6
3068	2653	6
3069	2654	6
3070	2655	6
3071	2656	6
3072	2657	6
3073	2658	6
3074	2659	6
3075	2660	6
3076	2661	6
3077	2662	6
3078	2663	6
3079	2664	6
3080	2665	6
3081	2666	6
3082	2667	6
3083	2668	6
3084	2669	6
3085	2670	6
3086	2671	6
3087	2672	6
3088	2673	6
3089	2674	6
3090	2675	6
3091	2676	6
3092	2677	6
3093	337	6
3094	338	6
3095	339	6
3096	340	6
3097	341	6
3098	342	6
3099	343	6
3100	344	6
3101	345	6
3102	346	6
3103	659	6
3104	607	6
3105	2678	6
3106	2679	6
3107	2680	6
3108	2681	6
3109	2682	6
3110	2683	6
3111	2684	6
3112	2685	6
3113	2686	6
3114	2687	6
3115	2688	6
3116	2689	6
3117	2690	6
3118	2691	6
3119	2692	6
3120	2693	6
3121	2694	6
3122	2695	6
3123	2696	6
3124	2697	6
3125	2698	6
3126	2699	6
3127	2700	6
3128	2701	6
3129	2702	6
3130	2703	6
3131	2704	6
3132	2705	6
3133	2706	6
3134	2707	6
3135	2708	6
3136	2709	6
3137	2710	6
3138	2711	6
3139	2712	6
3140	2713	6
3141	2714	6
3142	2715	6
3143	2716	6
3144	2717	6
3145	2718	6
3146	2719	6
3147	2720	6
3148	2721	6
3149	2722	6
3150	2723	6
3151	2724	6
3152	2725	6
3153	2726	6
3154	2727	6
3155	2728	6
3156	2729	6
3157	2730	6
3158	2731	6
3159	2732	6
3160	2733	6
3161	2734	6
3162	2735	6
3163	2736	6
3164	2737	6
3165	2738	6
3166	2739	6
3167	2740	6
3168	2741	6
3169	2742	6
3170	2743	6
3171	2744	6
3172	2745	6
3173	2746	6
3174	2747	6
3175	2748	6
3176	2749	6
3177	2750	6
3178	2751	6
3179	2752	6
3180	2753	6
3181	2754	6
3182	2755	6
3183	2756	6
3184	2757	6
3185	2758	6
3186	2759	6
3187	2760	6
3188	2761	6
3189	2762	6
3190	2763	6
3191	2764	6
3192	2765	6
3193	2766	6
3194	2767	6
3195	2768	6
3196	2769	6
3197	2770	6
3198	2771	6
3199	2772	6
3200	2773	6
3201	2774	6
3202	2775	6
3203	2776	6
3204	2777	6
3205	2778	6
3206	2779	6
3207	2780	6
3208	2781	6
3209	2782	6
3210	2783	6
3211	2784	6
3212	2785	6
3213	2786	6
3214	2787	6
3215	2788	6
3216	2789	6
3217	2790	6
3218	2791	6
3219	2792	6
3220	2793	6
3221	2794	6
3222	2795	6
3223	2796	6
3224	2797	6
3225	2798	6
3226	2799	6
3227	2800	6
3228	2801	6
3229	2802	6
3230	2803	6
3231	2804	6
3232	2805	6
3233	2806	6
3234	2807	6
3235	2808	6
3236	2809	6
3237	2810	6
3238	2811	6
3239	2812	6
3240	2813	6
3241	2814	6
3242	2815	6
3243	2816	6
3244	2817	6
3245	2818	6
3246	2819	6
3247	2820	6
3248	2821	6
3249	2822	6
3250	2823	6
3251	2824	6
3252	2825	6
3253	2826	6
3254	2827	6
3255	2828	6
3256	2829	6
3257	2830	6
3258	2831	6
3259	2832	6
3260	2833	6
3261	2834	6
3262	2835	6
3263	2836	6
3264	2837	6
3265	2838	6
3266	2839	6
3267	2840	6
3268	2841	6
3269	2842	6
3270	2843	6
3271	2844	6
3272	2845	6
3273	2846	6
3274	2847	6
3275	2848	6
3276	2849	6
3277	2850	6
3278	2851	6
3279	663	6
3280	664	6
3281	665	6
3282	2852	6
3283	667	6
3284	2853	6
3285	2854	6
3286	2855	7
3287	2856	7
3288	2857	7
3289	2858	7
3290	2859	7
3291	2860	7
3292	2861	7
3293	2862	7
3294	2863	7
3295	2864	7
3296	2865	7
3297	2866	7
3298	2867	7
3299	2868	7
3300	2869	7
3301	2870	7
3302	2871	7
3303	2872	7
3304	2873	7
3305	2874	7
3306	2875	7
3307	2876	7
3308	2	7
3309	709	7
3310	710	7
3311	5	7
3312	2877	7
3313	711	7
3314	712	7
3315	2878	7
3316	2879	7
3317	2880	7
3318	2881	7
3319	2882	7
3320	2883	7
3321	2884	7
3322	2885	7
3323	2886	7
3324	2887	7
3325	2888	7
3326	2889	7
3327	2890	7
3328	2891	7
3329	2892	7
3330	2893	7
3331	2894	7
3332	2895	7
3333	2896	7
3334	2897	7
3335	2898	7
3336	2899	7
3337	2900	7
3338	2901	7
3339	2902	7
3340	2903	7
3341	2904	7
3342	2905	7
3343	2906	7
3344	2907	7
3345	2908	7
3346	2909	7
3347	2910	7
3348	2911	7
3349	2912	7
3350	2913	7
3351	2914	7
3352	2915	7
3353	2916	7
3354	2917	7
3355	2918	7
3356	2919	7
3357	2920	7
3358	2921	7
3359	2922	7
3360	2923	7
3361	2924	7
3362	2925	7
3363	2926	7
3364	2927	7
3365	2928	7
3366	2929	7
3367	2930	7
3368	2931	7
3369	2932	7
3370	2933	7
3371	2934	7
3372	2935	7
3373	2936	7
3374	2937	7
3375	2938	7
3376	2939	7
3377	2940	7
3378	2941	7
3379	2942	7
3380	2943	7
3381	2944	7
3382	2945	7
3383	2946	7
3384	2947	7
3385	2948	7
3386	2949	7
3387	2950	7
3388	2951	7
3389	2952	7
3390	2953	7
3391	2954	7
3392	2955	7
3393	2956	7
3394	2957	7
3395	2958	7
3396	2959	7
3397	2960	7
3398	2961	7
3399	2962	7
3400	2963	7
3401	2964	7
3402	2965	7
3403	2966	7
3404	2967	7
3405	2968	7
3406	2969	7
3407	2970	7
3408	2971	7
3409	2972	7
3410	2973	7
3411	2974	7
3412	2975	7
3413	2976	7
3414	2977	7
3415	2978	7
3416	2979	7
3417	2980	7
3418	2981	7
3419	2982	7
3420	2983	7
3421	2984	7
3422	2985	7
3423	2986	7
3424	2987	7
3425	2988	7
3426	2989	7
3427	2990	7
3428	2991	7
3429	2992	7
3430	2993	7
3431	2994	7
3432	2995	7
3433	2996	7
3434	2997	7
3435	2998	7
3436	2999	7
3437	3000	7
3438	3001	7
3439	3002	7
3440	3003	7
3441	3004	7
3442	3005	7
3443	3006	7
3444	3007	7
3445	3008	7
3446	3009	7
3447	3010	7
3448	3011	7
3449	3012	7
3450	3013	7
3451	3014	7
3452	3015	7
3453	3016	7
3454	3017	7
3455	3018	7
3456	3019	7
3457	3020	7
3458	3021	7
3459	3022	7
3460	3023	7
3461	3024	7
3462	3025	7
3463	3026	7
3464	3027	7
3465	3028	7
3466	3029	7
3467	3030	7
3468	3031	7
3469	3032	7
3470	3033	7
3471	3034	7
3472	3035	7
3473	3036	7
3474	3037	7
3475	3038	7
3476	3039	7
3477	3040	7
3478	3041	7
3479	3042	7
3480	3043	7
3481	3044	7
3482	3045	7
3483	3046	7
3484	3047	7
3485	3048	7
3486	3049	7
3487	3050	7
3488	3051	7
3489	3052	7
3490	3053	7
3491	3054	7
3492	3055	7
3493	3056	7
3494	3057	7
3495	3058	7
3496	3059	7
3497	3060	7
3498	3061	7
3499	3062	7
3500	3063	7
3501	3064	7
3502	3065	7
3503	3066	7
3504	3067	7
3505	3068	7
3506	3069	7
3507	3070	7
3508	3071	7
3509	3072	7
3510	3073	7
3511	3074	7
3512	3075	7
3513	3076	7
3514	3077	7
3515	3078	7
3516	3079	7
3517	3080	7
3518	3081	7
3519	3082	7
3520	3083	7
3521	3084	7
3522	3085	7
3523	3086	7
3524	3087	7
3525	3088	7
3526	3089	7
3527	3090	7
3528	3091	7
3529	3092	7
3530	3093	7
3531	3094	7
3532	3095	7
3533	3096	7
3534	3097	7
3535	3098	7
3536	3099	7
3537	3100	7
3538	3101	7
3539	3102	7
3540	3103	7
3541	3104	7
3542	3105	7
3543	3106	7
3544	3107	7
3545	3108	7
3546	3109	7
3547	3110	7
3548	3111	7
3549	3112	7
3550	3113	7
3551	3114	7
3552	3115	7
3553	3116	7
3554	3117	7
3555	3118	7
3556	3119	7
3557	3120	7
3558	3121	7
3559	3122	7
3560	3123	7
3561	3124	7
3562	3125	7
3563	3126	7
3564	3127	7
3565	3128	7
3566	3129	7
3567	3130	7
3568	3131	7
3569	3132	7
3570	3133	7
3571	3134	7
3572	3135	7
3573	3136	7
3574	3137	7
3575	3138	7
3576	3139	7
3577	3140	7
3578	3141	7
3579	3142	7
3580	3143	7
3581	3144	7
3582	3145	7
3583	754	7
3584	12	7
3585	3146	7
3586	245	7
3587	755	7
3588	756	7
3589	757	7
3590	288	7
3591	758	7
3592	291	7
3593	988	7
3594	989	7
3595	990	7
3596	991	7
3597	3147	7
3598	3148	7
3599	3149	7
3600	3150	7
3601	3151	7
3602	3152	7
3603	3153	7
3604	3154	7
3605	3155	7
3606	3156	7
3607	3157	7
3608	3158	7
3609	3159	7
3610	3160	7
3611	3161	7
3612	3162	7
3613	3163	7
3614	3164	7
3615	3165	7
3616	3166	7
3617	3167	7
3618	3168	7
3619	3169	7
3620	3170	7
3621	3171	7
3622	3172	7
3623	3173	7
3624	3174	7
3625	3175	7
3626	3176	7
3627	3177	7
3628	3178	7
3629	3179	7
3630	3180	7
3631	3181	7
3632	3182	7
3633	3183	7
3634	3184	7
3635	3185	7
3636	3186	7
3637	3187	7
3638	3188	7
3639	3189	7
3640	3190	7
3641	3191	7
3642	3192	7
3643	3193	7
3644	3194	7
3645	3195	7
3646	3196	7
3647	3197	7
3648	3198	7
3649	3199	7
3650	3200	7
3651	3201	7
3652	3202	7
3653	3203	7
3654	3204	7
3655	3205	7
3656	3206	7
3657	3207	7
3658	3208	7
3659	3209	7
3660	3210	7
3661	3211	7
3662	3212	7
3663	3213	7
3664	3214	7
3665	3215	7
3666	3216	7
3667	3217	7
3668	3218	7
3669	3219	7
3670	3220	7
3671	3221	7
3672	3222	7
3673	3223	7
3674	3224	7
3675	3225	7
3676	3226	7
3677	3227	7
3678	3228	7
3679	3229	7
3680	3230	7
3681	3231	7
3682	3232	7
3683	3233	7
3684	3234	7
3685	3235	7
3686	3236	7
3687	3237	7
3688	3238	7
3689	3239	7
3690	3240	7
3691	3241	7
3692	3242	7
3693	3243	7
3694	3244	7
3695	3245	7
3696	3246	7
3697	3247	7
3698	3248	7
3699	3249	7
3700	3250	7
3701	3251	7
3702	3252	7
3703	3253	7
3704	3254	7
3705	3255	7
3706	3256	7
3707	3257	7
3708	3258	7
3709	3259	7
3710	3260	7
3711	3261	7
3712	3262	7
3713	3263	7
3714	3264	7
3715	3265	7
3716	3266	7
3717	3267	7
3718	3268	7
3719	3269	7
3720	3270	7
3721	3271	7
3722	3272	7
3723	3273	7
3724	3274	7
3725	3275	7
3726	3276	7
3727	3277	7
3728	3278	7
3729	3279	7
3730	3280	7
3731	3281	7
3732	3282	7
3733	3283	7
3734	3284	7
3735	3285	7
3736	3286	7
3737	3287	7
3738	3288	7
3739	3289	7
3740	3290	7
3741	3291	7
3742	3292	7
3743	3293	7
3744	3294	7
3745	3295	7
3746	1260	7
3747	1261	7
3748	1262	7
3749	1263	7
3750	1264	7
3751	1265	7
3752	1266	7
3753	1267	7
3754	1268	7
3755	1269	7
3756	1270	7
3757	1271	7
3758	1272	7
3759	1273	7
3760	1274	7
3761	1275	7
3762	1276	7
3763	1277	7
3764	1278	7
3765	1279	7
3766	1280	7
3767	1281	7
3768	1282	7
3769	1283	7
3770	1284	7
3771	1285	7
3772	1286	7
3773	1287	7
3774	1288	7
3775	1289	7
3776	1290	7
3777	1291	7
3778	1292	7
3779	1293	7
3780	1294	7
3781	1295	7
3782	1296	7
3783	1297	7
3784	1298	7
3785	1299	7
3786	1300	7
3787	1301	7
3788	1302	7
3789	1303	7
3790	1304	7
3791	1305	7
3792	1306	7
3793	1307	7
3794	1308	7
3795	1309	7
3796	1310	7
3797	1311	7
3798	1312	7
3799	1313	7
3800	1314	7
3801	1315	7
3802	1316	7
3803	1317	7
3804	1318	7
3805	1319	7
3806	1320	7
3807	1321	7
3808	1322	7
3809	1323	7
3810	1324	7
3811	1325	7
3812	1326	7
3813	1327	7
3814	1328	7
3815	1329	7
3816	1330	7
3817	1331	7
3818	1332	7
3819	1333	7
3820	1334	7
3821	1335	7
3822	1336	7
3823	1337	7
3824	1338	7
3825	1339	7
3826	1340	7
3827	1341	7
3828	1342	7
3829	1343	7
3830	1344	7
3831	1345	7
3832	1346	7
3833	1347	7
3834	1348	7
3835	1349	7
3836	1350	7
3837	1351	7
3838	1352	7
3839	1353	7
3840	1354	7
3841	1355	7
3842	1356	7
3843	1357	7
3844	1358	7
3845	1359	7
3846	1360	7
3847	1361	7
3848	1362	7
3849	1363	7
3850	1364	7
3851	1365	7
3852	1366	7
3853	1367	7
3854	1368	7
3855	1369	7
3856	1370	7
3857	1371	7
3858	1372	7
3859	1373	7
3860	1374	7
3861	1375	7
3862	1376	7
3863	1377	7
3864	1378	7
3865	1379	7
3866	1380	7
3867	1381	7
3868	1382	7
3869	306	7
3870	307	7
3871	3296	7
3872	308	7
3873	309	7
3874	310	7
3875	311	7
3876	3297	7
3877	312	7
3878	313	7
3879	314	7
3880	1725	7
3881	315	7
3882	316	7
3883	317	7
3884	318	7
3885	3298	7
3886	3299	7
3887	3300	7
3888	3301	7
3889	3302	7
3890	3303	7
3891	3304	7
3892	3305	7
3893	3306	7
3894	3307	7
3895	3308	7
3896	3309	7
3897	3310	7
3898	319	7
3899	320	7
3900	1726	7
3901	321	7
3902	322	7
3903	1727	7
3904	323	7
3905	324	7
3906	3311	7
3907	3312	7
3908	3313	7
3909	3314	7
3910	3315	7
3911	3316	7
3912	3317	7
3913	3318	7
3914	3319	7
3915	3320	7
3916	3321	7
3917	3322	7
3918	3323	7
3919	3324	7
3920	3325	7
3921	3326	7
3922	3327	7
3923	3328	7
3924	3329	7
3925	3330	7
3926	3331	7
3927	3332	7
3928	3333	7
3929	3334	7
3930	3335	7
3931	3336	7
3932	3337	7
3933	3338	7
3934	3339	7
3935	3340	7
3936	3341	7
3937	3342	7
3938	3343	7
3939	3344	7
3940	3345	7
3941	3346	7
3942	3347	7
3943	3348	7
3944	3349	7
3945	3350	7
3946	3351	7
3947	3352	7
3948	3353	7
3949	3354	7
3950	3355	7
3951	3356	7
3952	3357	7
3953	3358	7
3954	3359	7
3955	3360	7
3956	3361	7
3957	3362	7
3958	3363	7
3959	3364	7
3960	3365	7
3961	3366	7
3962	3367	7
3963	3368	7
3964	3369	7
3965	3370	7
3966	3371	7
3967	3372	7
3968	3373	7
3969	3374	7
3970	3375	7
3971	3376	7
3972	3377	7
3973	3378	7
3974	3379	7
3975	3380	7
3976	3381	7
3977	3382	7
3978	3383	7
3979	3384	7
3980	3385	7
3981	3386	7
3982	3387	7
3983	3388	7
3984	3389	7
3985	3390	7
3986	3391	7
3987	3392	7
3988	3393	7
3989	3394	7
3990	3395	7
3991	3396	7
3992	3397	7
3993	3398	7
3994	3399	7
3995	3400	7
3996	3401	7
3997	3402	7
3998	3403	7
3999	3404	7
4000	3405	7
4001	3406	7
4002	3407	7
4003	3408	7
4004	3409	7
4005	3410	7
4006	3411	7
4007	3412	7
4008	3413	7
4009	3414	7
4010	3415	7
4011	3416	7
4012	3417	7
4013	3418	7
4014	3419	7
4015	3420	7
4016	3421	7
4017	3422	7
4018	3423	7
4019	3424	7
4020	3425	7
4021	3426	7
4022	3427	7
4023	3428	7
4024	3429	7
4025	3430	7
4026	3431	7
4027	3432	7
4028	3433	7
4029	3434	7
4030	3435	7
4031	3436	7
4032	3437	7
4033	3438	7
4034	3439	7
4035	3440	7
4036	3441	7
4037	3442	7
4038	3443	7
4039	3444	7
4040	3445	7
4041	3446	7
4042	3447	7
4043	3448	7
4044	3449	7
4045	3450	7
4046	3451	7
4047	3452	7
4048	3453	7
4049	3454	7
4050	3455	7
4051	3456	7
4052	3457	7
4053	3458	7
4054	3459	7
4055	3460	7
4056	3461	7
4057	3462	7
4058	3463	7
4059	3464	7
4060	3465	7
4061	3466	7
4062	3467	7
4063	3468	7
4064	3469	7
4065	3470	7
4066	3471	7
4067	3472	7
4068	3473	7
4069	3474	7
4070	3475	7
4071	3476	7
4072	3477	7
4073	3478	7
4074	3479	7
4075	3480	7
4076	3481	7
4077	3482	7
4078	3483	7
4079	3484	7
4080	3485	7
4081	3486	7
4082	3487	7
4083	3488	7
4084	3489	7
4085	3490	7
4086	3491	7
4087	3492	7
4088	3493	7
4089	3494	7
4090	3495	7
4091	3496	7
4092	3497	7
4093	3498	7
4094	3499	7
4095	3500	7
4096	3501	7
4097	3502	7
4098	3503	7
4099	3504	7
4100	3505	7
4101	3506	7
4102	3507	7
4103	3508	7
4104	3509	7
4105	3510	7
4106	3511	7
4107	3512	7
4108	3513	7
4109	3514	7
4110	3515	7
4111	3516	7
4112	3517	7
4113	3518	7
4114	3519	7
4115	3520	7
4116	3521	7
4117	3522	7
4118	3523	7
4119	3524	7
4120	3525	7
4121	3526	7
4122	3527	7
4123	3528	7
4124	3529	7
4125	3530	7
4126	3531	7
4127	3532	7
4128	3533	7
4129	3534	7
4130	3535	7
4131	3536	7
4132	3537	7
4133	3538	7
4134	3539	7
4135	3540	7
4136	3541	7
4137	3542	7
4138	3543	7
4139	3544	7
4140	3545	7
4141	3546	7
4142	3547	7
4143	3548	7
4144	3549	7
4145	3550	7
4146	3551	7
4147	3552	7
4148	3553	7
4149	3554	7
4150	3555	7
4151	3556	7
4152	3557	7
4153	3558	7
4154	3559	7
4155	3560	7
4156	3561	7
4157	3562	7
4158	3563	7
4159	327	7
4160	1944	7
4161	328	7
4162	329	7
4163	3564	7
4164	3565	7
4165	3566	7
4166	3567	7
4167	3568	7
4168	3569	7
4169	3570	7
4170	3571	7
4171	3572	7
4172	3573	7
4173	3574	7
4174	3575	7
4175	3576	7
4176	3577	7
4177	3578	7
4178	3579	7
4179	3580	7
4180	3581	7
4181	3582	7
4182	3583	7
4183	3584	7
4184	3585	7
4185	3586	7
4186	3587	7
4187	3588	7
4188	3589	7
4189	3590	7
4190	3591	7
4191	3592	7
4192	2234	7
4193	2235	7
4194	2236	7
4195	2237	7
4196	2238	7
4197	2239	7
4198	2240	7
4199	2241	7
4200	2242	7
4201	2243	7
4202	2244	7
4203	2245	7
4204	2246	7
4205	2247	7
4206	2248	7
4207	2249	7
4208	2250	7
4209	2251	7
4210	2252	7
4211	2253	7
4212	2254	7
4213	2255	7
4214	2256	7
4215	2257	7
4216	2258	7
4217	2259	7
4218	2260	7
4219	2261	7
4220	2262	7
4221	2263	7
4222	2264	7
4223	2265	7
4224	2266	7
4225	2267	7
4226	2268	7
4227	2269	7
4228	2270	7
4229	2271	7
4230	2272	7
4231	2273	7
4232	2274	7
4233	2275	7
4234	2276	7
4235	2277	7
4236	2278	7
4237	2279	7
4238	2280	7
4239	2281	7
4240	2282	7
4241	2283	7
4242	2284	7
4243	2285	7
4244	2286	7
4245	2287	7
4246	2288	7
4247	2289	7
4248	2290	7
4249	2291	7
4250	2292	7
4251	2293	7
4252	2294	7
4253	2295	7
4254	2296	7
4255	2297	7
4256	2298	7
4257	2299	7
4258	2300	7
4259	2301	7
4260	2302	7
4261	2303	7
4262	2304	7
4263	2305	7
4264	2306	7
4265	2307	7
4266	2308	7
4267	2309	7
4268	2310	7
4269	2311	7
4270	2312	7
4271	2313	7
4272	2314	7
4273	2315	7
4274	2316	7
4275	2317	7
4276	2318	7
4277	2319	7
4278	2320	7
4279	2321	7
4280	2322	7
4281	2323	7
4282	2324	7
4283	2325	7
4284	2326	7
4285	2327	7
4286	2328	7
4287	2329	7
4288	2330	7
4289	2331	7
4290	2332	7
4291	2333	7
4292	2334	7
4293	2335	7
4294	2336	7
4295	2337	7
4296	2338	7
4297	2339	7
4298	2340	7
4299	2341	7
4300	2342	7
4301	2343	7
4302	2344	7
4303	2345	7
4304	2346	7
4305	2347	7
4306	2348	7
4307	2349	7
4308	2350	7
4309	2351	7
4310	2352	7
4311	2353	7
4312	2354	7
4313	2355	7
4314	2356	7
4315	2357	7
4316	2358	7
4317	2359	7
4318	2360	7
4319	2361	7
4320	2362	7
4321	2363	7
4322	2364	7
4323	2365	7
4324	2366	7
4325	2367	7
4326	2368	7
4327	2369	7
4328	2370	7
4329	2371	7
4330	2372	7
4331	2373	7
4332	2374	7
4333	2375	7
4334	2376	7
4335	2377	7
4336	2378	7
4337	2379	7
4338	2380	7
4339	331	7
4340	336	7
4341	608	7
4342	609	7
4343	610	7
4344	611	7
4345	612	7
4346	613	7
4347	3593	7
4348	3594	7
4349	3595	7
4350	3596	7
4351	3597	7
4352	3598	7
4353	3599	7
4354	3600	7
4355	3601	7
4356	3602	7
4357	3603	7
4358	3604	7
4359	3605	7
4360	3606	7
4361	3607	7
4362	3608	7
4363	3609	7
4364	3610	7
4365	3611	7
4366	3612	7
4367	3613	7
4368	3614	7
4369	3615	7
4370	3616	7
4371	3617	7
4372	3618	7
4373	3619	7
4374	3620	7
4375	3621	7
4376	3622	7
4377	3623	7
4378	3624	7
4379	3625	7
4380	3626	7
4381	3627	7
4382	3628	7
4383	3629	7
4384	3630	7
4385	3631	7
4386	3632	7
4387	3633	7
4388	3634	7
4389	3635	7
4390	3636	7
4391	3637	7
4392	3638	7
4393	3639	7
4394	3640	7
4395	3641	7
4396	3642	7
4397	3643	7
4398	3644	7
4399	3645	7
4400	3646	7
4401	3647	7
4402	3648	7
4403	3649	7
4404	3650	7
4405	3651	7
4406	3652	7
4407	3653	7
4408	3654	7
4409	3655	7
4410	3656	7
4411	3657	7
4412	3658	7
4413	3659	7
4414	3660	7
4415	3661	7
4416	3662	7
4417	3663	7
4418	3664	7
4419	3665	7
4420	3666	7
4421	3667	7
4422	3668	7
4423	3669	7
4424	3670	7
4425	3671	7
4426	3672	7
4427	3673	7
4428	3674	7
4429	3675	7
4430	3676	7
4431	3677	7
4432	3678	7
4433	3679	7
4434	3680	7
4435	3681	7
4436	3682	7
4437	3683	7
4438	3684	7
4439	3685	7
4440	3686	7
4441	3687	7
4442	3688	7
4443	3689	7
4444	3690	7
4445	3691	7
4446	3692	7
4447	3693	7
4448	3694	7
4449	3695	7
4450	3696	7
4451	3697	7
4452	2855	8
4453	2856	8
4454	2857	8
4455	2858	8
4456	2	8
4457	3	8
4458	3698	8
4459	4	8
4460	5	8
4461	3699	8
4462	6	8
4463	7	8
4464	8	8
4465	9	8
4466	10	8
4467	12	8
4468	619	8
4469	244	8
4470	245	8
4471	246	8
4472	2175	8
4473	285	8
4474	288	8
4475	289	8
4476	290	8
4477	291	8
4478	292	8
4479	293	8
4480	294	8
4481	295	8
4482	989	8
4483	296	8
4484	297	8
4485	298	8
4486	299	8
4487	300	8
4488	301	8
4489	302	8
4490	303	8
4491	304	8
4492	3700	8
4493	3701	8
4494	652	8
4495	308	8
4496	309	8
4497	310	8
4498	2230	8
4499	312	8
4500	313	8
4501	314	8
4502	315	8
4503	316	8
4504	317	8
4505	318	8
4506	319	8
4507	320	8
4508	321	8
4509	322	8
4510	3702	8
4511	323	8
4512	324	8
4513	326	8
4514	327	8
4515	3703	8
4516	328	8
4517	329	8
4518	3704	8
4519	1949	8
4520	1950	8
4521	1951	8
4522	1952	8
4523	1953	8
4524	1954	8
4525	1955	8
4526	1956	8
4527	1957	8
4528	1958	8
4529	1959	8
4530	1960	8
4531	1961	8
4532	1962	8
4533	1963	8
4534	1964	8
4535	1965	8
4536	1966	8
4537	1967	8
4538	1968	8
4539	1969	8
4540	1970	8
4541	1971	8
4542	1972	8
4543	1973	8
4544	1974	8
4545	1975	8
4546	1976	8
4547	1977	8
4548	1978	8
4549	1979	8
4550	1980	8
4551	1981	8
4552	1982	8
4553	1983	8
4554	1984	8
4555	1985	8
4556	1986	8
4557	1987	8
4558	1988	8
4559	1989	8
4560	1990	8
4561	1991	8
4562	1992	8
4563	1993	8
4564	1994	8
4565	1995	8
4566	1996	8
4567	1997	8
4568	1998	8
4569	1999	8
4570	2000	8
4571	2001	8
4572	2002	8
4573	2003	8
4574	2004	8
4575	2005	8
4576	2006	8
4577	2007	8
4578	2008	8
4579	2009	8
4580	2010	8
4581	2011	8
4582	2012	8
4583	2013	8
4584	2014	8
4585	2015	8
4586	2016	8
4587	2017	8
4588	2018	8
4589	2019	8
4590	2020	8
4591	2021	8
4592	2022	8
4593	2023	8
4594	2024	8
4595	2025	8
4596	2026	8
4597	2027	8
4598	2028	8
4599	2029	8
4600	2528	8
4601	2529	8
4602	2030	8
4603	2031	8
4604	2032	8
4605	2530	8
4606	2531	8
4607	2532	8
4608	2533	8
4609	2534	8
4610	2535	8
4611	2536	8
4612	2537	8
4613	2538	8
4614	2539	8
4615	2540	8
4616	2541	8
4617	2542	8
4618	2543	8
4619	2544	8
4620	2545	8
4621	2546	8
4622	2547	8
4623	2548	8
4624	2549	8
4625	2550	8
4626	2551	8
4627	2552	8
4628	2553	8
4629	2554	8
4630	2555	8
4631	2556	8
4632	2557	8
4633	2558	8
4634	2559	8
4635	2560	8
4636	2561	8
4637	2562	8
4638	2563	8
4639	2564	8
4640	2565	8
4641	2566	8
4642	2567	8
4643	2568	8
4644	2569	8
4645	2570	8
4646	2571	8
4647	2572	8
4648	2573	8
4649	2574	8
4650	2575	8
4651	2576	8
4652	2577	8
4653	2578	8
4654	2579	8
4655	2580	8
4656	2581	8
4657	2582	8
4658	2583	8
4659	2584	8
4660	2585	8
4661	2586	8
4662	2587	8
4663	2588	8
4664	2589	8
4665	2590	8
4666	2591	8
4667	2592	8
4668	2593	8
4669	2594	8
4670	2595	8
4671	2596	8
4672	2597	8
4673	2598	8
4674	2599	8
4675	2600	8
4676	2601	8
4677	2602	8
4678	2603	8
4679	2604	8
4680	2605	8
4681	2606	8
4682	2607	8
4683	2608	8
4684	2609	8
4685	2610	8
4686	2611	8
4687	2612	8
4688	2613	8
4689	2614	8
4690	2615	8
4691	2616	8
4692	2617	8
4693	2618	8
4694	2619	8
4695	2620	8
4696	2621	8
4697	2622	8
4698	2623	8
4699	2624	8
4700	2625	8
4701	2626	8
4702	2627	8
4703	2628	8
4704	2629	8
4705	2630	8
4706	2631	8
4707	2632	8
4708	2633	8
4709	2634	8
4710	2635	8
4711	2636	8
4712	2637	8
4713	2638	8
4714	2639	8
4715	2640	8
4716	2641	8
4717	2642	8
4718	2643	8
4719	2644	8
4720	2645	8
4721	2646	8
4722	2647	8
4723	2648	8
4724	2649	8
4725	2650	8
4726	2651	8
4727	2652	8
4728	2653	8
4729	2654	8
4730	2655	8
4731	2656	8
4732	2657	8
4733	2658	8
4734	2659	8
4735	3705	8
4736	336	8
4737	2449	8
4738	608	8
4739	609	8
4740	610	8
4741	3706	8
4742	3707	8
4743	611	8
4744	612	8
4745	613	8
4746	614	8
4747	615	8
4748	1	9
4749	2	9
4750	710	9
4751	5	9
4752	3708	9
4753	711	9
4754	3709	9
4755	712	9
4756	754	9
4757	12	9
4758	245	9
4759	755	9
4760	756	9
4761	757	9
4762	288	9
4763	758	9
4764	291	9
4765	988	9
4766	989	9
4767	990	9
4768	991	9
4769	3147	9
4770	1172	9
4771	298	9
4772	3710	9
4773	1281	9
4774	1282	9
4775	1283	9
4776	1284	9
4777	1306	9
4778	1307	9
4779	1308	9
4780	1309	9
4781	1310	9
4782	1311	9
4783	1312	9
4784	1313	9
4785	1314	9
4786	1315	9
4787	1316	9
4788	1317	9
4789	1318	9
4790	1319	9
4791	1320	9
4792	1321	9
4793	1322	9
4794	1323	9
4795	1324	9
4796	1325	9
4797	1326	9
4798	1327	9
4799	1328	9
4800	1335	9
4801	1336	9
4802	1337	9
4803	1338	9
4804	1339	9
4805	1340	9
4806	1341	9
4807	1342	9
4808	1343	9
4809	1344	9
4810	1345	9
4811	1346	9
4812	1347	9
4813	1348	9
4814	1349	9
4815	1364	9
4816	1365	9
4817	1366	9
4818	1367	9
4819	1368	9
4820	1369	9
4821	1370	9
4822	1371	9
4823	1372	9
4824	1373	9
4825	1374	9
4826	1375	9
4827	1376	9
4828	1381	9
4829	1382	9
4830	1383	9
4831	1384	9
4832	1386	9
4833	307	9
4834	3296	9
4835	308	9
4836	309	9
4837	310	9
4838	311	9
4839	3297	9
4840	312	9
4841	313	9
4842	314	9
4843	1725	9
4844	315	9
4845	3711	9
4846	316	9
4847	317	9
4848	318	9
4849	3712	9
4850	319	9
4851	320	9
4852	1726	9
4853	321	9
4854	322	9
4855	1727	9
4856	323	9
4857	324	9
4858	327	9
4859	1944	9
4860	328	9
4861	329	9
4862	331	9
4863	336	9
4864	608	9
4865	609	9
4866	610	9
4867	611	9
4868	612	9
4869	613	9
4870	3713	9
4871	3714	10
4872	3715	10
4873	3716	10
4874	3717	10
4875	3718	10
4876	3719	10
4877	3720	10
4878	3721	10
4879	3722	10
4880	3723	10
4881	3724	10
4882	3725	10
4883	3726	10
4884	3727	10
4885	3728	10
4886	3729	10
4887	3730	10
4888	3731	10
4889	3732	10
4890	3733	10
4891	3734	10
4892	3735	10
4893	3736	10
4894	3737	10
4895	3738	10
4896	3739	10
4897	3740	10
4898	3741	10
4899	3742	10
4900	3743	10
4901	3744	10
4902	3745	10
4903	3746	10
4904	3747	10
4905	3748	10
4906	3749	10
4907	3750	10
4908	3751	10
4909	3752	10
4910	3753	10
4911	3754	10
4912	3755	10
4913	3756	10
4914	3757	10
4915	3758	10
4916	3759	10
4917	3760	10
4918	3761	10
4919	3762	10
4920	3763	10
4921	3764	10
4922	3765	10
4923	3766	10
4924	3767	10
4925	3768	10
4926	3769	10
4927	3770	10
4928	3771	10
4929	3772	10
4930	3773	10
4931	3774	10
4932	3775	10
4933	3776	10
4934	3777	10
4935	3778	10
4936	3779	10
4937	3780	10
4938	3781	10
4939	3782	10
4940	3783	10
4941	3784	10
4942	3785	10
4943	3786	10
4944	3787	10
4945	3788	10
4946	3789	10
4947	3790	10
4948	3791	10
4949	3792	10
4950	3793	10
4951	3794	10
4952	3795	10
4953	3796	10
4954	3797	10
4955	3798	10
4956	3799	10
4957	3800	10
4958	3801	10
4959	3802	10
4960	3803	10
4961	3804	10
4962	3805	10
4963	3806	10
4964	3807	10
4965	3808	10
4966	3809	10
4967	3810	10
4968	3811	10
4969	3812	10
4970	3813	10
4971	3814	10
4972	3815	10
4973	3816	10
4974	3817	10
4975	3818	10
4976	3819	10
4977	3820	10
4978	3821	10
4979	3822	10
4980	3823	10
4981	3824	10
4982	3825	10
4983	3826	10
4984	3827	10
4985	3828	10
4986	3829	10
4987	3830	10
4988	3831	10
4989	3832	10
4990	3833	10
4991	3834	10
4992	3835	10
4993	3836	10
4994	3837	10
4995	3838	10
4996	3839	10
4997	3840	10
4998	3841	10
4999	3842	10
5000	3843	10
5001	3844	10
5002	3845	10
5003	3846	10
5004	3847	10
5005	3848	10
5006	3849	10
5007	3850	10
5008	3851	10
5009	3852	10
5010	3853	10
5011	3854	10
5012	3855	10
5013	3856	10
5014	3857	10
5015	3858	10
5016	3859	10
5017	3860	10
5018	3861	10
5019	3862	10
5020	3863	10
5021	3864	10
5022	3865	10
5023	3866	10
5024	3867	10
5025	3868	10
5026	3869	10
5027	3870	10
5028	3871	10
5029	3872	10
5030	3873	10
5031	3874	10
5032	3875	10
5033	3876	10
5034	3877	10
5035	3878	10
5036	3879	10
5037	3880	10
5038	3881	10
5039	3882	10
5040	3883	10
5041	3884	10
5042	3885	10
5043	3886	10
5044	3887	10
5045	3888	10
5046	3889	10
5047	3890	10
5048	3891	10
5049	3892	10
5050	3893	10
5051	3894	10
5052	3895	10
5053	3896	10
5054	3897	10
5055	3898	10
5056	3899	10
5057	3900	10
5058	3901	10
5059	3902	10
5060	3903	10
5061	3904	10
5062	3905	10
5063	3906	10
5064	3907	10
5065	3908	10
5066	3909	10
5067	3910	10
5068	3911	10
5069	3912	10
5070	3913	10
5071	3914	10
5072	3915	10
5073	3916	10
5074	3917	10
5075	3918	10
5076	3919	10
5077	3920	10
5078	3921	10
5079	3922	10
5080	3923	10
5081	3924	10
5082	3925	10
5083	3926	10
5084	3927	10
5085	3928	10
5086	3929	10
5087	3930	10
5088	3931	10
5089	4	10
5090	5	10
5091	6	10
5092	3932	10
5093	7	10
5094	3933	10
5095	3934	10
5096	3935	10
5097	2942	10
5098	3936	10
5099	2969	10
5100	2977	10
5101	3937	10
5102	3938	10
5103	3939	10
5104	8	10
5105	9	10
5106	3940	10
5107	3941	10
5108	11	10
5109	12	10
5110	619	10
5111	3942	10
5112	245	10
5113	246	10
5114	3943	10
5115	3944	10
5116	3945	10
5117	285	10
5118	288	10
5119	3946	10
5120	3947	10
5121	3948	10
5122	3949	10
5123	3950	10
5124	3951	10
5125	3952	10
5126	3953	10
5127	3954	10
5128	2220	10
5129	3955	10
5130	3956	10
5131	3957	10
5132	3958	10
5133	3959	10
5134	3960	10
5135	3961	10
5136	3962	10
5137	3963	10
5138	293	10
5139	3964	10
5140	3965	10
5141	3966	10
5142	3967	10
5143	3968	10
5144	3969	10
5145	3970	10
5146	3971	10
5147	3972	10
5148	3973	10
5149	3974	10
5150	3975	10
5151	3976	10
5152	3977	10
5153	3978	10
5154	3979	10
5155	3980	10
5156	3981	10
5157	3982	10
5158	3983	10
5159	3984	10
5160	3985	10
5161	3986	10
5162	3987	10
5163	3988	10
5164	3989	10
5165	3990	10
5166	3991	10
5167	3992	10
5168	3993	10
5169	3994	10
5170	3995	10
5171	3996	10
5172	3997	10
5173	3998	10
5174	3999	10
5175	4000	10
5176	4001	10
5177	4002	10
5178	4003	10
5179	4004	10
5180	4005	10
5181	4006	10
5182	4007	10
5183	4008	10
5184	4009	10
5185	4010	10
5186	4011	10
5187	4012	10
5188	4013	10
5189	4014	10
5190	4015	10
5191	4016	10
5192	4017	10
5193	4018	10
5194	4019	10
5195	4020	10
5196	4021	10
5197	4022	10
5198	4023	10
5199	4024	10
5200	4025	10
5201	4026	10
5202	4027	10
5203	4028	10
5204	4029	10
5205	4030	10
5206	4031	10
5207	4032	10
5208	4033	10
5209	4034	10
5210	4035	10
5211	4036	10
5212	4037	10
5213	4038	10
5214	4039	10
5215	4040	10
5216	4041	10
5217	4042	10
5218	4043	10
5219	4044	10
5220	4045	10
5221	4046	10
5222	4047	10
5223	4048	10
5224	4049	10
5225	4050	10
5226	4051	10
5227	4052	10
5228	4053	10
5229	4054	10
5230	4055	10
5231	4056	10
5232	4057	10
5233	4058	10
5234	4059	10
5235	4060	10
5236	4061	10
5237	4062	10
5238	4063	10
5239	4064	10
5240	4065	10
5241	4066	10
5242	4067	10
5243	4068	10
5244	4069	10
5245	4070	10
5246	4071	10
5247	992	10
5248	993	10
5249	994	10
5250	995	10
5251	4072	10
5252	4073	10
5253	299	10
5254	300	10
5255	301	10
5256	302	10
5257	303	10
5258	1419	10
5259	306	10
5260	307	10
5261	4074	10
5262	308	10
5263	309	10
5264	310	10
5265	4075	10
5266	1638	10
5267	312	10
5268	313	10
5269	314	10
5270	315	10
5271	316	10
5272	4076	10
5273	4077	10
5274	4078	10
5275	319	10
5276	320	10
5277	4079	10
5278	322	10
5279	4080	10
5280	4081	10
5281	4082	10
5282	4083	10
5283	4084	10
5284	4085	10
5285	4086	10
5286	4087	10
5287	4088	10
5288	324	10
5289	4089	10
5290	4090	10
5291	4091	10
5292	327	10
5293	4092	10
5294	329	10
5295	330	10
5296	331	10
5297	332	10
5298	333	10
5299	334	10
5300	2029	10
5301	336	10
5302	2710	10
5303	608	10
5304	609	10
5305	610	10
5306	611	10
5307	612	10
5308	613	10
5309	4093	10
5310	4094	10
5311	4095	10
5312	4096	10
5313	4097	10
5314	4098	10
5315	4099	10
5316	4100	10
5317	4101	10
5318	4102	10
5319	4103	10
5320	2855	11
5321	2856	11
5322	2857	11
5323	2858	11
5324	2859	11
5325	2860	11
5326	2861	11
5327	2862	11
5328	2863	11
5329	2864	11
5330	2865	11
5331	2866	11
5332	2867	11
5333	2868	11
5334	2869	11
5335	2870	11
5336	2871	11
5337	2872	11
5338	2873	11
5339	2874	11
5340	2875	11
5341	2876	11
5342	4104	11
5343	4105	11
5344	4106	11
5345	4107	11
5346	4108	11
5347	4109	11
5348	4110	11
5349	4111	11
5350	3715	11
5351	3716	11
5352	3717	11
5353	3718	11
5354	3719	11
5355	3720	11
5356	3721	11
5357	3722	11
5358	3723	11
5359	3724	11
5360	3725	11
5361	3726	11
5362	3727	11
5363	3728	11
5364	3729	11
5365	3730	11
5366	3731	11
5367	3732	11
5368	3733	11
5369	3734	11
5370	3735	11
5371	3736	11
5372	3737	11
5373	3738	11
5374	3739	11
5375	2	11
5376	4112	11
5377	4113	11
5378	710	11
5379	5	11
5380	4114	11
5381	711	11
5382	4115	11
5383	4116	11
5384	4117	11
5385	754	11
5386	4118	11
5387	12	11
5388	245	11
5389	4119	11
5390	4120	11
5391	4121	11
5392	4122	11
5393	4123	11
5394	4124	11
5395	756	11
5396	757	11
5397	288	11
5398	758	11
5399	291	11
5400	4125	11
5401	4126	11
5402	4127	11
5403	4128	11
5404	4129	11
5405	4130	11
5406	4131	11
5407	4132	11
5408	4133	11
5409	4134	11
5410	4135	11
5411	4136	11
5412	4137	11
5413	4138	11
5414	988	11
5415	989	11
5416	990	11
5417	4139	11
5418	4041	11
5419	4042	11
5420	4043	11
5421	1162	11
5422	1163	11
5423	1164	11
5424	3148	11
5425	298	11
5426	4140	11
5427	4141	11
5428	299	11
5429	300	11
5430	301	11
5431	306	11
5432	307	11
5433	3296	11
5434	308	11
5435	309	11
5436	310	11
5437	311	11
5438	3297	11
5439	312	11
5440	313	11
5441	314	11
5442	1725	11
5443	315	11
5444	4142	11
5445	317	11
5446	318	11
5447	4143	11
5448	319	11
5449	320	11
5450	1726	11
5451	321	11
5452	322	11
5453	1727	11
5454	323	11
5455	4144	11
5456	324	11
5457	327	11
5458	1944	11
5459	328	11
5460	329	11
5461	331	11
5462	336	11
5463	2751	11
5464	608	11
5465	609	11
5466	4145	11
5467	2826	11
5468	2827	11
5469	2828	11
5470	2829	11
5471	2830	11
5472	4146	11
5473	4147	11
5474	4148	11
5475	4149	11
5476	4150	11
5477	4151	11
5478	4152	11
5479	4153	11
5480	4154	11
5481	4155	11
5482	4156	11
5483	4157	11
5484	4158	11
5485	4159	11
5486	4160	11
5487	4161	11
5488	4162	11
5489	4163	11
5490	4164	11
5491	4165	11
5492	4166	11
5493	4167	11
5494	4168	11
5495	4169	11
5496	4170	11
5497	4171	11
5498	4172	11
5499	4173	11
5500	4174	11
5501	4175	11
5502	4176	11
5503	4177	11
5504	4178	11
5505	4179	11
5506	4180	11
5507	4181	11
5508	4182	11
5509	4183	11
5510	4184	11
5511	4185	11
5512	4186	11
5513	4187	11
5514	4188	11
5515	4189	11
5516	4190	11
5517	4191	11
5518	4192	11
5519	4193	11
5520	4194	11
5521	4195	11
5522	4196	11
5523	4197	11
5524	4198	11
5525	4199	11
5526	4200	11
5527	4201	11
5528	4202	11
5529	4203	11
5530	4204	11
5531	4205	11
5532	4206	11
5533	4207	11
5534	4208	11
5535	4209	11
5536	4210	11
5537	4211	11
5538	4212	11
5539	4213	11
5540	4214	11
5541	4215	11
5542	4216	11
5543	4217	11
5544	4218	11
5545	4219	11
5546	4220	11
5547	4221	11
5548	611	11
5549	612	11
5550	613	11
5551	4222	11
5552	4223	11
5553	4224	11
5554	4225	11
5555	4226	11
5556	4227	11
5557	4228	11
5558	4229	11
5559	4230	11
5560	3631	11
5561	3632	11
5562	3633	11
5563	3634	11
5564	3635	11
5565	3636	11
5566	3637	11
5567	3638	11
5568	3639	11
5569	3640	11
5570	3641	11
5571	3642	11
5572	3643	11
5573	3644	11
5574	3645	11
5575	3646	11
5576	3647	11
5577	3648	11
5578	3649	11
5579	3650	11
5580	3651	11
5581	3652	11
5582	3653	11
5583	3654	11
5584	3655	11
5585	3656	11
5586	3657	11
5587	3658	11
5588	3659	11
5589	3660	11
5590	3661	11
5591	3662	11
5592	3663	11
5593	3664	11
5594	3665	11
5595	3666	11
5596	3667	11
5597	3668	11
5598	3669	11
5599	3670	11
5600	3671	11
5601	3672	11
5602	3673	11
5603	3674	11
5604	3675	11
5605	3676	11
5606	3677	11
5607	3678	11
5608	3679	11
5609	3680	11
5610	3681	11
5611	3682	11
5612	3683	11
5613	3684	11
5614	3685	11
5615	3686	11
5616	3687	11
5617	3688	11
5618	3689	11
5619	3690	11
5620	3691	11
5621	3692	11
5622	3693	11
5623	3694	11
5624	3695	11
5625	3696	11
5626	3697	11
5627	4231	11
5628	2855	12
5629	2856	12
5630	2857	12
5631	2858	12
5632	2859	12
5633	2860	12
5634	2861	12
5635	2862	12
5636	2863	12
5637	2864	12
5638	2865	12
5639	2866	12
5640	2867	12
5641	2868	12
5642	2869	12
5643	2870	12
5644	2871	12
5645	2872	12
5646	2873	12
5647	2874	12
5648	2875	12
5649	2876	12
5650	4104	12
5651	4105	12
5652	4106	12
5653	4107	12
5654	4108	12
5655	4109	12
5656	4110	12
5657	4111	12
5658	3715	12
5659	3716	12
5660	2	12
5661	3	12
5662	4232	12
5663	2035	12
5664	4	12
5665	5	12
5666	6	12
5667	7	12
5668	8	12
5669	9	12
5670	10	12
5671	12	12
5672	619	12
5673	244	12
5674	245	12
5675	246	12
5676	4233	12
5677	2175	12
5678	2176	12
5679	4234	12
5680	285	12
5681	288	12
5682	289	12
5683	2224	12
5684	290	12
5685	291	12
5686	292	12
5687	293	12
5688	294	12
5689	295	12
5690	989	12
5691	296	12
5692	297	12
5693	298	12
5694	299	12
5695	300	12
5696	301	12
5697	302	12
5698	303	12
5699	304	12
5700	3700	12
5701	307	12
5702	652	12
5703	308	12
5704	309	12
5705	310	12
5706	2230	12
5707	312	12
5708	313	12
5709	314	12
5710	315	12
5711	316	12
5712	317	12
5713	318	12
5714	4235	12
5715	320	12
5716	321	12
5717	322	12
5718	323	12
5719	324	12
5720	326	12
5721	327	12
5722	3703	12
5723	328	12
5724	329	12
5725	4236	12
5726	2448	12
5727	336	12
5728	2449	12
5729	608	12
5730	609	12
5731	2450	12
5732	610	12
5733	611	12
5734	612	12
5735	613	12
5736	614	12
5737	615	12
5738	3661	12
5739	3662	12
5740	3663	12
5741	3664	12
5742	3665	12
5743	3666	12
5744	3667	12
5745	3668	12
5746	3669	12
5747	3670	12
5748	3671	12
5749	3672	12
5750	3673	12
5751	3674	12
5752	3675	12
5753	3676	12
5754	3677	12
5755	3678	12
5756	3679	12
5757	3680	12
5758	3681	12
5759	3682	12
5760	3683	12
5761	3684	12
5762	3685	12
5763	3686	12
5764	3687	12
5765	3688	12
5766	3689	12
5767	3690	12
5768	3691	12
5769	3692	12
5770	3693	12
5771	3694	12
5772	3695	12
5773	3696	12
5774	3697	12
\.


--
-- Data for Name: peptide; Type: TABLE DATA; Schema: public; Owner: -
--

COPY public.peptide (id, description, type, cds_id) FROM stdin;
\.


--
-- Data for Name: peptide_segment; Type: TABLE DATA; Schema: public; Owner: -
--

COPY public.peptide_segment (id, "order", start, "end", peptide_id, end_cds, start_cds) FROM stdin;
\.


--
-- Data for Name: processing_job; Type: TABLE DATA; Schema: public; Owner: -
--

COPY public.processing_job (id, job_name, status, entry_time) FROM stdin;
1	cli_681ce818-c06f-4b52-983f-b83b3a615b41_chunk1	C	2025-09-26 12:49:02.775387+00
2	cli_681ce818-c06f-4b52-983f-b83b3a615b41_chunk0	C	2025-09-26 12:49:22.534136+00
3	cli_prop_69024f66-6ded-4464-8ff1-5e2ccf723d83	C	2025-09-26 12:49:33.206446+00
4	cli_failed-job	F	2025-09-26 12:49:36.477588+00
5	cli_queue-job	Q	2025-09-26 12:49:36.529682+00
\.


--
-- Data for Name: property; Type: TABLE DATA; Schema: public; Owner: -
--

COPY public.property (id, name, datatype, querytype, description, "default") FROM stdin;
1	age	value_integer	\N	Age	\N
2	sequencing_reason	value_varchar	\N	Sampling reason	\N
3	euro	value_float	\N	Price	\N
4	sample_type	value_varchar	\N	Sample Type	\N
5	comments	value_varchar	\N	Comments	\N
\.


--
-- Data for Name: reference; Type: TABLE DATA; Schema: public; Owner: -
--

COPY public.reference (id, accession, description, organism, collection_date, country, db_xref, host, isolate, mol_type, name, translation_id) FROM stdin;
1	MN908947.3	(Wuhan-Hu-1/2019)	Severe acute respiratory syndrome coronavirus 2	2019-12-01	China	taxon:2697049	Homo sapiens	Wuhan-Hu-1	genomic RNA	/sonar/data/import/gbks/MN908947.nextclade.gb	1
\.


--
-- Data for Name: replicon; Type: TABLE DATA; Schema: public; Owner: -
--

COPY public.replicon (id, length, sequence, accession, description, type, segment_number, reference_id) FROM stdin;
1	29903	ATTAAAGGTTTATACCTTCCCAGGTAACAAACCAACCAACTTTCGATCTCTTGTAGATCTGTTCTCTAAACGAACTTTAAAATCTGTGTGGCTGTCACTCGGCTGCATGCTTAGTGCACTCACGCAGTATAATTAATAACTAATTACTGTCGTTGACAGGACACGAGTAACTCGTCTATCTTCTGCAGGCTGCTTACGGTTTCGTCCGTGTTGCAGCCGATCATCAGCACATCTAGGTTTCGTCCGGGTGTGACCGAAAGGTAAGATGGAGAGCCTTGTCCCTGGTTTCAACGAGAAAACACACGTCCAACTCAGTTTGCCTGTTTTACAGGTTCGCGACGTGCTCGTACGTGGCTTTGGAGACTCCGTGGAGGAGGTCTTATCAGAGGCACGTCAACATCTTAAAGATGGCACTTGTGGCTTAGTAGAAGTTGAAAAAGGCGTTTTGCCTCAACTTGAACAGCCCTATGTGTTCATCAAACGTTCGGATGCTCGAACTGCACCTCATGGTCATGTTATGGTTGAGCTGGTAGCAGAACTCGAAGGCATTCAGTACGGTCGTAGTGGTGAGACACTTGGTGTCCTTGTCCCTCATGTGGGCGAAATACCAGTGGCTTACCGCAAGGTTCTTCTTCGTAAGAACGGTAATAAAGGAGCTGGTGGCCATAGTTACGGCGCCGATCTAAAGTCATTTGACTTAGGCGACGAGCTTGGCACTGATCCTTATGAAGATTTTCAAGAAAACTGGAACACTAAACATAGCAGTGGTGTTACCCGTGAACTCATGCGTGAGCTTAACGGAGGGGCATACACTCGCTATGTCGATAACAACTTCTGTGGCCCTGATGGCTACCCTCTTGAGTGCATTAAAGACCTTCTAGCACGTGCTGGTAAAGCTTCATGCACTTTGTCCGAACAACTGGACTTTATTGACACTAAGAGGGGTGTATACTGCTGCCGTGAACATGAGCATGAAATTGCTTGGTACACGGAACGTTCTGAAAAGAGCTATGAATTGCAGACACCTTTTGAAATTAAATTGGCAAAGAAATTTGACACCTTCAATGGGGAATGTCCAAATTTTGTATTTCCCTTAAATTCCATAATCAAGACTATTCAACCAAGGGTTGAAAAGAAAAAGCTTGATGGCTTTATGGGTAGAATTCGATCTGTCTATCCAGTTGCGTCACCAAATGAATGCAACCAAATGTGCCTTTCAACTCTCATGAAGTGTGATCATTGTGGTGAAACTTCATGGCAGACGGGCGATTTTGTTAAAGCCACTTGCGAATTTTGTGGCACTGAGAATTTGACTAAAGAAGGTGCCACTACTTGTGGTTACTTACCCCAAAATGCTGTTGTTAAAATTTATTGTCCAGCATGTCACAATTCAGAAGTAGGACCTGAGCATAGTCTTGCCGAATACCATAATGAATCTGGCTTGAAAACCATTCTTCGTAAGGGTGGTCGCACTATTGCCTTTGGAGGCTGTGTGTTCTCTTATGTTGGTTGCCATAACAAGTGTGCCTATTGGGTTCCACGTGCTAGCGCTAACATAGGTTGTAACCATACAGGTGTTGTTGGAGAAGGTTCCGAAGGTCTTAATGACAACCTTCTTGAAATACTCCAAAAAGAGAAAGTCAACATCAATATTGTTGGTGACTTTAAACTTAATGAAGAGATCGCCATTATTTTGGCATCTTTTTCTGCTTCCACAAGTGCTTTTGTGGAAACTGTGAAAGGTTTGGATTATAAAGCATTCAAACAAATTGTTGAATCCTGTGGTAATTTTAAAGTTACAAAAGGAAAAGCTAAAAAAGGTGCCTGGAATATTGGTGAACAGAAATCAATACTGAGTCCTCTTTATGCATTTGCATCAGAGGCTGCTCGTGTTGTACGATCAATTTTCTCCCGCACTCTTGAAACTGCTCAAAATTCTGTGCGTGTTTTACAGAAGGCCGCTATAACAATACTAGATGGAATTTCACAGTATTCACTGAGACTCATTGATGCTATGATGTTCACATCTGATTTGGCTACTAACAATCTAGTTGTAATGGCCTACATTACAGGTGGTGTTGTTCAGTTGACTTCGCAGTGGCTAACTAACATCTTTGGCACTGTTTATGAAAAACTCAAACCCGTCCTTGATTGGCTTGAAGAGAAGTTTAAGGAAGGTGTAGAGTTTCTTAGAGACGGTTGGGAAATTGTTAAATTTATCTCAACCTGTGCTTGTGAAATTGTCGGTGGACAAATTGTCACCTGTGCAAAGGAAATTAAGGAGAGTGTTCAGACATTCTTTAAGCTTGTAAATAAATTTTTGGCTTTGTGTGCTGACTCTATCATTATTGGTGGAGCTAAACTTAAAGCCTTGAATTTAGGTGAAACATTTGTCACGCACTCAAAGGGATTGTACAGAAAGTGTGTTAAATCCAGAGAAGAAACTGGCCTACTCATGCCTCTAAAAGCCCCAAAAGAAATTATCTTCTTAGAGGGAGAAACACTTCCCACAGAAGTGTTAACAGAGGAAGTTGTCTTGAAAACTGGTGATTTACAACCATTAGAACAACCTACTAGTGAAGCTGTTGAAGCTCCATTGGTTGGTACACCAGTTTGTATTAACGGGCTTATGTTGCTCGAAATCAAAGACACAGAAAAGTACTGTGCCCTTGCACCTAATATGATGGTAACAAACAATACCTTCACACTCAAAGGCGGTGCACCAACAAAGGTTACTTTTGGTGATGACACTGTGATAGAAGTGCAAGGTTACAAGAGTGTGAATATCACTTTTGAACTTGATGAAAGGATTGATAAAGTACTTAATGAGAAGTGCTCTGCCTATACAGTTGAACTCGGTACAGAAGTAAATGAGTTCGCCTGTGTTGTGGCAGATGCTGTCATAAAAACTTTGCAACCAGTATCTGAATTACTTACACCACTGGGCATTGATTTAGATGAGTGGAGTATGGCTACATACTACTTATTTGATGAGTCTGGTGAGTTTAAATTGGCTTCACATATGTATTGTTCTTTCTACCCTCCAGATGAGGATGAAGAAGAAGGTGATTGTGAAGAAGAAGAGTTTGAGCCATCAACTCAATATGAGTATGGTACTGAAGATGATTACCAAGGTAAACCTTTGGAATTTGGTGCCACTTCTGCTGCTCTTCAACCTGAAGAAGAGCAAGAAGAAGATTGGTTAGATGATGATAGTCAACAAACTGTTGGTCAACAAGACGGCAGTGAGGACAATCAGACAACTACTATTCAAACAATTGTTGAGGTTCAACCTCAATTAGAGATGGAACTTACACCAGTTGTTCAGACTATTGAAGTGAATAGTTTTAGTGGTTATTTAAAACTTACTGACAATGTATACATTAAAAATGCAGACATTGTGGAAGAAGCTAAAAAGGTAAAACCAACAGTGGTTGTTAATGCAGCCAATGTTTACCTTAAACATGGAGGAGGTGTTGCAGGAGCCTTAAATAAGGCTACTAACAATGCCATGCAAGTTGAATCTGATGATTACATAGCTACTAATGGACCACTTAAAGTGGGTGGTAGTTGTGTTTTAAGCGGACACAATCTTGCTAAACACTGTCTTCATGTTGTCGGCCCAAATGTTAACAAAGGTGAAGACATTCAACTTCTTAAGAGTGCTTATGAAAATTTTAATCAGCACGAAGTTCTACTTGCACCATTATTATCAGCTGGTATTTTTGGTGCTGACCCTATACATTCTTTAAGAGTTTGTGTAGATACTGTTCGCACAAATGTCTACTTAGCTGTCTTTGATAAAAATCTCTATGACAAACTTGTTTCAAGCTTTTTGGAAATGAAGAGTGAAAAGCAAGTTGAACAAAAGATCGCTGAGATTCCTAAAGAGGAAGTTAAGCCATTTATAACTGAAAGTAAACCTTCAGTTGAACAGAGAAAACAAGATGATAAGAAAATCAAAGCTTGTGTTGAAGAAGTTACAACAACTCTGGAAGAAACTAAGTTCCTCACAGAAAACTTGTTACTTTATATTGACATTAATGGCAATCTTCATCCAGATTCTGCCACTCTTGTTAGTGACATTGACATCACTTTCTTAAAGAAAGATGCTCCATATATAGTGGGTGATGTTGTTCAAGAGGGTGTTTTAACTGCTGTGGTTATACCTACTAAAAAGGCTGGTGGCACTACTGAAATGCTAGCGAAAGCTTTGAGAAAAGTGCCAACAGACAATTATATAACCACTTACCCGGGTCAGGGTTTAAATGGTTACACTGTAGAGGAGGCAAAGACAGTGCTTAAAAAGTGTAAAAGTGCCTTTTACATTCTACCATCTATTATCTCTAATGAGAAGCAAGAAATTCTTGGAACTGTTTCTTGGAATTTGCGAGAAATGCTTGCACATGCAGAAGAAACACGCAAATTAATGCCTGTCTGTGTGGAAACTAAAGCCATAGTTTCAACTATACAGCGTAAATATAAGGGTATTAAAATACAAGAGGGTGTGGTTGATTATGGTGCTAGATTTTACTTTTACACCAGTAAAACAACTGTAGCGTCACTTATCAACACACTTAACGATCTAAATGAAACTCTTGTTACAATGCCACTTGGCTATGTAACACATGGCTTAAATTTGGAAGAAGCTGCTCGGTATATGAGATCTCTCAAAGTGCCAGCTACAGTTTCTGTTTCTTCACCTGATGCTGTTACAGCGTATAATGGTTATCTTACTTCTTCTTCTAAAACACCTGAAGAACATTTTATTGAAACCATCTCACTTGCTGGTTCCTATAAAGATTGGTCCTATTCTGGACAATCTACACAACTAGGTATAGAATTTCTTAAGAGAGGTGATAAAAGTGTATATTACACTAGTAATCCTACCACATTCCACCTAGATGGTGAAGTTATCACCTTTGACAATCTTAAGACACTTCTTTCTTTGAGAGAAGTGAGGACTATTAAGGTGTTTACAACAGTAGACAACATTAACCTCCACACGCAAGTTGTGGACATGTCAATGACATATGGACAACAGTTTGGTCCAACTTATTTGGATGGAGCTGATGTTACTAAAATAAAACCTCATAATTCACATGAAGGTAAAACATTTTATGTTTTACCTAATGATGACACTCTACGTGTTGAGGCTTTTGAGTACTACCACACAACTGATCCTAGTTTTCTGGGTAGGTACATGTCAGCATTAAATCACACTAAAAAGTGGAAATACCCACAAGTTAATGGTTTAACTTCTATTAAATGGGCAGATAACAACTGTTATCTTGCCACTGCATTGTTAACACTCCAACAAATAGAGTTGAAGTTTAATCCACCTGCTCTACAAGATGCTTATTACAGAGCAAGGGCTGGTGAAGCTGCTAACTTTTGTGCACTTATCTTAGCCTACTGTAATAAGACAGTAGGTGAGTTAGGTGATGTTAGAGAAACAATGAGTTACTTGTTTCAACATGCCAATTTAGATTCTTGCAAAAGAGTCTTGAACGTGGTGTGTAAAACTTGTGGACAACAGCAGACAACCCTTAAGGGTGTAGAAGCTGTTATGTACATGGGCACACTTTCTTATGAACAATTTAAGAAAGGTGTTCAGATACCTTGTACGTGTGGTAAACAAGCTACAAAATATCTAGTACAACAGGAGTCACCTTTTGTTATGATGTCAGCACCACCTGCTCAGTATGAACTTAAGCATGGTACATTTACTTGTGCTAGTGAGTACACTGGTAATTACCAGTGTGGTCACTATAAACATATAACTTCTAAAGAAACTTTGTATTGCATAGACGGTGCTTTACTTACAAAGTCCTCAGAATACAAAGGTCCTATTACGGATGTTTTCTACAAAGAAAACAGTTACACAACAACCATAAAACCAGTTACTTATAAATTGGATGGTGTTGTTTGTACAGAAATTGACCCTAAGTTGGACAATTATTATAAGAAAGACAATTCTTATTTCACAGAGCAACCAATTGATCTTGTACCAAACCAACCATATCCAAACGCAAGCTTCGATAATTTTAAGTTTGTATGTGATAATATCAAATTTGCTGATGATTTAAACCAGTTAACTGGTTATAAGAAACCTGCTTCAAGAGAGCTTAAAGTTACATTTTTCCCTGACTTAAATGGTGATGTGGTGGCTATTGATTATAAACACTACACACCCTCTTTTAAGAAAGGAGCTAAATTGTTACATAAACCTATTGTTTGGCATGTTAACAATGCAACTAATAAAGCCACGTATAAACCAAATACCTGGTGTATACGTTGTCTTTGGAGCACAAAACCAGTTGAAACATCAAATTCGTTTGATGTACTGAAGTCAGAGGACGCGCAGGGAATGGATAATCTTGCCTGCGAAGATCTAAAACCAGTCTCTGAAGAAGTAGTGGAAAATCCTACCATACAGAAAGACGTTCTTGAGTGTAATGTGAAAACTACCGAAGTTGTAGGAGACATTATACTTAAACCAGCAAATAATAGTTTAAAAATTACAGAAGAGGTTGGCCACACAGATCTAATGGCTGCTTATGTAGACAATTCTAGTCTTACTATTAAGAAACCTAATGAATTATCTAGAGTATTAGGTTTGAAAACCCTTGCTACTCATGGTTTAGCTGCTGTTAATAGTGTCCCTTGGGATACTATAGCTAATTATGCTAAGCCTTTTCTTAACAAAGTTGTTAGTACAACTACTAACATAGTTACACGGTGTTTAAACCGTGTTTGTACTAATTATATGCCTTATTTCTTTACTTTATTGCTACAATTGTGTACTTTTACTAGAAGTACAAATTCTAGAATTAAAGCATCTATGCCGACTACTATAGCAAAGAATACTGTTAAGAGTGTCGGTAAATTTTGTCTAGAGGCTTCATTTAATTATTTGAAGTCACCTAATTTTTCTAAACTGATAAATATTATAATTTGGTTTTTACTATTAAGTGTTTGCCTAGGTTCTTTAATCTACTCAACCGCTGCTTTAGGTGTTTTAATGTCTAATTTAGGCATGCCTTCTTACTGTACTGGTTACAGAGAAGGCTATTTGAACTCTACTAATGTCACTATTGCAACCTACTGTACTGGTTCTATACCTTGTAGTGTTTGTCTTAGTGGTTTAGATTCTTTAGACACCTATCCTTCTTTAGAAACTATACAAATTACCATTTCATCTTTTAAATGGGATTTAACTGCTTTTGGCTTAGTTGCAGAGTGGTTTTTGGCATATATTCTTTTCACTAGGTTTTTCTATGTACTTGGATTGGCTGCAATCATGCAATTGTTTTTCAGCTATTTTGCAGTACATTTTATTAGTAATTCTTGGCTTATGTGGTTAATAATTAATCTTGTACAAATGGCCCCGATTTCAGCTATGGTTAGAATGTACATCTTCTTTGCATCATTTTATTATGTATGGAAAAGTTATGTGCATGTTGTAGACGGTTGTAATTCATCAACTTGTATGATGTGTTACAAACGTAATAGAGCAACAAGAGTCGAATGTACAACTATTGTTAATGGTGTTAGAAGGTCCTTTTATGTCTATGCTAATGGAGGTAAAGGCTTTTGCAAACTACACAATTGGAATTGTGTTAATTGTGATACATTCTGTGCTGGTAGTACATTTATTAGTGATGAAGTTGCGAGAGACTTGTCACTACAGTTTAAAAGACCAATAAATCCTACTGACCAGTCTTCTTACATCGTTGATAGTGTTACAGTGAAGAATGGTTCCATCCATCTTTACTTTGATAAAGCTGGTCAAAAGACTTATGAAAGACATTCTCTCTCTCATTTTGTTAACTTAGACAACCTGAGAGCTAATAACACTAAAGGTTCATTGCCTATTAATGTTATAGTTTTTGATGGTAAATCAAAATGTGAAGAATCATCTGCAAAATCAGCGTCTGTTTACTACAGTCAGCTTATGTGTCAACCTATACTGTTACTAGATCAGGCATTAGTGTCTGATGTTGGTGATAGTGCGGAAGTTGCAGTTAAAATGTTTGATGCTTACGTTAATACGTTTTCATCAACTTTTAACGTACCAATGGAAAAACTCAAAACACTAGTTGCAACTGCAGAAGCTGAACTTGCAAAGAATGTGTCCTTAGACAATGTCTTATCTACTTTTATTTCAGCAGCTCGGCAAGGGTTTGTTGATTCAGATGTAGAAACTAAAGATGTTGTTGAATGTCTTAAATTGTCACATCAATCTGACATAGAAGTTACTGGCGATAGTTGTAATAACTATATGCTCACCTATAACAAAGTTGAAAACATGACACCCCGTGACCTTGGTGCTTGTATTGACTGTAGTGCGCGTCATATTAATGCGCAGGTAGCAAAAAGTCACAACATTGCTTTGATATGGAACGTTAAAGATTTCATGTCATTGTCTGAACAACTACGAAAACAAATACGTAGTGCTGCTAAAAAGAATAACTTACCTTTTAAGTTGACATGTGCAACTACTAGACAAGTTGTTAATGTTGTAACAACAAAGATAGCACTTAAGGGTGGTAAAATTGTTAATAATTGGTTGAAGCAGTTAATTAAAGTTACACTTGTGTTCCTTTTTGTTGCTGCTATTTTCTATTTAATAACACCTGTTCATGTCATGTCTAAACATACTGACTTTTCAAGTGAAATCATAGGATACAAGGCTATTGATGGTGGTGTCACTCGTGACATAGCATCTACAGATACTTGTTTTGCTAACAAACATGCTGATTTTGACACATGGTTTAGCCAGCGTGGTGGTAGTTATACTAATGACAAAGCTTGCCCATTGATTGCTGCAGTCATAACAAGAGAAGTGGGTTTTGTCGTGCCTGGTTTGCCTGGCACGATATTACGCACAACTAATGGTGACTTTTTGCATTTCTTACCTAGAGTTTTTAGTGCAGTTGGTAACATCTGTTACACACCATCAAAACTTATAGAGTACACTGACTTTGCAACATCAGCTTGTGTTTTGGCTGCTGAATGTACAATTTTTAAAGATGCTTCTGGTAAGCCAGTACCATATTGTTATGATACCAATGTACTAGAAGGTTCTGTTGCTTATGAAAGTTTACGCCCTGACACACGTTATGTGCTCATGGATGGCTCTATTATTCAATTTCCTAACACCTACCTTGAAGGTTCTGTTAGAGTGGTAACAACTTTTGATTCTGAGTACTGTAGGCACGGCACTTGTGAAAGATCAGAAGCTGGTGTTTGTGTATCTACTAGTGGTAGATGGGTACTTAACAATGATTATTACAGATCTTTACCAGGAGTTTTCTGTGGTGTAGATGCTGTAAATTTACTTACTAATATGTTTACACCACTAATTCAACCTATTGGTGCTTTGGACATATCAGCATCTATAGTAGCTGGTGGTATTGTAGCTATCGTAGTAACATGCCTTGCCTACTATTTTATGAGGTTTAGAAGAGCTTTTGGTGAATACAGTCATGTAGTTGCCTTTAATACTTTACTATTCCTTATGTCATTCACTGTACTCTGTTTAACACCAGTTTACTCATTCTTACCTGGTGTTTATTCTGTTATTTACTTGTACTTGACATTTTATCTTACTAATGATGTTTCTTTTTTAGCACATATTCAGTGGATGGTTATGTTCACACCTTTAGTACCTTTCTGGATAACAATTGCTTATATCATTTGTATTTCCACAAAGCATTTCTATTGGTTCTTTAGTAATTACCTAAAGAGACGTGTAGTCTTTAATGGTGTTTCCTTTAGTACTTTTGAAGAAGCTGCGCTGTGCACCTTTTTGTTAAATAAAGAAATGTATCTAAAGTTGCGTAGTGATGTGCTATTACCTCTTACGCAATATAATAGATACTTAGCTCTTTATAATAAGTACAAGTATTTTAGTGGAGCAATGGATACAACTAGCTACAGAGAAGCTGCTTGTTGTCATCTCGCAAAGGCTCTCAATGACTTCAGTAACTCAGGTTCTGATGTTCTTTACCAACCACCACAAACCTCTATCACCTCAGCTGTTTTGCAGAGTGGTTTTAGAAAAATGGCATTCCCATCTGGTAAAGTTGAGGGTTGTATGGTACAAGTAACTTGTGGTACAACTACACTTAACGGTCTTTGGCTTGATGACGTAGTTTACTGTCCAAGACATGTGATCTGCACCTCTGAAGACATGCTTAACCCTAATTATGAAGATTTACTCATTCGTAAGTCTAATCATAATTTCTTGGTACAGGCTGGTAATGTTCAACTCAGGGTTATTGGACATTCTATGCAAAATTGTGTACTTAAGCTTAAGGTTGATACAGCCAATCCTAAGACACCTAAGTATAAGTTTGTTCGCATTCAACCAGGACAGACTTTTTCAGTGTTAGCTTGTTACAATGGTTCACCATCTGGTGTTTACCAATGTGCTATGAGGCCCAATTTCACTATTAAGGGTTCATTCCTTAATGGTTCATGTGGTAGTGTTGGTTTTAACATAGATTATGACTGTGTCTCTTTTTGTTACATGCACCATATGGAATTACCAACTGGAGTTCATGCTGGCACAGACTTAGAAGGTAACTTTTATGGACCTTTTGTTGACAGGCAAACAGCACAAGCAGCTGGTACGGACACAACTATTACAGTTAATGTTTTAGCTTGGTTGTACGCTGCTGTTATAAATGGAGACAGGTGGTTTCTCAATCGATTTACCACAACTCTTAATGACTTTAACCTTGTGGCTATGAAGTACAATTATGAACCTCTAACACAAGACCATGTTGACATACTAGGACCTCTTTCTGCTCAAACTGGAATTGCCGTTTTAGATATGTGTGCTTCATTAAAAGAATTACTGCAAAATGGTATGAATGGACGTACCATATTGGGTAGTGCTTTATTAGAAGATGAATTTACACCTTTTGATGTTGTTAGACAATGCTCAGGTGTTACTTTCCAAAGTGCAGTGAAAAGAACAATCAAGGGTACACACCACTGGTTGTTACTCACAATTTTGACTTCACTTTTAGTTTTAGTCCAGAGTACTCAATGGTCTTTGTTCTTTTTTTTGTATGAAAATGCCTTTTTACCTTTTGCTATGGGTATTATTGCTATGTCTGCTTTTGCAATGATGTTTGTCAAACATAAGCATGCATTTCTCTGTTTGTTTTTGTTACCTTCTCTTGCCACTGTAGCTTATTTTAATATGGTCTATATGCCTGCTAGTTGGGTGATGCGTATTATGACATGGTTGGATATGGTTGATACTAGTTTGTCTGGTTTTAAGCTAAAAGACTGTGTTATGTATGCATCAGCTGTAGTGTTACTAATCCTTATGACAGCAAGAACTGTGTATGATGATGGTGCTAGGAGAGTGTGGACACTTATGAATGTCTTGACACTCGTTTATAAAGTTTATTATGGTAATGCTTTAGATCAAGCCATTTCCATGTGGGCTCTTATAATCTCTGTTACTTCTAACTACTCAGGTGTAGTTACAACTGTCATGTTTTTGGCCAGAGGTATTGTTTTTATGTGTGTTGAGTATTGCCCTATTTTCTTCATAACTGGTAATACACTTCAGTGTATAATGCTAGTTTATTGTTTCTTAGGCTATTTTTGTACTTGTTACTTTGGCCTCTTTTGTTTACTCAACCGCTACTTTAGACTGACTCTTGGTGTTTATGATTACTTAGTTTCTACACAGGAGTTTAGATATATGAATTCACAGGGACTACTCCCACCCAAGAATAGCATAGATGCCTTCAAACTCAACATTAAATTGTTGGGTGTTGGTGGCAAACCTTGTATCAAAGTAGCCACTGTACAGTCTAAAATGTCAGATGTAAAGTGCACATCAGTAGTCTTACTCTCAGTTTTGCAACAACTCAGAGTAGAATCATCATCTAAATTGTGGGCTCAATGTGTCCAGTTACACAATGACATTCTCTTAGCTAAAGATACTACTGAAGCCTTTGAAAAAATGGTTTCACTACTTTCTGTTTTGCTTTCCATGCAGGGTGCTGTAGACATAAACAAGCTTTGTGAAGAAATGCTGGACAACAGGGCAACCTTACAAGCTATAGCCTCAGAGTTTAGTTCCCTTCCATCATATGCAGCTTTTGCTACTGCTCAAGAAGCTTATGAGCAGGCTGTTGCTAATGGTGATTCTGAAGTTGTTCTTAAAAAGTTGAAGAAGTCTTTGAATGTGGCTAAATCTGAATTTGACCGTGATGCAGCCATGCAACGTAAGTTGGAAAAGATGGCTGATCAAGCTATGACCCAAATGTATAAACAGGCTAGATCTGAGGACAAGAGGGCAAAAGTTACTAGTGCTATGCAGACAATGCTTTTCACTATGCTTAGAAAGTTGGATAATGATGCACTCAACAACATTATCAACAATGCAAGAGATGGTTGTGTTCCCTTGAACATAATACCTCTTACAACAGCAGCCAAACTAATGGTTGTCATACCAGACTATAACACATATAAAAATACGTGTGATGGTACAACATTTACTTATGCATCAGCATTGTGGGAAATCCAACAGGTTGTAGATGCAGATAGTAAAATTGTTCAACTTAGTGAAATTAGTATGGACAATTCACCTAATTTAGCATGGCCTCTTATTGTAACAGCTTTAAGGGCCAATTCTGCTGTCAAATTACAGAATAATGAGCTTAGTCCTGTTGCACTACGACAGATGTCTTGTGCTGCCGGTACTACACAAACTGCTTGCACTGATGACAATGCGTTAGCTTACTACAACACAACAAAGGGAGGTAGGTTTGTACTTGCACTGTTATCCGATTTACAGGATTTGAAATGGGCTAGATTCCCTAAGAGTGATGGAACTGGTACTATCTATACAGAACTGGAACCACCTTGTAGGTTTGTTACAGACACACCTAAAGGTCCTAAAGTGAAGTATTTATACTTTATTAAAGGATTAAACAACCTAAATAGAGGTATGGTACTTGGTAGTTTAGCTGCCACAGTACGTCTACAAGCTGGTAATGCAACAGAAGTGCCTGCCAATTCAACTGTATTATCTTTCTGTGCTTTTGCTGTAGATGCTGCTAAAGCTTACAAAGATTATCTAGCTAGTGGGGGACAACCAATCACTAATTGTGTTAAGATGTTGTGTACACACACTGGTACTGGTCAGGCAATAACAGTTACACCGGAAGCCAATATGGATCAAGAATCCTTTGGTGGTGCATCGTGTTGTCTGTACTGCCGTTGCCACATAGATCATCCAAATCCTAAAGGATTTTGTGACTTAAAAGGTAAGTATGTACAAATACCTACAACTTGTGCTAATGACCCTGTGGGTTTTACACTTAAAAACACAGTCTGTACCGTCTGCGGTATGTGGAAAGGTTATGGCTGTAGTTGTGATCAACTCCGCGAACCCATGCTTCAGTCAGCTGATGCACAATCGTTTTTAAACGGGTTTGCGGTGTAAGTGCAGCCCGTCTTACACCGTGCGGCACAGGCACTAGTACTGATGTCGTATACAGGGCTTTTGACATCTACAATGATAAAGTAGCTGGTTTTGCTAAATTCCTAAAAACTAATTGTTGTCGCTTCCAAGAAAAGGACGAAGATGACAATTTAATTGATTCTTACTTTGTAGTTAAGAGACACACTTTCTCTAACTACCAACATGAAGAAACAATTTATAATTTACTTAAGGATTGTCCAGCTGTTGCTAAACATGACTTCTTTAAGTTTAGAATAGACGGTGACATGGTACCACATATATCACGTCAACGTCTTACTAAATACACAATGGCAGACCTCGTCTATGCTTTAAGGCATTTTGATGAAGGTAATTGTGACACATTAAAAGAAATACTTGTCACATACAATTGTTGTGATGATGATTATTTCAATAAAAAGGACTGGTATGATTTTGTAGAAAACCCAGATATATTACGCGTATACGCCAACTTAGGTGAACGTGTACGCCAAGCTTTGTTAAAAACAGTACAATTCTGTGATGCCATGCGAAATGCTGGTATTGTTGGTGTACTGACATTAGATAATCAAGATCTCAATGGTAACTGGTATGATTTCGGTGATTTCATACAAACCACGCCAGGTAGTGGAGTTCCTGTTGTAGATTCTTATTATTCATTGTTAATGCCTATATTAACCTTGACCAGGGCTTTAACTGCAGAGTCACATGTTGACACTGACTTAACAAAGCCTTACATTAAGTGGGATTTGTTAAAATATGACTTCACGGAAGAGAGGTTAAAACTCTTTGACCGTTATTTTAAATATTGGGATCAGACATACCACCCAAATTGTGTTAACTGTTTGGATGACAGATGCATTCTGCATTGTGCAAACTTTAATGTTTTATTCTCTACAGTGTTCCCACCTACAAGTTTTGGACCACTAGTGAGAAAAATATTTGTTGATGGTGTTCCATTTGTAGTTTCAACTGGATACCACTTCAGAGAGCTAGGTGTTGTACATAATCAGGATGTAAACTTACATAGCTCTAGACTTAGTTTTAAGGAATTACTTGTGTATGCTGCTGACCCTGCTATGCACGCTGCTTCTGGTAATCTATTACTAGATAAACGCACTACGTGCTTTTCAGTAGCTGCACTTACTAACAATGTTGCTTTTCAAACTGTCAAACCCGGTAATTTTAACAAAGACTTCTATGACTTTGCTGTGTCTAAGGGTTTCTTTAAGGAAGGAAGTTCTGTTGAATTAAAACACTTCTTCTTTGCTCAGGATGGTAATGCTGCTATCAGCGATTATGACTACTATCGTTATAATCTACCAACAATGTGTGATATCAGACAACTACTATTTGTAGTTGAAGTTGTTGATAAGTACTTTGATTGTTACGATGGTGGCTGTATTAATGCTAACCAAGTCATCGTCAACAACCTAGACAAATCAGCTGGTTTTCCATTTAATAAATGGGGTAAGGCTAGACTTTATTATGATTCAATGAGTTATGAGGATCAAGATGCACTTTTCGCATATACAAAACGTAATGTCATCCCTACTATAACTCAAATGAATCTTAAGTATGCCATTAGTGCAAAGAATAGAGCTCGCACCGTAGCTGGTGTCTCTATCTGTAGTACTATGACCAATAGACAGTTTCATCAAAAATTATTGAAATCAATAGCCGCCACTAGAGGAGCTACTGTAGTAATTGGAACAAGCAAATTCTATGGTGGTTGGCACAACATGTTAAAAACTGTTTATAGTGATGTAGAAAACCCTCACCTTATGGGTTGGGATTATCCTAAATGTGATAGAGCCATGCCTAACATGCTTAGAATTATGGCCTCACTTGTTCTTGCTCGCAAACATACAACGTGTTGTAGCTTGTCACACCGTTTCTATAGATTAGCTAATGAGTGTGCTCAAGTATTGAGTGAAATGGTCATGTGTGGCGGTTCACTATATGTTAAACCAGGTGGAACCTCATCAGGAGATGCCACAACTGCTTATGCTAATAGTGTTTTTAACATTTGTCAAGCTGTCACGGCCAATGTTAATGCACTTTTATCTACTGATGGTAACAAAATTGCCGATAAGTATGTCCGCAATTTACAACACAGACTTTATGAGTGTCTCTATAGAAATAGAGATGTTGACACAGACTTTGTGAATGAGTTTTACGCATATTTGCGTAAACATTTCTCAATGATGATACTCTCTGACGATGCTGTTGTGTGTTTCAATAGCACTTATGCATCTCAAGGTCTAGTGGCTAGCATAAAGAACTTTAAGTCAGTTCTTTATTATCAAAACAATGTTTTTATGTCTGAAGCAAAATGTTGGACTGAGACTGACCTTACTAAAGGACCTCATGAATTTTGCTCTCAACATACAATGCTAGTTAAACAGGGTGATGATTATGTGTACCTTCCTTACCCAGATCCATCAAGAATCCTAGGGGCCGGCTGTTTTGTAGATGATATCGTAAAAACAGATGGTACACTTATGATTGAACGGTTCGTGTCTTTAGCTATAGATGCTTACCCACTTACTAAACATCCTAATCAGGAGTATGCTGATGTCTTTCATTTGTACTTACAATACATAAGAAAGCTACATGATGAGTTAACAGGACACATGTTAGACATGTATTCTGTTATGCTTACTAATGATAACACTTCAAGGTATTGGGAACCTGAGTTTTATGAGGCTATGTACACACCGCATACAGTCTTACAGGCTGTTGGGGCTTGTGTTCTTTGCAATTCACAGACTTCATTAAGATGTGGTGCTTGCATACGTAGACCATTCTTATGTTGTAAATGCTGTTACGACCATGTCATATCAACATCACATAAATTAGTCTTGTCTGTTAATCCGTATGTTTGCAATGCTCCAGGTTGTGATGTCACAGATGTGACTCAACTTTACTTAGGAGGTATGAGCTATTATTGTAAATCACATAAACCACCCATTAGTTTTCCATTGTGTGCTAATGGACAAGTTTTTGGTTTATATAAAAATACATGTGTTGGTAGCGATAATGTTACTGACTTTAATGCAATTGCAACATGTGACTGGACAAATGCTGGTGATTACATTTTAGCTAACACCTGTACTGAAAGACTCAAGCTTTTTGCAGCAGAAACGCTCAAAGCTACTGAGGAGACATTTAAACTGTCTTATGGTATTGCTACTGTACGTGAAGTGCTGTCTGACAGAGAATTACATCTTTCATGGGAAGTTGGTAAACCTAGACCACCACTTAACCGAAATTATGTCTTTACTGGTTATCGTGTAACTAAAAACAGTAAAGTACAAATAGGAGAGTACACCTTTGAAAAAGGTGACTATGGTGATGCTGTTGTTTACCGAGGTACAACAACTTACAAATTAAATGTTGGTGATTATTTTGTGCTGACATCACATACAGTAATGCCATTAAGTGCACCTACACTAGTGCCACAAGAGCACTATGTTAGAATTACTGGCTTATACCCAACACTCAATATCTCAGATGAGTTTTCTAGCAATGTTGCAAATTATCAAAAGGTTGGTATGCAAAAGTATTCTACACTCCAGGGACCACCTGGTACTGGTAAGAGTCATTTTGCTATTGGCCTAGCTCTCTACTACCCTTCTGCTCGCATAGTGTATACAGCTTGCTCTCATGCCGCTGTTGATGCACTATGTGAGAAGGCATTAAAATATTTGCCTATAGATAAATGTAGTAGAATTATACCTGCACGTGCTCGTGTAGAGTGTTTTGATAAATTCAAAGTGAATTCAACATTAGAACAGTATGTCTTTTGTACTGTAAATGCATTGCCTGAGACGACAGCAGATATAGTTGTCTTTGATGAAATTTCAATGGCCACAAATTATGATTTGAGTGTTGTCAATGCCAGATTACGTGCTAAGCACTATGTGTACATTGGCGACCCTGCTCAATTACCTGCACCACGCACATTGCTAACTAAGGGCACACTAGAACCAGAATATTTCAATTCAGTGTGTAGACTTATGAAAACTATAGGTCCAGACATGTTCCTCGGAACTTGTCGGCGTTGTCCTGCTGAAATTGTTGACACTGTGAGTGCTTTGGTTTATGATAATAAGCTTAAAGCACATAAAGACAAATCAGCTCAATGCTTTAAAATGTTTTATAAGGGTGTTATCACGCATGATGTTTCATCTGCAATTAACAGGCCACAAATAGGCGTGGTAAGAGAATTCCTTACACGTAACCCTGCTTGGAGAAAAGCTGTCTTTATTTCACCTTATAATTCACAGAATGCTGTAGCCTCAAAGATTTTGGGACTACCAACTCAAACTGTTGATTCATCACAGGGCTCAGAATATGACTATGTCATATTCACTCAAACCACTGAAACAGCTCACTCTTGTAATGTAAACAGATTTAATGTTGCTATTACCAGAGCAAAAGTAGGCATACTTTGCATAATGTCTGATAGAGACCTTTATGACAAGTTGCAATTTACAAGTCTTGAAATTCCACGTAGGAATGTGGCAACTTTACAAGCTGAAAATGTAACAGGACTCTTTAAAGATTGTAGTAAGGTAATCACTGGGTTACATCCTACACAGGCACCTACACACCTCAGTGTTGACACTAAATTCAAAACTGAAGGTTTATGTGTTGACATACCTGGCATACCTAAGGACATGACCTATAGAAGACTCATCTCTATGATGGGTTTTAAAATGAATTATCAAGTTAATGGTTACCCTAACATGTTTATCACCCGCGAAGAAGCTATAAGACATGTACGTGCATGGATTGGCTTCGATGTCGAGGGGTGTCATGCTACTAGAGAAGCTGTTGGTACCAATTTACCTTTACAGCTAGGTTTTTCTACAGGTGTTAACCTAGTTGCTGTACCTACAGGTTATGTTGATACACCTAATAATACAGATTTTTCCAGAGTTAGTGCTAAACCACCGCCTGGAGATCAATTTAAACACCTCATACCACTTATGTACAAAGGACTTCCTTGGAATGTAGTGCGTATAAAGATTGTACAAATGTTAAGTGACACACTTAAAAATCTCTCTGACAGAGTCGTATTTGTCTTATGGGCACATGGCTTTGAGTTGACATCTATGAAGTATTTTGTGAAAATAGGACCTGAGCGCACCTGTTGTCTATGTGATAGACGTGCCACATGCTTTTCCACTGCTTCAGACACTTATGCCTGTTGGCATCATTCTATTGGATTTGATTACGTCTATAATCCGTTTATGATTGATGTTCAACAATGGGGTTTTACAGGTAACCTACAAAGCAACCATGATCTGTATTGTCAAGTCCATGGTAATGCACATGTAGCTAGTTGTGATGCAATCATGACTAGGTGTCTAGCTGTCCACGAGTGCTTTGTTAAGCGTGTTGACTGGACTATTGAATATCCTATAATTGGTGATGAACTGAAGATTAATGCGGCTTGTAGAAAGGTTCAACACATGGTTGTTAAAGCTGCATTATTAGCAGACAAATTCCCAGTTCTTCACGACATTGGTAACCCTAAAGCTATTAAGTGTGTACCTCAAGCTGATGTAGAATGGAAGTTCTATGATGCACAGCCTTGTAGTGACAAAGCTTATAAAATAGAAGAATTATTCTATTCTTATGCCACACATTCTGACAAATTCACAGATGGTGTATGCCTATTTTGGAATTGCAATGTCGATAGATATCCTGCTAATTCCATTGTTTGTAGATTTGACACTAGAGTGCTATCTAACCTTAACTTGCCTGGTTGTGATGGTGGCAGTTTGTATGTAAATAAACATGCATTCCACACACCAGCTTTTGATAAAAGTGCTTTTGTTAATTTAAAACAATTACCATTTTTCTATTACTCTGACAGTCCATGTGAGTCTCATGGAAAACAAGTAGTGTCAGATATAGATTATGTACCACTAAAGTCTGCTACGTGTATAACACGTTGCAATTTAGGTGGTGCTGTCTGTAGACATCATGCTAATGAGTACAGATTGTATCTCGATGCTTATAACATGATGATCTCAGCTGGCTTTAGCTTGTGGGTTTACAAACAATTTGATACTTATAACCTCTGGAACACTTTTACAAGACTTCAGAGTTTAGAAAATGTGGCTTTTAATGTTGTAAATAAGGGACACTTTGATGGACAACAGGGTGAAGTACCAGTTTCTATCATTAATAACACTGTTTACACAAAAGTTGATGGTGTTGATGTAGAATTGTTTGAAAATAAAACAACATTACCTGTTAATGTAGCATTTGAGCTTTGGGCTAAGCGCAACATTAAACCAGTACCAGAGGTGAAAATACTCAATAATTTGGGTGTGGACATTGCTGCTAATACTGTGATCTGGGACTACAAAAGAGATGCTCCAGCACATATATCTACTATTGGTGTTTGTTCTATGACTGACATAGCCAAGAAACCAACTGAAACGATTTGTGCACCACTCACTGTCTTTTTTGATGGTAGAGTTGATGGTCAAGTAGACTTATTTAGAAATGCCCGTAATGGTGTTCTTATTACAGAAGGTAGTGTTAAAGGTTTACAACCATCTGTAGGTCCCAAACAAGCTAGTCTTAATGGAGTCACATTAATTGGAGAAGCCGTAAAAACACAGTTCAATTATTATAAGAAAGTTGATGGTGTTGTCCAACAATTACCTGAAACTTACTTTACTCAGAGTAGAAATTTACAAGAATTTAAACCCAGGAGTCAAATGGAAATTGATTTCTTAGAATTAGCTATGGATGAATTCATTGAACGGTATAAATTAGAAGGCTATGCCTTCGAACATATCGTTTATGGAGATTTTAGTCATAGTCAGTTAGGTGGTTTACATCTACTGATTGGACTAGCTAAACGTTTTAAGGAATCACCTTTTGAATTAGAAGATTTTATTCCTATGGACAGTACAGTTAAAAACTATTTCATAACAGATGCGCAAACAGGTTCATCTAAGTGTGTGTGTTCTGTTATTGATTTATTACTTGATGATTTTGTTGAAATAATAAAATCCCAAGATTTATCTGTAGTTTCTAAGGTTGTCAAAGTGACTATTGACTATACAGAAATTTCATTTATGCTTTGGTGTAAAGATGGCCATGTAGAAACATTTTACCCAAAATTACAATCTAGTCAAGCGTGGCAACCGGGTGTTGCTATGCCTAATCTTTACAAAATGCAAAGAATGCTATTAGAAAAGTGTGACCTTCAAAATTATGGTGATAGTGCAACATTACCTAAAGGCATAATGATGAATGTCGCAAAATATACTCAACTGTGTCAATATTTAAACACATTAACATTAGCTGTACCCTATAATATGAGAGTTATACATTTTGGTGCTGGTTCTGATAAAGGAGTTGCACCAGGTACAGCTGTTTTAAGACAGTGGTTGCCTACGGGTACGCTGCTTGTCGATTCAGATCTTAATGACTTTGTCTCTGATGCAGATTCAACTTTGATTGGTGATTGTGCAACTGTACATACAGCTAATAAATGGGATCTCATTATTAGTGATATGTACGACCCTAAGACTAAAAATGTTACAAAAGAAAATGACTCTAAAGAGGGTTTTTTCACTTACATTTGTGGGTTTATACAACAAAAGCTAGCTCTTGGAGGTTCCGTGGCTATAAAGATAACAGAACATTCTTGGAATGCTGATCTTTATAAGCTCATGGGACACTTCGCATGGTGGACAGCCTTTGTTACTAATGTGAATGCGTCATCATCTGAAGCATTTTTAATTGGATGTAATTATCTTGGCAAACCACGCGAACAAATAGATGGTTATGTCATGCATGCAAATTACATATTTTGGAGGAATACAAATCCAATTCAGTTGTCTTCCTATTCTTTATTTGACATGAGTAAATTTCCCCTTAAATTAAGGGGTACTGCTGTTATGTCTTTAAAAGAAGGTCAAATCAATGATATGATTTTATCTCTTCTTAGTAAAGGTAGACTTATAATTAGAGAAAACAACAGAGTTGTTATTTCTAGTGATGTTCTTGTTAACAACTAAACGAACAATGTTTGTTTTTCTTGTTTTATTGCCACTAGTCTCTAGTCAGTGTGTTAATCTTACAACCAGAACTCAATTACCCCCTGCATACACTAATTCTTTCACACGTGGTGTTTATTACCCTGACAAAGTTTTCAGATCCTCAGTTTTACATTCAACTCAGGACTTGTTCTTACCTTTCTTTTCCAATGTTACTTGGTTCCATGCTATACATGTCTCTGGGACCAATGGTACTAAGAGGTTTGATAACCCTGTCCTACCATTTAATGATGGTGTTTATTTTGCTTCCACTGAGAAGTCTAACATAATAAGAGGCTGGATTTTTGGTACTACTTTAGATTCGAAGACCCAGTCCCTACTTATTGTTAATAACGCTACTAATGTTGTTATTAAAGTCTGTGAATTTCAATTTTGTAATGATCCATTTTTGGGTGTTTATTACCACAAAAACAACAAAAGTTGGATGGAAAGTGAGTTCAGAGTTTATTCTAGTGCGAATAATTGCACTTTTGAATATGTCTCTCAGCCTTTTCTTATGGACCTTGAAGGAAAACAGGGTAATTTCAAAAATCTTAGGGAATTTGTGTTTAAGAATATTGATGGTTATTTTAAAATATATTCTAAGCACACGCCTATTAATTTAGTGCGTGATCTCCCTCAGGGTTTTTCGGCTTTAGAACCATTGGTAGATTTGCCAATAGGTATTAACATCACTAGGTTTCAAACTTTACTTGCTTTACATAGAAGTTATTTGACTCCTGGTGATTCTTCTTCAGGTTGGACAGCTGGTGCTGCAGCTTATTATGTGGGTTATCTTCAACCTAGGACTTTTCTATTAAAATATAATGAAAATGGAACCATTACAGATGCTGTAGACTGTGCACTTGACCCTCTCTCAGAAACAAAGTGTACGTTGAAATCCTTCACTGTAGAAAAAGGAATCTATCAAACTTCTAACTTTAGAGTCCAACCAACAGAATCTATTGTTAGATTTCCTAATATTACAAACTTGTGCCCTTTTGGTGAAGTTTTTAACGCCACCAGATTTGCATCTGTTTATGCTTGGAACAGGAAGAGAATCAGCAACTGTGTTGCTGATTATTCTGTCCTATATAATTCCGCATCATTTTCCACTTTTAAGTGTTATGGAGTGTCTCCTACTAAATTAAATGATCTCTGCTTTACTAATGTCTATGCAGATTCATTTGTAATTAGAGGTGATGAAGTCAGACAAATCGCTCCAGGGCAAACTGGAAAGATTGCTGATTATAATTATAAATTACCAGATGATTTTACAGGCTGCGTTATAGCTTGGAATTCTAACAATCTTGATTCTAAGGTTGGTGGTAATTATAATTACCTGTATAGATTGTTTAGGAAGTCTAATCTCAAACCTTTTGAGAGAGATATTTCAACTGAAATCTATCAGGCCGGTAGCACACCTTGTAATGGTGTTGAAGGTTTTAATTGTTACTTTCCTTTACAATCATATGGTTTCCAACCCACTAATGGTGTTGGTTACCAACCATACAGAGTAGTAGTACTTTCTTTTGAACTTCTACATGCACCAGCAACTGTTTGTGGACCTAAAAAGTCTACTAATTTGGTTAAAAACAAATGTGTCAATTTCAACTTCAATGGTTTAACAGGCACAGGTGTTCTTACTGAGTCTAACAAAAAGTTTCTGCCTTTCCAACAATTTGGCAGAGACATTGCTGACACTACTGATGCTGTCCGTGATCCACAGACACTTGAGATTCTTGACATTACACCATGTTCTTTTGGTGGTGTCAGTGTTATAACACCAGGAACAAATACTTCTAACCAGGTTGCTGTTCTTTATCAGGATGTTAACTGCACAGAAGTCCCTGTTGCTATTCATGCAGATCAACTTACTCCTACTTGGCGTGTTTATTCTACAGGTTCTAATGTTTTTCAAACACGTGCAGGCTGTTTAATAGGGGCTGAACATGTCAACAACTCATATGAGTGTGACATACCCATTGGTGCAGGTATATGCGCTAGTTATCAGACTCAGACTAATTCTCCTCGGCGGGCACGTAGTGTAGCTAGTCAATCCATCATTGCCTACACTATGTCACTTGGTGCAGAAAATTCAGTTGCTTACTCTAATAACTCTATTGCCATACCCACAAATTTTACTATTAGTGTTACCACAGAAATTCTACCAGTGTCTATGACCAAGACATCAGTAGATTGTACAATGTACATTTGTGGTGATTCAACTGAATGCAGCAATCTTTTGTTGCAATATGGCAGTTTTTGTACACAATTAAACCGTGCTTTAACTGGAATAGCTGTTGAACAAGACAAAAACACCCAAGAAGTTTTTGCACAAGTCAAACAAATTTACAAAACACCACCAATTAAAGATTTTGGTGGTTTTAATTTTTCACAAATATTACCAGATCCATCAAAACCAAGCAAGAGGTCATTTATTGAAGATCTACTTTTCAACAAAGTGACACTTGCAGATGCTGGCTTCATCAAACAATATGGTGATTGCCTTGGTGATATTGCTGCTAGAGACCTCATTTGTGCACAAAAGTTTAACGGCCTTACTGTTTTGCCACCTTTGCTCACAGATGAAATGATTGCTCAATACACTTCTGCACTGTTAGCGGGTACAATCACTTCTGGTTGGACCTTTGGTGCAGGTGCTGCATTACAAATACCATTTGCTATGCAAATGGCTTATAGGTTTAATGGTATTGGAGTTACACAGAATGTTCTCTATGAGAACCAAAAATTGATTGCCAACCAATTTAATAGTGCTATTGGCAAAATTCAAGACTCACTTTCTTCCACAGCAAGTGCACTTGGAAAACTTCAAGATGTGGTCAACCAAAATGCACAAGCTTTAAACACGCTTGTTAAACAACTTAGCTCCAATTTTGGTGCAATTTCAAGTGTTTTAAATGATATCCTTTCACGTCTTGACAAAGTTGAGGCTGAAGTGCAAATTGATAGGTTGATCACAGGCAGACTTCAAAGTTTGCAGACATATGTGACTCAACAATTAATTAGAGCTGCAGAAATCAGAGCTTCTGCTAATCTTGCTGCTACTAAAATGTCAGAGTGTGTACTTGGACAATCAAAAAGAGTTGATTTTTGTGGAAAGGGCTATCATCTTATGTCCTTCCCTCAGTCAGCACCTCATGGTGTAGTCTTCTTGCATGTGACTTATGTCCCTGCACAAGAAAAGAACTTCACAACTGCTCCTGCCATTTGTCATGATGGAAAAGCACACTTTCCTCGTGAAGGTGTCTTTGTTTCAAATGGCACACACTGGTTTGTAACACAAAGGAATTTTTATGAACCACAAATCATTACTACAGACAACACATTTGTGTCTGGTAACTGTGATGTTGTAATAGGAATTGTCAACAACACAGTTTATGATCCTTTGCAACCTGAATTAGACTCATTCAAGGAGGAGTTAGATAAATATTTTAAGAATCATACATCACCAGATGTTGATTTAGGTGACATCTCTGGCATTAATGCTTCAGTTGTAAACATTCAAAAAGAAATTGACCGCCTCAATGAGGTTGCCAAGAATTTAAATGAATCTCTCATCGATCTCCAAGAACTTGGAAAGTATGAGCAGTATATAAAATGGCCATGGTACATTTGGCTAGGTTTTATAGCTGGCTTGATTGCCATAGTAATGGTGACAATTATGCTTTGCTGTATGACCAGTTGCTGTAGTTGTCTCAAGGGCTGTTGTTCTTGTGGATCCTGCTGCAAATTTGATGAAGACGACTCTGAGCCAGTGCTCAAAGGAGTCAAATTACATTACACATAAACGAACTTATGGATTTGTTTATGAGAATCTTCACAATTGGAACTGTAACTTTGAAGCAAGGTGAAATCAAGGATGCTACTCCTTCAGATTTTGTTCGCGCTACTGCAACGATACCGATACAAGCCTCACTCCCTTTCGGATGGCTTATTGTTGGCGTTGCACTTCTTGCTGTTTTTCAGAGCGCTTCCAAAATCATAACCCTCAAAAAGAGATGGCAACTAGCACTCTCCAAGGGTGTTCACTTTGTTTGCAACTTGCTGTTGTTGTTTGTAACAGTTTACTCACACCTTTTGCTCGTTGCTGCTGGCCTTGAAGCCCCTTTTCTCTATCTTTATGCTTTAGTCTACTTCTTGCAGAGTATAAACTTTGTAAGAATAATAATGAGGCTTTGGCTTTGCTGGAAATGCCGTTCCAAAAACCCATTACTTTATGATGCCAACTATTTTCTTTGCTGGCATACTAATTGTTACGACTATTGTATACCTTACAATAGTGTAACTTCTTCAATTGTCATTACTTCAGGTGATGGCACAACAAGTCCTATTTCTGAACATGACTACCAGATTGGTGGTTATACTGAAAAATGGGAATCTGGAGTAAAAGACTGTGTTGTATTACACAGTTACTTCACTTCAGACTATTACCAGCTGTACTCAACTCAATTGAGTACAGACACTGGTGTTGAACATGTTACCTTCTTCATCTACAATAAAATTGTTGATGAGCCTGAAGAACATGTCCAAATTCACACAATCGACGGTTCATCCGGAGTTGTTAATCCAGTAATGGAACCAATTTATGATGAACCGACGACGACTACTAGCGTGCCTTTGTAAGCACAAGCTGATGAGTACGAACTTATGTACTCATTCGTTTCGGAAGAGACAGGTACGTTAATAGTTAATAGCGTACTTCTTTTTCTTGCTTTCGTGGTATTCTTGCTAGTTACACTAGCCATCCTTACTGCGCTTCGATTGTGTGCGTACTGCTGCAATATTGTTAACGTGAGTCTTGTAAAACCTTCTTTTTACGTTTACTCTCGTGTTAAAAATCTGAATTCTTCTAGAGTTCCTGATCTTCTGGTCTAAACGAACTAAATATTATATTAGTTTTTCTGTTTGGAACTTTAATTTTAGCCATGGCAGATTCCAACGGTACTATTACCGTTGAAGAGCTTAAAAAGCTCCTTGAACAATGGAACCTAGTAATAGGTTTCCTATTCCTTACATGGATTTGTCTTCTACAATTTGCCTATGCCAACAGGAATAGGTTTTTGTATATAATTAAGTTAATTTTCCTCTGGCTGTTATGGCCAGTAACTTTAGCTTGTTTTGTGCTTGCTGCTGTTTACAGAATAAATTGGATCACCGGTGGAATTGCTATCGCAATGGCTTGTCTTGTAGGCTTGATGTGGCTCAGCTACTTCATTGCTTCTTTCAGACTGTTTGCGCGTACGCGTTCCATGTGGTCATTCAATCCAGAAACTAACATTCTTCTCAACGTGCCACTCCATGGCACTATTCTGACCAGACCGCTTCTAGAAAGTGAACTCGTAATCGGAGCTGTGATCCTTCGTGGACATCTTCGTATTGCTGGACACCATCTAGGACGCTGTGACATCAAGGACCTGCCTAAAGAAATCACTGTTGCTACATCACGAACGCTTTCTTATTACAAATTGGGAGCTTCGCAGCGTGTAGCAGGTGACTCAGGTTTTGCTGCATACAGTCGCTACAGGATTGGCAACTATAAATTAAACACAGACCATTCCAGTAGCAGTGACAATATTGCTTTGCTTGTACAGTAAGTGACAACAGATGTTTCATCTCGTTGACTTTCAGGTTACTATAGCAGAGATATTACTAATTATTATGAGGACTTTTAAAGTTTCCATTTGGAATCTTGATTACATCATAAACCTCATAATTAAAAATTTATCTAAGTCACTAACTGAGAATAAATATTCTCAATTAGATGAAGAGCAACCAATGGAGATTGATTAAACGAACATGAAAATTATTCTTTTCTTGGCACTGATAACACTCGCTACTTGTGAGCTTTATCACTACCAAGAGTGTGTTAGAGGTACAACAGTACTTTTAAAAGAACCTTGCTCTTCTGGAACATACGAGGGCAATTCACCATTTCATCCTCTAGCTGATAACAAATTTGCACTGACTTGCTTTAGCACTCAATTTGCTTTTGCTTGTCCTGACGGCGTAAAACACGTCTATCAGTTACGTGCCAGATCAGTTTCACCTAAACTGTTCATCAGACAAGAGGAAGTTCAAGAACTTTACTCTCCAATTTTTCTTATTGTTGCGGCAATAGTGTTTATAACACTTTGCTTCACACTCAAAAGAAAGACAGAATGATTGAACTTTCATTAATTGACTTCTATTTGTGCTTTTTAGCCTTTCTGCTATTCCTTGTTTTAATTATGCTTATTATCTTTTGGTTCTCACTTGAACTGCAAGATCATAATGAAACTTGTCACGCCTAAACGAACATGAAATTTCTTGTTTTCTTAGGAATCATCACAACTGTAGCTGCATTTCACCAAGAATGTAGTTTACAGTCATGTACTCAACATCAACCATATGTAGTTGATGACCCGTGTCCTATTCACTTCTATTCTAAATGGTATATTAGAGTAGGAGCTAGAAAATCAGCACCTTTAATTGAATTGTGCGTGGATGAGGCTGGTTCTAAATCACCCATTCAGTACATCGATATCGGTAATTATACAGTTTCCTGTTTACCTTTTACAATTAATTGCCAGGAACCTAAATTGGGTAGTCTTGTAGTGCGTTGTTCGTTCTATGAAGACTTTTTAGAGTATCATGACGTTCGTGTTGTTTTAGATTTCATCTAAACGAACAAACTAAAATGTCTGATAATGGACCCCAAAATCAGCGAAATGCACCCCGCATTACGTTTGGTGGACCCTCAGATTCAACTGGCAGTAACCAGAATGGAGAACGCAGTGGGGCGCGATCAAAACAACGTCGGCCCCAAGGTTTACCCAATAATACTGCGTCTTGGTTCACCGCTCTCACTCAACATGGCAAGGAAGACCTTAAATTCCCTCGAGGACAAGGCGTTCCAATTAACACCAATAGCAGTCCAGATGACCAAATTGGCTACTACCGAAGAGCTACCAGACGAATTCGTGGTGGTGACGGTAAAATGAAAGATCTCAGTCCAAGATGGTATTTCTACTACCTAGGAACTGGGCCAGAAGCTGGACTTCCCTATGGTGCTAACAAAGACGGCATCATATGGGTTGCAACTGAGGGAGCCTTGAATACACCAAAAGATCACATTGGCACCCGCAATCCTGCTAACAATGCTGCAATCGTGCTACAACTTCCTCAAGGAACAACATTGCCAAAAGGCTTCTACGCAGAAGGGAGCAGAGGCGGCAGTCAAGCCTCTTCTCGTTCCTCATCACGTAGTCGCAACAGTTCAAGAAATTCAACTCCAGGCAGCAGTAGGGGAACTTCTCCTGCTAGAATGGCTGGCAATGGCGGTGATGCTGCTCTTGCTTTGCTGCTGCTTGACAGATTGAACCAGCTTGAGAGCAAAATGTCTGGTAAAGGCCAACAACAACAAGGCCAAACTGTCACTAAGAAATCTGCTGCTGAGGCTTCTAAGAAGCCTCGGCAAAAACGTACTGCCACTAAAGCATACAATGTAACACAAGCTTTCGGCAGACGTGGTCCAGAACAAACCCAAGGAAATTTTGGGGACCAGGAACTAATCAGACAAGGAACTGATTACAAACATTGGCCGCAAATTGCACAATTTGCCCCCAGCGCTTCAGCGTTCTTCGGAATGTCGCGCATTGGCATGGAAGTCACACCTTCGGGAACGTGGTTGACCTACACAGGTGCCATCAAATTGGATGACAAAGATCCAAATTTCAAAGATCAAGTCATTTTGCTGAATAAGCATATTGACGCATACAAAACATTCCCACCAACAGAGCCTAAAAAGGACAAAAAGAAGAAGGCTGATGAAACTCAAGCCTTACCGCAGAGACAGAAGAAACAGCAAACTGTGACTCTTCTTCCTGCTGCAGATTTGGATGATTTCTCCAAACAATTGCAACAATCCATGAGCAGTGCTGACTCAACTCAGGCCTAAACTCATGCAGACCACACAAGGCAGATGGGCTATATAAACGTTTTCGCTTTTCCGTTTACGATATATAGTCTACTCTTGTGCAGAATGAATTCTCGTAACTACATAGCACAAGTAGATGTAGTTAACTTTAATCTCACATAGCAATCTTTAATCAGTGTGTAACATTAGGGAGGACTTGAAAGAGCCACCACATTTTCACCGAGGCCACGCGGAGTACGATCGAGTGTACAGTGAACAATGCTAGGGAGAGCTGCCTATATGGAAGAGCCCTAATGTGTAAAATTAATTTTAGTAGTGCTATCCCCATGTGATTTTAATAGCTTCTTAGGAGAATGACAAAAAAAAAAAAAAAAAAAAAAAAAAAAAAAAA	MN908947.3	(Wuhan-Hu-1/2019)	\N	\N	1
\.


--
-- Data for Name: sample; Type: TABLE DATA; Schema: public; Owner: -
--

COPY public.sample (id, name, datahash, collection_date, country, genome_completeness, host, lab, lineage, sequencing_tech, zip_code, init_upload_date, last_update_date, data_set) FROM stdin;
1	IMS-10150-CVDP-6EC46FD8-1FBA-427D-A559-411BCF94B679		2021-12-30	\N	\N	\N	DEMIS-SL-10150	AY.98	ILLUMINA	70771	2025-09-26 12:49:33.244801+00	2025-09-26 12:49:33.244502+00	\N
2	IMS-10023-CVDP-0E428B50-D29B-4173-97B4-D7575296CD84		2022-01-13	\N	\N	\N	DEMIS-SL-10023	BA.1	ILLUMINA	9221	2025-09-26 12:49:33.254137+00	2025-09-26 12:49:33.254+00	\N
3	IMS-10013-CVDP-A38AD576-D6B0-4585-9D11-38C4BAFE862D		2022-09-26	\N	\N	\N	DEMIS-SL-10013	BA.5.2	ILLUMINA	44799	2025-09-26 12:49:33.260432+00	2025-09-26 12:49:33.260298+00	\N
4	IMS-10259-CVDP-3A88C5D5-D88B-458A-9040-843D8CBCEA2D		2022-05-17	\N	\N	\N	DEMIS-SL-10259	BA.2	ILLUMINA	45147	2025-09-26 12:49:33.266317+00	2025-09-26 12:49:33.266189+00	\N
5	IMS-10150-CVDP-469B04EB-4D49-4109-9F81-0531CE275F6D		2022-03-07	\N	\N	\N	DEMIS-SL-10150	BA.1.1	ILLUMINA	92637	2025-09-26 12:49:33.272464+00	2025-09-26 12:49:33.272328+00	\N
6	IMS-10338-CVDP-BAF51380-B921-4701-98ED-8DAACF2C7D11		2021-12-30	\N	\N	\N	DEMIS-SL-10338	AY.4	ILLUMINA	60327	2025-09-26 12:49:33.278368+00	2025-09-26 12:49:33.278237+00	\N
7	IMS-10150-CVDP-C81AA5B8-AAF9-41C9-B64D-1EEBF0E9A01A		2022-01-11	\N	\N	\N	DEMIS-SL-10150	BA.1.17.2	ILLUMINA	51375	2025-09-26 12:49:33.301214+00	2025-09-26 12:49:33.300752+00	\N
8	IMS-10116-CVDP-77AB96B7-B9FB-46D6-B844-F9356151F2CA		2022-01-30	\N	\N	\N	DEMIS-SL-10116	BA.1.1	ILLUMINA	69126	2025-09-26 12:49:33.312366+00	2025-09-26 12:49:33.312178+00	\N
9	IMS-10280-CVDP-2A9F0F09-E708-4CB2-91E4-9CD5F68C9093		2022-06-10	\N	\N	\N	DEMIS-SL-10280	BA.2.36	ILLUMINA	16816	2025-09-26 12:49:33.320329+00	2025-09-26 12:49:33.320189+00	\N
10	IMS-10768-CVDP-0E69A26F-7AC0-4631-B0F3-192FF005FDA0		2023-01-18	\N	\N	\N		BA.5.2.6	ILLUMINA	65451	2025-09-26 12:49:33.326558+00	2025-09-26 12:49:33.326443+00	\N
11	IMS-10013-CVDP-7629957A-D507-442D-BD2A-18236F7DB38C		2022-06-18	\N	\N	\N	DEMIS-SL-10013	BA.5.3.1	ILLUMINA	4779	2025-09-26 12:49:33.331853+00	2025-09-26 12:49:33.331755+00	\N
12	IMS-10150-CVDP-E3D797D9-FF1A-4BE8-AE50-13E30B77E18A		2022-03-09	\N	\N	\N	DEMIS-SL-10150	BA.2.9	ILLUMINA	92637	2025-09-26 12:49:33.337154+00	2025-09-26 12:49:33.33705+00	\N
\.


--
-- Data for Name: sample2property; Type: TABLE DATA; Schema: public; Owner: -
--

COPY public.sample2property (id, value_integer, value_float, value_text, value_varchar, value_blob, value_date, value_zip, property_id, sample_id) FROM stdin;
1	\N	\N	\N	X	\N	\N	\N	2	1
2	\N	\N	\N	S002	\N	\N	\N	4	1
3	\N	91.46	\N	\N	\N	\N	\N	3	1
4	66	\N	\N	\N	\N	\N	\N	1	1
5	\N	\N	\N	The sound of thunder rumbled ominously in the distance, as dark clouds gathered overhead. A storm was brewing, casting an air of anticipation over the sleepy town.	\N	\N	\N	5	1
6	\N	\N	\N	N	\N	\N	\N	2	2
7	\N	\N	\N	S001	\N	\N	\N	4	2
8	\N	39.95	\N	\N	\N	\N	\N	3	2
9	52	\N	\N	\N	\N	\N	\N	1	2
10	\N	\N	\N	The curious case of the disappearing dessert: A culinary mystery involving vanished cakes, stolen cookies, and a trail of crumbs leading to a sweet tooth culprit.	\N	\N	\N	5	2
11	\N	\N	\N	N	\N	\N	\N	2	3
12	\N	\N	\N	S001	\N	\N	\N	4	3
13	\N	73.17	\N	\N	\N	\N	\N	3	3
14	84	\N	\N	\N	\N	\N	\N	1	3
15	\N	\N	\N	\N	\N	\N	\N	5	3
16	\N	\N	\N	N	\N	\N	\N	2	4
17	\N	\N	\N	S008	\N	\N	\N	4	4
18	\N	63.09	\N	\N	\N	\N	\N	3	4
19	99	\N	\N	\N	\N	\N	\N	1	4
20	\N	\N	\N	The culinary catastrophe: A kitchen comedy of errors featuring burnt toast, exploded souffls, and a rogue blender.	\N	\N	\N	5	4
21	\N	\N	\N	X	\N	\N	\N	2	5
22	\N	\N	\N	X	\N	\N	\N	4	5
23	\N	31.16	\N	\N	\N	\N	\N	3	5
24	18	\N	\N	\N	\N	\N	\N	1	5
25	\N	\N	\N	The curious case of the disappearing socks: A tale of mismatched mysteries and runaway laundry.	\N	\N	\N	5	5
26	\N	\N	\N	X	\N	\N	\N	2	6
27	\N	\N	\N	X	\N	\N	\N	4	6
28	\N	63.33	\N	\N	\N	\N	\N	3	6
29	48	\N	\N	\N	\N	\N	\N	1	6
30	\N	\N	\N	The legend of the haunted vending machine: A spooky tale of ghostly snacks, possessed buttons, and a craving for revenge.	\N	\N	\N	5	6
31	\N	\N	\N	X	\N	\N	\N	2	7
32	\N	\N	\N	S002	\N	\N	\N	4	7
33	\N	19.91	\N	\N	\N	\N	\N	3	7
34	91	\N	\N	\N	\N	\N	\N	1	7
35	\N	\N	\N	The curious case of the disappearing socks: A tale of mismatched mysteries and runaway laundry.	\N	\N	\N	5	7
36	\N	\N	\N	N	\N	\N	\N	2	8
37	\N	\N	\N	X	\N	\N	\N	4	8
38	\N	26.93	\N	\N	\N	\N	\N	3	8
39	79	\N	\N	\N	\N	\N	\N	1	8
40	\N	\N	\N	The laughter of children echoed through the playground, mingling with the sound of birdsong in the trees. It was a scene of pure joy and innocence, a reminder of the simple pleasures in life.	\N	\N	\N	5	8
41	\N	\N	\N	N	\N	\N	\N	2	9
42	\N	\N	\N	S002	\N	\N	\N	4	9
43	\N	66.11	\N	\N	\N	\N	\N	3	9
44	84	\N	\N	\N	\N	\N	\N	1	9
45	\N	\N	\N	The misadventures of Professor Forgetful: A forgettable tale of absent-minded antics and misplaced memories.	\N	\N	\N	5	9
46	\N	\N	\N	N	\N	\N	\N	2	10
47	\N	\N	\N	S002	\N	\N	\N	4	10
48	\N	1.47	\N	\N	\N	\N	\N	3	10
49	90	\N	\N	\N	\N	\N	\N	1	10
50	\N	\N	\N	The culinary catastrophe: A kitchen comedy of errors featuring burnt toast, exploded souffl?s, and a rogue blender.	\N	\N	\N	5	10
51	\N	\N	\N	N	\N	\N	\N	2	11
52	\N	\N	\N	S001	\N	\N	\N	4	11
53	\N	42.64	\N	\N	\N	\N	\N	3	11
54	83	\N	\N	\N	\N	\N	\N	1	11
55	\N	\N	\N	The epic battle of the sibling rivalry: A family feud featuring sibling showdowns, petty squabbles, and the quest for parental attention.	\N	\N	\N	5	11
56	\N	\N	\N	X	\N	\N	\N	2	12
57	\N	\N	\N	S002	\N	\N	\N	4	12
58	\N	2.47	\N	\N	\N	\N	\N	3	12
59	16	\N	\N	\N	\N	\N	\N	1	12
60	\N	\N	\N	The secret life of office plants: A documentary on the dramatic world of potted flora and their water cooler gossip.	\N	\N	\N	5	12
\.


--
-- Data for Name: sample_sequences; Type: TABLE DATA; Schema: public; Owner: -
--

COPY public.sample_sequences (id, sample_id, sequence_id) FROM stdin;
1	1	3
2	2	11
3	3	12
4	4	10
5	5	4
6	6	6
7	7	9
8	8	7
9	9	2
10	10	5
11	11	8
12	12	1
\.


--
-- Data for Name: sequence; Type: TABLE DATA; Schema: public; Owner: -
--

COPY public.sequence (id, seqhash, init_upload_date, last_update_date, length, name) FROM stdin;
1	dbff03a2fd359e7432785d96be7a9bce6c6e860d3165d2bbb82daa7aaaf4095f	2025-09-26 12:49:03.550949+00	2025-09-26 12:49:03.52552+00	29753	IMS-10150-CVDP-E3D797D9-FF1A-4BE8-AE50-13E30B77E18A
2	096c8366c9b1707603aa80e97d30d5e12bbac4f4f3135a7117dd8fc2c6ce7412	2025-09-26 12:49:03.553334+00	2025-09-26 12:49:03.552607+00	29729	IMS-10280-CVDP-2A9F0F09-E708-4CB2-91E4-9CD5F68C9093
3	9774da801f2026c33ac1f689907a6a20b9af9ddfa71a579826fa59dc89ace51b	2025-09-26 12:49:03.554759+00	2025-09-26 12:49:03.554147+00	29823	IMS-10150-CVDP-6EC46FD8-1FBA-427D-A559-411BCF94B679
4	d7adf70cb6b07449ffe8e204f9b16827da3a910bf1dccd328b6cea0656868d21	2025-09-26 12:49:03.555989+00	2025-09-26 12:49:03.555424+00	29752	IMS-10150-CVDP-469B04EB-4D49-4109-9F81-0531CE275F6D
5	51f1c4bfa1632fe6f5ee2c926bbc5597a55b657ecbf9d822f1e8b2e004c496e5	2025-09-26 12:49:03.557155+00	2025-09-26 12:49:03.556642+00	29436	IMS-10768-CVDP-0E69A26F-7AC0-4631-B0F3-192FF005FDA0
6	09b05391ed038a810f767e007b74bd5edb194508648b30a1fdce639474334365	2025-09-26 12:49:03.558282+00	2025-09-26 12:49:03.557781+00	29676	IMS-10338-CVDP-BAF51380-B921-4701-98ED-8DAACF2C7D11
7	d6d1b96148bfd60c68a181746e7865b8712f33f944fb7827c5ccfee8ab784646	2025-09-26 12:49:03.559624+00	2025-09-26 12:49:03.559062+00	29873	IMS-10116-CVDP-77AB96B7-B9FB-46D6-B844-F9356151F2CA
8	3c02255278ac729c0717621eb028cbd1d6db8fad2e9f9958a537d5a9fc61db37	2025-09-26 12:49:03.560926+00	2025-09-26 12:49:03.560253+00	29844	IMS-10013-CVDP-7629957A-D507-442D-BD2A-18236F7DB38C
9	38a733cce2808b474c22ab4f36c53a701d3159c1b02207bf90fdd7767ce65faa	2025-09-26 12:49:03.562102+00	2025-09-26 12:49:03.561614+00	29795	IMS-10150-CVDP-C81AA5B8-AAF9-41C9-B64D-1EEBF0E9A01A
10	07ec797792fe36854b13eff45da15002d1286c91dfbceffd3482767d82fdb6a1	2025-09-26 12:49:03.563418+00	2025-09-26 12:49:03.562836+00	29088	IMS-10259-CVDP-3A88C5D5-D88B-458A-9040-843D8CBCEA2D
11	969d9df12e15e943c929a0b950b35b4de9ffcb4c00f35f637fb0dcd44c5ce017	2025-09-26 12:49:03.564675+00	2025-09-26 12:49:03.564176+00	29901	IMS-10023-CVDP-0E428B50-D29B-4173-97B4-D7575296CD84
12	4a9b9a95ef99fefcdcad331f89fc4b005f431f5162afc953049f21381ed19d7e	2025-09-26 12:49:03.56581+00	2025-09-26 12:49:03.565274+00	29844	IMS-10013-CVDP-A38AD576-D6B0-4585-9D11-38C4BAFE862D
\.


--
-- Name: alignment_id_seq; Type: SEQUENCE SET; Schema: public; Owner: -
--

SELECT pg_catalog.setval('public.alignment_id_seq', 12, true);


--
-- Name: amino_acid_mutation_alignments_id_seq; Type: SEQUENCE SET; Schema: public; Owner: -
--

SELECT pg_catalog.setval('public.amino_acid_mutation_alignments_id_seq', 2188, true);


--
-- Name: amino_acid_mutation_id_seq; Type: SEQUENCE SET; Schema: public; Owner: -
--

SELECT pg_catalog.setval('public.amino_acid_mutation_id_seq', 1470, true);


--
-- Name: amino_acid_mutation_parent_id_seq; Type: SEQUENCE SET; Schema: public; Owner: -
--

SELECT pg_catalog.setval('public.amino_acid_mutation_parent_id_seq', 5148, true);


--
-- Name: annotation_type_id_seq; Type: SEQUENCE SET; Schema: public; Owner: -
--

SELECT pg_catalog.setval('public.annotation_type_id_seq', 465, true);


--
-- Name: annotation_type_mutations_id_seq; Type: SEQUENCE SET; Schema: public; Owner: -
--

SELECT pg_catalog.setval('public.annotation_type_mutations_id_seq', 465, true);


--
-- Name: auth_group_id_seq; Type: SEQUENCE SET; Schema: public; Owner: -
--

SELECT pg_catalog.setval('public.auth_group_id_seq', 1, false);


--
-- Name: auth_group_permissions_id_seq; Type: SEQUENCE SET; Schema: public; Owner: -
--

SELECT pg_catalog.setval('public.auth_group_permissions_id_seq', 1, false);


--
-- Name: auth_permission_id_seq; Type: SEQUENCE SET; Schema: public; Owner: -
--

SELECT pg_catalog.setval('public.auth_permission_id_seq', 112, true);


--
-- Name: auth_user_groups_id_seq; Type: SEQUENCE SET; Schema: public; Owner: -
--

SELECT pg_catalog.setval('public.auth_user_groups_id_seq', 1, false);


--
-- Name: auth_user_id_seq; Type: SEQUENCE SET; Schema: public; Owner: -
--

SELECT pg_catalog.setval('public.auth_user_id_seq', 1, false);


--
-- Name: auth_user_user_permissions_id_seq; Type: SEQUENCE SET; Schema: public; Owner: -
--

SELECT pg_catalog.setval('public.auth_user_user_permissions_id_seq', 1, false);


--
-- Name: cds_id_seq; Type: SEQUENCE SET; Schema: public; Owner: -
--

SELECT pg_catalog.setval('public.cds_id_seq', 12, true);


--
-- Name: cds_part_id_seq; Type: SEQUENCE SET; Schema: public; Owner: -
--

SELECT pg_catalog.setval('public.cds_part_id_seq', 12, true);


--
-- Name: child_element_id_seq; Type: SEQUENCE SET; Schema: public; Owner: -
--

SELECT pg_catalog.setval('public.child_element_id_seq', 12, true);


--
-- Name: django_admin_log_id_seq; Type: SEQUENCE SET; Schema: public; Owner: -
--

SELECT pg_catalog.setval('public.django_admin_log_id_seq', 1, false);


--
-- Name: django_apscheduler_djangojobexecution_id_seq; Type: SEQUENCE SET; Schema: public; Owner: -
--

SELECT pg_catalog.setval('public.django_apscheduler_djangojobexecution_id_seq', 1, false);


--
-- Name: django_content_type_id_seq; Type: SEQUENCE SET; Schema: public; Owner: -
--

SELECT pg_catalog.setval('public.django_content_type_id_seq', 28, true);


--
-- Name: django_migrations_id_seq; Type: SEQUENCE SET; Schema: public; Owner: -
--

SELECT pg_catalog.setval('public.django_migrations_id_seq', 101, true);


--
-- Name: file_processing_id_seq; Type: SEQUENCE SET; Schema: public; Owner: -
--

SELECT pg_catalog.setval('public.file_processing_id_seq', 3, true);


--
-- Name: gene_part_id_seq; Type: SEQUENCE SET; Schema: public; Owner: -
--

SELECT pg_catalog.setval('public.gene_part_id_seq', 12, true);


--
-- Name: import_log_id_seq; Type: SEQUENCE SET; Schema: public; Owner: -
--

SELECT pg_catalog.setval('public.import_log_id_seq', 3, true);


--
-- Name: lineage_id_seq; Type: SEQUENCE SET; Schema: public; Owner: -
--

SELECT pg_catalog.setval('public.lineage_id_seq', 84, true);


--
-- Name: nucleotide_mutation_alignments_id_seq; Type: SEQUENCE SET; Schema: public; Owner: -
--

SELECT pg_catalog.setval('public.nucleotide_mutation_alignments_id_seq', 5774, true);


--
-- Name: nucleotide_mutation_id_seq; Type: SEQUENCE SET; Schema: public; Owner: -
--

SELECT pg_catalog.setval('public.nucleotide_mutation_id_seq', 4236, true);


--
-- Name: peptide_id_seq; Type: SEQUENCE SET; Schema: public; Owner: -
--

SELECT pg_catalog.setval('public.peptide_id_seq', 1, false);


--
-- Name: peptide_part_id_seq; Type: SEQUENCE SET; Schema: public; Owner: -
--

SELECT pg_catalog.setval('public.peptide_part_id_seq', 1, false);


--
-- Name: processing_job_id_seq; Type: SEQUENCE SET; Schema: public; Owner: -
--

SELECT pg_catalog.setval('public.processing_job_id_seq', 5, true);


--
-- Name: property_id_seq; Type: SEQUENCE SET; Schema: public; Owner: -
--

SELECT pg_catalog.setval('public.property_id_seq', 5, true);


--
-- Name: reference_id_seq; Type: SEQUENCE SET; Schema: public; Owner: -
--

SELECT pg_catalog.setval('public.reference_id_seq', 1, true);


--
-- Name: replicon_id_seq; Type: SEQUENCE SET; Schema: public; Owner: -
--

SELECT pg_catalog.setval('public.replicon_id_seq', 1, true);


--
-- Name: sample2property_id_seq; Type: SEQUENCE SET; Schema: public; Owner: -
--

SELECT pg_catalog.setval('public.sample2property_id_seq', 60, true);


--
-- Name: sample_id_seq; Type: SEQUENCE SET; Schema: public; Owner: -
--

SELECT pg_catalog.setval('public.sample_id_seq', 12, true);


--
-- Name: sample_sequences_id_seq; Type: SEQUENCE SET; Schema: public; Owner: -
--

SELECT pg_catalog.setval('public.sample_sequences_id_seq', 12, true);


--
-- Name: sequence_id_seq; Type: SEQUENCE SET; Schema: public; Owner: -
--

SELECT pg_catalog.setval('public.sequence_id_seq', 12, true);


--
-- Name: alignment alignment_pkey; Type: CONSTRAINT; Schema: public; Owner: -
--

ALTER TABLE ONLY public.alignment
    ADD CONSTRAINT alignment_pkey PRIMARY KEY (id);


--
-- Name: amino_acid_mutation_alignments amino_acid_mutation_alig_aminoacidmutation_id_ali_cb35390d_uniq; Type: CONSTRAINT; Schema: public; Owner: -
--

ALTER TABLE ONLY public.amino_acid_mutation_alignments
    ADD CONSTRAINT amino_acid_mutation_alig_aminoacidmutation_id_ali_cb35390d_uniq UNIQUE (aminoacidmutation_id, alignment_id);


--
-- Name: amino_acid_mutation_alignments amino_acid_mutation_alignments_pkey; Type: CONSTRAINT; Schema: public; Owner: -
--

ALTER TABLE ONLY public.amino_acid_mutation_alignments
    ADD CONSTRAINT amino_acid_mutation_alignments_pkey PRIMARY KEY (id);


--
-- Name: amino_acid_mutation_parent amino_acid_mutation_pare_aminoacidmutation_id_nuc_7963ea79_uniq; Type: CONSTRAINT; Schema: public; Owner: -
--

ALTER TABLE ONLY public.amino_acid_mutation_parent
    ADD CONSTRAINT amino_acid_mutation_pare_aminoacidmutation_id_nuc_7963ea79_uniq UNIQUE (aminoacidmutation_id, nucleotidemutation_id);


--
-- Name: amino_acid_mutation_parent amino_acid_mutation_parent_pkey; Type: CONSTRAINT; Schema: public; Owner: -
--

ALTER TABLE ONLY public.amino_acid_mutation_parent
    ADD CONSTRAINT amino_acid_mutation_parent_pkey PRIMARY KEY (id);


--
-- Name: amino_acid_mutation amino_acid_mutation_pkey; Type: CONSTRAINT; Schema: public; Owner: -
--

ALTER TABLE ONLY public.amino_acid_mutation
    ADD CONSTRAINT amino_acid_mutation_pkey PRIMARY KEY (id);


--
-- Name: annotation_type_mutations annotation_type_mutation_annotationtype_id_nucleo_3b49db54_uniq; Type: CONSTRAINT; Schema: public; Owner: -
--

ALTER TABLE ONLY public.annotation_type_mutations
    ADD CONSTRAINT annotation_type_mutation_annotationtype_id_nucleo_3b49db54_uniq UNIQUE (annotationtype_id, nucleotidemutation_id);


--
-- Name: annotation_type_mutations annotation_type_mutations_pkey; Type: CONSTRAINT; Schema: public; Owner: -
--

ALTER TABLE ONLY public.annotation_type_mutations
    ADD CONSTRAINT annotation_type_mutations_pkey PRIMARY KEY (id);


--
-- Name: annotation_type annotation_type_pkey; Type: CONSTRAINT; Schema: public; Owner: -
--

ALTER TABLE ONLY public.annotation_type
    ADD CONSTRAINT annotation_type_pkey PRIMARY KEY (id);


--
-- Name: auth_group auth_group_name_key; Type: CONSTRAINT; Schema: public; Owner: -
--

ALTER TABLE ONLY public.auth_group
    ADD CONSTRAINT auth_group_name_key UNIQUE (name);


--
-- Name: auth_group_permissions auth_group_permissions_group_id_permission_id_0cd325b0_uniq; Type: CONSTRAINT; Schema: public; Owner: -
--

ALTER TABLE ONLY public.auth_group_permissions
    ADD CONSTRAINT auth_group_permissions_group_id_permission_id_0cd325b0_uniq UNIQUE (group_id, permission_id);


--
-- Name: auth_group_permissions auth_group_permissions_pkey; Type: CONSTRAINT; Schema: public; Owner: -
--

ALTER TABLE ONLY public.auth_group_permissions
    ADD CONSTRAINT auth_group_permissions_pkey PRIMARY KEY (id);


--
-- Name: auth_group auth_group_pkey; Type: CONSTRAINT; Schema: public; Owner: -
--

ALTER TABLE ONLY public.auth_group
    ADD CONSTRAINT auth_group_pkey PRIMARY KEY (id);


--
-- Name: auth_permission auth_permission_content_type_id_codename_01ab375a_uniq; Type: CONSTRAINT; Schema: public; Owner: -
--

ALTER TABLE ONLY public.auth_permission
    ADD CONSTRAINT auth_permission_content_type_id_codename_01ab375a_uniq UNIQUE (content_type_id, codename);


--
-- Name: auth_permission auth_permission_pkey; Type: CONSTRAINT; Schema: public; Owner: -
--

ALTER TABLE ONLY public.auth_permission
    ADD CONSTRAINT auth_permission_pkey PRIMARY KEY (id);


--
-- Name: auth_user_groups auth_user_groups_pkey; Type: CONSTRAINT; Schema: public; Owner: -
--

ALTER TABLE ONLY public.auth_user_groups
    ADD CONSTRAINT auth_user_groups_pkey PRIMARY KEY (id);


--
-- Name: auth_user_groups auth_user_groups_user_id_group_id_94350c0c_uniq; Type: CONSTRAINT; Schema: public; Owner: -
--

ALTER TABLE ONLY public.auth_user_groups
    ADD CONSTRAINT auth_user_groups_user_id_group_id_94350c0c_uniq UNIQUE (user_id, group_id);


--
-- Name: auth_user auth_user_pkey; Type: CONSTRAINT; Schema: public; Owner: -
--

ALTER TABLE ONLY public.auth_user
    ADD CONSTRAINT auth_user_pkey PRIMARY KEY (id);


--
-- Name: auth_user_user_permissions auth_user_user_permissions_pkey; Type: CONSTRAINT; Schema: public; Owner: -
--

ALTER TABLE ONLY public.auth_user_user_permissions
    ADD CONSTRAINT auth_user_user_permissions_pkey PRIMARY KEY (id);


--
-- Name: auth_user_user_permissions auth_user_user_permissions_user_id_permission_id_14a6b632_uniq; Type: CONSTRAINT; Schema: public; Owner: -
--

ALTER TABLE ONLY public.auth_user_user_permissions
    ADD CONSTRAINT auth_user_user_permissions_user_id_permission_id_14a6b632_uniq UNIQUE (user_id, permission_id);


--
-- Name: auth_user auth_user_username_key; Type: CONSTRAINT; Schema: public; Owner: -
--

ALTER TABLE ONLY public.auth_user
    ADD CONSTRAINT auth_user_username_key UNIQUE (username);


--
-- Name: cds cds_accession_key; Type: CONSTRAINT; Schema: public; Owner: -
--

ALTER TABLE ONLY public.cds
    ADD CONSTRAINT cds_accession_key UNIQUE (accession);


--
-- Name: cds_segment cds_part_pkey; Type: CONSTRAINT; Schema: public; Owner: -
--

ALTER TABLE ONLY public.cds_segment
    ADD CONSTRAINT cds_part_pkey PRIMARY KEY (id);


--
-- Name: cds cds_pkey; Type: CONSTRAINT; Schema: public; Owner: -
--

ALTER TABLE ONLY public.cds
    ADD CONSTRAINT cds_pkey PRIMARY KEY (id);


--
-- Name: gene child_element_pkey; Type: CONSTRAINT; Schema: public; Owner: -
--

ALTER TABLE ONLY public.gene
    ADD CONSTRAINT child_element_pkey PRIMARY KEY (id);


--
-- Name: django_admin_log django_admin_log_pkey; Type: CONSTRAINT; Schema: public; Owner: -
--

ALTER TABLE ONLY public.django_admin_log
    ADD CONSTRAINT django_admin_log_pkey PRIMARY KEY (id);


--
-- Name: django_apscheduler_djangojob django_apscheduler_djangojob_pkey; Type: CONSTRAINT; Schema: public; Owner: -
--

ALTER TABLE ONLY public.django_apscheduler_djangojob
    ADD CONSTRAINT django_apscheduler_djangojob_pkey PRIMARY KEY (id);


--
-- Name: django_apscheduler_djangojobexecution django_apscheduler_djangojobexecution_pkey; Type: CONSTRAINT; Schema: public; Owner: -
--

ALTER TABLE ONLY public.django_apscheduler_djangojobexecution
    ADD CONSTRAINT django_apscheduler_djangojobexecution_pkey PRIMARY KEY (id);


--
-- Name: django_content_type django_content_type_app_label_model_76bd3d3b_uniq; Type: CONSTRAINT; Schema: public; Owner: -
--

ALTER TABLE ONLY public.django_content_type
    ADD CONSTRAINT django_content_type_app_label_model_76bd3d3b_uniq UNIQUE (app_label, model);


--
-- Name: django_content_type django_content_type_pkey; Type: CONSTRAINT; Schema: public; Owner: -
--

ALTER TABLE ONLY public.django_content_type
    ADD CONSTRAINT django_content_type_pkey PRIMARY KEY (id);


--
-- Name: django_migrations django_migrations_pkey; Type: CONSTRAINT; Schema: public; Owner: -
--

ALTER TABLE ONLY public.django_migrations
    ADD CONSTRAINT django_migrations_pkey PRIMARY KEY (id);


--
-- Name: django_session django_session_pkey; Type: CONSTRAINT; Schema: public; Owner: -
--

ALTER TABLE ONLY public.django_session
    ADD CONSTRAINT django_session_pkey PRIMARY KEY (session_key);


--
-- Name: file_processing file_processing_file_name_key; Type: CONSTRAINT; Schema: public; Owner: -
--

ALTER TABLE ONLY public.file_processing
    ADD CONSTRAINT file_processing_file_name_key UNIQUE (file_name);


--
-- Name: file_processing file_processing_pkey; Type: CONSTRAINT; Schema: public; Owner: -
--

ALTER TABLE ONLY public.file_processing
    ADD CONSTRAINT file_processing_pkey PRIMARY KEY (id);


--
-- Name: gene_segment gene_part_pkey; Type: CONSTRAINT; Schema: public; Owner: -
--

ALTER TABLE ONLY public.gene_segment
    ADD CONSTRAINT gene_part_pkey PRIMARY KEY (id);


--
-- Name: import_log import_log_pkey; Type: CONSTRAINT; Schema: public; Owner: -
--

ALTER TABLE ONLY public.import_log
    ADD CONSTRAINT import_log_pkey PRIMARY KEY (id);


--
-- Name: lineage lineage_pkey; Type: CONSTRAINT; Schema: public; Owner: -
--

ALTER TABLE ONLY public.lineage
    ADD CONSTRAINT lineage_pkey PRIMARY KEY (id);


--
-- Name: nucleotide_mutation_alignments nucleotide_mutation_alig_nucleotidemutation_id_al_71d34c7b_uniq; Type: CONSTRAINT; Schema: public; Owner: -
--

ALTER TABLE ONLY public.nucleotide_mutation_alignments
    ADD CONSTRAINT nucleotide_mutation_alig_nucleotidemutation_id_al_71d34c7b_uniq UNIQUE (nucleotidemutation_id, alignment_id);


--
-- Name: nucleotide_mutation_alignments nucleotide_mutation_alignments_pkey; Type: CONSTRAINT; Schema: public; Owner: -
--

ALTER TABLE ONLY public.nucleotide_mutation_alignments
    ADD CONSTRAINT nucleotide_mutation_alignments_pkey PRIMARY KEY (id);


--
-- Name: nucleotide_mutation nucleotide_mutation_pkey; Type: CONSTRAINT; Schema: public; Owner: -
--

ALTER TABLE ONLY public.nucleotide_mutation
    ADD CONSTRAINT nucleotide_mutation_pkey PRIMARY KEY (id);


--
-- Name: peptide_segment peptide_part_pkey; Type: CONSTRAINT; Schema: public; Owner: -
--

ALTER TABLE ONLY public.peptide_segment
    ADD CONSTRAINT peptide_part_pkey PRIMARY KEY (id);


--
-- Name: peptide peptide_pkey; Type: CONSTRAINT; Schema: public; Owner: -
--

ALTER TABLE ONLY public.peptide
    ADD CONSTRAINT peptide_pkey PRIMARY KEY (id);


--
-- Name: processing_job processing_job_entry_time_a867758c_uniq; Type: CONSTRAINT; Schema: public; Owner: -
--

ALTER TABLE ONLY public.processing_job
    ADD CONSTRAINT processing_job_entry_time_a867758c_uniq UNIQUE (entry_time);


--
-- Name: processing_job processing_job_job_name_d910ea14_uniq; Type: CONSTRAINT; Schema: public; Owner: -
--

ALTER TABLE ONLY public.processing_job
    ADD CONSTRAINT processing_job_job_name_d910ea14_uniq UNIQUE (job_name);


--
-- Name: processing_job processing_job_pkey; Type: CONSTRAINT; Schema: public; Owner: -
--

ALTER TABLE ONLY public.processing_job
    ADD CONSTRAINT processing_job_pkey PRIMARY KEY (id);


--
-- Name: property property_name_key; Type: CONSTRAINT; Schema: public; Owner: -
--

ALTER TABLE ONLY public.property
    ADD CONSTRAINT property_name_key UNIQUE (name);


--
-- Name: property property_pkey; Type: CONSTRAINT; Schema: public; Owner: -
--

ALTER TABLE ONLY public.property
    ADD CONSTRAINT property_pkey PRIMARY KEY (id);


--
-- Name: reference reference_accession_key; Type: CONSTRAINT; Schema: public; Owner: -
--

ALTER TABLE ONLY public.reference
    ADD CONSTRAINT reference_accession_key UNIQUE (accession);


--
-- Name: reference reference_db_xref_key; Type: CONSTRAINT; Schema: public; Owner: -
--

ALTER TABLE ONLY public.reference
    ADD CONSTRAINT reference_db_xref_key UNIQUE (db_xref);


--
-- Name: reference reference_name_key; Type: CONSTRAINT; Schema: public; Owner: -
--

ALTER TABLE ONLY public.reference
    ADD CONSTRAINT reference_name_key UNIQUE (name);


--
-- Name: reference reference_pkey; Type: CONSTRAINT; Schema: public; Owner: -
--

ALTER TABLE ONLY public.reference
    ADD CONSTRAINT reference_pkey PRIMARY KEY (id);


--
-- Name: replicon replicon_accession_key; Type: CONSTRAINT; Schema: public; Owner: -
--

ALTER TABLE ONLY public.replicon
    ADD CONSTRAINT replicon_accession_key UNIQUE (accession);


--
-- Name: replicon replicon_pkey; Type: CONSTRAINT; Schema: public; Owner: -
--

ALTER TABLE ONLY public.replicon
    ADD CONSTRAINT replicon_pkey PRIMARY KEY (id);


--
-- Name: sample2property sample2property_pkey; Type: CONSTRAINT; Schema: public; Owner: -
--

ALTER TABLE ONLY public.sample2property
    ADD CONSTRAINT sample2property_pkey PRIMARY KEY (id);


--
-- Name: sample sample_name_key; Type: CONSTRAINT; Schema: public; Owner: -
--

ALTER TABLE ONLY public.sample
    ADD CONSTRAINT sample_name_key UNIQUE (name);


--
-- Name: sample sample_pkey; Type: CONSTRAINT; Schema: public; Owner: -
--

ALTER TABLE ONLY public.sample
    ADD CONSTRAINT sample_pkey PRIMARY KEY (id);


--
-- Name: sample_sequences sample_sequences_pkey; Type: CONSTRAINT; Schema: public; Owner: -
--

ALTER TABLE ONLY public.sample_sequences
    ADD CONSTRAINT sample_sequences_pkey PRIMARY KEY (id);


--
-- Name: sample_sequences sample_sequences_sample_id_sequence_id_3f7d8369_uniq; Type: CONSTRAINT; Schema: public; Owner: -
--

ALTER TABLE ONLY public.sample_sequences
    ADD CONSTRAINT sample_sequences_sample_id_sequence_id_3f7d8369_uniq UNIQUE (sample_id, sequence_id);


--
-- Name: sequence sequence_name_key; Type: CONSTRAINT; Schema: public; Owner: -
--

ALTER TABLE ONLY public.sequence
    ADD CONSTRAINT sequence_name_key UNIQUE (name);


--
-- Name: sequence sequence_pkey; Type: CONSTRAINT; Schema: public; Owner: -
--

ALTER TABLE ONLY public.sequence
    ADD CONSTRAINT sequence_pkey PRIMARY KEY (id);


--
-- Name: amino_acid_mutation unique_aa_mutation; Type: CONSTRAINT; Schema: public; Owner: -
--

ALTER TABLE ONLY public.amino_acid_mutation
    ADD CONSTRAINT unique_aa_mutation UNIQUE (ref, alt, start, "end", cds_id);


--
-- Name: alignment unique_alignment; Type: CONSTRAINT; Schema: public; Owner: -
--

ALTER TABLE ONLY public.alignment
    ADD CONSTRAINT unique_alignment UNIQUE (replicon_id, sequence_id);


--
-- Name: annotation_type unique_annotation; Type: CONSTRAINT; Schema: public; Owner: -
--

ALTER TABLE ONLY public.annotation_type
    ADD CONSTRAINT unique_annotation UNIQUE (seq_ontology, region, impact);


--
-- Name: cds_segment unique_cds_segment; Type: CONSTRAINT; Schema: public; Owner: -
--

ALTER TABLE ONLY public.cds_segment
    ADD CONSTRAINT unique_cds_segment UNIQUE (cds_id, "order");


--
-- Name: gene_segment unique_gene_segment; Type: CONSTRAINT; Schema: public; Owner: -
--

ALTER TABLE ONLY public.gene_segment
    ADD CONSTRAINT unique_gene_segment UNIQUE (gene_id, "order");


--
-- Name: import_log unique_import_log; Type: CONSTRAINT; Schema: public; Owner: -
--

ALTER TABLE ONLY public.import_log
    ADD CONSTRAINT unique_import_log UNIQUE (file_id, updated);


--
-- Name: django_apscheduler_djangojobexecution unique_job_executions; Type: CONSTRAINT; Schema: public; Owner: -
--

ALTER TABLE ONLY public.django_apscheduler_djangojobexecution
    ADD CONSTRAINT unique_job_executions UNIQUE (job_id, run_time);


--
-- Name: lineage unique_lineage; Type: CONSTRAINT; Schema: public; Owner: -
--

ALTER TABLE ONLY public.lineage
    ADD CONSTRAINT unique_lineage UNIQUE (name, parent_id);


--
-- Name: nucleotide_mutation unique_nt_mutation; Type: CONSTRAINT; Schema: public; Owner: -
--

ALTER TABLE ONLY public.nucleotide_mutation
    ADD CONSTRAINT unique_nt_mutation UNIQUE (ref, alt, start, "end", replicon_id);


--
-- Name: peptide_segment unique_peptide_segment; Type: CONSTRAINT; Schema: public; Owner: -
--

ALTER TABLE ONLY public.peptide_segment
    ADD CONSTRAINT unique_peptide_segment UNIQUE (peptide_id, "order");


--
-- Name: sample2property unique_property2sample; Type: CONSTRAINT; Schema: public; Owner: -
--

ALTER TABLE ONLY public.sample2property
    ADD CONSTRAINT unique_property2sample UNIQUE (property_id, sample_id);


--
-- Name: alignment_replico_f9eb6b_idx; Type: INDEX; Schema: public; Owner: -
--

CREATE INDEX alignment_replico_f9eb6b_idx ON public.alignment USING btree (replicon_id, sequence_id);


--
-- Name: alignment_replicon_id_68bc5c6d; Type: INDEX; Schema: public; Owner: -
--

CREATE INDEX alignment_replicon_id_68bc5c6d ON public.alignment USING btree (replicon_id);


--
-- Name: alignment_sequence_id_7c24bc6c; Type: INDEX; Schema: public; Owner: -
--

CREATE INDEX alignment_sequence_id_7c24bc6c ON public.alignment USING btree (sequence_id);


--
-- Name: amino_acid__alt_1cd2ff_idx; Type: INDEX; Schema: public; Owner: -
--

CREATE INDEX amino_acid__alt_1cd2ff_idx ON public.amino_acid_mutation USING btree (alt);


--
-- Name: amino_acid__cds_id_9e03a3_idx; Type: INDEX; Schema: public; Owner: -
--

CREATE INDEX amino_acid__cds_id_9e03a3_idx ON public.amino_acid_mutation USING btree (cds_id);


--
-- Name: amino_acid__end_e8901f_idx; Type: INDEX; Schema: public; Owner: -
--

CREATE INDEX amino_acid__end_e8901f_idx ON public.amino_acid_mutation USING btree ("end");


--
-- Name: amino_acid__ref_be60a6_idx; Type: INDEX; Schema: public; Owner: -
--

CREATE INDEX amino_acid__ref_be60a6_idx ON public.amino_acid_mutation USING btree (ref);


--
-- Name: amino_acid__start_11ae3a_idx; Type: INDEX; Schema: public; Owner: -
--

CREATE INDEX amino_acid__start_11ae3a_idx ON public.amino_acid_mutation USING btree (start);


--
-- Name: amino_acid_mutation_alignments_alignment_id_490a0674; Type: INDEX; Schema: public; Owner: -
--

CREATE INDEX amino_acid_mutation_alignments_alignment_id_490a0674 ON public.amino_acid_mutation_alignments USING btree (alignment_id);


--
-- Name: amino_acid_mutation_alignments_aminoacidmutation_id_2ee28a92; Type: INDEX; Schema: public; Owner: -
--

CREATE INDEX amino_acid_mutation_alignments_aminoacidmutation_id_2ee28a92 ON public.amino_acid_mutation_alignments USING btree (aminoacidmutation_id);


--
-- Name: amino_acid_mutation_cds_id_958e99ce; Type: INDEX; Schema: public; Owner: -
--

CREATE INDEX amino_acid_mutation_cds_id_958e99ce ON public.amino_acid_mutation USING btree (cds_id);


--
-- Name: amino_acid_mutation_parent_aminoacidmutation_id_7e97d480; Type: INDEX; Schema: public; Owner: -
--

CREATE INDEX amino_acid_mutation_parent_aminoacidmutation_id_7e97d480 ON public.amino_acid_mutation_parent USING btree (aminoacidmutation_id);


--
-- Name: amino_acid_mutation_parent_nucleotidemutation_id_28a89542; Type: INDEX; Schema: public; Owner: -
--

CREATE INDEX amino_acid_mutation_parent_nucleotidemutation_id_28a89542 ON public.amino_acid_mutation_parent USING btree (nucleotidemutation_id);


--
-- Name: annotation_type_mutations_annotationtype_id_70469db6; Type: INDEX; Schema: public; Owner: -
--

CREATE INDEX annotation_type_mutations_annotationtype_id_70469db6 ON public.annotation_type_mutations USING btree (annotationtype_id);


--
-- Name: annotation_type_mutations_nucleotidemutation_id_d7be6a9d; Type: INDEX; Schema: public; Owner: -
--

CREATE INDEX annotation_type_mutations_nucleotidemutation_id_d7be6a9d ON public.annotation_type_mutations USING btree (nucleotidemutation_id);


--
-- Name: auth_group_name_a6ea08ec_like; Type: INDEX; Schema: public; Owner: -
--

CREATE INDEX auth_group_name_a6ea08ec_like ON public.auth_group USING btree (name varchar_pattern_ops);


--
-- Name: auth_group_permissions_group_id_b120cbf9; Type: INDEX; Schema: public; Owner: -
--

CREATE INDEX auth_group_permissions_group_id_b120cbf9 ON public.auth_group_permissions USING btree (group_id);


--
-- Name: auth_group_permissions_permission_id_84c5c92e; Type: INDEX; Schema: public; Owner: -
--

CREATE INDEX auth_group_permissions_permission_id_84c5c92e ON public.auth_group_permissions USING btree (permission_id);


--
-- Name: auth_permission_content_type_id_2f476e4b; Type: INDEX; Schema: public; Owner: -
--

CREATE INDEX auth_permission_content_type_id_2f476e4b ON public.auth_permission USING btree (content_type_id);


--
-- Name: auth_user_groups_group_id_97559544; Type: INDEX; Schema: public; Owner: -
--

CREATE INDEX auth_user_groups_group_id_97559544 ON public.auth_user_groups USING btree (group_id);


--
-- Name: auth_user_groups_user_id_6a12ed8b; Type: INDEX; Schema: public; Owner: -
--

CREATE INDEX auth_user_groups_user_id_6a12ed8b ON public.auth_user_groups USING btree (user_id);


--
-- Name: auth_user_user_permissions_permission_id_1fbb5f2c; Type: INDEX; Schema: public; Owner: -
--

CREATE INDEX auth_user_user_permissions_permission_id_1fbb5f2c ON public.auth_user_user_permissions USING btree (permission_id);


--
-- Name: auth_user_user_permissions_user_id_a95ead1b; Type: INDEX; Schema: public; Owner: -
--

CREATE INDEX auth_user_user_permissions_user_id_a95ead1b ON public.auth_user_user_permissions USING btree (user_id);


--
-- Name: auth_user_username_6821ab7c_like; Type: INDEX; Schema: public; Owner: -
--

CREATE INDEX auth_user_username_6821ab7c_like ON public.auth_user USING btree (username varchar_pattern_ops);


--
-- Name: cds_accession_45a34bf9_like; Type: INDEX; Schema: public; Owner: -
--

CREATE INDEX cds_accession_45a34bf9_like ON public.cds USING btree (accession varchar_pattern_ops);


--
-- Name: cds_gene_id_1633d2f5; Type: INDEX; Schema: public; Owner: -
--

CREATE INDEX cds_gene_id_1633d2f5 ON public.cds USING btree (gene_id);


--
-- Name: cds_part_cds_id_ea505b45; Type: INDEX; Schema: public; Owner: -
--

CREATE INDEX cds_part_cds_id_ea505b45 ON public.cds_segment USING btree (cds_id);


--
-- Name: child_element_gene_accession_52ac9c05_like; Type: INDEX; Schema: public; Owner: -
--

CREATE INDEX child_element_gene_accession_52ac9c05_like ON public.gene USING btree (accession varchar_pattern_ops);


--
-- Name: collection_date_month_idx; Type: INDEX; Schema: public; Owner: -
--

CREATE INDEX collection_date_month_idx ON public.sample USING btree (EXTRACT(month FROM collection_date));


--
-- Name: collection_date_week_idx; Type: INDEX; Schema: public; Owner: -
--

CREATE INDEX collection_date_week_idx ON public.sample USING btree (EXTRACT(week FROM collection_date));


--
-- Name: collection_date_year_idx; Type: INDEX; Schema: public; Owner: -
--

CREATE INDEX collection_date_year_idx ON public.sample USING btree (EXTRACT(year FROM collection_date));


--
-- Name: django_admin_log_content_type_id_c4bce8eb; Type: INDEX; Schema: public; Owner: -
--

CREATE INDEX django_admin_log_content_type_id_c4bce8eb ON public.django_admin_log USING btree (content_type_id);


--
-- Name: django_admin_log_user_id_c564eba6; Type: INDEX; Schema: public; Owner: -
--

CREATE INDEX django_admin_log_user_id_c564eba6 ON public.django_admin_log USING btree (user_id);


--
-- Name: django_apscheduler_djangojob_next_run_time_2f022619; Type: INDEX; Schema: public; Owner: -
--

CREATE INDEX django_apscheduler_djangojob_next_run_time_2f022619 ON public.django_apscheduler_djangojob USING btree (next_run_time);


--
-- Name: django_apscheduler_djangojobexecution_job_id_daf5090a; Type: INDEX; Schema: public; Owner: -
--

CREATE INDEX django_apscheduler_djangojobexecution_job_id_daf5090a ON public.django_apscheduler_djangojobexecution USING btree (job_id);


--
-- Name: django_apscheduler_djangojobexecution_run_time_16edd96b; Type: INDEX; Schema: public; Owner: -
--

CREATE INDEX django_apscheduler_djangojobexecution_run_time_16edd96b ON public.django_apscheduler_djangojobexecution USING btree (run_time);


--
-- Name: django_session_expire_date_a5c62663; Type: INDEX; Schema: public; Owner: -
--

CREATE INDEX django_session_expire_date_a5c62663 ON public.django_session USING btree (expire_date);


--
-- Name: django_session_session_key_c0390e0f_like; Type: INDEX; Schema: public; Owner: -
--

CREATE INDEX django_session_session_key_c0390e0f_like ON public.django_session USING btree (session_key varchar_pattern_ops);


--
-- Name: file_processing_file_name_bacdccbd_like; Type: INDEX; Schema: public; Owner: -
--

CREATE INDEX file_processing_file_name_bacdccbd_like ON public.file_processing USING btree (file_name varchar_pattern_ops);


--
-- Name: file_processing_processing_job_id_46fcf01d; Type: INDEX; Schema: public; Owner: -
--

CREATE INDEX file_processing_processing_job_id_46fcf01d ON public.file_processing USING btree (processing_job_id);


--
-- Name: gene_part_gene_id_be41e83b; Type: INDEX; Schema: public; Owner: -
--

CREATE INDEX gene_part_gene_id_be41e83b ON public.gene_segment USING btree (gene_id);


--
-- Name: gene_replicon_id_7a0d0bd8; Type: INDEX; Schema: public; Owner: -
--

CREATE INDEX gene_replicon_id_7a0d0bd8 ON public.gene USING btree (replicon_id);


--
-- Name: import_log_file_id_7df8ad67; Type: INDEX; Schema: public; Owner: -
--

CREATE INDEX import_log_file_id_7df8ad67 ON public.import_log USING btree (file_id);


--
-- Name: import_log_file_id_7df8ad67_like; Type: INDEX; Schema: public; Owner: -
--

CREATE INDEX import_log_file_id_7df8ad67_like ON public.import_log USING btree (file_id varchar_pattern_ops);


--
-- Name: lineage_parent_id_332a5968; Type: INDEX; Schema: public; Owner: -
--

CREATE INDEX lineage_parent_id_332a5968 ON public.lineage USING btree (parent_id);


--
-- Name: nucleotide__alt_8605ca_idx; Type: INDEX; Schema: public; Owner: -
--

CREATE INDEX nucleotide__alt_8605ca_idx ON public.nucleotide_mutation USING btree (alt);


--
-- Name: nucleotide__end_003063_idx; Type: INDEX; Schema: public; Owner: -
--

CREATE INDEX nucleotide__end_003063_idx ON public.nucleotide_mutation USING btree ("end");


--
-- Name: nucleotide__ref_f7c83c_idx; Type: INDEX; Schema: public; Owner: -
--

CREATE INDEX nucleotide__ref_f7c83c_idx ON public.nucleotide_mutation USING btree (ref);


--
-- Name: nucleotide__start_6615b2_idx; Type: INDEX; Schema: public; Owner: -
--

CREATE INDEX nucleotide__start_6615b2_idx ON public.nucleotide_mutation USING btree (start);


--
-- Name: nucleotide_mutation_alignments_alignment_id_ca48460d; Type: INDEX; Schema: public; Owner: -
--

CREATE INDEX nucleotide_mutation_alignments_alignment_id_ca48460d ON public.nucleotide_mutation_alignments USING btree (alignment_id);


--
-- Name: nucleotide_mutation_alignments_nucleotidemutation_id_cab3b039; Type: INDEX; Schema: public; Owner: -
--

CREATE INDEX nucleotide_mutation_alignments_nucleotidemutation_id_cab3b039 ON public.nucleotide_mutation_alignments USING btree (nucleotidemutation_id);


--
-- Name: nucleotide_mutation_replicon_id_15a68443; Type: INDEX; Schema: public; Owner: -
--

CREATE INDEX nucleotide_mutation_replicon_id_15a68443 ON public.nucleotide_mutation USING btree (replicon_id);


--
-- Name: peptide_cds_id_f6e4c274; Type: INDEX; Schema: public; Owner: -
--

CREATE INDEX peptide_cds_id_f6e4c274 ON public.peptide USING btree (cds_id);


--
-- Name: peptide_part_peptide_id_0fa0b107; Type: INDEX; Schema: public; Owner: -
--

CREATE INDEX peptide_part_peptide_id_0fa0b107 ON public.peptide_segment USING btree (peptide_id);


--
-- Name: processing_job_job_name_d910ea14_like; Type: INDEX; Schema: public; Owner: -
--

CREATE INDEX processing_job_job_name_d910ea14_like ON public.processing_job USING btree (job_name varchar_pattern_ops);


--
-- Name: reference_db_xref_0f9dcc91_like; Type: INDEX; Schema: public; Owner: -
--

CREATE INDEX reference_db_xref_0f9dcc91_like ON public.reference USING btree (db_xref varchar_pattern_ops);


--
-- Name: reference_name_5a6362c2_like; Type: INDEX; Schema: public; Owner: -
--

CREATE INDEX reference_name_5a6362c2_like ON public.reference USING btree (name varchar_pattern_ops);


--
-- Name: replicon_accession_fb021954_like; Type: INDEX; Schema: public; Owner: -
--

CREATE INDEX replicon_accession_fb021954_like ON public.replicon USING btree (accession varchar_pattern_ops);


--
-- Name: replicon_reference_id_f0191358; Type: INDEX; Schema: public; Owner: -
--

CREATE INDEX replicon_reference_id_f0191358 ON public.replicon USING btree (reference_id);


--
-- Name: sample2property_property_id_c2180c6c; Type: INDEX; Schema: public; Owner: -
--

CREATE INDEX sample2property_property_id_c2180c6c ON public.sample2property USING btree (property_id);


--
-- Name: sample2property_sample_id_8576a658; Type: INDEX; Schema: public; Owner: -
--

CREATE INDEX sample2property_sample_id_8576a658 ON public.sample2property USING btree (sample_id);


--
-- Name: sample_collect_861c47_idx; Type: INDEX; Schema: public; Owner: -
--

CREATE INDEX sample_collect_861c47_idx ON public.sample USING btree (collection_date);


--
-- Name: sample_country_da3900_idx; Type: INDEX; Schema: public; Owner: -
--

CREATE INDEX sample_country_da3900_idx ON public.sample USING btree (country);


--
-- Name: sample_data_se_2b6d8f_idx; Type: INDEX; Schema: public; Owner: -
--

CREATE INDEX sample_data_se_2b6d8f_idx ON public.sample USING btree (data_set);


--
-- Name: sample_genome__ca4dc9_idx; Type: INDEX; Schema: public; Owner: -
--

CREATE INDEX sample_genome__ca4dc9_idx ON public.sample USING btree (genome_completeness);


--
-- Name: sample_host_ef80b0_idx; Type: INDEX; Schema: public; Owner: -
--

CREATE INDEX sample_host_ef80b0_idx ON public.sample USING btree (host);


--
-- Name: sample_init_up_6bdf99_idx; Type: INDEX; Schema: public; Owner: -
--

CREATE INDEX sample_init_up_6bdf99_idx ON public.sample USING btree (init_upload_date);


--
-- Name: sample_lab_f9c2e2_idx; Type: INDEX; Schema: public; Owner: -
--

CREATE INDEX sample_lab_f9c2e2_idx ON public.sample USING btree (lab);


--
-- Name: sample_last_up_5f4e06_idx; Type: INDEX; Schema: public; Owner: -
--

CREATE INDEX sample_last_up_5f4e06_idx ON public.sample USING btree (last_update_date);


--
-- Name: sample_lineage_1bf41c_idx; Type: INDEX; Schema: public; Owner: -
--

CREATE INDEX sample_lineage_1bf41c_idx ON public.sample USING btree (lineage);


--
-- Name: sample_name_be7a19_idx; Type: INDEX; Schema: public; Owner: -
--

CREATE INDEX sample_name_be7a19_idx ON public.sample USING btree (name);


--
-- Name: sample_sequenc_99b417_idx; Type: INDEX; Schema: public; Owner: -
--

CREATE INDEX sample_sequenc_99b417_idx ON public.sample USING btree (sequencing_tech);


--
-- Name: sample_sequences_sample_id_af37476f; Type: INDEX; Schema: public; Owner: -
--

CREATE INDEX sample_sequences_sample_id_af37476f ON public.sample_sequences USING btree (sample_id);


--
-- Name: sample_sequences_sequence_id_30d23a2c; Type: INDEX; Schema: public; Owner: -
--

CREATE INDEX sample_sequences_sequence_id_30d23a2c ON public.sample_sequences USING btree (sequence_id);


--
-- Name: sample_zip_cod_2b199b_idx; Type: INDEX; Schema: public; Owner: -
--

CREATE INDEX sample_zip_cod_2b199b_idx ON public.sample USING btree (zip_code);


--
-- Name: sequence_init_up_dd7d45_idx; Type: INDEX; Schema: public; Owner: -
--

CREATE INDEX sequence_init_up_dd7d45_idx ON public.sequence USING btree (init_upload_date);


--
-- Name: sequence_last_up_f215ac_idx; Type: INDEX; Schema: public; Owner: -
--

CREATE INDEX sequence_last_up_f215ac_idx ON public.sequence USING btree (last_update_date);


--
-- Name: sequence_name_455b90_idx; Type: INDEX; Schema: public; Owner: -
--

CREATE INDEX sequence_name_455b90_idx ON public.sequence USING btree (name);


--
-- Name: sequence_name_a3e35b60_like; Type: INDEX; Schema: public; Owner: -
--

CREATE INDEX sequence_name_a3e35b60_like ON public.sequence USING btree (name varchar_pattern_ops);


--
-- Name: unique_annotation_null_region; Type: INDEX; Schema: public; Owner: -
--

CREATE UNIQUE INDEX unique_annotation_null_region ON public.annotation_type USING btree (seq_ontology, impact) WHERE (region IS NULL);


--
-- Name: unique_lineage_parent_null; Type: INDEX; Schema: public; Owner: -
--

CREATE UNIQUE INDEX unique_lineage_parent_null ON public.lineage USING btree (name) WHERE (parent_id IS NULL);


--
-- Name: alignment alignment_replicon_id_68bc5c6d_fk_replicon_id; Type: FK CONSTRAINT; Schema: public; Owner: -
--

ALTER TABLE ONLY public.alignment
    ADD CONSTRAINT alignment_replicon_id_68bc5c6d_fk_replicon_id FOREIGN KEY (replicon_id) REFERENCES public.replicon(id) DEFERRABLE INITIALLY DEFERRED;


--
-- Name: alignment alignment_sequence_id_7c24bc6c_fk_sequence_id; Type: FK CONSTRAINT; Schema: public; Owner: -
--

ALTER TABLE ONLY public.alignment
    ADD CONSTRAINT alignment_sequence_id_7c24bc6c_fk_sequence_id FOREIGN KEY (sequence_id) REFERENCES public.sequence(id) DEFERRABLE INITIALLY DEFERRED;


--
-- Name: amino_acid_mutation_alignments amino_acid_mutation__alignment_id_490a0674_fk_alignment; Type: FK CONSTRAINT; Schema: public; Owner: -
--

ALTER TABLE ONLY public.amino_acid_mutation_alignments
    ADD CONSTRAINT amino_acid_mutation__alignment_id_490a0674_fk_alignment FOREIGN KEY (alignment_id) REFERENCES public.alignment(id) DEFERRABLE INITIALLY DEFERRED;


--
-- Name: amino_acid_mutation_alignments amino_acid_mutation__aminoacidmutation_id_2ee28a92_fk_amino_aci; Type: FK CONSTRAINT; Schema: public; Owner: -
--

ALTER TABLE ONLY public.amino_acid_mutation_alignments
    ADD CONSTRAINT amino_acid_mutation__aminoacidmutation_id_2ee28a92_fk_amino_aci FOREIGN KEY (aminoacidmutation_id) REFERENCES public.amino_acid_mutation(id) DEFERRABLE INITIALLY DEFERRED;


--
-- Name: amino_acid_mutation_parent amino_acid_mutation__aminoacidmutation_id_7e97d480_fk_amino_aci; Type: FK CONSTRAINT; Schema: public; Owner: -
--

ALTER TABLE ONLY public.amino_acid_mutation_parent
    ADD CONSTRAINT amino_acid_mutation__aminoacidmutation_id_7e97d480_fk_amino_aci FOREIGN KEY (aminoacidmutation_id) REFERENCES public.amino_acid_mutation(id) DEFERRABLE INITIALLY DEFERRED;


--
-- Name: amino_acid_mutation_parent amino_acid_mutation__nucleotidemutation_i_28a89542_fk_nucleotid; Type: FK CONSTRAINT; Schema: public; Owner: -
--

ALTER TABLE ONLY public.amino_acid_mutation_parent
    ADD CONSTRAINT amino_acid_mutation__nucleotidemutation_i_28a89542_fk_nucleotid FOREIGN KEY (nucleotidemutation_id) REFERENCES public.nucleotide_mutation(id) DEFERRABLE INITIALLY DEFERRED;


--
-- Name: amino_acid_mutation amino_acid_mutation_cds_id_958e99ce_fk_cds_id; Type: FK CONSTRAINT; Schema: public; Owner: -
--

ALTER TABLE ONLY public.amino_acid_mutation
    ADD CONSTRAINT amino_acid_mutation_cds_id_958e99ce_fk_cds_id FOREIGN KEY (cds_id) REFERENCES public.cds(id) DEFERRABLE INITIALLY DEFERRED;


--
-- Name: annotation_type_mutations annotation_type_muta_annotationtype_id_70469db6_fk_annotatio; Type: FK CONSTRAINT; Schema: public; Owner: -
--

ALTER TABLE ONLY public.annotation_type_mutations
    ADD CONSTRAINT annotation_type_muta_annotationtype_id_70469db6_fk_annotatio FOREIGN KEY (annotationtype_id) REFERENCES public.annotation_type(id) DEFERRABLE INITIALLY DEFERRED;


--
-- Name: annotation_type_mutations annotation_type_muta_nucleotidemutation_i_d7be6a9d_fk_nucleotid; Type: FK CONSTRAINT; Schema: public; Owner: -
--

ALTER TABLE ONLY public.annotation_type_mutations
    ADD CONSTRAINT annotation_type_muta_nucleotidemutation_i_d7be6a9d_fk_nucleotid FOREIGN KEY (nucleotidemutation_id) REFERENCES public.nucleotide_mutation(id) DEFERRABLE INITIALLY DEFERRED;


--
-- Name: auth_group_permissions auth_group_permissio_permission_id_84c5c92e_fk_auth_perm; Type: FK CONSTRAINT; Schema: public; Owner: -
--

ALTER TABLE ONLY public.auth_group_permissions
    ADD CONSTRAINT auth_group_permissio_permission_id_84c5c92e_fk_auth_perm FOREIGN KEY (permission_id) REFERENCES public.auth_permission(id) DEFERRABLE INITIALLY DEFERRED;


--
-- Name: auth_group_permissions auth_group_permissions_group_id_b120cbf9_fk_auth_group_id; Type: FK CONSTRAINT; Schema: public; Owner: -
--

ALTER TABLE ONLY public.auth_group_permissions
    ADD CONSTRAINT auth_group_permissions_group_id_b120cbf9_fk_auth_group_id FOREIGN KEY (group_id) REFERENCES public.auth_group(id) DEFERRABLE INITIALLY DEFERRED;


--
-- Name: auth_permission auth_permission_content_type_id_2f476e4b_fk_django_co; Type: FK CONSTRAINT; Schema: public; Owner: -
--

ALTER TABLE ONLY public.auth_permission
    ADD CONSTRAINT auth_permission_content_type_id_2f476e4b_fk_django_co FOREIGN KEY (content_type_id) REFERENCES public.django_content_type(id) DEFERRABLE INITIALLY DEFERRED;


--
-- Name: auth_user_groups auth_user_groups_group_id_97559544_fk_auth_group_id; Type: FK CONSTRAINT; Schema: public; Owner: -
--

ALTER TABLE ONLY public.auth_user_groups
    ADD CONSTRAINT auth_user_groups_group_id_97559544_fk_auth_group_id FOREIGN KEY (group_id) REFERENCES public.auth_group(id) DEFERRABLE INITIALLY DEFERRED;


--
-- Name: auth_user_groups auth_user_groups_user_id_6a12ed8b_fk_auth_user_id; Type: FK CONSTRAINT; Schema: public; Owner: -
--

ALTER TABLE ONLY public.auth_user_groups
    ADD CONSTRAINT auth_user_groups_user_id_6a12ed8b_fk_auth_user_id FOREIGN KEY (user_id) REFERENCES public.auth_user(id) DEFERRABLE INITIALLY DEFERRED;


--
-- Name: auth_user_user_permissions auth_user_user_permi_permission_id_1fbb5f2c_fk_auth_perm; Type: FK CONSTRAINT; Schema: public; Owner: -
--

ALTER TABLE ONLY public.auth_user_user_permissions
    ADD CONSTRAINT auth_user_user_permi_permission_id_1fbb5f2c_fk_auth_perm FOREIGN KEY (permission_id) REFERENCES public.auth_permission(id) DEFERRABLE INITIALLY DEFERRED;


--
-- Name: auth_user_user_permissions auth_user_user_permissions_user_id_a95ead1b_fk_auth_user_id; Type: FK CONSTRAINT; Schema: public; Owner: -
--

ALTER TABLE ONLY public.auth_user_user_permissions
    ADD CONSTRAINT auth_user_user_permissions_user_id_a95ead1b_fk_auth_user_id FOREIGN KEY (user_id) REFERENCES public.auth_user(id) DEFERRABLE INITIALLY DEFERRED;


--
-- Name: cds cds_gene_id_1633d2f5_fk_gene_id; Type: FK CONSTRAINT; Schema: public; Owner: -
--

ALTER TABLE ONLY public.cds
    ADD CONSTRAINT cds_gene_id_1633d2f5_fk_gene_id FOREIGN KEY (gene_id) REFERENCES public.gene(id) DEFERRABLE INITIALLY DEFERRED;


--
-- Name: cds_segment cds_part_cds_id_ea505b45_fk_cds_id; Type: FK CONSTRAINT; Schema: public; Owner: -
--

ALTER TABLE ONLY public.cds_segment
    ADD CONSTRAINT cds_part_cds_id_ea505b45_fk_cds_id FOREIGN KEY (cds_id) REFERENCES public.cds(id) DEFERRABLE INITIALLY DEFERRED;


--
-- Name: django_admin_log django_admin_log_content_type_id_c4bce8eb_fk_django_co; Type: FK CONSTRAINT; Schema: public; Owner: -
--

ALTER TABLE ONLY public.django_admin_log
    ADD CONSTRAINT django_admin_log_content_type_id_c4bce8eb_fk_django_co FOREIGN KEY (content_type_id) REFERENCES public.django_content_type(id) DEFERRABLE INITIALLY DEFERRED;


--
-- Name: django_admin_log django_admin_log_user_id_c564eba6_fk_auth_user_id; Type: FK CONSTRAINT; Schema: public; Owner: -
--

ALTER TABLE ONLY public.django_admin_log
    ADD CONSTRAINT django_admin_log_user_id_c564eba6_fk_auth_user_id FOREIGN KEY (user_id) REFERENCES public.auth_user(id) DEFERRABLE INITIALLY DEFERRED;


--
-- Name: django_apscheduler_djangojobexecution django_apscheduler_djangojobexecution_job_id_daf5090a_fk; Type: FK CONSTRAINT; Schema: public; Owner: -
--

ALTER TABLE ONLY public.django_apscheduler_djangojobexecution
    ADD CONSTRAINT django_apscheduler_djangojobexecution_job_id_daf5090a_fk FOREIGN KEY (job_id) REFERENCES public.django_apscheduler_djangojob(id) DEFERRABLE INITIALLY DEFERRED;


--
-- Name: file_processing file_processing_processing_job_id_46fcf01d_fk_processing_job_id; Type: FK CONSTRAINT; Schema: public; Owner: -
--

ALTER TABLE ONLY public.file_processing
    ADD CONSTRAINT file_processing_processing_job_id_46fcf01d_fk_processing_job_id FOREIGN KEY (processing_job_id) REFERENCES public.processing_job(id) DEFERRABLE INITIALLY DEFERRED;


--
-- Name: gene gene_replicon_id_7a0d0bd8_fk_replicon_id; Type: FK CONSTRAINT; Schema: public; Owner: -
--

ALTER TABLE ONLY public.gene
    ADD CONSTRAINT gene_replicon_id_7a0d0bd8_fk_replicon_id FOREIGN KEY (replicon_id) REFERENCES public.replicon(id) DEFERRABLE INITIALLY DEFERRED;


--
-- Name: gene_segment gene_segment_gene_id_2e6039db_fk_gene_id; Type: FK CONSTRAINT; Schema: public; Owner: -
--

ALTER TABLE ONLY public.gene_segment
    ADD CONSTRAINT gene_segment_gene_id_2e6039db_fk_gene_id FOREIGN KEY (gene_id) REFERENCES public.gene(id) DEFERRABLE INITIALLY DEFERRED;


--
-- Name: import_log import_log_file_id_7df8ad67_fk_file_processing_file_name; Type: FK CONSTRAINT; Schema: public; Owner: -
--

ALTER TABLE ONLY public.import_log
    ADD CONSTRAINT import_log_file_id_7df8ad67_fk_file_processing_file_name FOREIGN KEY (file_id) REFERENCES public.file_processing(file_name) DEFERRABLE INITIALLY DEFERRED;


--
-- Name: lineage lineage_parent_id_332a5968_fk_lineage_id; Type: FK CONSTRAINT; Schema: public; Owner: -
--

ALTER TABLE ONLY public.lineage
    ADD CONSTRAINT lineage_parent_id_332a5968_fk_lineage_id FOREIGN KEY (parent_id) REFERENCES public.lineage(id) DEFERRABLE INITIALLY DEFERRED;


--
-- Name: nucleotide_mutation_alignments nucleotide_mutation__alignment_id_ca48460d_fk_alignment; Type: FK CONSTRAINT; Schema: public; Owner: -
--

ALTER TABLE ONLY public.nucleotide_mutation_alignments
    ADD CONSTRAINT nucleotide_mutation__alignment_id_ca48460d_fk_alignment FOREIGN KEY (alignment_id) REFERENCES public.alignment(id) DEFERRABLE INITIALLY DEFERRED;


--
-- Name: nucleotide_mutation_alignments nucleotide_mutation__nucleotidemutation_i_cab3b039_fk_nucleotid; Type: FK CONSTRAINT; Schema: public; Owner: -
--

ALTER TABLE ONLY public.nucleotide_mutation_alignments
    ADD CONSTRAINT nucleotide_mutation__nucleotidemutation_i_cab3b039_fk_nucleotid FOREIGN KEY (nucleotidemutation_id) REFERENCES public.nucleotide_mutation(id) DEFERRABLE INITIALLY DEFERRED;


--
-- Name: nucleotide_mutation nucleotide_mutation_replicon_id_15a68443_fk_replicon_id; Type: FK CONSTRAINT; Schema: public; Owner: -
--

ALTER TABLE ONLY public.nucleotide_mutation
    ADD CONSTRAINT nucleotide_mutation_replicon_id_15a68443_fk_replicon_id FOREIGN KEY (replicon_id) REFERENCES public.replicon(id) DEFERRABLE INITIALLY DEFERRED;


--
-- Name: peptide peptide_cds_id_f6e4c274_fk_cds_id; Type: FK CONSTRAINT; Schema: public; Owner: -
--

ALTER TABLE ONLY public.peptide
    ADD CONSTRAINT peptide_cds_id_f6e4c274_fk_cds_id FOREIGN KEY (cds_id) REFERENCES public.cds(id) DEFERRABLE INITIALLY DEFERRED;


--
-- Name: peptide_segment peptide_part_peptide_id_0fa0b107_fk_peptide_id; Type: FK CONSTRAINT; Schema: public; Owner: -
--

ALTER TABLE ONLY public.peptide_segment
    ADD CONSTRAINT peptide_part_peptide_id_0fa0b107_fk_peptide_id FOREIGN KEY (peptide_id) REFERENCES public.peptide(id) DEFERRABLE INITIALLY DEFERRED;


--
-- Name: replicon replicon_reference_id_f0191358_fk_reference_id; Type: FK CONSTRAINT; Schema: public; Owner: -
--

ALTER TABLE ONLY public.replicon
    ADD CONSTRAINT replicon_reference_id_f0191358_fk_reference_id FOREIGN KEY (reference_id) REFERENCES public.reference(id) DEFERRABLE INITIALLY DEFERRED;


--
-- Name: sample2property sample2property_property_id_c2180c6c_fk_property_id; Type: FK CONSTRAINT; Schema: public; Owner: -
--

ALTER TABLE ONLY public.sample2property
    ADD CONSTRAINT sample2property_property_id_c2180c6c_fk_property_id FOREIGN KEY (property_id) REFERENCES public.property(id) DEFERRABLE INITIALLY DEFERRED;


--
-- Name: sample2property sample2property_sample_id_8576a658_fk_sample_id; Type: FK CONSTRAINT; Schema: public; Owner: -
--

ALTER TABLE ONLY public.sample2property
    ADD CONSTRAINT sample2property_sample_id_8576a658_fk_sample_id FOREIGN KEY (sample_id) REFERENCES public.sample(id) DEFERRABLE INITIALLY DEFERRED;


--
-- Name: sample_sequences sample_sequences_sample_id_af37476f_fk_sample_id; Type: FK CONSTRAINT; Schema: public; Owner: -
--

ALTER TABLE ONLY public.sample_sequences
    ADD CONSTRAINT sample_sequences_sample_id_af37476f_fk_sample_id FOREIGN KEY (sample_id) REFERENCES public.sample(id) DEFERRABLE INITIALLY DEFERRED;


--
-- Name: sample_sequences sample_sequences_sequence_id_30d23a2c_fk_sequence_id; Type: FK CONSTRAINT; Schema: public; Owner: -
--

ALTER TABLE ONLY public.sample_sequences
    ADD CONSTRAINT sample_sequences_sequence_id_30d23a2c_fk_sequence_id FOREIGN KEY (sequence_id) REFERENCES public.sequence(id) DEFERRABLE INITIALLY DEFERRED;


--
-- PostgreSQL database dump complete
--

