[
{
    "model": "rest_api.sequence",
    "pk": 1,
    "fields": {
        "seqhash": "d6ed177cdc4573284727165ebcb7eccd23890457b766d756f0bcbfb06e7242d6"
    }
},
{
    "model": "rest_api.sequence",
    "pk": 2,
    "fields": {
        "seqhash": "4c5d98aa85d3e36758692c70c4b188083680720f94186cfece295658daa1e0f9"
    }
},
{
    "model": "rest_api.sequence",
    "pk": 3,
    "fields": {
        "seqhash": "808d6268c3de3ce9b2c46868775fd80bf2cd45260c86022ba2b3bb7b946f8048"
    }
},
{
    "model": "rest_api.sequence",
    "pk": 4,
    "fields": {
        "seqhash": "cdb7ef39db101e573d5d70733f57d262f62e7112de664439b1a43d6d329a2633"
    }
},
{
    "model": "rest_api.sequence",
    "pk": 5,
    "fields": {
        "seqhash": "14abd53317e6f1c6975329f6f264adf95d54997042dc6be7c1c5f3824b475de8"
    }
},
{
    "model": "rest_api.sequence",
    "pk": 6,
    "fields": {
        "seqhash": "94af84b5963bb2c663b92647a4eb51b76e59fd269588889fdc331fa58f1d3acd"
    }
},
{
    "model": "rest_api.sequence",
    "pk": 7,
    "fields": {
        "seqhash": "b38e1c793539f9f02a25855b1fd4191f143287eef65c6b9eb57e8f8c0463e2fa"
    }
},
{
    "model": "rest_api.sequence",
    "pk": 8,
    "fields": {
        "seqhash": "208a05b48a83f784f7221ca389d52cd2eafbe641078ad0ea2b0b5ec3cfedcced"
    }
},
{
    "model": "rest_api.sequence",
    "pk": 9,
    "fields": {
        "seqhash": "3683eebef6c5ff4f054f8cda9640fa4cbd471916dffc1f482d8f5f4f94bb82fb"
    }
},
{
    "model": "rest_api.sequence",
    "pk": 10,
    "fields": {
        "seqhash": "f524fdc32c6a55d2dd320bb2e105f8a15ce8f85fde347a6d47f3a174a1277f01"
    }
},
{
    "model": "rest_api.alignment",
    "pk": 1,
    "fields": {
        "replicon": 1,
        "sequence": 1
    }
},
{
    "model": "rest_api.alignment",
    "pk": 2,
    "fields": {
        "replicon": 1,
        "sequence": 2
    }
},
{
    "model": "rest_api.alignment",
    "pk": 3,
    "fields": {
        "replicon": 1,
        "sequence": 3
    }
},
{
    "model": "rest_api.alignment",
    "pk": 4,
    "fields": {
        "replicon": 1,
        "sequence": 4
    }
},
{
    "model": "rest_api.alignment",
    "pk": 5,
    "fields": {
        "replicon": 1,
        "sequence": 5
    }
},
{
    "model": "rest_api.alignment",
    "pk": 6,
    "fields": {
        "replicon": 1,
        "sequence": 6
    }
},
{
    "model": "rest_api.alignment",
    "pk": 7,
    "fields": {
        "replicon": 1,
        "sequence": 7
    }
},
{
    "model": "rest_api.alignment",
    "pk": 8,
    "fields": {
        "replicon": 1,
        "sequence": 8
    }
},
{
    "model": "rest_api.alignment",
    "pk": 9,
    "fields": {
        "replicon": 1,
        "sequence": 9
    }
},
{
    "model": "rest_api.alignment",
    "pk": 10,
    "fields": {
        "replicon": 1,
        "sequence": 10
    }
},
{
    "model": "rest_api.annotationtype",
    "pk": 1,
    "fields": {
        "seq_ontology": "upstream_gene_variant",
        "region": null,
        "impact": "MODIFIER",
        "mutations": [
            1,
            19,
            20,
            21,
            22,
            23,
            24,
            25,
            26,
            27,
            29,
            30,
            31,
            32,
            33,
            34,
            39,
            40,
            41,
            42,
            43,
            44,
            45,
            46,
            47,
            48,
            49,
            50,
            51,
            53,
            54,
            56,
            57,
            59,
            60,
            61,
            63,
            64,
            65,
            66,
            67,
            68,
            69,
            70,
            71,
            72,
            73,
            74,
            75,
            76,
            77,
            78,
            79,
            80,
            81,
            82,
            83,
            84,
            85,
            86,
            87,
            88,
            89,
            90,
            91,
            92,
            94,
            95,
            96,
            97,
            98,
            99,
            100,
            101,
            102,
            103,
            104,
            105,
            106,
            107,
            108,
            109,
            110,
            111,
            112,
            113,
            114,
            115,
            116,
            117,
            118,
            119,
            120,
            121,
            122,
            123,
            124,
            125,
            126,
            127,
            128,
            129,
            130,
            131,
            132,
            133,
            134,
            135,
            146,
            151,
            162,
            163,
            164,
            165,
            166,
            168,
            169,
            170,
            171,
            172,
            173,
            177,
            178,
            180,
            181,
            182,
            184,
            188,
            189,
            190,
            191,
            192,
            193
        ]
    }
},
{
    "model": "rest_api.annotationtype",
    "pk": 2,
    "fields": {
        "seq_ontology": "intergenic_region",
        "region": null,
        "impact": "MODIFIER",
        "mutations": [
            1,
            135,
            146
        ]
    }
},
{
    "model": "rest_api.annotationtype",
    "pk": 3,
    "fields": {
        "seq_ontology": "missense_variant",
        "region": null,
        "impact": "MODERATE",
        "mutations": [
            2,
            3,
            4,
            5,
            7,
            10,
            11,
            14,
            15,
            16,
            18,
            20,
            22,
            23,
            26,
            27,
            29,
            30,
            31,
            35,
            38,
            39,
            40,
            45,
            48,
            50,
            51,
            53,
            54,
            56,
            57,
            59,
            60,
            61,
            63,
            64,
            65,
            66,
            67,
            68,
            69,
            70,
            71,
            72,
            73,
            74,
            75,
            76,
            77,
            78,
            79,
            80,
            81,
            82,
            83,
            84,
            86,
            87,
            88,
            89,
            90,
            91,
            92,
            94,
            95,
            96,
            97,
            98,
            99,
            100,
            101,
            102,
            103,
            104,
            105,
            106,
            107,
            108,
            109,
            110,
            111,
            112,
            113,
            114,
            120,
            121,
            122,
            123,
            124,
            126,
            127,
            130,
            131,
            134,
            136,
            137,
            139,
            141,
            142,
            143,
            144,
            149,
            151,
            152,
            154,
            157,
            158,
            162,
            164,
            166,
            168,
            169,
            172,
            190,
            191,
            192,
            193
        ]
    }
},
{
    "model": "rest_api.annotationtype",
    "pk": 7,
    "fields": {
        "seq_ontology": "synonymous_variant",
        "region": null,
        "impact": "LOW",
        "mutations": [
            6,
            8,
            9,
            12,
            13,
            17,
            19,
            21,
            24,
            25,
            32,
            33,
            34,
            36,
            37,
            41,
            42,
            43,
            44,
            46,
            49,
            85,
            115,
            116,
            117,
            118,
            119,
            125,
            128,
            129,
            132,
            133,
            136,
            140,
            147,
            148,
            150,
            153,
            155,
            156,
            159,
            160,
            161,
            163,
            165,
            170,
            171,
            173,
            174,
            175,
            176,
            177,
            178,
            180,
            181,
            182,
            183,
            184,
            185,
            186,
            187,
            188,
            189,
            194
        ]
    }
},
{
    "model": "rest_api.annotationtype",
    "pk": 51,
    "fields": {
        "seq_ontology": "downstream_gene_variant",
        "region": null,
        "impact": "MODIFIER",
        "mutations": [
            35,
            36,
            37,
            38,
            39,
            40,
            47,
            48,
            49,
            50,
            51,
            53,
            54,
            56,
            57,
            59,
            60,
            61,
            63,
            64,
            65,
            66,
            67,
            68,
            69,
            70,
            71,
            72,
            73,
            74,
            75,
            76,
            77,
            78,
            79,
            80,
            81,
            82,
            83,
            84,
            85,
            86,
            87,
            88,
            89,
            90,
            91,
            92,
            94,
            95,
            96,
            97,
            98,
            99,
            100,
            101,
            102,
            103,
            104,
            105,
            106,
            107,
            108,
            109,
            110,
            111,
            112,
            113,
            114,
            115,
            116,
            117,
            118,
            119,
            120,
            121,
            122,
            123,
            124,
            125,
            126,
            127,
            128,
            129,
            130,
            131,
            132,
            133,
            134,
            135,
            136,
            137,
            139,
            140,
            141,
            142,
            143,
            144,
            159,
            160,
            163,
            164,
            165,
            166,
            169,
            170,
            174,
            175,
            176,
            177,
            180,
            181,
            182,
            183,
            188,
            190,
            191,
            192,
            193,
            194
        ]
    }
},
{
    "model": "rest_api.annotationtype",
    "pk": 76,
    "fields": {
        "seq_ontology": "disruptive_inframe_insertion",
        "region": null,
        "impact": "MODERATE",
        "mutations": [
            47
        ]
    }
},
{
    "model": "rest_api.replicon",
    "pk": 1,
    "fields": {
        "length": 29903,
        "sequence": "ATTAAAGGTTTATACCTTCCCAGGTAACAAACCAACCAACTTTCGATCTCTTGTAGATCTGTTCTCTAAACGAACTTTAAAATCTGTGTGGCTGTCACTCGGCTGCATGCTTAGTGCACTCACGCAGTATAATTAATAACTAATTACTGTCGTTGACAGGACACGAGTAACTCGTCTATCTTCTGCAGGCTGCTTACGGTTTCGTCCGTGTTGCAGCCGATCATCAGCACATCTAGGTTTCGTCCGGGTGTGACCGAAAGGTAAGATGGAGAGCCTTGTCCCTGGTTTCAACGAGAAAACACACGTCCAACTCAGTTTGCCTGTTTTACAGGTTCGCGACGTGCTCGTACGTGGCTTTGGAGACTCCGTGGAGGAGGTCTTATCAGAGGCACGTCAACATCTTAAAGATGGCACTTGTGGCTTAGTAGAAGTTGAAAAAGGCGTTTTGCCTCAACTTGAACAGCCCTATGTGTTCATCAAACGTTCGGATGCTCGAACTGCACCTCATGGTCATGTTATGGTTGAGCTGGTAGCAGAACTCGAAGGCATTCAGTACGGTCGTAGTGGTGAGACACTTGGTGTCCTTGTCCCTCATGTGGGCGAAATACCAGTGGCTTACCGCAAGGTTCTTCTTCGTAAGAACGGTAATAAAGGAGCTGGTGGCCATAGTTACGGCGCCGATCTAAAGTCATTTGACTTAGGCGACGAGCTTGGCACTGATCCTTATGAAGATTTTCAAGAAAACTGGAACACTAAACATAGCAGTGGTGTTACCCGTGAACTCATGCGTGAGCTTAACGGAGGGGCATACACTCGCTATGTCGATAACAACTTCTGTGGCCCTGATGGCTACCCTCTTGAGTGCATTAAAGACCTTCTAGCACGTGCTGGTAAAGCTTCATGCACTTTGTCCGAACAACTGGACTTTATTGACACTAAGAGGGGTGTATACTGCTGCCGTGAACATGAGCATGAAATTGCTTGGTACACGGAACGTTCTGAAAAGAGCTATGAATTGCAGACACCTTTTGAAATTAAATTGGCAAAGAAATTTGACACCTTCAATGGGGAATGTCCAAATTTTGTATTTCCCTTAAATTCCATAATCAAGACTATTCAACCAAGGGTTGAAAAGAAAAAGCTTGATGGCTTTATGGGTAGAATTCGATCTGTCTATCCAGTTGCGTCACCAAATGAATGCAACCAAATGTGCCTTTCAACTCTCATGAAGTGTGATCATTGTGGTGAAACTTCATGGCAGACGGGCGATTTTGTTAAAGCCACTTGCGAATTTTGTGGCACTGAGAATTTGACTAAAGAAGGTGCCACTACTTGTGGTTACTTACCCCAAAATGCTGTTGTTAAAATTTATTGTCCAGCATGTCACAATTCAGAAGTAGGACCTGAGCATAGTCTTGCCGAATACCATAATGAATCTGGCTTGAAAACCATTCTTCGTAAGGGTGGTCGCACTATTGCCTTTGGAGGCTGTGTGTTCTCTTATGTTGGTTGCCATAACAAGTGTGCCTATTGGGTTCCACGTGCTAGCGCTAACATAGGTTGTAACCATACAGGTGTTGTTGGAGAAGGTTCCGAAGGTCTTAATGACAACCTTCTTGAAATACTCCAAAAAGAGAAAGTCAACATCAATATTGTTGGTGACTTTAAACTTAATGAAGAGATCGCCATTATTTTGGCATCTTTTTCTGCTTCCACAAGTGCTTTTGTGGAAACTGTGAAAGGTTTGGATTATAAAGCATTCAAACAAATTGTTGAATCCTGTGGTAATTTTAAAGTTACAAAAGGAAAAGCTAAAAAAGGTGCCTGGAATATTGGTGAACAGAAATCAATACTGAGTCCTCTTTATGCATTTGCATCAGAGGCTGCTCGTGTTGTACGATCAATTTTCTCCCGCACTCTTGAAACTGCTCAAAATTCTGTGCGTGTTTTACAGAAGGCCGCTATAACAATACTAGATGGAATTTCACAGTATTCACTGAGACTCATTGATGCTATGATGTTCACATCTGATTTGGCTACTAACAATCTAGTTGTAATGGCCTACATTACAGGTGGTGTTGTTCAGTTGACTTCGCAGTGGCTAACTAACATCTTTGGCACTGTTTATGAAAAACTCAAACCCGTCCTTGATTGGCTTGAAGAGAAGTTTAAGGAAGGTGTAGAGTTTCTTAGAGACGGTTGGGAAATTGTTAAATTTATCTCAACCTGTGCTTGTGAAATTGTCGGTGGACAAATTGTCACCTGTGCAAAGGAAATTAAGGAGAGTGTTCAGACATTCTTTAAGCTTGTAAATAAATTTTTGGCTTTGTGTGCTGACTCTATCATTATTGGTGGAGCTAAACTTAAAGCCTTGAATTTAGGTGAAACATTTGTCACGCACTCAAAGGGATTGTACAGAAAGTGTGTTAAATCCAGAGAAGAAACTGGCCTACTCATGCCTCTAAAAGCCCCAAAAGAAATTATCTTCTTAGAGGGAGAAACACTTCCCACAGAAGTGTTAACAGAGGAAGTTGTCTTGAAAACTGGTGATTTACAACCATTAGAACAACCTACTAGTGAAGCTGTTGAAGCTCCATTGGTTGGTACACCAGTTTGTATTAACGGGCTTATGTTGCTCGAAATCAAAGACACAGAAAAGTACTGTGCCCTTGCACCTAATATGATGGTAACAAACAATACCTTCACACTCAAAGGCGGTGCACCAACAAAGGTTACTTTTGGTGATGACACTGTGATAGAAGTGCAAGGTTACAAGAGTGTGAATATCACTTTTGAACTTGATGAAAGGATTGATAAAGTACTTAATGAGAAGTGCTCTGCCTATACAGTTGAACTCGGTACAGAAGTAAATGAGTTCGCCTGTGTTGTGGCAGATGCTGTCATAAAAACTTTGCAACCAGTATCTGAATTACTTACACCACTGGGCATTGATTTAGATGAGTGGAGTATGGCTACATACTACTTATTTGATGAGTCTGGTGAGTTTAAATTGGCTTCACATATGTATTGTTCTTTCTACCCTCCAGATGAGGATGAAGAAGAAGGTGATTGTGAAGAAGAAGAGTTTGAGCCATCAACTCAATATGAGTATGGTACTGAAGATGATTACCAAGGTAAACCTTTGGAATTTGGTGCCACTTCTGCTGCTCTTCAACCTGAAGAAGAGCAAGAAGAAGATTGGTTAGATGATGATAGTCAACAAACTGTTGGTCAACAAGACGGCAGTGAGGACAATCAGACAACTACTATTCAAACAATTGTTGAGGTTCAACCTCAATTAGAGATGGAACTTACACCAGTTGTTCAGACTATTGAAGTGAATAGTTTTAGTGGTTATTTAAAACTTACTGACAATGTATACATTAAAAATGCAGACATTGTGGAAGAAGCTAAAAAGGTAAAACCAACAGTGGTTGTTAATGCAGCCAATGTTTACCTTAAACATGGAGGAGGTGTTGCAGGAGCCTTAAATAAGGCTACTAACAATGCCATGCAAGTTGAATCTGATGATTACATAGCTACTAATGGACCACTTAAAGTGGGTGGTAGTTGTGTTTTAAGCGGACACAATCTTGCTAAACACTGTCTTCATGTTGTCGGCCCAAATGTTAACAAAGGTGAAGACATTCAACTTCTTAAGAGTGCTTATGAAAATTTTAATCAGCACGAAGTTCTACTTGCACCATTATTATCAGCTGGTATTTTTGGTGCTGACCCTATACATTCTTTAAGAGTTTGTGTAGATACTGTTCGCACAAATGTCTACTTAGCTGTCTTTGATAAAAATCTCTATGACAAACTTGTTTCAAGCTTTTTGGAAATGAAGAGTGAAAAGCAAGTTGAACAAAAGATCGCTGAGATTCCTAAAGAGGAAGTTAAGCCATTTATAACTGAAAGTAAACCTTCAGTTGAACAGAGAAAACAAGATGATAAGAAAATCAAAGCTTGTGTTGAAGAAGTTACAACAACTCTGGAAGAAACTAAGTTCCTCACAGAAAACTTGTTACTTTATATTGACATTAATGGCAATCTTCATCCAGATTCTGCCACTCTTGTTAGTGACATTGACATCACTTTCTTAAAGAAAGATGCTCCATATATAGTGGGTGATGTTGTTCAAGAGGGTGTTTTAACTGCTGTGGTTATACCTACTAAAAAGGCTGGTGGCACTACTGAAATGCTAGCGAAAGCTTTGAGAAAAGTGCCAACAGACAATTATATAACCACTTACCCGGGTCAGGGTTTAAATGGTTACACTGTAGAGGAGGCAAAGACAGTGCTTAAAAAGTGTAAAAGTGCCTTTTACATTCTACCATCTATTATCTCTAATGAGAAGCAAGAAATTCTTGGAACTGTTTCTTGGAATTTGCGAGAAATGCTTGCACATGCAGAAGAAACACGCAAATTAATGCCTGTCTGTGTGGAAACTAAAGCCATAGTTTCAACTATACAGCGTAAATATAAGGGTATTAAAATACAAGAGGGTGTGGTTGATTATGGTGCTAGATTTTACTTTTACACCAGTAAAACAACTGTAGCGTCACTTATCAACACACTTAACGATCTAAATGAAACTCTTGTTACAATGCCACTTGGCTATGTAACACATGGCTTAAATTTGGAAGAAGCTGCTCGGTATATGAGATCTCTCAAAGTGCCAGCTACAGTTTCTGTTTCTTCACCTGATGCTGTTACAGCGTATAATGGTTATCTTACTTCTTCTTCTAAAACACCTGAAGAACATTTTATTGAAACCATCTCACTTGCTGGTTCCTATAAAGATTGGTCCTATTCTGGACAATCTACACAACTAGGTATAGAATTTCTTAAGAGAGGTGATAAAAGTGTATATTACACTAGTAATCCTACCACATTCCACCTAGATGGTGAAGTTATCACCTTTGACAATCTTAAGACACTTCTTTCTTTGAGAGAAGTGAGGACTATTAAGGTGTTTACAACAGTAGACAACATTAACCTCCACACGCAAGTTGTGGACATGTCAATGACATATGGACAACAGTTTGGTCCAACTTATTTGGATGGAGCTGATGTTACTAAAATAAAACCTCATAATTCACATGAAGGTAAAACATTTTATGTTTTACCTAATGATGACACTCTACGTGTTGAGGCTTTTGAGTACTACCACACAACTGATCCTAGTTTTCTGGGTAGGTACATGTCAGCATTAAATCACACTAAAAAGTGGAAATACCCACAAGTTAATGGTTTAACTTCTATTAAATGGGCAGATAACAACTGTTATCTTGCCACTGCATTGTTAACACTCCAACAAATAGAGTTGAAGTTTAATCCACCTGCTCTACAAGATGCTTATTACAGAGCAAGGGCTGGTGAAGCTGCTAACTTTTGTGCACTTATCTTAGCCTACTGTAATAAGACAGTAGGTGAGTTAGGTGATGTTAGAGAAACAATGAGTTACTTGTTTCAACATGCCAATTTAGATTCTTGCAAAAGAGTCTTGAACGTGGTGTGTAAAACTTGTGGACAACAGCAGACAACCCTTAAGGGTGTAGAAGCTGTTATGTACATGGGCACACTTTCTTATGAACAATTTAAGAAAGGTGTTCAGATACCTTGTACGTGTGGTAAACAAGCTACAAAATATCTAGTACAACAGGAGTCACCTTTTGTTATGATGTCAGCACCACCTGCTCAGTATGAACTTAAGCATGGTACATTTACTTGTGCTAGTGAGTACACTGGTAATTACCAGTGTGGTCACTATAAACATATAACTTCTAAAGAAACTTTGTATTGCATAGACGGTGCTTTACTTACAAAGTCCTCAGAATACAAAGGTCCTATTACGGATGTTTTCTACAAAGAAAACAGTTACACAACAACCATAAAACCAGTTACTTATAAATTGGATGGTGTTGTTTGTACAGAAATTGACCCTAAGTTGGACAATTATTATAAGAAAGACAATTCTTATTTCACAGAGCAACCAATTGATCTTGTACCAAACCAACCATATCCAAACGCAAGCTTCGATAATTTTAAGTTTGTATGTGATAATATCAAATTTGCTGATGATTTAAACCAGTTAACTGGTTATAAGAAACCTGCTTCAAGAGAGCTTAAAGTTACATTTTTCCCTGACTTAAATGGTGATGTGGTGGCTATTGATTATAAACACTACACACCCTCTTTTAAGAAAGGAGCTAAATTGTTACATAAACCTATTGTTTGGCATGTTAACAATGCAACTAATAAAGCCACGTATAAACCAAATACCTGGTGTATACGTTGTCTTTGGAGCACAAAACCAGTTGAAACATCAAATTCGTTTGATGTACTGAAGTCAGAGGACGCGCAGGGAATGGATAATCTTGCCTGCGAAGATCTAAAACCAGTCTCTGAAGAAGTAGTGGAAAATCCTACCATACAGAAAGACGTTCTTGAGTGTAATGTGAAAACTACCGAAGTTGTAGGAGACATTATACTTAAACCAGCAAATAATAGTTTAAAAATTACAGAAGAGGTTGGCCACACAGATCTAATGGCTGCTTATGTAGACAATTCTAGTCTTACTATTAAGAAACCTAATGAATTATCTAGAGTATTAGGTTTGAAAACCCTTGCTACTCATGGTTTAGCTGCTGTTAATAGTGTCCCTTGGGATACTATAGCTAATTATGCTAAGCCTTTTCTTAACAAAGTTGTTAGTACAACTACTAACATAGTTACACGGTGTTTAAACCGTGTTTGTACTAATTATATGCCTTATTTCTTTACTTTATTGCTACAATTGTGTACTTTTACTAGAAGTACAAATTCTAGAATTAAAGCATCTATGCCGACTACTATAGCAAAGAATACTGTTAAGAGTGTCGGTAAATTTTGTCTAGAGGCTTCATTTAATTATTTGAAGTCACCTAATTTTTCTAAACTGATAAATATTATAATTTGGTTTTTACTATTAAGTGTTTGCCTAGGTTCTTTAATCTACTCAACCGCTGCTTTAGGTGTTTTAATGTCTAATTTAGGCATGCCTTCTTACTGTACTGGTTACAGAGAAGGCTATTTGAACTCTACTAATGTCACTATTGCAACCTACTGTACTGGTTCTATACCTTGTAGTGTTTGTCTTAGTGGTTTAGATTCTTTAGACACCTATCCTTCTTTAGAAACTATACAAATTACCATTTCATCTTTTAAATGGGATTTAACTGCTTTTGGCTTAGTTGCAGAGTGGTTTTTGGCATATATTCTTTTCACTAGGTTTTTCTATGTACTTGGATTGGCTGCAATCATGCAATTGTTTTTCAGCTATTTTGCAGTACATTTTATTAGTAATTCTTGGCTTATGTGGTTAATAATTAATCTTGTACAAATGGCCCCGATTTCAGCTATGGTTAGAATGTACATCTTCTTTGCATCATTTTATTATGTATGGAAAAGTTATGTGCATGTTGTAGACGGTTGTAATTCATCAACTTGTATGATGTGTTACAAACGTAATAGAGCAACAAGAGTCGAATGTACAACTATTGTTAATGGTGTTAGAAGGTCCTTTTATGTCTATGCTAATGGAGGTAAAGGCTTTTGCAAACTACACAATTGGAATTGTGTTAATTGTGATACATTCTGTGCTGGTAGTACATTTATTAGTGATGAAGTTGCGAGAGACTTGTCACTACAGTTTAAAAGACCAATAAATCCTACTGACCAGTCTTCTTACATCGTTGATAGTGTTACAGTGAAGAATGGTTCCATCCATCTTTACTTTGATAAAGCTGGTCAAAAGACTTATGAAAGACATTCTCTCTCTCATTTTGTTAACTTAGACAACCTGAGAGCTAATAACACTAAAGGTTCATTGCCTATTAATGTTATAGTTTTTGATGGTAAATCAAAATGTGAAGAATCATCTGCAAAATCAGCGTCTGTTTACTACAGTCAGCTTATGTGTCAACCTATACTGTTACTAGATCAGGCATTAGTGTCTGATGTTGGTGATAGTGCGGAAGTTGCAGTTAAAATGTTTGATGCTTACGTTAATACGTTTTCATCAACTTTTAACGTACCAATGGAAAAACTCAAAACACTAGTTGCAACTGCAGAAGCTGAACTTGCAAAGAATGTGTCCTTAGACAATGTCTTATCTACTTTTATTTCAGCAGCTCGGCAAGGGTTTGTTGATTCAGATGTAGAAACTAAAGATGTTGTTGAATGTCTTAAATTGTCACATCAATCTGACATAGAAGTTACTGGCGATAGTTGTAATAACTATATGCTCACCTATAACAAAGTTGAAAACATGACACCCCGTGACCTTGGTGCTTGTATTGACTGTAGTGCGCGTCATATTAATGCGCAGGTAGCAAAAAGTCACAACATTGCTTTGATATGGAACGTTAAAGATTTCATGTCATTGTCTGAACAACTACGAAAACAAATACGTAGTGCTGCTAAAAAGAATAACTTACCTTTTAAGTTGACATGTGCAACTACTAGACAAGTTGTTAATGTTGTAACAACAAAGATAGCACTTAAGGGTGGTAAAATTGTTAATAATTGGTTGAAGCAGTTAATTAAAGTTACACTTGTGTTCCTTTTTGTTGCTGCTATTTTCTATTTAATAACACCTGTTCATGTCATGTCTAAACATACTGACTTTTCAAGTGAAATCATAGGATACAAGGCTATTGATGGTGGTGTCACTCGTGACATAGCATCTACAGATACTTGTTTTGCTAACAAACATGCTGATTTTGACACATGGTTTAGCCAGCGTGGTGGTAGTTATACTAATGACAAAGCTTGCCCATTGATTGCTGCAGTCATAACAAGAGAAGTGGGTTTTGTCGTGCCTGGTTTGCCTGGCACGATATTACGCACAACTAATGGTGACTTTTTGCATTTCTTACCTAGAGTTTTTAGTGCAGTTGGTAACATCTGTTACACACCATCAAAACTTATAGAGTACACTGACTTTGCAACATCAGCTTGTGTTTTGGCTGCTGAATGTACAATTTTTAAAGATGCTTCTGGTAAGCCAGTACCATATTGTTATGATACCAATGTACTAGAAGGTTCTGTTGCTTATGAAAGTTTACGCCCTGACACACGTTATGTGCTCATGGATGGCTCTATTATTCAATTTCCTAACACCTACCTTGAAGGTTCTGTTAGAGTGGTAACAACTTTTGATTCTGAGTACTGTAGGCACGGCACTTGTGAAAGATCAGAAGCTGGTGTTTGTGTATCTACTAGTGGTAGATGGGTACTTAACAATGATTATTACAGATCTTTACCAGGAGTTTTCTGTGGTGTAGATGCTGTAAATTTACTTACTAATATGTTTACACCACTAATTCAACCTATTGGTGCTTTGGACATATCAGCATCTATAGTAGCTGGTGGTATTGTAGCTATCGTAGTAACATGCCTTGCCTACTATTTTATGAGGTTTAGAAGAGCTTTTGGTGAATACAGTCATGTAGTTGCCTTTAATACTTTACTATTCCTTATGTCATTCACTGTACTCTGTTTAACACCAGTTTACTCATTCTTACCTGGTGTTTATTCTGTTATTTACTTGTACTTGACATTTTATCTTACTAATGATGTTTCTTTTTTAGCACATATTCAGTGGATGGTTATGTTCACACCTTTAGTACCTTTCTGGATAACAATTGCTTATATCATTTGTATTTCCACAAAGCATTTCTATTGGTTCTTTAGTAATTACCTAAAGAGACGTGTAGTCTTTAATGGTGTTTCCTTTAGTACTTTTGAAGAAGCTGCGCTGTGCACCTTTTTGTTAAATAAAGAAATGTATCTAAAGTTGCGTAGTGATGTGCTATTACCTCTTACGCAATATAATAGATACTTAGCTCTTTATAATAAGTACAAGTATTTTAGTGGAGCAATGGATACAACTAGCTACAGAGAAGCTGCTTGTTGTCATCTCGCAAAGGCTCTCAATGACTTCAGTAACTCAGGTTCTGATGTTCTTTACCAACCACCACAAACCTCTATCACCTCAGCTGTTTTGCAGAGTGGTTTTAGAAAAATGGCATTCCCATCTGGTAAAGTTGAGGGTTGTATGGTACAAGTAACTTGTGGTACAACTACACTTAACGGTCTTTGGCTTGATGACGTAGTTTACTGTCCAAGACATGTGATCTGCACCTCTGAAGACATGCTTAACCCTAATTATGAAGATTTACTCATTCGTAAGTCTAATCATAATTTCTTGGTACAGGCTGGTAATGTTCAACTCAGGGTTATTGGACATTCTATGCAAAATTGTGTACTTAAGCTTAAGGTTGATACAGCCAATCCTAAGACACCTAAGTATAAGTTTGTTCGCATTCAACCAGGACAGACTTTTTCAGTGTTAGCTTGTTACAATGGTTCACCATCTGGTGTTTACCAATGTGCTATGAGGCCCAATTTCACTATTAAGGGTTCATTCCTTAATGGTTCATGTGGTAGTGTTGGTTTTAACATAGATTATGACTGTGTCTCTTTTTGTTACATGCACCATATGGAATTACCAACTGGAGTTCATGCTGGCACAGACTTAGAAGGTAACTTTTATGGACCTTTTGTTGACAGGCAAACAGCACAAGCAGCTGGTACGGACACAACTATTACAGTTAATGTTTTAGCTTGGTTGTACGCTGCTGTTATAAATGGAGACAGGTGGTTTCTCAATCGATTTACCACAACTCTTAATGACTTTAACCTTGTGGCTATGAAGTACAATTATGAACCTCTAACACAAGACCATGTTGACATACTAGGACCTCTTTCTGCTCAAACTGGAATTGCCGTTTTAGATATGTGTGCTTCATTAAAAGAATTACTGCAAAATGGTATGAATGGACGTACCATATTGGGTAGTGCTTTATTAGAAGATGAATTTACACCTTTTGATGTTGTTAGACAATGCTCAGGTGTTACTTTCCAAAGTGCAGTGAAAAGAACAATCAAGGGTACACACCACTGGTTGTTACTCACAATTTTGACTTCACTTTTAGTTTTAGTCCAGAGTACTCAATGGTCTTTGTTCTTTTTTTTGTATGAAAATGCCTTTTTACCTTTTGCTATGGGTATTATTGCTATGTCTGCTTTTGCAATGATGTTTGTCAAACATAAGCATGCATTTCTCTGTTTGTTTTTGTTACCTTCTCTTGCCACTGTAGCTTATTTTAATATGGTCTATATGCCTGCTAGTTGGGTGATGCGTATTATGACATGGTTGGATATGGTTGATACTAGTTTGTCTGGTTTTAAGCTAAAAGACTGTGTTATGTATGCATCAGCTGTAGTGTTACTAATCCTTATGACAGCAAGAACTGTGTATGATGATGGTGCTAGGAGAGTGTGGACACTTATGAATGTCTTGACACTCGTTTATAAAGTTTATTATGGTAATGCTTTAGATCAAGCCATTTCCATGTGGGCTCTTATAATCTCTGTTACTTCTAACTACTCAGGTGTAGTTACAACTGTCATGTTTTTGGCCAGAGGTATTGTTTTTATGTGTGTTGAGTATTGCCCTATTTTCTTCATAACTGGTAATACACTTCAGTGTATAATGCTAGTTTATTGTTTCTTAGGCTATTTTTGTACTTGTTACTTTGGCCTCTTTTGTTTACTCAACCGCTACTTTAGACTGACTCTTGGTGTTTATGATTACTTAGTTTCTACACAGGAGTTTAGATATATGAATTCACAGGGACTACTCCCACCCAAGAATAGCATAGATGCCTTCAAACTCAACATTAAATTGTTGGGTGTTGGTGGCAAACCTTGTATCAAAGTAGCCACTGTACAGTCTAAAATGTCAGATGTAAAGTGCACATCAGTAGTCTTACTCTCAGTTTTGCAACAACTCAGAGTAGAATCATCATCTAAATTGTGGGCTCAATGTGTCCAGTTACACAATGACATTCTCTTAGCTAAAGATACTACTGAAGCCTTTGAAAAAATGGTTTCACTACTTTCTGTTTTGCTTTCCATGCAGGGTGCTGTAGACATAAACAAGCTTTGTGAAGAAATGCTGGACAACAGGGCAACCTTACAAGCTATAGCCTCAGAGTTTAGTTCCCTTCCATCATATGCAGCTTTTGCTACTGCTCAAGAAGCTTATGAGCAGGCTGTTGCTAATGGTGATTCTGAAGTTGTTCTTAAAAAGTTGAAGAAGTCTTTGAATGTGGCTAAATCTGAATTTGACCGTGATGCAGCCATGCAACGTAAGTTGGAAAAGATGGCTGATCAAGCTATGACCCAAATGTATAAACAGGCTAGATCTGAGGACAAGAGGGCAAAAGTTACTAGTGCTATGCAGACAATGCTTTTCACTATGCTTAGAAAGTTGGATAATGATGCACTCAACAACATTATCAACAATGCAAGAGATGGTTGTGTTCCCTTGAACATAATACCTCTTACAACAGCAGCCAAACTAATGGTTGTCATACCAGACTATAACACATATAAAAATACGTGTGATGGTACAACATTTACTTATGCATCAGCATTGTGGGAAATCCAACAGGTTGTAGATGCAGATAGTAAAATTGTTCAACTTAGTGAAATTAGTATGGACAATTCACCTAATTTAGCATGGCCTCTTATTGTAACAGCTTTAAGGGCCAATTCTGCTGTCAAATTACAGAATAATGAGCTTAGTCCTGTTGCACTACGACAGATGTCTTGTGCTGCCGGTACTACACAAACTGCTTGCACTGATGACAATGCGTTAGCTTACTACAACACAACAAAGGGAGGTAGGTTTGTACTTGCACTGTTATCCGATTTACAGGATTTGAAATGGGCTAGATTCCCTAAGAGTGATGGAACTGGTACTATCTATACAGAACTGGAACCACCTTGTAGGTTTGTTACAGACACACCTAAAGGTCCTAAAGTGAAGTATTTATACTTTATTAAAGGATTAAACAACCTAAATAGAGGTATGGTACTTGGTAGTTTAGCTGCCACAGTACGTCTACAAGCTGGTAATGCAACAGAAGTGCCTGCCAATTCAACTGTATTATCTTTCTGTGCTTTTGCTGTAGATGCTGCTAAAGCTTACAAAGATTATCTAGCTAGTGGGGGACAACCAATCACTAATTGTGTTAAGATGTTGTGTACACACACTGGTACTGGTCAGGCAATAACAGTTACACCGGAAGCCAATATGGATCAAGAATCCTTTGGTGGTGCATCGTGTTGTCTGTACTGCCGTTGCCACATAGATCATCCAAATCCTAAAGGATTTTGTGACTTAAAAGGTAAGTATGTACAAATACCTACAACTTGTGCTAATGACCCTGTGGGTTTTACACTTAAAAACACAGTCTGTACCGTCTGCGGTATGTGGAAAGGTTATGGCTGTAGTTGTGATCAACTCCGCGAACCCATGCTTCAGTCAGCTGATGCACAATCGTTTTTAAACGGGTTTGCGGTGTAAGTGCAGCCCGTCTTACACCGTGCGGCACAGGCACTAGTACTGATGTCGTATACAGGGCTTTTGACATCTACAATGATAAAGTAGCTGGTTTTGCTAAATTCCTAAAAACTAATTGTTGTCGCTTCCAAGAAAAGGACGAAGATGACAATTTAATTGATTCTTACTTTGTAGTTAAGAGACACACTTTCTCTAACTACCAACATGAAGAAACAATTTATAATTTACTTAAGGATTGTCCAGCTGTTGCTAAACATGACTTCTTTAAGTTTAGAATAGACGGTGACATGGTACCACATATATCACGTCAACGTCTTACTAAATACACAATGGCAGACCTCGTCTATGCTTTAAGGCATTTTGATGAAGGTAATTGTGACACATTAAAAGAAATACTTGTCACATACAATTGTTGTGATGATGATTATTTCAATAAAAAGGACTGGTATGATTTTGTAGAAAACCCAGATATATTACGCGTATACGCCAACTTAGGTGAACGTGTACGCCAAGCTTTGTTAAAAACAGTACAATTCTGTGATGCCATGCGAAATGCTGGTATTGTTGGTGTACTGACATTAGATAATCAAGATCTCAATGGTAACTGGTATGATTTCGGTGATTTCATACAAACCACGCCAGGTAGTGGAGTTCCTGTTGTAGATTCTTATTATTCATTGTTAATGCCTATATTAACCTTGACCAGGGCTTTAACTGCAGAGTCACATGTTGACACTGACTTAACAAAGCCTTACATTAAGTGGGATTTGTTAAAATATGACTTCACGGAAGAGAGGTTAAAACTCTTTGACCGTTATTTTAAATATTGGGATCAGACATACCACCCAAATTGTGTTAACTGTTTGGATGACAGATGCATTCTGCATTGTGCAAACTTTAATGTTTTATTCTCTACAGTGTTCCCACCTACAAGTTTTGGACCACTAGTGAGAAAAATATTTGTTGATGGTGTTCCATTTGTAGTTTCAACTGGATACCACTTCAGAGAGCTAGGTGTTGTACATAATCAGGATGTAAACTTACATAGCTCTAGACTTAGTTTTAAGGAATTACTTGTGTATGCTGCTGACCCTGCTATGCACGCTGCTTCTGGTAATCTATTACTAGATAAACGCACTACGTGCTTTTCAGTAGCTGCACTTACTAACAATGTTGCTTTTCAAACTGTCAAACCCGGTAATTTTAACAAAGACTTCTATGACTTTGCTGTGTCTAAGGGTTTCTTTAAGGAAGGAAGTTCTGTTGAATTAAAACACTTCTTCTTTGCTCAGGATGGTAATGCTGCTATCAGCGATTATGACTACTATCGTTATAATCTACCAACAATGTGTGATATCAGACAACTACTATTTGTAGTTGAAGTTGTTGATAAGTACTTTGATTGTTACGATGGTGGCTGTATTAATGCTAACCAAGTCATCGTCAACAACCTAGACAAATCAGCTGGTTTTCCATTTAATAAATGGGGTAAGGCTAGACTTTATTATGATTCAATGAGTTATGAGGATCAAGATGCACTTTTCGCATATACAAAACGTAATGTCATCCCTACTATAACTCAAATGAATCTTAAGTATGCCATTAGTGCAAAGAATAGAGCTCGCACCGTAGCTGGTGTCTCTATCTGTAGTACTATGACCAATAGACAGTTTCATCAAAAATTATTGAAATCAATAGCCGCCACTAGAGGAGCTACTGTAGTAATTGGAACAAGCAAATTCTATGGTGGTTGGCACAACATGTTAAAAACTGTTTATAGTGATGTAGAAAACCCTCACCTTATGGGTTGGGATTATCCTAAATGTGATAGAGCCATGCCTAACATGCTTAGAATTATGGCCTCACTTGTTCTTGCTCGCAAACATACAACGTGTTGTAGCTTGTCACACCGTTTCTATAGATTAGCTAATGAGTGTGCTCAAGTATTGAGTGAAATGGTCATGTGTGGCGGTTCACTATATGTTAAACCAGGTGGAACCTCATCAGGAGATGCCACAACTGCTTATGCTAATAGTGTTTTTAACATTTGTCAAGCTGTCACGGCCAATGTTAATGCACTTTTATCTACTGATGGTAACAAAATTGCCGATAAGTATGTCCGCAATTTACAACACAGACTTTATGAGTGTCTCTATAGAAATAGAGATGTTGACACAGACTTTGTGAATGAGTTTTACGCATATTTGCGTAAACATTTCTCAATGATGATACTCTCTGACGATGCTGTTGTGTGTTTCAATAGCACTTATGCATCTCAAGGTCTAGTGGCTAGCATAAAGAACTTTAAGTCAGTTCTTTATTATCAAAACAATGTTTTTATGTCTGAAGCAAAATGTTGGACTGAGACTGACCTTACTAAAGGACCTCATGAATTTTGCTCTCAACATACAATGCTAGTTAAACAGGGTGATGATTATGTGTACCTTCCTTACCCAGATCCATCAAGAATCCTAGGGGCCGGCTGTTTTGTAGATGATATCGTAAAAACAGATGGTACACTTATGATTGAACGGTTCGTGTCTTTAGCTATAGATGCTTACCCACTTACTAAACATCCTAATCAGGAGTATGCTGATGTCTTTCATTTGTACTTACAATACATAAGAAAGCTACATGATGAGTTAACAGGACACATGTTAGACATGTATTCTGTTATGCTTACTAATGATAACACTTCAAGGTATTGGGAACCTGAGTTTTATGAGGCTATGTACACACCGCATACAGTCTTACAGGCTGTTGGGGCTTGTGTTCTTTGCAATTCACAGACTTCATTAAGATGTGGTGCTTGCATACGTAGACCATTCTTATGTTGTAAATGCTGTTACGACCATGTCATATCAACATCACATAAATTAGTCTTGTCTGTTAATCCGTATGTTTGCAATGCTCCAGGTTGTGATGTCACAGATGTGACTCAACTTTACTTAGGAGGTATGAGCTATTATTGTAAATCACATAAACCACCCATTAGTTTTCCATTGTGTGCTAATGGACAAGTTTTTGGTTTATATAAAAATACATGTGTTGGTAGCGATAATGTTACTGACTTTAATGCAATTGCAACATGTGACTGGACAAATGCTGGTGATTACATTTTAGCTAACACCTGTACTGAAAGACTCAAGCTTTTTGCAGCAGAAACGCTCAAAGCTACTGAGGAGACATTTAAACTGTCTTATGGTATTGCTACTGTACGTGAAGTGCTGTCTGACAGAGAATTACATCTTTCATGGGAAGTTGGTAAACCTAGACCACCACTTAACCGAAATTATGTCTTTACTGGTTATCGTGTAACTAAAAACAGTAAAGTACAAATAGGAGAGTACACCTTTGAAAAAGGTGACTATGGTGATGCTGTTGTTTACCGAGGTACAACAACTTACAAATTAAATGTTGGTGATTATTTTGTGCTGACATCACATACAGTAATGCCATTAAGTGCACCTACACTAGTGCCACAAGAGCACTATGTTAGAATTACTGGCTTATACCCAACACTCAATATCTCAGATGAGTTTTCTAGCAATGTTGCAAATTATCAAAAGGTTGGTATGCAAAAGTATTCTACACTCCAGGGACCACCTGGTACTGGTAAGAGTCATTTTGCTATTGGCCTAGCTCTCTACTACCCTTCTGCTCGCATAGTGTATACAGCTTGCTCTCATGCCGCTGTTGATGCACTATGTGAGAAGGCATTAAAATATTTGCCTATAGATAAATGTAGTAGAATTATACCTGCACGTGCTCGTGTAGAGTGTTTTGATAAATTCAAAGTGAATTCAACATTAGAACAGTATGTCTTTTGTACTGTAAATGCATTGCCTGAGACGACAGCAGATATAGTTGTCTTTGATGAAATTTCAATGGCCACAAATTATGATTTGAGTGTTGTCAATGCCAGATTACGTGCTAAGCACTATGTGTACATTGGCGACCCTGCTCAATTACCTGCACCACGCACATTGCTAACTAAGGGCACACTAGAACCAGAATATTTCAATTCAGTGTGTAGACTTATGAAAACTATAGGTCCAGACATGTTCCTCGGAACTTGTCGGCGTTGTCCTGCTGAAATTGTTGACACTGTGAGTGCTTTGGTTTATGATAATAAGCTTAAAGCACATAAAGACAAATCAGCTCAATGCTTTAAAATGTTTTATAAGGGTGTTATCACGCATGATGTTTCATCTGCAATTAACAGGCCACAAATAGGCGTGGTAAGAGAATTCCTTACACGTAACCCTGCTTGGAGAAAAGCTGTCTTTATTTCACCTTATAATTCACAGAATGCTGTAGCCTCAAAGATTTTGGGACTACCAACTCAAACTGTTGATTCATCACAGGGCTCAGAATATGACTATGTCATATTCACTCAAACCACTGAAACAGCTCACTCTTGTAATGTAAACAGATTTAATGTTGCTATTACCAGAGCAAAAGTAGGCATACTTTGCATAATGTCTGATAGAGACCTTTATGACAAGTTGCAATTTACAAGTCTTGAAATTCCACGTAGGAATGTGGCAACTTTACAAGCTGAAAATGTAACAGGACTCTTTAAAGATTGTAGTAAGGTAATCACTGGGTTACATCCTACACAGGCACCTACACACCTCAGTGTTGACACTAAATTCAAAACTGAAGGTTTATGTGTTGACATACCTGGCATACCTAAGGACATGACCTATAGAAGACTCATCTCTATGATGGGTTTTAAAATGAATTATCAAGTTAATGGTTACCCTAACATGTTTATCACCCGCGAAGAAGCTATAAGACATGTACGTGCATGGATTGGCTTCGATGTCGAGGGGTGTCATGCTACTAGAGAAGCTGTTGGTACCAATTTACCTTTACAGCTAGGTTTTTCTACAGGTGTTAACCTAGTTGCTGTACCTACAGGTTATGTTGATACACCTAATAATACAGATTTTTCCAGAGTTAGTGCTAAACCACCGCCTGGAGATCAATTTAAACACCTCATACCACTTATGTACAAAGGACTTCCTTGGAATGTAGTGCGTATAAAGATTGTACAAATGTTAAGTGACACACTTAAAAATCTCTCTGACAGAGTCGTATTTGTCTTATGGGCACATGGCTTTGAGTTGACATCTATGAAGTATTTTGTGAAAATAGGACCTGAGCGCACCTGTTGTCTATGTGATAGACGTGCCACATGCTTTTCCACTGCTTCAGACACTTATGCCTGTTGGCATCATTCTATTGGATTTGATTACGTCTATAATCCGTTTATGATTGATGTTCAACAATGGGGTTTTACAGGTAACCTACAAAGCAACCATGATCTGTATTGTCAAGTCCATGGTAATGCACATGTAGCTAGTTGTGATGCAATCATGACTAGGTGTCTAGCTGTCCACGAGTGCTTTGTTAAGCGTGTTGACTGGACTATTGAATATCCTATAATTGGTGATGAACTGAAGATTAATGCGGCTTGTAGAAAGGTTCAACACATGGTTGTTAAAGCTGCATTATTAGCAGACAAATTCCCAGTTCTTCACGACATTGGTAACCCTAAAGCTATTAAGTGTGTACCTCAAGCTGATGTAGAATGGAAGTTCTATGATGCACAGCCTTGTAGTGACAAAGCTTATAAAATAGAAGAATTATTCTATTCTTATGCCACACATTCTGACAAATTCACAGATGGTGTATGCCTATTTTGGAATTGCAATGTCGATAGATATCCTGCTAATTCCATTGTTTGTAGATTTGACACTAGAGTGCTATCTAACCTTAACTTGCCTGGTTGTGATGGTGGCAGTTTGTATGTAAATAAACATGCATTCCACACACCAGCTTTTGATAAAAGTGCTTTTGTTAATTTAAAACAATTACCATTTTTCTATTACTCTGACAGTCCATGTGAGTCTCATGGAAAACAAGTAGTGTCAGATATAGATTATGTACCACTAAAGTCTGCTACGTGTATAACACGTTGCAATTTAGGTGGTGCTGTCTGTAGACATCATGCTAATGAGTACAGATTGTATCTCGATGCTTATAACATGATGATCTCAGCTGGCTTTAGCTTGTGGGTTTACAAACAATTTGATACTTATAACCTCTGGAACACTTTTACAAGACTTCAGAGTTTAGAAAATGTGGCTTTTAATGTTGTAAATAAGGGACACTTTGATGGACAACAGGGTGAAGTACCAGTTTCTATCATTAATAACACTGTTTACACAAAAGTTGATGGTGTTGATGTAGAATTGTTTGAAAATAAAACAACATTACCTGTTAATGTAGCATTTGAGCTTTGGGCTAAGCGCAACATTAAACCAGTACCAGAGGTGAAAATACTCAATAATTTGGGTGTGGACATTGCTGCTAATACTGTGATCTGGGACTACAAAAGAGATGCTCCAGCACATATATCTACTATTGGTGTTTGTTCTATGACTGACATAGCCAAGAAACCAACTGAAACGATTTGTGCACCACTCACTGTCTTTTTTGATGGTAGAGTTGATGGTCAAGTAGACTTATTTAGAAATGCCCGTAATGGTGTTCTTATTACAGAAGGTAGTGTTAAAGGTTTACAACCATCTGTAGGTCCCAAACAAGCTAGTCTTAATGGAGTCACATTAATTGGAGAAGCCGTAAAAACACAGTTCAATTATTATAAGAAAGTTGATGGTGTTGTCCAACAATTACCTGAAACTTACTTTACTCAGAGTAGAAATTTACAAGAATTTAAACCCAGGAGTCAAATGGAAATTGATTTCTTAGAATTAGCTATGGATGAATTCATTGAACGGTATAAATTAGAAGGCTATGCCTTCGAACATATCGTTTATGGAGATTTTAGTCATAGTCAGTTAGGTGGTTTACATCTACTGATTGGACTAGCTAAACGTTTTAAGGAATCACCTTTTGAATTAGAAGATTTTATTCCTATGGACAGTACAGTTAAAAACTATTTCATAACAGATGCGCAAACAGGTTCATCTAAGTGTGTGTGTTCTGTTATTGATTTATTACTTGATGATTTTGTTGAAATAATAAAATCCCAAGATTTATCTGTAGTTTCTAAGGTTGTCAAAGTGACTATTGACTATACAGAAATTTCATTTATGCTTTGGTGTAAAGATGGCCATGTAGAAACATTTTACCCAAAATTACAATCTAGTCAAGCGTGGCAACCGGGTGTTGCTATGCCTAATCTTTACAAAATGCAAAGAATGCTATTAGAAAAGTGTGACCTTCAAAATTATGGTGATAGTGCAACATTACCTAAAGGCATAATGATGAATGTCGCAAAATATACTCAACTGTGTCAATATTTAAACACATTAACATTAGCTGTACCCTATAATATGAGAGTTATACATTTTGGTGCTGGTTCTGATAAAGGAGTTGCACCAGGTACAGCTGTTTTAAGACAGTGGTTGCCTACGGGTACGCTGCTTGTCGATTCAGATCTTAATGACTTTGTCTCTGATGCAGATTCAACTTTGATTGGTGATTGTGCAACTGTACATACAGCTAATAAATGGGATCTCATTATTAGTGATATGTACGACCCTAAGACTAAAAATGTTACAAAAGAAAATGACTCTAAAGAGGGTTTTTTCACTTACATTTGTGGGTTTATACAACAAAAGCTAGCTCTTGGAGGTTCCGTGGCTATAAAGATAACAGAACATTCTTGGAATGCTGATCTTTATAAGCTCATGGGACACTTCGCATGGTGGACAGCCTTTGTTACTAATGTGAATGCGTCATCATCTGAAGCATTTTTAATTGGATGTAATTATCTTGGCAAACCACGCGAACAAATAGATGGTTATGTCATGCATGCAAATTACATATTTTGGAGGAATACAAATCCAATTCAGTTGTCTTCCTATTCTTTATTTGACATGAGTAAATTTCCCCTTAAATTAAGGGGTACTGCTGTTATGTCTTTAAAAGAAGGTCAAATCAATGATATGATTTTATCTCTTCTTAGTAAAGGTAGACTTATAATTAGAGAAAACAACAGAGTTGTTATTTCTAGTGATGTTCTTGTTAACAACTAAACGAACAATGTTTGTTTTTCTTGTTTTATTGCCACTAGTCTCTAGTCAGTGTGTTAATCTTACAACCAGAACTCAATTACCCCCTGCATACACTAATTCTTTCACACGTGGTGTTTATTACCCTGACAAAGTTTTCAGATCCTCAGTTTTACATTCAACTCAGGACTTGTTCTTACCTTTCTTTTCCAATGTTACTTGGTTCCATGCTATACATGTCTCTGGGACCAATGGTACTAAGAGGTTTGATAACCCTGTCCTACCATTTAATGATGGTGTTTATTTTGCTTCCACTGAGAAGTCTAACATAATAAGAGGCTGGATTTTTGGTACTACTTTAGATTCGAAGACCCAGTCCCTACTTATTGTTAATAACGCTACTAATGTTGTTATTAAAGTCTGTGAATTTCAATTTTGTAATGATCCATTTTTGGGTGTTTATTACCACAAAAACAACAAAAGTTGGATGGAAAGTGAGTTCAGAGTTTATTCTAGTGCGAATAATTGCACTTTTGAATATGTCTCTCAGCCTTTTCTTATGGACCTTGAAGGAAAACAGGGTAATTTCAAAAATCTTAGGGAATTTGTGTTTAAGAATATTGATGGTTATTTTAAAATATATTCTAAGCACACGCCTATTAATTTAGTGCGTGATCTCCCTCAGGGTTTTTCGGCTTTAGAACCATTGGTAGATTTGCCAATAGGTATTAACATCACTAGGTTTCAAACTTTACTTGCTTTACATAGAAGTTATTTGACTCCTGGTGATTCTTCTTCAGGTTGGACAGCTGGTGCTGCAGCTTATTATGTGGGTTATCTTCAACCTAGGACTTTTCTATTAAAATATAATGAAAATGGAACCATTACAGATGCTGTAGACTGTGCACTTGACCCTCTCTCAGAAACAAAGTGTACGTTGAAATCCTTCACTGTAGAAAAAGGAATCTATCAAACTTCTAACTTTAGAGTCCAACCAACAGAATCTATTGTTAGATTTCCTAATATTACAAACTTGTGCCCTTTTGGTGAAGTTTTTAACGCCACCAGATTTGCATCTGTTTATGCTTGGAACAGGAAGAGAATCAGCAACTGTGTTGCTGATTATTCTGTCCTATATAATTCCGCATCATTTTCCACTTTTAAGTGTTATGGAGTGTCTCCTACTAAATTAAATGATCTCTGCTTTACTAATGTCTATGCAGATTCATTTGTAATTAGAGGTGATGAAGTCAGACAAATCGCTCCAGGGCAAACTGGAAAGATTGCTGATTATAATTATAAATTACCAGATGATTTTACAGGCTGCGTTATAGCTTGGAATTCTAACAATCTTGATTCTAAGGTTGGTGGTAATTATAATTACCTGTATAGATTGTTTAGGAAGTCTAATCTCAAACCTTTTGAGAGAGATATTTCAACTGAAATCTATCAGGCCGGTAGCACACCTTGTAATGGTGTTGAAGGTTTTAATTGTTACTTTCCTTTACAATCATATGGTTTCCAACCCACTAATGGTGTTGGTTACCAACCATACAGAGTAGTAGTACTTTCTTTTGAACTTCTACATGCACCAGCAACTGTTTGTGGACCTAAAAAGTCTACTAATTTGGTTAAAAACAAATGTGTCAATTTCAACTTCAATGGTTTAACAGGCACAGGTGTTCTTACTGAGTCTAACAAAAAGTTTCTGCCTTTCCAACAATTTGGCAGAGACATTGCTGACACTACTGATGCTGTCCGTGATCCACAGACACTTGAGATTCTTGACATTACACCATGTTCTTTTGGTGGTGTCAGTGTTATAACACCAGGAACAAATACTTCTAACCAGGTTGCTGTTCTTTATCAGGATGTTAACTGCACAGAAGTCCCTGTTGCTATTCATGCAGATCAACTTACTCCTACTTGGCGTGTTTATTCTACAGGTTCTAATGTTTTTCAAACACGTGCAGGCTGTTTAATAGGGGCTGAACATGTCAACAACTCATATGAGTGTGACATACCCATTGGTGCAGGTATATGCGCTAGTTATCAGACTCAGACTAATTCTCCTCGGCGGGCACGTAGTGTAGCTAGTCAATCCATCATTGCCTACACTATGTCACTTGGTGCAGAAAATTCAGTTGCTTACTCTAATAACTCTATTGCCATACCCACAAATTTTACTATTAGTGTTACCACAGAAATTCTACCAGTGTCTATGACCAAGACATCAGTAGATTGTACAATGTACATTTGTGGTGATTCAACTGAATGCAGCAATCTTTTGTTGCAATATGGCAGTTTTTGTACACAATTAAACCGTGCTTTAACTGGAATAGCTGTTGAACAAGACAAAAACACCCAAGAAGTTTTTGCACAAGTCAAACAAATTTACAAAACACCACCAATTAAAGATTTTGGTGGTTTTAATTTTTCACAAATATTACCAGATCCATCAAAACCAAGCAAGAGGTCATTTATTGAAGATCTACTTTTCAACAAAGTGACACTTGCAGATGCTGGCTTCATCAAACAATATGGTGATTGCCTTGGTGATATTGCTGCTAGAGACCTCATTTGTGCACAAAAGTTTAACGGCCTTACTGTTTTGCCACCTTTGCTCACAGATGAAATGATTGCTCAATACACTTCTGCACTGTTAGCGGGTACAATCACTTCTGGTTGGACCTTTGGTGCAGGTGCTGCATTACAAATACCATTTGCTATGCAAATGGCTTATAGGTTTAATGGTATTGGAGTTACACAGAATGTTCTCTATGAGAACCAAAAATTGATTGCCAACCAATTTAATAGTGCTATTGGCAAAATTCAAGACTCACTTTCTTCCACAGCAAGTGCACTTGGAAAACTTCAAGATGTGGTCAACCAAAATGCACAAGCTTTAAACACGCTTGTTAAACAACTTAGCTCCAATTTTGGTGCAATTTCAAGTGTTTTAAATGATATCCTTTCACGTCTTGACAAAGTTGAGGCTGAAGTGCAAATTGATAGGTTGATCACAGGCAGACTTCAAAGTTTGCAGACATATGTGACTCAACAATTAATTAGAGCTGCAGAAATCAGAGCTTCTGCTAATCTTGCTGCTACTAAAATGTCAGAGTGTGTACTTGGACAATCAAAAAGAGTTGATTTTTGTGGAAAGGGCTATCATCTTATGTCCTTCCCTCAGTCAGCACCTCATGGTGTAGTCTTCTTGCATGTGACTTATGTCCCTGCACAAGAAAAGAACTTCACAACTGCTCCTGCCATTTGTCATGATGGAAAAGCACACTTTCCTCGTGAAGGTGTCTTTGTTTCAAATGGCACACACTGGTTTGTAACACAAAGGAATTTTTATGAACCACAAATCATTACTACAGACAACACATTTGTGTCTGGTAACTGTGATGTTGTAATAGGAATTGTCAACAACACAGTTTATGATCCTTTGCAACCTGAATTAGACTCATTCAAGGAGGAGTTAGATAAATATTTTAAGAATCATACATCACCAGATGTTGATTTAGGTGACATCTCTGGCATTAATGCTTCAGTTGTAAACATTCAAAAAGAAATTGACCGCCTCAATGAGGTTGCCAAGAATTTAAATGAATCTCTCATCGATCTCCAAGAACTTGGAAAGTATGAGCAGTATATAAAATGGCCATGGTACATTTGGCTAGGTTTTATAGCTGGCTTGATTGCCATAGTAATGGTGACAATTATGCTTTGCTGTATGACCAGTTGCTGTAGTTGTCTCAAGGGCTGTTGTTCTTGTGGATCCTGCTGCAAATTTGATGAAGACGACTCTGAGCCAGTGCTCAAAGGAGTCAAATTACATTACACATAAACGAACTTATGGATTTGTTTATGAGAATCTTCACAATTGGAACTGTAACTTTGAAGCAAGGTGAAATCAAGGATGCTACTCCTTCAGATTTTGTTCGCGCTACTGCAACGATACCGATACAAGCCTCACTCCCTTTCGGATGGCTTATTGTTGGCGTTGCACTTCTTGCTGTTTTTCAGAGCGCTTCCAAAATCATAACCCTCAAAAAGAGATGGCAACTAGCACTCTCCAAGGGTGTTCACTTTGTTTGCAACTTGCTGTTGTTGTTTGTAACAGTTTACTCACACCTTTTGCTCGTTGCTGCTGGCCTTGAAGCCCCTTTTCTCTATCTTTATGCTTTAGTCTACTTCTTGCAGAGTATAAACTTTGTAAGAATAATAATGAGGCTTTGGCTTTGCTGGAAATGCCGTTCCAAAAACCCATTACTTTATGATGCCAACTATTTTCTTTGCTGGCATACTAATTGTTACGACTATTGTATACCTTACAATAGTGTAACTTCTTCAATTGTCATTACTTCAGGTGATGGCACAACAAGTCCTATTTCTGAACATGACTACCAGATTGGTGGTTATACTGAAAAATGGGAATCTGGAGTAAAAGACTGTGTTGTATTACACAGTTACTTCACTTCAGACTATTACCAGCTGTACTCAACTCAATTGAGTACAGACACTGGTGTTGAACATGTTACCTTCTTCATCTACAATAAAATTGTTGATGAGCCTGAAGAACATGTCCAAATTCACACAATCGACGGTTCATCCGGAGTTGTTAATCCAGTAATGGAACCAATTTATGATGAACCGACGACGACTACTAGCGTGCCTTTGTAAGCACAAGCTGATGAGTACGAACTTATGTACTCATTCGTTTCGGAAGAGACAGGTACGTTAATAGTTAATAGCGTACTTCTTTTTCTTGCTTTCGTGGTATTCTTGCTAGTTACACTAGCCATCCTTACTGCGCTTCGATTGTGTGCGTACTGCTGCAATATTGTTAACGTGAGTCTTGTAAAACCTTCTTTTTACGTTTACTCTCGTGTTAAAAATCTGAATTCTTCTAGAGTTCCTGATCTTCTGGTCTAAACGAACTAAATATTATATTAGTTTTTCTGTTTGGAACTTTAATTTTAGCCATGGCAGATTCCAACGGTACTATTACCGTTGAAGAGCTTAAAAAGCTCCTTGAACAATGGAACCTAGTAATAGGTTTCCTATTCCTTACATGGATTTGTCTTCTACAATTTGCCTATGCCAACAGGAATAGGTTTTTGTATATAATTAAGTTAATTTTCCTCTGGCTGTTATGGCCAGTAACTTTAGCTTGTTTTGTGCTTGCTGCTGTTTACAGAATAAATTGGATCACCGGTGGAATTGCTATCGCAATGGCTTGTCTTGTAGGCTTGATGTGGCTCAGCTACTTCATTGCTTCTTTCAGACTGTTTGCGCGTACGCGTTCCATGTGGTCATTCAATCCAGAAACTAACATTCTTCTCAACGTGCCACTCCATGGCACTATTCTGACCAGACCGCTTCTAGAAAGTGAACTCGTAATCGGAGCTGTGATCCTTCGTGGACATCTTCGTATTGCTGGACACCATCTAGGACGCTGTGACATCAAGGACCTGCCTAAAGAAATCACTGTTGCTACATCACGAACGCTTTCTTATTACAAATTGGGAGCTTCGCAGCGTGTAGCAGGTGACTCAGGTTTTGCTGCATACAGTCGCTACAGGATTGGCAACTATAAATTAAACACAGACCATTCCAGTAGCAGTGACAATATTGCTTTGCTTGTACAGTAAGTGACAACAGATGTTTCATCTCGTTGACTTTCAGGTTACTATAGCAGAGATATTACTAATTATTATGAGGACTTTTAAAGTTTCCATTTGGAATCTTGATTACATCATAAACCTCATAATTAAAAATTTATCTAAGTCACTAACTGAGAATAAATATTCTCAATTAGATGAAGAGCAACCAATGGAGATTGATTAAACGAACATGAAAATTATTCTTTTCTTGGCACTGATAACACTCGCTACTTGTGAGCTTTATCACTACCAAGAGTGTGTTAGAGGTACAACAGTACTTTTAAAAGAACCTTGCTCTTCTGGAACATACGAGGGCAATTCACCATTTCATCCTCTAGCTGATAACAAATTTGCACTGACTTGCTTTAGCACTCAATTTGCTTTTGCTTGTCCTGACGGCGTAAAACACGTCTATCAGTTACGTGCCAGATCAGTTTCACCTAAACTGTTCATCAGACAAGAGGAAGTTCAAGAACTTTACTCTCCAATTTTTCTTATTGTTGCGGCAATAGTGTTTATAACACTTTGCTTCACACTCAAAAGAAAGACAGAATGATTGAACTTTCATTAATTGACTTCTATTTGTGCTTTTTAGCCTTTCTGCTATTCCTTGTTTTAATTATGCTTATTATCTTTTGGTTCTCACTTGAACTGCAAGATCATAATGAAACTTGTCACGCCTAAACGAACATGAAATTTCTTGTTTTCTTAGGAATCATCACAACTGTAGCTGCATTTCACCAAGAATGTAGTTTACAGTCATGTACTCAACATCAACCATATGTAGTTGATGACCCGTGTCCTATTCACTTCTATTCTAAATGGTATATTAGAGTAGGAGCTAGAAAATCAGCACCTTTAATTGAATTGTGCGTGGATGAGGCTGGTTCTAAATCACCCATTCAGTACATCGATATCGGTAATTATACAGTTTCCTGTTTACCTTTTACAATTAATTGCCAGGAACCTAAATTGGGTAGTCTTGTAGTGCGTTGTTCGTTCTATGAAGACTTTTTAGAGTATCATGACGTTCGTGTTGTTTTAGATTTCATCTAAACGAACAAACTAAAATGTCTGATAATGGACCCCAAAATCAGCGAAATGCACCCCGCATTACGTTTGGTGGACCCTCAGATTCAACTGGCAGTAACCAGAATGGAGAACGCAGTGGGGCGCGATCAAAACAACGTCGGCCCCAAGGTTTACCCAATAATACTGCGTCTTGGTTCACCGCTCTCACTCAACATGGCAAGGAAGACCTTAAATTCCCTCGAGGACAAGGCGTTCCAATTAACACCAATAGCAGTCCAGATGACCAAATTGGCTACTACCGAAGAGCTACCAGACGAATTCGTGGTGGTGACGGTAAAATGAAAGATCTCAGTCCAAGATGGTATTTCTACTACCTAGGAACTGGGCCAGAAGCTGGACTTCCCTATGGTGCTAACAAAGACGGCATCATATGGGTTGCAACTGAGGGAGCCTTGAATACACCAAAAGATCACATTGGCACCCGCAATCCTGCTAACAATGCTGCAATCGTGCTACAACTTCCTCAAGGAACAACATTGCCAAAAGGCTTCTACGCAGAAGGGAGCAGAGGCGGCAGTCAAGCCTCTTCTCGTTCCTCATCACGTAGTCGCAACAGTTCAAGAAATTCAACTCCAGGCAGCAGTAGGGGAACTTCTCCTGCTAGAATGGCTGGCAATGGCGGTGATGCTGCTCTTGCTTTGCTGCTGCTTGACAGATTGAACCAGCTTGAGAGCAAAATGTCTGGTAAAGGCCAACAACAACAAGGCCAAACTGTCACTAAGAAATCTGCTGCTGAGGCTTCTAAGAAGCCTCGGCAAAAACGTACTGCCACTAAAGCATACAATGTAACACAAGCTTTCGGCAGACGTGGTCCAGAACAAACCCAAGGAAATTTTGGGGACCAGGAACTAATCAGACAAGGAACTGATTACAAACATTGGCCGCAAATTGCACAATTTGCCCCCAGCGCTTCAGCGTTCTTCGGAATGTCGCGCATTGGCATGGAAGTCACACCTTCGGGAACGTGGTTGACCTACACAGGTGCCATCAAATTGGATGACAAAGATCCAAATTTCAAAGATCAAGTCATTTTGCTGAATAAGCATATTGACGCATACAAAACATTCCCACCAACAGAGCCTAAAAAGGACAAAAAGAAGAAGGCTGATGAAACTCAAGCCTTACCGCAGAGACAGAAGAAACAGCAAACTGTGACTCTTCTTCCTGCTGCAGATTTGGATGATTTCTCCAAACAATTGCAACAATCCATGAGCAGTGCTGACTCAACTCAGGCCTAAACTCATGCAGACCACACAAGGCAGATGGGCTATATAAACGTTTTCGCTTTTCCGTTTACGATATATAGTCTACTCTTGTGCAGAATGAATTCTCGTAACTACATAGCACAAGTAGATGTAGTTAACTTTAATCTCACATAGCAATCTTTAATCAGTGTGTAACATTAGGGAGGACTTGAAAGAGCCACCACATTTTCACCGAGGCCACGCGGAGTACGATCGAGTGTACAGTGAACAATGCTAGGGAGAGCTGCCTATATGGAAGAGCCCTAATGTGTAAAATTAATTTTAGTAGTGCTATCCCCATGTGATTTTAATAGCTTCTTAGGAGAATGACAAAAAAAAAAAAAAAAAAAAAAAAAAAAAAAAA",
        "accession": "MN908947.3",
        "description": "(Wuhan-Hu-1/2019)",
        "type": null,
        "segment_number": null,
        "reference": 1
    }
},
{
    "model": "rest_api.gene",
    "pk": 1,
    "fields": {
        "description": "envelope protein",
        "start": 26244,
        "end": 26472,
        "strand": 1,
        "gene_symbol": "E",
        "cds_symbol": "E",
        "gene_accession": "E",
        "cds_accession": "QHD43418.1",
        "gene_sequence": "ATGTACTCATTCGTTTCGGAAGAGACAGGTACGTTAATAGTTAATAGCGTACTTCTTTTTCTTGCTTTCGTGGTATTCTTGCTAGTTACACTAGCCATCCTTACTGCGCTTCGATTGTGTGCGTACTGCTGCAATATTGTTAACGTGAGTCTTGTAAAACCTTCTTTTTACGTTTACTCTCGTGTTAAAAATCTGAATTCTTCTAGAGTTCCTGATCTTCTGGTCTAA",
        "cds_sequence": "MYSFVSEETGTLIVNSVLLFLAFVVFLLVTLAILTALRLCAYCCNIVNVSLVKPSFYVYSRVKNLNSSRVPDLLV",
        "replicon": 1
    }
},
{
    "model": "rest_api.gene",
    "pk": 2,
    "fields": {
        "description": "membrane glycoprotein",
        "start": 26522,
        "end": 27191,
        "strand": 1,
        "gene_symbol": "M",
        "cds_symbol": "M",
        "gene_accession": "M",
        "cds_accession": "QHD43419.1",
        "gene_sequence": "ATGGCAGATTCCAACGGTACTATTACCGTTGAAGAGCTTAAAAAGCTCCTTGAACAATGGAACCTAGTAATAGGTTTCCTATTCCTTACATGGATTTGTCTTCTACAATTTGCCTATGCCAACAGGAATAGGTTTTTGTATATAATTAAGTTAATTTTCCTCTGGCTGTTATGGCCAGTAACTTTAGCTTGTTTTGTGCTTGCTGCTGTTTACAGAATAAATTGGATCACCGGTGGAATTGCTATCGCAATGGCTTGTCTTGTAGGCTTGATGTGGCTCAGCTACTTCATTGCTTCTTTCAGACTGTTTGCGCGTACGCGTTCCATGTGGTCATTCAATCCAGAAACTAACATTCTTCTCAACGTGCCACTCCATGGCACTATTCTGACCAGACCGCTTCTAGAAAGTGAACTCGTAATCGGAGCTGTGATCCTTCGTGGACATCTTCGTATTGCTGGACACCATCTAGGACGCTGTGACATCAAGGACCTGCCTAAAGAAATCACTGTTGCTACATCACGAACGCTTTCTTATTACAAATTGGGAGCTTCGCAGCGTGTAGCAGGTGACTCAGGTTTTGCTGCATACAGTCGCTACAGGATTGGCAACTATAAATTAAACACAGACCATTCCAGTAGCAGTGACAATATTGCTTTGCTTGTACAGTAA",
        "cds_sequence": "MADSNGTITVEELKKLLEQWNLVIGFLFLTWICLLQFAYANRNRFLYIIKLIFLWLLWPVTLACFVLAAVYRINWITGGIAIAMACLVGLMWLSYFIASFRLFARTRSMWSFNPETNILLNVPLHGTILTRPLLESELVIGAVILRGHLRIAGHHLGRCDIKDLPKEITVATSRTLSYYKLGASQRVAGDSGFAAYSRYRIGNYKLNTDHSSSSDNIALLVQ",
        "replicon": 1
    }
},
{
    "model": "rest_api.gene",
    "pk": 3,
    "fields": {
        "description": "nucleocapsid phosphoprotein",
        "start": 28273,
        "end": 29533,
        "strand": 1,
        "gene_symbol": "N",
        "cds_symbol": "N",
        "gene_accession": "N",
        "cds_accession": "QHD43423.2",
        "gene_sequence": "ATGTCTGATAATGGACCCCAAAATCAGCGAAATGCACCCCGCATTACGTTTGGTGGACCCTCAGATTCAACTGGCAGTAACCAGAATGGAGAACGCAGTGGGGCGCGATCAAAACAACGTCGGCCCCAAGGTTTACCCAATAATACTGCGTCTTGGTTCACCGCTCTCACTCAACATGGCAAGGAAGACCTTAAATTCCCTCGAGGACAAGGCGTTCCAATTAACACCAATAGCAGTCCAGATGACCAAATTGGCTACTACCGAAGAGCTACCAGACGAATTCGTGGTGGTGACGGTAAAATGAAAGATCTCAGTCCAAGATGGTATTTCTACTACCTAGGAACTGGGCCAGAAGCTGGACTTCCCTATGGTGCTAACAAAGACGGCATCATATGGGTTGCAACTGAGGGAGCCTTGAATACACCAAAAGATCACATTGGCACCCGCAATCCTGCTAACAATGCTGCAATCGTGCTACAACTTCCTCAAGGAACAACATTGCCAAAAGGCTTCTACGCAGAAGGGAGCAGAGGCGGCAGTCAAGCCTCTTCTCGTTCCTCATCACGTAGTCGCAACAGTTCAAGAAATTCAACTCCAGGCAGCAGTAGGGGAACTTCTCCTGCTAGAATGGCTGGCAATGGCGGTGATGCTGCTCTTGCTTTGCTGCTGCTTGACAGATTGAACCAGCTTGAGAGCAAAATGTCTGGTAAAGGCCAACAACAACAAGGCCAAACTGTCACTAAGAAATCTGCTGCTGAGGCTTCTAAGAAGCCTCGGCAAAAACGTACTGCCACTAAAGCATACAATGTAACACAAGCTTTCGGCAGACGTGGTCCAGAACAAACCCAAGGAAATTTTGGGGACCAGGAACTAATCAGACAAGGAACTGATTACAAACATTGGCCGCAAATTGCACAATTTGCCCCCAGCGCTTCAGCGTTCTTCGGAATGTCGCGCATTGGCATGGAAGTCACACCTTCGGGAACGTGGTTGACCTACACAGGTGCCATCAAATTGGATGACAAAGATCCAAATTTCAAAGATCAAGTCATTTTGCTGAATAAGCATATTGACGCATACAAAACATTCCCACCAACAGAGCCTAAAAAGGACAAAAAGAAGAAGGCTGATGAAACTCAAGCCTTACCGCAGAGACAGAAGAAACAGCAAACTGTGACTCTTCTTCCTGCTGCAGATTTGGATGATTTCTCCAAACAATTGCAACAATCCATGAGCAGTGCTGACTCAACTCAGGCCTAA",
        "cds_sequence": "MSDNGPQNQRNAPRITFGGPSDSTGSNQNGERSGARSKQRRPQGLPNNTASWFTALTQHGKEDLKFPRGQGVPINTNSSPDDQIGYYRRATRRIRGGDGKMKDLSPRWYFYYLGTGPEAGLPYGANKDGIIWVATEGALNTPKDHIGTRNPANNAAIVLQLPQGTTLPKGFYAEGSRGGSQASSRSSSRSRNSSRNSTPGSSRGTSPARMAGNGGDAALALLLLDRLNQLESKMSGKGQQQQGQTVTKKSAAEASKKPRQKRTATKAYNVTQAFGRRGPEQTQGNFGDQELIRQGTDYKHWPQIAQFAPSASAFFGMSRIGMEVTPSGTWLTYTGAIKLDDKDPNFKDQVILLNKHIDAYKTFPPTEPKKDKKKKADETQALPQRQKKQQTVTLLPAADLDDFSKQLQQSMSSADSTQA",
        "replicon": 1
    }
},
{
    "model": "rest_api.gene",
    "pk": 4,
    "fields": {
        "description": "",
        "start": 265,
        "end": 13468,
        "strand": 1,
        "gene_symbol": "ORF1a",
        "cds_symbol": "ORF1a",
        "gene_accession": "ORF1a",
        "cds_accession": "ORF1a",
        "gene_sequence": "ATGGAGAGCCTTGTCCCTGGTTTCAACGAGAAAACACACGTCCAACTCAGTTTGCCTGTTTTACAGGTTCGCGACGTGCTCGTACGTGGCTTTGGAGACTCCGTGGAGGAGGTCTTATCAGAGGCACGTCAACATCTTAAAGATGGCACTTGTGGCTTAGTAGAAGTTGAAAAAGGCGTTTTGCCTCAACTTGAACAGCCCTATGTGTTCATCAAACGTTCGGATGCTCGAACTGCACCTCATGGTCATGTTATGGTTGAGCTGGTAGCAGAACTCGAAGGCATTCAGTACGGTCGTAGTGGTGAGACACTTGGTGTCCTTGTCCCTCATGTGGGCGAAATACCAGTGGCTTACCGCAAGGTTCTTCTTCGTAAGAACGGTAATAAAGGAGCTGGTGGCCATAGTTACGGCGCCGATCTAAAGTCATTTGACTTAGGCGACGAGCTTGGCACTGATCCTTATGAAGATTTTCAAGAAAACTGGAACACTAAACATAGCAGTGGTGTTACCCGTGAACTCATGCGTGAGCTTAACGGAGGGGCATACACTCGCTATGTCGATAACAACTTCTGTGGCCCTGATGGCTACCCTCTTGAGTGCATTAAAGACCTTCTAGCACGTGCTGGTAAAGCTTCATGCACTTTGTCCGAACAACTGGACTTTATTGACACTAAGAGGGGTGTATACTGCTGCCGTGAACATGAGCATGAAATTGCTTGGTACACGGAACGTTCTGAAAAGAGCTATGAATTGCAGACACCTTTTGAAATTAAATTGGCAAAGAAATTTGACACCTTCAATGGGGAATGTCCAAATTTTGTATTTCCCTTAAATTCCATAATCAAGACTATTCAACCAAGGGTTGAAAAGAAAAAGCTTGATGGCTTTATGGGTAGAATTCGATCTGTCTATCCAGTTGCGTCACCAAATGAATGCAACCAAATGTGCCTTTCAACTCTCATGAAGTGTGATCATTGTGGTGAAACTTCATGGCAGACGGGCGATTTTGTTAAAGCCACTTGCGAATTTTGTGGCACTGAGAATTTGACTAAAGAAGGTGCCACTACTTGTGGTTACTTACCCCAAAATGCTGTTGTTAAAATTTATTGTCCAGCATGTCACAATTCAGAAGTAGGACCTGAGCATAGTCTTGCCGAATACCATAATGAATCTGGCTTGAAAACCATTCTTCGTAAGGGTGGTCGCACTATTGCCTTTGGAGGCTGTGTGTTCTCTTATGTTGGTTGCCATAACAAGTGTGCCTATTGGGTTCCACGTGCTAGCGCTAACATAGGTTGTAACCATACAGGTGTTGTTGGAGAAGGTTCCGAAGGTCTTAATGACAACCTTCTTGAAATACTCCAAAAAGAGAAAGTCAACATCAATATTGTTGGTGACTTTAAACTTAATGAAGAGATCGCCATTATTTTGGCATCTTTTTCTGCTTCCACAAGTGCTTTTGTGGAAACTGTGAAAGGTTTGGATTATAAAGCATTCAAACAAATTGTTGAATCCTGTGGTAATTTTAAAGTTACAAAAGGAAAAGCTAAAAAAGGTGCCTGGAATATTGGTGAACAGAAATCAATACTGAGTCCTCTTTATGCATTTGCATCAGAGGCTGCTCGTGTTGTACGATCAATTTTCTCCCGCACTCTTGAAACTGCTCAAAATTCTGTGCGTGTTTTACAGAAGGCCGCTATAACAATACTAGATGGAATTTCACAGTATTCACTGAGACTCATTGATGCTATGATGTTCACATCTGATTTGGCTACTAACAATCTAGTTGTAATGGCCTACATTACAGGTGGTGTTGTTCAGTTGACTTCGCAGTGGCTAACTAACATCTTTGGCACTGTTTATGAAAAACTCAAACCCGTCCTTGATTGGCTTGAAGAGAAGTTTAAGGAAGGTGTAGAGTTTCTTAGAGACGGTTGGGAAATTGTTAAATTTATCTCAACCTGTGCTTGTGAAATTGTCGGTGGACAAATTGTCACCTGTGCAAAGGAAATTAAGGAGAGTGTTCAGACATTCTTTAAGCTTGTAAATAAATTTTTGGCTTTGTGTGCTGACTCTATCATTATTGGTGGAGCTAAACTTAAAGCCTTGAATTTAGGTGAAACATTTGTCACGCACTCAAAGGGATTGTACAGAAAGTGTGTTAAATCCAGAGAAGAAACTGGCCTACTCATGCCTCTAAAAGCCCCAAAAGAAATTATCTTCTTAGAGGGAGAAACACTTCCCACAGAAGTGTTAACAGAGGAAGTTGTCTTGAAAACTGGTGATTTACAACCATTAGAACAACCTACTAGTGAAGCTGTTGAAGCTCCATTGGTTGGTACACCAGTTTGTATTAACGGGCTTATGTTGCTCGAAATCAAAGACACAGAAAAGTACTGTGCCCTTGCACCTAATATGATGGTAACAAACAATACCTTCACACTCAAAGGCGGTGCACCAACAAAGGTTACTTTTGGTGATGACACTGTGATAGAAGTGCAAGGTTACAAGAGTGTGAATATCACTTTTGAACTTGATGAAAGGATTGATAAAGTACTTAATGAGAAGTGCTCTGCCTATACAGTTGAACTCGGTACAGAAGTAAATGAGTTCGCCTGTGTTGTGGCAGATGCTGTCATAAAAACTTTGCAACCAGTATCTGAATTACTTACACCACTGGGCATTGATTTAGATGAGTGGAGTATGGCTACATACTACTTATTTGATGAGTCTGGTGAGTTTAAATTGGCTTCACATATGTATTGTTCTTTCTACCCTCCAGATGAGGATGAAGAAGAAGGTGATTGTGAAGAAGAAGAGTTTGAGCCATCAACTCAATATGAGTATGGTACTGAAGATGATTACCAAGGTAAACCTTTGGAATTTGGTGCCACTTCTGCTGCTCTTCAACCTGAAGAAGAGCAAGAAGAAGATTGGTTAGATGATGATAGTCAACAAACTGTTGGTCAACAAGACGGCAGTGAGGACAATCAGACAACTACTATTCAAACAATTGTTGAGGTTCAACCTCAATTAGAGATGGAACTTACACCAGTTGTTCAGACTATTGAAGTGAATAGTTTTAGTGGTTATTTAAAACTTACTGACAATGTATACATTAAAAATGCAGACATTGTGGAAGAAGCTAAAAAGGTAAAACCAACAGTGGTTGTTAATGCAGCCAATGTTTACCTTAAACATGGAGGAGGTGTTGCAGGAGCCTTAAATAAGGCTACTAACAATGCCATGCAAGTTGAATCTGATGATTACATAGCTACTAATGGACCACTTAAAGTGGGTGGTAGTTGTGTTTTAAGCGGACACAATCTTGCTAAACACTGTCTTCATGTTGTCGGCCCAAATGTTAACAAAGGTGAAGACATTCAACTTCTTAAGAGTGCTTATGAAAATTTTAATCAGCACGAAGTTCTACTTGCACCATTATTATCAGCTGGTATTTTTGGTGCTGACCCTATACATTCTTTAAGAGTTTGTGTAGATACTGTTCGCACAAATGTCTACTTAGCTGTCTTTGATAAAAATCTCTATGACAAACTTGTTTCAAGCTTTTTGGAAATGAAGAGTGAAAAGCAAGTTGAACAAAAGATCGCTGAGATTCCTAAAGAGGAAGTTAAGCCATTTATAACTGAAAGTAAACCTTCAGTTGAACAGAGAAAACAAGATGATAAGAAAATCAAAGCTTGTGTTGAAGAAGTTACAACAACTCTGGAAGAAACTAAGTTCCTCACAGAAAACTTGTTACTTTATATTGACATTAATGGCAATCTTCATCCAGATTCTGCCACTCTTGTTAGTGACATTGACATCACTTTCTTAAAGAAAGATGCTCCATATATAGTGGGTGATGTTGTTCAAGAGGGTGTTTTAACTGCTGTGGTTATACCTACTAAAAAGGCTGGTGGCACTACTGAAATGCTAGCGAAAGCTTTGAGAAAAGTGCCAACAGACAATTATATAACCACTTACCCGGGTCAGGGTTTAAATGGTTACACTGTAGAGGAGGCAAAGACAGTGCTTAAAAAGTGTAAAAGTGCCTTTTACATTCTACCATCTATTATCTCTAATGAGAAGCAAGAAATTCTTGGAACTGTTTCTTGGAATTTGCGAGAAATGCTTGCACATGCAGAAGAAACACGCAAATTAATGCCTGTCTGTGTGGAAACTAAAGCCATAGTTTCAACTATACAGCGTAAATATAAGGGTATTAAAATACAAGAGGGTGTGGTTGATTATGGTGCTAGATTTTACTTTTACACCAGTAAAACAACTGTAGCGTCACTTATCAACACACTTAACGATCTAAATGAAACTCTTGTTACAATGCCACTTGGCTATGTAACACATGGCTTAAATTTGGAAGAAGCTGCTCGGTATATGAGATCTCTCAAAGTGCCAGCTACAGTTTCTGTTTCTTCACCTGATGCTGTTACAGCGTATAATGGTTATCTTACTTCTTCTTCTAAAACACCTGAAGAACATTTTATTGAAACCATCTCACTTGCTGGTTCCTATAAAGATTGGTCCTATTCTGGACAATCTACACAACTAGGTATAGAATTTCTTAAGAGAGGTGATAAAAGTGTATATTACACTAGTAATCCTACCACATTCCACCTAGATGGTGAAGTTATCACCTTTGACAATCTTAAGACACTTCTTTCTTTGAGAGAAGTGAGGACTATTAAGGTGTTTACAACAGTAGACAACATTAACCTCCACACGCAAGTTGTGGACATGTCAATGACATATGGACAACAGTTTGGTCCAACTTATTTGGATGGAGCTGATGTTACTAAAATAAAACCTCATAATTCACATGAAGGTAAAACATTTTATGTTTTACCTAATGATGACACTCTACGTGTTGAGGCTTTTGAGTACTACCACACAACTGATCCTAGTTTTCTGGGTAGGTACATGTCAGCATTAAATCACACTAAAAAGTGGAAATACCCACAAGTTAATGGTTTAACTTCTATTAAATGGGCAGATAACAACTGTTATCTTGCCACTGCATTGTTAACACTCCAACAAATAGAGTTGAAGTTTAATCCACCTGCTCTACAAGATGCTTATTACAGAGCAAGGGCTGGTGAAGCTGCTAACTTTTGTGCACTTATCTTAGCCTACTGTAATAAGACAGTAGGTGAGTTAGGTGATGTTAGAGAAACAATGAGTTACTTGTTTCAACATGCCAATTTAGATTCTTGCAAAAGAGTCTTGAACGTGGTGTGTAAAACTTGTGGACAACAGCAGACAACCCTTAAGGGTGTAGAAGCTGTTATGTACATGGGCACACTTTCTTATGAACAATTTAAGAAAGGTGTTCAGATACCTTGTACGTGTGGTAAACAAGCTACAAAATATCTAGTACAACAGGAGTCACCTTTTGTTATGATGTCAGCACCACCTGCTCAGTATGAACTTAAGCATGGTACATTTACTTGTGCTAGTGAGTACACTGGTAATTACCAGTGTGGTCACTATAAACATATAACTTCTAAAGAAACTTTGTATTGCATAGACGGTGCTTTACTTACAAAGTCCTCAGAATACAAAGGTCCTATTACGGATGTTTTCTACAAAGAAAACAGTTACACAACAACCATAAAACCAGTTACTTATAAATTGGATGGTGTTGTTTGTACAGAAATTGACCCTAAGTTGGACAATTATTATAAGAAAGACAATTCTTATTTCACAGAGCAACCAATTGATCTTGTACCAAACCAACCATATCCAAACGCAAGCTTCGATAATTTTAAGTTTGTATGTGATAATATCAAATTTGCTGATGATTTAAACCAGTTAACTGGTTATAAGAAACCTGCTTCAAGAGAGCTTAAAGTTACATTTTTCCCTGACTTAAATGGTGATGTGGTGGCTATTGATTATAAACACTACACACCCTCTTTTAAGAAAGGAGCTAAATTGTTACATAAACCTATTGTTTGGCATGTTAACAATGCAACTAATAAAGCCACGTATAAACCAAATACCTGGTGTATACGTTGTCTTTGGAGCACAAAACCAGTTGAAACATCAAATTCGTTTGATGTACTGAAGTCAGAGGACGCGCAGGGAATGGATAATCTTGCCTGCGAAGATCTAAAACCAGTCTCTGAAGAAGTAGTGGAAAATCCTACCATACAGAAAGACGTTCTTGAGTGTAATGTGAAAACTACCGAAGTTGTAGGAGACATTATACTTAAACCAGCAAATAATAGTTTAAAAATTACAGAAGAGGTTGGCCACACAGATCTAATGGCTGCTTATGTAGACAATTCTAGTCTTACTATTAAGAAACCTAATGAATTATCTAGAGTATTAGGTTTGAAAACCCTTGCTACTCATGGTTTAGCTGCTGTTAATAGTGTCCCTTGGGATACTATAGCTAATTATGCTAAGCCTTTTCTTAACAAAGTTGTTAGTACAACTACTAACATAGTTACACGGTGTTTAAACCGTGTTTGTACTAATTATATGCCTTATTTCTTTACTTTATTGCTACAATTGTGTACTTTTACTAGAAGTACAAATTCTAGAATTAAAGCATCTATGCCGACTACTATAGCAAAGAATACTGTTAAGAGTGTCGGTAAATTTTGTCTAGAGGCTTCATTTAATTATTTGAAGTCACCTAATTTTTCTAAACTGATAAATATTATAATTTGGTTTTTACTATTAAGTGTTTGCCTAGGTTCTTTAATCTACTCAACCGCTGCTTTAGGTGTTTTAATGTCTAATTTAGGCATGCCTTCTTACTGTACTGGTTACAGAGAAGGCTATTTGAACTCTACTAATGTCACTATTGCAACCTACTGTACTGGTTCTATACCTTGTAGTGTTTGTCTTAGTGGTTTAGATTCTTTAGACACCTATCCTTCTTTAGAAACTATACAAATTACCATTTCATCTTTTAAATGGGATTTAACTGCTTTTGGCTTAGTTGCAGAGTGGTTTTTGGCATATATTCTTTTCACTAGGTTTTTCTATGTACTTGGATTGGCTGCAATCATGCAATTGTTTTTCAGCTATTTTGCAGTACATTTTATTAGTAATTCTTGGCTTATGTGGTTAATAATTAATCTTGTACAAATGGCCCCGATTTCAGCTATGGTTAGAATGTACATCTTCTTTGCATCATTTTATTATGTATGGAAAAGTTATGTGCATGTTGTAGACGGTTGTAATTCATCAACTTGTATGATGTGTTACAAACGTAATAGAGCAACAAGAGTCGAATGTACAACTATTGTTAATGGTGTTAGAAGGTCCTTTTATGTCTATGCTAATGGAGGTAAAGGCTTTTGCAAACTACACAATTGGAATTGTGTTAATTGTGATACATTCTGTGCTGGTAGTACATTTATTAGTGATGAAGTTGCGAGAGACTTGTCACTACAGTTTAAAAGACCAATAAATCCTACTGACCAGTCTTCTTACATCGTTGATAGTGTTACAGTGAAGAATGGTTCCATCCATCTTTACTTTGATAAAGCTGGTCAAAAGACTTATGAAAGACATTCTCTCTCTCATTTTGTTAACTTAGACAACCTGAGAGCTAATAACACTAAAGGTTCATTGCCTATTAATGTTATAGTTTTTGATGGTAAATCAAAATGTGAAGAATCATCTGCAAAATCAGCGTCTGTTTACTACAGTCAGCTTATGTGTCAACCTATACTGTTACTAGATCAGGCATTAGTGTCTGATGTTGGTGATAGTGCGGAAGTTGCAGTTAAAATGTTTGATGCTTACGTTAATACGTTTTCATCAACTTTTAACGTACCAATGGAAAAACTCAAAACACTAGTTGCAACTGCAGAAGCTGAACTTGCAAAGAATGTGTCCTTAGACAATGTCTTATCTACTTTTATTTCAGCAGCTCGGCAAGGGTTTGTTGATTCAGATGTAGAAACTAAAGATGTTGTTGAATGTCTTAAATTGTCACATCAATCTGACATAGAAGTTACTGGCGATAGTTGTAATAACTATATGCTCACCTATAACAAAGTTGAAAACATGACACCCCGTGACCTTGGTGCTTGTATTGACTGTAGTGCGCGTCATATTAATGCGCAGGTAGCAAAAAGTCACAACATTGCTTTGATATGGAACGTTAAAGATTTCATGTCATTGTCTGAACAACTACGAAAACAAATACGTAGTGCTGCTAAAAAGAATAACTTACCTTTTAAGTTGACATGTGCAACTACTAGACAAGTTGTTAATGTTGTAACAACAAAGATAGCACTTAAGGGTGGTAAAATTGTTAATAATTGGTTGAAGCAGTTAATTAAAGTTACACTTGTGTTCCTTTTTGTTGCTGCTATTTTCTATTTAATAACACCTGTTCATGTCATGTCTAAACATACTGACTTTTCAAGTGAAATCATAGGATACAAGGCTATTGATGGTGGTGTCACTCGTGACATAGCATCTACAGATACTTGTTTTGCTAACAAACATGCTGATTTTGACACATGGTTTAGCCAGCGTGGTGGTAGTTATACTAATGACAAAGCTTGCCCATTGATTGCTGCAGTCATAACAAGAGAAGTGGGTTTTGTCGTGCCTGGTTTGCCTGGCACGATATTACGCACAACTAATGGTGACTTTTTGCATTTCTTACCTAGAGTTTTTAGTGCAGTTGGTAACATCTGTTACACACCATCAAAACTTATAGAGTACACTGACTTTGCAACATCAGCTTGTGTTTTGGCTGCTGAATGTACAATTTTTAAAGATGCTTCTGGTAAGCCAGTACCATATTGTTATGATACCAATGTACTAGAAGGTTCTGTTGCTTATGAAAGTTTACGCCCTGACACACGTTATGTGCTCATGGATGGCTCTATTATTCAATTTCCTAACACCTACCTTGAAGGTTCTGTTAGAGTGGTAACAACTTTTGATTCTGAGTACTGTAGGCACGGCACTTGTGAAAGATCAGAAGCTGGTGTTTGTGTATCTACTAGTGGTAGATGGGTACTTAACAATGATTATTACAGATCTTTACCAGGAGTTTTCTGTGGTGTAGATGCTGTAAATTTACTTACTAATATGTTTACACCACTAATTCAACCTATTGGTGCTTTGGACATATCAGCATCTATAGTAGCTGGTGGTATTGTAGCTATCGTAGTAACATGCCTTGCCTACTATTTTATGAGGTTTAGAAGAGCTTTTGGTGAATACAGTCATGTAGTTGCCTTTAATACTTTACTATTCCTTATGTCATTCACTGTACTCTGTTTAACACCAGTTTACTCATTCTTACCTGGTGTTTATTCTGTTATTTACTTGTACTTGACATTTTATCTTACTAATGATGTTTCTTTTTTAGCACATATTCAGTGGATGGTTATGTTCACACCTTTAGTACCTTTCTGGATAACAATTGCTTATATCATTTGTATTTCCACAAAGCATTTCTATTGGTTCTTTAGTAATTACCTAAAGAGACGTGTAGTCTTTAATGGTGTTTCCTTTAGTACTTTTGAAGAAGCTGCGCTGTGCACCTTTTTGTTAAATAAAGAAATGTATCTAAAGTTGCGTAGTGATGTGCTATTACCTCTTACGCAATATAATAGATACTTAGCTCTTTATAATAAGTACAAGTATTTTAGTGGAGCAATGGATACAACTAGCTACAGAGAAGCTGCTTGTTGTCATCTCGCAAAGGCTCTCAATGACTTCAGTAACTCAGGTTCTGATGTTCTTTACCAACCACCACAAACCTCTATCACCTCAGCTGTTTTGCAGAGTGGTTTTAGAAAAATGGCATTCCCATCTGGTAAAGTTGAGGGTTGTATGGTACAAGTAACTTGTGGTACAACTACACTTAACGGTCTTTGGCTTGATGACGTAGTTTACTGTCCAAGACATGTGATCTGCACCTCTGAAGACATGCTTAACCCTAATTATGAAGATTTACTCATTCGTAAGTCTAATCATAATTTCTTGGTACAGGCTGGTAATGTTCAACTCAGGGTTATTGGACATTCTATGCAAAATTGTGTACTTAAGCTTAAGGTTGATACAGCCAATCCTAAGACACCTAAGTATAAGTTTGTTCGCATTCAACCAGGACAGACTTTTTCAGTGTTAGCTTGTTACAATGGTTCACCATCTGGTGTTTACCAATGTGCTATGAGGCCCAATTTCACTATTAAGGGTTCATTCCTTAATGGTTCATGTGGTAGTGTTGGTTTTAACATAGATTATGACTGTGTCTCTTTTTGTTACATGCACCATATGGAATTACCAACTGGAGTTCATGCTGGCACAGACTTAGAAGGTAACTTTTATGGACCTTTTGTTGACAGGCAAACAGCACAAGCAGCTGGTACGGACACAACTATTACAGTTAATGTTTTAGCTTGGTTGTACGCTGCTGTTATAAATGGAGACAGGTGGTTTCTCAATCGATTTACCACAACTCTTAATGACTTTAACCTTGTGGCTATGAAGTACAATTATGAACCTCTAACACAAGACCATGTTGACATACTAGGACCTCTTTCTGCTCAAACTGGAATTGCCGTTTTAGATATGTGTGCTTCATTAAAAGAATTACTGCAAAATGGTATGAATGGACGTACCATATTGGGTAGTGCTTTATTAGAAGATGAATTTACACCTTTTGATGTTGTTAGACAATGCTCAGGTGTTACTTTCCAAAGTGCAGTGAAAAGAACAATCAAGGGTACACACCACTGGTTGTTACTCACAATTTTGACTTCACTTTTAGTTTTAGTCCAGAGTACTCAATGGTCTTTGTTCTTTTTTTTGTATGAAAATGCCTTTTTACCTTTTGCTATGGGTATTATTGCTATGTCTGCTTTTGCAATGATGTTTGTCAAACATAAGCATGCATTTCTCTGTTTGTTTTTGTTACCTTCTCTTGCCACTGTAGCTTATTTTAATATGGTCTATATGCCTGCTAGTTGGGTGATGCGTATTATGACATGGTTGGATATGGTTGATACTAGTTTGTCTGGTTTTAAGCTAAAAGACTGTGTTATGTATGCATCAGCTGTAGTGTTACTAATCCTTATGACAGCAAGAACTGTGTATGATGATGGTGCTAGGAGAGTGTGGACACTTATGAATGTCTTGACACTCGTTTATAAAGTTTATTATGGTAATGCTTTAGATCAAGCCATTTCCATGTGGGCTCTTATAATCTCTGTTACTTCTAACTACTCAGGTGTAGTTACAACTGTCATGTTTTTGGCCAGAGGTATTGTTTTTATGTGTGTTGAGTATTGCCCTATTTTCTTCATAACTGGTAATACACTTCAGTGTATAATGCTAGTTTATTGTTTCTTAGGCTATTTTTGTACTTGTTACTTTGGCCTCTTTTGTTTACTCAACCGCTACTTTAGACTGACTCTTGGTGTTTATGATTACTTAGTTTCTACACAGGAGTTTAGATATATGAATTCACAGGGACTACTCCCACCCAAGAATAGCATAGATGCCTTCAAACTCAACATTAAATTGTTGGGTGTTGGTGGCAAACCTTGTATCAAAGTAGCCACTGTACAGTCTAAAATGTCAGATGTAAAGTGCACATCAGTAGTCTTACTCTCAGTTTTGCAACAACTCAGAGTAGAATCATCATCTAAATTGTGGGCTCAATGTGTCCAGTTACACAATGACATTCTCTTAGCTAAAGATACTACTGAAGCCTTTGAAAAAATGGTTTCACTACTTTCTGTTTTGCTTTCCATGCAGGGTGCTGTAGACATAAACAAGCTTTGTGAAGAAATGCTGGACAACAGGGCAACCTTACAAGCTATAGCCTCAGAGTTTAGTTCCCTTCCATCATATGCAGCTTTTGCTACTGCTCAAGAAGCTTATGAGCAGGCTGTTGCTAATGGTGATTCTGAAGTTGTTCTTAAAAAGTTGAAGAAGTCTTTGAATGTGGCTAAATCTGAATTTGACCGTGATGCAGCCATGCAACGTAAGTTGGAAAAGATGGCTGATCAAGCTATGACCCAAATGTATAAACAGGCTAGATCTGAGGACAAGAGGGCAAAAGTTACTAGTGCTATGCAGACAATGCTTTTCACTATGCTTAGAAAGTTGGATAATGATGCACTCAACAACATTATCAACAATGCAAGAGATGGTTGTGTTCCCTTGAACATAATACCTCTTACAACAGCAGCCAAACTAATGGTTGTCATACCAGACTATAACACATATAAAAATACGTGTGATGGTACAACATTTACTTATGCATCAGCATTGTGGGAAATCCAACAGGTTGTAGATGCAGATAGTAAAATTGTTCAACTTAGTGAAATTAGTATGGACAATTCACCTAATTTAGCATGGCCTCTTATTGTAACAGCTTTAAGGGCCAATTCTGCTGTCAAATTACAGAATAATGAGCTTAGTCCTGTTGCACTACGACAGATGTCTTGTGCTGCCGGTACTACACAAACTGCTTGCACTGATGACAATGCGTTAGCTTACTACAACACAACAAAGGGAGGTAGGTTTGTACTTGCACTGTTATCCGATTTACAGGATTTGAAATGGGCTAGATTCCCTAAGAGTGATGGAACTGGTACTATCTATACAGAACTGGAACCACCTTGTAGGTTTGTTACAGACACACCTAAAGGTCCTAAAGTGAAGTATTTATACTTTATTAAAGGATTAAACAACCTAAATAGAGGTATGGTACTTGGTAGTTTAGCTGCCACAGTACGTCTACAAGCTGGTAATGCAACAGAAGTGCCTGCCAATTCAACTGTATTATCTTTCTGTGCTTTTGCTGTAGATGCTGCTAAAGCTTACAAAGATTATCTAGCTAGTGGGGGACAACCAATCACTAATTGTGTTAAGATGTTGTGTACACACACTGGTACTGGTCAGGCAATAACAGTTACACCGGAAGCCAATATGGATCAAGAATCCTTTGGTGGTGCATCGTGTTGTCTGTACTGCCGTTGCCACATAGATCATCCAAATCCTAAAGGATTTTGTGACTTAAAAGGTAAGTATGTACAAATACCTACAACTTGTGCTAATGACCCTGTGGGTTTTACACTTAAAAACACAGTCTGTACCGTCTGCGGTATGTGGAAAGGTTATGGCTGTAGTTGTGATCAACTCCGCGAACCCATGCTTCAGTCAGCTGATGCACAATCGTTTTTAAAC",
        "cds_sequence": "MESLVPGFNEKTHVQLSLPVLQVRDVLVRGFGDSVEEVLSEARQHLKDGTCGLVEVEKGVLPQLEQPYVFIKRSDARTAPHGHVMVELVAELEGIQYGRSGETLGVLVPHVGEIPVAYRKVLLRKNGNKGAGGHSYGADLKSFDLGDELGTDPYEDFQENWNTKHSSGVTRELMRELNGGAYTRYVDNNFCGPDGYPLECIKDLLARAGKASCTLSEQLDFIDTKRGVYCCREHEHEIAWYTERSEKSYELQTPFEIKLAKKFDTFNGECPNFVFPLNSIIKTIQPRVEKKKLDGFMGRIRSVYPVASPNECNQMCLSTLMKCDHCGETSWQTGDFVKATCEFCGTENLTKEGATTCGYLPQNAVVKIYCPACHNSEVGPEHSLAEYHNESGLKTILRKGGRTIAFGGCVFSYVGCHNKCAYWVPRASANIGCNHTGVVGEGSEGLNDNLLEILQKEKVNINIVGDFKLNEEIAIILASFSASTSAFVETVKGLDYKAFKQIVESCGNFKVTKGKAKKGAWNIGEQKSILSPLYAFASEAARVVRSIFSRTLETAQNSVRVLQKAAITILDGISQYSLRLIDAMMFTSDLATNNLVVMAYITGGVVQLTSQWLTNIFGTVYEKLKPVLDWLEEKFKEGVEFLRDGWEIVKFISTCACEIVGGQIVTCAKEIKESVQTFFKLVNKFLALCADSIIIGGAKLKALNLGETFVTHSKGLYRKCVKSREETGLLMPLKAPKEIIFLEGETLPTEVLTEEVVLKTGDLQPLEQPTSEAVEAPLVGTPVCINGLMLLEIKDTEKYCALAPNMMVTNNTFTLKGGAPTKVTFGDDTVIEVQGYKSVNITFELDERIDKVLNEKCSAYTVELGTEVNEFACVVADAVIKTLQPVSELLTPLGIDLDEWSMATYYLFDESGEFKLASHMYCSFYPPDEDEEEGDCEEEEFEPSTQYEYGTEDDYQGKPLEFGATSAALQPEEEQEEDWLDDDSQQTVGQQDGSEDNQTTTIQTIVEVQPQLEMELTPVVQTIEVNSFSGYLKLTDNVYIKNADIVEEAKKVKPTVVVNAANVYLKHGGGVAGALNKATNNAMQVESDDYIATNGPLKVGGSCVLSGHNLAKHCLHVVGPNVNKGEDIQLLKSAYENFNQHEVLLAPLLSAGIFGADPIHSLRVCVDTVRTNVYLAVFDKNLYDKLVSSFLEMKSEKQVEQKIAEIPKEEVKPFITESKPSVEQRKQDDKKIKACVEEVTTTLEETKFLTENLLLYIDINGNLHPDSATLVSDIDITFLKKDAPYIVGDVVQEGVLTAVVIPTKKAGGTTEMLAKALRKVPTDNYITTYPGQGLNGYTVEEAKTVLKKCKSAFYILPSIISNEKQEILGTVSWNLREMLAHAEETRKLMPVCVETKAIVSTIQRKYKGIKIQEGVVDYGARFYFYTSKTTVASLINTLNDLNETLVTMPLGYVTHGLNLEEAARYMRSLKVPATVSVSSPDAVTAYNGYLTSSSKTPEEHFIETISLAGSYKDWSYSGQSTQLGIEFLKRGDKSVYYTSNPTTFHLDGEVITFDNLKTLLSLREVRTIKVFTTVDNINLHTQVVDMSMTYGQQFGPTYLDGADVTKIKPHNSHEGKTFYVLPNDDTLRVEAFEYYHTTDPSFLGRYMSALNHTKKWKYPQVNGLTSIKWADNNCYLATALLTLQQIELKFNPPALQDAYYRARAGEAANFCALILAYCNKTVGELGDVRETMSYLFQHANLDSCKRVLNVVCKTCGQQQTTLKGVEAVMYMGTLSYEQFKKGVQIPCTCGKQATKYLVQQESPFVMMSAPPAQYELKHGTFTCASEYTGNYQCGHYKHITSKETLYCIDGALLTKSSEYKGPITDVFYKENSYTTTIKPVTYKLDGVVCTEIDPKLDNYYKKDNSYFTEQPIDLVPNQPYPNASFDNFKFVCDNIKFADDLNQLTGYKKPASRELKVTFFPDLNGDVVAIDYKHYTPSFKKGAKLLHKPIVWHVNNATNKATYKPNTWCIRCLWSTKPVETSNSFDVLKSEDAQGMDNLACEDLKPVSEEVVENPTIQKDVLECNVKTTEVVGDIILKPANNSLKITEEVGHTDLMAAYVDNSSLTIKKPNELSRVLGLKTLATHGLAAVNSVPWDTIANYAKPFLNKVVSTTTNIVTRCLNRVCTNYMPYFFTLLLQLCTFTRSTNSRIKASMPTTIAKNTVKSVGKFCLEASFNYLKSPNFSKLINIIIWFLLLSVCLGSLIYSTAALGVLMSNLGMPSYCTGYREGYLNSTNVTIATYCTGSIPCSVCLSGLDSLDTYPSLETIQITISSFKWDLTAFGLVAEWFLAYILFTRFFYVLGLAAIMQLFFSYFAVHFISNSWLMWLIINLVQMAPISAMVRMYIFFASFYYVWKSYVHVVDGCNSSTCMMCYKRNRATRVECTTIVNGVRRSFYVYANGGKGFCKLHNWNCVNCDTFCAGSTFISDEVARDLSLQFKRPINPTDQSSYIVDSVTVKNGSIHLYFDKAGQKTYERHSLSHFVNLDNLRANNTKGSLPINVIVFDGKSKCEESSAKSASVYYSQLMCQPILLLDQALVSDVGDSAEVAVKMFDAYVNTFSSTFNVPMEKLKTLVATAEAELAKNVSLDNVLSTFISAARQGFVDSDVETKDVVECLKLSHQSDIEVTGDSCNNYMLTYNKVENMTPRDLGACIDCSARHINAQVAKSHNIALIWNVKDFMSLSEQLRKQIRSAAKKNNLPFKLTCATTRQVVNVVTTKIALKGGKIVNNWLKQLIKVTLVFLFVAAIFYLITPVHVMSKHTDFSSEIIGYKAIDGGVTRDIASTDTCFANKHADFDTWFSQRGGSYTNDKACPLIAAVITREVGFVVPGLPGTILRTTNGDFLHFLPRVFSAVGNICYTPSKLIEYTDFATSACVLAAECTIFKDASGKPVPYCYDTNVLEGSVAYESLRPDTRYVLMDGSIIQFPNTYLEGSVRVVTTFDSEYCRHGTCERSEAGVCVSTSGRWVLNNDYYRSLPGVFCGVDAVNLLTNMFTPLIQPIGALDISASIVAGGIVAIVVTCLAYYFMRFRRAFGEYSHVVAFNTLLFLMSFTVLCLTPVYSFLPGVYSVIYLYLTFYLTNDVSFLAHIQWMVMFTPLVPFWITIAYIICISTKHFYWFFSNYLKRRVVFNGVSFSTFEEAALCTFLLNKEMYLKLRSDVLLPLTQYNRYLALYNKYKYFSGAMDTTSYREAACCHLAKALNDFSNSGSDVLYQPPQTSITSAVLQSGFRKMAFPSGKVEGCMVQVTCGTTTLNGLWLDDVVYCPRHVICTSEDMLNPNYEDLLIRKSNHNFLVQAGNVQLRVIGHSMQNCVLKLKVDTANPKTPKYKFVRIQPGQTFSVLACYNGSPSGVYQCAMRPNFTIKGSFLNGSCGSVGFNIDYDCVSFCYMHHMELPTGVHAGTDLEGNFYGPFVDRQTAQAAGTDTTITVNVLAWLYAAVINGDRWFLNRFTTTLNDFNLVAMKYNYEPLTQDHVDILGPLSAQTGIAVLDMCASLKELLQNGMNGRTILGSALLEDEFTPFDVVRQCSGVTFQSAVKRTIKGTHHWLLLTILTSLLVLVQSTQWSLFFFLYENAFLPFAMGIIAMSAFAMMFVKHKHAFLCLFLLPSLATVAYFNMVYMPASWVMRIMTWLDMVDTSLSGFKLKDCVMYASAVVLLILMTARTVYDDGARRVWTLMNVLTLVYKVYYGNALDQAISMWALIISVTSNYSGVVTTVMFLARGIVFMCVEYCPIFFITGNTLQCIMLVYCFLGYFCTCYFGLFCLLNRYFRLTLGVYDYLVSTQEFRYMNSQGLLPPKNSIDAFKLNIKLLGVGGKPCIKVATVQSKMSDVKCTSVVLLSVLQQLRVESSSKLWAQCVQLHNDILLAKDTTEAFEKMVSLLSVLLSMQGAVDINKLCEEMLDNRATLQAIASEFSSLPSYAAFATAQEAYEQAVANGDSEVVLKKLKKSLNVAKSEFDRDAAMQRKLEKMADQAMTQMYKQARSEDKRAKVTSAMQTMLFTMLRKLDNDALNNIINNARDGCVPLNIIPLTTAAKLMVVIPDYNTYKNTCDGTTFTYASALWEIQQVVDADSKIVQLSEISMDNSPNLAWPLIVTALRANSAVKLQNNELSPVALRQMSCAAGTTQTACTDDNALAYYNTTKGGRFVLALLSDLQDLKWARFPKSDGTGTIYTELEPPCRFVTDTPKGPKVKYLYFIKGLNNLNRGMVLGSLAATVRLQAGNATEVPANSTVLSFCAFAVDAAKAYKDYLASGGQPITNCVKMLCTHTGTGQAITVTPEANMDQESFGGASCCLYCRCHIDHPNPKGFCDLKGKYVQIPTTCANDPVGFTLKNTVCTVCGMWKGYGCSCDQLREPMLQSADAQSFLN",
        "replicon": 1
    }
},
{
    "model": "rest_api.gene",
    "pk": 5,
    "fields": {
        "description": "",
        "start": 13467,
        "end": 21555,
        "strand": 1,
        "gene_symbol": "ORF1b",
        "cds_symbol": "ORF1b",
        "gene_accession": "ORF1b",
        "cds_accession": "ORF1b",
        "gene_sequence": "CGGGTTTGCGGTGTAAGTGCAGCCCGTCTTACACCGTGCGGCACAGGCACTAGTACTGATGTCGTATACAGGGCTTTTGACATCTACAATGATAAAGTAGCTGGTTTTGCTAAATTCCTAAAAACTAATTGTTGTCGCTTCCAAGAAAAGGACGAAGATGACAATTTAATTGATTCTTACTTTGTAGTTAAGAGACACACTTTCTCTAACTACCAACATGAAGAAACAATTTATAATTTACTTAAGGATTGTCCAGCTGTTGCTAAACATGACTTCTTTAAGTTTAGAATAGACGGTGACATGGTACCACATATATCACGTCAACGTCTTACTAAATACACAATGGCAGACCTCGTCTATGCTTTAAGGCATTTTGATGAAGGTAATTGTGACACATTAAAAGAAATACTTGTCACATACAATTGTTGTGATGATGATTATTTCAATAAAAAGGACTGGTATGATTTTGTAGAAAACCCAGATATATTACGCGTATACGCCAACTTAGGTGAACGTGTACGCCAAGCTTTGTTAAAAACAGTACAATTCTGTGATGCCATGCGAAATGCTGGTATTGTTGGTGTACTGACATTAGATAATCAAGATCTCAATGGTAACTGGTATGATTTCGGTGATTTCATACAAACCACGCCAGGTAGTGGAGTTCCTGTTGTAGATTCTTATTATTCATTGTTAATGCCTATATTAACCTTGACCAGGGCTTTAACTGCAGAGTCACATGTTGACACTGACTTAACAAAGCCTTACATTAAGTGGGATTTGTTAAAATATGACTTCACGGAAGAGAGGTTAAAACTCTTTGACCGTTATTTTAAATATTGGGATCAGACATACCACCCAAATTGTGTTAACTGTTTGGATGACAGATGCATTCTGCATTGTGCAAACTTTAATGTTTTATTCTCTACAGTGTTCCCACCTACAAGTTTTGGACCACTAGTGAGAAAAATATTTGTTGATGGTGTTCCATTTGTAGTTTCAACTGGATACCACTTCAGAGAGCTAGGTGTTGTACATAATCAGGATGTAAACTTACATAGCTCTAGACTTAGTTTTAAGGAATTACTTGTGTATGCTGCTGACCCTGCTATGCACGCTGCTTCTGGTAATCTATTACTAGATAAACGCACTACGTGCTTTTCAGTAGCTGCACTTACTAACAATGTTGCTTTTCAAACTGTCAAACCCGGTAATTTTAACAAAGACTTCTATGACTTTGCTGTGTCTAAGGGTTTCTTTAAGGAAGGAAGTTCTGTTGAATTAAAACACTTCTTCTTTGCTCAGGATGGTAATGCTGCTATCAGCGATTATGACTACTATCGTTATAATCTACCAACAATGTGTGATATCAGACAACTACTATTTGTAGTTGAAGTTGTTGATAAGTACTTTGATTGTTACGATGGTGGCTGTATTAATGCTAACCAAGTCATCGTCAACAACCTAGACAAATCAGCTGGTTTTCCATTTAATAAATGGGGTAAGGCTAGACTTTATTATGATTCAATGAGTTATGAGGATCAAGATGCACTTTTCGCATATACAAAACGTAATGTCATCCCTACTATAACTCAAATGAATCTTAAGTATGCCATTAGTGCAAAGAATAGAGCTCGCACCGTAGCTGGTGTCTCTATCTGTAGTACTATGACCAATAGACAGTTTCATCAAAAATTATTGAAATCAATAGCCGCCACTAGAGGAGCTACTGTAGTAATTGGAACAAGCAAATTCTATGGTGGTTGGCACAACATGTTAAAAACTGTTTATAGTGATGTAGAAAACCCTCACCTTATGGGTTGGGATTATCCTAAATGTGATAGAGCCATGCCTAACATGCTTAGAATTATGGCCTCACTTGTTCTTGCTCGCAAACATACAACGTGTTGTAGCTTGTCACACCGTTTCTATAGATTAGCTAATGAGTGTGCTCAAGTATTGAGTGAAATGGTCATGTGTGGCGGTTCACTATATGTTAAACCAGGTGGAACCTCATCAGGAGATGCCACAACTGCTTATGCTAATAGTGTTTTTAACATTTGTCAAGCTGTCACGGCCAATGTTAATGCACTTTTATCTACTGATGGTAACAAAATTGCCGATAAGTATGTCCGCAATTTACAACACAGACTTTATGAGTGTCTCTATAGAAATAGAGATGTTGACACAGACTTTGTGAATGAGTTTTACGCATATTTGCGTAAACATTTCTCAATGATGATACTCTCTGACGATGCTGTTGTGTGTTTCAATAGCACTTATGCATCTCAAGGTCTAGTGGCTAGCATAAAGAACTTTAAGTCAGTTCTTTATTATCAAAACAATGTTTTTATGTCTGAAGCAAAATGTTGGACTGAGACTGACCTTACTAAAGGACCTCATGAATTTTGCTCTCAACATACAATGCTAGTTAAACAGGGTGATGATTATGTGTACCTTCCTTACCCAGATCCATCAAGAATCCTAGGGGCCGGCTGTTTTGTAGATGATATCGTAAAAACAGATGGTACACTTATGATTGAACGGTTCGTGTCTTTAGCTATAGATGCTTACCCACTTACTAAACATCCTAATCAGGAGTATGCTGATGTCTTTCATTTGTACTTACAATACATAAGAAAGCTACATGATGAGTTAACAGGACACATGTTAGACATGTATTCTGTTATGCTTACTAATGATAACACTTCAAGGTATTGGGAACCTGAGTTTTATGAGGCTATGTACACACCGCATACAGTCTTACAGGCTGTTGGGGCTTGTGTTCTTTGCAATTCACAGACTTCATTAAGATGTGGTGCTTGCATACGTAGACCATTCTTATGTTGTAAATGCTGTTACGACCATGTCATATCAACATCACATAAATTAGTCTTGTCTGTTAATCCGTATGTTTGCAATGCTCCAGGTTGTGATGTCACAGATGTGACTCAACTTTACTTAGGAGGTATGAGCTATTATTGTAAATCACATAAACCACCCATTAGTTTTCCATTGTGTGCTAATGGACAAGTTTTTGGTTTATATAAAAATACATGTGTTGGTAGCGATAATGTTACTGACTTTAATGCAATTGCAACATGTGACTGGACAAATGCTGGTGATTACATTTTAGCTAACACCTGTACTGAAAGACTCAAGCTTTTTGCAGCAGAAACGCTCAAAGCTACTGAGGAGACATTTAAACTGTCTTATGGTATTGCTACTGTACGTGAAGTGCTGTCTGACAGAGAATTACATCTTTCATGGGAAGTTGGTAAACCTAGACCACCACTTAACCGAAATTATGTCTTTACTGGTTATCGTGTAACTAAAAACAGTAAAGTACAAATAGGAGAGTACACCTTTGAAAAAGGTGACTATGGTGATGCTGTTGTTTACCGAGGTACAACAACTTACAAATTAAATGTTGGTGATTATTTTGTGCTGACATCACATACAGTAATGCCATTAAGTGCACCTACACTAGTGCCACAAGAGCACTATGTTAGAATTACTGGCTTATACCCAACACTCAATATCTCAGATGAGTTTTCTAGCAATGTTGCAAATTATCAAAAGGTTGGTATGCAAAAGTATTCTACACTCCAGGGACCACCTGGTACTGGTAAGAGTCATTTTGCTATTGGCCTAGCTCTCTACTACCCTTCTGCTCGCATAGTGTATACAGCTTGCTCTCATGCCGCTGTTGATGCACTATGTGAGAAGGCATTAAAATATTTGCCTATAGATAAATGTAGTAGAATTATACCTGCACGTGCTCGTGTAGAGTGTTTTGATAAATTCAAAGTGAATTCAACATTAGAACAGTATGTCTTTTGTACTGTAAATGCATTGCCTGAGACGACAGCAGATATAGTTGTCTTTGATGAAATTTCAATGGCCACAAATTATGATTTGAGTGTTGTCAATGCCAGATTACGTGCTAAGCACTATGTGTACATTGGCGACCCTGCTCAATTACCTGCACCACGCACATTGCTAACTAAGGGCACACTAGAACCAGAATATTTCAATTCAGTGTGTAGACTTATGAAAACTATAGGTCCAGACATGTTCCTCGGAACTTGTCGGCGTTGTCCTGCTGAAATTGTTGACACTGTGAGTGCTTTGGTTTATGATAATAAGCTTAAAGCACATAAAGACAAATCAGCTCAATGCTTTAAAATGTTTTATAAGGGTGTTATCACGCATGATGTTTCATCTGCAATTAACAGGCCACAAATAGGCGTGGTAAGAGAATTCCTTACACGTAACCCTGCTTGGAGAAAAGCTGTCTTTATTTCACCTTATAATTCACAGAATGCTGTAGCCTCAAAGATTTTGGGACTACCAACTCAAACTGTTGATTCATCACAGGGCTCAGAATATGACTATGTCATATTCACTCAAACCACTGAAACAGCTCACTCTTGTAATGTAAACAGATTTAATGTTGCTATTACCAGAGCAAAAGTAGGCATACTTTGCATAATGTCTGATAGAGACCTTTATGACAAGTTGCAATTTACAAGTCTTGAAATTCCACGTAGGAATGTGGCAACTTTACAAGCTGAAAATGTAACAGGACTCTTTAAAGATTGTAGTAAGGTAATCACTGGGTTACATCCTACACAGGCACCTACACACCTCAGTGTTGACACTAAATTCAAAACTGAAGGTTTATGTGTTGACATACCTGGCATACCTAAGGACATGACCTATAGAAGACTCATCTCTATGATGGGTTTTAAAATGAATTATCAAGTTAATGGTTACCCTAACATGTTTATCACCCGCGAAGAAGCTATAAGACATGTACGTGCATGGATTGGCTTCGATGTCGAGGGGTGTCATGCTACTAGAGAAGCTGTTGGTACCAATTTACCTTTACAGCTAGGTTTTTCTACAGGTGTTAACCTAGTTGCTGTACCTACAGGTTATGTTGATACACCTAATAATACAGATTTTTCCAGAGTTAGTGCTAAACCACCGCCTGGAGATCAATTTAAACACCTCATACCACTTATGTACAAAGGACTTCCTTGGAATGTAGTGCGTATAAAGATTGTACAAATGTTAAGTGACACACTTAAAAATCTCTCTGACAGAGTCGTATTTGTCTTATGGGCACATGGCTTTGAGTTGACATCTATGAAGTATTTTGTGAAAATAGGACCTGAGCGCACCTGTTGTCTATGTGATAGACGTGCCACATGCTTTTCCACTGCTTCAGACACTTATGCCTGTTGGCATCATTCTATTGGATTTGATTACGTCTATAATCCGTTTATGATTGATGTTCAACAATGGGGTTTTACAGGTAACCTACAAAGCAACCATGATCTGTATTGTCAAGTCCATGGTAATGCACATGTAGCTAGTTGTGATGCAATCATGACTAGGTGTCTAGCTGTCCACGAGTGCTTTGTTAAGCGTGTTGACTGGACTATTGAATATCCTATAATTGGTGATGAACTGAAGATTAATGCGGCTTGTAGAAAGGTTCAACACATGGTTGTTAAAGCTGCATTATTAGCAGACAAATTCCCAGTTCTTCACGACATTGGTAACCCTAAAGCTATTAAGTGTGTACCTCAAGCTGATGTAGAATGGAAGTTCTATGATGCACAGCCTTGTAGTGACAAAGCTTATAAAATAGAAGAATTATTCTATTCTTATGCCACACATTCTGACAAATTCACAGATGGTGTATGCCTATTTTGGAATTGCAATGTCGATAGATATCCTGCTAATTCCATTGTTTGTAGATTTGACACTAGAGTGCTATCTAACCTTAACTTGCCTGGTTGTGATGGTGGCAGTTTGTATGTAAATAAACATGCATTCCACACACCAGCTTTTGATAAAAGTGCTTTTGTTAATTTAAAACAATTACCATTTTTCTATTACTCTGACAGTCCATGTGAGTCTCATGGAAAACAAGTAGTGTCAGATATAGATTATGTACCACTAAAGTCTGCTACGTGTATAACACGTTGCAATTTAGGTGGTGCTGTCTGTAGACATCATGCTAATGAGTACAGATTGTATCTCGATGCTTATAACATGATGATCTCAGCTGGCTTTAGCTTGTGGGTTTACAAACAATTTGATACTTATAACCTCTGGAACACTTTTACAAGACTTCAGAGTTTAGAAAATGTGGCTTTTAATGTTGTAAATAAGGGACACTTTGATGGACAACAGGGTGAAGTACCAGTTTCTATCATTAATAACACTGTTTACACAAAAGTTGATGGTGTTGATGTAGAATTGTTTGAAAATAAAACAACATTACCTGTTAATGTAGCATTTGAGCTTTGGGCTAAGCGCAACATTAAACCAGTACCAGAGGTGAAAATACTCAATAATTTGGGTGTGGACATTGCTGCTAATACTGTGATCTGGGACTACAAAAGAGATGCTCCAGCACATATATCTACTATTGGTGTTTGTTCTATGACTGACATAGCCAAGAAACCAACTGAAACGATTTGTGCACCACTCACTGTCTTTTTTGATGGTAGAGTTGATGGTCAAGTAGACTTATTTAGAAATGCCCGTAATGGTGTTCTTATTACAGAAGGTAGTGTTAAAGGTTTACAACCATCTGTAGGTCCCAAACAAGCTAGTCTTAATGGAGTCACATTAATTGGAGAAGCCGTAAAAACACAGTTCAATTATTATAAGAAAGTTGATGGTGTTGTCCAACAATTACCTGAAACTTACTTTACTCAGAGTAGAAATTTACAAGAATTTAAACCCAGGAGTCAAATGGAAATTGATTTCTTAGAATTAGCTATGGATGAATTCATTGAACGGTATAAATTAGAAGGCTATGCCTTCGAACATATCGTTTATGGAGATTTTAGTCATAGTCAGTTAGGTGGTTTACATCTACTGATTGGACTAGCTAAACGTTTTAAGGAATCACCTTTTGAATTAGAAGATTTTATTCCTATGGACAGTACAGTTAAAAACTATTTCATAACAGATGCGCAAACAGGTTCATCTAAGTGTGTGTGTTCTGTTATTGATTTATTACTTGATGATTTTGTTGAAATAATAAAATCCCAAGATTTATCTGTAGTTTCTAAGGTTGTCAAAGTGACTATTGACTATACAGAAATTTCATTTATGCTTTGGTGTAAAGATGGCCATGTAGAAACATTTTACCCAAAATTACAATCTAGTCAAGCGTGGCAACCGGGTGTTGCTATGCCTAATCTTTACAAAATGCAAAGAATGCTATTAGAAAAGTGTGACCTTCAAAATTATGGTGATAGTGCAACATTACCTAAAGGCATAATGATGAATGTCGCAAAATATACTCAACTGTGTCAATATTTAAACACATTAACATTAGCTGTACCCTATAATATGAGAGTTATACATTTTGGTGCTGGTTCTGATAAAGGAGTTGCACCAGGTACAGCTGTTTTAAGACAGTGGTTGCCTACGGGTACGCTGCTTGTCGATTCAGATCTTAATGACTTTGTCTCTGATGCAGATTCAACTTTGATTGGTGATTGTGCAACTGTACATACAGCTAATAAATGGGATCTCATTATTAGTGATATGTACGACCCTAAGACTAAAAATGTTACAAAAGAAAATGACTCTAAAGAGGGTTTTTTCACTTACATTTGTGGGTTTATACAACAAAAGCTAGCTCTTGGAGGTTCCGTGGCTATAAAGATAACAGAACATTCTTGGAATGCTGATCTTTATAAGCTCATGGGACACTTCGCATGGTGGACAGCCTTTGTTACTAATGTGAATGCGTCATCATCTGAAGCATTTTTAATTGGATGTAATTATCTTGGCAAACCACGCGAACAAATAGATGGTTATGTCATGCATGCAAATTACATATTTTGGAGGAATACAAATCCAATTCAGTTGTCTTCCTATTCTTTATTTGACATGAGTAAATTTCCCCTTAAATTAAGGGGTACTGCTGTTATGTCTTTAAAAGAAGGTCAAATCAATGATATGATTTTATCTCTTCTTAGTAAAGGTAGACTTATAATTAGAGAAAACAACAGAGTTGTTATTTCTAGTGATGTTCTTGTTAACAACTAA",
        "cds_sequence": "RVCGVSAARLTPCGTGTSTDVVYRAFDIYNDKVAGFAKFLKTNCCRFQEKDEDDNLIDSYFVVKRHTFSNYQHEETIYNLLKDCPAVAKHDFFKFRIDGDMVPHISRQRLTKYTMADLVYALRHFDEGNCDTLKEILVTYNCCDDDYFNKKDWYDFVENPDILRVYANLGERVRQALLKTVQFCDAMRNAGIVGVLTLDNQDLNGNWYDFGDFIQTTPGSGVPVVDSYYSLLMPILTLTRALTAESHVDTDLTKPYIKWDLLKYDFTEERLKLFDRYFKYWDQTYHPNCVNCLDDRCILHCANFNVLFSTVFPPTSFGPLVRKIFVDGVPFVVSTGYHFRELGVVHNQDVNLHSSRLSFKELLVYAADPAMHAASGNLLLDKRTTCFSVAALTNNVAFQTVKPGNFNKDFYDFAVSKGFFKEGSSVELKHFFFAQDGNAAISDYDYYRYNLPTMCDIRQLLFVVEVVDKYFDCYDGGCINANQVIVNNLDKSAGFPFNKWGKARLYYDSMSYEDQDALFAYTKRNVIPTITQMNLKYAISAKNRARTVAGVSICSTMTNRQFHQKLLKSIAATRGATVVIGTSKFYGGWHNMLKTVYSDVENPHLMGWDYPKCDRAMPNMLRIMASLVLARKHTTCCSLSHRFYRLANECAQVLSEMVMCGGSLYVKPGGTSSGDATTAYANSVFNICQAVTANVNALLSTDGNKIADKYVRNLQHRLYECLYRNRDVDTDFVNEFYAYLRKHFSMMILSDDAVVCFNSTYASQGLVASIKNFKSVLYYQNNVFMSEAKCWTETDLTKGPHEFCSQHTMLVKQGDDYVYLPYPDPSRILGAGCFVDDIVKTDGTLMIERFVSLAIDAYPLTKHPNQEYADVFHLYLQYIRKLHDELTGHMLDMYSVMLTNDNTSRYWEPEFYEAMYTPHTVLQAVGACVLCNSQTSLRCGACIRRPFLCCKCCYDHVISTSHKLVLSVNPYVCNAPGCDVTDVTQLYLGGMSYYCKSHKPPISFPLCANGQVFGLYKNTCVGSDNVTDFNAIATCDWTNAGDYILANTCTERLKLFAAETLKATEETFKLSYGIATVREVLSDRELHLSWEVGKPRPPLNRNYVFTGYRVTKNSKVQIGEYTFEKGDYGDAVVYRGTTTYKLNVGDYFVLTSHTVMPLSAPTLVPQEHYVRITGLYPTLNISDEFSSNVANYQKVGMQKYSTLQGPPGTGKSHFAIGLALYYPSARIVYTACSHAAVDALCEKALKYLPIDKCSRIIPARARVECFDKFKVNSTLEQYVFCTVNALPETTADIVVFDEISMATNYDLSVVNARLRAKHYVYIGDPAQLPAPRTLLTKGTLEPEYFNSVCRLMKTIGPDMFLGTCRRCPAEIVDTVSALVYDNKLKAHKDKSAQCFKMFYKGVITHDVSSAINRPQIGVVREFLTRNPAWRKAVFISPYNSQNAVASKILGLPTQTVDSSQGSEYDYVIFTQTTETAHSCNVNRFNVAITRAKVGILCIMSDRDLYDKLQFTSLEIPRRNVATLQAENVTGLFKDCSKVITGLHPTQAPTHLSVDTKFKTEGLCVDIPGIPKDMTYRRLISMMGFKMNYQVNGYPNMFITREEAIRHVRAWIGFDVEGCHATREAVGTNLPLQLGFSTGVNLVAVPTGYVDTPNNTDFSRVSAKPPPGDQFKHLIPLMYKGLPWNVVRIKIVQMLSDTLKNLSDRVVFVLWAHGFELTSMKYFVKIGPERTCCLCDRRATCFSTASDTYACWHHSIGFDYVYNPFMIDVQQWGFTGNLQSNHDLYCQVHGNAHVASCDAIMTRCLAVHECFVKRVDWTIEYPIIGDELKINAACRKVQHMVVKAALLADKFPVLHDIGNPKAIKCVPQADVEWKFYDAQPCSDKAYKIEELFYSYATHSDKFTDGVCLFWNCNVDRYPANSIVCRFDTRVLSNLNLPGCDGGSLYVNKHAFHTPAFDKSAFVNLKQLPFFYYSDSPCESHGKQVVSDIDYVPLKSATCITRCNLGGAVCRHHANEYRLYLDAYNMMISAGFSLWVYKQFDTYNLWNTFTRLQSLENVAFNVVNKGHFDGQQGEVPVSIINNTVYTKVDGVDVELFENKTTLPVNVAFELWAKRNIKPVPEVKILNNLGVDIAANTVIWDYKRDAPAHISTIGVCSMTDIAKKPTETICAPLTVFFDGRVDGQVDLFRNARNGVLITEGSVKGLQPSVGPKQASLNGVTLIGEAVKTQFNYYKKVDGVVQQLPETYFTQSRNLQEFKPRSQMEIDFLELAMDEFIERYKLEGYAFEHIVYGDFSHSQLGGLHLLIGLAKRFKESPFELEDFIPMDSTVKNYFITDAQTGSSKCVCSVIDLLLDDFVEIIKSQDLSVVSKVVKVTIDYTEISFMLWCKDGHVETFYPKLQSSQAWQPGVAMPNLYKMQRMLLEKCDLQNYGDSATLPKGIMMNVAKYTQLCQYLNTLTLAVPYNMRVIHFGAGSDKGVAPGTAVLRQWLPTGTLLVDSDLNDFVSDADSTLIGDCATVHTANKWDLIISDMYDPKTKNVTKENDSKEGFFTYICGFIQQKLALGGSVAIKITEHSWNADLYKLMGHFAWWTAFVTNVNASSSEAFLIGCNYLGKPREQIDGYVMHANYIFWRNTNPIQLSSYSLFDMSKFPLKLRGTAVMSLKEGQINDMILSLLSKGRLIIRENNRVVISSDVLVNN",
        "replicon": 1
    }
},
{
    "model": "rest_api.gene",
    "pk": 6,
    "fields": {
        "description": "ORF3a protein",
        "start": 25392,
        "end": 26220,
        "strand": 1,
        "gene_symbol": "ORF3a",
        "cds_symbol": "ORF3a",
        "gene_accession": "ORF3a",
        "cds_accession": "QHD43417.1",
        "gene_sequence": "ATGGATTTGTTTATGAGAATCTTCACAATTGGAACTGTAACTTTGAAGCAAGGTGAAATCAAGGATGCTACTCCTTCAGATTTTGTTCGCGCTACTGCAACGATACCGATACAAGCCTCACTCCCTTTCGGATGGCTTATTGTTGGCGTTGCACTTCTTGCTGTTTTTCAGAGCGCTTCCAAAATCATAACCCTCAAAAAGAGATGGCAACTAGCACTCTCCAAGGGTGTTCACTTTGTTTGCAACTTGCTGTTGTTGTTTGTAACAGTTTACTCACACCTTTTGCTCGTTGCTGCTGGCCTTGAAGCCCCTTTTCTCTATCTTTATGCTTTAGTCTACTTCTTGCAGAGTATAAACTTTGTAAGAATAATAATGAGGCTTTGGCTTTGCTGGAAATGCCGTTCCAAAAACCCATTACTTTATGATGCCAACTATTTTCTTTGCTGGCATACTAATTGTTACGACTATTGTATACCTTACAATAGTGTAACTTCTTCAATTGTCATTACTTCAGGTGATGGCACAACAAGTCCTATTTCTGAACATGACTACCAGATTGGTGGTTATACTGAAAAATGGGAATCTGGAGTAAAAGACTGTGTTGTATTACACAGTTACTTCACTTCAGACTATTACCAGCTGTACTCAACTCAATTGAGTACAGACACTGGTGTTGAACATGTTACCTTCTTCATCTACAATAAAATTGTTGATGAGCCTGAAGAACATGTCCAAATTCACACAATCGACGGTTCATCCGGAGTTGTTAATCCAGTAATGGAACCAATTTATGATGAACCGACGACGACTACTAGCGTGCCTTTGTAA",
        "cds_sequence": "MDLFMRIFTIGTVTLKQGEIKDATPSDFVRATATIPIQASLPFGWLIVGVALLAVFQSASKIITLKKRWQLALSKGVHFVCNLLLLFVTVYSHLLLVAAGLEAPFLYLYALVYFLQSINFVRIIMRLWLCWKCRSKNPLLYDANYFLCWHTNCYDYCIPYNSVTSSIVITSGDGTTSPISEHDYQIGGYTEKWESGVKDCVVLHSYFTSDYYQLYSTQLSTDTGVEHVTFFIYNKIVDEPEEHVQIHTIDGSSGVVNPVMEPIYDEPTTTTSVPL",
        "replicon": 1
    }
},
{
    "model": "rest_api.gene",
    "pk": 7,
    "fields": {
        "description": "ORF6 protein",
        "start": 27201,
        "end": 27387,
        "strand": 1,
        "gene_symbol": "ORF6",
        "cds_symbol": "ORF6",
        "gene_accession": "ORF6",
        "cds_accession": "QHD43420.1",
        "gene_sequence": "ATGTTTCATCTCGTTGACTTTCAGGTTACTATAGCAGAGATATTACTAATTATTATGAGGACTTTTAAAGTTTCCATTTGGAATCTTGATTACATCATAAACCTCATAATTAAAAATTTATCTAAGTCACTAACTGAGAATAAATATTCTCAATTAGATGAAGAGCAACCAATGGAGATTGATTAA",
        "cds_sequence": "MFHLVDFQVTIAEILLIIMRTFKVSIWNLDYIINLIIKNLSKSLTENKYSQLDEEQPMEID",
        "replicon": 1
    }
},
{
    "model": "rest_api.gene",
    "pk": 8,
    "fields": {
        "description": "ORF7a protein",
        "start": 27393,
        "end": 27759,
        "strand": 1,
        "gene_symbol": "ORF7a",
        "cds_symbol": "ORF7a",
        "gene_accession": "ORF7a",
        "cds_accession": "QHD43421.1",
        "gene_sequence": "ATGAAAATTATTCTTTTCTTGGCACTGATAACACTCGCTACTTGTGAGCTTTATCACTACCAAGAGTGTGTTAGAGGTACAACAGTACTTTTAAAAGAACCTTGCTCTTCTGGAACATACGAGGGCAATTCACCATTTCATCCTCTAGCTGATAACAAATTTGCACTGACTTGCTTTAGCACTCAATTTGCTTTTGCTTGTCCTGACGGCGTAAAACACGTCTATCAGTTACGTGCCAGATCAGTTTCACCTAAACTGTTCATCAGACAAGAGGAAGTTCAAGAACTTTACTCTCCAATTTTTCTTATTGTTGCGGCAATAGTGTTTATAACACTTTGCTTCACACTCAAAAGAAAGACAGAATGA",
        "cds_sequence": "MKIILFLALITLATCELYHYQECVRGTTVLLKEPCSSGTYEGNSPFHPLADNKFALTCFSTQFAFACPDGVKHVYQLRARSVSPKLFIRQEEVQELYSPIFLIVAAIVFITLCFTLKRKTE",
        "replicon": 1
    }
},
{
    "model": "rest_api.gene",
    "pk": 9,
    "fields": {
        "description": "",
        "start": 27755,
        "end": 27887,
        "strand": 1,
        "gene_symbol": "ORF7b",
        "cds_symbol": "ORF7b",
        "gene_accession": "ORF7b",
        "cds_accession": "ORF7b",
        "gene_sequence": "ATGATTGAACTTTCATTAATTGACTTCTATTTGTGCTTTTTAGCCTTTCTGCTATTCCTTGTTTTAATTATGCTTATTATCTTTTGGTTCTCACTTGAACTGCAAGATCATAATGAAACTTGTCACGCCTAA",
        "cds_sequence": "MIELSLIDFYLCFLAFLLFLVLIMLIIFWFSLELQDHNETCHA",
        "replicon": 1
    }
},
{
    "model": "rest_api.gene",
    "pk": 10,
    "fields": {
        "description": "ORF8 protein",
        "start": 27893,
        "end": 28259,
        "strand": 1,
        "gene_symbol": "ORF8",
        "cds_symbol": "ORF8",
        "gene_accession": "ORF8",
        "cds_accession": "QHD43422.1",
        "gene_sequence": "ATGAAATTTCTTGTTTTCTTAGGAATCATCACAACTGTAGCTGCATTTCACCAAGAATGTAGTTTACAGTCATGTACTCAACATCAACCATATGTAGTTGATGACCCGTGTCCTATTCACTTCTATTCTAAATGGTATATTAGAGTAGGAGCTAGAAAATCAGCACCTTTAATTGAATTGTGCGTGGATGAGGCTGGTTCTAAATCACCCATTCAGTACATCGATATCGGTAATTATACAGTTTCCTGTTTACCTTTTACAATTAATTGCCAGGAACCTAAATTGGGTAGTCTTGTAGTGCGTTGTTCGTTCTATGAAGACTTTTTAGAGTATCATGACGTTCGTGTTGTTTTAGATTTCATCTAA",
        "cds_sequence": "MKFLVFLGIITTVAAFHQECSLQSCTQHQPYVVDDPCPIHFYSKWYIRVGARKSAPLIELCVDEAGSKSPIQYIDIGNYTVSCLPFTINCQEPKLGSLVVRCSFYEDFLEYHDVRVVLDFI",
        "replicon": 1
    }
},
{
    "model": "rest_api.gene",
    "pk": 11,
    "fields": {
        "description": "",
        "start": 28283,
        "end": 28577,
        "strand": 1,
        "gene_symbol": "ORF9b",
        "cds_symbol": "ORF9b",
        "gene_accession": "ORF9b",
        "cds_accession": "ORF9b",
        "gene_sequence": "ATGGACCCCAAAATCAGCGAAATGCACCCCGCATTACGTTTGGTGGACCCTCAGATTCAACTGGCAGTAACCAGAATGGAGAACGCAGTGGGGCGCGATCAAAACAACGTCGGCCCCAAGGTTTACCCAATAATACTGCGTCTTGGTTCACCGCTCTCACTCAACATGGCAAGGAAGACCTTAAATTCCCTCGAGGACAAGGCGTTCCAATTAACACCAATAGCAGTCCAGATGACCAAATTGGCTACTACCGAAGAGCTACCAGACGAATTCGTGGTGGTGACGGTAAAATGA",
        "cds_sequence": "MDPKISEMHPALRLVDPQIQLAVTRMENAVGRDQNNVGPKVYPIILRLGSPLSLNMARKTLNSLEDKAFQLTPIAVQMTKLATTEELPDEFVVVTVK",
        "replicon": 1
    }
},
{
    "model": "rest_api.gene",
    "pk": 12,
    "fields": {
        "description": "surface glycoprotein",
        "start": 21562,
        "end": 25384,
        "strand": 1,
        "gene_symbol": "S",
        "cds_symbol": "S",
        "gene_accession": "S",
        "cds_accession": "QHD43416.1",
        "gene_sequence": "ATGTTTGTTTTTCTTGTTTTATTGCCACTAGTCTCTAGTCAGTGTGTTAATCTTACAACCAGAACTCAATTACCCCCTGCATACACTAATTCTTTCACACGTGGTGTTTATTACCCTGACAAAGTTTTCAGATCCTCAGTTTTACATTCAACTCAGGACTTGTTCTTACCTTTCTTTTCCAATGTTACTTGGTTCCATGCTATACATGTCTCTGGGACCAATGGTACTAAGAGGTTTGATAACCCTGTCCTACCATTTAATGATGGTGTTTATTTTGCTTCCACTGAGAAGTCTAACATAATAAGAGGCTGGATTTTTGGTACTACTTTAGATTCGAAGACCCAGTCCCTACTTATTGTTAATAACGCTACTAATGTTGTTATTAAAGTCTGTGAATTTCAATTTTGTAATGATCCATTTTTGGGTGTTTATTACCACAAAAACAACAAAAGTTGGATGGAAAGTGAGTTCAGAGTTTATTCTAGTGCGAATAATTGCACTTTTGAATATGTCTCTCAGCCTTTTCTTATGGACCTTGAAGGAAAACAGGGTAATTTCAAAAATCTTAGGGAATTTGTGTTTAAGAATATTGATGGTTATTTTAAAATATATTCTAAGCACACGCCTATTAATTTAGTGCGTGATCTCCCTCAGGGTTTTTCGGCTTTAGAACCATTGGTAGATTTGCCAATAGGTATTAACATCACTAGGTTTCAAACTTTACTTGCTTTACATAGAAGTTATTTGACTCCTGGTGATTCTTCTTCAGGTTGGACAGCTGGTGCTGCAGCTTATTATGTGGGTTATCTTCAACCTAGGACTTTTCTATTAAAATATAATGAAAATGGAACCATTACAGATGCTGTAGACTGTGCACTTGACCCTCTCTCAGAAACAAAGTGTACGTTGAAATCCTTCACTGTAGAAAAAGGAATCTATCAAACTTCTAACTTTAGAGTCCAACCAACAGAATCTATTGTTAGATTTCCTAATATTACAAACTTGTGCCCTTTTGGTGAAGTTTTTAACGCCACCAGATTTGCATCTGTTTATGCTTGGAACAGGAAGAGAATCAGCAACTGTGTTGCTGATTATTCTGTCCTATATAATTCCGCATCATTTTCCACTTTTAAGTGTTATGGAGTGTCTCCTACTAAATTAAATGATCTCTGCTTTACTAATGTCTATGCAGATTCATTTGTAATTAGAGGTGATGAAGTCAGACAAATCGCTCCAGGGCAAACTGGAAAGATTGCTGATTATAATTATAAATTACCAGATGATTTTACAGGCTGCGTTATAGCTTGGAATTCTAACAATCTTGATTCTAAGGTTGGTGGTAATTATAATTACCTGTATAGATTGTTTAGGAAGTCTAATCTCAAACCTTTTGAGAGAGATATTTCAACTGAAATCTATCAGGCCGGTAGCACACCTTGTAATGGTGTTGAAGGTTTTAATTGTTACTTTCCTTTACAATCATATGGTTTCCAACCCACTAATGGTGTTGGTTACCAACCATACAGAGTAGTAGTACTTTCTTTTGAACTTCTACATGCACCAGCAACTGTTTGTGGACCTAAAAAGTCTACTAATTTGGTTAAAAACAAATGTGTCAATTTCAACTTCAATGGTTTAACAGGCACAGGTGTTCTTACTGAGTCTAACAAAAAGTTTCTGCCTTTCCAACAATTTGGCAGAGACATTGCTGACACTACTGATGCTGTCCGTGATCCACAGACACTTGAGATTCTTGACATTACACCATGTTCTTTTGGTGGTGTCAGTGTTATAACACCAGGAACAAATACTTCTAACCAGGTTGCTGTTCTTTATCAGGATGTTAACTGCACAGAAGTCCCTGTTGCTATTCATGCAGATCAACTTACTCCTACTTGGCGTGTTTATTCTACAGGTTCTAATGTTTTTCAAACACGTGCAGGCTGTTTAATAGGGGCTGAACATGTCAACAACTCATATGAGTGTGACATACCCATTGGTGCAGGTATATGCGCTAGTTATCAGACTCAGACTAATTCTCCTCGGCGGGCACGTAGTGTAGCTAGTCAATCCATCATTGCCTACACTATGTCACTTGGTGCAGAAAATTCAGTTGCTTACTCTAATAACTCTATTGCCATACCCACAAATTTTACTATTAGTGTTACCACAGAAATTCTACCAGTGTCTATGACCAAGACATCAGTAGATTGTACAATGTACATTTGTGGTGATTCAACTGAATGCAGCAATCTTTTGTTGCAATATGGCAGTTTTTGTACACAATTAAACCGTGCTTTAACTGGAATAGCTGTTGAACAAGACAAAAACACCCAAGAAGTTTTTGCACAAGTCAAACAAATTTACAAAACACCACCAATTAAAGATTTTGGTGGTTTTAATTTTTCACAAATATTACCAGATCCATCAAAACCAAGCAAGAGGTCATTTATTGAAGATCTACTTTTCAACAAAGTGACACTTGCAGATGCTGGCTTCATCAAACAATATGGTGATTGCCTTGGTGATATTGCTGCTAGAGACCTCATTTGTGCACAAAAGTTTAACGGCCTTACTGTTTTGCCACCTTTGCTCACAGATGAAATGATTGCTCAATACACTTCTGCACTGTTAGCGGGTACAATCACTTCTGGTTGGACCTTTGGTGCAGGTGCTGCATTACAAATACCATTTGCTATGCAAATGGCTTATAGGTTTAATGGTATTGGAGTTACACAGAATGTTCTCTATGAGAACCAAAAATTGATTGCCAACCAATTTAATAGTGCTATTGGCAAAATTCAAGACTCACTTTCTTCCACAGCAAGTGCACTTGGAAAACTTCAAGATGTGGTCAACCAAAATGCACAAGCTTTAAACACGCTTGTTAAACAACTTAGCTCCAATTTTGGTGCAATTTCAAGTGTTTTAAATGATATCCTTTCACGTCTTGACAAAGTTGAGGCTGAAGTGCAAATTGATAGGTTGATCACAGGCAGACTTCAAAGTTTGCAGACATATGTGACTCAACAATTAATTAGAGCTGCAGAAATCAGAGCTTCTGCTAATCTTGCTGCTACTAAAATGTCAGAGTGTGTACTTGGACAATCAAAAAGAGTTGATTTTTGTGGAAAGGGCTATCATCTTATGTCCTTCCCTCAGTCAGCACCTCATGGTGTAGTCTTCTTGCATGTGACTTATGTCCCTGCACAAGAAAAGAACTTCACAACTGCTCCTGCCATTTGTCATGATGGAAAAGCACACTTTCCTCGTGAAGGTGTCTTTGTTTCAAATGGCACACACTGGTTTGTAACACAAAGGAATTTTTATGAACCACAAATCATTACTACAGACAACACATTTGTGTCTGGTAACTGTGATGTTGTAATAGGAATTGTCAACAACACAGTTTATGATCCTTTGCAACCTGAATTAGACTCATTCAAGGAGGAGTTAGATAAATATTTTAAGAATCATACATCACCAGATGTTGATTTAGGTGACATCTCTGGCATTAATGCTTCAGTTGTAAACATTCAAAAAGAAATTGACCGCCTCAATGAGGTTGCCAAGAATTTAAATGAATCTCTCATCGATCTCCAAGAACTTGGAAAGTATGAGCAGTATATAAAATGGCCATGGTACATTTGGCTAGGTTTTATAGCTGGCTTGATTGCCATAGTAATGGTGACAATTATGCTTTGCTGTATGACCAGTTGCTGTAGTTGTCTCAAGGGCTGTTGTTCTTGTGGATCCTGCTGCAAATTTGATGAAGACGACTCTGAGCCAGTGCTCAAAGGAGTCAAATTACATTACACATAA",
        "cds_sequence": "MFVFLVLLPLVSSQCVNLTTRTQLPPAYTNSFTRGVYYPDKVFRSSVLHSTQDLFLPFFSNVTWFHAIHVSGTNGTKRFDNPVLPFNDGVYFASTEKSNIIRGWIFGTTLDSKTQSLLIVNNATNVVIKVCEFQFCNDPFLGVYYHKNNKSWMESEFRVYSSANNCTFEYVSQPFLMDLEGKQGNFKNLREFVFKNIDGYFKIYSKHTPINLVRDLPQGFSALEPLVDLPIGINITRFQTLLALHRSYLTPGDSSSGWTAGAAAYYVGYLQPRTFLLKYNENGTITDAVDCALDPLSETKCTLKSFTVEKGIYQTSNFRVQPTESIVRFPNITNLCPFGEVFNATRFASVYAWNRKRISNCVADYSVLYNSASFSTFKCYGVSPTKLNDLCFTNVYADSFVIRGDEVRQIAPGQTGKIADYNYKLPDDFTGCVIAWNSNNLDSKVGGNYNYLYRLFRKSNLKPFERDISTEIYQAGSTPCNGVEGFNCYFPLQSYGFQPTNGVGYQPYRVVVLSFELLHAPATVCGPKKSTNLVKNKCVNFNFNGLTGTGVLTESNKKFLPFQQFGRDIADTTDAVRDPQTLEILDITPCSFGGVSVITPGTNTSNQVAVLYQDVNCTEVPVAIHADQLTPTWRVYSTGSNVFQTRAGCLIGAEHVNNSYECDIPIGAGICASYQTQTNSPRRARSVASQSIIAYTMSLGAENSVAYSNNSIAIPTNFTISVTTEILPVSMTKTSVDCTMYICGDSTECSNLLLQYGSFCTQLNRALTGIAVEQDKNTQEVFAQVKQIYKTPPIKDFGGFNFSQILPDPSKPSKRSFIEDLLFNKVTLADAGFIKQYGDCLGDIAARDLICAQKFNGLTVLPPLLTDEMIAQYTSALLAGTITSGWTFGAGAALQIPFAMQMAYRFNGIGVTQNVLYENQKLIANQFNSAIGKIQDSLSSTASALGKLQDVVNQNAQALNTLVKQLSSNFGAISSVLNDILSRLDKVEAEVQIDRLITGRLQSLQTYVTQQLIRAAEIRASANLAATKMSECVLGQSKRVDFCGKGYHLMSFPQSAPHGVVFLHVTYVPAQEKNFTTAPAICHDGKAHFPREGVFVSNGTHWFVTQRNFYEPQIITTDNTFVSGNCDVVIGIVNNTVYDPLQPELDSFKEELDKYFKNHTSPDVDLGDISGINASVVNIQKEIDRLNEVAKNLNESLIDLQELGKYEQYIKWPWYIWLGFIAGLIAIVMVTIMLCCMTSCCSCLKGCCSCGSCCKFDEDDSEPVLKGVKLHYT",
        "replicon": 1
    }
},
{
    "model": "rest_api.genesegment",
    "pk": 1,
    "fields": {
        "gene": 1,
        "start": 26244,
        "end": 26472,
        "strand": 1,
        "base": 0.0,
        "segment": 1
    }
},
{
    "model": "rest_api.genesegment",
    "pk": 2,
    "fields": {
        "gene": 2,
        "start": 26522,
        "end": 27191,
        "strand": 1,
        "base": 0.0,
        "segment": 1
    }
},
{
    "model": "rest_api.genesegment",
    "pk": 3,
    "fields": {
        "gene": 3,
        "start": 28273,
        "end": 29533,
        "strand": 1,
        "base": 0.0,
        "segment": 1
    }
},
{
    "model": "rest_api.genesegment",
    "pk": 4,
    "fields": {
        "gene": 4,
        "start": 265,
        "end": 13468,
        "strand": 1,
        "base": 0.0,
        "segment": 1
    }
},
{
    "model": "rest_api.genesegment",
    "pk": 5,
    "fields": {
        "gene": 5,
        "start": 13467,
        "end": 21555,
        "strand": 1,
        "base": 0.0,
        "segment": 1
    }
},
{
    "model": "rest_api.genesegment",
    "pk": 6,
    "fields": {
        "gene": 6,
        "start": 25392,
        "end": 26220,
        "strand": 1,
        "base": 0.0,
        "segment": 1
    }
},
{
    "model": "rest_api.genesegment",
    "pk": 7,
    "fields": {
        "gene": 7,
        "start": 27201,
        "end": 27387,
        "strand": 1,
        "base": 0.0,
        "segment": 1
    }
},
{
    "model": "rest_api.genesegment",
    "pk": 8,
    "fields": {
        "gene": 8,
        "start": 27393,
        "end": 27759,
        "strand": 1,
        "base": 0.0,
        "segment": 1
    }
},
{
    "model": "rest_api.genesegment",
    "pk": 9,
    "fields": {
        "gene": 9,
        "start": 27755,
        "end": 27887,
        "strand": 1,
        "base": 0.0,
        "segment": 1
    }
},
{
    "model": "rest_api.genesegment",
    "pk": 10,
    "fields": {
        "gene": 10,
        "start": 27893,
        "end": 28259,
        "strand": 1,
        "base": 0.0,
        "segment": 1
    }
},
{
    "model": "rest_api.genesegment",
    "pk": 11,
    "fields": {
        "gene": 11,
        "start": 28283,
        "end": 28577,
        "strand": 1,
        "base": 0.0,
        "segment": 1
    }
},
{
    "model": "rest_api.genesegment",
    "pk": 12,
    "fields": {
        "gene": 12,
        "start": 21562,
        "end": 25384,
        "strand": 1,
        "base": 0.0,
        "segment": 1
    }
},
{
    "model": "rest_api.lineage",
    "pk": 1,
    "fields": {
        "name": "B",
        "parent": null
    }
},
{
    "model": "rest_api.lineage",
    "pk": 2,
    "fields": {
        "name": "BA.1",
        "parent": null
    }
},
{
    "model": "rest_api.lineage",
    "pk": 3,
    "fields": {
        "name": "BA.1.1",
        "parent": null
    }
},
{
    "model": "rest_api.lineage",
    "pk": 4,
    "fields": {
        "name": "BA.1.17",
        "parent": null
    }
},
{
    "model": "rest_api.lineage",
    "pk": 5,
    "fields": {
        "name": "B.1.617",
        "parent": null
    }
},
{
    "model": "rest_api.lineage",
    "pk": 6,
    "fields": {
        "name": "BA.5",
        "parent": null
    }
},
{
    "model": "rest_api.lineage",
    "pk": 7,
    "fields": {
        "name": "BA.5.2",
        "parent": null
    }
},
{
    "model": "rest_api.lineage",
    "pk": 8,
    "fields": {
        "name": "BA.2",
        "parent": null
    }
},
{
    "model": "rest_api.lineage",
    "pk": 9,
    "fields": {
        "name": "BA.5.3",
        "parent": null
    }
},
{
    "model": "rest_api.lineage",
    "pk": 10,
    "fields": {
        "name": "AY.4",
        "parent": null
    }
},
{
    "model": "rest_api.lineage",
    "pk": 11,
    "fields": {
        "name": "B.1.617.2",
        "parent": null
    }
},
{
    "model": "rest_api.lineage",
    "pk": 12,
    "fields": {
        "name": "B.1",
        "parent": 1
    }
},
{
    "model": "rest_api.lineage",
    "pk": 13,
    "fields": {
        "name": "BA.1",
        "parent": 1
    }
},
{
    "model": "rest_api.lineage",
    "pk": 14,
    "fields": {
        "name": "BA.5",
        "parent": 1
    }
},
{
    "model": "rest_api.lineage",
    "pk": 15,
    "fields": {
        "name": "BA.2",
        "parent": 1
    }
},
{
    "model": "rest_api.lineage",
    "pk": 16,
    "fields": {
        "name": "BA.1.1",
        "parent": 2
    }
},
{
    "model": "rest_api.lineage",
    "pk": 17,
    "fields": {
        "name": "BC.1",
        "parent": 2
    }
},
{
    "model": "rest_api.lineage",
    "pk": 18,
    "fields": {
        "name": "BC.2",
        "parent": 2
    }
},
{
    "model": "rest_api.lineage",
    "pk": 19,
    "fields": {
        "name": "BA.1.2",
        "parent": 2
    }
},
{
    "model": "rest_api.lineage",
    "pk": 20,
    "fields": {
        "name": "BA.1.3",
        "parent": 2
    }
},
{
    "model": "rest_api.lineage",
    "pk": 21,
    "fields": {
        "name": "BA.1.4",
        "parent": 2
    }
},
{
    "model": "rest_api.lineage",
    "pk": 22,
    "fields": {
        "name": "BA.1.5",
        "parent": 2
    }
},
{
    "model": "rest_api.lineage",
    "pk": 23,
    "fields": {
        "name": "BA.1.6",
        "parent": 2
    }
},
{
    "model": "rest_api.lineage",
    "pk": 24,
    "fields": {
        "name": "BA.1.7",
        "parent": 2
    }
},
{
    "model": "rest_api.lineage",
    "pk": 25,
    "fields": {
        "name": "BA.1.8",
        "parent": 2
    }
},
{
    "model": "rest_api.lineage",
    "pk": 26,
    "fields": {
        "name": "BA.1.9",
        "parent": 2
    }
},
{
    "model": "rest_api.lineage",
    "pk": 27,
    "fields": {
        "name": "BA.1.10",
        "parent": 2
    }
},
{
    "model": "rest_api.lineage",
    "pk": 28,
    "fields": {
        "name": "BA.1.12",
        "parent": 2
    }
},
{
    "model": "rest_api.lineage",
    "pk": 29,
    "fields": {
        "name": "BA.1.13",
        "parent": 2
    }
},
{
    "model": "rest_api.lineage",
    "pk": 30,
    "fields": {
        "name": "BA.1.13.1",
        "parent": 2
    }
},
{
    "model": "rest_api.lineage",
    "pk": 31,
    "fields": {
        "name": "BA.1.14",
        "parent": 2
    }
},
{
    "model": "rest_api.lineage",
    "pk": 32,
    "fields": {
        "name": "BA.1.14.1",
        "parent": 2
    }
},
{
    "model": "rest_api.lineage",
    "pk": 33,
    "fields": {
        "name": "BA.1.14.2",
        "parent": 2
    }
},
{
    "model": "rest_api.lineage",
    "pk": 34,
    "fields": {
        "name": "BA.1.15",
        "parent": 2
    }
},
{
    "model": "rest_api.lineage",
    "pk": 35,
    "fields": {
        "name": "BA.1.16",
        "parent": 2
    }
},
{
    "model": "rest_api.lineage",
    "pk": 36,
    "fields": {
        "name": "BA.1.17",
        "parent": 2
    }
},
{
    "model": "rest_api.lineage",
    "pk": 37,
    "fields": {
        "name": "BD.1",
        "parent": 2
    }
},
{
    "model": "rest_api.lineage",
    "pk": 38,
    "fields": {
        "name": "BA.1.18",
        "parent": 2
    }
},
{
    "model": "rest_api.lineage",
    "pk": 39,
    "fields": {
        "name": "BA.1.19",
        "parent": 2
    }
},
{
    "model": "rest_api.lineage",
    "pk": 40,
    "fields": {
        "name": "BA.1.20",
        "parent": 2
    }
},
{
    "model": "rest_api.lineage",
    "pk": 41,
    "fields": {
        "name": "BA.1.21",
        "parent": 2
    }
},
{
    "model": "rest_api.lineage",
    "pk": 42,
    "fields": {
        "name": "BA.1.22",
        "parent": 2
    }
},
{
    "model": "rest_api.lineage",
    "pk": 43,
    "fields": {
        "name": "BA.1.23",
        "parent": 2
    }
},
{
    "model": "rest_api.lineage",
    "pk": 44,
    "fields": {
        "name": "BA.1.24",
        "parent": 2
    }
},
{
    "model": "rest_api.lineage",
    "pk": 45,
    "fields": {
        "name": "B.1.617",
        "parent": 2
    }
},
{
    "model": "rest_api.lineage",
    "pk": 46,
    "fields": {
        "name": "BA.1.1.1",
        "parent": 3
    }
},
{
    "model": "rest_api.lineage",
    "pk": 47,
    "fields": {
        "name": "BA.1.1.2",
        "parent": 3
    }
},
{
    "model": "rest_api.lineage",
    "pk": 48,
    "fields": {
        "name": "BA.1.1.3",
        "parent": 3
    }
},
{
    "model": "rest_api.lineage",
    "pk": 49,
    "fields": {
        "name": "BA.1.1.4",
        "parent": 3
    }
},
{
    "model": "rest_api.lineage",
    "pk": 50,
    "fields": {
        "name": "BA.1.1.5",
        "parent": 3
    }
},
{
    "model": "rest_api.lineage",
    "pk": 51,
    "fields": {
        "name": "BA.1.1.6",
        "parent": 3
    }
},
{
    "model": "rest_api.lineage",
    "pk": 52,
    "fields": {
        "name": "BA.1.1.7",
        "parent": 3
    }
},
{
    "model": "rest_api.lineage",
    "pk": 53,
    "fields": {
        "name": "BA.1.1.8",
        "parent": 3
    }
},
{
    "model": "rest_api.lineage",
    "pk": 54,
    "fields": {
        "name": "BA.1.1.9",
        "parent": 3
    }
},
{
    "model": "rest_api.lineage",
    "pk": 55,
    "fields": {
        "name": "BA.1.17.1",
        "parent": 4
    }
},
{
    "model": "rest_api.lineage",
    "pk": 56,
    "fields": {
        "name": "BA.1.17.2",
        "parent": 4
    }
},
{
    "model": "rest_api.lineage",
    "pk": 57,
    "fields": {
        "name": "B.1.617.2",
        "parent": 5
    }
},
{
    "model": "rest_api.lineage",
    "pk": 58,
    "fields": {
        "name": "BA.5.2",
        "parent": 6
    }
},
{
    "model": "rest_api.lineage",
    "pk": 59,
    "fields": {
        "name": "BF.2",
        "parent": 6
    }
},
{
    "model": "rest_api.lineage",
    "pk": 60,
    "fields": {
        "name": "BA.5.3",
        "parent": 6
    }
},
{
    "model": "rest_api.lineage",
    "pk": 61,
    "fields": {
        "name": "BA.5.2.1",
        "parent": 7
    }
},
{
    "model": "rest_api.lineage",
    "pk": 62,
    "fields": {
        "name": "BA.5.2.6",
        "parent": 7
    }
},
{
    "model": "rest_api.lineage",
    "pk": 63,
    "fields": {
        "name": "BA.2.36",
        "parent": 8
    }
},
{
    "model": "rest_api.lineage",
    "pk": 64,
    "fields": {
        "name": "BA.2.9",
        "parent": 8
    }
},
{
    "model": "rest_api.lineage",
    "pk": 65,
    "fields": {
        "name": "BA.5.3.1",
        "parent": 9
    }
},
{
    "model": "rest_api.lineage",
    "pk": 66,
    "fields": {
        "name": "AY.4.1",
        "parent": 10
    }
},
{
    "model": "rest_api.lineage",
    "pk": 67,
    "fields": {
        "name": "AY.4.2",
        "parent": 10
    }
},
{
    "model": "rest_api.lineage",
    "pk": 68,
    "fields": {
        "name": "AY.4.3",
        "parent": 10
    }
},
{
    "model": "rest_api.lineage",
    "pk": 69,
    "fields": {
        "name": "AY.4.4",
        "parent": 10
    }
},
{
    "model": "rest_api.lineage",
    "pk": 70,
    "fields": {
        "name": "AY.4.5",
        "parent": 10
    }
},
{
    "model": "rest_api.lineage",
    "pk": 71,
    "fields": {
        "name": "AY.4.6",
        "parent": 10
    }
},
{
    "model": "rest_api.lineage",
    "pk": 72,
    "fields": {
        "name": "AY.4.7",
        "parent": 10
    }
},
{
    "model": "rest_api.lineage",
    "pk": 73,
    "fields": {
        "name": "AY.4.8",
        "parent": 10
    }
},
{
    "model": "rest_api.lineage",
    "pk": 74,
    "fields": {
        "name": "AY.4.9",
        "parent": 10
    }
},
{
    "model": "rest_api.lineage",
    "pk": 75,
    "fields": {
        "name": "AY.4.10",
        "parent": 10
    }
},
{
    "model": "rest_api.lineage",
    "pk": 76,
    "fields": {
        "name": "AY.4.11",
        "parent": 10
    }
},
{
    "model": "rest_api.lineage",
    "pk": 77,
    "fields": {
        "name": "AY.4.12",
        "parent": 10
    }
},
{
    "model": "rest_api.lineage",
    "pk": 78,
    "fields": {
        "name": "AY.4.13",
        "parent": 10
    }
},
{
    "model": "rest_api.lineage",
    "pk": 79,
    "fields": {
        "name": "AY.4.14",
        "parent": 10
    }
},
{
    "model": "rest_api.lineage",
    "pk": 80,
    "fields": {
        "name": "AY.4.15",
        "parent": 10
    }
},
{
    "model": "rest_api.lineage",
    "pk": 81,
    "fields": {
        "name": "AY.4.16",
        "parent": 10
    }
},
{
    "model": "rest_api.lineage",
    "pk": 82,
    "fields": {
        "name": "AY.4.17",
        "parent": 10
    }
},
{
    "model": "rest_api.lineage",
    "pk": 83,
    "fields": {
        "name": "AY.4",
        "parent": 11
    }
},
{
    "model": "rest_api.lineage",
    "pk": 84,
    "fields": {
        "name": "AY.98",
        "parent": 11
    }
},
{
    "model": "rest_api.reference",
    "pk": 1,
    "fields": {
        "name": "/sonar/data/import/gbks/MN908947.nextclade.gb",
        "accession": "MN908947.3",
        "description": "(Wuhan-Hu-1/2019)",
        "organism": "Severe acute respiratory syndrome coronavirus 2",
        "mol_type": "genomic RNA",
        "isolate": "Wuhan-Hu-1",
        "host": "Homo sapiens",
        "db_xref": "taxon:2697049",
        "country": "China",
        "collection_date": "2019-12-01",
        "translation_id": 1
    }
},
{
    "model": "rest_api.property",
    "pk": 1,
    "fields": {
        "name": "sequencing_reason",
        "datatype": "value_varchar",
        "querytype": null,
        "description": "Sampling reason",
        "target": null,
        "standard": null
    }
},
{
    "model": "rest_api.property",
    "pk": 2,
    "fields": {
        "name": "isolation_source",
        "datatype": "value_varchar",
        "querytype": null,
        "description": "Isolation Source",
        "target": null,
        "standard": null
    }
},
{
    "model": "rest_api.sample",
    "pk": 1,
    "fields": {
        "name": "IGS-10285-CVDP-D49E71CA-161A-497A-8710-745E86B7DC70",
        "datahash": "",
        "sequence": 1,
        "sequencing_tech": "OXFORD_NANOPORE",
        "country": null,
        "host": null,
        "zip_code": "40477",
        "lab": "DEMIS-10285",
        "lineage": "XEC",
        "genome_completeness": null,
        "length": 29847,
        "collection_date": "2024-11-04",
        "init_upload_date": "2025-01-21T11:37:32.373Z",
        "last_update_date": "2025-01-21T12:11:04.707Z"
    }
},
{
    "model": "rest_api.sample",
    "pk": 2,
    "fields": {
        "name": "IGS-10285-CVDP-FD829F25-8209-4E4D-8DF4-9DBB95038D11",
        "datahash": "",
        "sequence": 2,
        "sequencing_tech": "OXFORD_NANOPORE",
        "country": null,
        "host": null,
        "zip_code": "19061",
        "lab": "DEMIS-10285",
        "lineage": "XEC",
        "genome_completeness": null,
        "length": 29847,
        "collection_date": "2024-11-04",
        "init_upload_date": "2025-01-21T11:37:32.373Z",
        "last_update_date": "2025-01-21T12:11:04.709Z"
    }
},
{
    "model": "rest_api.sample",
    "pk": 3,
    "fields": {
        "name": "IGS-10285-CVDP-EAD60C06-50E1-4B98-8CC6-F1E7E36E7C9C",
        "datahash": "",
        "sequence": 3,
        "sequencing_tech": "OXFORD_NANOPORE",
        "country": null,
        "host": null,
        "zip_code": "31275",
        "lab": "DEMIS-10285",
        "lineage": "XEC",
        "genome_completeness": null,
        "length": 29847,
        "collection_date": "2024-11-04",
        "init_upload_date": "2025-01-21T11:37:32.373Z",
        "last_update_date": "2025-01-21T12:11:04.711Z"
    }
},
{
    "model": "rest_api.sample",
    "pk": 4,
    "fields": {
        "name": "IGS-10285-CVDP-DFE79BD2-3CBC-4F1A-B25C-86856A2E592E",
        "datahash": "",
        "sequence": 4,
        "sequencing_tech": "OXFORD_NANOPORE",
        "country": null,
        "host": null,
        "zip_code": "06847",
        "lab": "DEMIS-10285",
        "lineage": "XEC",
        "genome_completeness": null,
        "length": 29847,
        "collection_date": "2024-10-31",
        "init_upload_date": "2025-01-21T11:37:32.373Z",
        "last_update_date": "2025-01-21T12:11:04.713Z"
    }
},
{
    "model": "rest_api.sample",
    "pk": 5,
    "fields": {
        "name": "IGS-10285-CVDP-D9D32872-55CF-44B5-A048-D82C85373598",
        "datahash": "",
        "sequence": 5,
        "sequencing_tech": "OXFORD_NANOPORE",
        "country": null,
        "host": null,
        "zip_code": "86154",
        "lab": "DEMIS-10285",
        "lineage": "XEC",
        "genome_completeness": null,
        "length": 29847,
        "collection_date": "2024-10-30",
        "init_upload_date": "2025-01-21T11:37:32.373Z",
        "last_update_date": "2025-01-21T12:11:04.715Z"
    }
},
{
    "model": "rest_api.sample",
    "pk": 6,
    "fields": {
        "name": "IGS-10285-CVDP-D2CF5004-DAC2-48D6-B6A4-7F76D5D3C8EA",
        "datahash": "",
        "sequence": 6,
        "sequencing_tech": "OXFORD_NANOPORE",
        "country": null,
        "host": null,
        "zip_code": "03050",
        "lab": "DEMIS-10285",
        "lineage": "XEC",
        "genome_completeness": null,
        "length": 29847,
        "collection_date": "2024-11-05",
        "init_upload_date": "2025-01-21T11:37:32.373Z",
        "last_update_date": "2025-01-21T12:11:04.716Z"
    }
},
{
    "model": "rest_api.sample",
    "pk": 7,
    "fields": {
        "name": "IGS-10285-CVDP-F46DB8AC-E6F0-4191-8403-25835AF0A830",
        "datahash": "",
        "sequence": 7,
        "sequencing_tech": "OXFORD_NANOPORE",
        "country": null,
        "host": null,
        "zip_code": "40477",
        "lab": "DEMIS-10285",
        "lineage": "XEC",
        "genome_completeness": null,
        "length": 29841,
        "collection_date": "2024-10-31",
        "init_upload_date": "2025-01-21T11:37:32.373Z",
        "last_update_date": "2025-01-21T12:11:04.718Z"
    }
},
{
    "model": "rest_api.sample",
    "pk": 8,
    "fields": {
        "name": "IGS-10285-CVDP-D3284D18-D6FE-4BA6-9533-93416EECC344",
        "datahash": "",
        "sequence": 8,
        "sequencing_tech": "OXFORD_NANOPORE",
        "country": null,
        "host": null,
        "zip_code": "76131",
        "lab": "DEMIS-10285",
        "lineage": "KP.3.1.1",
        "genome_completeness": null,
        "length": 29844,
        "collection_date": "2024-10-31",
        "init_upload_date": "2025-01-21T11:37:32.373Z",
        "last_update_date": "2025-01-21T12:11:04.719Z"
    }
},
{
    "model": "rest_api.sample",
    "pk": 9,
    "fields": {
        "name": "IGS-10285-CVDP-F577148F-6EF0-49BE-A6B9-E755C0CC1FAC",
        "datahash": "",
        "sequence": 9,
        "sequencing_tech": "OXFORD_NANOPORE",
        "country": null,
        "host": null,
        "zip_code": "86154",
        "lab": "DEMIS-10285",
        "lineage": "XEC",
        "genome_completeness": null,
        "length": 29847,
        "collection_date": "2024-10-28",
        "init_upload_date": "2025-01-21T11:37:32.373Z",
        "last_update_date": "2025-01-21T12:11:04.721Z"
    }
},
{
    "model": "rest_api.sample",
    "pk": 10,
    "fields": {
        "name": "IGS-10285-CVDP-D46B4E3C-D2FB-4E82-B8B0-7B43FFAF5BBA",
        "datahash": "",
        "sequence": 10,
        "sequencing_tech": "OXFORD_NANOPORE",
        "country": null,
        "host": null,
        "zip_code": "40477",
        "lab": "DEMIS-10285",
        "lineage": "KP.3.1.1",
        "genome_completeness": null,
        "length": 29844,
        "collection_date": "2024-11-02",
        "init_upload_date": "2025-01-21T11:37:32.373Z",
        "last_update_date": "2025-01-21T12:11:04.723Z"
    }
},
{
    "model": "rest_api.sample2property",
    "pk": 1,
    "fields": {
        "property": 1,
        "sample": 1,
        "value_integer": null,
        "value_float": null,
        "value_text": null,
        "value_varchar": "random",
        "value_blob": null,
        "value_date": null,
        "value_zip": null
    }
},
{
    "model": "rest_api.sample2property",
    "pk": 2,
    "fields": {
        "property": 2,
        "sample": 1,
        "value_integer": null,
        "value_float": null,
        "value_text": null,
        "value_varchar": null,
        "value_blob": null,
        "value_date": null,
        "value_zip": null
    }
},
{
    "model": "rest_api.sample2property",
    "pk": 3,
    "fields": {
        "property": 1,
        "sample": 2,
        "value_integer": null,
        "value_float": null,
        "value_text": null,
        "value_varchar": "random",
        "value_blob": null,
        "value_date": null,
        "value_zip": null
    }
},
{
    "model": "rest_api.sample2property",
    "pk": 4,
    "fields": {
        "property": 2,
        "sample": 2,
        "value_integer": null,
        "value_float": null,
        "value_text": null,
        "value_varchar": null,
        "value_blob": null,
        "value_date": null,
        "value_zip": null
    }
},
{
    "model": "rest_api.sample2property",
    "pk": 5,
    "fields": {
        "property": 1,
        "sample": 3,
        "value_integer": null,
        "value_float": null,
        "value_text": null,
        "value_varchar": "random",
        "value_blob": null,
        "value_date": null,
        "value_zip": null
    }
},
{
    "model": "rest_api.sample2property",
    "pk": 6,
    "fields": {
        "property": 2,
        "sample": 3,
        "value_integer": null,
        "value_float": null,
        "value_text": null,
        "value_varchar": null,
        "value_blob": null,
        "value_date": null,
        "value_zip": null
    }
},
{
    "model": "rest_api.sample2property",
    "pk": 7,
    "fields": {
        "property": 1,
        "sample": 4,
        "value_integer": null,
        "value_float": null,
        "value_text": null,
        "value_varchar": "random",
        "value_blob": null,
        "value_date": null,
        "value_zip": null
    }
},
{
    "model": "rest_api.sample2property",
    "pk": 8,
    "fields": {
        "property": 2,
        "sample": 4,
        "value_integer": null,
        "value_float": null,
        "value_text": null,
        "value_varchar": null,
        "value_blob": null,
        "value_date": null,
        "value_zip": null
    }
},
{
    "model": "rest_api.sample2property",
    "pk": 9,
    "fields": {
        "property": 1,
        "sample": 5,
        "value_integer": null,
        "value_float": null,
        "value_text": null,
        "value_varchar": "random",
        "value_blob": null,
        "value_date": null,
        "value_zip": null
    }
},
{
    "model": "rest_api.sample2property",
    "pk": 10,
    "fields": {
        "property": 2,
        "sample": 5,
        "value_integer": null,
        "value_float": null,
        "value_text": null,
        "value_varchar": null,
        "value_blob": null,
        "value_date": null,
        "value_zip": null
    }
},
{
    "model": "rest_api.sample2property",
    "pk": 11,
    "fields": {
        "property": 1,
        "sample": 6,
        "value_integer": null,
        "value_float": null,
        "value_text": null,
        "value_varchar": "random",
        "value_blob": null,
        "value_date": null,
        "value_zip": null
    }
},
{
    "model": "rest_api.sample2property",
    "pk": 12,
    "fields": {
        "property": 2,
        "sample": 6,
        "value_integer": null,
        "value_float": null,
        "value_text": null,
        "value_varchar": null,
        "value_blob": null,
        "value_date": null,
        "value_zip": null
    }
},
{
    "model": "rest_api.sample2property",
    "pk": 13,
    "fields": {
        "property": 1,
        "sample": 7,
        "value_integer": null,
        "value_float": null,
        "value_text": null,
        "value_varchar": "random",
        "value_blob": null,
        "value_date": null,
        "value_zip": null
    }
},
{
    "model": "rest_api.sample2property",
    "pk": 14,
    "fields": {
        "property": 2,
        "sample": 7,
        "value_integer": null,
        "value_float": null,
        "value_text": null,
        "value_varchar": null,
        "value_blob": null,
        "value_date": null,
        "value_zip": null
    }
},
{
    "model": "rest_api.sample2property",
    "pk": 15,
    "fields": {
        "property": 1,
        "sample": 8,
        "value_integer": null,
        "value_float": null,
        "value_text": null,
        "value_varchar": "random",
        "value_blob": null,
        "value_date": null,
        "value_zip": null
    }
},
{
    "model": "rest_api.sample2property",
    "pk": 16,
    "fields": {
        "property": 2,
        "sample": 8,
        "value_integer": null,
        "value_float": null,
        "value_text": null,
        "value_varchar": null,
        "value_blob": null,
        "value_date": null,
        "value_zip": null
    }
},
{
    "model": "rest_api.sample2property",
    "pk": 17,
    "fields": {
        "property": 1,
        "sample": 9,
        "value_integer": null,
        "value_float": null,
        "value_text": null,
        "value_varchar": "random",
        "value_blob": null,
        "value_date": null,
        "value_zip": null
    }
},
{
    "model": "rest_api.sample2property",
    "pk": 18,
    "fields": {
        "property": 2,
        "sample": 9,
        "value_integer": null,
        "value_float": null,
        "value_text": null,
        "value_varchar": null,
        "value_blob": null,
        "value_date": null,
        "value_zip": null
    }
},
{
    "model": "rest_api.sample2property",
    "pk": 19,
    "fields": {
        "property": 1,
        "sample": 10,
        "value_integer": null,
        "value_float": null,
        "value_text": null,
        "value_varchar": "random",
        "value_blob": null,
        "value_date": null,
        "value_zip": null
    }
},
{
    "model": "rest_api.sample2property",
    "pk": 20,
    "fields": {
        "property": 2,
        "sample": 10,
        "value_integer": null,
        "value_float": null,
        "value_text": null,
        "value_varchar": null,
        "value_blob": null,
        "value_date": null,
        "value_zip": null
    }
},
{
    "model": "rest_api.nucleotidemutation",
    "pk": 1,
    "fields": {
        "replicon": 1,
        "ref": "C",
        "alt": "T",
        "start": 240,
        "end": 241,
        "alignments": [
            1,
            2,
            3,
            4,
            5,
            6,
            7,
            8,
            9,
            10
        ]
    }
},
{
    "model": "rest_api.nucleotidemutation",
    "pk": 2,
    "fields": {
        "replicon": 1,
        "ref": "C",
        "alt": "T",
        "start": 592,
        "end": 593,
        "alignments": [
            1,
            9
        ]
    }
},
{
    "model": "rest_api.nucleotidemutation",
    "pk": 3,
    "fields": {
        "replicon": 1,
        "ref": "T",
        "alt": "G",
        "start": 669,
        "end": 670,
        "alignments": [
            1,
            2,
            3,
            4,
            5,
            6,
            7,
            8,
            9,
            10
        ]
    }
},
{
    "model": "rest_api.nucleotidemutation",
    "pk": 4,
    "fields": {
        "replicon": 1,
        "ref": "C",
        "alt": "A",
        "start": 896,
        "end": 897,
        "alignments": [
            1,
            2,
            3,
            4,
            5,
            6,
            7,
            8,
            9,
            10
        ]
    }
},
{
    "model": "rest_api.nucleotidemutation",
    "pk": 5,
    "fields": {
        "replicon": 1,
        "ref": "C",
        "alt": "T",
        "start": 2789,
        "end": 2790,
        "alignments": [
            1,
            2,
            3,
            4,
            5,
            6,
            7,
            8,
            9,
            10
        ]
    }
},
{
    "model": "rest_api.nucleotidemutation",
    "pk": 6,
    "fields": {
        "replicon": 1,
        "ref": "C",
        "alt": "T",
        "start": 3036,
        "end": 3037,
        "alignments": [
            1,
            2,
            3,
            4,
            5,
            6,
            7,
            8,
            9,
            10
        ]
    }
},
{
    "model": "rest_api.nucleotidemutation",
    "pk": 7,
    "fields": {
        "replicon": 1,
        "ref": "G",
        "alt": "T",
        "start": 3430,
        "end": 3431,
        "alignments": [
            1,
            3,
            4,
            5,
            6,
            7,
            8,
            9,
            10
        ]
    }
},
{
    "model": "rest_api.nucleotidemutation",
    "pk": 8,
    "fields": {
        "replicon": 1,
        "ref": "C",
        "alt": "T",
        "start": 3504,
        "end": 3505,
        "alignments": [
            1,
            9
        ]
    }
},
{
    "model": "rest_api.nucleotidemutation",
    "pk": 9,
    "fields": {
        "replicon": 1,
        "ref": "T",
        "alt": "C",
        "start": 3564,
        "end": 3565,
        "alignments": [
            1,
            2,
            3,
            4,
            5,
            6,
            7,
            8,
            9,
            10
        ]
    }
},
{
    "model": "rest_api.nucleotidemutation",
    "pk": 10,
    "fields": {
        "replicon": 1,
        "ref": "G",
        "alt": "A",
        "start": 4183,
        "end": 4184,
        "alignments": [
            1,
            2,
            3,
            4,
            5,
            6,
            7,
            8,
            9,
            10
        ]
    }
},
{
    "model": "rest_api.nucleotidemutation",
    "pk": 11,
    "fields": {
        "replicon": 1,
        "ref": "C",
        "alt": "T",
        "start": 4319,
        "end": 4320,
        "alignments": [
            1
        ]
    }
},
{
    "model": "rest_api.nucleotidemutation",
    "pk": 12,
    "fields": {
        "replicon": 1,
        "ref": "C",
        "alt": "T",
        "start": 4320,
        "end": 4321,
        "alignments": [
            1,
            2,
            3,
            4,
            5,
            6,
            7,
            8,
            9,
            10
        ]
    }
},
{
    "model": "rest_api.nucleotidemutation",
    "pk": 13,
    "fields": {
        "replicon": 1,
        "ref": "T",
        "alt": "C",
        "start": 5700,
        "end": 5701,
        "alignments": [
            1,
            9
        ]
    }
},
{
    "model": "rest_api.nucleotidemutation",
    "pk": 14,
    "fields": {
        "replicon": 1,
        "ref": "A",
        "alt": "G",
        "start": 6182,
        "end": 6183,
        "alignments": [
            1,
            2,
            3,
            4,
            5,
            6,
            7,
            8,
            9,
            10
        ]
    }
},
{
    "model": "rest_api.nucleotidemutation",
    "pk": 15,
    "fields": {
        "replicon": 1,
        "ref": "C",
        "alt": "T",
        "start": 7112,
        "end": 7113,
        "alignments": [
            1,
            8,
            9,
            10
        ]
    }
},
{
    "model": "rest_api.nucleotidemutation",
    "pk": 16,
    "fields": {
        "replicon": 1,
        "ref": "A",
        "alt": "G",
        "start": 7841,
        "end": 7842,
        "alignments": [
            1,
            2,
            3,
            4,
            5,
            6,
            7,
            8,
            9,
            10
        ]
    }
},
{
    "model": "rest_api.nucleotidemutation",
    "pk": 17,
    "fields": {
        "replicon": 1,
        "ref": "C",
        "alt": "T",
        "start": 8292,
        "end": 8293,
        "alignments": [
            1,
            2,
            3,
            4,
            5,
            6,
            7,
            8,
            9,
            10
        ]
    }
},
{
    "model": "rest_api.nucleotidemutation",
    "pk": 18,
    "fields": {
        "replicon": 1,
        "ref": "G",
        "alt": "A",
        "start": 8392,
        "end": 8393,
        "alignments": [
            1,
            2,
            3,
            4,
            5,
            6,
            7,
            8,
            9,
            10
        ]
    }
},
{
    "model": "rest_api.nucleotidemutation",
    "pk": 19,
    "fields": {
        "replicon": 1,
        "ref": "C",
        "alt": "T",
        "start": 9285,
        "end": 9286,
        "alignments": [
            1,
            9
        ]
    }
},
{
    "model": "rest_api.nucleotidemutation",
    "pk": 20,
    "fields": {
        "replicon": 1,
        "ref": "C",
        "alt": "T",
        "start": 9343,
        "end": 9344,
        "alignments": [
            1,
            2,
            3,
            4,
            5,
            6,
            7,
            8,
            9,
            10
        ]
    }
},
{
    "model": "rest_api.nucleotidemutation",
    "pk": 21,
    "fields": {
        "replicon": 1,
        "ref": "A",
        "alt": "G",
        "start": 9423,
        "end": 9424,
        "alignments": [
            1,
            2,
            3,
            4,
            5,
            6,
            7,
            8,
            9,
            10
        ]
    }
},
{
    "model": "rest_api.nucleotidemutation",
    "pk": 22,
    "fields": {
        "replicon": 1,
        "ref": "C",
        "alt": "T",
        "start": 9533,
        "end": 9534,
        "alignments": [
            1,
            2,
            3,
            4,
            5,
            6,
            7,
            8,
            9,
            10
        ]
    }
},
{
    "model": "rest_api.nucleotidemutation",
    "pk": 23,
    "fields": {
        "replicon": 1,
        "ref": "C",
        "alt": "T",
        "start": 10028,
        "end": 10029,
        "alignments": [
            1,
            2,
            3,
            4,
            5,
            6,
            7,
            8,
            9,
            10
        ]
    }
},
{
    "model": "rest_api.nucleotidemutation",
    "pk": 24,
    "fields": {
        "replicon": 1,
        "ref": "C",
        "alt": "T",
        "start": 10197,
        "end": 10198,
        "alignments": [
            1,
            2,
            3,
            4,
            5,
            6,
            7,
            8,
            9,
            10
        ]
    }
},
{
    "model": "rest_api.nucleotidemutation",
    "pk": 25,
    "fields": {
        "replicon": 1,
        "ref": "G",
        "alt": "A",
        "start": 10446,
        "end": 10447,
        "alignments": [
            1,
            2,
            3,
            4,
            5,
            6,
            7,
            8,
            9,
            10
        ]
    }
},
{
    "model": "rest_api.nucleotidemutation",
    "pk": 26,
    "fields": {
        "replicon": 1,
        "ref": "C",
        "alt": "A",
        "start": 10448,
        "end": 10449,
        "alignments": [
            1,
            2,
            3,
            4,
            5,
            6,
            7,
            8,
            9,
            10
        ]
    }
},
{
    "model": "rest_api.nucleotidemutation",
    "pk": 27,
    "fields": {
        "replicon": 1,
        "ref": "G",
        "alt": "T",
        "start": 11041,
        "end": 11042,
        "alignments": [
            1,
            2,
            3,
            4,
            5,
            6,
            7,
            8,
            9,
            10
        ]
    }
},
{
    "model": "rest_api.nucleotidemutation",
    "pk": 28,
    "fields": {
        "replicon": 1,
        "ref": "",
        "alt": "",
        "start": 11287,
        "end": 11296,
        "alignments": [
            1,
            2,
            3,
            4,
            5,
            6,
            7,
            8,
            9,
            10
        ]
    }
},
{
    "model": "rest_api.nucleotidemutation",
    "pk": 29,
    "fields": {
        "replicon": 1,
        "ref": "G",
        "alt": "A",
        "start": 11726,
        "end": 11727,
        "alignments": [
            1,
            2,
            3,
            4,
            5,
            6,
            7,
            8,
            9,
            10
        ]
    }
},
{
    "model": "rest_api.nucleotidemutation",
    "pk": 30,
    "fields": {
        "replicon": 1,
        "ref": "A",
        "alt": "G",
        "start": 11861,
        "end": 11862,
        "alignments": [
            1
        ]
    }
},
{
    "model": "rest_api.nucleotidemutation",
    "pk": 31,
    "fields": {
        "replicon": 1,
        "ref": "C",
        "alt": "T",
        "start": 12788,
        "end": 12789,
        "alignments": [
            1,
            2,
            3,
            4,
            5,
            6,
            7,
            8,
            9,
            10
        ]
    }
},
{
    "model": "rest_api.nucleotidemutation",
    "pk": 32,
    "fields": {
        "replicon": 1,
        "ref": "C",
        "alt": "T",
        "start": 12814,
        "end": 12815,
        "alignments": [
            1,
            2,
            3,
            4,
            5,
            6,
            7,
            8,
            9,
            10
        ]
    }
},
{
    "model": "rest_api.nucleotidemutation",
    "pk": 33,
    "fields": {
        "replicon": 1,
        "ref": "C",
        "alt": "T",
        "start": 12879,
        "end": 12880,
        "alignments": [
            1,
            2,
            3,
            4,
            5,
            6,
            7,
            8,
            9,
            10
        ]
    }
},
{
    "model": "rest_api.nucleotidemutation",
    "pk": 34,
    "fields": {
        "replicon": 1,
        "ref": "T",
        "alt": "C",
        "start": 13338,
        "end": 13339,
        "alignments": [
            1,
            2,
            3,
            4,
            5,
            6,
            7,
            8,
            9,
            10
        ]
    }
},
{
    "model": "rest_api.nucleotidemutation",
    "pk": 35,
    "fields": {
        "replicon": 1,
        "ref": "C",
        "alt": "T",
        "start": 14407,
        "end": 14408,
        "alignments": [
            1,
            2,
            3,
            4,
            5,
            6,
            7,
            8,
            9,
            10
        ]
    }
},
{
    "model": "rest_api.nucleotidemutation",
    "pk": 36,
    "fields": {
        "replicon": 1,
        "ref": "C",
        "alt": "T",
        "start": 15713,
        "end": 15714,
        "alignments": [
            1,
            2,
            3,
            4,
            5,
            6,
            7,
            8,
            9,
            10
        ]
    }
},
{
    "model": "rest_api.nucleotidemutation",
    "pk": 37,
    "fields": {
        "replicon": 1,
        "ref": "T",
        "alt": "A",
        "start": 15755,
        "end": 15756,
        "alignments": [
            1,
            2,
            3,
            4,
            5,
            6,
            7,
            8,
            9,
            10
        ]
    }
},
{
    "model": "rest_api.nucleotidemutation",
    "pk": 38,
    "fields": {
        "replicon": 1,
        "ref": "C",
        "alt": "T",
        "start": 15856,
        "end": 15857,
        "alignments": [
            1
        ]
    }
},
{
    "model": "rest_api.nucleotidemutation",
    "pk": 39,
    "fields": {
        "replicon": 1,
        "ref": "C",
        "alt": "T",
        "start": 17409,
        "end": 17410,
        "alignments": [
            1,
            2,
            3,
            4,
            5,
            6,
            7,
            8,
            9,
            10
        ]
    }
},
{
    "model": "rest_api.nucleotidemutation",
    "pk": 40,
    "fields": {
        "replicon": 1,
        "ref": "A",
        "alt": "G",
        "start": 18162,
        "end": 18163,
        "alignments": [
            1,
            2,
            3,
            4,
            5,
            6,
            7,
            8,
            9,
            10
        ]
    }
},
{
    "model": "rest_api.nucleotidemutation",
    "pk": 41,
    "fields": {
        "replicon": 1,
        "ref": "A",
        "alt": "G",
        "start": 18491,
        "end": 18492,
        "alignments": [
            1,
            2,
            3,
            4,
            5,
            6,
            7,
            8,
            9,
            10
        ]
    }
},
{
    "model": "rest_api.nucleotidemutation",
    "pk": 42,
    "fields": {
        "replicon": 1,
        "ref": "C",
        "alt": "T",
        "start": 18656,
        "end": 18657,
        "alignments": [
            1,
            2,
            3,
            4,
            5,
            6,
            7,
            9
        ]
    }
},
{
    "model": "rest_api.nucleotidemutation",
    "pk": 43,
    "fields": {
        "replicon": 1,
        "ref": "C",
        "alt": "T",
        "start": 18893,
        "end": 18894,
        "alignments": [
            1,
            2,
            3,
            4,
            5,
            6,
            7,
            8,
            9,
            10
        ]
    }
},
{
    "model": "rest_api.nucleotidemutation",
    "pk": 44,
    "fields": {
        "replicon": 1,
        "ref": "C",
        "alt": "T",
        "start": 19715,
        "end": 19716,
        "alignments": [
            1,
            2,
            3,
            4,
            5,
            6,
            7,
            9
        ]
    }
},
{
    "model": "rest_api.nucleotidemutation",
    "pk": 45,
    "fields": {
        "replicon": 1,
        "ref": "C",
        "alt": "T",
        "start": 19954,
        "end": 19955,
        "alignments": [
            1,
            2,
            3,
            4,
            5,
            6,
            7,
            8,
            9,
            10
        ]
    }
},
{
    "model": "rest_api.nucleotidemutation",
    "pk": 46,
    "fields": {
        "replicon": 1,
        "ref": "A",
        "alt": "G",
        "start": 20054,
        "end": 20055,
        "alignments": [
            1,
            2,
            3,
            4,
            5,
            6,
            7,
            8,
            9,
            10
        ]
    }
},
{
    "model": "rest_api.nucleotidemutation",
    "pk": 47,
    "fields": {
        "replicon": 1,
        "ref": "G",
        "alt": "GTCATGCCGCTGT",
        "start": 21607,
        "end": 21608,
        "alignments": [
            1,
            2,
            3,
            4,
            5,
            6,
            7,
            8,
            9,
            10
        ]
    }
},
{
    "model": "rest_api.nucleotidemutation",
    "pk": 48,
    "fields": {
        "replicon": 1,
        "ref": "C",
        "alt": "T",
        "start": 21617,
        "end": 21618,
        "alignments": [
            1,
            2,
            3,
            4,
            5,
            6,
            7,
            8,
            9,
            10
        ]
    }
},
{
    "model": "rest_api.nucleotidemutation",
    "pk": 49,
    "fields": {
        "replicon": 1,
        "ref": "C",
        "alt": "T",
        "start": 21621,
        "end": 21622,
        "alignments": [
            1,
            2,
            3,
            4,
            5,
            6,
            7,
            8,
            9,
            10
        ]
    }
},
{
    "model": "rest_api.nucleotidemutation",
    "pk": 50,
    "fields": {
        "replicon": 1,
        "ref": "G",
        "alt": "C",
        "start": 21623,
        "end": 21624,
        "alignments": [
            1,
            2,
            3,
            4,
            5,
            6,
            7,
            8,
            9,
            10
        ]
    }
},
{
    "model": "rest_api.nucleotidemutation",
    "pk": 51,
    "fields": {
        "replicon": 1,
        "ref": "C",
        "alt": "A",
        "start": 21626,
        "end": 21627,
        "alignments": [
            1,
            2,
            3,
            4,
            5,
            6,
            7,
            9
        ]
    }
},
{
    "model": "rest_api.nucleotidemutation",
    "pk": 52,
    "fields": {
        "replicon": 1,
        "ref": "",
        "alt": "",
        "start": 21632,
        "end": 21641,
        "alignments": [
            1,
            2,
            3,
            4,
            5,
            6,
            7,
            8,
            9,
            10
        ]
    }
},
{
    "model": "rest_api.nucleotidemutation",
    "pk": 53,
    "fields": {
        "replicon": 1,
        "ref": "C",
        "alt": "T",
        "start": 21710,
        "end": 21711,
        "alignments": [
            1,
            2,
            3,
            4,
            5,
            6,
            7,
            8,
            9,
            10
        ]
    }
},
{
    "model": "rest_api.nucleotidemutation",
    "pk": 54,
    "fields": {
        "replicon": 1,
        "ref": "T",
        "alt": "C",
        "start": 21737,
        "end": 21738,
        "alignments": [
            1,
            2,
            3,
            4,
            5,
            6,
            7,
            9
        ]
    }
},
{
    "model": "rest_api.nucleotidemutation",
    "pk": 55,
    "fields": {
        "replicon": 1,
        "ref": "",
        "alt": "",
        "start": 21764,
        "end": 21770,
        "alignments": [
            1,
            2,
            3,
            4,
            5,
            6,
            7,
            8,
            9,
            10
        ]
    }
},
{
    "model": "rest_api.nucleotidemutation",
    "pk": 56,
    "fields": {
        "replicon": 1,
        "ref": "G",
        "alt": "T",
        "start": 21940,
        "end": 21941,
        "alignments": [
            1,
            2,
            3,
            4,
            5,
            6,
            7,
            8,
            9,
            10
        ]
    }
},
{
    "model": "rest_api.nucleotidemutation",
    "pk": 57,
    "fields": {
        "replicon": 1,
        "ref": "G",
        "alt": "A",
        "start": 21986,
        "end": 21987,
        "alignments": [
            1,
            2,
            3,
            4,
            5,
            6,
            7,
            8,
            9,
            10
        ]
    }
},
{
    "model": "rest_api.nucleotidemutation",
    "pk": 58,
    "fields": {
        "replicon": 1,
        "ref": "",
        "alt": "",
        "start": 21990,
        "end": 21993,
        "alignments": [
            1,
            2,
            3,
            4,
            5,
            6,
            7,
            8,
            9,
            10
        ]
    }
},
{
    "model": "rest_api.nucleotidemutation",
    "pk": 59,
    "fields": {
        "replicon": 1,
        "ref": "T",
        "alt": "C",
        "start": 22031,
        "end": 22032,
        "alignments": [
            1,
            2,
            3,
            4,
            5,
            6,
            7,
            8,
            9,
            10
        ]
    }
},
{
    "model": "rest_api.nucleotidemutation",
    "pk": 60,
    "fields": {
        "replicon": 1,
        "ref": "C",
        "alt": "A",
        "start": 22032,
        "end": 22033,
        "alignments": [
            1,
            2,
            3,
            4,
            5,
            6,
            7,
            8,
            9,
            10
        ]
    }
},
{
    "model": "rest_api.nucleotidemutation",
    "pk": 61,
    "fields": {
        "replicon": 1,
        "ref": "A",
        "alt": "G",
        "start": 22033,
        "end": 22034,
        "alignments": [
            1,
            2,
            3,
            4,
            5,
            6,
            7,
            8,
            9,
            10
        ]
    }
},
{
    "model": "rest_api.nucleotidemutation",
    "pk": 62,
    "fields": {
        "replicon": 1,
        "ref": "",
        "alt": "",
        "start": 22193,
        "end": 22196,
        "alignments": [
            1,
            2,
            3,
            4,
            5,
            6,
            7,
            8,
            9,
            10
        ]
    }
},
{
    "model": "rest_api.nucleotidemutation",
    "pk": 63,
    "fields": {
        "replicon": 1,
        "ref": "T",
        "alt": "G",
        "start": 22199,
        "end": 22200,
        "alignments": [
            1,
            2,
            3,
            4,
            5,
            6,
            7,
            8,
            9,
            10
        ]
    }
},
{
    "model": "rest_api.nucleotidemutation",
    "pk": 64,
    "fields": {
        "replicon": 1,
        "ref": "C",
        "alt": "T",
        "start": 22207,
        "end": 22208,
        "alignments": [
            1,
            2,
            3,
            4,
            5,
            6,
            7,
            8,
            9,
            10
        ]
    }
},
{
    "model": "rest_api.nucleotidemutation",
    "pk": 65,
    "fields": {
        "replicon": 1,
        "ref": "C",
        "alt": "A",
        "start": 22294,
        "end": 22295,
        "alignments": [
            1,
            2,
            3,
            4,
            5,
            6,
            7,
            8,
            9,
            10
        ]
    }
},
{
    "model": "rest_api.nucleotidemutation",
    "pk": 66,
    "fields": {
        "replicon": 1,
        "ref": "C",
        "alt": "A",
        "start": 22352,
        "end": 22353,
        "alignments": [
            1,
            2,
            3,
            4,
            5,
            6,
            7,
            8,
            9,
            10
        ]
    }
},
{
    "model": "rest_api.nucleotidemutation",
    "pk": 67,
    "fields": {
        "replicon": 1,
        "ref": "A",
        "alt": "G",
        "start": 22555,
        "end": 22556,
        "alignments": [
            1,
            2,
            3,
            4,
            5,
            6,
            7,
            8,
            9,
            10
        ]
    }
},
{
    "model": "rest_api.nucleotidemutation",
    "pk": 68,
    "fields": {
        "replicon": 1,
        "ref": "G",
        "alt": "C",
        "start": 22576,
        "end": 22577,
        "alignments": [
            1,
            2,
            3,
            4,
            5,
            6,
            7,
            8,
            9,
            10
        ]
    }
},
{
    "model": "rest_api.nucleotidemutation",
    "pk": 69,
    "fields": {
        "replicon": 1,
        "ref": "G",
        "alt": "A",
        "start": 22577,
        "end": 22578,
        "alignments": [
            1,
            2,
            3,
            4,
            5,
            6,
            7,
            8,
            9,
            10
        ]
    }
},
{
    "model": "rest_api.nucleotidemutation",
    "pk": 70,
    "fields": {
        "replicon": 1,
        "ref": "A",
        "alt": "C",
        "start": 22628,
        "end": 22629,
        "alignments": [
            1,
            2,
            4,
            5,
            6,
            9
        ]
    }
},
{
    "model": "rest_api.nucleotidemutation",
    "pk": 71,
    "fields": {
        "replicon": 1,
        "ref": "C",
        "alt": "T",
        "start": 22673,
        "end": 22674,
        "alignments": [
            1,
            2,
            3,
            4,
            5,
            6,
            7,
            8,
            9,
            10
        ]
    }
},
{
    "model": "rest_api.nucleotidemutation",
    "pk": 72,
    "fields": {
        "replicon": 1,
        "ref": "T",
        "alt": "C",
        "start": 22678,
        "end": 22679,
        "alignments": [
            1,
            2,
            3,
            4,
            5,
            6,
            7,
            8,
            9,
            10
        ]
    }
},
{
    "model": "rest_api.nucleotidemutation",
    "pk": 73,
    "fields": {
        "replicon": 1,
        "ref": "C",
        "alt": "T",
        "start": 22685,
        "end": 22686,
        "alignments": [
            1,
            2,
            3,
            4,
            5,
            6,
            7,
            8,
            9,
            10
        ]
    }
},
{
    "model": "rest_api.nucleotidemutation",
    "pk": 74,
    "fields": {
        "replicon": 1,
        "ref": "A",
        "alt": "G",
        "start": 22687,
        "end": 22688,
        "alignments": [
            1,
            2,
            3,
            4,
            5,
            6,
            7,
            8,
            9,
            10
        ]
    }
},
{
    "model": "rest_api.nucleotidemutation",
    "pk": 75,
    "fields": {
        "replicon": 1,
        "ref": "C",
        "alt": "T",
        "start": 22711,
        "end": 22712,
        "alignments": [
            1
        ]
    }
},
{
    "model": "rest_api.nucleotidemutation",
    "pk": 76,
    "fields": {
        "replicon": 1,
        "ref": "G",
        "alt": "A",
        "start": 22769,
        "end": 22770,
        "alignments": [
            1,
            2,
            3,
            4,
            5,
            6,
            7,
            8,
            9,
            10
        ]
    }
},
{
    "model": "rest_api.nucleotidemutation",
    "pk": 77,
    "fields": {
        "replicon": 1,
        "ref": "G",
        "alt": "A",
        "start": 22774,
        "end": 22775,
        "alignments": [
            1,
            2,
            3,
            4,
            5,
            6,
            7,
            8,
            9,
            10
        ]
    }
},
{
    "model": "rest_api.nucleotidemutation",
    "pk": 78,
    "fields": {
        "replicon": 1,
        "ref": "A",
        "alt": "C",
        "start": 22785,
        "end": 22786,
        "alignments": [
            1,
            2,
            3,
            4,
            5,
            6,
            7,
            8,
            9,
            10
        ]
    }
},
{
    "model": "rest_api.nucleotidemutation",
    "pk": 79,
    "fields": {
        "replicon": 1,
        "ref": "G",
        "alt": "T",
        "start": 22812,
        "end": 22813,
        "alignments": [
            1,
            2,
            3,
            4,
            5,
            6,
            7,
            8,
            9,
            10
        ]
    }
},
{
    "model": "rest_api.nucleotidemutation",
    "pk": 80,
    "fields": {
        "replicon": 1,
        "ref": "T",
        "alt": "G",
        "start": 22881,
        "end": 22882,
        "alignments": [
            1,
            2,
            3,
            4,
            5,
            6,
            7,
            8,
            9,
            10
        ]
    }
},
{
    "model": "rest_api.nucleotidemutation",
    "pk": 81,
    "fields": {
        "replicon": 1,
        "ref": "G",
        "alt": "C",
        "start": 22894,
        "end": 22895,
        "alignments": [
            1,
            2,
            3,
            4,
            5,
            6,
            7,
            8,
            9,
            10
        ]
    }
},
{
    "model": "rest_api.nucleotidemutation",
    "pk": 82,
    "fields": {
        "replicon": 1,
        "ref": "T",
        "alt": "A",
        "start": 22895,
        "end": 22896,
        "alignments": [
            1,
            2,
            3,
            4,
            5,
            6,
            7,
            8,
            9,
            10
        ]
    }
},
{
    "model": "rest_api.nucleotidemutation",
    "pk": 83,
    "fields": {
        "replicon": 1,
        "ref": "G",
        "alt": "A",
        "start": 22897,
        "end": 22898,
        "alignments": [
            1,
            2,
            3,
            4,
            5,
            6,
            7,
            8,
            9,
            10
        ]
    }
},
{
    "model": "rest_api.nucleotidemutation",
    "pk": 84,
    "fields": {
        "replicon": 1,
        "ref": "A",
        "alt": "G",
        "start": 22909,
        "end": 22910,
        "alignments": [
            1,
            2,
            3,
            4,
            5,
            6,
            7,
            8,
            9,
            10
        ]
    }
},
{
    "model": "rest_api.nucleotidemutation",
    "pk": 85,
    "fields": {
        "replicon": 1,
        "ref": "C",
        "alt": "T",
        "start": 22915,
        "end": 22916,
        "alignments": [
            1,
            2,
            3,
            4,
            5,
            6,
            7,
            8,
            9,
            10
        ]
    }
},
{
    "model": "rest_api.nucleotidemutation",
    "pk": 86,
    "fields": {
        "replicon": 1,
        "ref": "T",
        "alt": "G",
        "start": 22916,
        "end": 22917,
        "alignments": [
            1,
            2,
            3,
            4,
            5,
            6,
            7,
            8,
            9,
            10
        ]
    }
},
{
    "model": "rest_api.nucleotidemutation",
    "pk": 87,
    "fields": {
        "replicon": 1,
        "ref": "T",
        "alt": "C",
        "start": 22925,
        "end": 22926,
        "alignments": [
            1,
            2,
            3,
            4,
            5,
            6,
            7,
            8,
            9,
            10
        ]
    }
},
{
    "model": "rest_api.nucleotidemutation",
    "pk": 88,
    "fields": {
        "replicon": 1,
        "ref": "T",
        "alt": "C",
        "start": 22927,
        "end": 22928,
        "alignments": [
            1,
            2,
            3,
            4,
            5,
            6,
            7,
            8,
            9,
            10
        ]
    }
},
{
    "model": "rest_api.nucleotidemutation",
    "pk": 89,
    "fields": {
        "replicon": 1,
        "ref": "T",
        "alt": "A",
        "start": 22941,
        "end": 22942,
        "alignments": [
            1,
            2,
            3,
            4,
            5,
            6,
            7,
            8,
            9,
            10
        ]
    }
},
{
    "model": "rest_api.nucleotidemutation",
    "pk": 90,
    "fields": {
        "replicon": 1,
        "ref": "G",
        "alt": "A",
        "start": 22991,
        "end": 22992,
        "alignments": [
            1,
            2,
            3,
            4,
            5,
            6,
            7,
            8,
            9,
            10
        ]
    }
},
{
    "model": "rest_api.nucleotidemutation",
    "pk": 91,
    "fields": {
        "replicon": 1,
        "ref": "C",
        "alt": "A",
        "start": 22994,
        "end": 22995,
        "alignments": [
            1,
            2,
            3,
            4,
            5,
            6,
            7,
            8,
            9,
            10
        ]
    }
},
{
    "model": "rest_api.nucleotidemutation",
    "pk": 92,
    "fields": {
        "replicon": 1,
        "ref": "T",
        "alt": "A",
        "start": 23004,
        "end": 23005,
        "alignments": [
            1,
            2,
            4,
            5,
            6,
            7,
            8,
            9,
            10
        ]
    }
},
{
    "model": "rest_api.nucleotidemutation",
    "pk": 93,
    "fields": {
        "replicon": 1,
        "ref": "",
        "alt": "",
        "start": 23007,
        "end": 23010,
        "alignments": [
            1,
            2,
            3,
            4,
            5,
            6,
            7,
            8,
            9,
            10
        ]
    }
},
{
    "model": "rest_api.nucleotidemutation",
    "pk": 94,
    "fields": {
        "replicon": 1,
        "ref": "G",
        "alt": "A",
        "start": 23011,
        "end": 23012,
        "alignments": [
            1,
            2,
            3,
            4,
            5,
            6,
            7,
            8,
            9,
            10
        ]
    }
},
{
    "model": "rest_api.nucleotidemutation",
    "pk": 95,
    "fields": {
        "replicon": 1,
        "ref": "T",
        "alt": "C",
        "start": 23017,
        "end": 23018,
        "alignments": [
            1,
            2,
            3,
            4,
            5,
            6,
            7,
            8,
            9,
            10
        ]
    }
},
{
    "model": "rest_api.nucleotidemutation",
    "pk": 96,
    "fields": {
        "replicon": 1,
        "ref": "T",
        "alt": "C",
        "start": 23018,
        "end": 23019,
        "alignments": [
            1,
            2,
            3,
            4,
            5,
            6,
            7,
            8,
            9,
            10
        ]
    }
},
{
    "model": "rest_api.nucleotidemutation",
    "pk": 97,
    "fields": {
        "replicon": 1,
        "ref": "C",
        "alt": "G",
        "start": 23038,
        "end": 23039,
        "alignments": [
            1,
            2,
            3,
            4,
            5,
            6,
            7,
            8,
            9,
            10
        ]
    }
},
{
    "model": "rest_api.nucleotidemutation",
    "pk": 98,
    "fields": {
        "replicon": 1,
        "ref": "A",
        "alt": "G",
        "start": 23054,
        "end": 23055,
        "alignments": [
            1,
            2,
            3,
            4,
            5,
            6,
            7,
            8,
            9,
            10
        ]
    }
},
{
    "model": "rest_api.nucleotidemutation",
    "pk": 99,
    "fields": {
        "replicon": 1,
        "ref": "A",
        "alt": "T",
        "start": 23062,
        "end": 23063,
        "alignments": [
            1,
            2,
            3,
            4,
            5,
            6,
            7,
            8,
            9,
            10
        ]
    }
},
{
    "model": "rest_api.nucleotidemutation",
    "pk": 100,
    "fields": {
        "replicon": 1,
        "ref": "T",
        "alt": "C",
        "start": 23074,
        "end": 23075,
        "alignments": [
            1,
            2,
            3,
            4,
            5,
            6,
            7,
            8,
            9,
            10
        ]
    }
},
{
    "model": "rest_api.nucleotidemutation",
    "pk": 101,
    "fields": {
        "replicon": 1,
        "ref": "G",
        "alt": "A",
        "start": 23221,
        "end": 23222,
        "alignments": [
            1,
            2,
            3,
            4,
            5,
            6,
            7,
            8,
            9,
            10
        ]
    }
},
{
    "model": "rest_api.nucleotidemutation",
    "pk": 102,
    "fields": {
        "replicon": 1,
        "ref": "C",
        "alt": "T",
        "start": 23270,
        "end": 23271,
        "alignments": [
            1,
            2,
            3,
            4,
            5,
            6,
            7,
            8,
            9,
            10
        ]
    }
},
{
    "model": "rest_api.nucleotidemutation",
    "pk": 103,
    "fields": {
        "replicon": 1,
        "ref": "A",
        "alt": "G",
        "start": 23402,
        "end": 23403,
        "alignments": [
            1,
            2,
            3,
            4,
            5,
            6,
            7,
            8,
            9,
            10
        ]
    }
},
{
    "model": "rest_api.nucleotidemutation",
    "pk": 104,
    "fields": {
        "replicon": 1,
        "ref": "C",
        "alt": "T",
        "start": 23422,
        "end": 23423,
        "alignments": [
            1,
            2,
            3,
            4,
            5,
            6,
            7,
            8,
            9,
            10
        ]
    }
},
{
    "model": "rest_api.nucleotidemutation",
    "pk": 105,
    "fields": {
        "replicon": 1,
        "ref": "C",
        "alt": "T",
        "start": 23524,
        "end": 23525,
        "alignments": [
            1,
            3,
            4,
            5,
            6,
            7,
            8,
            9,
            10
        ]
    }
},
{
    "model": "rest_api.nucleotidemutation",
    "pk": 106,
    "fields": {
        "replicon": 1,
        "ref": "T",
        "alt": "G",
        "start": 23598,
        "end": 23599,
        "alignments": [
            1,
            2,
            3,
            4,
            5,
            6,
            7,
            8,
            9,
            10
        ]
    }
},
{
    "model": "rest_api.nucleotidemutation",
    "pk": 107,
    "fields": {
        "replicon": 1,
        "ref": "C",
        "alt": "G",
        "start": 23603,
        "end": 23604,
        "alignments": [
            1,
            2,
            3,
            4,
            5,
            6,
            7,
            8,
            9,
            10
        ]
    }
},
{
    "model": "rest_api.nucleotidemutation",
    "pk": 108,
    "fields": {
        "replicon": 1,
        "ref": "C",
        "alt": "A",
        "start": 23853,
        "end": 23854,
        "alignments": [
            1,
            2,
            3,
            4,
            5,
            6,
            7,
            8,
            9,
            10
        ]
    }
},
{
    "model": "rest_api.nucleotidemutation",
    "pk": 109,
    "fields": {
        "replicon": 1,
        "ref": "G",
        "alt": "T",
        "start": 23947,
        "end": 23948,
        "alignments": [
            1,
            2,
            3,
            4,
            5,
            6,
            7,
            8,
            9,
            10
        ]
    }
},
{
    "model": "rest_api.nucleotidemutation",
    "pk": 110,
    "fields": {
        "replicon": 1,
        "ref": "C",
        "alt": "T",
        "start": 24377,
        "end": 24378,
        "alignments": [
            1,
            3,
            4,
            5,
            6,
            7,
            8,
            9,
            10
        ]
    }
},
{
    "model": "rest_api.nucleotidemutation",
    "pk": 111,
    "fields": {
        "replicon": 1,
        "ref": "A",
        "alt": "T",
        "start": 24423,
        "end": 24424,
        "alignments": [
            1,
            3,
            4,
            5,
            6,
            7,
            8,
            9,
            10
        ]
    }
},
{
    "model": "rest_api.nucleotidemutation",
    "pk": 112,
    "fields": {
        "replicon": 1,
        "ref": "T",
        "alt": "A",
        "start": 24468,
        "end": 24469,
        "alignments": [
            1,
            2,
            3,
            4,
            5,
            6,
            7,
            8,
            9,
            10
        ]
    }
},
{
    "model": "rest_api.nucleotidemutation",
    "pk": 113,
    "fields": {
        "replicon": 1,
        "ref": "G",
        "alt": "T",
        "start": 24871,
        "end": 24872,
        "alignments": [
            1,
            2,
            3,
            4,
            5,
            6,
            7,
            8,
            9,
            10
        ]
    }
},
{
    "model": "rest_api.nucleotidemutation",
    "pk": 114,
    "fields": {
        "replicon": 1,
        "ref": "C",
        "alt": "T",
        "start": 24989,
        "end": 24990,
        "alignments": [
            1,
            2,
            3,
            4,
            5,
            6,
            7,
            8,
            9,
            10
        ]
    }
},
{
    "model": "rest_api.nucleotidemutation",
    "pk": 115,
    "fields": {
        "replicon": 1,
        "ref": "C",
        "alt": "T",
        "start": 24999,
        "end": 25000,
        "alignments": [
            1,
            2,
            3,
            4,
            5,
            6,
            7,
            8,
            9,
            10
        ]
    }
},
{
    "model": "rest_api.nucleotidemutation",
    "pk": 116,
    "fields": {
        "replicon": 1,
        "ref": "C",
        "alt": "T",
        "start": 25005,
        "end": 25006,
        "alignments": [
            1,
            2,
            3,
            4,
            5,
            6,
            7,
            9
        ]
    }
},
{
    "model": "rest_api.nucleotidemutation",
    "pk": 117,
    "fields": {
        "replicon": 1,
        "ref": "C",
        "alt": "T",
        "start": 25206,
        "end": 25207,
        "alignments": [
            1,
            2,
            3,
            4,
            5,
            6,
            7,
            8,
            9,
            10
        ]
    }
},
{
    "model": "rest_api.nucleotidemutation",
    "pk": 118,
    "fields": {
        "replicon": 1,
        "ref": "C",
        "alt": "T",
        "start": 25377,
        "end": 25378,
        "alignments": [
            1
        ]
    }
},
{
    "model": "rest_api.nucleotidemutation",
    "pk": 119,
    "fields": {
        "replicon": 1,
        "ref": "C",
        "alt": "T",
        "start": 25583,
        "end": 25584,
        "alignments": [
            1,
            2,
            3,
            4,
            6,
            7,
            8,
            9,
            10
        ]
    }
},
{
    "model": "rest_api.nucleotidemutation",
    "pk": 120,
    "fields": {
        "replicon": 1,
        "ref": "C",
        "alt": "T",
        "start": 26059,
        "end": 26060,
        "alignments": [
            1,
            2,
            3,
            4,
            5,
            6,
            7,
            8,
            9,
            10
        ]
    }
},
{
    "model": "rest_api.nucleotidemutation",
    "pk": 121,
    "fields": {
        "replicon": 1,
        "ref": "C",
        "alt": "T",
        "start": 26269,
        "end": 26270,
        "alignments": [
            1,
            2,
            3,
            4,
            5,
            6,
            7,
            8,
            9,
            10
        ]
    }
},
{
    "model": "rest_api.nucleotidemutation",
    "pk": 122,
    "fields": {
        "replicon": 1,
        "ref": "G",
        "alt": "C",
        "start": 26528,
        "end": 26529,
        "alignments": [
            1,
            2,
            3,
            4,
            5,
            6,
            7,
            8,
            9,
            10
        ]
    }
},
{
    "model": "rest_api.nucleotidemutation",
    "pk": 123,
    "fields": {
        "replicon": 1,
        "ref": "C",
        "alt": "G",
        "start": 26576,
        "end": 26577,
        "alignments": [
            1,
            2,
            3,
            4,
            5,
            6,
            7,
            8,
            9,
            10
        ]
    }
},
{
    "model": "rest_api.nucleotidemutation",
    "pk": 124,
    "fields": {
        "replicon": 1,
        "ref": "A",
        "alt": "G",
        "start": 26609,
        "end": 26610,
        "alignments": [
            1,
            2,
            3,
            4,
            5,
            6,
            7,
            8,
            9,
            10
        ]
    }
},
{
    "model": "rest_api.nucleotidemutation",
    "pk": 125,
    "fields": {
        "replicon": 1,
        "ref": "C",
        "alt": "T",
        "start": 26680,
        "end": 26681,
        "alignments": [
            1,
            2,
            3,
            4,
            5,
            6,
            7,
            8,
            9,
            10
        ]
    }
},
{
    "model": "rest_api.nucleotidemutation",
    "pk": 126,
    "fields": {
        "replicon": 1,
        "ref": "G",
        "alt": "A",
        "start": 26708,
        "end": 26709,
        "alignments": [
            1,
            2,
            3,
            4,
            5,
            6,
            7,
            8,
            9,
            10
        ]
    }
},
{
    "model": "rest_api.nucleotidemutation",
    "pk": 127,
    "fields": {
        "replicon": 1,
        "ref": "C",
        "alt": "T",
        "start": 26832,
        "end": 26833,
        "alignments": [
            1,
            2,
            3,
            4,
            5,
            6,
            7,
            8,
            9,
            10
        ]
    }
},
{
    "model": "rest_api.nucleotidemutation",
    "pk": 128,
    "fields": {
        "replicon": 1,
        "ref": "C",
        "alt": "T",
        "start": 26857,
        "end": 26858,
        "alignments": [
            1,
            2,
            3,
            4,
            5,
            6,
            7,
            8,
            9,
            10
        ]
    }
},
{
    "model": "rest_api.nucleotidemutation",
    "pk": 129,
    "fields": {
        "replicon": 1,
        "ref": "A",
        "alt": "C",
        "start": 27258,
        "end": 27259,
        "alignments": [
            1,
            2,
            3,
            4,
            5,
            6,
            7,
            8,
            9,
            10
        ]
    }
},
{
    "model": "rest_api.nucleotidemutation",
    "pk": 130,
    "fields": {
        "replicon": 1,
        "ref": "G",
        "alt": "C",
        "start": 27381,
        "end": 27382,
        "alignments": [
            1,
            2,
            3,
            4,
            5,
            6,
            7,
            8,
            9,
            10
        ]
    }
},
{
    "model": "rest_api.nucleotidemutation",
    "pk": 131,
    "fields": {
        "replicon": 1,
        "ref": "A",
        "alt": "T",
        "start": 27382,
        "end": 27383,
        "alignments": [
            1,
            2,
            3,
            4,
            5,
            6,
            7,
            8,
            9,
            10
        ]
    }
},
{
    "model": "rest_api.nucleotidemutation",
    "pk": 132,
    "fields": {
        "replicon": 1,
        "ref": "T",
        "alt": "C",
        "start": 27383,
        "end": 27384,
        "alignments": [
            1,
            2,
            3,
            4,
            5,
            6,
            7,
            8,
            9,
            10
        ]
    }
},
{
    "model": "rest_api.nucleotidemutation",
    "pk": 133,
    "fields": {
        "replicon": 1,
        "ref": "C",
        "alt": "T",
        "start": 27806,
        "end": 27807,
        "alignments": [
            1,
            2,
            3,
            4,
            5,
            6,
            7,
            8,
            9,
            10
        ]
    }
},
{
    "model": "rest_api.nucleotidemutation",
    "pk": 134,
    "fields": {
        "replicon": 1,
        "ref": "T",
        "alt": "C",
        "start": 27809,
        "end": 27810,
        "alignments": [
            1,
            2,
            3,
            4,
            5,
            6,
            7,
            8,
            9,
            10
        ]
    }
},
{
    "model": "rest_api.nucleotidemutation",
    "pk": 135,
    "fields": {
        "replicon": 1,
        "ref": "A",
        "alt": "T",
        "start": 28270,
        "end": 28271,
        "alignments": [
            1,
            2,
            3,
            4,
            5,
            6,
            7,
            8,
            9,
            10
        ]
    }
},
{
    "model": "rest_api.nucleotidemutation",
    "pk": 136,
    "fields": {
        "replicon": 1,
        "ref": "C",
        "alt": "A",
        "start": 28290,
        "end": 28291,
        "alignments": [
            1,
            2,
            3,
            4,
            5,
            6,
            7,
            9
        ]
    }
},
{
    "model": "rest_api.nucleotidemutation",
    "pk": 137,
    "fields": {
        "replicon": 1,
        "ref": "C",
        "alt": "T",
        "start": 28310,
        "end": 28311,
        "alignments": [
            1,
            2,
            3,
            4,
            5,
            6,
            7,
            8,
            9,
            10
        ]
    }
},
{
    "model": "rest_api.nucleotidemutation",
    "pk": 138,
    "fields": {
        "replicon": 1,
        "ref": "",
        "alt": "",
        "start": 28361,
        "end": 28370,
        "alignments": [
            1,
            2,
            3,
            4,
            5,
            6,
            7,
            8,
            9,
            10
        ]
    }
},
{
    "model": "rest_api.nucleotidemutation",
    "pk": 139,
    "fields": {
        "replicon": 1,
        "ref": "G",
        "alt": "A",
        "start": 28880,
        "end": 28881,
        "alignments": [
            1,
            2,
            3,
            4,
            5,
            6,
            7,
            8,
            9,
            10
        ]
    }
},
{
    "model": "rest_api.nucleotidemutation",
    "pk": 140,
    "fields": {
        "replicon": 1,
        "ref": "G",
        "alt": "A",
        "start": 28881,
        "end": 28882,
        "alignments": [
            1,
            2,
            3,
            4,
            5,
            6,
            7,
            8,
            9,
            10
        ]
    }
},
{
    "model": "rest_api.nucleotidemutation",
    "pk": 141,
    "fields": {
        "replicon": 1,
        "ref": "G",
        "alt": "C",
        "start": 28882,
        "end": 28883,
        "alignments": [
            1,
            2,
            3,
            4,
            5,
            6,
            7,
            8,
            9,
            10
        ]
    }
},
{
    "model": "rest_api.nucleotidemutation",
    "pk": 142,
    "fields": {
        "replicon": 1,
        "ref": "G",
        "alt": "C",
        "start": 28883,
        "end": 28884,
        "alignments": [
            1,
            2,
            3,
            4,
            5,
            6,
            7,
            9
        ]
    }
},
{
    "model": "rest_api.nucleotidemutation",
    "pk": 143,
    "fields": {
        "replicon": 1,
        "ref": "C",
        "alt": "A",
        "start": 28957,
        "end": 28958,
        "alignments": [
            1,
            2,
            3,
            4,
            5,
            6,
            7,
            8,
            9,
            10
        ]
    }
},
{
    "model": "rest_api.nucleotidemutation",
    "pk": 144,
    "fields": {
        "replicon": 1,
        "ref": "A",
        "alt": "C",
        "start": 29509,
        "end": 29510,
        "alignments": [
            1,
            2,
            3,
            4,
            5,
            6,
            7,
            8,
            9,
            10
        ]
    }
},
{
    "model": "rest_api.nucleotidemutation",
    "pk": 145,
    "fields": {
        "replicon": 1,
        "ref": "",
        "alt": "",
        "start": 29733,
        "end": 29759,
        "alignments": [
            1,
            2,
            3,
            4,
            5,
            6,
            7,
            8,
            9,
            10
        ]
    }
},
{
    "model": "rest_api.nucleotidemutation",
    "pk": 146,
    "fields": {
        "replicon": 1,
        "ref": "G",
        "alt": "A",
        "start": 197,
        "end": 198,
        "alignments": [
            2
        ]
    }
},
{
    "model": "rest_api.nucleotidemutation",
    "pk": 147,
    "fields": {
        "replicon": 1,
        "ref": "C",
        "alt": "T",
        "start": 810,
        "end": 811,
        "alignments": [
            2
        ]
    }
},
{
    "model": "rest_api.nucleotidemutation",
    "pk": 148,
    "fields": {
        "replicon": 1,
        "ref": "C",
        "alt": "T",
        "start": 1062,
        "end": 1063,
        "alignments": [
            2
        ]
    }
},
{
    "model": "rest_api.nucleotidemutation",
    "pk": 149,
    "fields": {
        "replicon": 1,
        "ref": "G",
        "alt": "A",
        "start": 2059,
        "end": 2060,
        "alignments": [
            2,
            3,
            4,
            6,
            7
        ]
    }
},
{
    "model": "rest_api.nucleotidemutation",
    "pk": 150,
    "fields": {
        "replicon": 1,
        "ref": "C",
        "alt": "T",
        "start": 6387,
        "end": 6388,
        "alignments": [
            2
        ]
    }
},
{
    "model": "rest_api.nucleotidemutation",
    "pk": 151,
    "fields": {
        "replicon": 1,
        "ref": "C",
        "alt": "T",
        "start": 11000,
        "end": 11001,
        "alignments": [
            2
        ]
    }
},
{
    "model": "rest_api.nucleotidemutation",
    "pk": 152,
    "fields": {
        "replicon": 1,
        "ref": "C",
        "alt": "T",
        "start": 1883,
        "end": 1884,
        "alignments": [
            3
        ]
    }
},
{
    "model": "rest_api.nucleotidemutation",
    "pk": 153,
    "fields": {
        "replicon": 1,
        "ref": "C",
        "alt": "T",
        "start": 2709,
        "end": 2710,
        "alignments": [
            3
        ]
    }
},
{
    "model": "rest_api.nucleotidemutation",
    "pk": 154,
    "fields": {
        "replicon": 1,
        "ref": "C",
        "alt": "T",
        "start": 2093,
        "end": 2094,
        "alignments": [
            5
        ]
    }
},
{
    "model": "rest_api.nucleotidemutation",
    "pk": 155,
    "fields": {
        "replicon": 1,
        "ref": "C",
        "alt": "T",
        "start": 2112,
        "end": 2113,
        "alignments": [
            5
        ]
    }
},
{
    "model": "rest_api.nucleotidemutation",
    "pk": 156,
    "fields": {
        "replicon": 1,
        "ref": "C",
        "alt": "T",
        "start": 3783,
        "end": 3784,
        "alignments": [
            5
        ]
    }
},
{
    "model": "rest_api.nucleotidemutation",
    "pk": 157,
    "fields": {
        "replicon": 1,
        "ref": "A",
        "alt": "C",
        "start": 4363,
        "end": 4364,
        "alignments": [
            5
        ]
    }
},
{
    "model": "rest_api.nucleotidemutation",
    "pk": 158,
    "fields": {
        "replicon": 1,
        "ref": "C",
        "alt": "T",
        "start": 6427,
        "end": 6428,
        "alignments": [
            5
        ]
    }
},
{
    "model": "rest_api.nucleotidemutation",
    "pk": 159,
    "fields": {
        "replicon": 1,
        "ref": "T",
        "alt": "C",
        "start": 16529,
        "end": 16530,
        "alignments": [
            5
        ]
    }
},
{
    "model": "rest_api.nucleotidemutation",
    "pk": 160,
    "fields": {
        "replicon": 1,
        "ref": "T",
        "alt": "C",
        "start": 29523,
        "end": 29524,
        "alignments": [
            5
        ]
    }
},
{
    "model": "rest_api.nucleotidemutation",
    "pk": 161,
    "fields": {
        "replicon": 1,
        "ref": "T",
        "alt": "C",
        "start": 2307,
        "end": 2308,
        "alignments": [
            6
        ]
    }
},
{
    "model": "rest_api.nucleotidemutation",
    "pk": 162,
    "fields": {
        "replicon": 1,
        "ref": "A",
        "alt": "G",
        "start": 10322,
        "end": 10323,
        "alignments": [
            6
        ]
    }
},
{
    "model": "rest_api.nucleotidemutation",
    "pk": 163,
    "fields": {
        "replicon": 1,
        "ref": "T",
        "alt": "C",
        "start": 24375,
        "end": 24376,
        "alignments": [
            6
        ]
    }
},
{
    "model": "rest_api.nucleotidemutation",
    "pk": 164,
    "fields": {
        "replicon": 1,
        "ref": "A",
        "alt": "G",
        "start": 25121,
        "end": 25122,
        "alignments": [
            6
        ]
    }
},
{
    "model": "rest_api.nucleotidemutation",
    "pk": 165,
    "fields": {
        "replicon": 1,
        "ref": "T",
        "alt": "C",
        "start": 26956,
        "end": 26957,
        "alignments": [
            6
        ]
    }
},
{
    "model": "rest_api.nucleotidemutation",
    "pk": 166,
    "fields": {
        "replicon": 1,
        "ref": "C",
        "alt": "T",
        "start": 27848,
        "end": 27849,
        "alignments": [
            6
        ]
    }
},
{
    "model": "rest_api.nucleotidemutation",
    "pk": 167,
    "fields": {
        "replicon": 1,
        "ref": "",
        "alt": "",
        "start": 6517,
        "end": 6523,
        "alignments": [
            7
        ]
    }
},
{
    "model": "rest_api.nucleotidemutation",
    "pk": 168,
    "fields": {
        "replicon": 1,
        "ref": "G",
        "alt": "A",
        "start": 10159,
        "end": 10160,
        "alignments": [
            7
        ]
    }
},
{
    "model": "rest_api.nucleotidemutation",
    "pk": 169,
    "fields": {
        "replicon": 1,
        "ref": "G",
        "alt": "T",
        "start": 22225,
        "end": 22226,
        "alignments": [
            7
        ]
    }
},
{
    "model": "rest_api.nucleotidemutation",
    "pk": 170,
    "fields": {
        "replicon": 1,
        "ref": "T",
        "alt": "C",
        "start": 24891,
        "end": 24892,
        "alignments": [
            7
        ]
    }
},
{
    "model": "rest_api.nucleotidemutation",
    "pk": 171,
    "fields": {
        "replicon": 1,
        "ref": "C",
        "alt": "T",
        "start": 12615,
        "end": 12616,
        "alignments": [
            8,
            10
        ]
    }
},
{
    "model": "rest_api.nucleotidemutation",
    "pk": 172,
    "fields": {
        "replicon": 1,
        "ref": "A",
        "alt": "T",
        "start": 13120,
        "end": 13121,
        "alignments": [
            8,
            10
        ]
    }
},
{
    "model": "rest_api.nucleotidemutation",
    "pk": 173,
    "fields": {
        "replicon": 1,
        "ref": "T",
        "alt": "C",
        "start": 13230,
        "end": 13231,
        "alignments": [
            8
        ]
    }
},
{
    "model": "rest_api.nucleotidemutation",
    "pk": 174,
    "fields": {
        "replicon": 1,
        "ref": "G",
        "alt": "T",
        "start": 15371,
        "end": 15372,
        "alignments": [
            8,
            10
        ]
    }
},
{
    "model": "rest_api.nucleotidemutation",
    "pk": 175,
    "fields": {
        "replicon": 1,
        "ref": "C",
        "alt": "T",
        "start": 15395,
        "end": 15396,
        "alignments": [
            8
        ]
    }
},
{
    "model": "rest_api.nucleotidemutation",
    "pk": 176,
    "fields": {
        "replicon": 1,
        "ref": "T",
        "alt": "C",
        "start": 16223,
        "end": 16224,
        "alignments": [
            8
        ]
    }
},
{
    "model": "rest_api.nucleotidemutation",
    "pk": 177,
    "fields": {
        "replicon": 1,
        "ref": "G",
        "alt": "T",
        "start": 17333,
        "end": 17334,
        "alignments": [
            8,
            10
        ]
    }
},
{
    "model": "rest_api.nucleotidemutation",
    "pk": 178,
    "fields": {
        "replicon": 1,
        "ref": "A",
        "alt": "G",
        "start": 19721,
        "end": 19722,
        "alignments": [
            8,
            10
        ]
    }
},
{
    "model": "rest_api.nucleotidemutation",
    "pk": 179,
    "fields": {
        "replicon": 1,
        "ref": "",
        "alt": "",
        "start": 21651,
        "end": 21654,
        "alignments": [
            8,
            10
        ]
    }
},
{
    "model": "rest_api.nucleotidemutation",
    "pk": 180,
    "fields": {
        "replicon": 1,
        "ref": "C",
        "alt": "T",
        "start": 23113,
        "end": 23114,
        "alignments": [
            8
        ]
    }
},
{
    "model": "rest_api.nucleotidemutation",
    "pk": 181,
    "fields": {
        "replicon": 1,
        "ref": "A",
        "alt": "G",
        "start": 24408,
        "end": 24409,
        "alignments": [
            8
        ]
    }
},
{
    "model": "rest_api.nucleotidemutation",
    "pk": 182,
    "fields": {
        "replicon": 1,
        "ref": "C",
        "alt": "T",
        "start": 27803,
        "end": 27804,
        "alignments": [
            8
        ]
    }
},
{
    "model": "rest_api.nucleotidemutation",
    "pk": 183,
    "fields": {
        "replicon": 1,
        "ref": "G",
        "alt": "T",
        "start": 29226,
        "end": 29227,
        "alignments": [
            8
        ]
    }
},
{
    "model": "rest_api.nucleotidemutation",
    "pk": 184,
    "fields": {
        "replicon": 1,
        "ref": "A",
        "alt": "G",
        "start": 20378,
        "end": 20379,
        "alignments": [
            9
        ]
    }
},
{
    "model": "rest_api.nucleotidemutation",
    "pk": 185,
    "fields": {
        "replicon": 1,
        "ref": "C",
        "alt": "T",
        "start": 1626,
        "end": 1627,
        "alignments": [
            10
        ]
    }
},
{
    "model": "rest_api.nucleotidemutation",
    "pk": 186,
    "fields": {
        "replicon": 1,
        "ref": "C",
        "alt": "T",
        "start": 5019,
        "end": 5020,
        "alignments": [
            10
        ]
    }
},
{
    "model": "rest_api.nucleotidemutation",
    "pk": 187,
    "fields": {
        "replicon": 1,
        "ref": "C",
        "alt": "T",
        "start": 5511,
        "end": 5512,
        "alignments": [
            10
        ]
    }
},
{
    "model": "rest_api.nucleotidemutation",
    "pk": 188,
    "fields": {
        "replicon": 1,
        "ref": "G",
        "alt": "A",
        "start": 17600,
        "end": 17601,
        "alignments": [
            10
        ]
    }
},
{
    "model": "rest_api.nucleotidemutation",
    "pk": 189,
    "fields": {
        "replicon": 1,
        "ref": "A",
        "alt": "G",
        "start": 19211,
        "end": 19212,
        "alignments": [
            10
        ]
    }
},
{
    "model": "rest_api.nucleotidemutation",
    "pk": 190,
    "fields": {
        "replicon": 1,
        "ref": "A",
        "alt": "G",
        "start": 22123,
        "end": 22124,
        "alignments": [
            10
        ]
    }
},
{
    "model": "rest_api.nucleotidemutation",
    "pk": 191,
    "fields": {
        "replicon": 1,
        "ref": "G",
        "alt": "T",
        "start": 22202,
        "end": 22203,
        "alignments": [
            10
        ]
    }
},
{
    "model": "rest_api.nucleotidemutation",
    "pk": 192,
    "fields": {
        "replicon": 1,
        "ref": "G",
        "alt": "A",
        "start": 22271,
        "end": 22272,
        "alignments": [
            10
        ]
    }
},
{
    "model": "rest_api.nucleotidemutation",
    "pk": 193,
    "fields": {
        "replicon": 1,
        "ref": "G",
        "alt": "T",
        "start": 23284,
        "end": 23285,
        "alignments": [
            10
        ]
    }
},
{
    "model": "rest_api.nucleotidemutation",
    "pk": 194,
    "fields": {
        "replicon": 1,
        "ref": "C",
        "alt": "T",
        "start": 28602,
        "end": 28603,
        "alignments": [
            10
        ]
    }
},
{
    "model": "rest_api.aminoacidmutation",
    "pk": 1,
    "fields": {
        "gene": 1,
        "replicon": 1,
        "ref": "T",
        "alt": "I",
        "start": 8,
        "end": 9,
        "parent": [
            121
        ],
        "alignments": [
            1,
            2,
            3,
            4,
            5,
            6,
            7,
            8,
            9,
            10
        ]
    }
},
{
    "model": "rest_api.aminoacidmutation",
    "pk": 2,
    "fields": {
        "gene": 2,
        "replicon": 1,
        "ref": "D",
        "alt": "H",
        "start": 2,
        "end": 3,
        "parent": [
            122
        ],
        "alignments": [
            1,
            2,
            3,
            4,
            5,
            6,
            7,
            8,
            9,
            10
        ]
    }
},
{
    "model": "rest_api.aminoacidmutation",
    "pk": 3,
    "fields": {
        "gene": 2,
        "replicon": 1,
        "ref": "Q",
        "alt": "E",
        "start": 18,
        "end": 19,
        "parent": [
            123
        ],
        "alignments": [
            1,
            2,
            3,
            4,
            5,
            6,
            7,
            8,
            9,
            10
        ]
    }
},
{
    "model": "rest_api.aminoacidmutation",
    "pk": 4,
    "fields": {
        "gene": 2,
        "replicon": 1,
        "ref": "T",
        "alt": "A",
        "start": 29,
        "end": 30,
        "parent": [
            124
        ],
        "alignments": [
            1,
            2,
            3,
            4,
            5,
            6,
            7,
            8,
            9,
            10
        ]
    }
},
{
    "model": "rest_api.aminoacidmutation",
    "pk": 5,
    "fields": {
        "gene": 2,
        "replicon": 1,
        "ref": "A",
        "alt": "T",
        "start": 62,
        "end": 63,
        "parent": [
            126
        ],
        "alignments": [
            1,
            2,
            3,
            4,
            5,
            6,
            7,
            8,
            9,
            10
        ]
    }
},
{
    "model": "rest_api.aminoacidmutation",
    "pk": 6,
    "fields": {
        "gene": 2,
        "replicon": 1,
        "ref": "A",
        "alt": "V",
        "start": 103,
        "end": 104,
        "parent": [
            127
        ],
        "alignments": [
            1,
            2,
            3,
            4,
            5,
            6,
            7,
            8,
            9,
            10
        ]
    }
},
{
    "model": "rest_api.aminoacidmutation",
    "pk": 7,
    "fields": {
        "gene": 3,
        "replicon": 1,
        "ref": "P",
        "alt": "L",
        "start": 12,
        "end": 13,
        "parent": [
            137
        ],
        "alignments": [
            1,
            2,
            3,
            4,
            5,
            6,
            7,
            8,
            9,
            10
        ]
    }
},
{
    "model": "rest_api.aminoacidmutation",
    "pk": 8,
    "fields": {
        "gene": 3,
        "replicon": 1,
        "ref": "R",
        "alt": "K",
        "start": 202,
        "end": 203,
        "parent": [
            139,
            140
        ],
        "alignments": [
            1,
            2,
            3,
            4,
            5,
            6,
            7,
            8,
            9,
            10
        ]
    }
},
{
    "model": "rest_api.aminoacidmutation",
    "pk": 9,
    "fields": {
        "gene": 3,
        "replicon": 1,
        "ref": "G",
        "alt": "P",
        "start": 203,
        "end": 204,
        "parent": [],
        "alignments": [
            1,
            2,
            3,
            4,
            5,
            6,
            7,
            9
        ]
    }
},
{
    "model": "rest_api.aminoacidmutation",
    "pk": 10,
    "fields": {
        "gene": 3,
        "replicon": 1,
        "ref": "Q",
        "alt": "K",
        "start": 228,
        "end": 229,
        "parent": [
            143
        ],
        "alignments": [
            1,
            2,
            3,
            4,
            5,
            6,
            7,
            8,
            9,
            10
        ]
    }
},
{
    "model": "rest_api.aminoacidmutation",
    "pk": 11,
    "fields": {
        "gene": 3,
        "replicon": 1,
        "ref": "S",
        "alt": "R",
        "start": 412,
        "end": 413,
        "parent": [
            144
        ],
        "alignments": [
            1,
            2,
            3,
            4,
            5,
            6,
            7,
            8,
            9,
            10
        ]
    }
},
{
    "model": "rest_api.aminoacidmutation",
    "pk": 12,
    "fields": {
        "gene": 4,
        "replicon": 1,
        "ref": "H",
        "alt": "Y",
        "start": 109,
        "end": 110,
        "parent": [],
        "alignments": [
            1,
            9
        ]
    }
},
{
    "model": "rest_api.aminoacidmutation",
    "pk": 13,
    "fields": {
        "gene": 4,
        "replicon": 1,
        "ref": "S",
        "alt": "R",
        "start": 134,
        "end": 135,
        "parent": [
            3
        ],
        "alignments": [
            1,
            2,
            3,
            4,
            5,
            6,
            7,
            8,
            9,
            10
        ]
    }
},
{
    "model": "rest_api.aminoacidmutation",
    "pk": 14,
    "fields": {
        "gene": 4,
        "replicon": 1,
        "ref": "A",
        "alt": "D",
        "start": 210,
        "end": 211,
        "parent": [
            4
        ],
        "alignments": [
            1,
            2,
            3,
            4,
            5,
            6,
            7,
            8,
            9,
            10
        ]
    }
},
{
    "model": "rest_api.aminoacidmutation",
    "pk": 15,
    "fields": {
        "gene": 4,
        "replicon": 1,
        "ref": "T",
        "alt": "I",
        "start": 841,
        "end": 842,
        "parent": [
            5
        ],
        "alignments": [
            1,
            2,
            3,
            4,
            5,
            6,
            7,
            8,
            9,
            10
        ]
    }
},
{
    "model": "rest_api.aminoacidmutation",
    "pk": 16,
    "fields": {
        "gene": 4,
        "replicon": 1,
        "ref": "V",
        "alt": "L",
        "start": 1055,
        "end": 1056,
        "parent": [
            7
        ],
        "alignments": [
            1,
            3,
            4,
            5,
            6,
            7,
            8,
            9,
            10
        ]
    }
},
{
    "model": "rest_api.aminoacidmutation",
    "pk": 17,
    "fields": {
        "gene": 4,
        "replicon": 1,
        "ref": "G",
        "alt": "S",
        "start": 1306,
        "end": 1307,
        "parent": [
            10
        ],
        "alignments": [
            1,
            2,
            3,
            4,
            5,
            6,
            7,
            8,
            9,
            10
        ]
    }
},
{
    "model": "rest_api.aminoacidmutation",
    "pk": 18,
    "fields": {
        "gene": 4,
        "replicon": 1,
        "ref": "A",
        "alt": "V",
        "start": 1351,
        "end": 1352,
        "parent": [],
        "alignments": [
            1
        ]
    }
},
{
    "model": "rest_api.aminoacidmutation",
    "pk": 19,
    "fields": {
        "gene": 4,
        "replicon": 1,
        "ref": "K",
        "alt": "R",
        "start": 1972,
        "end": 1973,
        "parent": [
            14
        ],
        "alignments": [
            1,
            2,
            3,
            4,
            5,
            6,
            7,
            8,
            9,
            10
        ]
    }
},
{
    "model": "rest_api.aminoacidmutation",
    "pk": 20,
    "fields": {
        "gene": 4,
        "replicon": 1,
        "ref": "T",
        "alt": "I",
        "start": 2282,
        "end": 2283,
        "parent": [
            15
        ],
        "alignments": [
            1,
            8,
            9,
            10
        ]
    }
},
{
    "model": "rest_api.aminoacidmutation",
    "pk": 21,
    "fields": {
        "gene": 4,
        "replicon": 1,
        "ref": "N",
        "alt": "S",
        "start": 2525,
        "end": 2526,
        "parent": [
            16
        ],
        "alignments": [
            1,
            2,
            3,
            4,
            5,
            6,
            7,
            8,
            9,
            10
        ]
    }
},
{
    "model": "rest_api.aminoacidmutation",
    "pk": 22,
    "fields": {
        "gene": 4,
        "replicon": 1,
        "ref": "A",
        "alt": "T",
        "start": 2709,
        "end": 2710,
        "parent": [
            18
        ],
        "alignments": [
            1,
            2,
            3,
            4,
            5,
            6,
            7,
            8,
            9,
            10
        ]
    }
},
{
    "model": "rest_api.aminoacidmutation",
    "pk": 23,
    "fields": {
        "gene": 4,
        "replicon": 1,
        "ref": "L",
        "alt": "F",
        "start": 3026,
        "end": 3027,
        "parent": [
            20
        ],
        "alignments": [
            1,
            2,
            3,
            4,
            5,
            6,
            7,
            8,
            9,
            10
        ]
    }
},
{
    "model": "rest_api.aminoacidmutation",
    "pk": 24,
    "fields": {
        "gene": 4,
        "replicon": 1,
        "ref": "T",
        "alt": "I",
        "start": 3089,
        "end": 3090,
        "parent": [
            22
        ],
        "alignments": [
            1,
            2,
            3,
            4,
            5,
            6,
            7,
            8,
            9,
            10
        ]
    }
},
{
    "model": "rest_api.aminoacidmutation",
    "pk": 25,
    "fields": {
        "gene": 4,
        "replicon": 1,
        "ref": "T",
        "alt": "I",
        "start": 3254,
        "end": 3255,
        "parent": [
            23
        ],
        "alignments": [
            1,
            2,
            3,
            4,
            5,
            6,
            7,
            8,
            9,
            10
        ]
    }
},
{
    "model": "rest_api.aminoacidmutation",
    "pk": 26,
    "fields": {
        "gene": 4,
        "replicon": 1,
        "ref": "P",
        "alt": "H",
        "start": 3394,
        "end": 3395,
        "parent": [
            26
        ],
        "alignments": [
            1,
            2,
            3,
            4,
            5,
            6,
            7,
            8,
            9,
            10
        ]
    }
},
{
    "model": "rest_api.aminoacidmutation",
    "pk": 27,
    "fields": {
        "gene": 4,
        "replicon": 1,
        "ref": "V",
        "alt": "F",
        "start": 3592,
        "end": 3593,
        "parent": [
            27
        ],
        "alignments": [
            1,
            2,
            3,
            4,
            5,
            6,
            7,
            8,
            9,
            10
        ]
    }
},
{
    "model": "rest_api.aminoacidmutation",
    "pk": 28,
    "fields": {
        "gene": 4,
        "replicon": 1,
        "ref": "R",
        "alt": "K",
        "start": 3820,
        "end": 3821,
        "parent": [
            29
        ],
        "alignments": [
            1,
            2,
            3,
            4,
            5,
            6,
            7,
            8,
            9,
            10
        ]
    }
},
{
    "model": "rest_api.aminoacidmutation",
    "pk": 29,
    "fields": {
        "gene": 4,
        "replicon": 1,
        "ref": "K",
        "alt": "R",
        "start": 3865,
        "end": 3866,
        "parent": [],
        "alignments": [
            1
        ]
    }
},
{
    "model": "rest_api.aminoacidmutation",
    "pk": 30,
    "fields": {
        "gene": 4,
        "replicon": 1,
        "ref": "T",
        "alt": "I",
        "start": 4174,
        "end": 4175,
        "parent": [
            31
        ],
        "alignments": [
            1,
            2,
            3,
            4,
            5,
            6,
            7,
            8,
            9,
            10
        ]
    }
},
{
    "model": "rest_api.aminoacidmutation",
    "pk": 31,
    "fields": {
        "gene": 5,
        "replicon": 1,
        "ref": "P",
        "alt": "L",
        "start": 313,
        "end": 314,
        "parent": [
            35
        ],
        "alignments": [
            1,
            2,
            3,
            4,
            5,
            6,
            7,
            8,
            9,
            10
        ]
    }
},
{
    "model": "rest_api.aminoacidmutation",
    "pk": 32,
    "fields": {
        "gene": 5,
        "replicon": 1,
        "ref": "T",
        "alt": "I",
        "start": 796,
        "end": 797,
        "parent": [],
        "alignments": [
            1
        ]
    }
},
{
    "model": "rest_api.aminoacidmutation",
    "pk": 33,
    "fields": {
        "gene": 5,
        "replicon": 1,
        "ref": "R",
        "alt": "C",
        "start": 1314,
        "end": 1315,
        "parent": [
            39
        ],
        "alignments": [
            1,
            2,
            3,
            4,
            5,
            6,
            7,
            8,
            9,
            10
        ]
    }
},
{
    "model": "rest_api.aminoacidmutation",
    "pk": 34,
    "fields": {
        "gene": 5,
        "replicon": 1,
        "ref": "I",
        "alt": "V",
        "start": 1565,
        "end": 1566,
        "parent": [
            40
        ],
        "alignments": [
            1,
            2,
            3,
            4,
            5,
            6,
            7,
            8,
            9,
            10
        ]
    }
},
{
    "model": "rest_api.aminoacidmutation",
    "pk": 35,
    "fields": {
        "gene": 5,
        "replicon": 1,
        "ref": "T",
        "alt": "I",
        "start": 2162,
        "end": 2163,
        "parent": [
            45
        ],
        "alignments": [
            1,
            2,
            3,
            4,
            5,
            6,
            7,
            8,
            9,
            10
        ]
    }
},
{
    "model": "rest_api.aminoacidmutation",
    "pk": 36,
    "fields": {
        "gene": 6,
        "replicon": 1,
        "ref": "T",
        "alt": "I",
        "start": 222,
        "end": 223,
        "parent": [
            120
        ],
        "alignments": [
            1,
            2,
            3,
            4,
            5,
            6,
            7,
            8,
            9,
            10
        ]
    }
},
{
    "model": "rest_api.aminoacidmutation",
    "pk": 37,
    "fields": {
        "gene": 7,
        "replicon": 1,
        "ref": "D",
        "alt": "L",
        "start": 60,
        "end": 61,
        "parent": [
            130,
            131,
            132
        ],
        "alignments": [
            1,
            2,
            3,
            4,
            5,
            6,
            7,
            8,
            9,
            10
        ]
    }
},
{
    "model": "rest_api.aminoacidmutation",
    "pk": 38,
    "fields": {
        "gene": 9,
        "replicon": 1,
        "ref": "F",
        "alt": "L",
        "start": 18,
        "end": 19,
        "parent": [
            134
        ],
        "alignments": [
            1,
            2,
            3,
            4,
            5,
            6,
            7,
            8,
            9,
            10
        ]
    }
},
{
    "model": "rest_api.aminoacidmutation",
    "pk": 39,
    "fields": {
        "gene": 11,
        "replicon": 1,
        "ref": "P",
        "alt": "H",
        "start": 2,
        "end": 3,
        "parent": [],
        "alignments": [
            1,
            2,
            3,
            4,
            5,
            6,
            7,
            9
        ]
    }
},
{
    "model": "rest_api.aminoacidmutation",
    "pk": 40,
    "fields": {
        "gene": 11,
        "replicon": 1,
        "ref": "P",
        "alt": "S",
        "start": 9,
        "end": 10,
        "parent": [
            137
        ],
        "alignments": [
            1,
            2,
            3,
            4,
            5,
            6,
            7,
            8,
            9,
            10
        ]
    }
},
{
    "model": "rest_api.aminoacidmutation",
    "pk": 41,
    "fields": {
        "gene": 12,
        "replicon": 1,
        "ref": "V",
        "alt": "VMPLF",
        "start": 15,
        "end": 16,
        "parent": [
            47
        ],
        "alignments": [
            1,
            2,
            3,
            4,
            5,
            6,
            7,
            8,
            9,
            10
        ]
    }
},
{
    "model": "rest_api.aminoacidmutation",
    "pk": 42,
    "fields": {
        "gene": 12,
        "replicon": 1,
        "ref": "T",
        "alt": "I",
        "start": 18,
        "end": 19,
        "parent": [
            48
        ],
        "alignments": [
            1,
            2,
            3,
            4,
            5,
            6,
            7,
            8,
            9,
            10
        ]
    }
},
{
    "model": "rest_api.aminoacidmutation",
    "pk": 43,
    "fields": {
        "gene": 12,
        "replicon": 1,
        "ref": "R",
        "alt": "T",
        "start": 20,
        "end": 21,
        "parent": [
            50
        ],
        "alignments": [
            1,
            2,
            3,
            4,
            5,
            6,
            7,
            8,
            9,
            10
        ]
    }
},
{
    "model": "rest_api.aminoacidmutation",
    "pk": 44,
    "fields": {
        "gene": 12,
        "replicon": 1,
        "ref": "S",
        "alt": "L",
        "start": 49,
        "end": 50,
        "parent": [
            53
        ],
        "alignments": [
            1,
            2,
            3,
            4,
            5,
            6,
            7,
            8,
            9,
            10
        ]
    }
},
{
    "model": "rest_api.aminoacidmutation",
    "pk": 45,
    "fields": {
        "gene": 12,
        "replicon": 1,
        "ref": "F",
        "alt": "S",
        "start": 58,
        "end": 59,
        "parent": [],
        "alignments": [
            1,
            2,
            3,
            4,
            5,
            6,
            7,
            9
        ]
    }
},
{
    "model": "rest_api.aminoacidmutation",
    "pk": 46,
    "fields": {
        "gene": 12,
        "replicon": 1,
        "ref": "V",
        "alt": "F",
        "start": 126,
        "end": 127,
        "parent": [
            56
        ],
        "alignments": [
            1,
            2,
            3,
            4,
            5,
            6,
            7,
            8,
            9,
            10
        ]
    }
},
{
    "model": "rest_api.aminoacidmutation",
    "pk": 47,
    "fields": {
        "gene": 12,
        "replicon": 1,
        "ref": "G",
        "alt": "D",
        "start": 141,
        "end": 142,
        "parent": [
            57
        ],
        "alignments": [
            1,
            2,
            3,
            4,
            5,
            6,
            7,
            8,
            9,
            10
        ]
    }
},
{
    "model": "rest_api.aminoacidmutation",
    "pk": 48,
    "fields": {
        "gene": 12,
        "replicon": 1,
        "ref": "F",
        "alt": "S",
        "start": 156,
        "end": 157,
        "parent": [
            59,
            60
        ],
        "alignments": [
            1,
            2,
            3,
            4,
            5,
            6,
            7,
            8,
            9,
            10
        ]
    }
},
{
    "model": "rest_api.aminoacidmutation",
    "pk": 49,
    "fields": {
        "gene": 12,
        "replicon": 1,
        "ref": "R",
        "alt": "G",
        "start": 157,
        "end": 158,
        "parent": [
            61
        ],
        "alignments": [
            1,
            2,
            3,
            4,
            5,
            6,
            7,
            8,
            9,
            10
        ]
    }
},
{
    "model": "rest_api.aminoacidmutation",
    "pk": 50,
    "fields": {
        "gene": 12,
        "replicon": 1,
        "ref": "V",
        "alt": "G",
        "start": 212,
        "end": 213,
        "parent": [
            63
        ],
        "alignments": [
            1,
            2,
            3,
            4,
            5,
            6,
            7,
            8,
            9,
            10
        ]
    }
},
{
    "model": "rest_api.aminoacidmutation",
    "pk": 51,
    "fields": {
        "gene": 12,
        "replicon": 1,
        "ref": "L",
        "alt": "F",
        "start": 215,
        "end": 216,
        "parent": [
            64
        ],
        "alignments": [
            1,
            2,
            3,
            4,
            5,
            6,
            7,
            8,
            9,
            10
        ]
    }
},
{
    "model": "rest_api.aminoacidmutation",
    "pk": 52,
    "fields": {
        "gene": 12,
        "replicon": 1,
        "ref": "A",
        "alt": "D",
        "start": 263,
        "end": 264,
        "parent": [
            66
        ],
        "alignments": [
            1,
            2,
            3,
            4,
            5,
            6,
            7,
            8,
            9,
            10
        ]
    }
},
{
    "model": "rest_api.aminoacidmutation",
    "pk": 53,
    "fields": {
        "gene": 12,
        "replicon": 1,
        "ref": "I",
        "alt": "V",
        "start": 331,
        "end": 332,
        "parent": [
            67
        ],
        "alignments": [
            1,
            2,
            3,
            4,
            5,
            6,
            7,
            8,
            9,
            10
        ]
    }
},
{
    "model": "rest_api.aminoacidmutation",
    "pk": 54,
    "fields": {
        "gene": 12,
        "replicon": 1,
        "ref": "G",
        "alt": "H",
        "start": 338,
        "end": 339,
        "parent": [
            68,
            69
        ],
        "alignments": [
            1,
            2,
            3,
            4,
            5,
            6,
            7,
            8,
            9,
            10
        ]
    }
},
{
    "model": "rest_api.aminoacidmutation",
    "pk": 55,
    "fields": {
        "gene": 12,
        "replicon": 1,
        "ref": "K",
        "alt": "T",
        "start": 355,
        "end": 356,
        "parent": [],
        "alignments": [
            1,
            2,
            4,
            5,
            6,
            9
        ]
    }
},
{
    "model": "rest_api.aminoacidmutation",
    "pk": 56,
    "fields": {
        "gene": 12,
        "replicon": 1,
        "ref": "S",
        "alt": "F",
        "start": 370,
        "end": 371,
        "parent": [
            71
        ],
        "alignments": [
            1,
            2,
            3,
            4,
            5,
            6,
            7,
            8,
            9,
            10
        ]
    }
},
{
    "model": "rest_api.aminoacidmutation",
    "pk": 57,
    "fields": {
        "gene": 12,
        "replicon": 1,
        "ref": "S",
        "alt": "P",
        "start": 372,
        "end": 373,
        "parent": [
            72
        ],
        "alignments": [
            1,
            2,
            3,
            4,
            5,
            6,
            7,
            8,
            9,
            10
        ]
    }
},
{
    "model": "rest_api.aminoacidmutation",
    "pk": 58,
    "fields": {
        "gene": 12,
        "replicon": 1,
        "ref": "S",
        "alt": "F",
        "start": 374,
        "end": 375,
        "parent": [
            73
        ],
        "alignments": [
            1,
            2,
            3,
            4,
            5,
            6,
            7,
            8,
            9,
            10
        ]
    }
},
{
    "model": "rest_api.aminoacidmutation",
    "pk": 59,
    "fields": {
        "gene": 12,
        "replicon": 1,
        "ref": "T",
        "alt": "A",
        "start": 375,
        "end": 376,
        "parent": [
            74
        ],
        "alignments": [
            1,
            2,
            3,
            4,
            5,
            6,
            7,
            8,
            9,
            10
        ]
    }
},
{
    "model": "rest_api.aminoacidmutation",
    "pk": 60,
    "fields": {
        "gene": 12,
        "replicon": 1,
        "ref": "P",
        "alt": "S",
        "start": 383,
        "end": 384,
        "parent": [],
        "alignments": [
            1
        ]
    }
},
{
    "model": "rest_api.aminoacidmutation",
    "pk": 61,
    "fields": {
        "gene": 12,
        "replicon": 1,
        "ref": "R",
        "alt": "K",
        "start": 402,
        "end": 403,
        "parent": [
            76
        ],
        "alignments": [
            1,
            2,
            3,
            4,
            5,
            6,
            7,
            8,
            9,
            10
        ]
    }
},
{
    "model": "rest_api.aminoacidmutation",
    "pk": 62,
    "fields": {
        "gene": 12,
        "replicon": 1,
        "ref": "R",
        "alt": "S",
        "start": 407,
        "end": 408,
        "parent": [
            78
        ],
        "alignments": [
            1,
            2,
            3,
            4,
            5,
            6,
            7,
            8,
            9,
            10
        ]
    }
},
{
    "model": "rest_api.aminoacidmutation",
    "pk": 63,
    "fields": {
        "gene": 12,
        "replicon": 1,
        "ref": "N",
        "alt": "K",
        "start": 439,
        "end": 440,
        "parent": [
            80
        ],
        "alignments": [
            1,
            2,
            3,
            4,
            5,
            6,
            7,
            8,
            9,
            10
        ]
    }
},
{
    "model": "rest_api.aminoacidmutation",
    "pk": 64,
    "fields": {
        "gene": 12,
        "replicon": 1,
        "ref": "V",
        "alt": "H",
        "start": 444,
        "end": 445,
        "parent": [
            81,
            82
        ],
        "alignments": [
            1,
            2,
            3,
            4,
            5,
            6,
            7,
            8,
            9,
            10
        ]
    }
},
{
    "model": "rest_api.aminoacidmutation",
    "pk": 65,
    "fields": {
        "gene": 12,
        "replicon": 1,
        "ref": "G",
        "alt": "S",
        "start": 445,
        "end": 446,
        "parent": [
            83
        ],
        "alignments": [
            1,
            2,
            3,
            4,
            5,
            6,
            7,
            8,
            9,
            10
        ]
    }
},
{
    "model": "rest_api.aminoacidmutation",
    "pk": 66,
    "fields": {
        "gene": 12,
        "replicon": 1,
        "ref": "N",
        "alt": "D",
        "start": 449,
        "end": 450,
        "parent": [
            84
        ],
        "alignments": [
            1,
            2,
            3,
            4,
            5,
            6,
            7,
            8,
            9,
            10
        ]
    }
},
{
    "model": "rest_api.aminoacidmutation",
    "pk": 67,
    "fields": {
        "gene": 12,
        "replicon": 1,
        "ref": "L",
        "alt": "W",
        "start": 451,
        "end": 452,
        "parent": [
            85,
            86
        ],
        "alignments": [
            1,
            2,
            3,
            4,
            5,
            6,
            7,
            8,
            9,
            10
        ]
    }
},
{
    "model": "rest_api.aminoacidmutation",
    "pk": 68,
    "fields": {
        "gene": 12,
        "replicon": 1,
        "ref": "L",
        "alt": "S",
        "start": 454,
        "end": 455,
        "parent": [
            87
        ],
        "alignments": [
            1,
            2,
            3,
            4,
            5,
            6,
            7,
            8,
            9,
            10
        ]
    }
},
{
    "model": "rest_api.aminoacidmutation",
    "pk": 69,
    "fields": {
        "gene": 12,
        "replicon": 1,
        "ref": "F",
        "alt": "L",
        "start": 455,
        "end": 456,
        "parent": [
            88
        ],
        "alignments": [
            1,
            2,
            3,
            4,
            5,
            6,
            7,
            8,
            9,
            10
        ]
    }
},
{
    "model": "rest_api.aminoacidmutation",
    "pk": 70,
    "fields": {
        "gene": 12,
        "replicon": 1,
        "ref": "N",
        "alt": "K",
        "start": 459,
        "end": 460,
        "parent": [
            89
        ],
        "alignments": [
            1,
            2,
            3,
            4,
            5,
            6,
            7,
            8,
            9,
            10
        ]
    }
},
{
    "model": "rest_api.aminoacidmutation",
    "pk": 71,
    "fields": {
        "gene": 12,
        "replicon": 1,
        "ref": "T",
        "alt": "K",
        "start": 477,
        "end": 478,
        "parent": [
            91
        ],
        "alignments": [
            1,
            2,
            3,
            4,
            5,
            6,
            7,
            8,
            9,
            10
        ]
    }
},
{
    "model": "rest_api.aminoacidmutation",
    "pk": 72,
    "fields": {
        "gene": 12,
        "replicon": 1,
        "ref": "N",
        "alt": "K",
        "start": 480,
        "end": 481,
        "parent": [
            92
        ],
        "alignments": [
            1,
            2,
            4,
            5,
            6,
            7,
            8,
            9,
            10
        ]
    }
},
{
    "model": "rest_api.aminoacidmutation",
    "pk": 73,
    "fields": {
        "gene": 12,
        "replicon": 1,
        "ref": "E",
        "alt": "K",
        "start": 483,
        "end": 484,
        "parent": [
            94
        ],
        "alignments": [
            1,
            2,
            3,
            4,
            5,
            6,
            7,
            8,
            9,
            10
        ]
    }
},
{
    "model": "rest_api.aminoacidmutation",
    "pk": 74,
    "fields": {
        "gene": 12,
        "replicon": 1,
        "ref": "F",
        "alt": "P",
        "start": 485,
        "end": 486,
        "parent": [
            95,
            96
        ],
        "alignments": [
            1,
            2,
            3,
            4,
            5,
            6,
            7,
            8,
            9,
            10
        ]
    }
},
{
    "model": "rest_api.aminoacidmutation",
    "pk": 75,
    "fields": {
        "gene": 12,
        "replicon": 1,
        "ref": "Q",
        "alt": "E",
        "start": 492,
        "end": 493,
        "parent": [
            97
        ],
        "alignments": [
            1,
            2,
            3,
            4,
            5,
            6,
            7,
            8,
            9,
            10
        ]
    }
},
{
    "model": "rest_api.aminoacidmutation",
    "pk": 76,
    "fields": {
        "gene": 12,
        "replicon": 1,
        "ref": "Q",
        "alt": "R",
        "start": 497,
        "end": 498,
        "parent": [
            98
        ],
        "alignments": [
            1,
            2,
            3,
            4,
            5,
            6,
            7,
            8,
            9,
            10
        ]
    }
},
{
    "model": "rest_api.aminoacidmutation",
    "pk": 77,
    "fields": {
        "gene": 12,
        "replicon": 1,
        "ref": "N",
        "alt": "Y",
        "start": 500,
        "end": 501,
        "parent": [
            99
        ],
        "alignments": [
            1,
            2,
            3,
            4,
            5,
            6,
            7,
            8,
            9,
            10
        ]
    }
},
{
    "model": "rest_api.aminoacidmutation",
    "pk": 78,
    "fields": {
        "gene": 12,
        "replicon": 1,
        "ref": "Y",
        "alt": "H",
        "start": 504,
        "end": 505,
        "parent": [
            100
        ],
        "alignments": [
            1,
            2,
            3,
            4,
            5,
            6,
            7,
            8,
            9,
            10
        ]
    }
},
{
    "model": "rest_api.aminoacidmutation",
    "pk": 79,
    "fields": {
        "gene": 12,
        "replicon": 1,
        "ref": "E",
        "alt": "K",
        "start": 553,
        "end": 554,
        "parent": [
            101
        ],
        "alignments": [
            1,
            2,
            3,
            4,
            5,
            6,
            7,
            8,
            9,
            10
        ]
    }
},
{
    "model": "rest_api.aminoacidmutation",
    "pk": 80,
    "fields": {
        "gene": 12,
        "replicon": 1,
        "ref": "A",
        "alt": "V",
        "start": 569,
        "end": 570,
        "parent": [
            102
        ],
        "alignments": [
            1,
            2,
            3,
            4,
            5,
            6,
            7,
            8,
            9,
            10
        ]
    }
},
{
    "model": "rest_api.aminoacidmutation",
    "pk": 81,
    "fields": {
        "gene": 12,
        "replicon": 1,
        "ref": "D",
        "alt": "G",
        "start": 613,
        "end": 614,
        "parent": [
            103
        ],
        "alignments": [
            1,
            2,
            3,
            4,
            5,
            6,
            7,
            8,
            9,
            10
        ]
    }
},
{
    "model": "rest_api.aminoacidmutation",
    "pk": 82,
    "fields": {
        "gene": 12,
        "replicon": 1,
        "ref": "P",
        "alt": "S",
        "start": 620,
        "end": 621,
        "parent": [
            104
        ],
        "alignments": [
            1,
            2,
            3,
            4,
            5,
            6,
            7,
            8,
            9,
            10
        ]
    }
},
{
    "model": "rest_api.aminoacidmutation",
    "pk": 83,
    "fields": {
        "gene": 12,
        "replicon": 1,
        "ref": "H",
        "alt": "Y",
        "start": 654,
        "end": 655,
        "parent": [
            105
        ],
        "alignments": [
            1,
            3,
            4,
            5,
            6,
            7,
            8,
            9,
            10
        ]
    }
},
{
    "model": "rest_api.aminoacidmutation",
    "pk": 84,
    "fields": {
        "gene": 12,
        "replicon": 1,
        "ref": "N",
        "alt": "K",
        "start": 678,
        "end": 679,
        "parent": [
            106
        ],
        "alignments": [
            1,
            2,
            3,
            4,
            5,
            6,
            7,
            8,
            9,
            10
        ]
    }
},
{
    "model": "rest_api.aminoacidmutation",
    "pk": 85,
    "fields": {
        "gene": 12,
        "replicon": 1,
        "ref": "P",
        "alt": "R",
        "start": 680,
        "end": 681,
        "parent": [
            107
        ],
        "alignments": [
            1,
            2,
            3,
            4,
            5,
            6,
            7,
            8,
            9,
            10
        ]
    }
},
{
    "model": "rest_api.aminoacidmutation",
    "pk": 86,
    "fields": {
        "gene": 12,
        "replicon": 1,
        "ref": "N",
        "alt": "K",
        "start": 763,
        "end": 764,
        "parent": [
            108
        ],
        "alignments": [
            1,
            2,
            3,
            4,
            5,
            6,
            7,
            8,
            9,
            10
        ]
    }
},
{
    "model": "rest_api.aminoacidmutation",
    "pk": 87,
    "fields": {
        "gene": 12,
        "replicon": 1,
        "ref": "D",
        "alt": "Y",
        "start": 795,
        "end": 796,
        "parent": [
            109
        ],
        "alignments": [
            1,
            2,
            3,
            4,
            5,
            6,
            7,
            8,
            9,
            10
        ]
    }
},
{
    "model": "rest_api.aminoacidmutation",
    "pk": 88,
    "fields": {
        "gene": 12,
        "replicon": 1,
        "ref": "S",
        "alt": "F",
        "start": 938,
        "end": 939,
        "parent": [
            110
        ],
        "alignments": [
            1,
            3,
            4,
            5,
            6,
            7,
            8,
            9,
            10
        ]
    }
},
{
    "model": "rest_api.aminoacidmutation",
    "pk": 89,
    "fields": {
        "gene": 12,
        "replicon": 1,
        "ref": "Q",
        "alt": "H",
        "start": 953,
        "end": 954,
        "parent": [
            111
        ],
        "alignments": [
            1,
            3,
            4,
            5,
            6,
            7,
            8,
            9,
            10
        ]
    }
},
{
    "model": "rest_api.aminoacidmutation",
    "pk": 90,
    "fields": {
        "gene": 12,
        "replicon": 1,
        "ref": "N",
        "alt": "K",
        "start": 968,
        "end": 969,
        "parent": [
            112
        ],
        "alignments": [
            1,
            3,
            4,
            5,
            6,
            7,
            8,
            9,
            10
        ]
    }
},
{
    "model": "rest_api.aminoacidmutation",
    "pk": 91,
    "fields": {
        "gene": 12,
        "replicon": 1,
        "ref": "V",
        "alt": "L",
        "start": 1103,
        "end": 1104,
        "parent": [
            113
        ],
        "alignments": [
            1,
            2,
            3,
            4,
            5,
            6,
            7,
            8,
            9,
            10
        ]
    }
},
{
    "model": "rest_api.aminoacidmutation",
    "pk": 92,
    "fields": {
        "gene": 12,
        "replicon": 1,
        "ref": "P",
        "alt": "L",
        "start": 1142,
        "end": 1143,
        "parent": [
            114
        ],
        "alignments": [
            1,
            2,
            3,
            4,
            5,
            6,
            7,
            8,
            9,
            10
        ]
    }
},
{
    "model": "rest_api.aminoacidmutation",
    "pk": 93,
    "fields": {
        "gene": 3,
        "replicon": 1,
        "ref": "",
        "alt": "",
        "start": 30,
        "end": 32,
        "parent": [
            28
        ],
        "alignments": [
            1,
            2,
            3,
            4,
            5,
            6,
            7,
            8,
            9,
            10
        ]
    }
},
{
    "model": "rest_api.aminoacidmutation",
    "pk": 94,
    "fields": {
        "gene": 4,
        "replicon": 1,
        "ref": "",
        "alt": "",
        "start": 3674,
        "end": 3676,
        "parent": [
            28
        ],
        "alignments": [
            1,
            2,
            3,
            4,
            5,
            6,
            7,
            8,
            9,
            10
        ]
    }
},
{
    "model": "rest_api.aminoacidmutation",
    "pk": 95,
    "fields": {
        "gene": 4,
        "replicon": 1,
        "ref": "",
        "alt": "",
        "start": 3676,
        "end": 3677,
        "parent": [
            138
        ],
        "alignments": [
            1,
            2,
            3,
            4,
            5,
            6,
            7,
            8,
            9,
            10
        ]
    }
},
{
    "model": "rest_api.aminoacidmutation",
    "pk": 96,
    "fields": {
        "gene": 11,
        "replicon": 1,
        "ref": "",
        "alt": "",
        "start": 26,
        "end": 28,
        "parent": [
            138
        ],
        "alignments": [
            1,
            2,
            3,
            4,
            5,
            6,
            7,
            8,
            9,
            10
        ]
    }
},
{
    "model": "rest_api.aminoacidmutation",
    "pk": 97,
    "fields": {
        "gene": 11,
        "replicon": 1,
        "ref": "",
        "alt": "",
        "start": 28,
        "end": 29,
        "parent": [
            52
        ],
        "alignments": [
            1,
            2,
            3,
            4,
            5,
            6,
            7,
            8,
            9,
            10
        ]
    }
},
{
    "model": "rest_api.aminoacidmutation",
    "pk": 98,
    "fields": {
        "gene": 12,
        "replicon": 1,
        "ref": "",
        "alt": "",
        "start": 24,
        "end": 26,
        "parent": [
            55
        ],
        "alignments": [
            1,
            2,
            3,
            4,
            5,
            6,
            7,
            8,
            9,
            10
        ]
    }
},
{
    "model": "rest_api.aminoacidmutation",
    "pk": 99,
    "fields": {
        "gene": 12,
        "replicon": 1,
        "ref": "",
        "alt": "",
        "start": 68,
        "end": 69,
        "parent": [
            55
        ],
        "alignments": [
            1,
            2,
            3,
            4,
            5,
            6,
            7,
            8,
            9,
            10
        ]
    }
},
{
    "model": "rest_api.aminoacidmutation",
    "pk": 100,
    "fields": {
        "gene": 4,
        "replicon": 1,
        "ref": "A",
        "alt": "T",
        "start": 598,
        "end": 599,
        "parent": [],
        "alignments": [
            2,
            3,
            4,
            6,
            7
        ]
    }
},
{
    "model": "rest_api.aminoacidmutation",
    "pk": 101,
    "fields": {
        "gene": 4,
        "replicon": 1,
        "ref": "T",
        "alt": "I",
        "start": 3578,
        "end": 3579,
        "parent": [],
        "alignments": [
            2
        ]
    }
},
{
    "model": "rest_api.aminoacidmutation",
    "pk": 102,
    "fields": {
        "gene": 4,
        "replicon": 1,
        "ref": "A",
        "alt": "V",
        "start": 539,
        "end": 540,
        "parent": [],
        "alignments": [
            3
        ]
    }
},
{
    "model": "rest_api.aminoacidmutation",
    "pk": 103,
    "fields": {
        "gene": 4,
        "replicon": 1,
        "ref": "S",
        "alt": "L",
        "start": 609,
        "end": 610,
        "parent": [],
        "alignments": [
            5
        ]
    }
},
{
    "model": "rest_api.aminoacidmutation",
    "pk": 104,
    "fields": {
        "gene": 4,
        "replicon": 1,
        "ref": "I",
        "alt": "L",
        "start": 1366,
        "end": 1367,
        "parent": [],
        "alignments": [
            5
        ]
    }
},
{
    "model": "rest_api.aminoacidmutation",
    "pk": 105,
    "fields": {
        "gene": 4,
        "replicon": 1,
        "ref": "P",
        "alt": "S",
        "start": 2054,
        "end": 2055,
        "parent": [],
        "alignments": [
            5
        ]
    }
},
{
    "model": "rest_api.aminoacidmutation",
    "pk": 106,
    "fields": {
        "gene": 4,
        "replicon": 1,
        "ref": "K",
        "alt": "R",
        "start": 3352,
        "end": 3353,
        "parent": [],
        "alignments": [
            6
        ]
    }
},
{
    "model": "rest_api.aminoacidmutation",
    "pk": 107,
    "fields": {
        "gene": 9,
        "replicon": 1,
        "ref": "L",
        "alt": "F",
        "start": 31,
        "end": 32,
        "parent": [],
        "alignments": [
            6
        ]
    }
},
{
    "model": "rest_api.aminoacidmutation",
    "pk": 108,
    "fields": {
        "gene": 12,
        "replicon": 1,
        "ref": "N",
        "alt": "S",
        "start": 1186,
        "end": 1187,
        "parent": [],
        "alignments": [
            6
        ]
    }
},
{
    "model": "rest_api.aminoacidmutation",
    "pk": 109,
    "fields": {
        "gene": 4,
        "replicon": 1,
        "ref": "V",
        "alt": "I",
        "start": 3298,
        "end": 3299,
        "parent": [],
        "alignments": [
            7
        ]
    }
},
{
    "model": "rest_api.aminoacidmutation",
    "pk": 110,
    "fields": {
        "gene": 12,
        "replicon": 1,
        "ref": "A",
        "alt": "S",
        "start": 221,
        "end": 222,
        "parent": [],
        "alignments": [
            7
        ]
    }
},
{
    "model": "rest_api.aminoacidmutation",
    "pk": 111,
    "fields": {
        "gene": 4,
        "replicon": 1,
        "ref": "",
        "alt": "",
        "start": 2084,
        "end": 2086,
        "parent": [],
        "alignments": [
            7
        ]
    }
},
{
    "model": "rest_api.aminoacidmutation",
    "pk": 112,
    "fields": {
        "gene": 3,
        "replicon": 1,
        "ref": "G",
        "alt": "R",
        "start": 203,
        "end": 204,
        "parent": [
            141
        ],
        "alignments": [
            8,
            10
        ]
    }
},
{
    "model": "rest_api.aminoacidmutation",
    "pk": 113,
    "fields": {
        "gene": 4,
        "replicon": 1,
        "ref": "S",
        "alt": "C",
        "start": 4285,
        "end": 4286,
        "parent": [
            172
        ],
        "alignments": [
            8,
            10
        ]
    }
},
{
    "model": "rest_api.aminoacidmutation",
    "pk": 114,
    "fields": {
        "gene": 12,
        "replicon": 1,
        "ref": "N",
        "alt": "D",
        "start": 187,
        "end": 188,
        "parent": [
            190
        ],
        "alignments": [
            10
        ]
    }
},
{
    "model": "rest_api.aminoacidmutation",
    "pk": 115,
    "fields": {
        "gene": 12,
        "replicon": 1,
        "ref": "R",
        "alt": "L",
        "start": 213,
        "end": 214,
        "parent": [
            191
        ],
        "alignments": [
            10
        ]
    }
},
{
    "model": "rest_api.aminoacidmutation",
    "pk": 116,
    "fields": {
        "gene": 12,
        "replicon": 1,
        "ref": "R",
        "alt": "K",
        "start": 236,
        "end": 237,
        "parent": [
            192
        ],
        "alignments": [
            10
        ]
    }
},
{
    "model": "rest_api.aminoacidmutation",
    "pk": 117,
    "fields": {
        "gene": 12,
        "replicon": 1,
        "ref": "A",
        "alt": "S",
        "start": 574,
        "end": 575,
        "parent": [
            193
        ],
        "alignments": [
            10
        ]
    }
},
{
    "model": "rest_api.processingjob",
    "pk": 1,
    "fields": {
        "job_name": "cli_862b0da4-5ac8-4b5d-9668-2290fd03ba20",
        "status": "C",
        "entry_time": "2025-01-21T11:37:32.228Z"
    }
},
{
    "model": "rest_api.processingjob",
    "pk": 3,
    "fields": {
        "job_name": "cli_prop_5799a4fb-c8a4-41bd-85d4-3f8c64b9ac09",
        "status": "C",
        "entry_time": "2025-01-21T11:38:08.014Z"
    }
},
{
    "model": "rest_api.processingjob",
    "pk": 4,
    "fields": {
        "job_name": "cli_prop_a286ab7d-8257-4294-bd53-8650b115aacb",
        "status": "C",
        "entry_time": "2025-01-21T12:11:04.671Z"
    }
},
{
    "model": "rest_api.fileprocessing",
    "pk": 1,
    "fields": {
        "file_name": "2025-01-21_11-37-32.217.dddfa9.zip",
        "processing_job": 1
    }
},
{
    "model": "rest_api.fileprocessing",
    "pk": 2,
    "fields": {
        "file_name": "2025-01-21_11-37-33.249.a046eb.zip",
        "processing_job": 1
    }
},
{
    "model": "rest_api.fileprocessing",
    "pk": 3,
    "fields": {
        "file_name": "2025-01-21_11-38-08.000.cli_prop_5799a4fb-c8a4-41bd-85d4-3f8c64b9ac09.zip",
        "processing_job": 3
    }
},
{
    "model": "rest_api.fileprocessing",
    "pk": 4,
    "fields": {
        "file_name": "2025-01-21_12-11-04.655.cli_prop_a286ab7d-8257-4294-bd53-8650b115aacb.zip",
        "processing_job": 4
    }
},
{
    "model": "rest_api.importlog",
    "pk": 1,
    "fields": {
        "type": "SMP",
        "file": "2025-01-21_11-37-32.217.dddfa9.zip",
        "updated": "2025-01-21T11:37:33.110Z",
        "success": true,
        "exception_text": null,
        "stack_trace": null
    }
},
{
    "model": "rest_api.importlog",
    "pk": 2,
    "fields": {
        "type": "ANN",
        "file": "2025-01-21_11-37-33.249.a046eb.zip",
        "updated": "2025-01-21T11:37:33.783Z",
        "success": true,
        "exception_text": null,
        "stack_trace": null
    }
},
{
    "model": "rest_api.importlog",
    "pk": 3,
    "fields": {
        "type": "PTY",
        "file": "2025-01-21_11-38-08.000.cli_prop_5799a4fb-c8a4-41bd-85d4-3f8c64b9ac09.zip",
        "updated": "2025-01-21T11:38:08.612Z",
        "success": true,
        "exception_text": null,
        "stack_trace": null
    }
},
{
    "model": "rest_api.importlog",
    "pk": 4,
    "fields": {
        "type": "PTY",
        "file": "2025-01-21_12-11-04.655.cli_prop_a286ab7d-8257-4294-bd53-8650b115aacb.zip",
        "updated": "2025-01-21T12:11:05.198Z",
        "success": true,
        "exception_text": null,
        "stack_trace": null
    }
},
{
    "model": "django_apscheduler.djangojob",
    "pk": "data_import",
    "fields": {
        "next_run_time": null,
        "job_state": "gAWVSwEAAAAAAAB9lCiMB3ZlcnNpb26USwGMAmlklIwLZGF0YV9pbXBvcnSUjARmdW5jlIxAcmVzdF9hcGkubWFuYWdlbWVudC5jb21tYW5kcy5ydW5hcHNjaGVkdWxlcjpzY2hlZHVsZWRfZGF0YV9lbnRyeZSMB3RyaWdnZXKUjCtyZXN0X2FwaS5tYW5hZ2VtZW50LmNvbW1hbmRzLnJ1bmFwc2NoZWR1bGVylIwRTWFudWFsT25seVRyaWdnZXKUk5QpgZSMCGV4ZWN1dG9ylIwHZGVmYXVsdJSMBGFyZ3OUKYwGa3dhcmdzlH2UjARuYW1llIwUc2NoZWR1bGVkX2RhdGFfZW50cnmUjBJtaXNmaXJlX2dyYWNlX3RpbWWUSwGMCGNvYWxlc2NllIiMDW1heF9pbnN0YW5jZXOUSwGMDW5leHRfcnVuX3RpbWWUTnUu"
    }
},
{
    "model": "django_apscheduler.djangojob",
    "pk": "delete_old_job_executions",
    "fields": {
        "next_run_time": "2025-01-27T00:00:00Z",
        "job_state": "gAWVUwQAAAAAAAB9lCiMB3ZlcnNpb26USwGMAmlklIwZZGVsZXRlX29sZF9qb2JfZXhlY3V0aW9uc5SMBGZ1bmOUjEVyZXN0X2FwaS5tYW5hZ2VtZW50LmNvbW1hbmRzLnJ1bmFwc2NoZWR1bGVyOmRlbGV0ZV9vbGRfam9iX2V4ZWN1dGlvbnOUjAd0cmlnZ2VylIwZYXBzY2hlZHVsZXIudHJpZ2dlcnMuY3JvbpSMC0Nyb25UcmlnZ2VylJOUKYGUfZQoaAFLAowIdGltZXpvbmWUjAhidWlsdGluc5SMB2dldGF0dHKUk5SMCHpvbmVpbmZvlIwIWm9uZUluZm+Uk5SMCV91bnBpY2tsZZSGlFKUjANVVEOUSwGGlFKUjApzdGFydF9kYXRllE6MCGVuZF9kYXRllE6MBmZpZWxkc5RdlCiMIGFwc2NoZWR1bGVyLnRyaWdnZXJzLmNyb24uZmllbGRzlIwJQmFzZUZpZWxklJOUKYGUfZQojARuYW1llIwEeWVhcpSMCmlzX2RlZmF1bHSUiIwLZXhwcmVzc2lvbnOUXZSMJWFwc2NoZWR1bGVyLnRyaWdnZXJzLmNyb24uZXhwcmVzc2lvbnOUjA1BbGxFeHByZXNzaW9ulJOUKYGUfZSMBHN0ZXCUTnNiYXViaB2MCk1vbnRoRmllbGSUk5QpgZR9lChoIowFbW9udGiUaCSIaCVdlGgpKYGUfZRoLE5zYmF1YmgdjA9EYXlPZk1vbnRoRmllbGSUk5QpgZR9lChoIowDZGF5lGgkiGglXZRoKSmBlH2UaCxOc2JhdWJoHYwJV2Vla0ZpZWxklJOUKYGUfZQoaCKMBHdlZWuUaCSIaCVdlGgpKYGUfZRoLE5zYmF1YmgdjA5EYXlPZldlZWtGaWVsZJSTlCmBlH2UKGgijAtkYXlfb2Zfd2Vla5RoJIloJV2UaCeMFldlZWtkYXlSYW5nZUV4cHJlc3Npb26Uk5QpgZR9lChoLE6MBWZpcnN0lEsAjARsYXN0lEsAdWJhdWJoHymBlH2UKGgijARob3VylGgkiWglXZRoJ4wPUmFuZ2VFeHByZXNzaW9ulJOUKYGUfZQoaCxOaE9LAGhQSwB1YmF1YmgfKYGUfZQoaCKMBm1pbnV0ZZRoJIloJV2UaFYpgZR9lChoLE5oT0sAaFBLAHViYXViaB8pgZR9lChoIowGc2Vjb25klGgkiGglXZRoVimBlH2UKGgsTmhPSwBoUEsAdWJhdWJljAZqaXR0ZXKUTnVijAhleGVjdXRvcpSMB2RlZmF1bHSUjARhcmdzlCmMBmt3YXJnc5R9lGgiaAOMEm1pc2ZpcmVfZ3JhY2VfdGltZZRLAYwIY29hbGVzY2WUiIwNbWF4X2luc3RhbmNlc5RLAYwNbmV4dF9ydW5fdGltZZSMCGRhdGV0aW1llIwIZGF0ZXRpbWWUk5RDCgfpARsAAAAAAACUaBiGlFKUdS4="
    }
},
{
    "model": "auth.permission",
    "pk": 1,
    "fields": {
        "name": "Can add log entry",
        "content_type": 1,
        "codename": "add_logentry"
    }
},
{
    "model": "auth.permission",
    "pk": 2,
    "fields": {
        "name": "Can change log entry",
        "content_type": 1,
        "codename": "change_logentry"
    }
},
{
    "model": "auth.permission",
    "pk": 3,
    "fields": {
        "name": "Can delete log entry",
        "content_type": 1,
        "codename": "delete_logentry"
    }
},
{
    "model": "auth.permission",
    "pk": 4,
    "fields": {
        "name": "Can view log entry",
        "content_type": 1,
        "codename": "view_logentry"
    }
},
{
    "model": "auth.permission",
    "pk": 5,
    "fields": {
        "name": "Can add permission",
        "content_type": 2,
        "codename": "add_permission"
    }
},
{
    "model": "auth.permission",
    "pk": 6,
    "fields": {
        "name": "Can change permission",
        "content_type": 2,
        "codename": "change_permission"
    }
},
{
    "model": "auth.permission",
    "pk": 7,
    "fields": {
        "name": "Can delete permission",
        "content_type": 2,
        "codename": "delete_permission"
    }
},
{
    "model": "auth.permission",
    "pk": 8,
    "fields": {
        "name": "Can view permission",
        "content_type": 2,
        "codename": "view_permission"
    }
},
{
    "model": "auth.permission",
    "pk": 9,
    "fields": {
        "name": "Can add group",
        "content_type": 3,
        "codename": "add_group"
    }
},
{
    "model": "auth.permission",
    "pk": 10,
    "fields": {
        "name": "Can change group",
        "content_type": 3,
        "codename": "change_group"
    }
},
{
    "model": "auth.permission",
    "pk": 11,
    "fields": {
        "name": "Can delete group",
        "content_type": 3,
        "codename": "delete_group"
    }
},
{
    "model": "auth.permission",
    "pk": 12,
    "fields": {
        "name": "Can view group",
        "content_type": 3,
        "codename": "view_group"
    }
},
{
    "model": "auth.permission",
    "pk": 13,
    "fields": {
        "name": "Can add user",
        "content_type": 4,
        "codename": "add_user"
    }
},
{
    "model": "auth.permission",
    "pk": 14,
    "fields": {
        "name": "Can change user",
        "content_type": 4,
        "codename": "change_user"
    }
},
{
    "model": "auth.permission",
    "pk": 15,
    "fields": {
        "name": "Can delete user",
        "content_type": 4,
        "codename": "delete_user"
    }
},
{
    "model": "auth.permission",
    "pk": 16,
    "fields": {
        "name": "Can view user",
        "content_type": 4,
        "codename": "view_user"
    }
},
{
    "model": "auth.permission",
    "pk": 17,
    "fields": {
        "name": "Can add content type",
        "content_type": 5,
        "codename": "add_contenttype"
    }
},
{
    "model": "auth.permission",
    "pk": 18,
    "fields": {
        "name": "Can change content type",
        "content_type": 5,
        "codename": "change_contenttype"
    }
},
{
    "model": "auth.permission",
    "pk": 19,
    "fields": {
        "name": "Can delete content type",
        "content_type": 5,
        "codename": "delete_contenttype"
    }
},
{
    "model": "auth.permission",
    "pk": 20,
    "fields": {
        "name": "Can view content type",
        "content_type": 5,
        "codename": "view_contenttype"
    }
},
{
    "model": "auth.permission",
    "pk": 21,
    "fields": {
        "name": "Can add session",
        "content_type": 6,
        "codename": "add_session"
    }
},
{
    "model": "auth.permission",
    "pk": 22,
    "fields": {
        "name": "Can change session",
        "content_type": 6,
        "codename": "change_session"
    }
},
{
    "model": "auth.permission",
    "pk": 23,
    "fields": {
        "name": "Can delete session",
        "content_type": 6,
        "codename": "delete_session"
    }
},
{
    "model": "auth.permission",
    "pk": 24,
    "fields": {
        "name": "Can view session",
        "content_type": 6,
        "codename": "view_session"
    }
},
{
    "model": "auth.permission",
    "pk": 25,
    "fields": {
        "name": "Can add alignment",
        "content_type": 7,
        "codename": "add_alignment"
    }
},
{
    "model": "auth.permission",
    "pk": 26,
    "fields": {
        "name": "Can change alignment",
        "content_type": 7,
        "codename": "change_alignment"
    }
},
{
    "model": "auth.permission",
    "pk": 27,
    "fields": {
        "name": "Can delete alignment",
        "content_type": 7,
        "codename": "delete_alignment"
    }
},
{
    "model": "auth.permission",
    "pk": 28,
    "fields": {
        "name": "Can view alignment",
        "content_type": 7,
        "codename": "view_alignment"
    }
},
{
    "model": "auth.permission",
    "pk": 29,
    "fields": {
        "name": "Can add annotation type",
        "content_type": 8,
        "codename": "add_annotationtype"
    }
},
{
    "model": "auth.permission",
    "pk": 30,
    "fields": {
        "name": "Can change annotation type",
        "content_type": 8,
        "codename": "change_annotationtype"
    }
},
{
    "model": "auth.permission",
    "pk": 31,
    "fields": {
        "name": "Can delete annotation type",
        "content_type": 8,
        "codename": "delete_annotationtype"
    }
},
{
    "model": "auth.permission",
    "pk": 32,
    "fields": {
        "name": "Can view annotation type",
        "content_type": 8,
        "codename": "view_annotationtype"
    }
},
{
    "model": "auth.permission",
    "pk": 33,
    "fields": {
        "name": "Can add property",
        "content_type": 9,
        "codename": "add_property"
    }
},
{
    "model": "auth.permission",
    "pk": 34,
    "fields": {
        "name": "Can change property",
        "content_type": 9,
        "codename": "change_property"
    }
},
{
    "model": "auth.permission",
    "pk": 35,
    "fields": {
        "name": "Can delete property",
        "content_type": 9,
        "codename": "delete_property"
    }
},
{
    "model": "auth.permission",
    "pk": 36,
    "fields": {
        "name": "Can view property",
        "content_type": 9,
        "codename": "view_property"
    }
},
{
    "model": "auth.permission",
    "pk": 37,
    "fields": {
        "name": "Can add sequence",
        "content_type": 10,
        "codename": "add_sequence"
    }
},
{
    "model": "auth.permission",
    "pk": 38,
    "fields": {
        "name": "Can change sequence",
        "content_type": 10,
        "codename": "change_sequence"
    }
},
{
    "model": "auth.permission",
    "pk": 39,
    "fields": {
        "name": "Can delete sequence",
        "content_type": 10,
        "codename": "delete_sequence"
    }
},
{
    "model": "auth.permission",
    "pk": 40,
    "fields": {
        "name": "Can view sequence",
        "content_type": 10,
        "codename": "view_sequence"
    }
},
{
    "model": "auth.permission",
    "pk": 41,
    "fields": {
        "name": "Can add sample",
        "content_type": 11,
        "codename": "add_sample"
    }
},
{
    "model": "auth.permission",
    "pk": 42,
    "fields": {
        "name": "Can change sample",
        "content_type": 11,
        "codename": "change_sample"
    }
},
{
    "model": "auth.permission",
    "pk": 43,
    "fields": {
        "name": "Can delete sample",
        "content_type": 11,
        "codename": "delete_sample"
    }
},
{
    "model": "auth.permission",
    "pk": 44,
    "fields": {
        "name": "Can view sample",
        "content_type": 11,
        "codename": "view_sample"
    }
},
{
    "model": "auth.permission",
    "pk": 45,
    "fields": {
        "name": "Can add reference",
        "content_type": 12,
        "codename": "add_reference"
    }
},
{
    "model": "auth.permission",
    "pk": 46,
    "fields": {
        "name": "Can change reference",
        "content_type": 12,
        "codename": "change_reference"
    }
},
{
    "model": "auth.permission",
    "pk": 47,
    "fields": {
        "name": "Can delete reference",
        "content_type": 12,
        "codename": "delete_reference"
    }
},
{
    "model": "auth.permission",
    "pk": 48,
    "fields": {
        "name": "Can view reference",
        "content_type": 12,
        "codename": "view_reference"
    }
},
{
    "model": "auth.permission",
    "pk": 49,
    "fields": {
        "name": "Can add sample2 property",
        "content_type": 13,
        "codename": "add_sample2property"
    }
},
{
    "model": "auth.permission",
    "pk": 50,
    "fields": {
        "name": "Can change sample2 property",
        "content_type": 13,
        "codename": "change_sample2property"
    }
},
{
    "model": "auth.permission",
    "pk": 51,
    "fields": {
        "name": "Can delete sample2 property",
        "content_type": 13,
        "codename": "delete_sample2property"
    }
},
{
    "model": "auth.permission",
    "pk": 52,
    "fields": {
        "name": "Can view sample2 property",
        "content_type": 13,
        "codename": "view_sample2property"
    }
},
{
    "model": "auth.permission",
    "pk": 53,
    "fields": {
        "name": "Can add gene",
        "content_type": 14,
        "codename": "add_gene"
    }
},
{
    "model": "auth.permission",
    "pk": 54,
    "fields": {
        "name": "Can change gene",
        "content_type": 14,
        "codename": "change_gene"
    }
},
{
    "model": "auth.permission",
    "pk": 55,
    "fields": {
        "name": "Can delete gene",
        "content_type": 14,
        "codename": "delete_gene"
    }
},
{
    "model": "auth.permission",
    "pk": 56,
    "fields": {
        "name": "Can view gene",
        "content_type": 14,
        "codename": "view_gene"
    }
},
{
    "model": "auth.permission",
    "pk": 57,
    "fields": {
        "name": "Can add replicon",
        "content_type": 15,
        "codename": "add_replicon"
    }
},
{
    "model": "auth.permission",
    "pk": 58,
    "fields": {
        "name": "Can change replicon",
        "content_type": 15,
        "codename": "change_replicon"
    }
},
{
    "model": "auth.permission",
    "pk": 59,
    "fields": {
        "name": "Can delete replicon",
        "content_type": 15,
        "codename": "delete_replicon"
    }
},
{
    "model": "auth.permission",
    "pk": 60,
    "fields": {
        "name": "Can view replicon",
        "content_type": 15,
        "codename": "view_replicon"
    }
},
{
    "model": "auth.permission",
    "pk": 61,
    "fields": {
        "name": "Can add gene segment",
        "content_type": 16,
        "codename": "add_genesegment"
    }
},
{
    "model": "auth.permission",
    "pk": 62,
    "fields": {
        "name": "Can change gene segment",
        "content_type": 16,
        "codename": "change_genesegment"
    }
},
{
    "model": "auth.permission",
    "pk": 63,
    "fields": {
        "name": "Can delete gene segment",
        "content_type": 16,
        "codename": "delete_genesegment"
    }
},
{
    "model": "auth.permission",
    "pk": 64,
    "fields": {
        "name": "Can view gene segment",
        "content_type": 16,
        "codename": "view_genesegment"
    }
},
{
    "model": "auth.permission",
    "pk": 65,
    "fields": {
        "name": "Can add lineage",
        "content_type": 17,
        "codename": "add_lineage"
    }
},
{
    "model": "auth.permission",
    "pk": 66,
    "fields": {
        "name": "Can change lineage",
        "content_type": 17,
        "codename": "change_lineage"
    }
},
{
    "model": "auth.permission",
    "pk": 67,
    "fields": {
        "name": "Can delete lineage",
        "content_type": 17,
        "codename": "delete_lineage"
    }
},
{
    "model": "auth.permission",
    "pk": 68,
    "fields": {
        "name": "Can view lineage",
        "content_type": 17,
        "codename": "view_lineage"
    }
},
{
    "model": "auth.permission",
    "pk": 69,
    "fields": {
        "name": "Can add import log",
        "content_type": 18,
        "codename": "add_importlog"
    }
},
{
    "model": "auth.permission",
    "pk": 70,
    "fields": {
        "name": "Can change import log",
        "content_type": 18,
        "codename": "change_importlog"
    }
},
{
    "model": "auth.permission",
    "pk": 71,
    "fields": {
        "name": "Can delete import log",
        "content_type": 18,
        "codename": "delete_importlog"
    }
},
{
    "model": "auth.permission",
    "pk": 72,
    "fields": {
        "name": "Can view import log",
        "content_type": 18,
        "codename": "view_importlog"
    }
},
{
    "model": "auth.permission",
    "pk": 73,
    "fields": {
        "name": "Can add file processing",
        "content_type": 19,
        "codename": "add_fileprocessing"
    }
},
{
    "model": "auth.permission",
    "pk": 74,
    "fields": {
        "name": "Can change file processing",
        "content_type": 19,
        "codename": "change_fileprocessing"
    }
},
{
    "model": "auth.permission",
    "pk": 75,
    "fields": {
        "name": "Can delete file processing",
        "content_type": 19,
        "codename": "delete_fileprocessing"
    }
},
{
    "model": "auth.permission",
    "pk": 76,
    "fields": {
        "name": "Can view file processing",
        "content_type": 19,
        "codename": "view_fileprocessing"
    }
},
{
    "model": "auth.permission",
    "pk": 77,
    "fields": {
        "name": "Can add processing job",
        "content_type": 20,
        "codename": "add_processingjob"
    }
},
{
    "model": "auth.permission",
    "pk": 78,
    "fields": {
        "name": "Can change processing job",
        "content_type": 20,
        "codename": "change_processingjob"
    }
},
{
    "model": "auth.permission",
    "pk": 79,
    "fields": {
        "name": "Can delete processing job",
        "content_type": 20,
        "codename": "delete_processingjob"
    }
},
{
    "model": "auth.permission",
    "pk": 80,
    "fields": {
        "name": "Can view processing job",
        "content_type": 20,
        "codename": "view_processingjob"
    }
},
{
    "model": "auth.permission",
    "pk": 81,
    "fields": {
        "name": "Can add nucleotide mutation",
        "content_type": 21,
        "codename": "add_nucleotidemutation"
    }
},
{
    "model": "auth.permission",
    "pk": 82,
    "fields": {
        "name": "Can change nucleotide mutation",
        "content_type": 21,
        "codename": "change_nucleotidemutation"
    }
},
{
    "model": "auth.permission",
    "pk": 83,
    "fields": {
        "name": "Can delete nucleotide mutation",
        "content_type": 21,
        "codename": "delete_nucleotidemutation"
    }
},
{
    "model": "auth.permission",
    "pk": 84,
    "fields": {
        "name": "Can view nucleotide mutation",
        "content_type": 21,
        "codename": "view_nucleotidemutation"
    }
},
{
    "model": "auth.permission",
    "pk": 85,
    "fields": {
        "name": "Can add amino acid mutation",
        "content_type": 22,
        "codename": "add_aminoacidmutation"
    }
},
{
    "model": "auth.permission",
    "pk": 86,
    "fields": {
        "name": "Can change amino acid mutation",
        "content_type": 22,
        "codename": "change_aminoacidmutation"
    }
},
{
    "model": "auth.permission",
    "pk": 87,
    "fields": {
        "name": "Can delete amino acid mutation",
        "content_type": 22,
        "codename": "delete_aminoacidmutation"
    }
},
{
    "model": "auth.permission",
    "pk": 88,
    "fields": {
        "name": "Can view amino acid mutation",
        "content_type": 22,
        "codename": "view_aminoacidmutation"
    }
},
{
    "model": "auth.permission",
    "pk": 89,
    "fields": {
        "name": "Can add django job",
        "content_type": 23,
        "codename": "add_djangojob"
    }
},
{
    "model": "auth.permission",
    "pk": 90,
    "fields": {
        "name": "Can change django job",
        "content_type": 23,
        "codename": "change_djangojob"
    }
},
{
    "model": "auth.permission",
    "pk": 91,
    "fields": {
        "name": "Can delete django job",
        "content_type": 23,
        "codename": "delete_djangojob"
    }
},
{
    "model": "auth.permission",
    "pk": 92,
    "fields": {
        "name": "Can view django job",
        "content_type": 23,
        "codename": "view_djangojob"
    }
},
{
    "model": "auth.permission",
    "pk": 93,
    "fields": {
        "name": "Can add django job execution",
        "content_type": 24,
        "codename": "add_djangojobexecution"
    }
},
{
    "model": "auth.permission",
    "pk": 94,
    "fields": {
        "name": "Can change django job execution",
        "content_type": 24,
        "codename": "change_djangojobexecution"
    }
},
{
    "model": "auth.permission",
    "pk": 95,
    "fields": {
        "name": "Can delete django job execution",
        "content_type": 24,
        "codename": "delete_djangojobexecution"
    }
},
{
    "model": "auth.permission",
    "pk": 96,
    "fields": {
        "name": "Can view django job execution",
        "content_type": 24,
        "codename": "view_djangojobexecution"
    }
},
{
    "model": "auth.user",
    "pk": 1,
    "fields": {
        "password": "pbkdf2_sha256$870000$sWVZpUAaK3z5JSnPZBVVKQ$7SrMBdwH3Ngv+85oWDW8qx4zReL091Pz15fsQASGNHE=",
        "last_login": null,
        "is_superuser": true,
        "username": "root",
        "first_name": "",
        "last_name": "",
        "email": "",
        "is_staff": true,
        "is_active": true,
        "date_joined": "2025-01-21T11:47:39.012Z",
        "groups": [],
        "user_permissions": []
    }
}
]
